dataset_id,filename,column,data_type,unit,definition
mechanism.head_ablation.arm_summary,mechanism__head_ablation__arm_summary.csv,batch,text,label,Verbatim source label or explicit export label; not a numeric measurement.
mechanism.head_ablation.arm_summary,mechanism__head_ablation__arm_summary.csv,arm,text,label,Verbatim source label or explicit export label; not a numeric measurement.
mechanism.head_ablation.arm_summary,mechanism__head_ablation__arm_summary.csv,label,text,label,Verbatim source label or explicit export label; not a numeric measurement.
mechanism.head_ablation.arm_summary,mechanism__head_ablation__arm_summary.csv,horizon,number,epochs,Registered completed-epoch endpoint; plateau5 uses horizon-5 through horizon-1.
mechanism.head_ablation.arm_summary,mechanism__head_ablation__arm_summary.csv,group_count,all blank / unavailable,count,"Tensor, group, coordinate, or block count as named; do not interchange tensor count and coordinate mass."
mechanism.head_ablation.arm_summary,mechanism__head_ablation__arm_summary.csv,normalized_tensor_count_entropy,all blank / unavailable,dimensionless,Supplied normalized tensor-count entropy; not parameter-mass balance.
mechanism.head_ablation.arm_summary,mechanism__head_ablation__arm_summary.csv,r,all blank / unavailable,test accuracy percent; differences and SD/SE in percentage points,Supplied flat evidence field; exact quantity is specified by the dataset metric and scope.
mechanism.head_ablation.arm_summary,mechanism__head_ablation__arm_summary.csv,meta_stepsize,all blank / unavailable,test accuracy percent; differences and SD/SE in percentage points,Supplied flat evidence field; exact quantity is specified by the dataset metric and scope.
mechanism.head_ablation.arm_summary,mechanism__head_ablation__arm_summary.csv,meta_optimizer,all blank / unavailable,label,Verbatim source label or explicit export label; not a numeric measurement.
mechanism.head_ablation.arm_summary,mechanism__head_ablation__arm_summary.csv,capture_fraction,number,fraction,(arm mean - in-batch scalar mean)/(in-batch layerwise mean - scalar mean).
mechanism.head_ablation.arm_summary,mechanism__head_ablation__arm_summary.csv,plateau_window_start_epoch,number,test accuracy percent; differences and SD/SE in percentage points,Supplied flat evidence field; exact quantity is specified by the dataset metric and scope.
mechanism.head_ablation.arm_summary,mechanism__head_ablation__arm_summary.csv,plateau_window_end_epoch,number,test accuracy percent; differences and SD/SE in percentage points,Supplied flat evidence field; exact quantity is specified by the dataset metric and scope.
mechanism.head_ablation.arm_summary,mechanism__head_ablation__arm_summary.csv,config_network,text,configuration,Original run configuration field; missing/unknown legacy values are retained.
mechanism.head_ablation.arm_summary,mechanism__head_ablation__arm_summary.csv,config_dataset,text,configuration,Original run configuration field; missing/unknown legacy values are retained.
mechanism.head_ablation.arm_summary,mechanism__head_ablation__arm_summary.csv,config_batch_size,text,configuration,Original run configuration field; missing/unknown legacy values are retained.
mechanism.head_ablation.arm_summary,mechanism__head_ablation__arm_summary.csv,config_granularity,text,configuration,Original run configuration field; missing/unknown legacy values are retained.
mechanism.head_ablation.arm_summary,mechanism__head_ablation__arm_summary.csv,config_base,text,configuration,Original run configuration field; missing/unknown legacy values are retained.
mechanism.head_ablation.arm_summary,mechanism__head_ablation__arm_summary.csv,config_meta,text,configuration,Original run configuration field; missing/unknown legacy values are retained.
mechanism.head_ablation.arm_summary,mechanism__head_ablation__arm_summary.csv,config_meta_stepsize,text,configuration,Original run configuration field; missing/unknown legacy values are retained.
mechanism.head_ablation.arm_summary,mechanism__head_ablation__arm_summary.csv,config_alpha0,text,configuration,Original run configuration field; missing/unknown legacy values are retained.
mechanism.head_ablation.arm_summary,mechanism__head_ablation__arm_summary.csv,config_gamma,text,configuration,Original run configuration field; missing/unknown legacy values are retained.
mechanism.head_ablation.arm_summary,mechanism__head_ablation__arm_summary.csv,config_augment,text,configuration,Original run configuration field; missing/unknown legacy values are retained.
mechanism.head_ablation.arm_summary,mechanism__head_ablation__arm_summary.csv,config_beta_clip,text,configuration,Original run configuration field; missing/unknown legacy values are retained.
mechanism.head_ablation.arm_summary,mechanism__head_ablation__arm_summary.csv,config_hier,all blank / unavailable,configuration,Original run configuration field; missing/unknown legacy values are retained.
mechanism.head_ablation.arm_summary,mechanism__head_ablation__arm_summary.csv,config_lam,text,configuration,Original run configuration field; missing/unknown legacy values are retained.
mechanism.head_ablation.arm_summary,mechanism__head_ablation__arm_summary.csv,config_eta_ratio,text,configuration,Original run configuration field; missing/unknown legacy values are retained.
mechanism.head_ablation.arm_summary,mechanism__head_ablation__arm_summary.csv,config_epochs_requested,text,configuration,Original run configuration field; missing/unknown legacy values are retained.
mechanism.head_ablation.arm_summary,mechanism__head_ablation__arm_summary.csv,test_percent_n,number,training seeds,Number of per-seed plateau5 values in this arm.
mechanism.head_ablation.arm_summary,mechanism__head_ablation__arm_summary.csv,test_percent_mean,number,accuracy percent,Supplied mean of per-seed plateau5; SD uses ddof=1 and SE uses SD/sqrt(n).
mechanism.head_ablation.arm_summary,mechanism__head_ablation__arm_summary.csv,test_percent_sd,number,accuracy percentage points,Supplied sd of per-seed plateau5; SD uses ddof=1 and SE uses SD/sqrt(n).
mechanism.head_ablation.arm_summary,mechanism__head_ablation__arm_summary.csv,test_percent_se,number,accuracy percentage points,Supplied se of per-seed plateau5; SD uses ddof=1 and SE uses SD/sqrt(n).
mechanism.head_ablation.arm_summary,mechanism__head_ablation__arm_summary.csv,test_percent_min,number,accuracy percent,Supplied min of per-seed plateau5; SD uses ddof=1 and SE uses SD/sqrt(n).
mechanism.head_ablation.arm_summary,mechanism__head_ablation__arm_summary.csv,test_percent_max,number,accuracy percent,Supplied max of per-seed plateau5; SD uses ddof=1 and SE uses SD/sqrt(n).
mechanism.head_ablation.arm_summary,mechanism__head_ablation__arm_summary.csv,train_percent_n,number,training seeds,Number of per-seed plateau5 values in this arm.
mechanism.head_ablation.arm_summary,mechanism__head_ablation__arm_summary.csv,train_percent_mean,number,accuracy percent,Supplied mean of per-seed plateau5; SD uses ddof=1 and SE uses SD/sqrt(n).
mechanism.head_ablation.arm_summary,mechanism__head_ablation__arm_summary.csv,train_percent_sd,number,accuracy percentage points,Supplied sd of per-seed plateau5; SD uses ddof=1 and SE uses SD/sqrt(n).
mechanism.head_ablation.arm_summary,mechanism__head_ablation__arm_summary.csv,train_percent_se,number,accuracy percentage points,Supplied se of per-seed plateau5; SD uses ddof=1 and SE uses SD/sqrt(n).
mechanism.head_ablation.arm_summary,mechanism__head_ablation__arm_summary.csv,train_percent_min,number,accuracy percent,Supplied min of per-seed plateau5; SD uses ddof=1 and SE uses SD/sqrt(n).
mechanism.head_ablation.arm_summary,mechanism__head_ablation__arm_summary.csv,train_percent_max,number,accuracy percent,Supplied max of per-seed plateau5; SD uses ddof=1 and SE uses SD/sqrt(n).
mechanism.head_ablation.arm_summary,mechanism__head_ablation__arm_summary.csv,source_ids,text,identifier,Join with sources.csv; vertical bars separate multiple source IDs.
mechanism.head_ablation.arm_summary,mechanism__head_ablation__arm_summary.csv,scope,text,text,Scientific scope and restrictions for this dataset.
mechanism.head_ablation.arm_summary,mechanism__head_ablation__arm_summary.csv,units,text,text,Units for the numeric metrics in this row; detailed fields are defined here.
mechanism.head_ablation.per_seed,mechanism__head_ablation__per_seed.csv,batch,text,label,Verbatim source label or explicit export label; not a numeric measurement.
mechanism.head_ablation.per_seed,mechanism__head_ablation__per_seed.csv,arm,text,label,Verbatim source label or explicit export label; not a numeric measurement.
mechanism.head_ablation.per_seed,mechanism__head_ablation__per_seed.csv,label,text,label,Verbatim source label or explicit export label; not a numeric measurement.
mechanism.head_ablation.per_seed,mechanism__head_ablation__per_seed.csv,horizon,number,epochs,Registered completed-epoch endpoint; plateau5 uses horizon-5 through horizon-1.
mechanism.head_ablation.per_seed,mechanism__head_ablation__per_seed.csv,group_count,all blank / unavailable,count,"Tensor, group, coordinate, or block count as named; do not interchange tensor count and coordinate mass."
mechanism.head_ablation.per_seed,mechanism__head_ablation__per_seed.csv,normalized_tensor_count_entropy,all blank / unavailable,dimensionless,Supplied normalized tensor-count entropy; not parameter-mass balance.
mechanism.head_ablation.per_seed,mechanism__head_ablation__per_seed.csv,r,all blank / unavailable,test accuracy percent; differences and SD/SE in percentage points,Supplied flat evidence field; exact quantity is specified by the dataset metric and scope.
mechanism.head_ablation.per_seed,mechanism__head_ablation__per_seed.csv,meta_stepsize,all blank / unavailable,test accuracy percent; differences and SD/SE in percentage points,Supplied flat evidence field; exact quantity is specified by the dataset metric and scope.
mechanism.head_ablation.per_seed,mechanism__head_ablation__per_seed.csv,meta_optimizer,all blank / unavailable,label,Verbatim source label or explicit export label; not a numeric measurement.
mechanism.head_ablation.per_seed,mechanism__head_ablation__per_seed.csv,capture_fraction,number,fraction,(arm mean - in-batch scalar mean)/(in-batch layerwise mean - scalar mean).
mechanism.head_ablation.per_seed,mechanism__head_ablation__per_seed.csv,plateau_window_start_epoch,number,test accuracy percent; differences and SD/SE in percentage points,Supplied flat evidence field; exact quantity is specified by the dataset metric and scope.
mechanism.head_ablation.per_seed,mechanism__head_ablation__per_seed.csv,plateau_window_end_epoch,number,test accuracy percent; differences and SD/SE in percentage points,Supplied flat evidence field; exact quantity is specified by the dataset metric and scope.
mechanism.head_ablation.per_seed,mechanism__head_ablation__per_seed.csv,config_network,text,configuration,Original run configuration field; missing/unknown legacy values are retained.
mechanism.head_ablation.per_seed,mechanism__head_ablation__per_seed.csv,config_dataset,text,configuration,Original run configuration field; missing/unknown legacy values are retained.
mechanism.head_ablation.per_seed,mechanism__head_ablation__per_seed.csv,config_batch_size,text,configuration,Original run configuration field; missing/unknown legacy values are retained.
mechanism.head_ablation.per_seed,mechanism__head_ablation__per_seed.csv,config_granularity,text,configuration,Original run configuration field; missing/unknown legacy values are retained.
mechanism.head_ablation.per_seed,mechanism__head_ablation__per_seed.csv,config_base,text,configuration,Original run configuration field; missing/unknown legacy values are retained.
mechanism.head_ablation.per_seed,mechanism__head_ablation__per_seed.csv,config_meta,text,configuration,Original run configuration field; missing/unknown legacy values are retained.
mechanism.head_ablation.per_seed,mechanism__head_ablation__per_seed.csv,config_meta_stepsize,text,configuration,Original run configuration field; missing/unknown legacy values are retained.
mechanism.head_ablation.per_seed,mechanism__head_ablation__per_seed.csv,config_alpha0,text,configuration,Original run configuration field; missing/unknown legacy values are retained.
mechanism.head_ablation.per_seed,mechanism__head_ablation__per_seed.csv,config_gamma,text,configuration,Original run configuration field; missing/unknown legacy values are retained.
mechanism.head_ablation.per_seed,mechanism__head_ablation__per_seed.csv,config_augment,text,configuration,Original run configuration field; missing/unknown legacy values are retained.
mechanism.head_ablation.per_seed,mechanism__head_ablation__per_seed.csv,config_beta_clip,text,configuration,Original run configuration field; missing/unknown legacy values are retained.
mechanism.head_ablation.per_seed,mechanism__head_ablation__per_seed.csv,config_hier,all blank / unavailable,configuration,Original run configuration field; missing/unknown legacy values are retained.
mechanism.head_ablation.per_seed,mechanism__head_ablation__per_seed.csv,config_lam,text,configuration,Original run configuration field; missing/unknown legacy values are retained.
mechanism.head_ablation.per_seed,mechanism__head_ablation__per_seed.csv,config_eta_ratio,text,configuration,Original run configuration field; missing/unknown legacy values are retained.
mechanism.head_ablation.per_seed,mechanism__head_ablation__per_seed.csv,config_epochs_requested,text,configuration,Original run configuration field; missing/unknown legacy values are retained.
mechanism.head_ablation.per_seed,mechanism__head_ablation__per_seed.csv,seed,number,seed identifier,"Training random seed, not a sample count."
mechanism.head_ablation.per_seed,mechanism__head_ablation__per_seed.csv,run,text,label,Verbatim source label or explicit export label; not a numeric measurement.
mechanism.head_ablation.per_seed,mechanism__head_ablation__per_seed.csv,test_plateau5_percent,number,percent,Supplied percentage-valued measurement; intervals/ranges are not automatically confidence intervals.
mechanism.head_ablation.per_seed,mechanism__head_ablation__per_seed.csv,train_plateau5_percent,number,percent,Supplied percentage-valued measurement; intervals/ranges are not automatically confidence intervals.
mechanism.head_ablation.per_seed,mechanism__head_ablation__per_seed.csv,source_ids,text,identifier,Join with sources.csv; vertical bars separate multiple source IDs.
mechanism.head_ablation.per_seed,mechanism__head_ablation__per_seed.csv,scope,text,text,Scientific scope and restrictions for this dataset.
mechanism.head_ablation.per_seed,mechanism__head_ablation__per_seed.csv,units,text,text,Units for the numeric metrics in this row; detailed fields are defined here.
mechanism.head_ablation.epoch_curves,mechanism__head_ablation__epoch_curves.csv,batch,text,label,Verbatim source label or explicit export label; not a numeric measurement.
mechanism.head_ablation.epoch_curves,mechanism__head_ablation__epoch_curves.csv,arm,text,label,Verbatim source label or explicit export label; not a numeric measurement.
mechanism.head_ablation.epoch_curves,mechanism__head_ablation__epoch_curves.csv,label,text,label,Verbatim source label or explicit export label; not a numeric measurement.
mechanism.head_ablation.epoch_curves,mechanism__head_ablation__epoch_curves.csv,seed,number,seed identifier,"Training random seed, not a sample count."
mechanism.head_ablation.epoch_curves,mechanism__head_ablation__epoch_curves.csv,run,text,label,Verbatim source label or explicit export label; not a numeric measurement.
mechanism.head_ablation.epoch_curves,mechanism__head_ablation__epoch_curves.csv,epoch,number,epoch,Raw zero-based training epoch index; probe timelines use fractional epochs.
mechanism.head_ablation.epoch_curves,mechanism__head_ablation__epoch_curves.csv,test_accuracy_percent,number,percent,Supplied percentage-valued measurement; intervals/ranges are not automatically confidence intervals.
mechanism.head_ablation.epoch_curves,mechanism__head_ablation__epoch_curves.csv,train_accuracy_percent,number,percent,Supplied percentage-valued measurement; intervals/ranges are not automatically confidence intervals.
mechanism.head_ablation.epoch_curves,mechanism__head_ablation__epoch_curves.csv,source_ids,text,identifier,Join with sources.csv; vertical bars separate multiple source IDs.
mechanism.head_ablation.epoch_curves,mechanism__head_ablation__epoch_curves.csv,registered_horizon_epochs,number,epochs,Primary registered endpoint for this accuracy panel.
mechanism.head_ablation.epoch_curves,mechanism__head_ablation__epoch_curves.csv,in_registered_plateau5_window,boolean,boolean,True only for the five raw epochs entering the primary endpoint.
mechanism.head_ablation.epoch_curves,mechanism__head_ablation__epoch_curves.csv,scope,text,text,Scientific scope and restrictions for this dataset.
mechanism.head_ablation.epoch_curves,mechanism__head_ablation__epoch_curves.csv,units,text,text,Units for the numeric metrics in this row; detailed fields are defined here.
mechanism.count_and_tensor_balance.arm_summary,mechanism__count_and_tensor_balance__arm_summary.csv,batch,text,label,Verbatim source label or explicit export label; not a numeric measurement.
mechanism.count_and_tensor_balance.arm_summary,mechanism__count_and_tensor_balance__arm_summary.csv,arm,text,label,Verbatim source label or explicit export label; not a numeric measurement.
mechanism.count_and_tensor_balance.arm_summary,mechanism__count_and_tensor_balance__arm_summary.csv,label,text,label,Verbatim source label or explicit export label; not a numeric measurement.
mechanism.count_and_tensor_balance.arm_summary,mechanism__count_and_tensor_balance__arm_summary.csv,horizon,number,epochs,Registered completed-epoch endpoint; plateau5 uses horizon-5 through horizon-1.
mechanism.count_and_tensor_balance.arm_summary,mechanism__count_and_tensor_balance__arm_summary.csv,group_count,number,count,"Tensor, group, coordinate, or block count as named; do not interchange tensor count and coordinate mass."
mechanism.count_and_tensor_balance.arm_summary,mechanism__count_and_tensor_balance__arm_summary.csv,normalized_tensor_count_entropy,number,dimensionless,Supplied normalized tensor-count entropy; not parameter-mass balance.
mechanism.count_and_tensor_balance.arm_summary,mechanism__count_and_tensor_balance__arm_summary.csv,r,all blank / unavailable,test accuracy percent; differences and SD/SE in percentage points,Supplied flat evidence field; exact quantity is specified by the dataset metric and scope.
mechanism.count_and_tensor_balance.arm_summary,mechanism__count_and_tensor_balance__arm_summary.csv,meta_stepsize,all blank / unavailable,test accuracy percent; differences and SD/SE in percentage points,Supplied flat evidence field; exact quantity is specified by the dataset metric and scope.
mechanism.count_and_tensor_balance.arm_summary,mechanism__count_and_tensor_balance__arm_summary.csv,meta_optimizer,all blank / unavailable,label,Verbatim source label or explicit export label; not a numeric measurement.
mechanism.count_and_tensor_balance.arm_summary,mechanism__count_and_tensor_balance__arm_summary.csv,capture_fraction,number,fraction,(arm mean - in-batch scalar mean)/(in-batch layerwise mean - scalar mean).
mechanism.count_and_tensor_balance.arm_summary,mechanism__count_and_tensor_balance__arm_summary.csv,plateau_window_start_epoch,number,test accuracy percent; differences and SD/SE in percentage points,Supplied flat evidence field; exact quantity is specified by the dataset metric and scope.
mechanism.count_and_tensor_balance.arm_summary,mechanism__count_and_tensor_balance__arm_summary.csv,plateau_window_end_epoch,number,test accuracy percent; differences and SD/SE in percentage points,Supplied flat evidence field; exact quantity is specified by the dataset metric and scope.
mechanism.count_and_tensor_balance.arm_summary,mechanism__count_and_tensor_balance__arm_summary.csv,config_network,text,configuration,Original run configuration field; missing/unknown legacy values are retained.
mechanism.count_and_tensor_balance.arm_summary,mechanism__count_and_tensor_balance__arm_summary.csv,config_dataset,text,configuration,Original run configuration field; missing/unknown legacy values are retained.
mechanism.count_and_tensor_balance.arm_summary,mechanism__count_and_tensor_balance__arm_summary.csv,config_batch_size,text,configuration,Original run configuration field; missing/unknown legacy values are retained.
mechanism.count_and_tensor_balance.arm_summary,mechanism__count_and_tensor_balance__arm_summary.csv,config_granularity,text,configuration,Original run configuration field; missing/unknown legacy values are retained.
mechanism.count_and_tensor_balance.arm_summary,mechanism__count_and_tensor_balance__arm_summary.csv,config_base,text,configuration,Original run configuration field; missing/unknown legacy values are retained.
mechanism.count_and_tensor_balance.arm_summary,mechanism__count_and_tensor_balance__arm_summary.csv,config_meta,text,configuration,Original run configuration field; missing/unknown legacy values are retained.
mechanism.count_and_tensor_balance.arm_summary,mechanism__count_and_tensor_balance__arm_summary.csv,config_meta_stepsize,text,configuration,Original run configuration field; missing/unknown legacy values are retained.
mechanism.count_and_tensor_balance.arm_summary,mechanism__count_and_tensor_balance__arm_summary.csv,config_alpha0,text,configuration,Original run configuration field; missing/unknown legacy values are retained.
mechanism.count_and_tensor_balance.arm_summary,mechanism__count_and_tensor_balance__arm_summary.csv,config_gamma,text,configuration,Original run configuration field; missing/unknown legacy values are retained.
mechanism.count_and_tensor_balance.arm_summary,mechanism__count_and_tensor_balance__arm_summary.csv,config_augment,text,configuration,Original run configuration field; missing/unknown legacy values are retained.
mechanism.count_and_tensor_balance.arm_summary,mechanism__count_and_tensor_balance__arm_summary.csv,config_beta_clip,text,configuration,Original run configuration field; missing/unknown legacy values are retained.
mechanism.count_and_tensor_balance.arm_summary,mechanism__count_and_tensor_balance__arm_summary.csv,config_hier,all blank / unavailable,configuration,Original run configuration field; missing/unknown legacy values are retained.
mechanism.count_and_tensor_balance.arm_summary,mechanism__count_and_tensor_balance__arm_summary.csv,config_lam,text,configuration,Original run configuration field; missing/unknown legacy values are retained.
mechanism.count_and_tensor_balance.arm_summary,mechanism__count_and_tensor_balance__arm_summary.csv,config_eta_ratio,text,configuration,Original run configuration field; missing/unknown legacy values are retained.
mechanism.count_and_tensor_balance.arm_summary,mechanism__count_and_tensor_balance__arm_summary.csv,config_epochs_requested,text,configuration,Original run configuration field; missing/unknown legacy values are retained.
mechanism.count_and_tensor_balance.arm_summary,mechanism__count_and_tensor_balance__arm_summary.csv,test_percent_n,number,training seeds,Number of per-seed plateau5 values in this arm.
mechanism.count_and_tensor_balance.arm_summary,mechanism__count_and_tensor_balance__arm_summary.csv,test_percent_mean,number,accuracy percent,Supplied mean of per-seed plateau5; SD uses ddof=1 and SE uses SD/sqrt(n).
mechanism.count_and_tensor_balance.arm_summary,mechanism__count_and_tensor_balance__arm_summary.csv,test_percent_sd,number,accuracy percentage points,Supplied sd of per-seed plateau5; SD uses ddof=1 and SE uses SD/sqrt(n).
mechanism.count_and_tensor_balance.arm_summary,mechanism__count_and_tensor_balance__arm_summary.csv,test_percent_se,number,accuracy percentage points,Supplied se of per-seed plateau5; SD uses ddof=1 and SE uses SD/sqrt(n).
mechanism.count_and_tensor_balance.arm_summary,mechanism__count_and_tensor_balance__arm_summary.csv,test_percent_min,number,accuracy percent,Supplied min of per-seed plateau5; SD uses ddof=1 and SE uses SD/sqrt(n).
mechanism.count_and_tensor_balance.arm_summary,mechanism__count_and_tensor_balance__arm_summary.csv,test_percent_max,number,accuracy percent,Supplied max of per-seed plateau5; SD uses ddof=1 and SE uses SD/sqrt(n).
mechanism.count_and_tensor_balance.arm_summary,mechanism__count_and_tensor_balance__arm_summary.csv,train_percent_n,number,training seeds,Number of per-seed plateau5 values in this arm.
mechanism.count_and_tensor_balance.arm_summary,mechanism__count_and_tensor_balance__arm_summary.csv,train_percent_mean,number,accuracy percent,Supplied mean of per-seed plateau5; SD uses ddof=1 and SE uses SD/sqrt(n).
mechanism.count_and_tensor_balance.arm_summary,mechanism__count_and_tensor_balance__arm_summary.csv,train_percent_sd,number,accuracy percentage points,Supplied sd of per-seed plateau5; SD uses ddof=1 and SE uses SD/sqrt(n).
mechanism.count_and_tensor_balance.arm_summary,mechanism__count_and_tensor_balance__arm_summary.csv,train_percent_se,number,accuracy percentage points,Supplied se of per-seed plateau5; SD uses ddof=1 and SE uses SD/sqrt(n).
mechanism.count_and_tensor_balance.arm_summary,mechanism__count_and_tensor_balance__arm_summary.csv,train_percent_min,number,accuracy percent,Supplied min of per-seed plateau5; SD uses ddof=1 and SE uses SD/sqrt(n).
mechanism.count_and_tensor_balance.arm_summary,mechanism__count_and_tensor_balance__arm_summary.csv,train_percent_max,number,accuracy percent,Supplied max of per-seed plateau5; SD uses ddof=1 and SE uses SD/sqrt(n).
mechanism.count_and_tensor_balance.arm_summary,mechanism__count_and_tensor_balance__arm_summary.csv,source_ids,text,identifier,Join with sources.csv; vertical bars separate multiple source IDs.
mechanism.count_and_tensor_balance.arm_summary,mechanism__count_and_tensor_balance__arm_summary.csv,scope,text,text,Scientific scope and restrictions for this dataset.
mechanism.count_and_tensor_balance.arm_summary,mechanism__count_and_tensor_balance__arm_summary.csv,units,text,text,Units for the numeric metrics in this row; detailed fields are defined here.
mechanism.count_and_tensor_balance.per_seed,mechanism__count_and_tensor_balance__per_seed.csv,batch,text,label,Verbatim source label or explicit export label; not a numeric measurement.
mechanism.count_and_tensor_balance.per_seed,mechanism__count_and_tensor_balance__per_seed.csv,arm,text,label,Verbatim source label or explicit export label; not a numeric measurement.
mechanism.count_and_tensor_balance.per_seed,mechanism__count_and_tensor_balance__per_seed.csv,label,text,label,Verbatim source label or explicit export label; not a numeric measurement.
mechanism.count_and_tensor_balance.per_seed,mechanism__count_and_tensor_balance__per_seed.csv,horizon,number,epochs,Registered completed-epoch endpoint; plateau5 uses horizon-5 through horizon-1.
mechanism.count_and_tensor_balance.per_seed,mechanism__count_and_tensor_balance__per_seed.csv,group_count,number,count,"Tensor, group, coordinate, or block count as named; do not interchange tensor count and coordinate mass."
mechanism.count_and_tensor_balance.per_seed,mechanism__count_and_tensor_balance__per_seed.csv,normalized_tensor_count_entropy,number,dimensionless,Supplied normalized tensor-count entropy; not parameter-mass balance.
mechanism.count_and_tensor_balance.per_seed,mechanism__count_and_tensor_balance__per_seed.csv,r,all blank / unavailable,test accuracy percent; differences and SD/SE in percentage points,Supplied flat evidence field; exact quantity is specified by the dataset metric and scope.
mechanism.count_and_tensor_balance.per_seed,mechanism__count_and_tensor_balance__per_seed.csv,meta_stepsize,all blank / unavailable,test accuracy percent; differences and SD/SE in percentage points,Supplied flat evidence field; exact quantity is specified by the dataset metric and scope.
mechanism.count_and_tensor_balance.per_seed,mechanism__count_and_tensor_balance__per_seed.csv,meta_optimizer,all blank / unavailable,label,Verbatim source label or explicit export label; not a numeric measurement.
mechanism.count_and_tensor_balance.per_seed,mechanism__count_and_tensor_balance__per_seed.csv,capture_fraction,number,fraction,(arm mean - in-batch scalar mean)/(in-batch layerwise mean - scalar mean).
mechanism.count_and_tensor_balance.per_seed,mechanism__count_and_tensor_balance__per_seed.csv,plateau_window_start_epoch,number,test accuracy percent; differences and SD/SE in percentage points,Supplied flat evidence field; exact quantity is specified by the dataset metric and scope.
mechanism.count_and_tensor_balance.per_seed,mechanism__count_and_tensor_balance__per_seed.csv,plateau_window_end_epoch,number,test accuracy percent; differences and SD/SE in percentage points,Supplied flat evidence field; exact quantity is specified by the dataset metric and scope.
mechanism.count_and_tensor_balance.per_seed,mechanism__count_and_tensor_balance__per_seed.csv,config_network,text,configuration,Original run configuration field; missing/unknown legacy values are retained.
mechanism.count_and_tensor_balance.per_seed,mechanism__count_and_tensor_balance__per_seed.csv,config_dataset,text,configuration,Original run configuration field; missing/unknown legacy values are retained.
mechanism.count_and_tensor_balance.per_seed,mechanism__count_and_tensor_balance__per_seed.csv,config_batch_size,text,configuration,Original run configuration field; missing/unknown legacy values are retained.
mechanism.count_and_tensor_balance.per_seed,mechanism__count_and_tensor_balance__per_seed.csv,config_granularity,text,configuration,Original run configuration field; missing/unknown legacy values are retained.
mechanism.count_and_tensor_balance.per_seed,mechanism__count_and_tensor_balance__per_seed.csv,config_base,text,configuration,Original run configuration field; missing/unknown legacy values are retained.
mechanism.count_and_tensor_balance.per_seed,mechanism__count_and_tensor_balance__per_seed.csv,config_meta,text,configuration,Original run configuration field; missing/unknown legacy values are retained.
mechanism.count_and_tensor_balance.per_seed,mechanism__count_and_tensor_balance__per_seed.csv,config_meta_stepsize,text,configuration,Original run configuration field; missing/unknown legacy values are retained.
mechanism.count_and_tensor_balance.per_seed,mechanism__count_and_tensor_balance__per_seed.csv,config_alpha0,text,configuration,Original run configuration field; missing/unknown legacy values are retained.
mechanism.count_and_tensor_balance.per_seed,mechanism__count_and_tensor_balance__per_seed.csv,config_gamma,text,configuration,Original run configuration field; missing/unknown legacy values are retained.
mechanism.count_and_tensor_balance.per_seed,mechanism__count_and_tensor_balance__per_seed.csv,config_augment,text,configuration,Original run configuration field; missing/unknown legacy values are retained.
mechanism.count_and_tensor_balance.per_seed,mechanism__count_and_tensor_balance__per_seed.csv,config_beta_clip,text,configuration,Original run configuration field; missing/unknown legacy values are retained.
mechanism.count_and_tensor_balance.per_seed,mechanism__count_and_tensor_balance__per_seed.csv,config_hier,all blank / unavailable,configuration,Original run configuration field; missing/unknown legacy values are retained.
mechanism.count_and_tensor_balance.per_seed,mechanism__count_and_tensor_balance__per_seed.csv,config_lam,text,configuration,Original run configuration field; missing/unknown legacy values are retained.
mechanism.count_and_tensor_balance.per_seed,mechanism__count_and_tensor_balance__per_seed.csv,config_eta_ratio,text,configuration,Original run configuration field; missing/unknown legacy values are retained.
mechanism.count_and_tensor_balance.per_seed,mechanism__count_and_tensor_balance__per_seed.csv,config_epochs_requested,text,configuration,Original run configuration field; missing/unknown legacy values are retained.
mechanism.count_and_tensor_balance.per_seed,mechanism__count_and_tensor_balance__per_seed.csv,seed,number,seed identifier,"Training random seed, not a sample count."
mechanism.count_and_tensor_balance.per_seed,mechanism__count_and_tensor_balance__per_seed.csv,run,text,label,Verbatim source label or explicit export label; not a numeric measurement.
mechanism.count_and_tensor_balance.per_seed,mechanism__count_and_tensor_balance__per_seed.csv,test_plateau5_percent,number,percent,Supplied percentage-valued measurement; intervals/ranges are not automatically confidence intervals.
mechanism.count_and_tensor_balance.per_seed,mechanism__count_and_tensor_balance__per_seed.csv,train_plateau5_percent,number,percent,Supplied percentage-valued measurement; intervals/ranges are not automatically confidence intervals.
mechanism.count_and_tensor_balance.per_seed,mechanism__count_and_tensor_balance__per_seed.csv,source_ids,text,identifier,Join with sources.csv; vertical bars separate multiple source IDs.
mechanism.count_and_tensor_balance.per_seed,mechanism__count_and_tensor_balance__per_seed.csv,scope,text,text,Scientific scope and restrictions for this dataset.
mechanism.count_and_tensor_balance.per_seed,mechanism__count_and_tensor_balance__per_seed.csv,units,text,text,Units for the numeric metrics in this row; detailed fields are defined here.
mechanism.count_and_tensor_balance.epoch_curves,mechanism__count_and_tensor_balance__epoch_curves.csv,batch,text,label,Verbatim source label or explicit export label; not a numeric measurement.
mechanism.count_and_tensor_balance.epoch_curves,mechanism__count_and_tensor_balance__epoch_curves.csv,arm,text,label,Verbatim source label or explicit export label; not a numeric measurement.
mechanism.count_and_tensor_balance.epoch_curves,mechanism__count_and_tensor_balance__epoch_curves.csv,label,text,label,Verbatim source label or explicit export label; not a numeric measurement.
mechanism.count_and_tensor_balance.epoch_curves,mechanism__count_and_tensor_balance__epoch_curves.csv,seed,number,seed identifier,"Training random seed, not a sample count."
mechanism.count_and_tensor_balance.epoch_curves,mechanism__count_and_tensor_balance__epoch_curves.csv,run,text,label,Verbatim source label or explicit export label; not a numeric measurement.
mechanism.count_and_tensor_balance.epoch_curves,mechanism__count_and_tensor_balance__epoch_curves.csv,epoch,number,epoch,Raw zero-based training epoch index; probe timelines use fractional epochs.
mechanism.count_and_tensor_balance.epoch_curves,mechanism__count_and_tensor_balance__epoch_curves.csv,test_accuracy_percent,number,percent,Supplied percentage-valued measurement; intervals/ranges are not automatically confidence intervals.
mechanism.count_and_tensor_balance.epoch_curves,mechanism__count_and_tensor_balance__epoch_curves.csv,train_accuracy_percent,number,percent,Supplied percentage-valued measurement; intervals/ranges are not automatically confidence intervals.
mechanism.count_and_tensor_balance.epoch_curves,mechanism__count_and_tensor_balance__epoch_curves.csv,source_ids,text,identifier,Join with sources.csv; vertical bars separate multiple source IDs.
mechanism.count_and_tensor_balance.epoch_curves,mechanism__count_and_tensor_balance__epoch_curves.csv,registered_horizon_epochs,number,epochs,Primary registered endpoint for this accuracy panel.
mechanism.count_and_tensor_balance.epoch_curves,mechanism__count_and_tensor_balance__epoch_curves.csv,in_registered_plateau5_window,boolean,boolean,True only for the five raw epochs entering the primary endpoint.
mechanism.count_and_tensor_balance.epoch_curves,mechanism__count_and_tensor_balance__epoch_curves.csv,scope,text,text,Scientific scope and restrictions for this dataset.
mechanism.count_and_tensor_balance.epoch_curves,mechanism__count_and_tensor_balance__epoch_curves.csv,units,text,text,Units for the numeric metrics in this row; detailed fields are defined here.
mechanism.count_and_tensor_balance.tensor_groups,mechanism__count_and_tensor_balance__tensor_groups.csv,batch,text,label,Verbatim source label or explicit export label; not a numeric measurement.
mechanism.count_and_tensor_balance.tensor_groups,mechanism__count_and_tensor_balance__tensor_groups.csv,arm,text,label,Verbatim source label or explicit export label; not a numeric measurement.
mechanism.count_and_tensor_balance.tensor_groups,mechanism__count_and_tensor_balance__tensor_groups.csv,label,text,label,Verbatim source label or explicit export label; not a numeric measurement.
mechanism.count_and_tensor_balance.tensor_groups,mechanism__count_and_tensor_balance__tensor_groups.csv,group_index_1based,number,1-based index,Index uses the convention stated in the column name.
mechanism.count_and_tensor_balance.tensor_groups,mechanism__count_and_tensor_balance__tensor_groups.csv,tensor_count,number,count,"Tensor, group, coordinate, or block count as named; do not interchange tensor count and coordinate mass."
mechanism.count_and_tensor_balance.tensor_groups,mechanism__count_and_tensor_balance__tensor_groups.csv,source_ids,text,identifier,Join with sources.csv; vertical bars separate multiple source IDs.
mechanism.count_and_tensor_balance.tensor_groups,mechanism__count_and_tensor_balance__tensor_groups.csv,scope,text,text,Scientific scope and restrictions for this dataset.
mechanism.count_and_tensor_balance.tensor_groups,mechanism__count_and_tensor_balance__tensor_groups.csv,units,text,text,Units for the numeric metrics in this row; detailed fields are defined here.
mechanism.count_and_tensor_balance.contrasts,mechanism__count_and_tensor_balance__contrasts.csv,batch,text,label,Verbatim source label or explicit export label; not a numeric measurement.
mechanism.count_and_tensor_balance.contrasts,mechanism__count_and_tensor_balance__contrasts.csv,minuend,text,percentage points,Supplied flat evidence field; exact quantity is specified by the dataset metric and scope.
mechanism.count_and_tensor_balance.contrasts,mechanism__count_and_tensor_balance__contrasts.csv,subtrahend,text,percentage points,Supplied flat evidence field; exact quantity is specified by the dataset metric and scope.
mechanism.count_and_tensor_balance.contrasts,mechanism__count_and_tensor_balance__contrasts.csv,horizon,number,epochs,Registered completed-epoch endpoint; plateau5 uses horizon-5 through horizon-1.
mechanism.count_and_tensor_balance.contrasts,mechanism__count_and_tensor_balance__contrasts.csv,note,text,label,Verbatim source label or explicit export label; not a numeric measurement.
mechanism.count_and_tensor_balance.contrasts,mechanism__count_and_tensor_balance__contrasts.csv,difference_pp,number,percentage points,Supplied contrast or metric; see the dataset's metric definition for accuracy versus explained variance.
mechanism.count_and_tensor_balance.contrasts,mechanism__count_and_tensor_balance__contrasts.csv,descriptive_unpaired_se_pp,number,accuracy percentage points,Supplied descriptive uncertainty of independent-arm difference; not registered scorer bar.
mechanism.count_and_tensor_balance.contrasts,mechanism__count_and_tensor_balance__contrasts.csv,paired_difference_pp_n,number,paired seeds,Supplied n across paired-seed differences.
mechanism.count_and_tensor_balance.contrasts,mechanism__count_and_tensor_balance__contrasts.csv,paired_difference_pp_mean,number,accuracy percentage points,Supplied mean across paired-seed differences.
mechanism.count_and_tensor_balance.contrasts,mechanism__count_and_tensor_balance__contrasts.csv,paired_difference_pp_sd,number,accuracy percentage points,Supplied sd across paired-seed differences.
mechanism.count_and_tensor_balance.contrasts,mechanism__count_and_tensor_balance__contrasts.csv,paired_difference_pp_se,number,accuracy percentage points,Supplied se across paired-seed differences.
mechanism.count_and_tensor_balance.contrasts,mechanism__count_and_tensor_balance__contrasts.csv,paired_difference_pp_min,number,accuracy percentage points,Supplied min across paired-seed differences.
mechanism.count_and_tensor_balance.contrasts,mechanism__count_and_tensor_balance__contrasts.csv,paired_difference_pp_max,number,accuracy percentage points,Supplied max across paired-seed differences.
mechanism.count_and_tensor_balance.contrasts,mechanism__count_and_tensor_balance__contrasts.csv,source_ids,text,identifier,Join with sources.csv; vertical bars separate multiple source IDs.
mechanism.count_and_tensor_balance.contrasts,mechanism__count_and_tensor_balance__contrasts.csv,scope,text,text,Scientific scope and restrictions for this dataset.
mechanism.count_and_tensor_balance.contrasts,mechanism__count_and_tensor_balance__contrasts.csv,units,text,text,Units for the numeric metrics in this row; detailed fields are defined here.
mechanism.count_and_tensor_balance.paired_seed_contrasts,mechanism__count_and_tensor_balance__paired_seed_contrasts.csv,batch,text,label,Verbatim source label or explicit export label; not a numeric measurement.
mechanism.count_and_tensor_balance.paired_seed_contrasts,mechanism__count_and_tensor_balance__paired_seed_contrasts.csv,minuend,text,percentage points,Supplied flat evidence field; exact quantity is specified by the dataset metric and scope.
mechanism.count_and_tensor_balance.paired_seed_contrasts,mechanism__count_and_tensor_balance__paired_seed_contrasts.csv,subtrahend,text,percentage points,Supplied flat evidence field; exact quantity is specified by the dataset metric and scope.
mechanism.count_and_tensor_balance.paired_seed_contrasts,mechanism__count_and_tensor_balance__paired_seed_contrasts.csv,horizon,number,epochs,Registered completed-epoch endpoint; plateau5 uses horizon-5 through horizon-1.
mechanism.count_and_tensor_balance.paired_seed_contrasts,mechanism__count_and_tensor_balance__paired_seed_contrasts.csv,note,text,label,Verbatim source label or explicit export label; not a numeric measurement.
mechanism.count_and_tensor_balance.paired_seed_contrasts,mechanism__count_and_tensor_balance__paired_seed_contrasts.csv,seed,number,seed identifier,"Training random seed, not a sample count."
mechanism.count_and_tensor_balance.paired_seed_contrasts,mechanism__count_and_tensor_balance__paired_seed_contrasts.csv,paired_difference_pp,number,percentage points,Supplied contrast or metric; see the dataset's metric definition for accuracy versus explained variance.
mechanism.count_and_tensor_balance.paired_seed_contrasts,mechanism__count_and_tensor_balance__paired_seed_contrasts.csv,source_ids,text,identifier,Join with sources.csv; vertical bars separate multiple source IDs.
mechanism.count_and_tensor_balance.paired_seed_contrasts,mechanism__count_and_tensor_balance__paired_seed_contrasts.csv,scope,text,text,Scientific scope and restrictions for this dataset.
mechanism.count_and_tensor_balance.paired_seed_contrasts,mechanism__count_and_tensor_balance__paired_seed_contrasts.csv,units,text,text,Units for the numeric metrics in this row; detailed fields are defined here.
mechanism.imagenet489.arm_summary,mechanism__imagenet489__arm_summary.csv,batch,text,label,Verbatim source label or explicit export label; not a numeric measurement.
mechanism.imagenet489.arm_summary,mechanism__imagenet489__arm_summary.csv,arm,text,label,Verbatim source label or explicit export label; not a numeric measurement.
mechanism.imagenet489.arm_summary,mechanism__imagenet489__arm_summary.csv,label,text,label,Verbatim source label or explicit export label; not a numeric measurement.
mechanism.imagenet489.arm_summary,mechanism__imagenet489__arm_summary.csv,horizon,number,epochs,Registered completed-epoch endpoint; plateau5 uses horizon-5 through horizon-1.
mechanism.imagenet489.arm_summary,mechanism__imagenet489__arm_summary.csv,group_count,number,count,"Tensor, group, coordinate, or block count as named; do not interchange tensor count and coordinate mass."
mechanism.imagenet489.arm_summary,mechanism__imagenet489__arm_summary.csv,normalized_tensor_count_entropy,all blank / unavailable,dimensionless,Supplied normalized tensor-count entropy; not parameter-mass balance.
mechanism.imagenet489.arm_summary,mechanism__imagenet489__arm_summary.csv,r,all blank / unavailable,test accuracy percent; differences and SD/SE in percentage points,Supplied flat evidence field; exact quantity is specified by the dataset metric and scope.
mechanism.imagenet489.arm_summary,mechanism__imagenet489__arm_summary.csv,meta_stepsize,all blank / unavailable,test accuracy percent; differences and SD/SE in percentage points,Supplied flat evidence field; exact quantity is specified by the dataset metric and scope.
mechanism.imagenet489.arm_summary,mechanism__imagenet489__arm_summary.csv,meta_optimizer,all blank / unavailable,label,Verbatim source label or explicit export label; not a numeric measurement.
mechanism.imagenet489.arm_summary,mechanism__imagenet489__arm_summary.csv,capture_fraction,number,fraction,(arm mean - in-batch scalar mean)/(in-batch layerwise mean - scalar mean).
mechanism.imagenet489.arm_summary,mechanism__imagenet489__arm_summary.csv,plateau_window_start_epoch,number,test accuracy percent; differences and SD/SE in percentage points,Supplied flat evidence field; exact quantity is specified by the dataset metric and scope.
mechanism.imagenet489.arm_summary,mechanism__imagenet489__arm_summary.csv,plateau_window_end_epoch,number,test accuracy percent; differences and SD/SE in percentage points,Supplied flat evidence field; exact quantity is specified by the dataset metric and scope.
mechanism.imagenet489.arm_summary,mechanism__imagenet489__arm_summary.csv,config_network,text,configuration,Original run configuration field; missing/unknown legacy values are retained.
mechanism.imagenet489.arm_summary,mechanism__imagenet489__arm_summary.csv,config_dataset,text,configuration,Original run configuration field; missing/unknown legacy values are retained.
mechanism.imagenet489.arm_summary,mechanism__imagenet489__arm_summary.csv,config_batch_size,text,configuration,Original run configuration field; missing/unknown legacy values are retained.
mechanism.imagenet489.arm_summary,mechanism__imagenet489__arm_summary.csv,config_granularity,text,configuration,Original run configuration field; missing/unknown legacy values are retained.
mechanism.imagenet489.arm_summary,mechanism__imagenet489__arm_summary.csv,config_base,text,configuration,Original run configuration field; missing/unknown legacy values are retained.
mechanism.imagenet489.arm_summary,mechanism__imagenet489__arm_summary.csv,config_meta,text,configuration,Original run configuration field; missing/unknown legacy values are retained.
mechanism.imagenet489.arm_summary,mechanism__imagenet489__arm_summary.csv,config_meta_stepsize,text,configuration,Original run configuration field; missing/unknown legacy values are retained.
mechanism.imagenet489.arm_summary,mechanism__imagenet489__arm_summary.csv,config_alpha0,text,configuration,Original run configuration field; missing/unknown legacy values are retained.
mechanism.imagenet489.arm_summary,mechanism__imagenet489__arm_summary.csv,config_gamma,text,configuration,Original run configuration field; missing/unknown legacy values are retained.
mechanism.imagenet489.arm_summary,mechanism__imagenet489__arm_summary.csv,config_augment,text,configuration,Original run configuration field; missing/unknown legacy values are retained.
mechanism.imagenet489.arm_summary,mechanism__imagenet489__arm_summary.csv,config_beta_clip,text,configuration,Original run configuration field; missing/unknown legacy values are retained.
mechanism.imagenet489.arm_summary,mechanism__imagenet489__arm_summary.csv,config_hier,all blank / unavailable,configuration,Original run configuration field; missing/unknown legacy values are retained.
mechanism.imagenet489.arm_summary,mechanism__imagenet489__arm_summary.csv,config_lam,text,configuration,Original run configuration field; missing/unknown legacy values are retained.
mechanism.imagenet489.arm_summary,mechanism__imagenet489__arm_summary.csv,config_eta_ratio,text,configuration,Original run configuration field; missing/unknown legacy values are retained.
mechanism.imagenet489.arm_summary,mechanism__imagenet489__arm_summary.csv,config_epochs_requested,text,configuration,Original run configuration field; missing/unknown legacy values are retained.
mechanism.imagenet489.arm_summary,mechanism__imagenet489__arm_summary.csv,test_percent_n,number,training seeds,Number of per-seed plateau5 values in this arm.
mechanism.imagenet489.arm_summary,mechanism__imagenet489__arm_summary.csv,test_percent_mean,number,accuracy percent,Supplied mean of per-seed plateau5; SD uses ddof=1 and SE uses SD/sqrt(n).
mechanism.imagenet489.arm_summary,mechanism__imagenet489__arm_summary.csv,test_percent_sd,number,accuracy percentage points,Supplied sd of per-seed plateau5; SD uses ddof=1 and SE uses SD/sqrt(n).
mechanism.imagenet489.arm_summary,mechanism__imagenet489__arm_summary.csv,test_percent_se,number,accuracy percentage points,Supplied se of per-seed plateau5; SD uses ddof=1 and SE uses SD/sqrt(n).
mechanism.imagenet489.arm_summary,mechanism__imagenet489__arm_summary.csv,test_percent_min,number,accuracy percent,Supplied min of per-seed plateau5; SD uses ddof=1 and SE uses SD/sqrt(n).
mechanism.imagenet489.arm_summary,mechanism__imagenet489__arm_summary.csv,test_percent_max,number,accuracy percent,Supplied max of per-seed plateau5; SD uses ddof=1 and SE uses SD/sqrt(n).
mechanism.imagenet489.arm_summary,mechanism__imagenet489__arm_summary.csv,train_percent_n,number,training seeds,Number of per-seed plateau5 values in this arm.
mechanism.imagenet489.arm_summary,mechanism__imagenet489__arm_summary.csv,train_percent_mean,number,accuracy percent,Supplied mean of per-seed plateau5; SD uses ddof=1 and SE uses SD/sqrt(n).
mechanism.imagenet489.arm_summary,mechanism__imagenet489__arm_summary.csv,train_percent_sd,number,accuracy percentage points,Supplied sd of per-seed plateau5; SD uses ddof=1 and SE uses SD/sqrt(n).
mechanism.imagenet489.arm_summary,mechanism__imagenet489__arm_summary.csv,train_percent_se,number,accuracy percentage points,Supplied se of per-seed plateau5; SD uses ddof=1 and SE uses SD/sqrt(n).
mechanism.imagenet489.arm_summary,mechanism__imagenet489__arm_summary.csv,train_percent_min,number,accuracy percent,Supplied min of per-seed plateau5; SD uses ddof=1 and SE uses SD/sqrt(n).
mechanism.imagenet489.arm_summary,mechanism__imagenet489__arm_summary.csv,train_percent_max,number,accuracy percent,Supplied max of per-seed plateau5; SD uses ddof=1 and SE uses SD/sqrt(n).
mechanism.imagenet489.arm_summary,mechanism__imagenet489__arm_summary.csv,source_ids,text,identifier,Join with sources.csv; vertical bars separate multiple source IDs.
mechanism.imagenet489.arm_summary,mechanism__imagenet489__arm_summary.csv,scope,text,text,Scientific scope and restrictions for this dataset.
mechanism.imagenet489.arm_summary,mechanism__imagenet489__arm_summary.csv,units,text,text,Units for the numeric metrics in this row; detailed fields are defined here.
mechanism.imagenet489.per_seed,mechanism__imagenet489__per_seed.csv,batch,text,label,Verbatim source label or explicit export label; not a numeric measurement.
mechanism.imagenet489.per_seed,mechanism__imagenet489__per_seed.csv,arm,text,label,Verbatim source label or explicit export label; not a numeric measurement.
mechanism.imagenet489.per_seed,mechanism__imagenet489__per_seed.csv,label,text,label,Verbatim source label or explicit export label; not a numeric measurement.
mechanism.imagenet489.per_seed,mechanism__imagenet489__per_seed.csv,horizon,number,epochs,Registered completed-epoch endpoint; plateau5 uses horizon-5 through horizon-1.
mechanism.imagenet489.per_seed,mechanism__imagenet489__per_seed.csv,group_count,number,count,"Tensor, group, coordinate, or block count as named; do not interchange tensor count and coordinate mass."
mechanism.imagenet489.per_seed,mechanism__imagenet489__per_seed.csv,normalized_tensor_count_entropy,all blank / unavailable,dimensionless,Supplied normalized tensor-count entropy; not parameter-mass balance.
mechanism.imagenet489.per_seed,mechanism__imagenet489__per_seed.csv,r,all blank / unavailable,test accuracy percent; differences and SD/SE in percentage points,Supplied flat evidence field; exact quantity is specified by the dataset metric and scope.
mechanism.imagenet489.per_seed,mechanism__imagenet489__per_seed.csv,meta_stepsize,all blank / unavailable,test accuracy percent; differences and SD/SE in percentage points,Supplied flat evidence field; exact quantity is specified by the dataset metric and scope.
mechanism.imagenet489.per_seed,mechanism__imagenet489__per_seed.csv,meta_optimizer,all blank / unavailable,label,Verbatim source label or explicit export label; not a numeric measurement.
mechanism.imagenet489.per_seed,mechanism__imagenet489__per_seed.csv,capture_fraction,number,fraction,(arm mean - in-batch scalar mean)/(in-batch layerwise mean - scalar mean).
mechanism.imagenet489.per_seed,mechanism__imagenet489__per_seed.csv,plateau_window_start_epoch,number,test accuracy percent; differences and SD/SE in percentage points,Supplied flat evidence field; exact quantity is specified by the dataset metric and scope.
mechanism.imagenet489.per_seed,mechanism__imagenet489__per_seed.csv,plateau_window_end_epoch,number,test accuracy percent; differences and SD/SE in percentage points,Supplied flat evidence field; exact quantity is specified by the dataset metric and scope.
mechanism.imagenet489.per_seed,mechanism__imagenet489__per_seed.csv,config_network,text,configuration,Original run configuration field; missing/unknown legacy values are retained.
mechanism.imagenet489.per_seed,mechanism__imagenet489__per_seed.csv,config_dataset,text,configuration,Original run configuration field; missing/unknown legacy values are retained.
mechanism.imagenet489.per_seed,mechanism__imagenet489__per_seed.csv,config_batch_size,text,configuration,Original run configuration field; missing/unknown legacy values are retained.
mechanism.imagenet489.per_seed,mechanism__imagenet489__per_seed.csv,config_granularity,text,configuration,Original run configuration field; missing/unknown legacy values are retained.
mechanism.imagenet489.per_seed,mechanism__imagenet489__per_seed.csv,config_base,text,configuration,Original run configuration field; missing/unknown legacy values are retained.
mechanism.imagenet489.per_seed,mechanism__imagenet489__per_seed.csv,config_meta,text,configuration,Original run configuration field; missing/unknown legacy values are retained.
mechanism.imagenet489.per_seed,mechanism__imagenet489__per_seed.csv,config_meta_stepsize,text,configuration,Original run configuration field; missing/unknown legacy values are retained.
mechanism.imagenet489.per_seed,mechanism__imagenet489__per_seed.csv,config_alpha0,text,configuration,Original run configuration field; missing/unknown legacy values are retained.
mechanism.imagenet489.per_seed,mechanism__imagenet489__per_seed.csv,config_gamma,text,configuration,Original run configuration field; missing/unknown legacy values are retained.
mechanism.imagenet489.per_seed,mechanism__imagenet489__per_seed.csv,config_augment,text,configuration,Original run configuration field; missing/unknown legacy values are retained.
mechanism.imagenet489.per_seed,mechanism__imagenet489__per_seed.csv,config_beta_clip,text,configuration,Original run configuration field; missing/unknown legacy values are retained.
mechanism.imagenet489.per_seed,mechanism__imagenet489__per_seed.csv,config_hier,all blank / unavailable,configuration,Original run configuration field; missing/unknown legacy values are retained.
mechanism.imagenet489.per_seed,mechanism__imagenet489__per_seed.csv,config_lam,text,configuration,Original run configuration field; missing/unknown legacy values are retained.
mechanism.imagenet489.per_seed,mechanism__imagenet489__per_seed.csv,config_eta_ratio,text,configuration,Original run configuration field; missing/unknown legacy values are retained.
mechanism.imagenet489.per_seed,mechanism__imagenet489__per_seed.csv,config_epochs_requested,text,configuration,Original run configuration field; missing/unknown legacy values are retained.
mechanism.imagenet489.per_seed,mechanism__imagenet489__per_seed.csv,seed,number,seed identifier,"Training random seed, not a sample count."
mechanism.imagenet489.per_seed,mechanism__imagenet489__per_seed.csv,run,text,label,Verbatim source label or explicit export label; not a numeric measurement.
mechanism.imagenet489.per_seed,mechanism__imagenet489__per_seed.csv,test_plateau5_percent,number,percent,Supplied percentage-valued measurement; intervals/ranges are not automatically confidence intervals.
mechanism.imagenet489.per_seed,mechanism__imagenet489__per_seed.csv,train_plateau5_percent,number,percent,Supplied percentage-valued measurement; intervals/ranges are not automatically confidence intervals.
mechanism.imagenet489.per_seed,mechanism__imagenet489__per_seed.csv,source_ids,text,identifier,Join with sources.csv; vertical bars separate multiple source IDs.
mechanism.imagenet489.per_seed,mechanism__imagenet489__per_seed.csv,scope,text,text,Scientific scope and restrictions for this dataset.
mechanism.imagenet489.per_seed,mechanism__imagenet489__per_seed.csv,units,text,text,Units for the numeric metrics in this row; detailed fields are defined here.
mechanism.imagenet489.epoch_curves,mechanism__imagenet489__epoch_curves.csv,batch,text,label,Verbatim source label or explicit export label; not a numeric measurement.
mechanism.imagenet489.epoch_curves,mechanism__imagenet489__epoch_curves.csv,arm,text,label,Verbatim source label or explicit export label; not a numeric measurement.
mechanism.imagenet489.epoch_curves,mechanism__imagenet489__epoch_curves.csv,label,text,label,Verbatim source label or explicit export label; not a numeric measurement.
mechanism.imagenet489.epoch_curves,mechanism__imagenet489__epoch_curves.csv,seed,number,seed identifier,"Training random seed, not a sample count."
mechanism.imagenet489.epoch_curves,mechanism__imagenet489__epoch_curves.csv,run,text,label,Verbatim source label or explicit export label; not a numeric measurement.
mechanism.imagenet489.epoch_curves,mechanism__imagenet489__epoch_curves.csv,epoch,number,epoch,Raw zero-based training epoch index; probe timelines use fractional epochs.
mechanism.imagenet489.epoch_curves,mechanism__imagenet489__epoch_curves.csv,test_accuracy_percent,number,percent,Supplied percentage-valued measurement; intervals/ranges are not automatically confidence intervals.
mechanism.imagenet489.epoch_curves,mechanism__imagenet489__epoch_curves.csv,train_accuracy_percent,number,percent,Supplied percentage-valued measurement; intervals/ranges are not automatically confidence intervals.
mechanism.imagenet489.epoch_curves,mechanism__imagenet489__epoch_curves.csv,source_ids,text,identifier,Join with sources.csv; vertical bars separate multiple source IDs.
mechanism.imagenet489.epoch_curves,mechanism__imagenet489__epoch_curves.csv,registered_horizon_epochs,number,epochs,Primary registered endpoint for this accuracy panel.
mechanism.imagenet489.epoch_curves,mechanism__imagenet489__epoch_curves.csv,in_registered_plateau5_window,boolean,boolean,True only for the five raw epochs entering the primary endpoint.
mechanism.imagenet489.epoch_curves,mechanism__imagenet489__epoch_curves.csv,scope,text,text,Scientific scope and restrictions for this dataset.
mechanism.imagenet489.epoch_curves,mechanism__imagenet489__epoch_curves.csv,units,text,text,Units for the numeric metrics in this row; detailed fields are defined here.
mechanism.tinyimagenet.arm_summary,mechanism__tinyimagenet__arm_summary.csv,batch,text,label,Verbatim source label or explicit export label; not a numeric measurement.
mechanism.tinyimagenet.arm_summary,mechanism__tinyimagenet__arm_summary.csv,arm,text,label,Verbatim source label or explicit export label; not a numeric measurement.
mechanism.tinyimagenet.arm_summary,mechanism__tinyimagenet__arm_summary.csv,label,text,label,Verbatim source label or explicit export label; not a numeric measurement.
mechanism.tinyimagenet.arm_summary,mechanism__tinyimagenet__arm_summary.csv,horizon,number,epochs,Registered completed-epoch endpoint; plateau5 uses horizon-5 through horizon-1.
mechanism.tinyimagenet.arm_summary,mechanism__tinyimagenet__arm_summary.csv,group_count,all blank / unavailable,count,"Tensor, group, coordinate, or block count as named; do not interchange tensor count and coordinate mass."
mechanism.tinyimagenet.arm_summary,mechanism__tinyimagenet__arm_summary.csv,normalized_tensor_count_entropy,all blank / unavailable,dimensionless,Supplied normalized tensor-count entropy; not parameter-mass balance.
mechanism.tinyimagenet.arm_summary,mechanism__tinyimagenet__arm_summary.csv,r,all blank / unavailable,test accuracy percent; differences and SD/SE in percentage points,Supplied flat evidence field; exact quantity is specified by the dataset metric and scope.
mechanism.tinyimagenet.arm_summary,mechanism__tinyimagenet__arm_summary.csv,meta_stepsize,all blank / unavailable,test accuracy percent; differences and SD/SE in percentage points,Supplied flat evidence field; exact quantity is specified by the dataset metric and scope.
mechanism.tinyimagenet.arm_summary,mechanism__tinyimagenet__arm_summary.csv,meta_optimizer,all blank / unavailable,label,Verbatim source label or explicit export label; not a numeric measurement.
mechanism.tinyimagenet.arm_summary,mechanism__tinyimagenet__arm_summary.csv,capture_fraction,all blank / unavailable,fraction,(arm mean - in-batch scalar mean)/(in-batch layerwise mean - scalar mean).
mechanism.tinyimagenet.arm_summary,mechanism__tinyimagenet__arm_summary.csv,plateau_window_start_epoch,number,test accuracy percent; differences and SD/SE in percentage points,Supplied flat evidence field; exact quantity is specified by the dataset metric and scope.
mechanism.tinyimagenet.arm_summary,mechanism__tinyimagenet__arm_summary.csv,plateau_window_end_epoch,number,test accuracy percent; differences and SD/SE in percentage points,Supplied flat evidence field; exact quantity is specified by the dataset metric and scope.
mechanism.tinyimagenet.arm_summary,mechanism__tinyimagenet__arm_summary.csv,config_network,text,configuration,Original run configuration field; missing/unknown legacy values are retained.
mechanism.tinyimagenet.arm_summary,mechanism__tinyimagenet__arm_summary.csv,config_dataset,text,configuration,Original run configuration field; missing/unknown legacy values are retained.
mechanism.tinyimagenet.arm_summary,mechanism__tinyimagenet__arm_summary.csv,config_batch_size,text,configuration,Original run configuration field; missing/unknown legacy values are retained.
mechanism.tinyimagenet.arm_summary,mechanism__tinyimagenet__arm_summary.csv,config_granularity,text,configuration,Original run configuration field; missing/unknown legacy values are retained.
mechanism.tinyimagenet.arm_summary,mechanism__tinyimagenet__arm_summary.csv,config_base,text,configuration,Original run configuration field; missing/unknown legacy values are retained.
mechanism.tinyimagenet.arm_summary,mechanism__tinyimagenet__arm_summary.csv,config_meta,text,configuration,Original run configuration field; missing/unknown legacy values are retained.
mechanism.tinyimagenet.arm_summary,mechanism__tinyimagenet__arm_summary.csv,config_meta_stepsize,text,configuration,Original run configuration field; missing/unknown legacy values are retained.
mechanism.tinyimagenet.arm_summary,mechanism__tinyimagenet__arm_summary.csv,config_alpha0,text,configuration,Original run configuration field; missing/unknown legacy values are retained.
mechanism.tinyimagenet.arm_summary,mechanism__tinyimagenet__arm_summary.csv,config_gamma,text,configuration,Original run configuration field; missing/unknown legacy values are retained.
mechanism.tinyimagenet.arm_summary,mechanism__tinyimagenet__arm_summary.csv,config_augment,text,configuration,Original run configuration field; missing/unknown legacy values are retained.
mechanism.tinyimagenet.arm_summary,mechanism__tinyimagenet__arm_summary.csv,config_beta_clip,text,configuration,Original run configuration field; missing/unknown legacy values are retained.
mechanism.tinyimagenet.arm_summary,mechanism__tinyimagenet__arm_summary.csv,config_hier,all blank / unavailable,configuration,Original run configuration field; missing/unknown legacy values are retained.
mechanism.tinyimagenet.arm_summary,mechanism__tinyimagenet__arm_summary.csv,config_lam,text,configuration,Original run configuration field; missing/unknown legacy values are retained.
mechanism.tinyimagenet.arm_summary,mechanism__tinyimagenet__arm_summary.csv,config_eta_ratio,text,configuration,Original run configuration field; missing/unknown legacy values are retained.
mechanism.tinyimagenet.arm_summary,mechanism__tinyimagenet__arm_summary.csv,config_epochs_requested,text,configuration,Original run configuration field; missing/unknown legacy values are retained.
mechanism.tinyimagenet.arm_summary,mechanism__tinyimagenet__arm_summary.csv,test_percent_n,number,training seeds,Number of per-seed plateau5 values in this arm.
mechanism.tinyimagenet.arm_summary,mechanism__tinyimagenet__arm_summary.csv,test_percent_mean,number,accuracy percent,Supplied mean of per-seed plateau5; SD uses ddof=1 and SE uses SD/sqrt(n).
mechanism.tinyimagenet.arm_summary,mechanism__tinyimagenet__arm_summary.csv,test_percent_sd,number,accuracy percentage points,Supplied sd of per-seed plateau5; SD uses ddof=1 and SE uses SD/sqrt(n).
mechanism.tinyimagenet.arm_summary,mechanism__tinyimagenet__arm_summary.csv,test_percent_se,number,accuracy percentage points,Supplied se of per-seed plateau5; SD uses ddof=1 and SE uses SD/sqrt(n).
mechanism.tinyimagenet.arm_summary,mechanism__tinyimagenet__arm_summary.csv,test_percent_min,number,accuracy percent,Supplied min of per-seed plateau5; SD uses ddof=1 and SE uses SD/sqrt(n).
mechanism.tinyimagenet.arm_summary,mechanism__tinyimagenet__arm_summary.csv,test_percent_max,number,accuracy percent,Supplied max of per-seed plateau5; SD uses ddof=1 and SE uses SD/sqrt(n).
mechanism.tinyimagenet.arm_summary,mechanism__tinyimagenet__arm_summary.csv,train_percent_n,number,training seeds,Number of per-seed plateau5 values in this arm.
mechanism.tinyimagenet.arm_summary,mechanism__tinyimagenet__arm_summary.csv,train_percent_mean,number,accuracy percent,Supplied mean of per-seed plateau5; SD uses ddof=1 and SE uses SD/sqrt(n).
mechanism.tinyimagenet.arm_summary,mechanism__tinyimagenet__arm_summary.csv,train_percent_sd,number,accuracy percentage points,Supplied sd of per-seed plateau5; SD uses ddof=1 and SE uses SD/sqrt(n).
mechanism.tinyimagenet.arm_summary,mechanism__tinyimagenet__arm_summary.csv,train_percent_se,number,accuracy percentage points,Supplied se of per-seed plateau5; SD uses ddof=1 and SE uses SD/sqrt(n).
mechanism.tinyimagenet.arm_summary,mechanism__tinyimagenet__arm_summary.csv,train_percent_min,number,accuracy percent,Supplied min of per-seed plateau5; SD uses ddof=1 and SE uses SD/sqrt(n).
mechanism.tinyimagenet.arm_summary,mechanism__tinyimagenet__arm_summary.csv,train_percent_max,number,accuracy percent,Supplied max of per-seed plateau5; SD uses ddof=1 and SE uses SD/sqrt(n).
mechanism.tinyimagenet.arm_summary,mechanism__tinyimagenet__arm_summary.csv,source_ids,text,identifier,Join with sources.csv; vertical bars separate multiple source IDs.
mechanism.tinyimagenet.arm_summary,mechanism__tinyimagenet__arm_summary.csv,scope,text,text,Scientific scope and restrictions for this dataset.
mechanism.tinyimagenet.arm_summary,mechanism__tinyimagenet__arm_summary.csv,units,text,text,Units for the numeric metrics in this row; detailed fields are defined here.
mechanism.tinyimagenet.per_seed,mechanism__tinyimagenet__per_seed.csv,batch,text,label,Verbatim source label or explicit export label; not a numeric measurement.
mechanism.tinyimagenet.per_seed,mechanism__tinyimagenet__per_seed.csv,arm,text,label,Verbatim source label or explicit export label; not a numeric measurement.
mechanism.tinyimagenet.per_seed,mechanism__tinyimagenet__per_seed.csv,label,text,label,Verbatim source label or explicit export label; not a numeric measurement.
mechanism.tinyimagenet.per_seed,mechanism__tinyimagenet__per_seed.csv,horizon,number,epochs,Registered completed-epoch endpoint; plateau5 uses horizon-5 through horizon-1.
mechanism.tinyimagenet.per_seed,mechanism__tinyimagenet__per_seed.csv,group_count,all blank / unavailable,count,"Tensor, group, coordinate, or block count as named; do not interchange tensor count and coordinate mass."
mechanism.tinyimagenet.per_seed,mechanism__tinyimagenet__per_seed.csv,normalized_tensor_count_entropy,all blank / unavailable,dimensionless,Supplied normalized tensor-count entropy; not parameter-mass balance.
mechanism.tinyimagenet.per_seed,mechanism__tinyimagenet__per_seed.csv,r,all blank / unavailable,test accuracy percent; differences and SD/SE in percentage points,Supplied flat evidence field; exact quantity is specified by the dataset metric and scope.
mechanism.tinyimagenet.per_seed,mechanism__tinyimagenet__per_seed.csv,meta_stepsize,all blank / unavailable,test accuracy percent; differences and SD/SE in percentage points,Supplied flat evidence field; exact quantity is specified by the dataset metric and scope.
mechanism.tinyimagenet.per_seed,mechanism__tinyimagenet__per_seed.csv,meta_optimizer,all blank / unavailable,label,Verbatim source label or explicit export label; not a numeric measurement.
mechanism.tinyimagenet.per_seed,mechanism__tinyimagenet__per_seed.csv,capture_fraction,all blank / unavailable,fraction,(arm mean - in-batch scalar mean)/(in-batch layerwise mean - scalar mean).
mechanism.tinyimagenet.per_seed,mechanism__tinyimagenet__per_seed.csv,plateau_window_start_epoch,number,test accuracy percent; differences and SD/SE in percentage points,Supplied flat evidence field; exact quantity is specified by the dataset metric and scope.
mechanism.tinyimagenet.per_seed,mechanism__tinyimagenet__per_seed.csv,plateau_window_end_epoch,number,test accuracy percent; differences and SD/SE in percentage points,Supplied flat evidence field; exact quantity is specified by the dataset metric and scope.
mechanism.tinyimagenet.per_seed,mechanism__tinyimagenet__per_seed.csv,config_network,text,configuration,Original run configuration field; missing/unknown legacy values are retained.
mechanism.tinyimagenet.per_seed,mechanism__tinyimagenet__per_seed.csv,config_dataset,text,configuration,Original run configuration field; missing/unknown legacy values are retained.
mechanism.tinyimagenet.per_seed,mechanism__tinyimagenet__per_seed.csv,config_batch_size,text,configuration,Original run configuration field; missing/unknown legacy values are retained.
mechanism.tinyimagenet.per_seed,mechanism__tinyimagenet__per_seed.csv,config_granularity,text,configuration,Original run configuration field; missing/unknown legacy values are retained.
mechanism.tinyimagenet.per_seed,mechanism__tinyimagenet__per_seed.csv,config_base,text,configuration,Original run configuration field; missing/unknown legacy values are retained.
mechanism.tinyimagenet.per_seed,mechanism__tinyimagenet__per_seed.csv,config_meta,text,configuration,Original run configuration field; missing/unknown legacy values are retained.
mechanism.tinyimagenet.per_seed,mechanism__tinyimagenet__per_seed.csv,config_meta_stepsize,text,configuration,Original run configuration field; missing/unknown legacy values are retained.
mechanism.tinyimagenet.per_seed,mechanism__tinyimagenet__per_seed.csv,config_alpha0,text,configuration,Original run configuration field; missing/unknown legacy values are retained.
mechanism.tinyimagenet.per_seed,mechanism__tinyimagenet__per_seed.csv,config_gamma,text,configuration,Original run configuration field; missing/unknown legacy values are retained.
mechanism.tinyimagenet.per_seed,mechanism__tinyimagenet__per_seed.csv,config_augment,text,configuration,Original run configuration field; missing/unknown legacy values are retained.
mechanism.tinyimagenet.per_seed,mechanism__tinyimagenet__per_seed.csv,config_beta_clip,text,configuration,Original run configuration field; missing/unknown legacy values are retained.
mechanism.tinyimagenet.per_seed,mechanism__tinyimagenet__per_seed.csv,config_hier,all blank / unavailable,configuration,Original run configuration field; missing/unknown legacy values are retained.
mechanism.tinyimagenet.per_seed,mechanism__tinyimagenet__per_seed.csv,config_lam,text,configuration,Original run configuration field; missing/unknown legacy values are retained.
mechanism.tinyimagenet.per_seed,mechanism__tinyimagenet__per_seed.csv,config_eta_ratio,text,configuration,Original run configuration field; missing/unknown legacy values are retained.
mechanism.tinyimagenet.per_seed,mechanism__tinyimagenet__per_seed.csv,config_epochs_requested,text,configuration,Original run configuration field; missing/unknown legacy values are retained.
mechanism.tinyimagenet.per_seed,mechanism__tinyimagenet__per_seed.csv,seed,number,seed identifier,"Training random seed, not a sample count."
mechanism.tinyimagenet.per_seed,mechanism__tinyimagenet__per_seed.csv,run,text,label,Verbatim source label or explicit export label; not a numeric measurement.
mechanism.tinyimagenet.per_seed,mechanism__tinyimagenet__per_seed.csv,test_plateau5_percent,number,percent,Supplied percentage-valued measurement; intervals/ranges are not automatically confidence intervals.
mechanism.tinyimagenet.per_seed,mechanism__tinyimagenet__per_seed.csv,train_plateau5_percent,number,percent,Supplied percentage-valued measurement; intervals/ranges are not automatically confidence intervals.
mechanism.tinyimagenet.per_seed,mechanism__tinyimagenet__per_seed.csv,source_ids,text,identifier,Join with sources.csv; vertical bars separate multiple source IDs.
mechanism.tinyimagenet.per_seed,mechanism__tinyimagenet__per_seed.csv,scope,text,text,Scientific scope and restrictions for this dataset.
mechanism.tinyimagenet.per_seed,mechanism__tinyimagenet__per_seed.csv,units,text,text,Units for the numeric metrics in this row; detailed fields are defined here.
mechanism.tinyimagenet.epoch_curves,mechanism__tinyimagenet__epoch_curves.csv,batch,text,label,Verbatim source label or explicit export label; not a numeric measurement.
mechanism.tinyimagenet.epoch_curves,mechanism__tinyimagenet__epoch_curves.csv,arm,text,label,Verbatim source label or explicit export label; not a numeric measurement.
mechanism.tinyimagenet.epoch_curves,mechanism__tinyimagenet__epoch_curves.csv,label,text,label,Verbatim source label or explicit export label; not a numeric measurement.
mechanism.tinyimagenet.epoch_curves,mechanism__tinyimagenet__epoch_curves.csv,seed,number,seed identifier,"Training random seed, not a sample count."
mechanism.tinyimagenet.epoch_curves,mechanism__tinyimagenet__epoch_curves.csv,run,text,label,Verbatim source label or explicit export label; not a numeric measurement.
mechanism.tinyimagenet.epoch_curves,mechanism__tinyimagenet__epoch_curves.csv,epoch,number,epoch,Raw zero-based training epoch index; probe timelines use fractional epochs.
mechanism.tinyimagenet.epoch_curves,mechanism__tinyimagenet__epoch_curves.csv,test_accuracy_percent,number,percent,Supplied percentage-valued measurement; intervals/ranges are not automatically confidence intervals.
mechanism.tinyimagenet.epoch_curves,mechanism__tinyimagenet__epoch_curves.csv,train_accuracy_percent,number,percent,Supplied percentage-valued measurement; intervals/ranges are not automatically confidence intervals.
mechanism.tinyimagenet.epoch_curves,mechanism__tinyimagenet__epoch_curves.csv,source_ids,text,identifier,Join with sources.csv; vertical bars separate multiple source IDs.
mechanism.tinyimagenet.epoch_curves,mechanism__tinyimagenet__epoch_curves.csv,registered_horizon_epochs,number,epochs,Primary registered endpoint for this accuracy panel.
mechanism.tinyimagenet.epoch_curves,mechanism__tinyimagenet__epoch_curves.csv,in_registered_plateau5_window,boolean,boolean,True only for the five raw epochs entering the primary endpoint.
mechanism.tinyimagenet.epoch_curves,mechanism__tinyimagenet__epoch_curves.csv,scope,text,text,Scientific scope and restrictions for this dataset.
mechanism.tinyimagenet.epoch_curves,mechanism__tinyimagenet__epoch_curves.csv,units,text,text,Units for the numeric metrics in this row; detailed fields are defined here.
mechanism.tinyimagenet.contrasts,mechanism__tinyimagenet__contrasts.csv,batch,text,label,Verbatim source label or explicit export label; not a numeric measurement.
mechanism.tinyimagenet.contrasts,mechanism__tinyimagenet__contrasts.csv,minuend,text,percentage points,Supplied flat evidence field; exact quantity is specified by the dataset metric and scope.
mechanism.tinyimagenet.contrasts,mechanism__tinyimagenet__contrasts.csv,subtrahend,text,percentage points,Supplied flat evidence field; exact quantity is specified by the dataset metric and scope.
mechanism.tinyimagenet.contrasts,mechanism__tinyimagenet__contrasts.csv,horizon,number,epochs,Registered completed-epoch endpoint; plateau5 uses horizon-5 through horizon-1.
mechanism.tinyimagenet.contrasts,mechanism__tinyimagenet__contrasts.csv,note,text,label,Verbatim source label or explicit export label; not a numeric measurement.
mechanism.tinyimagenet.contrasts,mechanism__tinyimagenet__contrasts.csv,difference_pp,number,percentage points,Supplied contrast or metric; see the dataset's metric definition for accuracy versus explained variance.
mechanism.tinyimagenet.contrasts,mechanism__tinyimagenet__contrasts.csv,descriptive_unpaired_se_pp,number,accuracy percentage points,Supplied descriptive uncertainty of independent-arm difference; not registered scorer bar.
mechanism.tinyimagenet.contrasts,mechanism__tinyimagenet__contrasts.csv,paired_difference_pp_n,number,paired seeds,Supplied n across paired-seed differences.
mechanism.tinyimagenet.contrasts,mechanism__tinyimagenet__contrasts.csv,paired_difference_pp_mean,number,accuracy percentage points,Supplied mean across paired-seed differences.
mechanism.tinyimagenet.contrasts,mechanism__tinyimagenet__contrasts.csv,paired_difference_pp_sd,number,accuracy percentage points,Supplied sd across paired-seed differences.
mechanism.tinyimagenet.contrasts,mechanism__tinyimagenet__contrasts.csv,paired_difference_pp_se,number,accuracy percentage points,Supplied se across paired-seed differences.
mechanism.tinyimagenet.contrasts,mechanism__tinyimagenet__contrasts.csv,paired_difference_pp_min,number,accuracy percentage points,Supplied min across paired-seed differences.
mechanism.tinyimagenet.contrasts,mechanism__tinyimagenet__contrasts.csv,paired_difference_pp_max,number,accuracy percentage points,Supplied max across paired-seed differences.
mechanism.tinyimagenet.contrasts,mechanism__tinyimagenet__contrasts.csv,source_ids,text,identifier,Join with sources.csv; vertical bars separate multiple source IDs.
mechanism.tinyimagenet.contrasts,mechanism__tinyimagenet__contrasts.csv,scope,text,text,Scientific scope and restrictions for this dataset.
mechanism.tinyimagenet.contrasts,mechanism__tinyimagenet__contrasts.csv,units,text,text,Units for the numeric metrics in this row; detailed fields are defined here.
mechanism.tinyimagenet.paired_seed_contrasts,mechanism__tinyimagenet__paired_seed_contrasts.csv,batch,text,label,Verbatim source label or explicit export label; not a numeric measurement.
mechanism.tinyimagenet.paired_seed_contrasts,mechanism__tinyimagenet__paired_seed_contrasts.csv,minuend,text,percentage points,Supplied flat evidence field; exact quantity is specified by the dataset metric and scope.
mechanism.tinyimagenet.paired_seed_contrasts,mechanism__tinyimagenet__paired_seed_contrasts.csv,subtrahend,text,percentage points,Supplied flat evidence field; exact quantity is specified by the dataset metric and scope.
mechanism.tinyimagenet.paired_seed_contrasts,mechanism__tinyimagenet__paired_seed_contrasts.csv,horizon,number,epochs,Registered completed-epoch endpoint; plateau5 uses horizon-5 through horizon-1.
mechanism.tinyimagenet.paired_seed_contrasts,mechanism__tinyimagenet__paired_seed_contrasts.csv,note,text,label,Verbatim source label or explicit export label; not a numeric measurement.
mechanism.tinyimagenet.paired_seed_contrasts,mechanism__tinyimagenet__paired_seed_contrasts.csv,seed,number,seed identifier,"Training random seed, not a sample count."
mechanism.tinyimagenet.paired_seed_contrasts,mechanism__tinyimagenet__paired_seed_contrasts.csv,paired_difference_pp,number,percentage points,Supplied contrast or metric; see the dataset's metric definition for accuracy versus explained variance.
mechanism.tinyimagenet.paired_seed_contrasts,mechanism__tinyimagenet__paired_seed_contrasts.csv,source_ids,text,identifier,Join with sources.csv; vertical bars separate multiple source IDs.
mechanism.tinyimagenet.paired_seed_contrasts,mechanism__tinyimagenet__paired_seed_contrasts.csv,scope,text,text,Scientific scope and restrictions for this dataset.
mechanism.tinyimagenet.paired_seed_contrasts,mechanism__tinyimagenet__paired_seed_contrasts.csv,units,text,text,Units for the numeric metrics in this row; detailed fields are defined here.
mechanism.r_rescaling_control.arm_summary,mechanism__r_rescaling_control__arm_summary.csv,batch,text,label,Verbatim source label or explicit export label; not a numeric measurement.
mechanism.r_rescaling_control.arm_summary,mechanism__r_rescaling_control__arm_summary.csv,arm,text,label,Verbatim source label or explicit export label; not a numeric measurement.
mechanism.r_rescaling_control.arm_summary,mechanism__r_rescaling_control__arm_summary.csv,label,text,label,Verbatim source label or explicit export label; not a numeric measurement.
mechanism.r_rescaling_control.arm_summary,mechanism__r_rescaling_control__arm_summary.csv,horizon,number,epochs,Registered completed-epoch endpoint; plateau5 uses horizon-5 through horizon-1.
mechanism.r_rescaling_control.arm_summary,mechanism__r_rescaling_control__arm_summary.csv,group_count,all blank / unavailable,count,"Tensor, group, coordinate, or block count as named; do not interchange tensor count and coordinate mass."
mechanism.r_rescaling_control.arm_summary,mechanism__r_rescaling_control__arm_summary.csv,normalized_tensor_count_entropy,all blank / unavailable,dimensionless,Supplied normalized tensor-count entropy; not parameter-mass balance.
mechanism.r_rescaling_control.arm_summary,mechanism__r_rescaling_control__arm_summary.csv,r,number,test accuracy percent; differences and SD/SE in percentage points,Supplied flat evidence field; exact quantity is specified by the dataset metric and scope.
mechanism.r_rescaling_control.arm_summary,mechanism__r_rescaling_control__arm_summary.csv,meta_stepsize,number,test accuracy percent; differences and SD/SE in percentage points,Supplied flat evidence field; exact quantity is specified by the dataset metric and scope.
mechanism.r_rescaling_control.arm_summary,mechanism__r_rescaling_control__arm_summary.csv,meta_optimizer,all blank / unavailable,label,Verbatim source label or explicit export label; not a numeric measurement.
mechanism.r_rescaling_control.arm_summary,mechanism__r_rescaling_control__arm_summary.csv,capture_fraction,all blank / unavailable,fraction,(arm mean - in-batch scalar mean)/(in-batch layerwise mean - scalar mean).
mechanism.r_rescaling_control.arm_summary,mechanism__r_rescaling_control__arm_summary.csv,plateau_window_start_epoch,number,test accuracy percent; differences and SD/SE in percentage points,Supplied flat evidence field; exact quantity is specified by the dataset metric and scope.
mechanism.r_rescaling_control.arm_summary,mechanism__r_rescaling_control__arm_summary.csv,plateau_window_end_epoch,number,test accuracy percent; differences and SD/SE in percentage points,Supplied flat evidence field; exact quantity is specified by the dataset metric and scope.
mechanism.r_rescaling_control.arm_summary,mechanism__r_rescaling_control__arm_summary.csv,config_network,text,configuration,Original run configuration field; missing/unknown legacy values are retained.
mechanism.r_rescaling_control.arm_summary,mechanism__r_rescaling_control__arm_summary.csv,config_dataset,text,configuration,Original run configuration field; missing/unknown legacy values are retained.
mechanism.r_rescaling_control.arm_summary,mechanism__r_rescaling_control__arm_summary.csv,config_batch_size,text,configuration,Original run configuration field; missing/unknown legacy values are retained.
mechanism.r_rescaling_control.arm_summary,mechanism__r_rescaling_control__arm_summary.csv,config_granularity,text,configuration,Original run configuration field; missing/unknown legacy values are retained.
mechanism.r_rescaling_control.arm_summary,mechanism__r_rescaling_control__arm_summary.csv,config_base,text,configuration,Original run configuration field; missing/unknown legacy values are retained.
mechanism.r_rescaling_control.arm_summary,mechanism__r_rescaling_control__arm_summary.csv,config_meta,text,configuration,Original run configuration field; missing/unknown legacy values are retained.
mechanism.r_rescaling_control.arm_summary,mechanism__r_rescaling_control__arm_summary.csv,config_meta_stepsize,text,configuration,Original run configuration field; missing/unknown legacy values are retained.
mechanism.r_rescaling_control.arm_summary,mechanism__r_rescaling_control__arm_summary.csv,config_alpha0,text,configuration,Original run configuration field; missing/unknown legacy values are retained.
mechanism.r_rescaling_control.arm_summary,mechanism__r_rescaling_control__arm_summary.csv,config_gamma,text,configuration,Original run configuration field; missing/unknown legacy values are retained.
mechanism.r_rescaling_control.arm_summary,mechanism__r_rescaling_control__arm_summary.csv,config_augment,text,configuration,Original run configuration field; missing/unknown legacy values are retained.
mechanism.r_rescaling_control.arm_summary,mechanism__r_rescaling_control__arm_summary.csv,config_beta_clip,text,configuration,Original run configuration field; missing/unknown legacy values are retained.
mechanism.r_rescaling_control.arm_summary,mechanism__r_rescaling_control__arm_summary.csv,config_hier,text,configuration,Original run configuration field; missing/unknown legacy values are retained.
mechanism.r_rescaling_control.arm_summary,mechanism__r_rescaling_control__arm_summary.csv,config_lam,text,configuration,Original run configuration field; missing/unknown legacy values are retained.
mechanism.r_rescaling_control.arm_summary,mechanism__r_rescaling_control__arm_summary.csv,config_eta_ratio,text,configuration,Original run configuration field; missing/unknown legacy values are retained.
mechanism.r_rescaling_control.arm_summary,mechanism__r_rescaling_control__arm_summary.csv,config_epochs_requested,text,configuration,Original run configuration field; missing/unknown legacy values are retained.
mechanism.r_rescaling_control.arm_summary,mechanism__r_rescaling_control__arm_summary.csv,test_percent_n,number,training seeds,Number of per-seed plateau5 values in this arm.
mechanism.r_rescaling_control.arm_summary,mechanism__r_rescaling_control__arm_summary.csv,test_percent_mean,number,accuracy percent,Supplied mean of per-seed plateau5; SD uses ddof=1 and SE uses SD/sqrt(n).
mechanism.r_rescaling_control.arm_summary,mechanism__r_rescaling_control__arm_summary.csv,test_percent_sd,number,accuracy percentage points,Supplied sd of per-seed plateau5; SD uses ddof=1 and SE uses SD/sqrt(n).
mechanism.r_rescaling_control.arm_summary,mechanism__r_rescaling_control__arm_summary.csv,test_percent_se,number,accuracy percentage points,Supplied se of per-seed plateau5; SD uses ddof=1 and SE uses SD/sqrt(n).
mechanism.r_rescaling_control.arm_summary,mechanism__r_rescaling_control__arm_summary.csv,test_percent_min,number,accuracy percent,Supplied min of per-seed plateau5; SD uses ddof=1 and SE uses SD/sqrt(n).
mechanism.r_rescaling_control.arm_summary,mechanism__r_rescaling_control__arm_summary.csv,test_percent_max,number,accuracy percent,Supplied max of per-seed plateau5; SD uses ddof=1 and SE uses SD/sqrt(n).
mechanism.r_rescaling_control.arm_summary,mechanism__r_rescaling_control__arm_summary.csv,train_percent_n,number,training seeds,Number of per-seed plateau5 values in this arm.
mechanism.r_rescaling_control.arm_summary,mechanism__r_rescaling_control__arm_summary.csv,train_percent_mean,number,accuracy percent,Supplied mean of per-seed plateau5; SD uses ddof=1 and SE uses SD/sqrt(n).
mechanism.r_rescaling_control.arm_summary,mechanism__r_rescaling_control__arm_summary.csv,train_percent_sd,number,accuracy percentage points,Supplied sd of per-seed plateau5; SD uses ddof=1 and SE uses SD/sqrt(n).
mechanism.r_rescaling_control.arm_summary,mechanism__r_rescaling_control__arm_summary.csv,train_percent_se,number,accuracy percentage points,Supplied se of per-seed plateau5; SD uses ddof=1 and SE uses SD/sqrt(n).
mechanism.r_rescaling_control.arm_summary,mechanism__r_rescaling_control__arm_summary.csv,train_percent_min,number,accuracy percent,Supplied min of per-seed plateau5; SD uses ddof=1 and SE uses SD/sqrt(n).
mechanism.r_rescaling_control.arm_summary,mechanism__r_rescaling_control__arm_summary.csv,train_percent_max,number,accuracy percent,Supplied max of per-seed plateau5; SD uses ddof=1 and SE uses SD/sqrt(n).
mechanism.r_rescaling_control.arm_summary,mechanism__r_rescaling_control__arm_summary.csv,source_ids,text,identifier,Join with sources.csv; vertical bars separate multiple source IDs.
mechanism.r_rescaling_control.arm_summary,mechanism__r_rescaling_control__arm_summary.csv,scope,text,text,Scientific scope and restrictions for this dataset.
mechanism.r_rescaling_control.arm_summary,mechanism__r_rescaling_control__arm_summary.csv,units,text,text,Units for the numeric metrics in this row; detailed fields are defined here.
mechanism.r_rescaling_control.per_seed,mechanism__r_rescaling_control__per_seed.csv,batch,text,label,Verbatim source label or explicit export label; not a numeric measurement.
mechanism.r_rescaling_control.per_seed,mechanism__r_rescaling_control__per_seed.csv,arm,text,label,Verbatim source label or explicit export label; not a numeric measurement.
mechanism.r_rescaling_control.per_seed,mechanism__r_rescaling_control__per_seed.csv,label,text,label,Verbatim source label or explicit export label; not a numeric measurement.
mechanism.r_rescaling_control.per_seed,mechanism__r_rescaling_control__per_seed.csv,horizon,number,epochs,Registered completed-epoch endpoint; plateau5 uses horizon-5 through horizon-1.
mechanism.r_rescaling_control.per_seed,mechanism__r_rescaling_control__per_seed.csv,group_count,all blank / unavailable,count,"Tensor, group, coordinate, or block count as named; do not interchange tensor count and coordinate mass."
mechanism.r_rescaling_control.per_seed,mechanism__r_rescaling_control__per_seed.csv,normalized_tensor_count_entropy,all blank / unavailable,dimensionless,Supplied normalized tensor-count entropy; not parameter-mass balance.
mechanism.r_rescaling_control.per_seed,mechanism__r_rescaling_control__per_seed.csv,r,number,test accuracy percent; differences and SD/SE in percentage points,Supplied flat evidence field; exact quantity is specified by the dataset metric and scope.
mechanism.r_rescaling_control.per_seed,mechanism__r_rescaling_control__per_seed.csv,meta_stepsize,number,test accuracy percent; differences and SD/SE in percentage points,Supplied flat evidence field; exact quantity is specified by the dataset metric and scope.
mechanism.r_rescaling_control.per_seed,mechanism__r_rescaling_control__per_seed.csv,meta_optimizer,all blank / unavailable,label,Verbatim source label or explicit export label; not a numeric measurement.
mechanism.r_rescaling_control.per_seed,mechanism__r_rescaling_control__per_seed.csv,capture_fraction,all blank / unavailable,fraction,(arm mean - in-batch scalar mean)/(in-batch layerwise mean - scalar mean).
mechanism.r_rescaling_control.per_seed,mechanism__r_rescaling_control__per_seed.csv,plateau_window_start_epoch,number,test accuracy percent; differences and SD/SE in percentage points,Supplied flat evidence field; exact quantity is specified by the dataset metric and scope.
mechanism.r_rescaling_control.per_seed,mechanism__r_rescaling_control__per_seed.csv,plateau_window_end_epoch,number,test accuracy percent; differences and SD/SE in percentage points,Supplied flat evidence field; exact quantity is specified by the dataset metric and scope.
mechanism.r_rescaling_control.per_seed,mechanism__r_rescaling_control__per_seed.csv,config_network,text,configuration,Original run configuration field; missing/unknown legacy values are retained.
mechanism.r_rescaling_control.per_seed,mechanism__r_rescaling_control__per_seed.csv,config_dataset,text,configuration,Original run configuration field; missing/unknown legacy values are retained.
mechanism.r_rescaling_control.per_seed,mechanism__r_rescaling_control__per_seed.csv,config_batch_size,text,configuration,Original run configuration field; missing/unknown legacy values are retained.
mechanism.r_rescaling_control.per_seed,mechanism__r_rescaling_control__per_seed.csv,config_granularity,text,configuration,Original run configuration field; missing/unknown legacy values are retained.
mechanism.r_rescaling_control.per_seed,mechanism__r_rescaling_control__per_seed.csv,config_base,text,configuration,Original run configuration field; missing/unknown legacy values are retained.
mechanism.r_rescaling_control.per_seed,mechanism__r_rescaling_control__per_seed.csv,config_meta,text,configuration,Original run configuration field; missing/unknown legacy values are retained.
mechanism.r_rescaling_control.per_seed,mechanism__r_rescaling_control__per_seed.csv,config_meta_stepsize,text,configuration,Original run configuration field; missing/unknown legacy values are retained.
mechanism.r_rescaling_control.per_seed,mechanism__r_rescaling_control__per_seed.csv,config_alpha0,text,configuration,Original run configuration field; missing/unknown legacy values are retained.
mechanism.r_rescaling_control.per_seed,mechanism__r_rescaling_control__per_seed.csv,config_gamma,text,configuration,Original run configuration field; missing/unknown legacy values are retained.
mechanism.r_rescaling_control.per_seed,mechanism__r_rescaling_control__per_seed.csv,config_augment,text,configuration,Original run configuration field; missing/unknown legacy values are retained.
mechanism.r_rescaling_control.per_seed,mechanism__r_rescaling_control__per_seed.csv,config_beta_clip,text,configuration,Original run configuration field; missing/unknown legacy values are retained.
mechanism.r_rescaling_control.per_seed,mechanism__r_rescaling_control__per_seed.csv,config_hier,text,configuration,Original run configuration field; missing/unknown legacy values are retained.
mechanism.r_rescaling_control.per_seed,mechanism__r_rescaling_control__per_seed.csv,config_lam,text,configuration,Original run configuration field; missing/unknown legacy values are retained.
mechanism.r_rescaling_control.per_seed,mechanism__r_rescaling_control__per_seed.csv,config_eta_ratio,text,configuration,Original run configuration field; missing/unknown legacy values are retained.
mechanism.r_rescaling_control.per_seed,mechanism__r_rescaling_control__per_seed.csv,config_epochs_requested,text,configuration,Original run configuration field; missing/unknown legacy values are retained.
mechanism.r_rescaling_control.per_seed,mechanism__r_rescaling_control__per_seed.csv,seed,number,seed identifier,"Training random seed, not a sample count."
mechanism.r_rescaling_control.per_seed,mechanism__r_rescaling_control__per_seed.csv,run,text,label,Verbatim source label or explicit export label; not a numeric measurement.
mechanism.r_rescaling_control.per_seed,mechanism__r_rescaling_control__per_seed.csv,test_plateau5_percent,number,percent,Supplied percentage-valued measurement; intervals/ranges are not automatically confidence intervals.
mechanism.r_rescaling_control.per_seed,mechanism__r_rescaling_control__per_seed.csv,train_plateau5_percent,number,percent,Supplied percentage-valued measurement; intervals/ranges are not automatically confidence intervals.
mechanism.r_rescaling_control.per_seed,mechanism__r_rescaling_control__per_seed.csv,source_ids,text,identifier,Join with sources.csv; vertical bars separate multiple source IDs.
mechanism.r_rescaling_control.per_seed,mechanism__r_rescaling_control__per_seed.csv,scope,text,text,Scientific scope and restrictions for this dataset.
mechanism.r_rescaling_control.per_seed,mechanism__r_rescaling_control__per_seed.csv,units,text,text,Units for the numeric metrics in this row; detailed fields are defined here.
mechanism.r_rescaling_control.epoch_curves,mechanism__r_rescaling_control__epoch_curves.csv,batch,text,label,Verbatim source label or explicit export label; not a numeric measurement.
mechanism.r_rescaling_control.epoch_curves,mechanism__r_rescaling_control__epoch_curves.csv,arm,text,label,Verbatim source label or explicit export label; not a numeric measurement.
mechanism.r_rescaling_control.epoch_curves,mechanism__r_rescaling_control__epoch_curves.csv,label,text,label,Verbatim source label or explicit export label; not a numeric measurement.
mechanism.r_rescaling_control.epoch_curves,mechanism__r_rescaling_control__epoch_curves.csv,seed,number,seed identifier,"Training random seed, not a sample count."
mechanism.r_rescaling_control.epoch_curves,mechanism__r_rescaling_control__epoch_curves.csv,run,text,label,Verbatim source label or explicit export label; not a numeric measurement.
mechanism.r_rescaling_control.epoch_curves,mechanism__r_rescaling_control__epoch_curves.csv,epoch,number,epoch,Raw zero-based training epoch index; probe timelines use fractional epochs.
mechanism.r_rescaling_control.epoch_curves,mechanism__r_rescaling_control__epoch_curves.csv,test_accuracy_percent,number,percent,Supplied percentage-valued measurement; intervals/ranges are not automatically confidence intervals.
mechanism.r_rescaling_control.epoch_curves,mechanism__r_rescaling_control__epoch_curves.csv,train_accuracy_percent,number,percent,Supplied percentage-valued measurement; intervals/ranges are not automatically confidence intervals.
mechanism.r_rescaling_control.epoch_curves,mechanism__r_rescaling_control__epoch_curves.csv,source_ids,text,identifier,Join with sources.csv; vertical bars separate multiple source IDs.
mechanism.r_rescaling_control.epoch_curves,mechanism__r_rescaling_control__epoch_curves.csv,registered_horizon_epochs,number,epochs,Primary registered endpoint for this accuracy panel.
mechanism.r_rescaling_control.epoch_curves,mechanism__r_rescaling_control__epoch_curves.csv,in_registered_plateau5_window,boolean,boolean,True only for the five raw epochs entering the primary endpoint.
mechanism.r_rescaling_control.epoch_curves,mechanism__r_rescaling_control__epoch_curves.csv,scope,text,text,Scientific scope and restrictions for this dataset.
mechanism.r_rescaling_control.epoch_curves,mechanism__r_rescaling_control__epoch_curves.csv,units,text,text,Units for the numeric metrics in this row; detailed fields are defined here.
mechanism.two_level_shrinkage.arm_summary,mechanism__two_level_shrinkage__arm_summary.csv,batch,text,label,Verbatim source label or explicit export label; not a numeric measurement.
mechanism.two_level_shrinkage.arm_summary,mechanism__two_level_shrinkage__arm_summary.csv,arm,text,label,Verbatim source label or explicit export label; not a numeric measurement.
mechanism.two_level_shrinkage.arm_summary,mechanism__two_level_shrinkage__arm_summary.csv,label,text,label,Verbatim source label or explicit export label; not a numeric measurement.
mechanism.two_level_shrinkage.arm_summary,mechanism__two_level_shrinkage__arm_summary.csv,horizon,number,epochs,Registered completed-epoch endpoint; plateau5 uses horizon-5 through horizon-1.
mechanism.two_level_shrinkage.arm_summary,mechanism__two_level_shrinkage__arm_summary.csv,group_count,all blank / unavailable,count,"Tensor, group, coordinate, or block count as named; do not interchange tensor count and coordinate mass."
mechanism.two_level_shrinkage.arm_summary,mechanism__two_level_shrinkage__arm_summary.csv,normalized_tensor_count_entropy,all blank / unavailable,dimensionless,Supplied normalized tensor-count entropy; not parameter-mass balance.
mechanism.two_level_shrinkage.arm_summary,mechanism__two_level_shrinkage__arm_summary.csv,r,all blank / unavailable,test accuracy percent; differences and SD/SE in percentage points,Supplied flat evidence field; exact quantity is specified by the dataset metric and scope.
mechanism.two_level_shrinkage.arm_summary,mechanism__two_level_shrinkage__arm_summary.csv,meta_stepsize,all blank / unavailable,test accuracy percent; differences and SD/SE in percentage points,Supplied flat evidence field; exact quantity is specified by the dataset metric and scope.
mechanism.two_level_shrinkage.arm_summary,mechanism__two_level_shrinkage__arm_summary.csv,meta_optimizer,all blank / unavailable,label,Verbatim source label or explicit export label; not a numeric measurement.
mechanism.two_level_shrinkage.arm_summary,mechanism__two_level_shrinkage__arm_summary.csv,capture_fraction,all blank / unavailable,fraction,(arm mean - in-batch scalar mean)/(in-batch layerwise mean - scalar mean).
mechanism.two_level_shrinkage.arm_summary,mechanism__two_level_shrinkage__arm_summary.csv,plateau_window_start_epoch,number,test accuracy percent; differences and SD/SE in percentage points,Supplied flat evidence field; exact quantity is specified by the dataset metric and scope.
mechanism.two_level_shrinkage.arm_summary,mechanism__two_level_shrinkage__arm_summary.csv,plateau_window_end_epoch,number,test accuracy percent; differences and SD/SE in percentage points,Supplied flat evidence field; exact quantity is specified by the dataset metric and scope.
mechanism.two_level_shrinkage.arm_summary,mechanism__two_level_shrinkage__arm_summary.csv,config_network,text,configuration,Original run configuration field; missing/unknown legacy values are retained.
mechanism.two_level_shrinkage.arm_summary,mechanism__two_level_shrinkage__arm_summary.csv,config_dataset,text,configuration,Original run configuration field; missing/unknown legacy values are retained.
mechanism.two_level_shrinkage.arm_summary,mechanism__two_level_shrinkage__arm_summary.csv,config_batch_size,text,configuration,Original run configuration field; missing/unknown legacy values are retained.
mechanism.two_level_shrinkage.arm_summary,mechanism__two_level_shrinkage__arm_summary.csv,config_granularity,text,configuration,Original run configuration field; missing/unknown legacy values are retained.
mechanism.two_level_shrinkage.arm_summary,mechanism__two_level_shrinkage__arm_summary.csv,config_base,text,configuration,Original run configuration field; missing/unknown legacy values are retained.
mechanism.two_level_shrinkage.arm_summary,mechanism__two_level_shrinkage__arm_summary.csv,config_meta,text,configuration,Original run configuration field; missing/unknown legacy values are retained.
mechanism.two_level_shrinkage.arm_summary,mechanism__two_level_shrinkage__arm_summary.csv,config_meta_stepsize,text,configuration,Original run configuration field; missing/unknown legacy values are retained.
mechanism.two_level_shrinkage.arm_summary,mechanism__two_level_shrinkage__arm_summary.csv,config_alpha0,text,configuration,Original run configuration field; missing/unknown legacy values are retained.
mechanism.two_level_shrinkage.arm_summary,mechanism__two_level_shrinkage__arm_summary.csv,config_gamma,text,configuration,Original run configuration field; missing/unknown legacy values are retained.
mechanism.two_level_shrinkage.arm_summary,mechanism__two_level_shrinkage__arm_summary.csv,config_augment,text,configuration,Original run configuration field; missing/unknown legacy values are retained.
mechanism.two_level_shrinkage.arm_summary,mechanism__two_level_shrinkage__arm_summary.csv,config_beta_clip,text,configuration,Original run configuration field; missing/unknown legacy values are retained.
mechanism.two_level_shrinkage.arm_summary,mechanism__two_level_shrinkage__arm_summary.csv,config_hier,text,configuration,Original run configuration field; missing/unknown legacy values are retained.
mechanism.two_level_shrinkage.arm_summary,mechanism__two_level_shrinkage__arm_summary.csv,config_lam,text,configuration,Original run configuration field; missing/unknown legacy values are retained.
mechanism.two_level_shrinkage.arm_summary,mechanism__two_level_shrinkage__arm_summary.csv,config_eta_ratio,text,configuration,Original run configuration field; missing/unknown legacy values are retained.
mechanism.two_level_shrinkage.arm_summary,mechanism__two_level_shrinkage__arm_summary.csv,config_epochs_requested,text,configuration,Original run configuration field; missing/unknown legacy values are retained.
mechanism.two_level_shrinkage.arm_summary,mechanism__two_level_shrinkage__arm_summary.csv,test_percent_n,number,training seeds,Number of per-seed plateau5 values in this arm.
mechanism.two_level_shrinkage.arm_summary,mechanism__two_level_shrinkage__arm_summary.csv,test_percent_mean,number,accuracy percent,Supplied mean of per-seed plateau5; SD uses ddof=1 and SE uses SD/sqrt(n).
mechanism.two_level_shrinkage.arm_summary,mechanism__two_level_shrinkage__arm_summary.csv,test_percent_sd,number,accuracy percentage points,Supplied sd of per-seed plateau5; SD uses ddof=1 and SE uses SD/sqrt(n).
mechanism.two_level_shrinkage.arm_summary,mechanism__two_level_shrinkage__arm_summary.csv,test_percent_se,number,accuracy percentage points,Supplied se of per-seed plateau5; SD uses ddof=1 and SE uses SD/sqrt(n).
mechanism.two_level_shrinkage.arm_summary,mechanism__two_level_shrinkage__arm_summary.csv,test_percent_min,number,accuracy percent,Supplied min of per-seed plateau5; SD uses ddof=1 and SE uses SD/sqrt(n).
mechanism.two_level_shrinkage.arm_summary,mechanism__two_level_shrinkage__arm_summary.csv,test_percent_max,number,accuracy percent,Supplied max of per-seed plateau5; SD uses ddof=1 and SE uses SD/sqrt(n).
mechanism.two_level_shrinkage.arm_summary,mechanism__two_level_shrinkage__arm_summary.csv,train_percent_n,number,training seeds,Number of per-seed plateau5 values in this arm.
mechanism.two_level_shrinkage.arm_summary,mechanism__two_level_shrinkage__arm_summary.csv,train_percent_mean,number,accuracy percent,Supplied mean of per-seed plateau5; SD uses ddof=1 and SE uses SD/sqrt(n).
mechanism.two_level_shrinkage.arm_summary,mechanism__two_level_shrinkage__arm_summary.csv,train_percent_sd,number,accuracy percentage points,Supplied sd of per-seed plateau5; SD uses ddof=1 and SE uses SD/sqrt(n).
mechanism.two_level_shrinkage.arm_summary,mechanism__two_level_shrinkage__arm_summary.csv,train_percent_se,number,accuracy percentage points,Supplied se of per-seed plateau5; SD uses ddof=1 and SE uses SD/sqrt(n).
mechanism.two_level_shrinkage.arm_summary,mechanism__two_level_shrinkage__arm_summary.csv,train_percent_min,number,accuracy percent,Supplied min of per-seed plateau5; SD uses ddof=1 and SE uses SD/sqrt(n).
mechanism.two_level_shrinkage.arm_summary,mechanism__two_level_shrinkage__arm_summary.csv,train_percent_max,number,accuracy percent,Supplied max of per-seed plateau5; SD uses ddof=1 and SE uses SD/sqrt(n).
mechanism.two_level_shrinkage.arm_summary,mechanism__two_level_shrinkage__arm_summary.csv,source_ids,text,identifier,Join with sources.csv; vertical bars separate multiple source IDs.
mechanism.two_level_shrinkage.arm_summary,mechanism__two_level_shrinkage__arm_summary.csv,scope,text,text,Scientific scope and restrictions for this dataset.
mechanism.two_level_shrinkage.arm_summary,mechanism__two_level_shrinkage__arm_summary.csv,units,text,text,Units for the numeric metrics in this row; detailed fields are defined here.
mechanism.two_level_shrinkage.per_seed,mechanism__two_level_shrinkage__per_seed.csv,batch,text,label,Verbatim source label or explicit export label; not a numeric measurement.
mechanism.two_level_shrinkage.per_seed,mechanism__two_level_shrinkage__per_seed.csv,arm,text,label,Verbatim source label or explicit export label; not a numeric measurement.
mechanism.two_level_shrinkage.per_seed,mechanism__two_level_shrinkage__per_seed.csv,label,text,label,Verbatim source label or explicit export label; not a numeric measurement.
mechanism.two_level_shrinkage.per_seed,mechanism__two_level_shrinkage__per_seed.csv,horizon,number,epochs,Registered completed-epoch endpoint; plateau5 uses horizon-5 through horizon-1.
mechanism.two_level_shrinkage.per_seed,mechanism__two_level_shrinkage__per_seed.csv,group_count,all blank / unavailable,count,"Tensor, group, coordinate, or block count as named; do not interchange tensor count and coordinate mass."
mechanism.two_level_shrinkage.per_seed,mechanism__two_level_shrinkage__per_seed.csv,normalized_tensor_count_entropy,all blank / unavailable,dimensionless,Supplied normalized tensor-count entropy; not parameter-mass balance.
mechanism.two_level_shrinkage.per_seed,mechanism__two_level_shrinkage__per_seed.csv,r,all blank / unavailable,test accuracy percent; differences and SD/SE in percentage points,Supplied flat evidence field; exact quantity is specified by the dataset metric and scope.
mechanism.two_level_shrinkage.per_seed,mechanism__two_level_shrinkage__per_seed.csv,meta_stepsize,all blank / unavailable,test accuracy percent; differences and SD/SE in percentage points,Supplied flat evidence field; exact quantity is specified by the dataset metric and scope.
mechanism.two_level_shrinkage.per_seed,mechanism__two_level_shrinkage__per_seed.csv,meta_optimizer,all blank / unavailable,label,Verbatim source label or explicit export label; not a numeric measurement.
mechanism.two_level_shrinkage.per_seed,mechanism__two_level_shrinkage__per_seed.csv,capture_fraction,all blank / unavailable,fraction,(arm mean - in-batch scalar mean)/(in-batch layerwise mean - scalar mean).
mechanism.two_level_shrinkage.per_seed,mechanism__two_level_shrinkage__per_seed.csv,plateau_window_start_epoch,number,test accuracy percent; differences and SD/SE in percentage points,Supplied flat evidence field; exact quantity is specified by the dataset metric and scope.
mechanism.two_level_shrinkage.per_seed,mechanism__two_level_shrinkage__per_seed.csv,plateau_window_end_epoch,number,test accuracy percent; differences and SD/SE in percentage points,Supplied flat evidence field; exact quantity is specified by the dataset metric and scope.
mechanism.two_level_shrinkage.per_seed,mechanism__two_level_shrinkage__per_seed.csv,config_network,text,configuration,Original run configuration field; missing/unknown legacy values are retained.
mechanism.two_level_shrinkage.per_seed,mechanism__two_level_shrinkage__per_seed.csv,config_dataset,text,configuration,Original run configuration field; missing/unknown legacy values are retained.
mechanism.two_level_shrinkage.per_seed,mechanism__two_level_shrinkage__per_seed.csv,config_batch_size,text,configuration,Original run configuration field; missing/unknown legacy values are retained.
mechanism.two_level_shrinkage.per_seed,mechanism__two_level_shrinkage__per_seed.csv,config_granularity,text,configuration,Original run configuration field; missing/unknown legacy values are retained.
mechanism.two_level_shrinkage.per_seed,mechanism__two_level_shrinkage__per_seed.csv,config_base,text,configuration,Original run configuration field; missing/unknown legacy values are retained.
mechanism.two_level_shrinkage.per_seed,mechanism__two_level_shrinkage__per_seed.csv,config_meta,text,configuration,Original run configuration field; missing/unknown legacy values are retained.
mechanism.two_level_shrinkage.per_seed,mechanism__two_level_shrinkage__per_seed.csv,config_meta_stepsize,text,configuration,Original run configuration field; missing/unknown legacy values are retained.
mechanism.two_level_shrinkage.per_seed,mechanism__two_level_shrinkage__per_seed.csv,config_alpha0,text,configuration,Original run configuration field; missing/unknown legacy values are retained.
mechanism.two_level_shrinkage.per_seed,mechanism__two_level_shrinkage__per_seed.csv,config_gamma,text,configuration,Original run configuration field; missing/unknown legacy values are retained.
mechanism.two_level_shrinkage.per_seed,mechanism__two_level_shrinkage__per_seed.csv,config_augment,text,configuration,Original run configuration field; missing/unknown legacy values are retained.
mechanism.two_level_shrinkage.per_seed,mechanism__two_level_shrinkage__per_seed.csv,config_beta_clip,text,configuration,Original run configuration field; missing/unknown legacy values are retained.
mechanism.two_level_shrinkage.per_seed,mechanism__two_level_shrinkage__per_seed.csv,config_hier,text,configuration,Original run configuration field; missing/unknown legacy values are retained.
mechanism.two_level_shrinkage.per_seed,mechanism__two_level_shrinkage__per_seed.csv,config_lam,text,configuration,Original run configuration field; missing/unknown legacy values are retained.
mechanism.two_level_shrinkage.per_seed,mechanism__two_level_shrinkage__per_seed.csv,config_eta_ratio,text,configuration,Original run configuration field; missing/unknown legacy values are retained.
mechanism.two_level_shrinkage.per_seed,mechanism__two_level_shrinkage__per_seed.csv,config_epochs_requested,text,configuration,Original run configuration field; missing/unknown legacy values are retained.
mechanism.two_level_shrinkage.per_seed,mechanism__two_level_shrinkage__per_seed.csv,seed,number,seed identifier,"Training random seed, not a sample count."
mechanism.two_level_shrinkage.per_seed,mechanism__two_level_shrinkage__per_seed.csv,run,text,label,Verbatim source label or explicit export label; not a numeric measurement.
mechanism.two_level_shrinkage.per_seed,mechanism__two_level_shrinkage__per_seed.csv,test_plateau5_percent,number,percent,Supplied percentage-valued measurement; intervals/ranges are not automatically confidence intervals.
mechanism.two_level_shrinkage.per_seed,mechanism__two_level_shrinkage__per_seed.csv,train_plateau5_percent,number,percent,Supplied percentage-valued measurement; intervals/ranges are not automatically confidence intervals.
mechanism.two_level_shrinkage.per_seed,mechanism__two_level_shrinkage__per_seed.csv,source_ids,text,identifier,Join with sources.csv; vertical bars separate multiple source IDs.
mechanism.two_level_shrinkage.per_seed,mechanism__two_level_shrinkage__per_seed.csv,scope,text,text,Scientific scope and restrictions for this dataset.
mechanism.two_level_shrinkage.per_seed,mechanism__two_level_shrinkage__per_seed.csv,units,text,text,Units for the numeric metrics in this row; detailed fields are defined here.
mechanism.two_level_shrinkage.epoch_curves,mechanism__two_level_shrinkage__epoch_curves.csv,batch,text,label,Verbatim source label or explicit export label; not a numeric measurement.
mechanism.two_level_shrinkage.epoch_curves,mechanism__two_level_shrinkage__epoch_curves.csv,arm,text,label,Verbatim source label or explicit export label; not a numeric measurement.
mechanism.two_level_shrinkage.epoch_curves,mechanism__two_level_shrinkage__epoch_curves.csv,label,text,label,Verbatim source label or explicit export label; not a numeric measurement.
mechanism.two_level_shrinkage.epoch_curves,mechanism__two_level_shrinkage__epoch_curves.csv,seed,number,seed identifier,"Training random seed, not a sample count."
mechanism.two_level_shrinkage.epoch_curves,mechanism__two_level_shrinkage__epoch_curves.csv,run,text,label,Verbatim source label or explicit export label; not a numeric measurement.
mechanism.two_level_shrinkage.epoch_curves,mechanism__two_level_shrinkage__epoch_curves.csv,epoch,number,epoch,Raw zero-based training epoch index; probe timelines use fractional epochs.
mechanism.two_level_shrinkage.epoch_curves,mechanism__two_level_shrinkage__epoch_curves.csv,test_accuracy_percent,number,percent,Supplied percentage-valued measurement; intervals/ranges are not automatically confidence intervals.
mechanism.two_level_shrinkage.epoch_curves,mechanism__two_level_shrinkage__epoch_curves.csv,train_accuracy_percent,number,percent,Supplied percentage-valued measurement; intervals/ranges are not automatically confidence intervals.
mechanism.two_level_shrinkage.epoch_curves,mechanism__two_level_shrinkage__epoch_curves.csv,source_ids,text,identifier,Join with sources.csv; vertical bars separate multiple source IDs.
mechanism.two_level_shrinkage.epoch_curves,mechanism__two_level_shrinkage__epoch_curves.csv,registered_horizon_epochs,number,epochs,Primary registered endpoint for this accuracy panel.
mechanism.two_level_shrinkage.epoch_curves,mechanism__two_level_shrinkage__epoch_curves.csv,in_registered_plateau5_window,boolean,boolean,True only for the five raw epochs entering the primary endpoint.
mechanism.two_level_shrinkage.epoch_curves,mechanism__two_level_shrinkage__epoch_curves.csv,scope,text,text,Scientific scope and restrictions for this dataset.
mechanism.two_level_shrinkage.epoch_curves,mechanism__two_level_shrinkage__epoch_curves.csv,units,text,text,Units for the numeric metrics in this row; detailed fields are defined here.
mechanism.empirical_bayes.arm_summary,mechanism__empirical_bayes__arm_summary.csv,batch,text,label,Verbatim source label or explicit export label; not a numeric measurement.
mechanism.empirical_bayes.arm_summary,mechanism__empirical_bayes__arm_summary.csv,arm,text,label,Verbatim source label or explicit export label; not a numeric measurement.
mechanism.empirical_bayes.arm_summary,mechanism__empirical_bayes__arm_summary.csv,label,text,label,Verbatim source label or explicit export label; not a numeric measurement.
mechanism.empirical_bayes.arm_summary,mechanism__empirical_bayes__arm_summary.csv,horizon,number,epochs,Registered completed-epoch endpoint; plateau5 uses horizon-5 through horizon-1.
mechanism.empirical_bayes.arm_summary,mechanism__empirical_bayes__arm_summary.csv,group_count,all blank / unavailable,count,"Tensor, group, coordinate, or block count as named; do not interchange tensor count and coordinate mass."
mechanism.empirical_bayes.arm_summary,mechanism__empirical_bayes__arm_summary.csv,normalized_tensor_count_entropy,all blank / unavailable,dimensionless,Supplied normalized tensor-count entropy; not parameter-mass balance.
mechanism.empirical_bayes.arm_summary,mechanism__empirical_bayes__arm_summary.csv,r,all blank / unavailable,test accuracy percent; differences and SD/SE in percentage points,Supplied flat evidence field; exact quantity is specified by the dataset metric and scope.
mechanism.empirical_bayes.arm_summary,mechanism__empirical_bayes__arm_summary.csv,meta_stepsize,all blank / unavailable,test accuracy percent; differences and SD/SE in percentage points,Supplied flat evidence field; exact quantity is specified by the dataset metric and scope.
mechanism.empirical_bayes.arm_summary,mechanism__empirical_bayes__arm_summary.csv,meta_optimizer,all blank / unavailable,label,Verbatim source label or explicit export label; not a numeric measurement.
mechanism.empirical_bayes.arm_summary,mechanism__empirical_bayes__arm_summary.csv,capture_fraction,all blank / unavailable,fraction,(arm mean - in-batch scalar mean)/(in-batch layerwise mean - scalar mean).
mechanism.empirical_bayes.arm_summary,mechanism__empirical_bayes__arm_summary.csv,plateau_window_start_epoch,number,test accuracy percent; differences and SD/SE in percentage points,Supplied flat evidence field; exact quantity is specified by the dataset metric and scope.
mechanism.empirical_bayes.arm_summary,mechanism__empirical_bayes__arm_summary.csv,plateau_window_end_epoch,number,test accuracy percent; differences and SD/SE in percentage points,Supplied flat evidence field; exact quantity is specified by the dataset metric and scope.
mechanism.empirical_bayes.arm_summary,mechanism__empirical_bayes__arm_summary.csv,config_network,text,configuration,Original run configuration field; missing/unknown legacy values are retained.
mechanism.empirical_bayes.arm_summary,mechanism__empirical_bayes__arm_summary.csv,config_dataset,text,configuration,Original run configuration field; missing/unknown legacy values are retained.
mechanism.empirical_bayes.arm_summary,mechanism__empirical_bayes__arm_summary.csv,config_batch_size,text,configuration,Original run configuration field; missing/unknown legacy values are retained.
mechanism.empirical_bayes.arm_summary,mechanism__empirical_bayes__arm_summary.csv,config_granularity,text,configuration,Original run configuration field; missing/unknown legacy values are retained.
mechanism.empirical_bayes.arm_summary,mechanism__empirical_bayes__arm_summary.csv,config_base,text,configuration,Original run configuration field; missing/unknown legacy values are retained.
mechanism.empirical_bayes.arm_summary,mechanism__empirical_bayes__arm_summary.csv,config_meta,text,configuration,Original run configuration field; missing/unknown legacy values are retained.
mechanism.empirical_bayes.arm_summary,mechanism__empirical_bayes__arm_summary.csv,config_meta_stepsize,text,configuration,Original run configuration field; missing/unknown legacy values are retained.
mechanism.empirical_bayes.arm_summary,mechanism__empirical_bayes__arm_summary.csv,config_alpha0,text,configuration,Original run configuration field; missing/unknown legacy values are retained.
mechanism.empirical_bayes.arm_summary,mechanism__empirical_bayes__arm_summary.csv,config_gamma,text,configuration,Original run configuration field; missing/unknown legacy values are retained.
mechanism.empirical_bayes.arm_summary,mechanism__empirical_bayes__arm_summary.csv,config_augment,text,configuration,Original run configuration field; missing/unknown legacy values are retained.
mechanism.empirical_bayes.arm_summary,mechanism__empirical_bayes__arm_summary.csv,config_beta_clip,text,configuration,Original run configuration field; missing/unknown legacy values are retained.
mechanism.empirical_bayes.arm_summary,mechanism__empirical_bayes__arm_summary.csv,config_hier,text,configuration,Original run configuration field; missing/unknown legacy values are retained.
mechanism.empirical_bayes.arm_summary,mechanism__empirical_bayes__arm_summary.csv,config_lam,text,configuration,Original run configuration field; missing/unknown legacy values are retained.
mechanism.empirical_bayes.arm_summary,mechanism__empirical_bayes__arm_summary.csv,config_eta_ratio,text,configuration,Original run configuration field; missing/unknown legacy values are retained.
mechanism.empirical_bayes.arm_summary,mechanism__empirical_bayes__arm_summary.csv,config_epochs_requested,text,configuration,Original run configuration field; missing/unknown legacy values are retained.
mechanism.empirical_bayes.arm_summary,mechanism__empirical_bayes__arm_summary.csv,test_percent_n,number,training seeds,Number of per-seed plateau5 values in this arm.
mechanism.empirical_bayes.arm_summary,mechanism__empirical_bayes__arm_summary.csv,test_percent_mean,number,accuracy percent,Supplied mean of per-seed plateau5; SD uses ddof=1 and SE uses SD/sqrt(n).
mechanism.empirical_bayes.arm_summary,mechanism__empirical_bayes__arm_summary.csv,test_percent_sd,number,accuracy percentage points,Supplied sd of per-seed plateau5; SD uses ddof=1 and SE uses SD/sqrt(n).
mechanism.empirical_bayes.arm_summary,mechanism__empirical_bayes__arm_summary.csv,test_percent_se,number,accuracy percentage points,Supplied se of per-seed plateau5; SD uses ddof=1 and SE uses SD/sqrt(n).
mechanism.empirical_bayes.arm_summary,mechanism__empirical_bayes__arm_summary.csv,test_percent_min,number,accuracy percent,Supplied min of per-seed plateau5; SD uses ddof=1 and SE uses SD/sqrt(n).
mechanism.empirical_bayes.arm_summary,mechanism__empirical_bayes__arm_summary.csv,test_percent_max,number,accuracy percent,Supplied max of per-seed plateau5; SD uses ddof=1 and SE uses SD/sqrt(n).
mechanism.empirical_bayes.arm_summary,mechanism__empirical_bayes__arm_summary.csv,train_percent_n,number,training seeds,Number of per-seed plateau5 values in this arm.
mechanism.empirical_bayes.arm_summary,mechanism__empirical_bayes__arm_summary.csv,train_percent_mean,number,accuracy percent,Supplied mean of per-seed plateau5; SD uses ddof=1 and SE uses SD/sqrt(n).
mechanism.empirical_bayes.arm_summary,mechanism__empirical_bayes__arm_summary.csv,train_percent_sd,number,accuracy percentage points,Supplied sd of per-seed plateau5; SD uses ddof=1 and SE uses SD/sqrt(n).
mechanism.empirical_bayes.arm_summary,mechanism__empirical_bayes__arm_summary.csv,train_percent_se,number,accuracy percentage points,Supplied se of per-seed plateau5; SD uses ddof=1 and SE uses SD/sqrt(n).
mechanism.empirical_bayes.arm_summary,mechanism__empirical_bayes__arm_summary.csv,train_percent_min,number,accuracy percent,Supplied min of per-seed plateau5; SD uses ddof=1 and SE uses SD/sqrt(n).
mechanism.empirical_bayes.arm_summary,mechanism__empirical_bayes__arm_summary.csv,train_percent_max,number,accuracy percent,Supplied max of per-seed plateau5; SD uses ddof=1 and SE uses SD/sqrt(n).
mechanism.empirical_bayes.arm_summary,mechanism__empirical_bayes__arm_summary.csv,source_ids,text,identifier,Join with sources.csv; vertical bars separate multiple source IDs.
mechanism.empirical_bayes.arm_summary,mechanism__empirical_bayes__arm_summary.csv,scope,text,text,Scientific scope and restrictions for this dataset.
mechanism.empirical_bayes.arm_summary,mechanism__empirical_bayes__arm_summary.csv,units,text,text,Units for the numeric metrics in this row; detailed fields are defined here.
mechanism.empirical_bayes.per_seed,mechanism__empirical_bayes__per_seed.csv,batch,text,label,Verbatim source label or explicit export label; not a numeric measurement.
mechanism.empirical_bayes.per_seed,mechanism__empirical_bayes__per_seed.csv,arm,text,label,Verbatim source label or explicit export label; not a numeric measurement.
mechanism.empirical_bayes.per_seed,mechanism__empirical_bayes__per_seed.csv,label,text,label,Verbatim source label or explicit export label; not a numeric measurement.
mechanism.empirical_bayes.per_seed,mechanism__empirical_bayes__per_seed.csv,horizon,number,epochs,Registered completed-epoch endpoint; plateau5 uses horizon-5 through horizon-1.
mechanism.empirical_bayes.per_seed,mechanism__empirical_bayes__per_seed.csv,group_count,all blank / unavailable,count,"Tensor, group, coordinate, or block count as named; do not interchange tensor count and coordinate mass."
mechanism.empirical_bayes.per_seed,mechanism__empirical_bayes__per_seed.csv,normalized_tensor_count_entropy,all blank / unavailable,dimensionless,Supplied normalized tensor-count entropy; not parameter-mass balance.
mechanism.empirical_bayes.per_seed,mechanism__empirical_bayes__per_seed.csv,r,all blank / unavailable,test accuracy percent; differences and SD/SE in percentage points,Supplied flat evidence field; exact quantity is specified by the dataset metric and scope.
mechanism.empirical_bayes.per_seed,mechanism__empirical_bayes__per_seed.csv,meta_stepsize,all blank / unavailable,test accuracy percent; differences and SD/SE in percentage points,Supplied flat evidence field; exact quantity is specified by the dataset metric and scope.
mechanism.empirical_bayes.per_seed,mechanism__empirical_bayes__per_seed.csv,meta_optimizer,all blank / unavailable,label,Verbatim source label or explicit export label; not a numeric measurement.
mechanism.empirical_bayes.per_seed,mechanism__empirical_bayes__per_seed.csv,capture_fraction,all blank / unavailable,fraction,(arm mean - in-batch scalar mean)/(in-batch layerwise mean - scalar mean).
mechanism.empirical_bayes.per_seed,mechanism__empirical_bayes__per_seed.csv,plateau_window_start_epoch,number,test accuracy percent; differences and SD/SE in percentage points,Supplied flat evidence field; exact quantity is specified by the dataset metric and scope.
mechanism.empirical_bayes.per_seed,mechanism__empirical_bayes__per_seed.csv,plateau_window_end_epoch,number,test accuracy percent; differences and SD/SE in percentage points,Supplied flat evidence field; exact quantity is specified by the dataset metric and scope.
mechanism.empirical_bayes.per_seed,mechanism__empirical_bayes__per_seed.csv,config_network,text,configuration,Original run configuration field; missing/unknown legacy values are retained.
mechanism.empirical_bayes.per_seed,mechanism__empirical_bayes__per_seed.csv,config_dataset,text,configuration,Original run configuration field; missing/unknown legacy values are retained.
mechanism.empirical_bayes.per_seed,mechanism__empirical_bayes__per_seed.csv,config_batch_size,text,configuration,Original run configuration field; missing/unknown legacy values are retained.
mechanism.empirical_bayes.per_seed,mechanism__empirical_bayes__per_seed.csv,config_granularity,text,configuration,Original run configuration field; missing/unknown legacy values are retained.
mechanism.empirical_bayes.per_seed,mechanism__empirical_bayes__per_seed.csv,config_base,text,configuration,Original run configuration field; missing/unknown legacy values are retained.
mechanism.empirical_bayes.per_seed,mechanism__empirical_bayes__per_seed.csv,config_meta,text,configuration,Original run configuration field; missing/unknown legacy values are retained.
mechanism.empirical_bayes.per_seed,mechanism__empirical_bayes__per_seed.csv,config_meta_stepsize,text,configuration,Original run configuration field; missing/unknown legacy values are retained.
mechanism.empirical_bayes.per_seed,mechanism__empirical_bayes__per_seed.csv,config_alpha0,text,configuration,Original run configuration field; missing/unknown legacy values are retained.
mechanism.empirical_bayes.per_seed,mechanism__empirical_bayes__per_seed.csv,config_gamma,text,configuration,Original run configuration field; missing/unknown legacy values are retained.
mechanism.empirical_bayes.per_seed,mechanism__empirical_bayes__per_seed.csv,config_augment,text,configuration,Original run configuration field; missing/unknown legacy values are retained.
mechanism.empirical_bayes.per_seed,mechanism__empirical_bayes__per_seed.csv,config_beta_clip,text,configuration,Original run configuration field; missing/unknown legacy values are retained.
mechanism.empirical_bayes.per_seed,mechanism__empirical_bayes__per_seed.csv,config_hier,text,configuration,Original run configuration field; missing/unknown legacy values are retained.
mechanism.empirical_bayes.per_seed,mechanism__empirical_bayes__per_seed.csv,config_lam,text,configuration,Original run configuration field; missing/unknown legacy values are retained.
mechanism.empirical_bayes.per_seed,mechanism__empirical_bayes__per_seed.csv,config_eta_ratio,text,configuration,Original run configuration field; missing/unknown legacy values are retained.
mechanism.empirical_bayes.per_seed,mechanism__empirical_bayes__per_seed.csv,config_epochs_requested,text,configuration,Original run configuration field; missing/unknown legacy values are retained.
mechanism.empirical_bayes.per_seed,mechanism__empirical_bayes__per_seed.csv,seed,number,seed identifier,"Training random seed, not a sample count."
mechanism.empirical_bayes.per_seed,mechanism__empirical_bayes__per_seed.csv,run,text,label,Verbatim source label or explicit export label; not a numeric measurement.
mechanism.empirical_bayes.per_seed,mechanism__empirical_bayes__per_seed.csv,test_plateau5_percent,number,percent,Supplied percentage-valued measurement; intervals/ranges are not automatically confidence intervals.
mechanism.empirical_bayes.per_seed,mechanism__empirical_bayes__per_seed.csv,train_plateau5_percent,number,percent,Supplied percentage-valued measurement; intervals/ranges are not automatically confidence intervals.
mechanism.empirical_bayes.per_seed,mechanism__empirical_bayes__per_seed.csv,source_ids,text,identifier,Join with sources.csv; vertical bars separate multiple source IDs.
mechanism.empirical_bayes.per_seed,mechanism__empirical_bayes__per_seed.csv,scope,text,text,Scientific scope and restrictions for this dataset.
mechanism.empirical_bayes.per_seed,mechanism__empirical_bayes__per_seed.csv,units,text,text,Units for the numeric metrics in this row; detailed fields are defined here.
mechanism.empirical_bayes.epoch_curves,mechanism__empirical_bayes__epoch_curves.csv,batch,text,label,Verbatim source label or explicit export label; not a numeric measurement.
mechanism.empirical_bayes.epoch_curves,mechanism__empirical_bayes__epoch_curves.csv,arm,text,label,Verbatim source label or explicit export label; not a numeric measurement.
mechanism.empirical_bayes.epoch_curves,mechanism__empirical_bayes__epoch_curves.csv,label,text,label,Verbatim source label or explicit export label; not a numeric measurement.
mechanism.empirical_bayes.epoch_curves,mechanism__empirical_bayes__epoch_curves.csv,seed,number,seed identifier,"Training random seed, not a sample count."
mechanism.empirical_bayes.epoch_curves,mechanism__empirical_bayes__epoch_curves.csv,run,text,label,Verbatim source label or explicit export label; not a numeric measurement.
mechanism.empirical_bayes.epoch_curves,mechanism__empirical_bayes__epoch_curves.csv,epoch,number,epoch,Raw zero-based training epoch index; probe timelines use fractional epochs.
mechanism.empirical_bayes.epoch_curves,mechanism__empirical_bayes__epoch_curves.csv,test_accuracy_percent,number,percent,Supplied percentage-valued measurement; intervals/ranges are not automatically confidence intervals.
mechanism.empirical_bayes.epoch_curves,mechanism__empirical_bayes__epoch_curves.csv,train_accuracy_percent,number,percent,Supplied percentage-valued measurement; intervals/ranges are not automatically confidence intervals.
mechanism.empirical_bayes.epoch_curves,mechanism__empirical_bayes__epoch_curves.csv,source_ids,text,identifier,Join with sources.csv; vertical bars separate multiple source IDs.
mechanism.empirical_bayes.epoch_curves,mechanism__empirical_bayes__epoch_curves.csv,registered_horizon_epochs,number,epochs,Primary registered endpoint for this accuracy panel.
mechanism.empirical_bayes.epoch_curves,mechanism__empirical_bayes__epoch_curves.csv,in_registered_plateau5_window,boolean,boolean,True only for the five raw epochs entering the primary endpoint.
mechanism.empirical_bayes.epoch_curves,mechanism__empirical_bayes__epoch_curves.csv,scope,text,text,Scientific scope and restrictions for this dataset.
mechanism.empirical_bayes.epoch_curves,mechanism__empirical_bayes__epoch_curves.csv,units,text,text,Units for the numeric metrics in this row; detailed fields are defined here.
mechanism.empirical_bayes.contrasts,mechanism__empirical_bayes__contrasts.csv,batch,text,label,Verbatim source label or explicit export label; not a numeric measurement.
mechanism.empirical_bayes.contrasts,mechanism__empirical_bayes__contrasts.csv,minuend,text,percentage points,Supplied flat evidence field; exact quantity is specified by the dataset metric and scope.
mechanism.empirical_bayes.contrasts,mechanism__empirical_bayes__contrasts.csv,subtrahend,text,percentage points,Supplied flat evidence field; exact quantity is specified by the dataset metric and scope.
mechanism.empirical_bayes.contrasts,mechanism__empirical_bayes__contrasts.csv,horizon,number,epochs,Registered completed-epoch endpoint; plateau5 uses horizon-5 through horizon-1.
mechanism.empirical_bayes.contrasts,mechanism__empirical_bayes__contrasts.csv,note,text,label,Verbatim source label or explicit export label; not a numeric measurement.
mechanism.empirical_bayes.contrasts,mechanism__empirical_bayes__contrasts.csv,difference_pp,number,percentage points,Supplied contrast or metric; see the dataset's metric definition for accuracy versus explained variance.
mechanism.empirical_bayes.contrasts,mechanism__empirical_bayes__contrasts.csv,descriptive_unpaired_se_pp,number,accuracy percentage points,Supplied descriptive uncertainty of independent-arm difference; not registered scorer bar.
mechanism.empirical_bayes.contrasts,mechanism__empirical_bayes__contrasts.csv,paired_difference_pp_n,number,paired seeds,Supplied n across paired-seed differences.
mechanism.empirical_bayes.contrasts,mechanism__empirical_bayes__contrasts.csv,paired_difference_pp_mean,number,accuracy percentage points,Supplied mean across paired-seed differences.
mechanism.empirical_bayes.contrasts,mechanism__empirical_bayes__contrasts.csv,paired_difference_pp_sd,number,accuracy percentage points,Supplied sd across paired-seed differences.
mechanism.empirical_bayes.contrasts,mechanism__empirical_bayes__contrasts.csv,paired_difference_pp_se,number,accuracy percentage points,Supplied se across paired-seed differences.
mechanism.empirical_bayes.contrasts,mechanism__empirical_bayes__contrasts.csv,paired_difference_pp_min,number,accuracy percentage points,Supplied min across paired-seed differences.
mechanism.empirical_bayes.contrasts,mechanism__empirical_bayes__contrasts.csv,paired_difference_pp_max,number,accuracy percentage points,Supplied max across paired-seed differences.
mechanism.empirical_bayes.contrasts,mechanism__empirical_bayes__contrasts.csv,source_ids,text,identifier,Join with sources.csv; vertical bars separate multiple source IDs.
mechanism.empirical_bayes.contrasts,mechanism__empirical_bayes__contrasts.csv,scope,text,text,Scientific scope and restrictions for this dataset.
mechanism.empirical_bayes.contrasts,mechanism__empirical_bayes__contrasts.csv,units,text,text,Units for the numeric metrics in this row; detailed fields are defined here.
mechanism.empirical_bayes.paired_seed_contrasts,mechanism__empirical_bayes__paired_seed_contrasts.csv,batch,text,label,Verbatim source label or explicit export label; not a numeric measurement.
mechanism.empirical_bayes.paired_seed_contrasts,mechanism__empirical_bayes__paired_seed_contrasts.csv,minuend,text,percentage points,Supplied flat evidence field; exact quantity is specified by the dataset metric and scope.
mechanism.empirical_bayes.paired_seed_contrasts,mechanism__empirical_bayes__paired_seed_contrasts.csv,subtrahend,text,percentage points,Supplied flat evidence field; exact quantity is specified by the dataset metric and scope.
mechanism.empirical_bayes.paired_seed_contrasts,mechanism__empirical_bayes__paired_seed_contrasts.csv,horizon,number,epochs,Registered completed-epoch endpoint; plateau5 uses horizon-5 through horizon-1.
mechanism.empirical_bayes.paired_seed_contrasts,mechanism__empirical_bayes__paired_seed_contrasts.csv,note,text,label,Verbatim source label or explicit export label; not a numeric measurement.
mechanism.empirical_bayes.paired_seed_contrasts,mechanism__empirical_bayes__paired_seed_contrasts.csv,seed,number,seed identifier,"Training random seed, not a sample count."
mechanism.empirical_bayes.paired_seed_contrasts,mechanism__empirical_bayes__paired_seed_contrasts.csv,paired_difference_pp,number,percentage points,Supplied contrast or metric; see the dataset's metric definition for accuracy versus explained variance.
mechanism.empirical_bayes.paired_seed_contrasts,mechanism__empirical_bayes__paired_seed_contrasts.csv,source_ids,text,identifier,Join with sources.csv; vertical bars separate multiple source IDs.
mechanism.empirical_bayes.paired_seed_contrasts,mechanism__empirical_bayes__paired_seed_contrasts.csv,scope,text,text,Scientific scope and restrictions for this dataset.
mechanism.empirical_bayes.paired_seed_contrasts,mechanism__empirical_bayes__paired_seed_contrasts.csv,units,text,text,Units for the numeric metrics in this row; detailed fields are defined here.
mechanism.resnet50_r_ladder.arm_summary,mechanism__resnet50_r_ladder__arm_summary.csv,batch,text,label,Verbatim source label or explicit export label; not a numeric measurement.
mechanism.resnet50_r_ladder.arm_summary,mechanism__resnet50_r_ladder__arm_summary.csv,arm,text,label,Verbatim source label or explicit export label; not a numeric measurement.
mechanism.resnet50_r_ladder.arm_summary,mechanism__resnet50_r_ladder__arm_summary.csv,label,text,label,Verbatim source label or explicit export label; not a numeric measurement.
mechanism.resnet50_r_ladder.arm_summary,mechanism__resnet50_r_ladder__arm_summary.csv,horizon,number,epochs,Registered completed-epoch endpoint; plateau5 uses horizon-5 through horizon-1.
mechanism.resnet50_r_ladder.arm_summary,mechanism__resnet50_r_ladder__arm_summary.csv,group_count,all blank / unavailable,count,"Tensor, group, coordinate, or block count as named; do not interchange tensor count and coordinate mass."
mechanism.resnet50_r_ladder.arm_summary,mechanism__resnet50_r_ladder__arm_summary.csv,normalized_tensor_count_entropy,all blank / unavailable,dimensionless,Supplied normalized tensor-count entropy; not parameter-mass balance.
mechanism.resnet50_r_ladder.arm_summary,mechanism__resnet50_r_ladder__arm_summary.csv,r,all blank / unavailable,test accuracy percent; differences and SD/SE in percentage points,Supplied flat evidence field; exact quantity is specified by the dataset metric and scope.
mechanism.resnet50_r_ladder.arm_summary,mechanism__resnet50_r_ladder__arm_summary.csv,meta_stepsize,all blank / unavailable,test accuracy percent; differences and SD/SE in percentage points,Supplied flat evidence field; exact quantity is specified by the dataset metric and scope.
mechanism.resnet50_r_ladder.arm_summary,mechanism__resnet50_r_ladder__arm_summary.csv,meta_optimizer,all blank / unavailable,label,Verbatim source label or explicit export label; not a numeric measurement.
mechanism.resnet50_r_ladder.arm_summary,mechanism__resnet50_r_ladder__arm_summary.csv,capture_fraction,all blank / unavailable,fraction,(arm mean - in-batch scalar mean)/(in-batch layerwise mean - scalar mean).
mechanism.resnet50_r_ladder.arm_summary,mechanism__resnet50_r_ladder__arm_summary.csv,plateau_window_start_epoch,number,test accuracy percent; differences and SD/SE in percentage points,Supplied flat evidence field; exact quantity is specified by the dataset metric and scope.
mechanism.resnet50_r_ladder.arm_summary,mechanism__resnet50_r_ladder__arm_summary.csv,plateau_window_end_epoch,number,test accuracy percent; differences and SD/SE in percentage points,Supplied flat evidence field; exact quantity is specified by the dataset metric and scope.
mechanism.resnet50_r_ladder.arm_summary,mechanism__resnet50_r_ladder__arm_summary.csv,config_network,text,configuration,Original run configuration field; missing/unknown legacy values are retained.
mechanism.resnet50_r_ladder.arm_summary,mechanism__resnet50_r_ladder__arm_summary.csv,config_dataset,text,configuration,Original run configuration field; missing/unknown legacy values are retained.
mechanism.resnet50_r_ladder.arm_summary,mechanism__resnet50_r_ladder__arm_summary.csv,config_batch_size,text,configuration,Original run configuration field; missing/unknown legacy values are retained.
mechanism.resnet50_r_ladder.arm_summary,mechanism__resnet50_r_ladder__arm_summary.csv,config_granularity,text,configuration,Original run configuration field; missing/unknown legacy values are retained.
mechanism.resnet50_r_ladder.arm_summary,mechanism__resnet50_r_ladder__arm_summary.csv,config_base,text,configuration,Original run configuration field; missing/unknown legacy values are retained.
mechanism.resnet50_r_ladder.arm_summary,mechanism__resnet50_r_ladder__arm_summary.csv,config_meta,text,configuration,Original run configuration field; missing/unknown legacy values are retained.
mechanism.resnet50_r_ladder.arm_summary,mechanism__resnet50_r_ladder__arm_summary.csv,config_meta_stepsize,text,configuration,Original run configuration field; missing/unknown legacy values are retained.
mechanism.resnet50_r_ladder.arm_summary,mechanism__resnet50_r_ladder__arm_summary.csv,config_alpha0,text,configuration,Original run configuration field; missing/unknown legacy values are retained.
mechanism.resnet50_r_ladder.arm_summary,mechanism__resnet50_r_ladder__arm_summary.csv,config_gamma,text,configuration,Original run configuration field; missing/unknown legacy values are retained.
mechanism.resnet50_r_ladder.arm_summary,mechanism__resnet50_r_ladder__arm_summary.csv,config_augment,text,configuration,Original run configuration field; missing/unknown legacy values are retained.
mechanism.resnet50_r_ladder.arm_summary,mechanism__resnet50_r_ladder__arm_summary.csv,config_beta_clip,text,configuration,Original run configuration field; missing/unknown legacy values are retained.
mechanism.resnet50_r_ladder.arm_summary,mechanism__resnet50_r_ladder__arm_summary.csv,config_hier,text,configuration,Original run configuration field; missing/unknown legacy values are retained.
mechanism.resnet50_r_ladder.arm_summary,mechanism__resnet50_r_ladder__arm_summary.csv,config_lam,text,configuration,Original run configuration field; missing/unknown legacy values are retained.
mechanism.resnet50_r_ladder.arm_summary,mechanism__resnet50_r_ladder__arm_summary.csv,config_eta_ratio,text,configuration,Original run configuration field; missing/unknown legacy values are retained.
mechanism.resnet50_r_ladder.arm_summary,mechanism__resnet50_r_ladder__arm_summary.csv,config_epochs_requested,text,configuration,Original run configuration field; missing/unknown legacy values are retained.
mechanism.resnet50_r_ladder.arm_summary,mechanism__resnet50_r_ladder__arm_summary.csv,test_percent_n,number,training seeds,Number of per-seed plateau5 values in this arm.
mechanism.resnet50_r_ladder.arm_summary,mechanism__resnet50_r_ladder__arm_summary.csv,test_percent_mean,number,accuracy percent,Supplied mean of per-seed plateau5; SD uses ddof=1 and SE uses SD/sqrt(n).
mechanism.resnet50_r_ladder.arm_summary,mechanism__resnet50_r_ladder__arm_summary.csv,test_percent_sd,number,accuracy percentage points,Supplied sd of per-seed plateau5; SD uses ddof=1 and SE uses SD/sqrt(n).
mechanism.resnet50_r_ladder.arm_summary,mechanism__resnet50_r_ladder__arm_summary.csv,test_percent_se,number,accuracy percentage points,Supplied se of per-seed plateau5; SD uses ddof=1 and SE uses SD/sqrt(n).
mechanism.resnet50_r_ladder.arm_summary,mechanism__resnet50_r_ladder__arm_summary.csv,test_percent_min,number,accuracy percent,Supplied min of per-seed plateau5; SD uses ddof=1 and SE uses SD/sqrt(n).
mechanism.resnet50_r_ladder.arm_summary,mechanism__resnet50_r_ladder__arm_summary.csv,test_percent_max,number,accuracy percent,Supplied max of per-seed plateau5; SD uses ddof=1 and SE uses SD/sqrt(n).
mechanism.resnet50_r_ladder.arm_summary,mechanism__resnet50_r_ladder__arm_summary.csv,train_percent_n,number,training seeds,Number of per-seed plateau5 values in this arm.
mechanism.resnet50_r_ladder.arm_summary,mechanism__resnet50_r_ladder__arm_summary.csv,train_percent_mean,number,accuracy percent,Supplied mean of per-seed plateau5; SD uses ddof=1 and SE uses SD/sqrt(n).
mechanism.resnet50_r_ladder.arm_summary,mechanism__resnet50_r_ladder__arm_summary.csv,train_percent_sd,number,accuracy percentage points,Supplied sd of per-seed plateau5; SD uses ddof=1 and SE uses SD/sqrt(n).
mechanism.resnet50_r_ladder.arm_summary,mechanism__resnet50_r_ladder__arm_summary.csv,train_percent_se,number,accuracy percentage points,Supplied se of per-seed plateau5; SD uses ddof=1 and SE uses SD/sqrt(n).
mechanism.resnet50_r_ladder.arm_summary,mechanism__resnet50_r_ladder__arm_summary.csv,train_percent_min,number,accuracy percent,Supplied min of per-seed plateau5; SD uses ddof=1 and SE uses SD/sqrt(n).
mechanism.resnet50_r_ladder.arm_summary,mechanism__resnet50_r_ladder__arm_summary.csv,train_percent_max,number,accuracy percent,Supplied max of per-seed plateau5; SD uses ddof=1 and SE uses SD/sqrt(n).
mechanism.resnet50_r_ladder.arm_summary,mechanism__resnet50_r_ladder__arm_summary.csv,source_ids,text,identifier,Join with sources.csv; vertical bars separate multiple source IDs.
mechanism.resnet50_r_ladder.arm_summary,mechanism__resnet50_r_ladder__arm_summary.csv,scope,text,text,Scientific scope and restrictions for this dataset.
mechanism.resnet50_r_ladder.arm_summary,mechanism__resnet50_r_ladder__arm_summary.csv,units,text,text,Units for the numeric metrics in this row; detailed fields are defined here.
mechanism.resnet50_r_ladder.per_seed,mechanism__resnet50_r_ladder__per_seed.csv,batch,text,label,Verbatim source label or explicit export label; not a numeric measurement.
mechanism.resnet50_r_ladder.per_seed,mechanism__resnet50_r_ladder__per_seed.csv,arm,text,label,Verbatim source label or explicit export label; not a numeric measurement.
mechanism.resnet50_r_ladder.per_seed,mechanism__resnet50_r_ladder__per_seed.csv,label,text,label,Verbatim source label or explicit export label; not a numeric measurement.
mechanism.resnet50_r_ladder.per_seed,mechanism__resnet50_r_ladder__per_seed.csv,horizon,number,epochs,Registered completed-epoch endpoint; plateau5 uses horizon-5 through horizon-1.
mechanism.resnet50_r_ladder.per_seed,mechanism__resnet50_r_ladder__per_seed.csv,group_count,all blank / unavailable,count,"Tensor, group, coordinate, or block count as named; do not interchange tensor count and coordinate mass."
mechanism.resnet50_r_ladder.per_seed,mechanism__resnet50_r_ladder__per_seed.csv,normalized_tensor_count_entropy,all blank / unavailable,dimensionless,Supplied normalized tensor-count entropy; not parameter-mass balance.
mechanism.resnet50_r_ladder.per_seed,mechanism__resnet50_r_ladder__per_seed.csv,r,all blank / unavailable,test accuracy percent; differences and SD/SE in percentage points,Supplied flat evidence field; exact quantity is specified by the dataset metric and scope.
mechanism.resnet50_r_ladder.per_seed,mechanism__resnet50_r_ladder__per_seed.csv,meta_stepsize,all blank / unavailable,test accuracy percent; differences and SD/SE in percentage points,Supplied flat evidence field; exact quantity is specified by the dataset metric and scope.
mechanism.resnet50_r_ladder.per_seed,mechanism__resnet50_r_ladder__per_seed.csv,meta_optimizer,all blank / unavailable,label,Verbatim source label or explicit export label; not a numeric measurement.
mechanism.resnet50_r_ladder.per_seed,mechanism__resnet50_r_ladder__per_seed.csv,capture_fraction,all blank / unavailable,fraction,(arm mean - in-batch scalar mean)/(in-batch layerwise mean - scalar mean).
mechanism.resnet50_r_ladder.per_seed,mechanism__resnet50_r_ladder__per_seed.csv,plateau_window_start_epoch,number,test accuracy percent; differences and SD/SE in percentage points,Supplied flat evidence field; exact quantity is specified by the dataset metric and scope.
mechanism.resnet50_r_ladder.per_seed,mechanism__resnet50_r_ladder__per_seed.csv,plateau_window_end_epoch,number,test accuracy percent; differences and SD/SE in percentage points,Supplied flat evidence field; exact quantity is specified by the dataset metric and scope.
mechanism.resnet50_r_ladder.per_seed,mechanism__resnet50_r_ladder__per_seed.csv,config_network,text,configuration,Original run configuration field; missing/unknown legacy values are retained.
mechanism.resnet50_r_ladder.per_seed,mechanism__resnet50_r_ladder__per_seed.csv,config_dataset,text,configuration,Original run configuration field; missing/unknown legacy values are retained.
mechanism.resnet50_r_ladder.per_seed,mechanism__resnet50_r_ladder__per_seed.csv,config_batch_size,text,configuration,Original run configuration field; missing/unknown legacy values are retained.
mechanism.resnet50_r_ladder.per_seed,mechanism__resnet50_r_ladder__per_seed.csv,config_granularity,text,configuration,Original run configuration field; missing/unknown legacy values are retained.
mechanism.resnet50_r_ladder.per_seed,mechanism__resnet50_r_ladder__per_seed.csv,config_base,text,configuration,Original run configuration field; missing/unknown legacy values are retained.
mechanism.resnet50_r_ladder.per_seed,mechanism__resnet50_r_ladder__per_seed.csv,config_meta,text,configuration,Original run configuration field; missing/unknown legacy values are retained.
mechanism.resnet50_r_ladder.per_seed,mechanism__resnet50_r_ladder__per_seed.csv,config_meta_stepsize,text,configuration,Original run configuration field; missing/unknown legacy values are retained.
mechanism.resnet50_r_ladder.per_seed,mechanism__resnet50_r_ladder__per_seed.csv,config_alpha0,text,configuration,Original run configuration field; missing/unknown legacy values are retained.
mechanism.resnet50_r_ladder.per_seed,mechanism__resnet50_r_ladder__per_seed.csv,config_gamma,text,configuration,Original run configuration field; missing/unknown legacy values are retained.
mechanism.resnet50_r_ladder.per_seed,mechanism__resnet50_r_ladder__per_seed.csv,config_augment,text,configuration,Original run configuration field; missing/unknown legacy values are retained.
mechanism.resnet50_r_ladder.per_seed,mechanism__resnet50_r_ladder__per_seed.csv,config_beta_clip,text,configuration,Original run configuration field; missing/unknown legacy values are retained.
mechanism.resnet50_r_ladder.per_seed,mechanism__resnet50_r_ladder__per_seed.csv,config_hier,text,configuration,Original run configuration field; missing/unknown legacy values are retained.
mechanism.resnet50_r_ladder.per_seed,mechanism__resnet50_r_ladder__per_seed.csv,config_lam,text,configuration,Original run configuration field; missing/unknown legacy values are retained.
mechanism.resnet50_r_ladder.per_seed,mechanism__resnet50_r_ladder__per_seed.csv,config_eta_ratio,text,configuration,Original run configuration field; missing/unknown legacy values are retained.
mechanism.resnet50_r_ladder.per_seed,mechanism__resnet50_r_ladder__per_seed.csv,config_epochs_requested,text,configuration,Original run configuration field; missing/unknown legacy values are retained.
mechanism.resnet50_r_ladder.per_seed,mechanism__resnet50_r_ladder__per_seed.csv,seed,number,seed identifier,"Training random seed, not a sample count."
mechanism.resnet50_r_ladder.per_seed,mechanism__resnet50_r_ladder__per_seed.csv,run,text,label,Verbatim source label or explicit export label; not a numeric measurement.
mechanism.resnet50_r_ladder.per_seed,mechanism__resnet50_r_ladder__per_seed.csv,test_plateau5_percent,number,percent,Supplied percentage-valued measurement; intervals/ranges are not automatically confidence intervals.
mechanism.resnet50_r_ladder.per_seed,mechanism__resnet50_r_ladder__per_seed.csv,train_plateau5_percent,number,percent,Supplied percentage-valued measurement; intervals/ranges are not automatically confidence intervals.
mechanism.resnet50_r_ladder.per_seed,mechanism__resnet50_r_ladder__per_seed.csv,source_ids,text,identifier,Join with sources.csv; vertical bars separate multiple source IDs.
mechanism.resnet50_r_ladder.per_seed,mechanism__resnet50_r_ladder__per_seed.csv,scope,text,text,Scientific scope and restrictions for this dataset.
mechanism.resnet50_r_ladder.per_seed,mechanism__resnet50_r_ladder__per_seed.csv,units,text,text,Units for the numeric metrics in this row; detailed fields are defined here.
mechanism.resnet50_r_ladder.epoch_curves,mechanism__resnet50_r_ladder__epoch_curves.csv,batch,text,label,Verbatim source label or explicit export label; not a numeric measurement.
mechanism.resnet50_r_ladder.epoch_curves,mechanism__resnet50_r_ladder__epoch_curves.csv,arm,text,label,Verbatim source label or explicit export label; not a numeric measurement.
mechanism.resnet50_r_ladder.epoch_curves,mechanism__resnet50_r_ladder__epoch_curves.csv,label,text,label,Verbatim source label or explicit export label; not a numeric measurement.
mechanism.resnet50_r_ladder.epoch_curves,mechanism__resnet50_r_ladder__epoch_curves.csv,seed,number,seed identifier,"Training random seed, not a sample count."
mechanism.resnet50_r_ladder.epoch_curves,mechanism__resnet50_r_ladder__epoch_curves.csv,run,text,label,Verbatim source label or explicit export label; not a numeric measurement.
mechanism.resnet50_r_ladder.epoch_curves,mechanism__resnet50_r_ladder__epoch_curves.csv,epoch,number,epoch,Raw zero-based training epoch index; probe timelines use fractional epochs.
mechanism.resnet50_r_ladder.epoch_curves,mechanism__resnet50_r_ladder__epoch_curves.csv,test_accuracy_percent,number,percent,Supplied percentage-valued measurement; intervals/ranges are not automatically confidence intervals.
mechanism.resnet50_r_ladder.epoch_curves,mechanism__resnet50_r_ladder__epoch_curves.csv,train_accuracy_percent,number,percent,Supplied percentage-valued measurement; intervals/ranges are not automatically confidence intervals.
mechanism.resnet50_r_ladder.epoch_curves,mechanism__resnet50_r_ladder__epoch_curves.csv,source_ids,text,identifier,Join with sources.csv; vertical bars separate multiple source IDs.
mechanism.resnet50_r_ladder.epoch_curves,mechanism__resnet50_r_ladder__epoch_curves.csv,registered_horizon_epochs,number,epochs,Primary registered endpoint for this accuracy panel.
mechanism.resnet50_r_ladder.epoch_curves,mechanism__resnet50_r_ladder__epoch_curves.csv,in_registered_plateau5_window,boolean,boolean,True only for the five raw epochs entering the primary endpoint.
mechanism.resnet50_r_ladder.epoch_curves,mechanism__resnet50_r_ladder__epoch_curves.csv,scope,text,text,Scientific scope and restrictions for this dataset.
mechanism.resnet50_r_ladder.epoch_curves,mechanism__resnet50_r_ladder__epoch_curves.csv,units,text,text,Units for the numeric metrics in this row; detailed fields are defined here.
mechanism.adam_lion_r_ladder.arm_summary,mechanism__adam_lion_r_ladder__arm_summary.csv,batch,text,label,Verbatim source label or explicit export label; not a numeric measurement.
mechanism.adam_lion_r_ladder.arm_summary,mechanism__adam_lion_r_ladder__arm_summary.csv,arm,text,label,Verbatim source label or explicit export label; not a numeric measurement.
mechanism.adam_lion_r_ladder.arm_summary,mechanism__adam_lion_r_ladder__arm_summary.csv,label,text,label,Verbatim source label or explicit export label; not a numeric measurement.
mechanism.adam_lion_r_ladder.arm_summary,mechanism__adam_lion_r_ladder__arm_summary.csv,horizon,number,epochs,Registered completed-epoch endpoint; plateau5 uses horizon-5 through horizon-1.
mechanism.adam_lion_r_ladder.arm_summary,mechanism__adam_lion_r_ladder__arm_summary.csv,group_count,all blank / unavailable,count,"Tensor, group, coordinate, or block count as named; do not interchange tensor count and coordinate mass."
mechanism.adam_lion_r_ladder.arm_summary,mechanism__adam_lion_r_ladder__arm_summary.csv,normalized_tensor_count_entropy,all blank / unavailable,dimensionless,Supplied normalized tensor-count entropy; not parameter-mass balance.
mechanism.adam_lion_r_ladder.arm_summary,mechanism__adam_lion_r_ladder__arm_summary.csv,r,number,test accuracy percent; differences and SD/SE in percentage points,Supplied flat evidence field; exact quantity is specified by the dataset metric and scope.
mechanism.adam_lion_r_ladder.arm_summary,mechanism__adam_lion_r_ladder__arm_summary.csv,meta_stepsize,all blank / unavailable,test accuracy percent; differences and SD/SE in percentage points,Supplied flat evidence field; exact quantity is specified by the dataset metric and scope.
mechanism.adam_lion_r_ladder.arm_summary,mechanism__adam_lion_r_ladder__arm_summary.csv,meta_optimizer,text,label,Verbatim source label or explicit export label; not a numeric measurement.
mechanism.adam_lion_r_ladder.arm_summary,mechanism__adam_lion_r_ladder__arm_summary.csv,capture_fraction,all blank / unavailable,fraction,(arm mean - in-batch scalar mean)/(in-batch layerwise mean - scalar mean).
mechanism.adam_lion_r_ladder.arm_summary,mechanism__adam_lion_r_ladder__arm_summary.csv,plateau_window_start_epoch,number,test accuracy percent; differences and SD/SE in percentage points,Supplied flat evidence field; exact quantity is specified by the dataset metric and scope.
mechanism.adam_lion_r_ladder.arm_summary,mechanism__adam_lion_r_ladder__arm_summary.csv,plateau_window_end_epoch,number,test accuracy percent; differences and SD/SE in percentage points,Supplied flat evidence field; exact quantity is specified by the dataset metric and scope.
mechanism.adam_lion_r_ladder.arm_summary,mechanism__adam_lion_r_ladder__arm_summary.csv,config_network,text,configuration,Original run configuration field; missing/unknown legacy values are retained.
mechanism.adam_lion_r_ladder.arm_summary,mechanism__adam_lion_r_ladder__arm_summary.csv,config_dataset,text,configuration,Original run configuration field; missing/unknown legacy values are retained.
mechanism.adam_lion_r_ladder.arm_summary,mechanism__adam_lion_r_ladder__arm_summary.csv,config_batch_size,text,configuration,Original run configuration field; missing/unknown legacy values are retained.
mechanism.adam_lion_r_ladder.arm_summary,mechanism__adam_lion_r_ladder__arm_summary.csv,config_granularity,text,configuration,Original run configuration field; missing/unknown legacy values are retained.
mechanism.adam_lion_r_ladder.arm_summary,mechanism__adam_lion_r_ladder__arm_summary.csv,config_base,text,configuration,Original run configuration field; missing/unknown legacy values are retained.
mechanism.adam_lion_r_ladder.arm_summary,mechanism__adam_lion_r_ladder__arm_summary.csv,config_meta,text,configuration,Original run configuration field; missing/unknown legacy values are retained.
mechanism.adam_lion_r_ladder.arm_summary,mechanism__adam_lion_r_ladder__arm_summary.csv,config_meta_stepsize,text,configuration,Original run configuration field; missing/unknown legacy values are retained.
mechanism.adam_lion_r_ladder.arm_summary,mechanism__adam_lion_r_ladder__arm_summary.csv,config_alpha0,text,configuration,Original run configuration field; missing/unknown legacy values are retained.
mechanism.adam_lion_r_ladder.arm_summary,mechanism__adam_lion_r_ladder__arm_summary.csv,config_gamma,text,configuration,Original run configuration field; missing/unknown legacy values are retained.
mechanism.adam_lion_r_ladder.arm_summary,mechanism__adam_lion_r_ladder__arm_summary.csv,config_augment,text,configuration,Original run configuration field; missing/unknown legacy values are retained.
mechanism.adam_lion_r_ladder.arm_summary,mechanism__adam_lion_r_ladder__arm_summary.csv,config_beta_clip,text,configuration,Original run configuration field; missing/unknown legacy values are retained.
mechanism.adam_lion_r_ladder.arm_summary,mechanism__adam_lion_r_ladder__arm_summary.csv,config_hier,text,configuration,Original run configuration field; missing/unknown legacy values are retained.
mechanism.adam_lion_r_ladder.arm_summary,mechanism__adam_lion_r_ladder__arm_summary.csv,config_lam,text,configuration,Original run configuration field; missing/unknown legacy values are retained.
mechanism.adam_lion_r_ladder.arm_summary,mechanism__adam_lion_r_ladder__arm_summary.csv,config_eta_ratio,text,configuration,Original run configuration field; missing/unknown legacy values are retained.
mechanism.adam_lion_r_ladder.arm_summary,mechanism__adam_lion_r_ladder__arm_summary.csv,config_epochs_requested,text,configuration,Original run configuration field; missing/unknown legacy values are retained.
mechanism.adam_lion_r_ladder.arm_summary,mechanism__adam_lion_r_ladder__arm_summary.csv,test_percent_n,number,training seeds,Number of per-seed plateau5 values in this arm.
mechanism.adam_lion_r_ladder.arm_summary,mechanism__adam_lion_r_ladder__arm_summary.csv,test_percent_mean,number,accuracy percent,Supplied mean of per-seed plateau5; SD uses ddof=1 and SE uses SD/sqrt(n).
mechanism.adam_lion_r_ladder.arm_summary,mechanism__adam_lion_r_ladder__arm_summary.csv,test_percent_sd,number,accuracy percentage points,Supplied sd of per-seed plateau5; SD uses ddof=1 and SE uses SD/sqrt(n).
mechanism.adam_lion_r_ladder.arm_summary,mechanism__adam_lion_r_ladder__arm_summary.csv,test_percent_se,number,accuracy percentage points,Supplied se of per-seed plateau5; SD uses ddof=1 and SE uses SD/sqrt(n).
mechanism.adam_lion_r_ladder.arm_summary,mechanism__adam_lion_r_ladder__arm_summary.csv,test_percent_min,number,accuracy percent,Supplied min of per-seed plateau5; SD uses ddof=1 and SE uses SD/sqrt(n).
mechanism.adam_lion_r_ladder.arm_summary,mechanism__adam_lion_r_ladder__arm_summary.csv,test_percent_max,number,accuracy percent,Supplied max of per-seed plateau5; SD uses ddof=1 and SE uses SD/sqrt(n).
mechanism.adam_lion_r_ladder.arm_summary,mechanism__adam_lion_r_ladder__arm_summary.csv,train_percent_n,number,training seeds,Number of per-seed plateau5 values in this arm.
mechanism.adam_lion_r_ladder.arm_summary,mechanism__adam_lion_r_ladder__arm_summary.csv,train_percent_mean,number,accuracy percent,Supplied mean of per-seed plateau5; SD uses ddof=1 and SE uses SD/sqrt(n).
mechanism.adam_lion_r_ladder.arm_summary,mechanism__adam_lion_r_ladder__arm_summary.csv,train_percent_sd,number,accuracy percentage points,Supplied sd of per-seed plateau5; SD uses ddof=1 and SE uses SD/sqrt(n).
mechanism.adam_lion_r_ladder.arm_summary,mechanism__adam_lion_r_ladder__arm_summary.csv,train_percent_se,number,accuracy percentage points,Supplied se of per-seed plateau5; SD uses ddof=1 and SE uses SD/sqrt(n).
mechanism.adam_lion_r_ladder.arm_summary,mechanism__adam_lion_r_ladder__arm_summary.csv,train_percent_min,number,accuracy percent,Supplied min of per-seed plateau5; SD uses ddof=1 and SE uses SD/sqrt(n).
mechanism.adam_lion_r_ladder.arm_summary,mechanism__adam_lion_r_ladder__arm_summary.csv,train_percent_max,number,accuracy percent,Supplied max of per-seed plateau5; SD uses ddof=1 and SE uses SD/sqrt(n).
mechanism.adam_lion_r_ladder.arm_summary,mechanism__adam_lion_r_ladder__arm_summary.csv,source_ids,text,identifier,Join with sources.csv; vertical bars separate multiple source IDs.
mechanism.adam_lion_r_ladder.arm_summary,mechanism__adam_lion_r_ladder__arm_summary.csv,scope,text,text,Scientific scope and restrictions for this dataset.
mechanism.adam_lion_r_ladder.arm_summary,mechanism__adam_lion_r_ladder__arm_summary.csv,units,text,text,Units for the numeric metrics in this row; detailed fields are defined here.
mechanism.adam_lion_r_ladder.per_seed,mechanism__adam_lion_r_ladder__per_seed.csv,batch,text,label,Verbatim source label or explicit export label; not a numeric measurement.
mechanism.adam_lion_r_ladder.per_seed,mechanism__adam_lion_r_ladder__per_seed.csv,arm,text,label,Verbatim source label or explicit export label; not a numeric measurement.
mechanism.adam_lion_r_ladder.per_seed,mechanism__adam_lion_r_ladder__per_seed.csv,label,text,label,Verbatim source label or explicit export label; not a numeric measurement.
mechanism.adam_lion_r_ladder.per_seed,mechanism__adam_lion_r_ladder__per_seed.csv,horizon,number,epochs,Registered completed-epoch endpoint; plateau5 uses horizon-5 through horizon-1.
mechanism.adam_lion_r_ladder.per_seed,mechanism__adam_lion_r_ladder__per_seed.csv,group_count,all blank / unavailable,count,"Tensor, group, coordinate, or block count as named; do not interchange tensor count and coordinate mass."
mechanism.adam_lion_r_ladder.per_seed,mechanism__adam_lion_r_ladder__per_seed.csv,normalized_tensor_count_entropy,all blank / unavailable,dimensionless,Supplied normalized tensor-count entropy; not parameter-mass balance.
mechanism.adam_lion_r_ladder.per_seed,mechanism__adam_lion_r_ladder__per_seed.csv,r,number,test accuracy percent; differences and SD/SE in percentage points,Supplied flat evidence field; exact quantity is specified by the dataset metric and scope.
mechanism.adam_lion_r_ladder.per_seed,mechanism__adam_lion_r_ladder__per_seed.csv,meta_stepsize,all blank / unavailable,test accuracy percent; differences and SD/SE in percentage points,Supplied flat evidence field; exact quantity is specified by the dataset metric and scope.
mechanism.adam_lion_r_ladder.per_seed,mechanism__adam_lion_r_ladder__per_seed.csv,meta_optimizer,text,label,Verbatim source label or explicit export label; not a numeric measurement.
mechanism.adam_lion_r_ladder.per_seed,mechanism__adam_lion_r_ladder__per_seed.csv,capture_fraction,all blank / unavailable,fraction,(arm mean - in-batch scalar mean)/(in-batch layerwise mean - scalar mean).
mechanism.adam_lion_r_ladder.per_seed,mechanism__adam_lion_r_ladder__per_seed.csv,plateau_window_start_epoch,number,test accuracy percent; differences and SD/SE in percentage points,Supplied flat evidence field; exact quantity is specified by the dataset metric and scope.
mechanism.adam_lion_r_ladder.per_seed,mechanism__adam_lion_r_ladder__per_seed.csv,plateau_window_end_epoch,number,test accuracy percent; differences and SD/SE in percentage points,Supplied flat evidence field; exact quantity is specified by the dataset metric and scope.
mechanism.adam_lion_r_ladder.per_seed,mechanism__adam_lion_r_ladder__per_seed.csv,config_network,text,configuration,Original run configuration field; missing/unknown legacy values are retained.
mechanism.adam_lion_r_ladder.per_seed,mechanism__adam_lion_r_ladder__per_seed.csv,config_dataset,text,configuration,Original run configuration field; missing/unknown legacy values are retained.
mechanism.adam_lion_r_ladder.per_seed,mechanism__adam_lion_r_ladder__per_seed.csv,config_batch_size,text,configuration,Original run configuration field; missing/unknown legacy values are retained.
mechanism.adam_lion_r_ladder.per_seed,mechanism__adam_lion_r_ladder__per_seed.csv,config_granularity,text,configuration,Original run configuration field; missing/unknown legacy values are retained.
mechanism.adam_lion_r_ladder.per_seed,mechanism__adam_lion_r_ladder__per_seed.csv,config_base,text,configuration,Original run configuration field; missing/unknown legacy values are retained.
mechanism.adam_lion_r_ladder.per_seed,mechanism__adam_lion_r_ladder__per_seed.csv,config_meta,text,configuration,Original run configuration field; missing/unknown legacy values are retained.
mechanism.adam_lion_r_ladder.per_seed,mechanism__adam_lion_r_ladder__per_seed.csv,config_meta_stepsize,text,configuration,Original run configuration field; missing/unknown legacy values are retained.
mechanism.adam_lion_r_ladder.per_seed,mechanism__adam_lion_r_ladder__per_seed.csv,config_alpha0,text,configuration,Original run configuration field; missing/unknown legacy values are retained.
mechanism.adam_lion_r_ladder.per_seed,mechanism__adam_lion_r_ladder__per_seed.csv,config_gamma,text,configuration,Original run configuration field; missing/unknown legacy values are retained.
mechanism.adam_lion_r_ladder.per_seed,mechanism__adam_lion_r_ladder__per_seed.csv,config_augment,text,configuration,Original run configuration field; missing/unknown legacy values are retained.
mechanism.adam_lion_r_ladder.per_seed,mechanism__adam_lion_r_ladder__per_seed.csv,config_beta_clip,text,configuration,Original run configuration field; missing/unknown legacy values are retained.
mechanism.adam_lion_r_ladder.per_seed,mechanism__adam_lion_r_ladder__per_seed.csv,config_hier,text,configuration,Original run configuration field; missing/unknown legacy values are retained.
mechanism.adam_lion_r_ladder.per_seed,mechanism__adam_lion_r_ladder__per_seed.csv,config_lam,text,configuration,Original run configuration field; missing/unknown legacy values are retained.
mechanism.adam_lion_r_ladder.per_seed,mechanism__adam_lion_r_ladder__per_seed.csv,config_eta_ratio,text,configuration,Original run configuration field; missing/unknown legacy values are retained.
mechanism.adam_lion_r_ladder.per_seed,mechanism__adam_lion_r_ladder__per_seed.csv,config_epochs_requested,text,configuration,Original run configuration field; missing/unknown legacy values are retained.
mechanism.adam_lion_r_ladder.per_seed,mechanism__adam_lion_r_ladder__per_seed.csv,seed,number,seed identifier,"Training random seed, not a sample count."
mechanism.adam_lion_r_ladder.per_seed,mechanism__adam_lion_r_ladder__per_seed.csv,run,text,label,Verbatim source label or explicit export label; not a numeric measurement.
mechanism.adam_lion_r_ladder.per_seed,mechanism__adam_lion_r_ladder__per_seed.csv,test_plateau5_percent,number,percent,Supplied percentage-valued measurement; intervals/ranges are not automatically confidence intervals.
mechanism.adam_lion_r_ladder.per_seed,mechanism__adam_lion_r_ladder__per_seed.csv,train_plateau5_percent,number,percent,Supplied percentage-valued measurement; intervals/ranges are not automatically confidence intervals.
mechanism.adam_lion_r_ladder.per_seed,mechanism__adam_lion_r_ladder__per_seed.csv,source_ids,text,identifier,Join with sources.csv; vertical bars separate multiple source IDs.
mechanism.adam_lion_r_ladder.per_seed,mechanism__adam_lion_r_ladder__per_seed.csv,scope,text,text,Scientific scope and restrictions for this dataset.
mechanism.adam_lion_r_ladder.per_seed,mechanism__adam_lion_r_ladder__per_seed.csv,units,text,text,Units for the numeric metrics in this row; detailed fields are defined here.
mechanism.adam_lion_r_ladder.epoch_curves,mechanism__adam_lion_r_ladder__epoch_curves.csv,batch,text,label,Verbatim source label or explicit export label; not a numeric measurement.
mechanism.adam_lion_r_ladder.epoch_curves,mechanism__adam_lion_r_ladder__epoch_curves.csv,arm,text,label,Verbatim source label or explicit export label; not a numeric measurement.
mechanism.adam_lion_r_ladder.epoch_curves,mechanism__adam_lion_r_ladder__epoch_curves.csv,label,text,label,Verbatim source label or explicit export label; not a numeric measurement.
mechanism.adam_lion_r_ladder.epoch_curves,mechanism__adam_lion_r_ladder__epoch_curves.csv,seed,number,seed identifier,"Training random seed, not a sample count."
mechanism.adam_lion_r_ladder.epoch_curves,mechanism__adam_lion_r_ladder__epoch_curves.csv,run,text,label,Verbatim source label or explicit export label; not a numeric measurement.
mechanism.adam_lion_r_ladder.epoch_curves,mechanism__adam_lion_r_ladder__epoch_curves.csv,epoch,number,epoch,Raw zero-based training epoch index; probe timelines use fractional epochs.
mechanism.adam_lion_r_ladder.epoch_curves,mechanism__adam_lion_r_ladder__epoch_curves.csv,test_accuracy_percent,number,percent,Supplied percentage-valued measurement; intervals/ranges are not automatically confidence intervals.
mechanism.adam_lion_r_ladder.epoch_curves,mechanism__adam_lion_r_ladder__epoch_curves.csv,train_accuracy_percent,number,percent,Supplied percentage-valued measurement; intervals/ranges are not automatically confidence intervals.
mechanism.adam_lion_r_ladder.epoch_curves,mechanism__adam_lion_r_ladder__epoch_curves.csv,source_ids,text,identifier,Join with sources.csv; vertical bars separate multiple source IDs.
mechanism.adam_lion_r_ladder.epoch_curves,mechanism__adam_lion_r_ladder__epoch_curves.csv,registered_horizon_epochs,number,epochs,Primary registered endpoint for this accuracy panel.
mechanism.adam_lion_r_ladder.epoch_curves,mechanism__adam_lion_r_ladder__epoch_curves.csv,in_registered_plateau5_window,boolean,boolean,True only for the five raw epochs entering the primary endpoint.
mechanism.adam_lion_r_ladder.epoch_curves,mechanism__adam_lion_r_ladder__epoch_curves.csv,scope,text,text,Scientific scope and restrictions for this dataset.
mechanism.adam_lion_r_ladder.epoch_curves,mechanism__adam_lion_r_ladder__epoch_curves.csv,units,text,text,Units for the numeric metrics in this row; detailed fields are defined here.
mechanism.identity_order.arm_summary,mechanism__identity_order__arm_summary.csv,batch,text,label,Verbatim source label or explicit export label; not a numeric measurement.
mechanism.identity_order.arm_summary,mechanism__identity_order__arm_summary.csv,arm,text,label,Verbatim source label or explicit export label; not a numeric measurement.
mechanism.identity_order.arm_summary,mechanism__identity_order__arm_summary.csv,label,text,label,Verbatim source label or explicit export label; not a numeric measurement.
mechanism.identity_order.arm_summary,mechanism__identity_order__arm_summary.csv,horizon,number,epochs,Registered completed-epoch endpoint; plateau5 uses horizon-5 through horizon-1.
mechanism.identity_order.arm_summary,mechanism__identity_order__arm_summary.csv,group_count,all blank / unavailable,count,"Tensor, group, coordinate, or block count as named; do not interchange tensor count and coordinate mass."
mechanism.identity_order.arm_summary,mechanism__identity_order__arm_summary.csv,normalized_tensor_count_entropy,all blank / unavailable,dimensionless,Supplied normalized tensor-count entropy; not parameter-mass balance.
mechanism.identity_order.arm_summary,mechanism__identity_order__arm_summary.csv,r,all blank / unavailable,test accuracy percent; differences and SD/SE in percentage points,Supplied flat evidence field; exact quantity is specified by the dataset metric and scope.
mechanism.identity_order.arm_summary,mechanism__identity_order__arm_summary.csv,meta_stepsize,all blank / unavailable,test accuracy percent; differences and SD/SE in percentage points,Supplied flat evidence field; exact quantity is specified by the dataset metric and scope.
mechanism.identity_order.arm_summary,mechanism__identity_order__arm_summary.csv,meta_optimizer,all blank / unavailable,label,Verbatim source label or explicit export label; not a numeric measurement.
mechanism.identity_order.arm_summary,mechanism__identity_order__arm_summary.csv,capture_fraction,all blank / unavailable,fraction,(arm mean - in-batch scalar mean)/(in-batch layerwise mean - scalar mean).
mechanism.identity_order.arm_summary,mechanism__identity_order__arm_summary.csv,plateau_window_start_epoch,number,test accuracy percent; differences and SD/SE in percentage points,Supplied flat evidence field; exact quantity is specified by the dataset metric and scope.
mechanism.identity_order.arm_summary,mechanism__identity_order__arm_summary.csv,plateau_window_end_epoch,number,test accuracy percent; differences and SD/SE in percentage points,Supplied flat evidence field; exact quantity is specified by the dataset metric and scope.
mechanism.identity_order.arm_summary,mechanism__identity_order__arm_summary.csv,config_network,text,configuration,Original run configuration field; missing/unknown legacy values are retained.
mechanism.identity_order.arm_summary,mechanism__identity_order__arm_summary.csv,config_dataset,text,configuration,Original run configuration field; missing/unknown legacy values are retained.
mechanism.identity_order.arm_summary,mechanism__identity_order__arm_summary.csv,config_batch_size,text,configuration,Original run configuration field; missing/unknown legacy values are retained.
mechanism.identity_order.arm_summary,mechanism__identity_order__arm_summary.csv,config_granularity,text,configuration,Original run configuration field; missing/unknown legacy values are retained.
mechanism.identity_order.arm_summary,mechanism__identity_order__arm_summary.csv,config_base,text,configuration,Original run configuration field; missing/unknown legacy values are retained.
mechanism.identity_order.arm_summary,mechanism__identity_order__arm_summary.csv,config_meta,text,configuration,Original run configuration field; missing/unknown legacy values are retained.
mechanism.identity_order.arm_summary,mechanism__identity_order__arm_summary.csv,config_meta_stepsize,text,configuration,Original run configuration field; missing/unknown legacy values are retained.
mechanism.identity_order.arm_summary,mechanism__identity_order__arm_summary.csv,config_alpha0,text,configuration,Original run configuration field; missing/unknown legacy values are retained.
mechanism.identity_order.arm_summary,mechanism__identity_order__arm_summary.csv,config_gamma,text,configuration,Original run configuration field; missing/unknown legacy values are retained.
mechanism.identity_order.arm_summary,mechanism__identity_order__arm_summary.csv,config_augment,text,configuration,Original run configuration field; missing/unknown legacy values are retained.
mechanism.identity_order.arm_summary,mechanism__identity_order__arm_summary.csv,config_beta_clip,text,configuration,Original run configuration field; missing/unknown legacy values are retained.
mechanism.identity_order.arm_summary,mechanism__identity_order__arm_summary.csv,config_hier,all blank / unavailable,configuration,Original run configuration field; missing/unknown legacy values are retained.
mechanism.identity_order.arm_summary,mechanism__identity_order__arm_summary.csv,config_lam,text,configuration,Original run configuration field; missing/unknown legacy values are retained.
mechanism.identity_order.arm_summary,mechanism__identity_order__arm_summary.csv,config_eta_ratio,text,configuration,Original run configuration field; missing/unknown legacy values are retained.
mechanism.identity_order.arm_summary,mechanism__identity_order__arm_summary.csv,config_epochs_requested,text,configuration,Original run configuration field; missing/unknown legacy values are retained.
mechanism.identity_order.arm_summary,mechanism__identity_order__arm_summary.csv,test_percent_n,number,training seeds,Number of per-seed plateau5 values in this arm.
mechanism.identity_order.arm_summary,mechanism__identity_order__arm_summary.csv,test_percent_mean,number,accuracy percent,Supplied mean of per-seed plateau5; SD uses ddof=1 and SE uses SD/sqrt(n).
mechanism.identity_order.arm_summary,mechanism__identity_order__arm_summary.csv,test_percent_sd,number,accuracy percentage points,Supplied sd of per-seed plateau5; SD uses ddof=1 and SE uses SD/sqrt(n).
mechanism.identity_order.arm_summary,mechanism__identity_order__arm_summary.csv,test_percent_se,number,accuracy percentage points,Supplied se of per-seed plateau5; SD uses ddof=1 and SE uses SD/sqrt(n).
mechanism.identity_order.arm_summary,mechanism__identity_order__arm_summary.csv,test_percent_min,number,accuracy percent,Supplied min of per-seed plateau5; SD uses ddof=1 and SE uses SD/sqrt(n).
mechanism.identity_order.arm_summary,mechanism__identity_order__arm_summary.csv,test_percent_max,number,accuracy percent,Supplied max of per-seed plateau5; SD uses ddof=1 and SE uses SD/sqrt(n).
mechanism.identity_order.arm_summary,mechanism__identity_order__arm_summary.csv,train_percent_n,number,training seeds,Number of per-seed plateau5 values in this arm.
mechanism.identity_order.arm_summary,mechanism__identity_order__arm_summary.csv,train_percent_mean,number,accuracy percent,Supplied mean of per-seed plateau5; SD uses ddof=1 and SE uses SD/sqrt(n).
mechanism.identity_order.arm_summary,mechanism__identity_order__arm_summary.csv,train_percent_sd,number,accuracy percentage points,Supplied sd of per-seed plateau5; SD uses ddof=1 and SE uses SD/sqrt(n).
mechanism.identity_order.arm_summary,mechanism__identity_order__arm_summary.csv,train_percent_se,number,accuracy percentage points,Supplied se of per-seed plateau5; SD uses ddof=1 and SE uses SD/sqrt(n).
mechanism.identity_order.arm_summary,mechanism__identity_order__arm_summary.csv,train_percent_min,number,accuracy percent,Supplied min of per-seed plateau5; SD uses ddof=1 and SE uses SD/sqrt(n).
mechanism.identity_order.arm_summary,mechanism__identity_order__arm_summary.csv,train_percent_max,number,accuracy percent,Supplied max of per-seed plateau5; SD uses ddof=1 and SE uses SD/sqrt(n).
mechanism.identity_order.arm_summary,mechanism__identity_order__arm_summary.csv,source_ids,text,identifier,Join with sources.csv; vertical bars separate multiple source IDs.
mechanism.identity_order.arm_summary,mechanism__identity_order__arm_summary.csv,scope,text,text,Scientific scope and restrictions for this dataset.
mechanism.identity_order.arm_summary,mechanism__identity_order__arm_summary.csv,units,text,text,Units for the numeric metrics in this row; detailed fields are defined here.
mechanism.identity_order.per_seed,mechanism__identity_order__per_seed.csv,batch,text,label,Verbatim source label or explicit export label; not a numeric measurement.
mechanism.identity_order.per_seed,mechanism__identity_order__per_seed.csv,arm,text,label,Verbatim source label or explicit export label; not a numeric measurement.
mechanism.identity_order.per_seed,mechanism__identity_order__per_seed.csv,label,text,label,Verbatim source label or explicit export label; not a numeric measurement.
mechanism.identity_order.per_seed,mechanism__identity_order__per_seed.csv,horizon,number,epochs,Registered completed-epoch endpoint; plateau5 uses horizon-5 through horizon-1.
mechanism.identity_order.per_seed,mechanism__identity_order__per_seed.csv,group_count,all blank / unavailable,count,"Tensor, group, coordinate, or block count as named; do not interchange tensor count and coordinate mass."
mechanism.identity_order.per_seed,mechanism__identity_order__per_seed.csv,normalized_tensor_count_entropy,all blank / unavailable,dimensionless,Supplied normalized tensor-count entropy; not parameter-mass balance.
mechanism.identity_order.per_seed,mechanism__identity_order__per_seed.csv,r,all blank / unavailable,test accuracy percent; differences and SD/SE in percentage points,Supplied flat evidence field; exact quantity is specified by the dataset metric and scope.
mechanism.identity_order.per_seed,mechanism__identity_order__per_seed.csv,meta_stepsize,all blank / unavailable,test accuracy percent; differences and SD/SE in percentage points,Supplied flat evidence field; exact quantity is specified by the dataset metric and scope.
mechanism.identity_order.per_seed,mechanism__identity_order__per_seed.csv,meta_optimizer,all blank / unavailable,label,Verbatim source label or explicit export label; not a numeric measurement.
mechanism.identity_order.per_seed,mechanism__identity_order__per_seed.csv,capture_fraction,all blank / unavailable,fraction,(arm mean - in-batch scalar mean)/(in-batch layerwise mean - scalar mean).
mechanism.identity_order.per_seed,mechanism__identity_order__per_seed.csv,plateau_window_start_epoch,number,test accuracy percent; differences and SD/SE in percentage points,Supplied flat evidence field; exact quantity is specified by the dataset metric and scope.
mechanism.identity_order.per_seed,mechanism__identity_order__per_seed.csv,plateau_window_end_epoch,number,test accuracy percent; differences and SD/SE in percentage points,Supplied flat evidence field; exact quantity is specified by the dataset metric and scope.
mechanism.identity_order.per_seed,mechanism__identity_order__per_seed.csv,config_network,text,configuration,Original run configuration field; missing/unknown legacy values are retained.
mechanism.identity_order.per_seed,mechanism__identity_order__per_seed.csv,config_dataset,text,configuration,Original run configuration field; missing/unknown legacy values are retained.
mechanism.identity_order.per_seed,mechanism__identity_order__per_seed.csv,config_batch_size,text,configuration,Original run configuration field; missing/unknown legacy values are retained.
mechanism.identity_order.per_seed,mechanism__identity_order__per_seed.csv,config_granularity,text,configuration,Original run configuration field; missing/unknown legacy values are retained.
mechanism.identity_order.per_seed,mechanism__identity_order__per_seed.csv,config_base,text,configuration,Original run configuration field; missing/unknown legacy values are retained.
mechanism.identity_order.per_seed,mechanism__identity_order__per_seed.csv,config_meta,text,configuration,Original run configuration field; missing/unknown legacy values are retained.
mechanism.identity_order.per_seed,mechanism__identity_order__per_seed.csv,config_meta_stepsize,text,configuration,Original run configuration field; missing/unknown legacy values are retained.
mechanism.identity_order.per_seed,mechanism__identity_order__per_seed.csv,config_alpha0,text,configuration,Original run configuration field; missing/unknown legacy values are retained.
mechanism.identity_order.per_seed,mechanism__identity_order__per_seed.csv,config_gamma,text,configuration,Original run configuration field; missing/unknown legacy values are retained.
mechanism.identity_order.per_seed,mechanism__identity_order__per_seed.csv,config_augment,text,configuration,Original run configuration field; missing/unknown legacy values are retained.
mechanism.identity_order.per_seed,mechanism__identity_order__per_seed.csv,config_beta_clip,text,configuration,Original run configuration field; missing/unknown legacy values are retained.
mechanism.identity_order.per_seed,mechanism__identity_order__per_seed.csv,config_hier,all blank / unavailable,configuration,Original run configuration field; missing/unknown legacy values are retained.
mechanism.identity_order.per_seed,mechanism__identity_order__per_seed.csv,config_lam,text,configuration,Original run configuration field; missing/unknown legacy values are retained.
mechanism.identity_order.per_seed,mechanism__identity_order__per_seed.csv,config_eta_ratio,text,configuration,Original run configuration field; missing/unknown legacy values are retained.
mechanism.identity_order.per_seed,mechanism__identity_order__per_seed.csv,config_epochs_requested,text,configuration,Original run configuration field; missing/unknown legacy values are retained.
mechanism.identity_order.per_seed,mechanism__identity_order__per_seed.csv,seed,number,seed identifier,"Training random seed, not a sample count."
mechanism.identity_order.per_seed,mechanism__identity_order__per_seed.csv,run,text,label,Verbatim source label or explicit export label; not a numeric measurement.
mechanism.identity_order.per_seed,mechanism__identity_order__per_seed.csv,test_plateau5_percent,number,percent,Supplied percentage-valued measurement; intervals/ranges are not automatically confidence intervals.
mechanism.identity_order.per_seed,mechanism__identity_order__per_seed.csv,train_plateau5_percent,number,percent,Supplied percentage-valued measurement; intervals/ranges are not automatically confidence intervals.
mechanism.identity_order.per_seed,mechanism__identity_order__per_seed.csv,source_ids,text,identifier,Join with sources.csv; vertical bars separate multiple source IDs.
mechanism.identity_order.per_seed,mechanism__identity_order__per_seed.csv,scope,text,text,Scientific scope and restrictions for this dataset.
mechanism.identity_order.per_seed,mechanism__identity_order__per_seed.csv,units,text,text,Units for the numeric metrics in this row; detailed fields are defined here.
mechanism.identity_order.epoch_curves,mechanism__identity_order__epoch_curves.csv,batch,text,label,Verbatim source label or explicit export label; not a numeric measurement.
mechanism.identity_order.epoch_curves,mechanism__identity_order__epoch_curves.csv,arm,text,label,Verbatim source label or explicit export label; not a numeric measurement.
mechanism.identity_order.epoch_curves,mechanism__identity_order__epoch_curves.csv,label,text,label,Verbatim source label or explicit export label; not a numeric measurement.
mechanism.identity_order.epoch_curves,mechanism__identity_order__epoch_curves.csv,seed,number,seed identifier,"Training random seed, not a sample count."
mechanism.identity_order.epoch_curves,mechanism__identity_order__epoch_curves.csv,run,text,label,Verbatim source label or explicit export label; not a numeric measurement.
mechanism.identity_order.epoch_curves,mechanism__identity_order__epoch_curves.csv,epoch,number,epoch,Raw zero-based training epoch index; probe timelines use fractional epochs.
mechanism.identity_order.epoch_curves,mechanism__identity_order__epoch_curves.csv,test_accuracy_percent,number,percent,Supplied percentage-valued measurement; intervals/ranges are not automatically confidence intervals.
mechanism.identity_order.epoch_curves,mechanism__identity_order__epoch_curves.csv,train_accuracy_percent,number,percent,Supplied percentage-valued measurement; intervals/ranges are not automatically confidence intervals.
mechanism.identity_order.epoch_curves,mechanism__identity_order__epoch_curves.csv,source_ids,text,identifier,Join with sources.csv; vertical bars separate multiple source IDs.
mechanism.identity_order.epoch_curves,mechanism__identity_order__epoch_curves.csv,registered_horizon_epochs,number,epochs,Primary registered endpoint for this accuracy panel.
mechanism.identity_order.epoch_curves,mechanism__identity_order__epoch_curves.csv,in_registered_plateau5_window,boolean,boolean,True only for the five raw epochs entering the primary endpoint.
mechanism.identity_order.epoch_curves,mechanism__identity_order__epoch_curves.csv,scope,text,text,Scientific scope and restrictions for this dataset.
mechanism.identity_order.epoch_curves,mechanism__identity_order__epoch_curves.csv,units,text,text,Units for the numeric metrics in this row; detailed fields are defined here.
mechanism.contiguity_mass.arm_summary,mechanism__contiguity_mass__arm_summary.csv,batch,text,label,Verbatim source label or explicit export label; not a numeric measurement.
mechanism.contiguity_mass.arm_summary,mechanism__contiguity_mass__arm_summary.csv,arm,text,label,Verbatim source label or explicit export label; not a numeric measurement.
mechanism.contiguity_mass.arm_summary,mechanism__contiguity_mass__arm_summary.csv,label,text,label,Verbatim source label or explicit export label; not a numeric measurement.
mechanism.contiguity_mass.arm_summary,mechanism__contiguity_mass__arm_summary.csv,horizon,number,epochs,Registered completed-epoch endpoint; plateau5 uses horizon-5 through horizon-1.
mechanism.contiguity_mass.arm_summary,mechanism__contiguity_mass__arm_summary.csv,group_count,all blank / unavailable,count,"Tensor, group, coordinate, or block count as named; do not interchange tensor count and coordinate mass."
mechanism.contiguity_mass.arm_summary,mechanism__contiguity_mass__arm_summary.csv,normalized_tensor_count_entropy,all blank / unavailable,dimensionless,Supplied normalized tensor-count entropy; not parameter-mass balance.
mechanism.contiguity_mass.arm_summary,mechanism__contiguity_mass__arm_summary.csv,r,all blank / unavailable,test accuracy percent; differences and SD/SE in percentage points,Supplied flat evidence field; exact quantity is specified by the dataset metric and scope.
mechanism.contiguity_mass.arm_summary,mechanism__contiguity_mass__arm_summary.csv,meta_stepsize,all blank / unavailable,test accuracy percent; differences and SD/SE in percentage points,Supplied flat evidence field; exact quantity is specified by the dataset metric and scope.
mechanism.contiguity_mass.arm_summary,mechanism__contiguity_mass__arm_summary.csv,meta_optimizer,all blank / unavailable,label,Verbatim source label or explicit export label; not a numeric measurement.
mechanism.contiguity_mass.arm_summary,mechanism__contiguity_mass__arm_summary.csv,capture_fraction,all blank / unavailable,fraction,(arm mean - in-batch scalar mean)/(in-batch layerwise mean - scalar mean).
mechanism.contiguity_mass.arm_summary,mechanism__contiguity_mass__arm_summary.csv,plateau_window_start_epoch,number,test accuracy percent; differences and SD/SE in percentage points,Supplied flat evidence field; exact quantity is specified by the dataset metric and scope.
mechanism.contiguity_mass.arm_summary,mechanism__contiguity_mass__arm_summary.csv,plateau_window_end_epoch,number,test accuracy percent; differences and SD/SE in percentage points,Supplied flat evidence field; exact quantity is specified by the dataset metric and scope.
mechanism.contiguity_mass.arm_summary,mechanism__contiguity_mass__arm_summary.csv,config_network,text,configuration,Original run configuration field; missing/unknown legacy values are retained.
mechanism.contiguity_mass.arm_summary,mechanism__contiguity_mass__arm_summary.csv,config_dataset,text,configuration,Original run configuration field; missing/unknown legacy values are retained.
mechanism.contiguity_mass.arm_summary,mechanism__contiguity_mass__arm_summary.csv,config_batch_size,text,configuration,Original run configuration field; missing/unknown legacy values are retained.
mechanism.contiguity_mass.arm_summary,mechanism__contiguity_mass__arm_summary.csv,config_granularity,text,configuration,Original run configuration field; missing/unknown legacy values are retained.
mechanism.contiguity_mass.arm_summary,mechanism__contiguity_mass__arm_summary.csv,config_base,text,configuration,Original run configuration field; missing/unknown legacy values are retained.
mechanism.contiguity_mass.arm_summary,mechanism__contiguity_mass__arm_summary.csv,config_meta,text,configuration,Original run configuration field; missing/unknown legacy values are retained.
mechanism.contiguity_mass.arm_summary,mechanism__contiguity_mass__arm_summary.csv,config_meta_stepsize,text,configuration,Original run configuration field; missing/unknown legacy values are retained.
mechanism.contiguity_mass.arm_summary,mechanism__contiguity_mass__arm_summary.csv,config_alpha0,text,configuration,Original run configuration field; missing/unknown legacy values are retained.
mechanism.contiguity_mass.arm_summary,mechanism__contiguity_mass__arm_summary.csv,config_gamma,text,configuration,Original run configuration field; missing/unknown legacy values are retained.
mechanism.contiguity_mass.arm_summary,mechanism__contiguity_mass__arm_summary.csv,config_augment,text,configuration,Original run configuration field; missing/unknown legacy values are retained.
mechanism.contiguity_mass.arm_summary,mechanism__contiguity_mass__arm_summary.csv,config_beta_clip,text,configuration,Original run configuration field; missing/unknown legacy values are retained.
mechanism.contiguity_mass.arm_summary,mechanism__contiguity_mass__arm_summary.csv,config_hier,all blank / unavailable,configuration,Original run configuration field; missing/unknown legacy values are retained.
mechanism.contiguity_mass.arm_summary,mechanism__contiguity_mass__arm_summary.csv,config_lam,text,configuration,Original run configuration field; missing/unknown legacy values are retained.
mechanism.contiguity_mass.arm_summary,mechanism__contiguity_mass__arm_summary.csv,config_eta_ratio,text,configuration,Original run configuration field; missing/unknown legacy values are retained.
mechanism.contiguity_mass.arm_summary,mechanism__contiguity_mass__arm_summary.csv,config_epochs_requested,text,configuration,Original run configuration field; missing/unknown legacy values are retained.
mechanism.contiguity_mass.arm_summary,mechanism__contiguity_mass__arm_summary.csv,test_percent_n,number,training seeds,Number of per-seed plateau5 values in this arm.
mechanism.contiguity_mass.arm_summary,mechanism__contiguity_mass__arm_summary.csv,test_percent_mean,number,accuracy percent,Supplied mean of per-seed plateau5; SD uses ddof=1 and SE uses SD/sqrt(n).
mechanism.contiguity_mass.arm_summary,mechanism__contiguity_mass__arm_summary.csv,test_percent_sd,number,accuracy percentage points,Supplied sd of per-seed plateau5; SD uses ddof=1 and SE uses SD/sqrt(n).
mechanism.contiguity_mass.arm_summary,mechanism__contiguity_mass__arm_summary.csv,test_percent_se,number,accuracy percentage points,Supplied se of per-seed plateau5; SD uses ddof=1 and SE uses SD/sqrt(n).
mechanism.contiguity_mass.arm_summary,mechanism__contiguity_mass__arm_summary.csv,test_percent_min,number,accuracy percent,Supplied min of per-seed plateau5; SD uses ddof=1 and SE uses SD/sqrt(n).
mechanism.contiguity_mass.arm_summary,mechanism__contiguity_mass__arm_summary.csv,test_percent_max,number,accuracy percent,Supplied max of per-seed plateau5; SD uses ddof=1 and SE uses SD/sqrt(n).
mechanism.contiguity_mass.arm_summary,mechanism__contiguity_mass__arm_summary.csv,train_percent_n,number,training seeds,Number of per-seed plateau5 values in this arm.
mechanism.contiguity_mass.arm_summary,mechanism__contiguity_mass__arm_summary.csv,train_percent_mean,number,accuracy percent,Supplied mean of per-seed plateau5; SD uses ddof=1 and SE uses SD/sqrt(n).
mechanism.contiguity_mass.arm_summary,mechanism__contiguity_mass__arm_summary.csv,train_percent_sd,number,accuracy percentage points,Supplied sd of per-seed plateau5; SD uses ddof=1 and SE uses SD/sqrt(n).
mechanism.contiguity_mass.arm_summary,mechanism__contiguity_mass__arm_summary.csv,train_percent_se,number,accuracy percentage points,Supplied se of per-seed plateau5; SD uses ddof=1 and SE uses SD/sqrt(n).
mechanism.contiguity_mass.arm_summary,mechanism__contiguity_mass__arm_summary.csv,train_percent_min,number,accuracy percent,Supplied min of per-seed plateau5; SD uses ddof=1 and SE uses SD/sqrt(n).
mechanism.contiguity_mass.arm_summary,mechanism__contiguity_mass__arm_summary.csv,train_percent_max,number,accuracy percent,Supplied max of per-seed plateau5; SD uses ddof=1 and SE uses SD/sqrt(n).
mechanism.contiguity_mass.arm_summary,mechanism__contiguity_mass__arm_summary.csv,source_ids,text,identifier,Join with sources.csv; vertical bars separate multiple source IDs.
mechanism.contiguity_mass.arm_summary,mechanism__contiguity_mass__arm_summary.csv,scope,text,text,Scientific scope and restrictions for this dataset.
mechanism.contiguity_mass.arm_summary,mechanism__contiguity_mass__arm_summary.csv,units,text,text,Units for the numeric metrics in this row; detailed fields are defined here.
mechanism.contiguity_mass.per_seed,mechanism__contiguity_mass__per_seed.csv,batch,text,label,Verbatim source label or explicit export label; not a numeric measurement.
mechanism.contiguity_mass.per_seed,mechanism__contiguity_mass__per_seed.csv,arm,text,label,Verbatim source label or explicit export label; not a numeric measurement.
mechanism.contiguity_mass.per_seed,mechanism__contiguity_mass__per_seed.csv,label,text,label,Verbatim source label or explicit export label; not a numeric measurement.
mechanism.contiguity_mass.per_seed,mechanism__contiguity_mass__per_seed.csv,horizon,number,epochs,Registered completed-epoch endpoint; plateau5 uses horizon-5 through horizon-1.
mechanism.contiguity_mass.per_seed,mechanism__contiguity_mass__per_seed.csv,group_count,all blank / unavailable,count,"Tensor, group, coordinate, or block count as named; do not interchange tensor count and coordinate mass."
mechanism.contiguity_mass.per_seed,mechanism__contiguity_mass__per_seed.csv,normalized_tensor_count_entropy,all blank / unavailable,dimensionless,Supplied normalized tensor-count entropy; not parameter-mass balance.
mechanism.contiguity_mass.per_seed,mechanism__contiguity_mass__per_seed.csv,r,all blank / unavailable,test accuracy percent; differences and SD/SE in percentage points,Supplied flat evidence field; exact quantity is specified by the dataset metric and scope.
mechanism.contiguity_mass.per_seed,mechanism__contiguity_mass__per_seed.csv,meta_stepsize,all blank / unavailable,test accuracy percent; differences and SD/SE in percentage points,Supplied flat evidence field; exact quantity is specified by the dataset metric and scope.
mechanism.contiguity_mass.per_seed,mechanism__contiguity_mass__per_seed.csv,meta_optimizer,all blank / unavailable,label,Verbatim source label or explicit export label; not a numeric measurement.
mechanism.contiguity_mass.per_seed,mechanism__contiguity_mass__per_seed.csv,capture_fraction,all blank / unavailable,fraction,(arm mean - in-batch scalar mean)/(in-batch layerwise mean - scalar mean).
mechanism.contiguity_mass.per_seed,mechanism__contiguity_mass__per_seed.csv,plateau_window_start_epoch,number,test accuracy percent; differences and SD/SE in percentage points,Supplied flat evidence field; exact quantity is specified by the dataset metric and scope.
mechanism.contiguity_mass.per_seed,mechanism__contiguity_mass__per_seed.csv,plateau_window_end_epoch,number,test accuracy percent; differences and SD/SE in percentage points,Supplied flat evidence field; exact quantity is specified by the dataset metric and scope.
mechanism.contiguity_mass.per_seed,mechanism__contiguity_mass__per_seed.csv,config_network,text,configuration,Original run configuration field; missing/unknown legacy values are retained.
mechanism.contiguity_mass.per_seed,mechanism__contiguity_mass__per_seed.csv,config_dataset,text,configuration,Original run configuration field; missing/unknown legacy values are retained.
mechanism.contiguity_mass.per_seed,mechanism__contiguity_mass__per_seed.csv,config_batch_size,text,configuration,Original run configuration field; missing/unknown legacy values are retained.
mechanism.contiguity_mass.per_seed,mechanism__contiguity_mass__per_seed.csv,config_granularity,text,configuration,Original run configuration field; missing/unknown legacy values are retained.
mechanism.contiguity_mass.per_seed,mechanism__contiguity_mass__per_seed.csv,config_base,text,configuration,Original run configuration field; missing/unknown legacy values are retained.
mechanism.contiguity_mass.per_seed,mechanism__contiguity_mass__per_seed.csv,config_meta,text,configuration,Original run configuration field; missing/unknown legacy values are retained.
mechanism.contiguity_mass.per_seed,mechanism__contiguity_mass__per_seed.csv,config_meta_stepsize,text,configuration,Original run configuration field; missing/unknown legacy values are retained.
mechanism.contiguity_mass.per_seed,mechanism__contiguity_mass__per_seed.csv,config_alpha0,text,configuration,Original run configuration field; missing/unknown legacy values are retained.
mechanism.contiguity_mass.per_seed,mechanism__contiguity_mass__per_seed.csv,config_gamma,text,configuration,Original run configuration field; missing/unknown legacy values are retained.
mechanism.contiguity_mass.per_seed,mechanism__contiguity_mass__per_seed.csv,config_augment,text,configuration,Original run configuration field; missing/unknown legacy values are retained.
mechanism.contiguity_mass.per_seed,mechanism__contiguity_mass__per_seed.csv,config_beta_clip,text,configuration,Original run configuration field; missing/unknown legacy values are retained.
mechanism.contiguity_mass.per_seed,mechanism__contiguity_mass__per_seed.csv,config_hier,all blank / unavailable,configuration,Original run configuration field; missing/unknown legacy values are retained.
mechanism.contiguity_mass.per_seed,mechanism__contiguity_mass__per_seed.csv,config_lam,text,configuration,Original run configuration field; missing/unknown legacy values are retained.
mechanism.contiguity_mass.per_seed,mechanism__contiguity_mass__per_seed.csv,config_eta_ratio,text,configuration,Original run configuration field; missing/unknown legacy values are retained.
mechanism.contiguity_mass.per_seed,mechanism__contiguity_mass__per_seed.csv,config_epochs_requested,text,configuration,Original run configuration field; missing/unknown legacy values are retained.
mechanism.contiguity_mass.per_seed,mechanism__contiguity_mass__per_seed.csv,seed,number,seed identifier,"Training random seed, not a sample count."
mechanism.contiguity_mass.per_seed,mechanism__contiguity_mass__per_seed.csv,run,text,label,Verbatim source label or explicit export label; not a numeric measurement.
mechanism.contiguity_mass.per_seed,mechanism__contiguity_mass__per_seed.csv,test_plateau5_percent,number,percent,Supplied percentage-valued measurement; intervals/ranges are not automatically confidence intervals.
mechanism.contiguity_mass.per_seed,mechanism__contiguity_mass__per_seed.csv,train_plateau5_percent,number,percent,Supplied percentage-valued measurement; intervals/ranges are not automatically confidence intervals.
mechanism.contiguity_mass.per_seed,mechanism__contiguity_mass__per_seed.csv,source_ids,text,identifier,Join with sources.csv; vertical bars separate multiple source IDs.
mechanism.contiguity_mass.per_seed,mechanism__contiguity_mass__per_seed.csv,scope,text,text,Scientific scope and restrictions for this dataset.
mechanism.contiguity_mass.per_seed,mechanism__contiguity_mass__per_seed.csv,units,text,text,Units for the numeric metrics in this row; detailed fields are defined here.
mechanism.contiguity_mass.epoch_curves,mechanism__contiguity_mass__epoch_curves.csv,batch,text,label,Verbatim source label or explicit export label; not a numeric measurement.
mechanism.contiguity_mass.epoch_curves,mechanism__contiguity_mass__epoch_curves.csv,arm,text,label,Verbatim source label or explicit export label; not a numeric measurement.
mechanism.contiguity_mass.epoch_curves,mechanism__contiguity_mass__epoch_curves.csv,label,text,label,Verbatim source label or explicit export label; not a numeric measurement.
mechanism.contiguity_mass.epoch_curves,mechanism__contiguity_mass__epoch_curves.csv,seed,number,seed identifier,"Training random seed, not a sample count."
mechanism.contiguity_mass.epoch_curves,mechanism__contiguity_mass__epoch_curves.csv,run,text,label,Verbatim source label or explicit export label; not a numeric measurement.
mechanism.contiguity_mass.epoch_curves,mechanism__contiguity_mass__epoch_curves.csv,epoch,number,epoch,Raw zero-based training epoch index; probe timelines use fractional epochs.
mechanism.contiguity_mass.epoch_curves,mechanism__contiguity_mass__epoch_curves.csv,test_accuracy_percent,number,percent,Supplied percentage-valued measurement; intervals/ranges are not automatically confidence intervals.
mechanism.contiguity_mass.epoch_curves,mechanism__contiguity_mass__epoch_curves.csv,train_accuracy_percent,number,percent,Supplied percentage-valued measurement; intervals/ranges are not automatically confidence intervals.
mechanism.contiguity_mass.epoch_curves,mechanism__contiguity_mass__epoch_curves.csv,source_ids,text,identifier,Join with sources.csv; vertical bars separate multiple source IDs.
mechanism.contiguity_mass.epoch_curves,mechanism__contiguity_mass__epoch_curves.csv,registered_horizon_epochs,number,epochs,Primary registered endpoint for this accuracy panel.
mechanism.contiguity_mass.epoch_curves,mechanism__contiguity_mass__epoch_curves.csv,in_registered_plateau5_window,boolean,boolean,True only for the five raw epochs entering the primary endpoint.
mechanism.contiguity_mass.epoch_curves,mechanism__contiguity_mass__epoch_curves.csv,scope,text,text,Scientific scope and restrictions for this dataset.
mechanism.contiguity_mass.epoch_curves,mechanism__contiguity_mass__epoch_curves.csv,units,text,text,Units for the numeric metrics in this row; detailed fields are defined here.
mechanism.clamp_cliff.arm_summary,mechanism__clamp_cliff__arm_summary.csv,batch,text,label,Verbatim source label or explicit export label; not a numeric measurement.
mechanism.clamp_cliff.arm_summary,mechanism__clamp_cliff__arm_summary.csv,arm,text,label,Verbatim source label or explicit export label; not a numeric measurement.
mechanism.clamp_cliff.arm_summary,mechanism__clamp_cliff__arm_summary.csv,label,text,label,Verbatim source label or explicit export label; not a numeric measurement.
mechanism.clamp_cliff.arm_summary,mechanism__clamp_cliff__arm_summary.csv,horizon,number,epochs,Registered completed-epoch endpoint; plateau5 uses horizon-5 through horizon-1.
mechanism.clamp_cliff.arm_summary,mechanism__clamp_cliff__arm_summary.csv,group_count,all blank / unavailable,count,"Tensor, group, coordinate, or block count as named; do not interchange tensor count and coordinate mass."
mechanism.clamp_cliff.arm_summary,mechanism__clamp_cliff__arm_summary.csv,normalized_tensor_count_entropy,all blank / unavailable,dimensionless,Supplied normalized tensor-count entropy; not parameter-mass balance.
mechanism.clamp_cliff.arm_summary,mechanism__clamp_cliff__arm_summary.csv,r,all blank / unavailable,test accuracy percent; differences and SD/SE in percentage points,Supplied flat evidence field; exact quantity is specified by the dataset metric and scope.
mechanism.clamp_cliff.arm_summary,mechanism__clamp_cliff__arm_summary.csv,meta_stepsize,all blank / unavailable,test accuracy percent; differences and SD/SE in percentage points,Supplied flat evidence field; exact quantity is specified by the dataset metric and scope.
mechanism.clamp_cliff.arm_summary,mechanism__clamp_cliff__arm_summary.csv,meta_optimizer,all blank / unavailable,label,Verbatim source label or explicit export label; not a numeric measurement.
mechanism.clamp_cliff.arm_summary,mechanism__clamp_cliff__arm_summary.csv,capture_fraction,all blank / unavailable,fraction,(arm mean - in-batch scalar mean)/(in-batch layerwise mean - scalar mean).
mechanism.clamp_cliff.arm_summary,mechanism__clamp_cliff__arm_summary.csv,plateau_window_start_epoch,number,test accuracy percent; differences and SD/SE in percentage points,Supplied flat evidence field; exact quantity is specified by the dataset metric and scope.
mechanism.clamp_cliff.arm_summary,mechanism__clamp_cliff__arm_summary.csv,plateau_window_end_epoch,number,test accuracy percent; differences and SD/SE in percentage points,Supplied flat evidence field; exact quantity is specified by the dataset metric and scope.
mechanism.clamp_cliff.arm_summary,mechanism__clamp_cliff__arm_summary.csv,config_network,text,configuration,Original run configuration field; missing/unknown legacy values are retained.
mechanism.clamp_cliff.arm_summary,mechanism__clamp_cliff__arm_summary.csv,config_dataset,text,configuration,Original run configuration field; missing/unknown legacy values are retained.
mechanism.clamp_cliff.arm_summary,mechanism__clamp_cliff__arm_summary.csv,config_batch_size,text,configuration,Original run configuration field; missing/unknown legacy values are retained.
mechanism.clamp_cliff.arm_summary,mechanism__clamp_cliff__arm_summary.csv,config_granularity,text,configuration,Original run configuration field; missing/unknown legacy values are retained.
mechanism.clamp_cliff.arm_summary,mechanism__clamp_cliff__arm_summary.csv,config_base,text,configuration,Original run configuration field; missing/unknown legacy values are retained.
mechanism.clamp_cliff.arm_summary,mechanism__clamp_cliff__arm_summary.csv,config_meta,text,configuration,Original run configuration field; missing/unknown legacy values are retained.
mechanism.clamp_cliff.arm_summary,mechanism__clamp_cliff__arm_summary.csv,config_meta_stepsize,text,configuration,Original run configuration field; missing/unknown legacy values are retained.
mechanism.clamp_cliff.arm_summary,mechanism__clamp_cliff__arm_summary.csv,config_alpha0,text,configuration,Original run configuration field; missing/unknown legacy values are retained.
mechanism.clamp_cliff.arm_summary,mechanism__clamp_cliff__arm_summary.csv,config_gamma,text,configuration,Original run configuration field; missing/unknown legacy values are retained.
mechanism.clamp_cliff.arm_summary,mechanism__clamp_cliff__arm_summary.csv,config_augment,text,configuration,Original run configuration field; missing/unknown legacy values are retained.
mechanism.clamp_cliff.arm_summary,mechanism__clamp_cliff__arm_summary.csv,config_beta_clip,text,configuration,Original run configuration field; missing/unknown legacy values are retained.
mechanism.clamp_cliff.arm_summary,mechanism__clamp_cliff__arm_summary.csv,config_hier,all blank / unavailable,configuration,Original run configuration field; missing/unknown legacy values are retained.
mechanism.clamp_cliff.arm_summary,mechanism__clamp_cliff__arm_summary.csv,config_lam,text,configuration,Original run configuration field; missing/unknown legacy values are retained.
mechanism.clamp_cliff.arm_summary,mechanism__clamp_cliff__arm_summary.csv,config_eta_ratio,text,configuration,Original run configuration field; missing/unknown legacy values are retained.
mechanism.clamp_cliff.arm_summary,mechanism__clamp_cliff__arm_summary.csv,config_epochs_requested,text,configuration,Original run configuration field; missing/unknown legacy values are retained.
mechanism.clamp_cliff.arm_summary,mechanism__clamp_cliff__arm_summary.csv,test_percent_n,number,training seeds,Number of per-seed plateau5 values in this arm.
mechanism.clamp_cliff.arm_summary,mechanism__clamp_cliff__arm_summary.csv,test_percent_mean,number,accuracy percent,Supplied mean of per-seed plateau5; SD uses ddof=1 and SE uses SD/sqrt(n).
mechanism.clamp_cliff.arm_summary,mechanism__clamp_cliff__arm_summary.csv,test_percent_sd,number,accuracy percentage points,Supplied sd of per-seed plateau5; SD uses ddof=1 and SE uses SD/sqrt(n).
mechanism.clamp_cliff.arm_summary,mechanism__clamp_cliff__arm_summary.csv,test_percent_se,number,accuracy percentage points,Supplied se of per-seed plateau5; SD uses ddof=1 and SE uses SD/sqrt(n).
mechanism.clamp_cliff.arm_summary,mechanism__clamp_cliff__arm_summary.csv,test_percent_min,number,accuracy percent,Supplied min of per-seed plateau5; SD uses ddof=1 and SE uses SD/sqrt(n).
mechanism.clamp_cliff.arm_summary,mechanism__clamp_cliff__arm_summary.csv,test_percent_max,number,accuracy percent,Supplied max of per-seed plateau5; SD uses ddof=1 and SE uses SD/sqrt(n).
mechanism.clamp_cliff.arm_summary,mechanism__clamp_cliff__arm_summary.csv,train_percent_n,number,training seeds,Number of per-seed plateau5 values in this arm.
mechanism.clamp_cliff.arm_summary,mechanism__clamp_cliff__arm_summary.csv,train_percent_mean,number,accuracy percent,Supplied mean of per-seed plateau5; SD uses ddof=1 and SE uses SD/sqrt(n).
mechanism.clamp_cliff.arm_summary,mechanism__clamp_cliff__arm_summary.csv,train_percent_sd,number,accuracy percentage points,Supplied sd of per-seed plateau5; SD uses ddof=1 and SE uses SD/sqrt(n).
mechanism.clamp_cliff.arm_summary,mechanism__clamp_cliff__arm_summary.csv,train_percent_se,number,accuracy percentage points,Supplied se of per-seed plateau5; SD uses ddof=1 and SE uses SD/sqrt(n).
mechanism.clamp_cliff.arm_summary,mechanism__clamp_cliff__arm_summary.csv,train_percent_min,number,accuracy percent,Supplied min of per-seed plateau5; SD uses ddof=1 and SE uses SD/sqrt(n).
mechanism.clamp_cliff.arm_summary,mechanism__clamp_cliff__arm_summary.csv,train_percent_max,number,accuracy percent,Supplied max of per-seed plateau5; SD uses ddof=1 and SE uses SD/sqrt(n).
mechanism.clamp_cliff.arm_summary,mechanism__clamp_cliff__arm_summary.csv,source_ids,text,identifier,Join with sources.csv; vertical bars separate multiple source IDs.
mechanism.clamp_cliff.arm_summary,mechanism__clamp_cliff__arm_summary.csv,scope,text,text,Scientific scope and restrictions for this dataset.
mechanism.clamp_cliff.arm_summary,mechanism__clamp_cliff__arm_summary.csv,units,text,text,Units for the numeric metrics in this row; detailed fields are defined here.
mechanism.clamp_cliff.per_seed,mechanism__clamp_cliff__per_seed.csv,batch,text,label,Verbatim source label or explicit export label; not a numeric measurement.
mechanism.clamp_cliff.per_seed,mechanism__clamp_cliff__per_seed.csv,arm,text,label,Verbatim source label or explicit export label; not a numeric measurement.
mechanism.clamp_cliff.per_seed,mechanism__clamp_cliff__per_seed.csv,label,text,label,Verbatim source label or explicit export label; not a numeric measurement.
mechanism.clamp_cliff.per_seed,mechanism__clamp_cliff__per_seed.csv,horizon,number,epochs,Registered completed-epoch endpoint; plateau5 uses horizon-5 through horizon-1.
mechanism.clamp_cliff.per_seed,mechanism__clamp_cliff__per_seed.csv,group_count,all blank / unavailable,count,"Tensor, group, coordinate, or block count as named; do not interchange tensor count and coordinate mass."
mechanism.clamp_cliff.per_seed,mechanism__clamp_cliff__per_seed.csv,normalized_tensor_count_entropy,all blank / unavailable,dimensionless,Supplied normalized tensor-count entropy; not parameter-mass balance.
mechanism.clamp_cliff.per_seed,mechanism__clamp_cliff__per_seed.csv,r,all blank / unavailable,test accuracy percent; differences and SD/SE in percentage points,Supplied flat evidence field; exact quantity is specified by the dataset metric and scope.
mechanism.clamp_cliff.per_seed,mechanism__clamp_cliff__per_seed.csv,meta_stepsize,all blank / unavailable,test accuracy percent; differences and SD/SE in percentage points,Supplied flat evidence field; exact quantity is specified by the dataset metric and scope.
mechanism.clamp_cliff.per_seed,mechanism__clamp_cliff__per_seed.csv,meta_optimizer,all blank / unavailable,label,Verbatim source label or explicit export label; not a numeric measurement.
mechanism.clamp_cliff.per_seed,mechanism__clamp_cliff__per_seed.csv,capture_fraction,all blank / unavailable,fraction,(arm mean - in-batch scalar mean)/(in-batch layerwise mean - scalar mean).
mechanism.clamp_cliff.per_seed,mechanism__clamp_cliff__per_seed.csv,plateau_window_start_epoch,number,test accuracy percent; differences and SD/SE in percentage points,Supplied flat evidence field; exact quantity is specified by the dataset metric and scope.
mechanism.clamp_cliff.per_seed,mechanism__clamp_cliff__per_seed.csv,plateau_window_end_epoch,number,test accuracy percent; differences and SD/SE in percentage points,Supplied flat evidence field; exact quantity is specified by the dataset metric and scope.
mechanism.clamp_cliff.per_seed,mechanism__clamp_cliff__per_seed.csv,config_network,text,configuration,Original run configuration field; missing/unknown legacy values are retained.
mechanism.clamp_cliff.per_seed,mechanism__clamp_cliff__per_seed.csv,config_dataset,text,configuration,Original run configuration field; missing/unknown legacy values are retained.
mechanism.clamp_cliff.per_seed,mechanism__clamp_cliff__per_seed.csv,config_batch_size,text,configuration,Original run configuration field; missing/unknown legacy values are retained.
mechanism.clamp_cliff.per_seed,mechanism__clamp_cliff__per_seed.csv,config_granularity,text,configuration,Original run configuration field; missing/unknown legacy values are retained.
mechanism.clamp_cliff.per_seed,mechanism__clamp_cliff__per_seed.csv,config_base,text,configuration,Original run configuration field; missing/unknown legacy values are retained.
mechanism.clamp_cliff.per_seed,mechanism__clamp_cliff__per_seed.csv,config_meta,text,configuration,Original run configuration field; missing/unknown legacy values are retained.
mechanism.clamp_cliff.per_seed,mechanism__clamp_cliff__per_seed.csv,config_meta_stepsize,text,configuration,Original run configuration field; missing/unknown legacy values are retained.
mechanism.clamp_cliff.per_seed,mechanism__clamp_cliff__per_seed.csv,config_alpha0,text,configuration,Original run configuration field; missing/unknown legacy values are retained.
mechanism.clamp_cliff.per_seed,mechanism__clamp_cliff__per_seed.csv,config_gamma,text,configuration,Original run configuration field; missing/unknown legacy values are retained.
mechanism.clamp_cliff.per_seed,mechanism__clamp_cliff__per_seed.csv,config_augment,text,configuration,Original run configuration field; missing/unknown legacy values are retained.
mechanism.clamp_cliff.per_seed,mechanism__clamp_cliff__per_seed.csv,config_beta_clip,text,configuration,Original run configuration field; missing/unknown legacy values are retained.
mechanism.clamp_cliff.per_seed,mechanism__clamp_cliff__per_seed.csv,config_hier,all blank / unavailable,configuration,Original run configuration field; missing/unknown legacy values are retained.
mechanism.clamp_cliff.per_seed,mechanism__clamp_cliff__per_seed.csv,config_lam,text,configuration,Original run configuration field; missing/unknown legacy values are retained.
mechanism.clamp_cliff.per_seed,mechanism__clamp_cliff__per_seed.csv,config_eta_ratio,text,configuration,Original run configuration field; missing/unknown legacy values are retained.
mechanism.clamp_cliff.per_seed,mechanism__clamp_cliff__per_seed.csv,config_epochs_requested,text,configuration,Original run configuration field; missing/unknown legacy values are retained.
mechanism.clamp_cliff.per_seed,mechanism__clamp_cliff__per_seed.csv,seed,number,seed identifier,"Training random seed, not a sample count."
mechanism.clamp_cliff.per_seed,mechanism__clamp_cliff__per_seed.csv,run,text,label,Verbatim source label or explicit export label; not a numeric measurement.
mechanism.clamp_cliff.per_seed,mechanism__clamp_cliff__per_seed.csv,test_plateau5_percent,number,percent,Supplied percentage-valued measurement; intervals/ranges are not automatically confidence intervals.
mechanism.clamp_cliff.per_seed,mechanism__clamp_cliff__per_seed.csv,train_plateau5_percent,number,percent,Supplied percentage-valued measurement; intervals/ranges are not automatically confidence intervals.
mechanism.clamp_cliff.per_seed,mechanism__clamp_cliff__per_seed.csv,source_ids,text,identifier,Join with sources.csv; vertical bars separate multiple source IDs.
mechanism.clamp_cliff.per_seed,mechanism__clamp_cliff__per_seed.csv,scope,text,text,Scientific scope and restrictions for this dataset.
mechanism.clamp_cliff.per_seed,mechanism__clamp_cliff__per_seed.csv,units,text,text,Units for the numeric metrics in this row; detailed fields are defined here.
mechanism.clamp_cliff.epoch_curves,mechanism__clamp_cliff__epoch_curves.csv,batch,text,label,Verbatim source label or explicit export label; not a numeric measurement.
mechanism.clamp_cliff.epoch_curves,mechanism__clamp_cliff__epoch_curves.csv,arm,text,label,Verbatim source label or explicit export label; not a numeric measurement.
mechanism.clamp_cliff.epoch_curves,mechanism__clamp_cliff__epoch_curves.csv,label,text,label,Verbatim source label or explicit export label; not a numeric measurement.
mechanism.clamp_cliff.epoch_curves,mechanism__clamp_cliff__epoch_curves.csv,seed,number,seed identifier,"Training random seed, not a sample count."
mechanism.clamp_cliff.epoch_curves,mechanism__clamp_cliff__epoch_curves.csv,run,text,label,Verbatim source label or explicit export label; not a numeric measurement.
mechanism.clamp_cliff.epoch_curves,mechanism__clamp_cliff__epoch_curves.csv,epoch,number,epoch,Raw zero-based training epoch index; probe timelines use fractional epochs.
mechanism.clamp_cliff.epoch_curves,mechanism__clamp_cliff__epoch_curves.csv,test_accuracy_percent,number,percent,Supplied percentage-valued measurement; intervals/ranges are not automatically confidence intervals.
mechanism.clamp_cliff.epoch_curves,mechanism__clamp_cliff__epoch_curves.csv,train_accuracy_percent,number,percent,Supplied percentage-valued measurement; intervals/ranges are not automatically confidence intervals.
mechanism.clamp_cliff.epoch_curves,mechanism__clamp_cliff__epoch_curves.csv,source_ids,text,identifier,Join with sources.csv; vertical bars separate multiple source IDs.
mechanism.clamp_cliff.epoch_curves,mechanism__clamp_cliff__epoch_curves.csv,registered_horizon_epochs,number,epochs,Primary registered endpoint for this accuracy panel.
mechanism.clamp_cliff.epoch_curves,mechanism__clamp_cliff__epoch_curves.csv,in_registered_plateau5_window,boolean,boolean,True only for the five raw epochs entering the primary endpoint.
mechanism.clamp_cliff.epoch_curves,mechanism__clamp_cliff__epoch_curves.csv,scope,text,text,Scientific scope and restrictions for this dataset.
mechanism.clamp_cliff.epoch_curves,mechanism__clamp_cliff__epoch_curves.csv,units,text,text,Units for the numeric metrics in this row; detailed fields are defined here.
mechanism.legacy_clamp_controls.arm_summary,mechanism__legacy_clamp_controls__arm_summary.csv,batch,text,label,Verbatim source label or explicit export label; not a numeric measurement.
mechanism.legacy_clamp_controls.arm_summary,mechanism__legacy_clamp_controls__arm_summary.csv,arm,text,label,Verbatim source label or explicit export label; not a numeric measurement.
mechanism.legacy_clamp_controls.arm_summary,mechanism__legacy_clamp_controls__arm_summary.csv,label,text,label,Verbatim source label or explicit export label; not a numeric measurement.
mechanism.legacy_clamp_controls.arm_summary,mechanism__legacy_clamp_controls__arm_summary.csv,horizon,number,epochs,Registered completed-epoch endpoint; plateau5 uses horizon-5 through horizon-1.
mechanism.legacy_clamp_controls.arm_summary,mechanism__legacy_clamp_controls__arm_summary.csv,group_count,all blank / unavailable,count,"Tensor, group, coordinate, or block count as named; do not interchange tensor count and coordinate mass."
mechanism.legacy_clamp_controls.arm_summary,mechanism__legacy_clamp_controls__arm_summary.csv,normalized_tensor_count_entropy,all blank / unavailable,dimensionless,Supplied normalized tensor-count entropy; not parameter-mass balance.
mechanism.legacy_clamp_controls.arm_summary,mechanism__legacy_clamp_controls__arm_summary.csv,r,all blank / unavailable,test accuracy percent; differences and SD/SE in percentage points,Supplied flat evidence field; exact quantity is specified by the dataset metric and scope.
mechanism.legacy_clamp_controls.arm_summary,mechanism__legacy_clamp_controls__arm_summary.csv,meta_stepsize,all blank / unavailable,test accuracy percent; differences and SD/SE in percentage points,Supplied flat evidence field; exact quantity is specified by the dataset metric and scope.
mechanism.legacy_clamp_controls.arm_summary,mechanism__legacy_clamp_controls__arm_summary.csv,meta_optimizer,all blank / unavailable,label,Verbatim source label or explicit export label; not a numeric measurement.
mechanism.legacy_clamp_controls.arm_summary,mechanism__legacy_clamp_controls__arm_summary.csv,capture_fraction,all blank / unavailable,fraction,(arm mean - in-batch scalar mean)/(in-batch layerwise mean - scalar mean).
mechanism.legacy_clamp_controls.arm_summary,mechanism__legacy_clamp_controls__arm_summary.csv,plateau_window_start_epoch,number,test accuracy percent; differences and SD/SE in percentage points,Supplied flat evidence field; exact quantity is specified by the dataset metric and scope.
mechanism.legacy_clamp_controls.arm_summary,mechanism__legacy_clamp_controls__arm_summary.csv,plateau_window_end_epoch,number,test accuracy percent; differences and SD/SE in percentage points,Supplied flat evidence field; exact quantity is specified by the dataset metric and scope.
mechanism.legacy_clamp_controls.arm_summary,mechanism__legacy_clamp_controls__arm_summary.csv,config_network,text,configuration,Original run configuration field; missing/unknown legacy values are retained.
mechanism.legacy_clamp_controls.arm_summary,mechanism__legacy_clamp_controls__arm_summary.csv,config_dataset,text,configuration,Original run configuration field; missing/unknown legacy values are retained.
mechanism.legacy_clamp_controls.arm_summary,mechanism__legacy_clamp_controls__arm_summary.csv,config_batch_size,text,configuration,Original run configuration field; missing/unknown legacy values are retained.
mechanism.legacy_clamp_controls.arm_summary,mechanism__legacy_clamp_controls__arm_summary.csv,config_granularity,text,configuration,Original run configuration field; missing/unknown legacy values are retained.
mechanism.legacy_clamp_controls.arm_summary,mechanism__legacy_clamp_controls__arm_summary.csv,config_base,text,configuration,Original run configuration field; missing/unknown legacy values are retained.
mechanism.legacy_clamp_controls.arm_summary,mechanism__legacy_clamp_controls__arm_summary.csv,config_meta,text,configuration,Original run configuration field; missing/unknown legacy values are retained.
mechanism.legacy_clamp_controls.arm_summary,mechanism__legacy_clamp_controls__arm_summary.csv,config_meta_stepsize,text,configuration,Original run configuration field; missing/unknown legacy values are retained.
mechanism.legacy_clamp_controls.arm_summary,mechanism__legacy_clamp_controls__arm_summary.csv,config_alpha0,text,configuration,Original run configuration field; missing/unknown legacy values are retained.
mechanism.legacy_clamp_controls.arm_summary,mechanism__legacy_clamp_controls__arm_summary.csv,config_gamma,text,configuration,Original run configuration field; missing/unknown legacy values are retained.
mechanism.legacy_clamp_controls.arm_summary,mechanism__legacy_clamp_controls__arm_summary.csv,config_augment,text,configuration,Original run configuration field; missing/unknown legacy values are retained.
mechanism.legacy_clamp_controls.arm_summary,mechanism__legacy_clamp_controls__arm_summary.csv,config_beta_clip,text,configuration,Original run configuration field; missing/unknown legacy values are retained.
mechanism.legacy_clamp_controls.arm_summary,mechanism__legacy_clamp_controls__arm_summary.csv,config_hier,all blank / unavailable,configuration,Original run configuration field; missing/unknown legacy values are retained.
mechanism.legacy_clamp_controls.arm_summary,mechanism__legacy_clamp_controls__arm_summary.csv,config_lam,text,configuration,Original run configuration field; missing/unknown legacy values are retained.
mechanism.legacy_clamp_controls.arm_summary,mechanism__legacy_clamp_controls__arm_summary.csv,config_eta_ratio,text,configuration,Original run configuration field; missing/unknown legacy values are retained.
mechanism.legacy_clamp_controls.arm_summary,mechanism__legacy_clamp_controls__arm_summary.csv,config_epochs_requested,text,configuration,Original run configuration field; missing/unknown legacy values are retained.
mechanism.legacy_clamp_controls.arm_summary,mechanism__legacy_clamp_controls__arm_summary.csv,test_percent_n,number,training seeds,Number of per-seed plateau5 values in this arm.
mechanism.legacy_clamp_controls.arm_summary,mechanism__legacy_clamp_controls__arm_summary.csv,test_percent_mean,number,accuracy percent,Supplied mean of per-seed plateau5; SD uses ddof=1 and SE uses SD/sqrt(n).
mechanism.legacy_clamp_controls.arm_summary,mechanism__legacy_clamp_controls__arm_summary.csv,test_percent_sd,number,accuracy percentage points,Supplied sd of per-seed plateau5; SD uses ddof=1 and SE uses SD/sqrt(n).
mechanism.legacy_clamp_controls.arm_summary,mechanism__legacy_clamp_controls__arm_summary.csv,test_percent_se,number,accuracy percentage points,Supplied se of per-seed plateau5; SD uses ddof=1 and SE uses SD/sqrt(n).
mechanism.legacy_clamp_controls.arm_summary,mechanism__legacy_clamp_controls__arm_summary.csv,test_percent_min,number,accuracy percent,Supplied min of per-seed plateau5; SD uses ddof=1 and SE uses SD/sqrt(n).
mechanism.legacy_clamp_controls.arm_summary,mechanism__legacy_clamp_controls__arm_summary.csv,test_percent_max,number,accuracy percent,Supplied max of per-seed plateau5; SD uses ddof=1 and SE uses SD/sqrt(n).
mechanism.legacy_clamp_controls.arm_summary,mechanism__legacy_clamp_controls__arm_summary.csv,train_percent_n,number,training seeds,Number of per-seed plateau5 values in this arm.
mechanism.legacy_clamp_controls.arm_summary,mechanism__legacy_clamp_controls__arm_summary.csv,train_percent_mean,number,accuracy percent,Supplied mean of per-seed plateau5; SD uses ddof=1 and SE uses SD/sqrt(n).
mechanism.legacy_clamp_controls.arm_summary,mechanism__legacy_clamp_controls__arm_summary.csv,train_percent_sd,number,accuracy percentage points,Supplied sd of per-seed plateau5; SD uses ddof=1 and SE uses SD/sqrt(n).
mechanism.legacy_clamp_controls.arm_summary,mechanism__legacy_clamp_controls__arm_summary.csv,train_percent_se,number,accuracy percentage points,Supplied se of per-seed plateau5; SD uses ddof=1 and SE uses SD/sqrt(n).
mechanism.legacy_clamp_controls.arm_summary,mechanism__legacy_clamp_controls__arm_summary.csv,train_percent_min,number,accuracy percent,Supplied min of per-seed plateau5; SD uses ddof=1 and SE uses SD/sqrt(n).
mechanism.legacy_clamp_controls.arm_summary,mechanism__legacy_clamp_controls__arm_summary.csv,train_percent_max,number,accuracy percent,Supplied max of per-seed plateau5; SD uses ddof=1 and SE uses SD/sqrt(n).
mechanism.legacy_clamp_controls.arm_summary,mechanism__legacy_clamp_controls__arm_summary.csv,source_ids,text,identifier,Join with sources.csv; vertical bars separate multiple source IDs.
mechanism.legacy_clamp_controls.arm_summary,mechanism__legacy_clamp_controls__arm_summary.csv,scope,text,text,Scientific scope and restrictions for this dataset.
mechanism.legacy_clamp_controls.arm_summary,mechanism__legacy_clamp_controls__arm_summary.csv,units,text,text,Units for the numeric metrics in this row; detailed fields are defined here.
mechanism.legacy_clamp_controls.per_seed,mechanism__legacy_clamp_controls__per_seed.csv,batch,text,label,Verbatim source label or explicit export label; not a numeric measurement.
mechanism.legacy_clamp_controls.per_seed,mechanism__legacy_clamp_controls__per_seed.csv,arm,text,label,Verbatim source label or explicit export label; not a numeric measurement.
mechanism.legacy_clamp_controls.per_seed,mechanism__legacy_clamp_controls__per_seed.csv,label,text,label,Verbatim source label or explicit export label; not a numeric measurement.
mechanism.legacy_clamp_controls.per_seed,mechanism__legacy_clamp_controls__per_seed.csv,horizon,number,epochs,Registered completed-epoch endpoint; plateau5 uses horizon-5 through horizon-1.
mechanism.legacy_clamp_controls.per_seed,mechanism__legacy_clamp_controls__per_seed.csv,group_count,all blank / unavailable,count,"Tensor, group, coordinate, or block count as named; do not interchange tensor count and coordinate mass."
mechanism.legacy_clamp_controls.per_seed,mechanism__legacy_clamp_controls__per_seed.csv,normalized_tensor_count_entropy,all blank / unavailable,dimensionless,Supplied normalized tensor-count entropy; not parameter-mass balance.
mechanism.legacy_clamp_controls.per_seed,mechanism__legacy_clamp_controls__per_seed.csv,r,all blank / unavailable,test accuracy percent; differences and SD/SE in percentage points,Supplied flat evidence field; exact quantity is specified by the dataset metric and scope.
mechanism.legacy_clamp_controls.per_seed,mechanism__legacy_clamp_controls__per_seed.csv,meta_stepsize,all blank / unavailable,test accuracy percent; differences and SD/SE in percentage points,Supplied flat evidence field; exact quantity is specified by the dataset metric and scope.
mechanism.legacy_clamp_controls.per_seed,mechanism__legacy_clamp_controls__per_seed.csv,meta_optimizer,all blank / unavailable,label,Verbatim source label or explicit export label; not a numeric measurement.
mechanism.legacy_clamp_controls.per_seed,mechanism__legacy_clamp_controls__per_seed.csv,capture_fraction,all blank / unavailable,fraction,(arm mean - in-batch scalar mean)/(in-batch layerwise mean - scalar mean).
mechanism.legacy_clamp_controls.per_seed,mechanism__legacy_clamp_controls__per_seed.csv,plateau_window_start_epoch,number,test accuracy percent; differences and SD/SE in percentage points,Supplied flat evidence field; exact quantity is specified by the dataset metric and scope.
mechanism.legacy_clamp_controls.per_seed,mechanism__legacy_clamp_controls__per_seed.csv,plateau_window_end_epoch,number,test accuracy percent; differences and SD/SE in percentage points,Supplied flat evidence field; exact quantity is specified by the dataset metric and scope.
mechanism.legacy_clamp_controls.per_seed,mechanism__legacy_clamp_controls__per_seed.csv,config_network,text,configuration,Original run configuration field; missing/unknown legacy values are retained.
mechanism.legacy_clamp_controls.per_seed,mechanism__legacy_clamp_controls__per_seed.csv,config_dataset,text,configuration,Original run configuration field; missing/unknown legacy values are retained.
mechanism.legacy_clamp_controls.per_seed,mechanism__legacy_clamp_controls__per_seed.csv,config_batch_size,text,configuration,Original run configuration field; missing/unknown legacy values are retained.
mechanism.legacy_clamp_controls.per_seed,mechanism__legacy_clamp_controls__per_seed.csv,config_granularity,text,configuration,Original run configuration field; missing/unknown legacy values are retained.
mechanism.legacy_clamp_controls.per_seed,mechanism__legacy_clamp_controls__per_seed.csv,config_base,text,configuration,Original run configuration field; missing/unknown legacy values are retained.
mechanism.legacy_clamp_controls.per_seed,mechanism__legacy_clamp_controls__per_seed.csv,config_meta,text,configuration,Original run configuration field; missing/unknown legacy values are retained.
mechanism.legacy_clamp_controls.per_seed,mechanism__legacy_clamp_controls__per_seed.csv,config_meta_stepsize,text,configuration,Original run configuration field; missing/unknown legacy values are retained.
mechanism.legacy_clamp_controls.per_seed,mechanism__legacy_clamp_controls__per_seed.csv,config_alpha0,text,configuration,Original run configuration field; missing/unknown legacy values are retained.
mechanism.legacy_clamp_controls.per_seed,mechanism__legacy_clamp_controls__per_seed.csv,config_gamma,text,configuration,Original run configuration field; missing/unknown legacy values are retained.
mechanism.legacy_clamp_controls.per_seed,mechanism__legacy_clamp_controls__per_seed.csv,config_augment,text,configuration,Original run configuration field; missing/unknown legacy values are retained.
mechanism.legacy_clamp_controls.per_seed,mechanism__legacy_clamp_controls__per_seed.csv,config_beta_clip,text,configuration,Original run configuration field; missing/unknown legacy values are retained.
mechanism.legacy_clamp_controls.per_seed,mechanism__legacy_clamp_controls__per_seed.csv,config_hier,all blank / unavailable,configuration,Original run configuration field; missing/unknown legacy values are retained.
mechanism.legacy_clamp_controls.per_seed,mechanism__legacy_clamp_controls__per_seed.csv,config_lam,text,configuration,Original run configuration field; missing/unknown legacy values are retained.
mechanism.legacy_clamp_controls.per_seed,mechanism__legacy_clamp_controls__per_seed.csv,config_eta_ratio,text,configuration,Original run configuration field; missing/unknown legacy values are retained.
mechanism.legacy_clamp_controls.per_seed,mechanism__legacy_clamp_controls__per_seed.csv,config_epochs_requested,text,configuration,Original run configuration field; missing/unknown legacy values are retained.
mechanism.legacy_clamp_controls.per_seed,mechanism__legacy_clamp_controls__per_seed.csv,seed,number,seed identifier,"Training random seed, not a sample count."
mechanism.legacy_clamp_controls.per_seed,mechanism__legacy_clamp_controls__per_seed.csv,run,text,label,Verbatim source label or explicit export label; not a numeric measurement.
mechanism.legacy_clamp_controls.per_seed,mechanism__legacy_clamp_controls__per_seed.csv,test_plateau5_percent,number,percent,Supplied percentage-valued measurement; intervals/ranges are not automatically confidence intervals.
mechanism.legacy_clamp_controls.per_seed,mechanism__legacy_clamp_controls__per_seed.csv,train_plateau5_percent,number,percent,Supplied percentage-valued measurement; intervals/ranges are not automatically confidence intervals.
mechanism.legacy_clamp_controls.per_seed,mechanism__legacy_clamp_controls__per_seed.csv,source_ids,text,identifier,Join with sources.csv; vertical bars separate multiple source IDs.
mechanism.legacy_clamp_controls.per_seed,mechanism__legacy_clamp_controls__per_seed.csv,scope,text,text,Scientific scope and restrictions for this dataset.
mechanism.legacy_clamp_controls.per_seed,mechanism__legacy_clamp_controls__per_seed.csv,units,text,text,Units for the numeric metrics in this row; detailed fields are defined here.
mechanism.legacy_clamp_controls.epoch_curves,mechanism__legacy_clamp_controls__epoch_curves.csv,batch,text,label,Verbatim source label or explicit export label; not a numeric measurement.
mechanism.legacy_clamp_controls.epoch_curves,mechanism__legacy_clamp_controls__epoch_curves.csv,arm,text,label,Verbatim source label or explicit export label; not a numeric measurement.
mechanism.legacy_clamp_controls.epoch_curves,mechanism__legacy_clamp_controls__epoch_curves.csv,label,text,label,Verbatim source label or explicit export label; not a numeric measurement.
mechanism.legacy_clamp_controls.epoch_curves,mechanism__legacy_clamp_controls__epoch_curves.csv,seed,number,seed identifier,"Training random seed, not a sample count."
mechanism.legacy_clamp_controls.epoch_curves,mechanism__legacy_clamp_controls__epoch_curves.csv,run,text,label,Verbatim source label or explicit export label; not a numeric measurement.
mechanism.legacy_clamp_controls.epoch_curves,mechanism__legacy_clamp_controls__epoch_curves.csv,epoch,number,epoch,Raw zero-based training epoch index; probe timelines use fractional epochs.
mechanism.legacy_clamp_controls.epoch_curves,mechanism__legacy_clamp_controls__epoch_curves.csv,test_accuracy_percent,number,percent,Supplied percentage-valued measurement; intervals/ranges are not automatically confidence intervals.
mechanism.legacy_clamp_controls.epoch_curves,mechanism__legacy_clamp_controls__epoch_curves.csv,train_accuracy_percent,number,percent,Supplied percentage-valued measurement; intervals/ranges are not automatically confidence intervals.
mechanism.legacy_clamp_controls.epoch_curves,mechanism__legacy_clamp_controls__epoch_curves.csv,source_ids,text,identifier,Join with sources.csv; vertical bars separate multiple source IDs.
mechanism.legacy_clamp_controls.epoch_curves,mechanism__legacy_clamp_controls__epoch_curves.csv,registered_horizon_epochs,number,epochs,Primary registered endpoint for this accuracy panel.
mechanism.legacy_clamp_controls.epoch_curves,mechanism__legacy_clamp_controls__epoch_curves.csv,in_registered_plateau5_window,boolean,boolean,True only for the five raw epochs entering the primary endpoint.
mechanism.legacy_clamp_controls.epoch_curves,mechanism__legacy_clamp_controls__epoch_curves.csv,scope,text,text,Scientific scope and restrictions for this dataset.
mechanism.legacy_clamp_controls.epoch_curves,mechanism__legacy_clamp_controls__epoch_curves.csv,units,text,text,Units for the numeric metrics in this row; detailed fields are defined here.
mechanism.later_floor_release.arm_summary,mechanism__later_floor_release__arm_summary.csv,batch,text,label,Verbatim source label or explicit export label; not a numeric measurement.
mechanism.later_floor_release.arm_summary,mechanism__later_floor_release__arm_summary.csv,arm,text,label,Verbatim source label or explicit export label; not a numeric measurement.
mechanism.later_floor_release.arm_summary,mechanism__later_floor_release__arm_summary.csv,label,text,label,Verbatim source label or explicit export label; not a numeric measurement.
mechanism.later_floor_release.arm_summary,mechanism__later_floor_release__arm_summary.csv,horizon,number,epochs,Registered completed-epoch endpoint; plateau5 uses horizon-5 through horizon-1.
mechanism.later_floor_release.arm_summary,mechanism__later_floor_release__arm_summary.csv,group_count,all blank / unavailable,count,"Tensor, group, coordinate, or block count as named; do not interchange tensor count and coordinate mass."
mechanism.later_floor_release.arm_summary,mechanism__later_floor_release__arm_summary.csv,normalized_tensor_count_entropy,all blank / unavailable,dimensionless,Supplied normalized tensor-count entropy; not parameter-mass balance.
mechanism.later_floor_release.arm_summary,mechanism__later_floor_release__arm_summary.csv,r,all blank / unavailable,test accuracy percent; differences and SD/SE in percentage points,Supplied flat evidence field; exact quantity is specified by the dataset metric and scope.
mechanism.later_floor_release.arm_summary,mechanism__later_floor_release__arm_summary.csv,meta_stepsize,all blank / unavailable,test accuracy percent; differences and SD/SE in percentage points,Supplied flat evidence field; exact quantity is specified by the dataset metric and scope.
mechanism.later_floor_release.arm_summary,mechanism__later_floor_release__arm_summary.csv,meta_optimizer,all blank / unavailable,label,Verbatim source label or explicit export label; not a numeric measurement.
mechanism.later_floor_release.arm_summary,mechanism__later_floor_release__arm_summary.csv,capture_fraction,all blank / unavailable,fraction,(arm mean - in-batch scalar mean)/(in-batch layerwise mean - scalar mean).
mechanism.later_floor_release.arm_summary,mechanism__later_floor_release__arm_summary.csv,plateau_window_start_epoch,number,test accuracy percent; differences and SD/SE in percentage points,Supplied flat evidence field; exact quantity is specified by the dataset metric and scope.
mechanism.later_floor_release.arm_summary,mechanism__later_floor_release__arm_summary.csv,plateau_window_end_epoch,number,test accuracy percent; differences and SD/SE in percentage points,Supplied flat evidence field; exact quantity is specified by the dataset metric and scope.
mechanism.later_floor_release.arm_summary,mechanism__later_floor_release__arm_summary.csv,config_network,text,configuration,Original run configuration field; missing/unknown legacy values are retained.
mechanism.later_floor_release.arm_summary,mechanism__later_floor_release__arm_summary.csv,config_dataset,text,configuration,Original run configuration field; missing/unknown legacy values are retained.
mechanism.later_floor_release.arm_summary,mechanism__later_floor_release__arm_summary.csv,config_batch_size,text,configuration,Original run configuration field; missing/unknown legacy values are retained.
mechanism.later_floor_release.arm_summary,mechanism__later_floor_release__arm_summary.csv,config_granularity,text,configuration,Original run configuration field; missing/unknown legacy values are retained.
mechanism.later_floor_release.arm_summary,mechanism__later_floor_release__arm_summary.csv,config_base,text,configuration,Original run configuration field; missing/unknown legacy values are retained.
mechanism.later_floor_release.arm_summary,mechanism__later_floor_release__arm_summary.csv,config_meta,text,configuration,Original run configuration field; missing/unknown legacy values are retained.
mechanism.later_floor_release.arm_summary,mechanism__later_floor_release__arm_summary.csv,config_meta_stepsize,text,configuration,Original run configuration field; missing/unknown legacy values are retained.
mechanism.later_floor_release.arm_summary,mechanism__later_floor_release__arm_summary.csv,config_alpha0,text,configuration,Original run configuration field; missing/unknown legacy values are retained.
mechanism.later_floor_release.arm_summary,mechanism__later_floor_release__arm_summary.csv,config_gamma,text,configuration,Original run configuration field; missing/unknown legacy values are retained.
mechanism.later_floor_release.arm_summary,mechanism__later_floor_release__arm_summary.csv,config_augment,text,configuration,Original run configuration field; missing/unknown legacy values are retained.
mechanism.later_floor_release.arm_summary,mechanism__later_floor_release__arm_summary.csv,config_beta_clip,text,configuration,Original run configuration field; missing/unknown legacy values are retained.
mechanism.later_floor_release.arm_summary,mechanism__later_floor_release__arm_summary.csv,config_hier,all blank / unavailable,configuration,Original run configuration field; missing/unknown legacy values are retained.
mechanism.later_floor_release.arm_summary,mechanism__later_floor_release__arm_summary.csv,config_lam,text,configuration,Original run configuration field; missing/unknown legacy values are retained.
mechanism.later_floor_release.arm_summary,mechanism__later_floor_release__arm_summary.csv,config_eta_ratio,text,configuration,Original run configuration field; missing/unknown legacy values are retained.
mechanism.later_floor_release.arm_summary,mechanism__later_floor_release__arm_summary.csv,config_epochs_requested,text,configuration,Original run configuration field; missing/unknown legacy values are retained.
mechanism.later_floor_release.arm_summary,mechanism__later_floor_release__arm_summary.csv,test_percent_n,number,training seeds,Number of per-seed plateau5 values in this arm.
mechanism.later_floor_release.arm_summary,mechanism__later_floor_release__arm_summary.csv,test_percent_mean,number,accuracy percent,Supplied mean of per-seed plateau5; SD uses ddof=1 and SE uses SD/sqrt(n).
mechanism.later_floor_release.arm_summary,mechanism__later_floor_release__arm_summary.csv,test_percent_sd,number,accuracy percentage points,Supplied sd of per-seed plateau5; SD uses ddof=1 and SE uses SD/sqrt(n).
mechanism.later_floor_release.arm_summary,mechanism__later_floor_release__arm_summary.csv,test_percent_se,number,accuracy percentage points,Supplied se of per-seed plateau5; SD uses ddof=1 and SE uses SD/sqrt(n).
mechanism.later_floor_release.arm_summary,mechanism__later_floor_release__arm_summary.csv,test_percent_min,number,accuracy percent,Supplied min of per-seed plateau5; SD uses ddof=1 and SE uses SD/sqrt(n).
mechanism.later_floor_release.arm_summary,mechanism__later_floor_release__arm_summary.csv,test_percent_max,number,accuracy percent,Supplied max of per-seed plateau5; SD uses ddof=1 and SE uses SD/sqrt(n).
mechanism.later_floor_release.arm_summary,mechanism__later_floor_release__arm_summary.csv,train_percent_n,number,training seeds,Number of per-seed plateau5 values in this arm.
mechanism.later_floor_release.arm_summary,mechanism__later_floor_release__arm_summary.csv,train_percent_mean,number,accuracy percent,Supplied mean of per-seed plateau5; SD uses ddof=1 and SE uses SD/sqrt(n).
mechanism.later_floor_release.arm_summary,mechanism__later_floor_release__arm_summary.csv,train_percent_sd,number,accuracy percentage points,Supplied sd of per-seed plateau5; SD uses ddof=1 and SE uses SD/sqrt(n).
mechanism.later_floor_release.arm_summary,mechanism__later_floor_release__arm_summary.csv,train_percent_se,number,accuracy percentage points,Supplied se of per-seed plateau5; SD uses ddof=1 and SE uses SD/sqrt(n).
mechanism.later_floor_release.arm_summary,mechanism__later_floor_release__arm_summary.csv,train_percent_min,number,accuracy percent,Supplied min of per-seed plateau5; SD uses ddof=1 and SE uses SD/sqrt(n).
mechanism.later_floor_release.arm_summary,mechanism__later_floor_release__arm_summary.csv,train_percent_max,number,accuracy percent,Supplied max of per-seed plateau5; SD uses ddof=1 and SE uses SD/sqrt(n).
mechanism.later_floor_release.arm_summary,mechanism__later_floor_release__arm_summary.csv,source_ids,text,identifier,Join with sources.csv; vertical bars separate multiple source IDs.
mechanism.later_floor_release.arm_summary,mechanism__later_floor_release__arm_summary.csv,scope,text,text,Scientific scope and restrictions for this dataset.
mechanism.later_floor_release.arm_summary,mechanism__later_floor_release__arm_summary.csv,units,text,text,Units for the numeric metrics in this row; detailed fields are defined here.
mechanism.later_floor_release.per_seed,mechanism__later_floor_release__per_seed.csv,batch,text,label,Verbatim source label or explicit export label; not a numeric measurement.
mechanism.later_floor_release.per_seed,mechanism__later_floor_release__per_seed.csv,arm,text,label,Verbatim source label or explicit export label; not a numeric measurement.
mechanism.later_floor_release.per_seed,mechanism__later_floor_release__per_seed.csv,label,text,label,Verbatim source label or explicit export label; not a numeric measurement.
mechanism.later_floor_release.per_seed,mechanism__later_floor_release__per_seed.csv,horizon,number,epochs,Registered completed-epoch endpoint; plateau5 uses horizon-5 through horizon-1.
mechanism.later_floor_release.per_seed,mechanism__later_floor_release__per_seed.csv,group_count,all blank / unavailable,count,"Tensor, group, coordinate, or block count as named; do not interchange tensor count and coordinate mass."
mechanism.later_floor_release.per_seed,mechanism__later_floor_release__per_seed.csv,normalized_tensor_count_entropy,all blank / unavailable,dimensionless,Supplied normalized tensor-count entropy; not parameter-mass balance.
mechanism.later_floor_release.per_seed,mechanism__later_floor_release__per_seed.csv,r,all blank / unavailable,test accuracy percent; differences and SD/SE in percentage points,Supplied flat evidence field; exact quantity is specified by the dataset metric and scope.
mechanism.later_floor_release.per_seed,mechanism__later_floor_release__per_seed.csv,meta_stepsize,all blank / unavailable,test accuracy percent; differences and SD/SE in percentage points,Supplied flat evidence field; exact quantity is specified by the dataset metric and scope.
mechanism.later_floor_release.per_seed,mechanism__later_floor_release__per_seed.csv,meta_optimizer,all blank / unavailable,label,Verbatim source label or explicit export label; not a numeric measurement.
mechanism.later_floor_release.per_seed,mechanism__later_floor_release__per_seed.csv,capture_fraction,all blank / unavailable,fraction,(arm mean - in-batch scalar mean)/(in-batch layerwise mean - scalar mean).
mechanism.later_floor_release.per_seed,mechanism__later_floor_release__per_seed.csv,plateau_window_start_epoch,number,test accuracy percent; differences and SD/SE in percentage points,Supplied flat evidence field; exact quantity is specified by the dataset metric and scope.
mechanism.later_floor_release.per_seed,mechanism__later_floor_release__per_seed.csv,plateau_window_end_epoch,number,test accuracy percent; differences and SD/SE in percentage points,Supplied flat evidence field; exact quantity is specified by the dataset metric and scope.
mechanism.later_floor_release.per_seed,mechanism__later_floor_release__per_seed.csv,config_network,text,configuration,Original run configuration field; missing/unknown legacy values are retained.
mechanism.later_floor_release.per_seed,mechanism__later_floor_release__per_seed.csv,config_dataset,text,configuration,Original run configuration field; missing/unknown legacy values are retained.
mechanism.later_floor_release.per_seed,mechanism__later_floor_release__per_seed.csv,config_batch_size,text,configuration,Original run configuration field; missing/unknown legacy values are retained.
mechanism.later_floor_release.per_seed,mechanism__later_floor_release__per_seed.csv,config_granularity,text,configuration,Original run configuration field; missing/unknown legacy values are retained.
mechanism.later_floor_release.per_seed,mechanism__later_floor_release__per_seed.csv,config_base,text,configuration,Original run configuration field; missing/unknown legacy values are retained.
mechanism.later_floor_release.per_seed,mechanism__later_floor_release__per_seed.csv,config_meta,text,configuration,Original run configuration field; missing/unknown legacy values are retained.
mechanism.later_floor_release.per_seed,mechanism__later_floor_release__per_seed.csv,config_meta_stepsize,text,configuration,Original run configuration field; missing/unknown legacy values are retained.
mechanism.later_floor_release.per_seed,mechanism__later_floor_release__per_seed.csv,config_alpha0,text,configuration,Original run configuration field; missing/unknown legacy values are retained.
mechanism.later_floor_release.per_seed,mechanism__later_floor_release__per_seed.csv,config_gamma,text,configuration,Original run configuration field; missing/unknown legacy values are retained.
mechanism.later_floor_release.per_seed,mechanism__later_floor_release__per_seed.csv,config_augment,text,configuration,Original run configuration field; missing/unknown legacy values are retained.
mechanism.later_floor_release.per_seed,mechanism__later_floor_release__per_seed.csv,config_beta_clip,text,configuration,Original run configuration field; missing/unknown legacy values are retained.
mechanism.later_floor_release.per_seed,mechanism__later_floor_release__per_seed.csv,config_hier,all blank / unavailable,configuration,Original run configuration field; missing/unknown legacy values are retained.
mechanism.later_floor_release.per_seed,mechanism__later_floor_release__per_seed.csv,config_lam,text,configuration,Original run configuration field; missing/unknown legacy values are retained.
mechanism.later_floor_release.per_seed,mechanism__later_floor_release__per_seed.csv,config_eta_ratio,text,configuration,Original run configuration field; missing/unknown legacy values are retained.
mechanism.later_floor_release.per_seed,mechanism__later_floor_release__per_seed.csv,config_epochs_requested,text,configuration,Original run configuration field; missing/unknown legacy values are retained.
mechanism.later_floor_release.per_seed,mechanism__later_floor_release__per_seed.csv,seed,number,seed identifier,"Training random seed, not a sample count."
mechanism.later_floor_release.per_seed,mechanism__later_floor_release__per_seed.csv,run,text,label,Verbatim source label or explicit export label; not a numeric measurement.
mechanism.later_floor_release.per_seed,mechanism__later_floor_release__per_seed.csv,test_plateau5_percent,number,percent,Supplied percentage-valued measurement; intervals/ranges are not automatically confidence intervals.
mechanism.later_floor_release.per_seed,mechanism__later_floor_release__per_seed.csv,train_plateau5_percent,number,percent,Supplied percentage-valued measurement; intervals/ranges are not automatically confidence intervals.
mechanism.later_floor_release.per_seed,mechanism__later_floor_release__per_seed.csv,source_ids,text,identifier,Join with sources.csv; vertical bars separate multiple source IDs.
mechanism.later_floor_release.per_seed,mechanism__later_floor_release__per_seed.csv,scope,text,text,Scientific scope and restrictions for this dataset.
mechanism.later_floor_release.per_seed,mechanism__later_floor_release__per_seed.csv,units,text,text,Units for the numeric metrics in this row; detailed fields are defined here.
mechanism.later_floor_release.epoch_curves,mechanism__later_floor_release__epoch_curves.csv,batch,text,label,Verbatim source label or explicit export label; not a numeric measurement.
mechanism.later_floor_release.epoch_curves,mechanism__later_floor_release__epoch_curves.csv,arm,text,label,Verbatim source label or explicit export label; not a numeric measurement.
mechanism.later_floor_release.epoch_curves,mechanism__later_floor_release__epoch_curves.csv,label,text,label,Verbatim source label or explicit export label; not a numeric measurement.
mechanism.later_floor_release.epoch_curves,mechanism__later_floor_release__epoch_curves.csv,seed,number,seed identifier,"Training random seed, not a sample count."
mechanism.later_floor_release.epoch_curves,mechanism__later_floor_release__epoch_curves.csv,run,text,label,Verbatim source label or explicit export label; not a numeric measurement.
mechanism.later_floor_release.epoch_curves,mechanism__later_floor_release__epoch_curves.csv,epoch,number,epoch,Raw zero-based training epoch index; probe timelines use fractional epochs.
mechanism.later_floor_release.epoch_curves,mechanism__later_floor_release__epoch_curves.csv,test_accuracy_percent,number,percent,Supplied percentage-valued measurement; intervals/ranges are not automatically confidence intervals.
mechanism.later_floor_release.epoch_curves,mechanism__later_floor_release__epoch_curves.csv,train_accuracy_percent,number,percent,Supplied percentage-valued measurement; intervals/ranges are not automatically confidence intervals.
mechanism.later_floor_release.epoch_curves,mechanism__later_floor_release__epoch_curves.csv,source_ids,text,identifier,Join with sources.csv; vertical bars separate multiple source IDs.
mechanism.later_floor_release.epoch_curves,mechanism__later_floor_release__epoch_curves.csv,registered_horizon_epochs,number,epochs,Primary registered endpoint for this accuracy panel.
mechanism.later_floor_release.epoch_curves,mechanism__later_floor_release__epoch_curves.csv,in_registered_plateau5_window,boolean,boolean,True only for the five raw epochs entering the primary endpoint.
mechanism.later_floor_release.epoch_curves,mechanism__later_floor_release__epoch_curves.csv,scope,text,text,Scientific scope and restrictions for this dataset.
mechanism.later_floor_release.epoch_curves,mechanism__later_floor_release__epoch_curves.csv,units,text,text,Units for the numeric metrics in this row; detailed fields are defined here.
mechanism.reduction_composition.arm_summary,mechanism__reduction_composition__arm_summary.csv,batch,text,label,Verbatim source label or explicit export label; not a numeric measurement.
mechanism.reduction_composition.arm_summary,mechanism__reduction_composition__arm_summary.csv,arm,text,label,Verbatim source label or explicit export label; not a numeric measurement.
mechanism.reduction_composition.arm_summary,mechanism__reduction_composition__arm_summary.csv,label,text,label,Verbatim source label or explicit export label; not a numeric measurement.
mechanism.reduction_composition.arm_summary,mechanism__reduction_composition__arm_summary.csv,horizon,number,epochs,Registered completed-epoch endpoint; plateau5 uses horizon-5 through horizon-1.
mechanism.reduction_composition.arm_summary,mechanism__reduction_composition__arm_summary.csv,group_count,all blank / unavailable,count,"Tensor, group, coordinate, or block count as named; do not interchange tensor count and coordinate mass."
mechanism.reduction_composition.arm_summary,mechanism__reduction_composition__arm_summary.csv,normalized_tensor_count_entropy,all blank / unavailable,dimensionless,Supplied normalized tensor-count entropy; not parameter-mass balance.
mechanism.reduction_composition.arm_summary,mechanism__reduction_composition__arm_summary.csv,r,all blank / unavailable,test accuracy percent; differences and SD/SE in percentage points,Supplied flat evidence field; exact quantity is specified by the dataset metric and scope.
mechanism.reduction_composition.arm_summary,mechanism__reduction_composition__arm_summary.csv,meta_stepsize,all blank / unavailable,test accuracy percent; differences and SD/SE in percentage points,Supplied flat evidence field; exact quantity is specified by the dataset metric and scope.
mechanism.reduction_composition.arm_summary,mechanism__reduction_composition__arm_summary.csv,meta_optimizer,all blank / unavailable,label,Verbatim source label or explicit export label; not a numeric measurement.
mechanism.reduction_composition.arm_summary,mechanism__reduction_composition__arm_summary.csv,capture_fraction,all blank / unavailable,fraction,(arm mean - in-batch scalar mean)/(in-batch layerwise mean - scalar mean).
mechanism.reduction_composition.arm_summary,mechanism__reduction_composition__arm_summary.csv,plateau_window_start_epoch,number,test accuracy percent; differences and SD/SE in percentage points,Supplied flat evidence field; exact quantity is specified by the dataset metric and scope.
mechanism.reduction_composition.arm_summary,mechanism__reduction_composition__arm_summary.csv,plateau_window_end_epoch,number,test accuracy percent; differences and SD/SE in percentage points,Supplied flat evidence field; exact quantity is specified by the dataset metric and scope.
mechanism.reduction_composition.arm_summary,mechanism__reduction_composition__arm_summary.csv,config_network,text,configuration,Original run configuration field; missing/unknown legacy values are retained.
mechanism.reduction_composition.arm_summary,mechanism__reduction_composition__arm_summary.csv,config_dataset,text,configuration,Original run configuration field; missing/unknown legacy values are retained.
mechanism.reduction_composition.arm_summary,mechanism__reduction_composition__arm_summary.csv,config_batch_size,text,configuration,Original run configuration field; missing/unknown legacy values are retained.
mechanism.reduction_composition.arm_summary,mechanism__reduction_composition__arm_summary.csv,config_granularity,text,configuration,Original run configuration field; missing/unknown legacy values are retained.
mechanism.reduction_composition.arm_summary,mechanism__reduction_composition__arm_summary.csv,config_base,text,configuration,Original run configuration field; missing/unknown legacy values are retained.
mechanism.reduction_composition.arm_summary,mechanism__reduction_composition__arm_summary.csv,config_meta,text,configuration,Original run configuration field; missing/unknown legacy values are retained.
mechanism.reduction_composition.arm_summary,mechanism__reduction_composition__arm_summary.csv,config_meta_stepsize,text,configuration,Original run configuration field; missing/unknown legacy values are retained.
mechanism.reduction_composition.arm_summary,mechanism__reduction_composition__arm_summary.csv,config_alpha0,text,configuration,Original run configuration field; missing/unknown legacy values are retained.
mechanism.reduction_composition.arm_summary,mechanism__reduction_composition__arm_summary.csv,config_gamma,text,configuration,Original run configuration field; missing/unknown legacy values are retained.
mechanism.reduction_composition.arm_summary,mechanism__reduction_composition__arm_summary.csv,config_augment,text,configuration,Original run configuration field; missing/unknown legacy values are retained.
mechanism.reduction_composition.arm_summary,mechanism__reduction_composition__arm_summary.csv,config_beta_clip,text,configuration,Original run configuration field; missing/unknown legacy values are retained.
mechanism.reduction_composition.arm_summary,mechanism__reduction_composition__arm_summary.csv,config_hier,all blank / unavailable,configuration,Original run configuration field; missing/unknown legacy values are retained.
mechanism.reduction_composition.arm_summary,mechanism__reduction_composition__arm_summary.csv,config_lam,text,configuration,Original run configuration field; missing/unknown legacy values are retained.
mechanism.reduction_composition.arm_summary,mechanism__reduction_composition__arm_summary.csv,config_eta_ratio,text,configuration,Original run configuration field; missing/unknown legacy values are retained.
mechanism.reduction_composition.arm_summary,mechanism__reduction_composition__arm_summary.csv,config_epochs_requested,text,configuration,Original run configuration field; missing/unknown legacy values are retained.
mechanism.reduction_composition.arm_summary,mechanism__reduction_composition__arm_summary.csv,test_percent_n,number,training seeds,Number of per-seed plateau5 values in this arm.
mechanism.reduction_composition.arm_summary,mechanism__reduction_composition__arm_summary.csv,test_percent_mean,number,accuracy percent,Supplied mean of per-seed plateau5; SD uses ddof=1 and SE uses SD/sqrt(n).
mechanism.reduction_composition.arm_summary,mechanism__reduction_composition__arm_summary.csv,test_percent_sd,number,accuracy percentage points,Supplied sd of per-seed plateau5; SD uses ddof=1 and SE uses SD/sqrt(n).
mechanism.reduction_composition.arm_summary,mechanism__reduction_composition__arm_summary.csv,test_percent_se,number,accuracy percentage points,Supplied se of per-seed plateau5; SD uses ddof=1 and SE uses SD/sqrt(n).
mechanism.reduction_composition.arm_summary,mechanism__reduction_composition__arm_summary.csv,test_percent_min,number,accuracy percent,Supplied min of per-seed plateau5; SD uses ddof=1 and SE uses SD/sqrt(n).
mechanism.reduction_composition.arm_summary,mechanism__reduction_composition__arm_summary.csv,test_percent_max,number,accuracy percent,Supplied max of per-seed plateau5; SD uses ddof=1 and SE uses SD/sqrt(n).
mechanism.reduction_composition.arm_summary,mechanism__reduction_composition__arm_summary.csv,train_percent_n,number,training seeds,Number of per-seed plateau5 values in this arm.
mechanism.reduction_composition.arm_summary,mechanism__reduction_composition__arm_summary.csv,train_percent_mean,number,accuracy percent,Supplied mean of per-seed plateau5; SD uses ddof=1 and SE uses SD/sqrt(n).
mechanism.reduction_composition.arm_summary,mechanism__reduction_composition__arm_summary.csv,train_percent_sd,number,accuracy percentage points,Supplied sd of per-seed plateau5; SD uses ddof=1 and SE uses SD/sqrt(n).
mechanism.reduction_composition.arm_summary,mechanism__reduction_composition__arm_summary.csv,train_percent_se,number,accuracy percentage points,Supplied se of per-seed plateau5; SD uses ddof=1 and SE uses SD/sqrt(n).
mechanism.reduction_composition.arm_summary,mechanism__reduction_composition__arm_summary.csv,train_percent_min,number,accuracy percent,Supplied min of per-seed plateau5; SD uses ddof=1 and SE uses SD/sqrt(n).
mechanism.reduction_composition.arm_summary,mechanism__reduction_composition__arm_summary.csv,train_percent_max,number,accuracy percent,Supplied max of per-seed plateau5; SD uses ddof=1 and SE uses SD/sqrt(n).
mechanism.reduction_composition.arm_summary,mechanism__reduction_composition__arm_summary.csv,source_ids,text,identifier,Join with sources.csv; vertical bars separate multiple source IDs.
mechanism.reduction_composition.arm_summary,mechanism__reduction_composition__arm_summary.csv,scope,text,text,Scientific scope and restrictions for this dataset.
mechanism.reduction_composition.arm_summary,mechanism__reduction_composition__arm_summary.csv,units,text,text,Units for the numeric metrics in this row; detailed fields are defined here.
mechanism.reduction_composition.per_seed,mechanism__reduction_composition__per_seed.csv,batch,text,label,Verbatim source label or explicit export label; not a numeric measurement.
mechanism.reduction_composition.per_seed,mechanism__reduction_composition__per_seed.csv,arm,text,label,Verbatim source label or explicit export label; not a numeric measurement.
mechanism.reduction_composition.per_seed,mechanism__reduction_composition__per_seed.csv,label,text,label,Verbatim source label or explicit export label; not a numeric measurement.
mechanism.reduction_composition.per_seed,mechanism__reduction_composition__per_seed.csv,horizon,number,epochs,Registered completed-epoch endpoint; plateau5 uses horizon-5 through horizon-1.
mechanism.reduction_composition.per_seed,mechanism__reduction_composition__per_seed.csv,group_count,all blank / unavailable,count,"Tensor, group, coordinate, or block count as named; do not interchange tensor count and coordinate mass."
mechanism.reduction_composition.per_seed,mechanism__reduction_composition__per_seed.csv,normalized_tensor_count_entropy,all blank / unavailable,dimensionless,Supplied normalized tensor-count entropy; not parameter-mass balance.
mechanism.reduction_composition.per_seed,mechanism__reduction_composition__per_seed.csv,r,all blank / unavailable,test accuracy percent; differences and SD/SE in percentage points,Supplied flat evidence field; exact quantity is specified by the dataset metric and scope.
mechanism.reduction_composition.per_seed,mechanism__reduction_composition__per_seed.csv,meta_stepsize,all blank / unavailable,test accuracy percent; differences and SD/SE in percentage points,Supplied flat evidence field; exact quantity is specified by the dataset metric and scope.
mechanism.reduction_composition.per_seed,mechanism__reduction_composition__per_seed.csv,meta_optimizer,all blank / unavailable,label,Verbatim source label or explicit export label; not a numeric measurement.
mechanism.reduction_composition.per_seed,mechanism__reduction_composition__per_seed.csv,capture_fraction,all blank / unavailable,fraction,(arm mean - in-batch scalar mean)/(in-batch layerwise mean - scalar mean).
mechanism.reduction_composition.per_seed,mechanism__reduction_composition__per_seed.csv,plateau_window_start_epoch,number,test accuracy percent; differences and SD/SE in percentage points,Supplied flat evidence field; exact quantity is specified by the dataset metric and scope.
mechanism.reduction_composition.per_seed,mechanism__reduction_composition__per_seed.csv,plateau_window_end_epoch,number,test accuracy percent; differences and SD/SE in percentage points,Supplied flat evidence field; exact quantity is specified by the dataset metric and scope.
mechanism.reduction_composition.per_seed,mechanism__reduction_composition__per_seed.csv,config_network,text,configuration,Original run configuration field; missing/unknown legacy values are retained.
mechanism.reduction_composition.per_seed,mechanism__reduction_composition__per_seed.csv,config_dataset,text,configuration,Original run configuration field; missing/unknown legacy values are retained.
mechanism.reduction_composition.per_seed,mechanism__reduction_composition__per_seed.csv,config_batch_size,text,configuration,Original run configuration field; missing/unknown legacy values are retained.
mechanism.reduction_composition.per_seed,mechanism__reduction_composition__per_seed.csv,config_granularity,text,configuration,Original run configuration field; missing/unknown legacy values are retained.
mechanism.reduction_composition.per_seed,mechanism__reduction_composition__per_seed.csv,config_base,text,configuration,Original run configuration field; missing/unknown legacy values are retained.
mechanism.reduction_composition.per_seed,mechanism__reduction_composition__per_seed.csv,config_meta,text,configuration,Original run configuration field; missing/unknown legacy values are retained.
mechanism.reduction_composition.per_seed,mechanism__reduction_composition__per_seed.csv,config_meta_stepsize,text,configuration,Original run configuration field; missing/unknown legacy values are retained.
mechanism.reduction_composition.per_seed,mechanism__reduction_composition__per_seed.csv,config_alpha0,text,configuration,Original run configuration field; missing/unknown legacy values are retained.
mechanism.reduction_composition.per_seed,mechanism__reduction_composition__per_seed.csv,config_gamma,text,configuration,Original run configuration field; missing/unknown legacy values are retained.
mechanism.reduction_composition.per_seed,mechanism__reduction_composition__per_seed.csv,config_augment,text,configuration,Original run configuration field; missing/unknown legacy values are retained.
mechanism.reduction_composition.per_seed,mechanism__reduction_composition__per_seed.csv,config_beta_clip,text,configuration,Original run configuration field; missing/unknown legacy values are retained.
mechanism.reduction_composition.per_seed,mechanism__reduction_composition__per_seed.csv,config_hier,all blank / unavailable,configuration,Original run configuration field; missing/unknown legacy values are retained.
mechanism.reduction_composition.per_seed,mechanism__reduction_composition__per_seed.csv,config_lam,text,configuration,Original run configuration field; missing/unknown legacy values are retained.
mechanism.reduction_composition.per_seed,mechanism__reduction_composition__per_seed.csv,config_eta_ratio,text,configuration,Original run configuration field; missing/unknown legacy values are retained.
mechanism.reduction_composition.per_seed,mechanism__reduction_composition__per_seed.csv,config_epochs_requested,text,configuration,Original run configuration field; missing/unknown legacy values are retained.
mechanism.reduction_composition.per_seed,mechanism__reduction_composition__per_seed.csv,seed,number,seed identifier,"Training random seed, not a sample count."
mechanism.reduction_composition.per_seed,mechanism__reduction_composition__per_seed.csv,run,text,label,Verbatim source label or explicit export label; not a numeric measurement.
mechanism.reduction_composition.per_seed,mechanism__reduction_composition__per_seed.csv,test_plateau5_percent,number,percent,Supplied percentage-valued measurement; intervals/ranges are not automatically confidence intervals.
mechanism.reduction_composition.per_seed,mechanism__reduction_composition__per_seed.csv,train_plateau5_percent,number,percent,Supplied percentage-valued measurement; intervals/ranges are not automatically confidence intervals.
mechanism.reduction_composition.per_seed,mechanism__reduction_composition__per_seed.csv,source_ids,text,identifier,Join with sources.csv; vertical bars separate multiple source IDs.
mechanism.reduction_composition.per_seed,mechanism__reduction_composition__per_seed.csv,scope,text,text,Scientific scope and restrictions for this dataset.
mechanism.reduction_composition.per_seed,mechanism__reduction_composition__per_seed.csv,units,text,text,Units for the numeric metrics in this row; detailed fields are defined here.
mechanism.reduction_composition.epoch_curves,mechanism__reduction_composition__epoch_curves.csv,batch,text,label,Verbatim source label or explicit export label; not a numeric measurement.
mechanism.reduction_composition.epoch_curves,mechanism__reduction_composition__epoch_curves.csv,arm,text,label,Verbatim source label or explicit export label; not a numeric measurement.
mechanism.reduction_composition.epoch_curves,mechanism__reduction_composition__epoch_curves.csv,label,text,label,Verbatim source label or explicit export label; not a numeric measurement.
mechanism.reduction_composition.epoch_curves,mechanism__reduction_composition__epoch_curves.csv,seed,number,seed identifier,"Training random seed, not a sample count."
mechanism.reduction_composition.epoch_curves,mechanism__reduction_composition__epoch_curves.csv,run,text,label,Verbatim source label or explicit export label; not a numeric measurement.
mechanism.reduction_composition.epoch_curves,mechanism__reduction_composition__epoch_curves.csv,epoch,number,epoch,Raw zero-based training epoch index; probe timelines use fractional epochs.
mechanism.reduction_composition.epoch_curves,mechanism__reduction_composition__epoch_curves.csv,test_accuracy_percent,number,percent,Supplied percentage-valued measurement; intervals/ranges are not automatically confidence intervals.
mechanism.reduction_composition.epoch_curves,mechanism__reduction_composition__epoch_curves.csv,train_accuracy_percent,number,percent,Supplied percentage-valued measurement; intervals/ranges are not automatically confidence intervals.
mechanism.reduction_composition.epoch_curves,mechanism__reduction_composition__epoch_curves.csv,source_ids,text,identifier,Join with sources.csv; vertical bars separate multiple source IDs.
mechanism.reduction_composition.epoch_curves,mechanism__reduction_composition__epoch_curves.csv,registered_horizon_epochs,number,epochs,Primary registered endpoint for this accuracy panel.
mechanism.reduction_composition.epoch_curves,mechanism__reduction_composition__epoch_curves.csv,in_registered_plateau5_window,boolean,boolean,True only for the five raw epochs entering the primary endpoint.
mechanism.reduction_composition.epoch_curves,mechanism__reduction_composition__epoch_curves.csv,scope,text,text,Scientific scope and restrictions for this dataset.
mechanism.reduction_composition.epoch_curves,mechanism__reduction_composition__epoch_curves.csv,units,text,text,Units for the numeric metrics in this row; detailed fields are defined here.
mechanism.reduction_composition.contrasts,mechanism__reduction_composition__contrasts.csv,batch,text,label,Verbatim source label or explicit export label; not a numeric measurement.
mechanism.reduction_composition.contrasts,mechanism__reduction_composition__contrasts.csv,minuend,text,percentage points,Supplied flat evidence field; exact quantity is specified by the dataset metric and scope.
mechanism.reduction_composition.contrasts,mechanism__reduction_composition__contrasts.csv,subtrahend,text,percentage points,Supplied flat evidence field; exact quantity is specified by the dataset metric and scope.
mechanism.reduction_composition.contrasts,mechanism__reduction_composition__contrasts.csv,horizon,number,epochs,Registered completed-epoch endpoint; plateau5 uses horizon-5 through horizon-1.
mechanism.reduction_composition.contrasts,mechanism__reduction_composition__contrasts.csv,note,text,label,Verbatim source label or explicit export label; not a numeric measurement.
mechanism.reduction_composition.contrasts,mechanism__reduction_composition__contrasts.csv,difference_pp,number,percentage points,Supplied contrast or metric; see the dataset's metric definition for accuracy versus explained variance.
mechanism.reduction_composition.contrasts,mechanism__reduction_composition__contrasts.csv,descriptive_unpaired_se_pp,number,accuracy percentage points,Supplied descriptive uncertainty of independent-arm difference; not registered scorer bar.
mechanism.reduction_composition.contrasts,mechanism__reduction_composition__contrasts.csv,paired_difference_pp_n,number,paired seeds,Supplied n across paired-seed differences.
mechanism.reduction_composition.contrasts,mechanism__reduction_composition__contrasts.csv,paired_difference_pp_mean,number,accuracy percentage points,Supplied mean across paired-seed differences.
mechanism.reduction_composition.contrasts,mechanism__reduction_composition__contrasts.csv,paired_difference_pp_sd,number,accuracy percentage points,Supplied sd across paired-seed differences.
mechanism.reduction_composition.contrasts,mechanism__reduction_composition__contrasts.csv,paired_difference_pp_se,number,accuracy percentage points,Supplied se across paired-seed differences.
mechanism.reduction_composition.contrasts,mechanism__reduction_composition__contrasts.csv,paired_difference_pp_min,number,accuracy percentage points,Supplied min across paired-seed differences.
mechanism.reduction_composition.contrasts,mechanism__reduction_composition__contrasts.csv,paired_difference_pp_max,number,accuracy percentage points,Supplied max across paired-seed differences.
mechanism.reduction_composition.contrasts,mechanism__reduction_composition__contrasts.csv,source_ids,text,identifier,Join with sources.csv; vertical bars separate multiple source IDs.
mechanism.reduction_composition.contrasts,mechanism__reduction_composition__contrasts.csv,scope,text,text,Scientific scope and restrictions for this dataset.
mechanism.reduction_composition.contrasts,mechanism__reduction_composition__contrasts.csv,units,text,text,Units for the numeric metrics in this row; detailed fields are defined here.
mechanism.reduction_composition.paired_seed_contrasts,mechanism__reduction_composition__paired_seed_contrasts.csv,batch,text,label,Verbatim source label or explicit export label; not a numeric measurement.
mechanism.reduction_composition.paired_seed_contrasts,mechanism__reduction_composition__paired_seed_contrasts.csv,minuend,text,percentage points,Supplied flat evidence field; exact quantity is specified by the dataset metric and scope.
mechanism.reduction_composition.paired_seed_contrasts,mechanism__reduction_composition__paired_seed_contrasts.csv,subtrahend,text,percentage points,Supplied flat evidence field; exact quantity is specified by the dataset metric and scope.
mechanism.reduction_composition.paired_seed_contrasts,mechanism__reduction_composition__paired_seed_contrasts.csv,horizon,number,epochs,Registered completed-epoch endpoint; plateau5 uses horizon-5 through horizon-1.
mechanism.reduction_composition.paired_seed_contrasts,mechanism__reduction_composition__paired_seed_contrasts.csv,note,text,label,Verbatim source label or explicit export label; not a numeric measurement.
mechanism.reduction_composition.paired_seed_contrasts,mechanism__reduction_composition__paired_seed_contrasts.csv,seed,number,seed identifier,"Training random seed, not a sample count."
mechanism.reduction_composition.paired_seed_contrasts,mechanism__reduction_composition__paired_seed_contrasts.csv,paired_difference_pp,number,percentage points,Supplied contrast or metric; see the dataset's metric definition for accuracy versus explained variance.
mechanism.reduction_composition.paired_seed_contrasts,mechanism__reduction_composition__paired_seed_contrasts.csv,source_ids,text,identifier,Join with sources.csv; vertical bars separate multiple source IDs.
mechanism.reduction_composition.paired_seed_contrasts,mechanism__reduction_composition__paired_seed_contrasts.csv,scope,text,text,Scientific scope and restrictions for this dataset.
mechanism.reduction_composition.paired_seed_contrasts,mechanism__reduction_composition__paired_seed_contrasts.csv,units,text,text,Units for the numeric metrics in this row; detailed fields are defined here.
mechanism.alpha0_confound.arm_summary,mechanism__alpha0_confound__arm_summary.csv,batch,text,label,Verbatim source label or explicit export label; not a numeric measurement.
mechanism.alpha0_confound.arm_summary,mechanism__alpha0_confound__arm_summary.csv,arm,text,label,Verbatim source label or explicit export label; not a numeric measurement.
mechanism.alpha0_confound.arm_summary,mechanism__alpha0_confound__arm_summary.csv,label,text,label,Verbatim source label or explicit export label; not a numeric measurement.
mechanism.alpha0_confound.arm_summary,mechanism__alpha0_confound__arm_summary.csv,horizon,number,epochs,Registered completed-epoch endpoint; plateau5 uses horizon-5 through horizon-1.
mechanism.alpha0_confound.arm_summary,mechanism__alpha0_confound__arm_summary.csv,group_count,all blank / unavailable,count,"Tensor, group, coordinate, or block count as named; do not interchange tensor count and coordinate mass."
mechanism.alpha0_confound.arm_summary,mechanism__alpha0_confound__arm_summary.csv,normalized_tensor_count_entropy,all blank / unavailable,dimensionless,Supplied normalized tensor-count entropy; not parameter-mass balance.
mechanism.alpha0_confound.arm_summary,mechanism__alpha0_confound__arm_summary.csv,r,all blank / unavailable,test accuracy percent; differences and SD/SE in percentage points,Supplied flat evidence field; exact quantity is specified by the dataset metric and scope.
mechanism.alpha0_confound.arm_summary,mechanism__alpha0_confound__arm_summary.csv,meta_stepsize,all blank / unavailable,test accuracy percent; differences and SD/SE in percentage points,Supplied flat evidence field; exact quantity is specified by the dataset metric and scope.
mechanism.alpha0_confound.arm_summary,mechanism__alpha0_confound__arm_summary.csv,meta_optimizer,all blank / unavailable,label,Verbatim source label or explicit export label; not a numeric measurement.
mechanism.alpha0_confound.arm_summary,mechanism__alpha0_confound__arm_summary.csv,capture_fraction,all blank / unavailable,fraction,(arm mean - in-batch scalar mean)/(in-batch layerwise mean - scalar mean).
mechanism.alpha0_confound.arm_summary,mechanism__alpha0_confound__arm_summary.csv,plateau_window_start_epoch,number,test accuracy percent; differences and SD/SE in percentage points,Supplied flat evidence field; exact quantity is specified by the dataset metric and scope.
mechanism.alpha0_confound.arm_summary,mechanism__alpha0_confound__arm_summary.csv,plateau_window_end_epoch,number,test accuracy percent; differences and SD/SE in percentage points,Supplied flat evidence field; exact quantity is specified by the dataset metric and scope.
mechanism.alpha0_confound.arm_summary,mechanism__alpha0_confound__arm_summary.csv,config_network,text,configuration,Original run configuration field; missing/unknown legacy values are retained.
mechanism.alpha0_confound.arm_summary,mechanism__alpha0_confound__arm_summary.csv,config_dataset,text,configuration,Original run configuration field; missing/unknown legacy values are retained.
mechanism.alpha0_confound.arm_summary,mechanism__alpha0_confound__arm_summary.csv,config_batch_size,text,configuration,Original run configuration field; missing/unknown legacy values are retained.
mechanism.alpha0_confound.arm_summary,mechanism__alpha0_confound__arm_summary.csv,config_granularity,text,configuration,Original run configuration field; missing/unknown legacy values are retained.
mechanism.alpha0_confound.arm_summary,mechanism__alpha0_confound__arm_summary.csv,config_base,text,configuration,Original run configuration field; missing/unknown legacy values are retained.
mechanism.alpha0_confound.arm_summary,mechanism__alpha0_confound__arm_summary.csv,config_meta,text,configuration,Original run configuration field; missing/unknown legacy values are retained.
mechanism.alpha0_confound.arm_summary,mechanism__alpha0_confound__arm_summary.csv,config_meta_stepsize,text,configuration,Original run configuration field; missing/unknown legacy values are retained.
mechanism.alpha0_confound.arm_summary,mechanism__alpha0_confound__arm_summary.csv,config_alpha0,text,configuration,Original run configuration field; missing/unknown legacy values are retained.
mechanism.alpha0_confound.arm_summary,mechanism__alpha0_confound__arm_summary.csv,config_gamma,text,configuration,Original run configuration field; missing/unknown legacy values are retained.
mechanism.alpha0_confound.arm_summary,mechanism__alpha0_confound__arm_summary.csv,config_augment,text,configuration,Original run configuration field; missing/unknown legacy values are retained.
mechanism.alpha0_confound.arm_summary,mechanism__alpha0_confound__arm_summary.csv,config_beta_clip,text,configuration,Original run configuration field; missing/unknown legacy values are retained.
mechanism.alpha0_confound.arm_summary,mechanism__alpha0_confound__arm_summary.csv,config_hier,all blank / unavailable,configuration,Original run configuration field; missing/unknown legacy values are retained.
mechanism.alpha0_confound.arm_summary,mechanism__alpha0_confound__arm_summary.csv,config_lam,text,configuration,Original run configuration field; missing/unknown legacy values are retained.
mechanism.alpha0_confound.arm_summary,mechanism__alpha0_confound__arm_summary.csv,config_eta_ratio,text,configuration,Original run configuration field; missing/unknown legacy values are retained.
mechanism.alpha0_confound.arm_summary,mechanism__alpha0_confound__arm_summary.csv,config_epochs_requested,text,configuration,Original run configuration field; missing/unknown legacy values are retained.
mechanism.alpha0_confound.arm_summary,mechanism__alpha0_confound__arm_summary.csv,test_percent_n,number,training seeds,Number of per-seed plateau5 values in this arm.
mechanism.alpha0_confound.arm_summary,mechanism__alpha0_confound__arm_summary.csv,test_percent_mean,number,accuracy percent,Supplied mean of per-seed plateau5; SD uses ddof=1 and SE uses SD/sqrt(n).
mechanism.alpha0_confound.arm_summary,mechanism__alpha0_confound__arm_summary.csv,test_percent_sd,number,accuracy percentage points,Supplied sd of per-seed plateau5; SD uses ddof=1 and SE uses SD/sqrt(n).
mechanism.alpha0_confound.arm_summary,mechanism__alpha0_confound__arm_summary.csv,test_percent_se,number,accuracy percentage points,Supplied se of per-seed plateau5; SD uses ddof=1 and SE uses SD/sqrt(n).
mechanism.alpha0_confound.arm_summary,mechanism__alpha0_confound__arm_summary.csv,test_percent_min,number,accuracy percent,Supplied min of per-seed plateau5; SD uses ddof=1 and SE uses SD/sqrt(n).
mechanism.alpha0_confound.arm_summary,mechanism__alpha0_confound__arm_summary.csv,test_percent_max,number,accuracy percent,Supplied max of per-seed plateau5; SD uses ddof=1 and SE uses SD/sqrt(n).
mechanism.alpha0_confound.arm_summary,mechanism__alpha0_confound__arm_summary.csv,train_percent_n,number,training seeds,Number of per-seed plateau5 values in this arm.
mechanism.alpha0_confound.arm_summary,mechanism__alpha0_confound__arm_summary.csv,train_percent_mean,number,accuracy percent,Supplied mean of per-seed plateau5; SD uses ddof=1 and SE uses SD/sqrt(n).
mechanism.alpha0_confound.arm_summary,mechanism__alpha0_confound__arm_summary.csv,train_percent_sd,number,accuracy percentage points,Supplied sd of per-seed plateau5; SD uses ddof=1 and SE uses SD/sqrt(n).
mechanism.alpha0_confound.arm_summary,mechanism__alpha0_confound__arm_summary.csv,train_percent_se,number,accuracy percentage points,Supplied se of per-seed plateau5; SD uses ddof=1 and SE uses SD/sqrt(n).
mechanism.alpha0_confound.arm_summary,mechanism__alpha0_confound__arm_summary.csv,train_percent_min,number,accuracy percent,Supplied min of per-seed plateau5; SD uses ddof=1 and SE uses SD/sqrt(n).
mechanism.alpha0_confound.arm_summary,mechanism__alpha0_confound__arm_summary.csv,train_percent_max,number,accuracy percent,Supplied max of per-seed plateau5; SD uses ddof=1 and SE uses SD/sqrt(n).
mechanism.alpha0_confound.arm_summary,mechanism__alpha0_confound__arm_summary.csv,source_ids,text,identifier,Join with sources.csv; vertical bars separate multiple source IDs.
mechanism.alpha0_confound.arm_summary,mechanism__alpha0_confound__arm_summary.csv,scope,text,text,Scientific scope and restrictions for this dataset.
mechanism.alpha0_confound.arm_summary,mechanism__alpha0_confound__arm_summary.csv,units,text,text,Units for the numeric metrics in this row; detailed fields are defined here.
mechanism.alpha0_confound.per_seed,mechanism__alpha0_confound__per_seed.csv,batch,text,label,Verbatim source label or explicit export label; not a numeric measurement.
mechanism.alpha0_confound.per_seed,mechanism__alpha0_confound__per_seed.csv,arm,text,label,Verbatim source label or explicit export label; not a numeric measurement.
mechanism.alpha0_confound.per_seed,mechanism__alpha0_confound__per_seed.csv,label,text,label,Verbatim source label or explicit export label; not a numeric measurement.
mechanism.alpha0_confound.per_seed,mechanism__alpha0_confound__per_seed.csv,horizon,number,epochs,Registered completed-epoch endpoint; plateau5 uses horizon-5 through horizon-1.
mechanism.alpha0_confound.per_seed,mechanism__alpha0_confound__per_seed.csv,group_count,all blank / unavailable,count,"Tensor, group, coordinate, or block count as named; do not interchange tensor count and coordinate mass."
mechanism.alpha0_confound.per_seed,mechanism__alpha0_confound__per_seed.csv,normalized_tensor_count_entropy,all blank / unavailable,dimensionless,Supplied normalized tensor-count entropy; not parameter-mass balance.
mechanism.alpha0_confound.per_seed,mechanism__alpha0_confound__per_seed.csv,r,all blank / unavailable,test accuracy percent; differences and SD/SE in percentage points,Supplied flat evidence field; exact quantity is specified by the dataset metric and scope.
mechanism.alpha0_confound.per_seed,mechanism__alpha0_confound__per_seed.csv,meta_stepsize,all blank / unavailable,test accuracy percent; differences and SD/SE in percentage points,Supplied flat evidence field; exact quantity is specified by the dataset metric and scope.
mechanism.alpha0_confound.per_seed,mechanism__alpha0_confound__per_seed.csv,meta_optimizer,all blank / unavailable,label,Verbatim source label or explicit export label; not a numeric measurement.
mechanism.alpha0_confound.per_seed,mechanism__alpha0_confound__per_seed.csv,capture_fraction,all blank / unavailable,fraction,(arm mean - in-batch scalar mean)/(in-batch layerwise mean - scalar mean).
mechanism.alpha0_confound.per_seed,mechanism__alpha0_confound__per_seed.csv,plateau_window_start_epoch,number,test accuracy percent; differences and SD/SE in percentage points,Supplied flat evidence field; exact quantity is specified by the dataset metric and scope.
mechanism.alpha0_confound.per_seed,mechanism__alpha0_confound__per_seed.csv,plateau_window_end_epoch,number,test accuracy percent; differences and SD/SE in percentage points,Supplied flat evidence field; exact quantity is specified by the dataset metric and scope.
mechanism.alpha0_confound.per_seed,mechanism__alpha0_confound__per_seed.csv,config_network,text,configuration,Original run configuration field; missing/unknown legacy values are retained.
mechanism.alpha0_confound.per_seed,mechanism__alpha0_confound__per_seed.csv,config_dataset,text,configuration,Original run configuration field; missing/unknown legacy values are retained.
mechanism.alpha0_confound.per_seed,mechanism__alpha0_confound__per_seed.csv,config_batch_size,text,configuration,Original run configuration field; missing/unknown legacy values are retained.
mechanism.alpha0_confound.per_seed,mechanism__alpha0_confound__per_seed.csv,config_granularity,text,configuration,Original run configuration field; missing/unknown legacy values are retained.
mechanism.alpha0_confound.per_seed,mechanism__alpha0_confound__per_seed.csv,config_base,text,configuration,Original run configuration field; missing/unknown legacy values are retained.
mechanism.alpha0_confound.per_seed,mechanism__alpha0_confound__per_seed.csv,config_meta,text,configuration,Original run configuration field; missing/unknown legacy values are retained.
mechanism.alpha0_confound.per_seed,mechanism__alpha0_confound__per_seed.csv,config_meta_stepsize,text,configuration,Original run configuration field; missing/unknown legacy values are retained.
mechanism.alpha0_confound.per_seed,mechanism__alpha0_confound__per_seed.csv,config_alpha0,text,configuration,Original run configuration field; missing/unknown legacy values are retained.
mechanism.alpha0_confound.per_seed,mechanism__alpha0_confound__per_seed.csv,config_gamma,text,configuration,Original run configuration field; missing/unknown legacy values are retained.
mechanism.alpha0_confound.per_seed,mechanism__alpha0_confound__per_seed.csv,config_augment,text,configuration,Original run configuration field; missing/unknown legacy values are retained.
mechanism.alpha0_confound.per_seed,mechanism__alpha0_confound__per_seed.csv,config_beta_clip,text,configuration,Original run configuration field; missing/unknown legacy values are retained.
mechanism.alpha0_confound.per_seed,mechanism__alpha0_confound__per_seed.csv,config_hier,all blank / unavailable,configuration,Original run configuration field; missing/unknown legacy values are retained.
mechanism.alpha0_confound.per_seed,mechanism__alpha0_confound__per_seed.csv,config_lam,text,configuration,Original run configuration field; missing/unknown legacy values are retained.
mechanism.alpha0_confound.per_seed,mechanism__alpha0_confound__per_seed.csv,config_eta_ratio,text,configuration,Original run configuration field; missing/unknown legacy values are retained.
mechanism.alpha0_confound.per_seed,mechanism__alpha0_confound__per_seed.csv,config_epochs_requested,text,configuration,Original run configuration field; missing/unknown legacy values are retained.
mechanism.alpha0_confound.per_seed,mechanism__alpha0_confound__per_seed.csv,seed,number,seed identifier,"Training random seed, not a sample count."
mechanism.alpha0_confound.per_seed,mechanism__alpha0_confound__per_seed.csv,run,text,label,Verbatim source label or explicit export label; not a numeric measurement.
mechanism.alpha0_confound.per_seed,mechanism__alpha0_confound__per_seed.csv,test_plateau5_percent,number,percent,Supplied percentage-valued measurement; intervals/ranges are not automatically confidence intervals.
mechanism.alpha0_confound.per_seed,mechanism__alpha0_confound__per_seed.csv,train_plateau5_percent,number,percent,Supplied percentage-valued measurement; intervals/ranges are not automatically confidence intervals.
mechanism.alpha0_confound.per_seed,mechanism__alpha0_confound__per_seed.csv,source_ids,text,identifier,Join with sources.csv; vertical bars separate multiple source IDs.
mechanism.alpha0_confound.per_seed,mechanism__alpha0_confound__per_seed.csv,scope,text,text,Scientific scope and restrictions for this dataset.
mechanism.alpha0_confound.per_seed,mechanism__alpha0_confound__per_seed.csv,units,text,text,Units for the numeric metrics in this row; detailed fields are defined here.
mechanism.alpha0_confound.epoch_curves,mechanism__alpha0_confound__epoch_curves.csv,batch,text,label,Verbatim source label or explicit export label; not a numeric measurement.
mechanism.alpha0_confound.epoch_curves,mechanism__alpha0_confound__epoch_curves.csv,arm,text,label,Verbatim source label or explicit export label; not a numeric measurement.
mechanism.alpha0_confound.epoch_curves,mechanism__alpha0_confound__epoch_curves.csv,label,text,label,Verbatim source label or explicit export label; not a numeric measurement.
mechanism.alpha0_confound.epoch_curves,mechanism__alpha0_confound__epoch_curves.csv,seed,number,seed identifier,"Training random seed, not a sample count."
mechanism.alpha0_confound.epoch_curves,mechanism__alpha0_confound__epoch_curves.csv,run,text,label,Verbatim source label or explicit export label; not a numeric measurement.
mechanism.alpha0_confound.epoch_curves,mechanism__alpha0_confound__epoch_curves.csv,epoch,number,epoch,Raw zero-based training epoch index; probe timelines use fractional epochs.
mechanism.alpha0_confound.epoch_curves,mechanism__alpha0_confound__epoch_curves.csv,test_accuracy_percent,number,percent,Supplied percentage-valued measurement; intervals/ranges are not automatically confidence intervals.
mechanism.alpha0_confound.epoch_curves,mechanism__alpha0_confound__epoch_curves.csv,train_accuracy_percent,number,percent,Supplied percentage-valued measurement; intervals/ranges are not automatically confidence intervals.
mechanism.alpha0_confound.epoch_curves,mechanism__alpha0_confound__epoch_curves.csv,source_ids,text,identifier,Join with sources.csv; vertical bars separate multiple source IDs.
mechanism.alpha0_confound.epoch_curves,mechanism__alpha0_confound__epoch_curves.csv,registered_horizon_epochs,number,epochs,Primary registered endpoint for this accuracy panel.
mechanism.alpha0_confound.epoch_curves,mechanism__alpha0_confound__epoch_curves.csv,in_registered_plateau5_window,boolean,boolean,True only for the five raw epochs entering the primary endpoint.
mechanism.alpha0_confound.epoch_curves,mechanism__alpha0_confound__epoch_curves.csv,scope,text,text,Scientific scope and restrictions for this dataset.
mechanism.alpha0_confound.epoch_curves,mechanism__alpha0_confound__epoch_curves.csv,units,text,text,Units for the numeric metrics in this row; detailed fields are defined here.
mechanism.individual_meta_step_tuning.arm_summary,mechanism__individual_meta_step_tuning__arm_summary.csv,batch,text,label,Verbatim source label or explicit export label; not a numeric measurement.
mechanism.individual_meta_step_tuning.arm_summary,mechanism__individual_meta_step_tuning__arm_summary.csv,arm,text,label,Verbatim source label or explicit export label; not a numeric measurement.
mechanism.individual_meta_step_tuning.arm_summary,mechanism__individual_meta_step_tuning__arm_summary.csv,label,text,label,Verbatim source label or explicit export label; not a numeric measurement.
mechanism.individual_meta_step_tuning.arm_summary,mechanism__individual_meta_step_tuning__arm_summary.csv,horizon,number,epochs,Registered completed-epoch endpoint; plateau5 uses horizon-5 through horizon-1.
mechanism.individual_meta_step_tuning.arm_summary,mechanism__individual_meta_step_tuning__arm_summary.csv,group_count,all blank / unavailable,count,"Tensor, group, coordinate, or block count as named; do not interchange tensor count and coordinate mass."
mechanism.individual_meta_step_tuning.arm_summary,mechanism__individual_meta_step_tuning__arm_summary.csv,normalized_tensor_count_entropy,all blank / unavailable,dimensionless,Supplied normalized tensor-count entropy; not parameter-mass balance.
mechanism.individual_meta_step_tuning.arm_summary,mechanism__individual_meta_step_tuning__arm_summary.csv,r,all blank / unavailable,test accuracy percent; differences and SD/SE in percentage points,Supplied flat evidence field; exact quantity is specified by the dataset metric and scope.
mechanism.individual_meta_step_tuning.arm_summary,mechanism__individual_meta_step_tuning__arm_summary.csv,meta_stepsize,all blank / unavailable,test accuracy percent; differences and SD/SE in percentage points,Supplied flat evidence field; exact quantity is specified by the dataset metric and scope.
mechanism.individual_meta_step_tuning.arm_summary,mechanism__individual_meta_step_tuning__arm_summary.csv,meta_optimizer,all blank / unavailable,label,Verbatim source label or explicit export label; not a numeric measurement.
mechanism.individual_meta_step_tuning.arm_summary,mechanism__individual_meta_step_tuning__arm_summary.csv,capture_fraction,all blank / unavailable,fraction,(arm mean - in-batch scalar mean)/(in-batch layerwise mean - scalar mean).
mechanism.individual_meta_step_tuning.arm_summary,mechanism__individual_meta_step_tuning__arm_summary.csv,plateau_window_start_epoch,number,test accuracy percent; differences and SD/SE in percentage points,Supplied flat evidence field; exact quantity is specified by the dataset metric and scope.
mechanism.individual_meta_step_tuning.arm_summary,mechanism__individual_meta_step_tuning__arm_summary.csv,plateau_window_end_epoch,number,test accuracy percent; differences and SD/SE in percentage points,Supplied flat evidence field; exact quantity is specified by the dataset metric and scope.
mechanism.individual_meta_step_tuning.arm_summary,mechanism__individual_meta_step_tuning__arm_summary.csv,config_network,text,configuration,Original run configuration field; missing/unknown legacy values are retained.
mechanism.individual_meta_step_tuning.arm_summary,mechanism__individual_meta_step_tuning__arm_summary.csv,config_dataset,text,configuration,Original run configuration field; missing/unknown legacy values are retained.
mechanism.individual_meta_step_tuning.arm_summary,mechanism__individual_meta_step_tuning__arm_summary.csv,config_batch_size,text,configuration,Original run configuration field; missing/unknown legacy values are retained.
mechanism.individual_meta_step_tuning.arm_summary,mechanism__individual_meta_step_tuning__arm_summary.csv,config_granularity,text,configuration,Original run configuration field; missing/unknown legacy values are retained.
mechanism.individual_meta_step_tuning.arm_summary,mechanism__individual_meta_step_tuning__arm_summary.csv,config_base,text,configuration,Original run configuration field; missing/unknown legacy values are retained.
mechanism.individual_meta_step_tuning.arm_summary,mechanism__individual_meta_step_tuning__arm_summary.csv,config_meta,text,configuration,Original run configuration field; missing/unknown legacy values are retained.
mechanism.individual_meta_step_tuning.arm_summary,mechanism__individual_meta_step_tuning__arm_summary.csv,config_meta_stepsize,text,configuration,Original run configuration field; missing/unknown legacy values are retained.
mechanism.individual_meta_step_tuning.arm_summary,mechanism__individual_meta_step_tuning__arm_summary.csv,config_alpha0,text,configuration,Original run configuration field; missing/unknown legacy values are retained.
mechanism.individual_meta_step_tuning.arm_summary,mechanism__individual_meta_step_tuning__arm_summary.csv,config_gamma,text,configuration,Original run configuration field; missing/unknown legacy values are retained.
mechanism.individual_meta_step_tuning.arm_summary,mechanism__individual_meta_step_tuning__arm_summary.csv,config_augment,text,configuration,Original run configuration field; missing/unknown legacy values are retained.
mechanism.individual_meta_step_tuning.arm_summary,mechanism__individual_meta_step_tuning__arm_summary.csv,config_beta_clip,text,configuration,Original run configuration field; missing/unknown legacy values are retained.
mechanism.individual_meta_step_tuning.arm_summary,mechanism__individual_meta_step_tuning__arm_summary.csv,config_hier,all blank / unavailable,configuration,Original run configuration field; missing/unknown legacy values are retained.
mechanism.individual_meta_step_tuning.arm_summary,mechanism__individual_meta_step_tuning__arm_summary.csv,config_lam,text,configuration,Original run configuration field; missing/unknown legacy values are retained.
mechanism.individual_meta_step_tuning.arm_summary,mechanism__individual_meta_step_tuning__arm_summary.csv,config_eta_ratio,text,configuration,Original run configuration field; missing/unknown legacy values are retained.
mechanism.individual_meta_step_tuning.arm_summary,mechanism__individual_meta_step_tuning__arm_summary.csv,config_epochs_requested,text,configuration,Original run configuration field; missing/unknown legacy values are retained.
mechanism.individual_meta_step_tuning.arm_summary,mechanism__individual_meta_step_tuning__arm_summary.csv,test_percent_n,number,training seeds,Number of per-seed plateau5 values in this arm.
mechanism.individual_meta_step_tuning.arm_summary,mechanism__individual_meta_step_tuning__arm_summary.csv,test_percent_mean,number,accuracy percent,Supplied mean of per-seed plateau5; SD uses ddof=1 and SE uses SD/sqrt(n).
mechanism.individual_meta_step_tuning.arm_summary,mechanism__individual_meta_step_tuning__arm_summary.csv,test_percent_sd,number,accuracy percentage points,Supplied sd of per-seed plateau5; SD uses ddof=1 and SE uses SD/sqrt(n).
mechanism.individual_meta_step_tuning.arm_summary,mechanism__individual_meta_step_tuning__arm_summary.csv,test_percent_se,number,accuracy percentage points,Supplied se of per-seed plateau5; SD uses ddof=1 and SE uses SD/sqrt(n).
mechanism.individual_meta_step_tuning.arm_summary,mechanism__individual_meta_step_tuning__arm_summary.csv,test_percent_min,number,accuracy percent,Supplied min of per-seed plateau5; SD uses ddof=1 and SE uses SD/sqrt(n).
mechanism.individual_meta_step_tuning.arm_summary,mechanism__individual_meta_step_tuning__arm_summary.csv,test_percent_max,number,accuracy percent,Supplied max of per-seed plateau5; SD uses ddof=1 and SE uses SD/sqrt(n).
mechanism.individual_meta_step_tuning.arm_summary,mechanism__individual_meta_step_tuning__arm_summary.csv,train_percent_n,number,training seeds,Number of per-seed plateau5 values in this arm.
mechanism.individual_meta_step_tuning.arm_summary,mechanism__individual_meta_step_tuning__arm_summary.csv,train_percent_mean,number,accuracy percent,Supplied mean of per-seed plateau5; SD uses ddof=1 and SE uses SD/sqrt(n).
mechanism.individual_meta_step_tuning.arm_summary,mechanism__individual_meta_step_tuning__arm_summary.csv,train_percent_sd,number,accuracy percentage points,Supplied sd of per-seed plateau5; SD uses ddof=1 and SE uses SD/sqrt(n).
mechanism.individual_meta_step_tuning.arm_summary,mechanism__individual_meta_step_tuning__arm_summary.csv,train_percent_se,number,accuracy percentage points,Supplied se of per-seed plateau5; SD uses ddof=1 and SE uses SD/sqrt(n).
mechanism.individual_meta_step_tuning.arm_summary,mechanism__individual_meta_step_tuning__arm_summary.csv,train_percent_min,number,accuracy percent,Supplied min of per-seed plateau5; SD uses ddof=1 and SE uses SD/sqrt(n).
mechanism.individual_meta_step_tuning.arm_summary,mechanism__individual_meta_step_tuning__arm_summary.csv,train_percent_max,number,accuracy percent,Supplied max of per-seed plateau5; SD uses ddof=1 and SE uses SD/sqrt(n).
mechanism.individual_meta_step_tuning.arm_summary,mechanism__individual_meta_step_tuning__arm_summary.csv,source_ids,text,identifier,Join with sources.csv; vertical bars separate multiple source IDs.
mechanism.individual_meta_step_tuning.arm_summary,mechanism__individual_meta_step_tuning__arm_summary.csv,scope,text,text,Scientific scope and restrictions for this dataset.
mechanism.individual_meta_step_tuning.arm_summary,mechanism__individual_meta_step_tuning__arm_summary.csv,units,text,text,Units for the numeric metrics in this row; detailed fields are defined here.
mechanism.individual_meta_step_tuning.per_seed,mechanism__individual_meta_step_tuning__per_seed.csv,batch,text,label,Verbatim source label or explicit export label; not a numeric measurement.
mechanism.individual_meta_step_tuning.per_seed,mechanism__individual_meta_step_tuning__per_seed.csv,arm,text,label,Verbatim source label or explicit export label; not a numeric measurement.
mechanism.individual_meta_step_tuning.per_seed,mechanism__individual_meta_step_tuning__per_seed.csv,label,text,label,Verbatim source label or explicit export label; not a numeric measurement.
mechanism.individual_meta_step_tuning.per_seed,mechanism__individual_meta_step_tuning__per_seed.csv,horizon,number,epochs,Registered completed-epoch endpoint; plateau5 uses horizon-5 through horizon-1.
mechanism.individual_meta_step_tuning.per_seed,mechanism__individual_meta_step_tuning__per_seed.csv,group_count,all blank / unavailable,count,"Tensor, group, coordinate, or block count as named; do not interchange tensor count and coordinate mass."
mechanism.individual_meta_step_tuning.per_seed,mechanism__individual_meta_step_tuning__per_seed.csv,normalized_tensor_count_entropy,all blank / unavailable,dimensionless,Supplied normalized tensor-count entropy; not parameter-mass balance.
mechanism.individual_meta_step_tuning.per_seed,mechanism__individual_meta_step_tuning__per_seed.csv,r,all blank / unavailable,test accuracy percent; differences and SD/SE in percentage points,Supplied flat evidence field; exact quantity is specified by the dataset metric and scope.
mechanism.individual_meta_step_tuning.per_seed,mechanism__individual_meta_step_tuning__per_seed.csv,meta_stepsize,all blank / unavailable,test accuracy percent; differences and SD/SE in percentage points,Supplied flat evidence field; exact quantity is specified by the dataset metric and scope.
mechanism.individual_meta_step_tuning.per_seed,mechanism__individual_meta_step_tuning__per_seed.csv,meta_optimizer,all blank / unavailable,label,Verbatim source label or explicit export label; not a numeric measurement.
mechanism.individual_meta_step_tuning.per_seed,mechanism__individual_meta_step_tuning__per_seed.csv,capture_fraction,all blank / unavailable,fraction,(arm mean - in-batch scalar mean)/(in-batch layerwise mean - scalar mean).
mechanism.individual_meta_step_tuning.per_seed,mechanism__individual_meta_step_tuning__per_seed.csv,plateau_window_start_epoch,number,test accuracy percent; differences and SD/SE in percentage points,Supplied flat evidence field; exact quantity is specified by the dataset metric and scope.
mechanism.individual_meta_step_tuning.per_seed,mechanism__individual_meta_step_tuning__per_seed.csv,plateau_window_end_epoch,number,test accuracy percent; differences and SD/SE in percentage points,Supplied flat evidence field; exact quantity is specified by the dataset metric and scope.
mechanism.individual_meta_step_tuning.per_seed,mechanism__individual_meta_step_tuning__per_seed.csv,config_network,text,configuration,Original run configuration field; missing/unknown legacy values are retained.
mechanism.individual_meta_step_tuning.per_seed,mechanism__individual_meta_step_tuning__per_seed.csv,config_dataset,text,configuration,Original run configuration field; missing/unknown legacy values are retained.
mechanism.individual_meta_step_tuning.per_seed,mechanism__individual_meta_step_tuning__per_seed.csv,config_batch_size,text,configuration,Original run configuration field; missing/unknown legacy values are retained.
mechanism.individual_meta_step_tuning.per_seed,mechanism__individual_meta_step_tuning__per_seed.csv,config_granularity,text,configuration,Original run configuration field; missing/unknown legacy values are retained.
mechanism.individual_meta_step_tuning.per_seed,mechanism__individual_meta_step_tuning__per_seed.csv,config_base,text,configuration,Original run configuration field; missing/unknown legacy values are retained.
mechanism.individual_meta_step_tuning.per_seed,mechanism__individual_meta_step_tuning__per_seed.csv,config_meta,text,configuration,Original run configuration field; missing/unknown legacy values are retained.
mechanism.individual_meta_step_tuning.per_seed,mechanism__individual_meta_step_tuning__per_seed.csv,config_meta_stepsize,text,configuration,Original run configuration field; missing/unknown legacy values are retained.
mechanism.individual_meta_step_tuning.per_seed,mechanism__individual_meta_step_tuning__per_seed.csv,config_alpha0,text,configuration,Original run configuration field; missing/unknown legacy values are retained.
mechanism.individual_meta_step_tuning.per_seed,mechanism__individual_meta_step_tuning__per_seed.csv,config_gamma,text,configuration,Original run configuration field; missing/unknown legacy values are retained.
mechanism.individual_meta_step_tuning.per_seed,mechanism__individual_meta_step_tuning__per_seed.csv,config_augment,text,configuration,Original run configuration field; missing/unknown legacy values are retained.
mechanism.individual_meta_step_tuning.per_seed,mechanism__individual_meta_step_tuning__per_seed.csv,config_beta_clip,text,configuration,Original run configuration field; missing/unknown legacy values are retained.
mechanism.individual_meta_step_tuning.per_seed,mechanism__individual_meta_step_tuning__per_seed.csv,config_hier,all blank / unavailable,configuration,Original run configuration field; missing/unknown legacy values are retained.
mechanism.individual_meta_step_tuning.per_seed,mechanism__individual_meta_step_tuning__per_seed.csv,config_lam,text,configuration,Original run configuration field; missing/unknown legacy values are retained.
mechanism.individual_meta_step_tuning.per_seed,mechanism__individual_meta_step_tuning__per_seed.csv,config_eta_ratio,text,configuration,Original run configuration field; missing/unknown legacy values are retained.
mechanism.individual_meta_step_tuning.per_seed,mechanism__individual_meta_step_tuning__per_seed.csv,config_epochs_requested,text,configuration,Original run configuration field; missing/unknown legacy values are retained.
mechanism.individual_meta_step_tuning.per_seed,mechanism__individual_meta_step_tuning__per_seed.csv,seed,number,seed identifier,"Training random seed, not a sample count."
mechanism.individual_meta_step_tuning.per_seed,mechanism__individual_meta_step_tuning__per_seed.csv,run,text,label,Verbatim source label or explicit export label; not a numeric measurement.
mechanism.individual_meta_step_tuning.per_seed,mechanism__individual_meta_step_tuning__per_seed.csv,test_plateau5_percent,number,percent,Supplied percentage-valued measurement; intervals/ranges are not automatically confidence intervals.
mechanism.individual_meta_step_tuning.per_seed,mechanism__individual_meta_step_tuning__per_seed.csv,train_plateau5_percent,number,percent,Supplied percentage-valued measurement; intervals/ranges are not automatically confidence intervals.
mechanism.individual_meta_step_tuning.per_seed,mechanism__individual_meta_step_tuning__per_seed.csv,source_ids,text,identifier,Join with sources.csv; vertical bars separate multiple source IDs.
mechanism.individual_meta_step_tuning.per_seed,mechanism__individual_meta_step_tuning__per_seed.csv,scope,text,text,Scientific scope and restrictions for this dataset.
mechanism.individual_meta_step_tuning.per_seed,mechanism__individual_meta_step_tuning__per_seed.csv,units,text,text,Units for the numeric metrics in this row; detailed fields are defined here.
mechanism.individual_meta_step_tuning.epoch_curves,mechanism__individual_meta_step_tuning__epoch_curves.csv,batch,text,label,Verbatim source label or explicit export label; not a numeric measurement.
mechanism.individual_meta_step_tuning.epoch_curves,mechanism__individual_meta_step_tuning__epoch_curves.csv,arm,text,label,Verbatim source label or explicit export label; not a numeric measurement.
mechanism.individual_meta_step_tuning.epoch_curves,mechanism__individual_meta_step_tuning__epoch_curves.csv,label,text,label,Verbatim source label or explicit export label; not a numeric measurement.
mechanism.individual_meta_step_tuning.epoch_curves,mechanism__individual_meta_step_tuning__epoch_curves.csv,seed,number,seed identifier,"Training random seed, not a sample count."
mechanism.individual_meta_step_tuning.epoch_curves,mechanism__individual_meta_step_tuning__epoch_curves.csv,run,text,label,Verbatim source label or explicit export label; not a numeric measurement.
mechanism.individual_meta_step_tuning.epoch_curves,mechanism__individual_meta_step_tuning__epoch_curves.csv,epoch,number,epoch,Raw zero-based training epoch index; probe timelines use fractional epochs.
mechanism.individual_meta_step_tuning.epoch_curves,mechanism__individual_meta_step_tuning__epoch_curves.csv,test_accuracy_percent,number,percent,Supplied percentage-valued measurement; intervals/ranges are not automatically confidence intervals.
mechanism.individual_meta_step_tuning.epoch_curves,mechanism__individual_meta_step_tuning__epoch_curves.csv,train_accuracy_percent,number,percent,Supplied percentage-valued measurement; intervals/ranges are not automatically confidence intervals.
mechanism.individual_meta_step_tuning.epoch_curves,mechanism__individual_meta_step_tuning__epoch_curves.csv,source_ids,text,identifier,Join with sources.csv; vertical bars separate multiple source IDs.
mechanism.individual_meta_step_tuning.epoch_curves,mechanism__individual_meta_step_tuning__epoch_curves.csv,registered_horizon_epochs,number,epochs,Primary registered endpoint for this accuracy panel.
mechanism.individual_meta_step_tuning.epoch_curves,mechanism__individual_meta_step_tuning__epoch_curves.csv,in_registered_plateau5_window,boolean,boolean,True only for the five raw epochs entering the primary endpoint.
mechanism.individual_meta_step_tuning.epoch_curves,mechanism__individual_meta_step_tuning__epoch_curves.csv,scope,text,text,Scientific scope and restrictions for this dataset.
mechanism.individual_meta_step_tuning.epoch_curves,mechanism__individual_meta_step_tuning__epoch_curves.csv,units,text,text,Units for the numeric metrics in this row; detailed fields are defined here.
mechanism.tuned_cifar100_denominator.arm_summary,mechanism__tuned_cifar100_denominator__arm_summary.csv,batch,text,label,Verbatim source label or explicit export label; not a numeric measurement.
mechanism.tuned_cifar100_denominator.arm_summary,mechanism__tuned_cifar100_denominator__arm_summary.csv,arm,text,label,Verbatim source label or explicit export label; not a numeric measurement.
mechanism.tuned_cifar100_denominator.arm_summary,mechanism__tuned_cifar100_denominator__arm_summary.csv,label,text,label,Verbatim source label or explicit export label; not a numeric measurement.
mechanism.tuned_cifar100_denominator.arm_summary,mechanism__tuned_cifar100_denominator__arm_summary.csv,horizon,number,epochs,Registered completed-epoch endpoint; plateau5 uses horizon-5 through horizon-1.
mechanism.tuned_cifar100_denominator.arm_summary,mechanism__tuned_cifar100_denominator__arm_summary.csv,group_count,all blank / unavailable,count,"Tensor, group, coordinate, or block count as named; do not interchange tensor count and coordinate mass."
mechanism.tuned_cifar100_denominator.arm_summary,mechanism__tuned_cifar100_denominator__arm_summary.csv,normalized_tensor_count_entropy,all blank / unavailable,dimensionless,Supplied normalized tensor-count entropy; not parameter-mass balance.
mechanism.tuned_cifar100_denominator.arm_summary,mechanism__tuned_cifar100_denominator__arm_summary.csv,r,all blank / unavailable,test accuracy percent; differences and SD/SE in percentage points,Supplied flat evidence field; exact quantity is specified by the dataset metric and scope.
mechanism.tuned_cifar100_denominator.arm_summary,mechanism__tuned_cifar100_denominator__arm_summary.csv,meta_stepsize,all blank / unavailable,test accuracy percent; differences and SD/SE in percentage points,Supplied flat evidence field; exact quantity is specified by the dataset metric and scope.
mechanism.tuned_cifar100_denominator.arm_summary,mechanism__tuned_cifar100_denominator__arm_summary.csv,meta_optimizer,all blank / unavailable,label,Verbatim source label or explicit export label; not a numeric measurement.
mechanism.tuned_cifar100_denominator.arm_summary,mechanism__tuned_cifar100_denominator__arm_summary.csv,capture_fraction,all blank / unavailable,fraction,(arm mean - in-batch scalar mean)/(in-batch layerwise mean - scalar mean).
mechanism.tuned_cifar100_denominator.arm_summary,mechanism__tuned_cifar100_denominator__arm_summary.csv,plateau_window_start_epoch,number,test accuracy percent; differences and SD/SE in percentage points,Supplied flat evidence field; exact quantity is specified by the dataset metric and scope.
mechanism.tuned_cifar100_denominator.arm_summary,mechanism__tuned_cifar100_denominator__arm_summary.csv,plateau_window_end_epoch,number,test accuracy percent; differences and SD/SE in percentage points,Supplied flat evidence field; exact quantity is specified by the dataset metric and scope.
mechanism.tuned_cifar100_denominator.arm_summary,mechanism__tuned_cifar100_denominator__arm_summary.csv,config_network,text,configuration,Original run configuration field; missing/unknown legacy values are retained.
mechanism.tuned_cifar100_denominator.arm_summary,mechanism__tuned_cifar100_denominator__arm_summary.csv,config_dataset,text,configuration,Original run configuration field; missing/unknown legacy values are retained.
mechanism.tuned_cifar100_denominator.arm_summary,mechanism__tuned_cifar100_denominator__arm_summary.csv,config_batch_size,text,configuration,Original run configuration field; missing/unknown legacy values are retained.
mechanism.tuned_cifar100_denominator.arm_summary,mechanism__tuned_cifar100_denominator__arm_summary.csv,config_granularity,text,configuration,Original run configuration field; missing/unknown legacy values are retained.
mechanism.tuned_cifar100_denominator.arm_summary,mechanism__tuned_cifar100_denominator__arm_summary.csv,config_base,text,configuration,Original run configuration field; missing/unknown legacy values are retained.
mechanism.tuned_cifar100_denominator.arm_summary,mechanism__tuned_cifar100_denominator__arm_summary.csv,config_meta,text,configuration,Original run configuration field; missing/unknown legacy values are retained.
mechanism.tuned_cifar100_denominator.arm_summary,mechanism__tuned_cifar100_denominator__arm_summary.csv,config_meta_stepsize,text,configuration,Original run configuration field; missing/unknown legacy values are retained.
mechanism.tuned_cifar100_denominator.arm_summary,mechanism__tuned_cifar100_denominator__arm_summary.csv,config_alpha0,text,configuration,Original run configuration field; missing/unknown legacy values are retained.
mechanism.tuned_cifar100_denominator.arm_summary,mechanism__tuned_cifar100_denominator__arm_summary.csv,config_gamma,text,configuration,Original run configuration field; missing/unknown legacy values are retained.
mechanism.tuned_cifar100_denominator.arm_summary,mechanism__tuned_cifar100_denominator__arm_summary.csv,config_augment,text,configuration,Original run configuration field; missing/unknown legacy values are retained.
mechanism.tuned_cifar100_denominator.arm_summary,mechanism__tuned_cifar100_denominator__arm_summary.csv,config_beta_clip,text,configuration,Original run configuration field; missing/unknown legacy values are retained.
mechanism.tuned_cifar100_denominator.arm_summary,mechanism__tuned_cifar100_denominator__arm_summary.csv,config_hier,all blank / unavailable,configuration,Original run configuration field; missing/unknown legacy values are retained.
mechanism.tuned_cifar100_denominator.arm_summary,mechanism__tuned_cifar100_denominator__arm_summary.csv,config_lam,text,configuration,Original run configuration field; missing/unknown legacy values are retained.
mechanism.tuned_cifar100_denominator.arm_summary,mechanism__tuned_cifar100_denominator__arm_summary.csv,config_eta_ratio,text,configuration,Original run configuration field; missing/unknown legacy values are retained.
mechanism.tuned_cifar100_denominator.arm_summary,mechanism__tuned_cifar100_denominator__arm_summary.csv,config_epochs_requested,text,configuration,Original run configuration field; missing/unknown legacy values are retained.
mechanism.tuned_cifar100_denominator.arm_summary,mechanism__tuned_cifar100_denominator__arm_summary.csv,test_percent_n,number,training seeds,Number of per-seed plateau5 values in this arm.
mechanism.tuned_cifar100_denominator.arm_summary,mechanism__tuned_cifar100_denominator__arm_summary.csv,test_percent_mean,number,accuracy percent,Supplied mean of per-seed plateau5; SD uses ddof=1 and SE uses SD/sqrt(n).
mechanism.tuned_cifar100_denominator.arm_summary,mechanism__tuned_cifar100_denominator__arm_summary.csv,test_percent_sd,number,accuracy percentage points,Supplied sd of per-seed plateau5; SD uses ddof=1 and SE uses SD/sqrt(n).
mechanism.tuned_cifar100_denominator.arm_summary,mechanism__tuned_cifar100_denominator__arm_summary.csv,test_percent_se,number,accuracy percentage points,Supplied se of per-seed plateau5; SD uses ddof=1 and SE uses SD/sqrt(n).
mechanism.tuned_cifar100_denominator.arm_summary,mechanism__tuned_cifar100_denominator__arm_summary.csv,test_percent_min,number,accuracy percent,Supplied min of per-seed plateau5; SD uses ddof=1 and SE uses SD/sqrt(n).
mechanism.tuned_cifar100_denominator.arm_summary,mechanism__tuned_cifar100_denominator__arm_summary.csv,test_percent_max,number,accuracy percent,Supplied max of per-seed plateau5; SD uses ddof=1 and SE uses SD/sqrt(n).
mechanism.tuned_cifar100_denominator.arm_summary,mechanism__tuned_cifar100_denominator__arm_summary.csv,train_percent_n,number,training seeds,Number of per-seed plateau5 values in this arm.
mechanism.tuned_cifar100_denominator.arm_summary,mechanism__tuned_cifar100_denominator__arm_summary.csv,train_percent_mean,number,accuracy percent,Supplied mean of per-seed plateau5; SD uses ddof=1 and SE uses SD/sqrt(n).
mechanism.tuned_cifar100_denominator.arm_summary,mechanism__tuned_cifar100_denominator__arm_summary.csv,train_percent_sd,number,accuracy percentage points,Supplied sd of per-seed plateau5; SD uses ddof=1 and SE uses SD/sqrt(n).
mechanism.tuned_cifar100_denominator.arm_summary,mechanism__tuned_cifar100_denominator__arm_summary.csv,train_percent_se,number,accuracy percentage points,Supplied se of per-seed plateau5; SD uses ddof=1 and SE uses SD/sqrt(n).
mechanism.tuned_cifar100_denominator.arm_summary,mechanism__tuned_cifar100_denominator__arm_summary.csv,train_percent_min,number,accuracy percent,Supplied min of per-seed plateau5; SD uses ddof=1 and SE uses SD/sqrt(n).
mechanism.tuned_cifar100_denominator.arm_summary,mechanism__tuned_cifar100_denominator__arm_summary.csv,train_percent_max,number,accuracy percent,Supplied max of per-seed plateau5; SD uses ddof=1 and SE uses SD/sqrt(n).
mechanism.tuned_cifar100_denominator.arm_summary,mechanism__tuned_cifar100_denominator__arm_summary.csv,source_ids,text,identifier,Join with sources.csv; vertical bars separate multiple source IDs.
mechanism.tuned_cifar100_denominator.arm_summary,mechanism__tuned_cifar100_denominator__arm_summary.csv,scope,text,text,Scientific scope and restrictions for this dataset.
mechanism.tuned_cifar100_denominator.arm_summary,mechanism__tuned_cifar100_denominator__arm_summary.csv,units,text,text,Units for the numeric metrics in this row; detailed fields are defined here.
mechanism.tuned_cifar100_denominator.per_seed,mechanism__tuned_cifar100_denominator__per_seed.csv,batch,text,label,Verbatim source label or explicit export label; not a numeric measurement.
mechanism.tuned_cifar100_denominator.per_seed,mechanism__tuned_cifar100_denominator__per_seed.csv,arm,text,label,Verbatim source label or explicit export label; not a numeric measurement.
mechanism.tuned_cifar100_denominator.per_seed,mechanism__tuned_cifar100_denominator__per_seed.csv,label,text,label,Verbatim source label or explicit export label; not a numeric measurement.
mechanism.tuned_cifar100_denominator.per_seed,mechanism__tuned_cifar100_denominator__per_seed.csv,horizon,number,epochs,Registered completed-epoch endpoint; plateau5 uses horizon-5 through horizon-1.
mechanism.tuned_cifar100_denominator.per_seed,mechanism__tuned_cifar100_denominator__per_seed.csv,group_count,all blank / unavailable,count,"Tensor, group, coordinate, or block count as named; do not interchange tensor count and coordinate mass."
mechanism.tuned_cifar100_denominator.per_seed,mechanism__tuned_cifar100_denominator__per_seed.csv,normalized_tensor_count_entropy,all blank / unavailable,dimensionless,Supplied normalized tensor-count entropy; not parameter-mass balance.
mechanism.tuned_cifar100_denominator.per_seed,mechanism__tuned_cifar100_denominator__per_seed.csv,r,all blank / unavailable,test accuracy percent; differences and SD/SE in percentage points,Supplied flat evidence field; exact quantity is specified by the dataset metric and scope.
mechanism.tuned_cifar100_denominator.per_seed,mechanism__tuned_cifar100_denominator__per_seed.csv,meta_stepsize,all blank / unavailable,test accuracy percent; differences and SD/SE in percentage points,Supplied flat evidence field; exact quantity is specified by the dataset metric and scope.
mechanism.tuned_cifar100_denominator.per_seed,mechanism__tuned_cifar100_denominator__per_seed.csv,meta_optimizer,all blank / unavailable,label,Verbatim source label or explicit export label; not a numeric measurement.
mechanism.tuned_cifar100_denominator.per_seed,mechanism__tuned_cifar100_denominator__per_seed.csv,capture_fraction,all blank / unavailable,fraction,(arm mean - in-batch scalar mean)/(in-batch layerwise mean - scalar mean).
mechanism.tuned_cifar100_denominator.per_seed,mechanism__tuned_cifar100_denominator__per_seed.csv,plateau_window_start_epoch,number,test accuracy percent; differences and SD/SE in percentage points,Supplied flat evidence field; exact quantity is specified by the dataset metric and scope.
mechanism.tuned_cifar100_denominator.per_seed,mechanism__tuned_cifar100_denominator__per_seed.csv,plateau_window_end_epoch,number,test accuracy percent; differences and SD/SE in percentage points,Supplied flat evidence field; exact quantity is specified by the dataset metric and scope.
mechanism.tuned_cifar100_denominator.per_seed,mechanism__tuned_cifar100_denominator__per_seed.csv,config_network,text,configuration,Original run configuration field; missing/unknown legacy values are retained.
mechanism.tuned_cifar100_denominator.per_seed,mechanism__tuned_cifar100_denominator__per_seed.csv,config_dataset,text,configuration,Original run configuration field; missing/unknown legacy values are retained.
mechanism.tuned_cifar100_denominator.per_seed,mechanism__tuned_cifar100_denominator__per_seed.csv,config_batch_size,text,configuration,Original run configuration field; missing/unknown legacy values are retained.
mechanism.tuned_cifar100_denominator.per_seed,mechanism__tuned_cifar100_denominator__per_seed.csv,config_granularity,text,configuration,Original run configuration field; missing/unknown legacy values are retained.
mechanism.tuned_cifar100_denominator.per_seed,mechanism__tuned_cifar100_denominator__per_seed.csv,config_base,text,configuration,Original run configuration field; missing/unknown legacy values are retained.
mechanism.tuned_cifar100_denominator.per_seed,mechanism__tuned_cifar100_denominator__per_seed.csv,config_meta,text,configuration,Original run configuration field; missing/unknown legacy values are retained.
mechanism.tuned_cifar100_denominator.per_seed,mechanism__tuned_cifar100_denominator__per_seed.csv,config_meta_stepsize,text,configuration,Original run configuration field; missing/unknown legacy values are retained.
mechanism.tuned_cifar100_denominator.per_seed,mechanism__tuned_cifar100_denominator__per_seed.csv,config_alpha0,text,configuration,Original run configuration field; missing/unknown legacy values are retained.
mechanism.tuned_cifar100_denominator.per_seed,mechanism__tuned_cifar100_denominator__per_seed.csv,config_gamma,text,configuration,Original run configuration field; missing/unknown legacy values are retained.
mechanism.tuned_cifar100_denominator.per_seed,mechanism__tuned_cifar100_denominator__per_seed.csv,config_augment,text,configuration,Original run configuration field; missing/unknown legacy values are retained.
mechanism.tuned_cifar100_denominator.per_seed,mechanism__tuned_cifar100_denominator__per_seed.csv,config_beta_clip,text,configuration,Original run configuration field; missing/unknown legacy values are retained.
mechanism.tuned_cifar100_denominator.per_seed,mechanism__tuned_cifar100_denominator__per_seed.csv,config_hier,all blank / unavailable,configuration,Original run configuration field; missing/unknown legacy values are retained.
mechanism.tuned_cifar100_denominator.per_seed,mechanism__tuned_cifar100_denominator__per_seed.csv,config_lam,text,configuration,Original run configuration field; missing/unknown legacy values are retained.
mechanism.tuned_cifar100_denominator.per_seed,mechanism__tuned_cifar100_denominator__per_seed.csv,config_eta_ratio,text,configuration,Original run configuration field; missing/unknown legacy values are retained.
mechanism.tuned_cifar100_denominator.per_seed,mechanism__tuned_cifar100_denominator__per_seed.csv,config_epochs_requested,text,configuration,Original run configuration field; missing/unknown legacy values are retained.
mechanism.tuned_cifar100_denominator.per_seed,mechanism__tuned_cifar100_denominator__per_seed.csv,seed,number,seed identifier,"Training random seed, not a sample count."
mechanism.tuned_cifar100_denominator.per_seed,mechanism__tuned_cifar100_denominator__per_seed.csv,run,text,label,Verbatim source label or explicit export label; not a numeric measurement.
mechanism.tuned_cifar100_denominator.per_seed,mechanism__tuned_cifar100_denominator__per_seed.csv,test_plateau5_percent,number,percent,Supplied percentage-valued measurement; intervals/ranges are not automatically confidence intervals.
mechanism.tuned_cifar100_denominator.per_seed,mechanism__tuned_cifar100_denominator__per_seed.csv,train_plateau5_percent,number,percent,Supplied percentage-valued measurement; intervals/ranges are not automatically confidence intervals.
mechanism.tuned_cifar100_denominator.per_seed,mechanism__tuned_cifar100_denominator__per_seed.csv,source_ids,text,identifier,Join with sources.csv; vertical bars separate multiple source IDs.
mechanism.tuned_cifar100_denominator.per_seed,mechanism__tuned_cifar100_denominator__per_seed.csv,scope,text,text,Scientific scope and restrictions for this dataset.
mechanism.tuned_cifar100_denominator.per_seed,mechanism__tuned_cifar100_denominator__per_seed.csv,units,text,text,Units for the numeric metrics in this row; detailed fields are defined here.
mechanism.tuned_cifar100_denominator.epoch_curves,mechanism__tuned_cifar100_denominator__epoch_curves.csv,batch,text,label,Verbatim source label or explicit export label; not a numeric measurement.
mechanism.tuned_cifar100_denominator.epoch_curves,mechanism__tuned_cifar100_denominator__epoch_curves.csv,arm,text,label,Verbatim source label or explicit export label; not a numeric measurement.
mechanism.tuned_cifar100_denominator.epoch_curves,mechanism__tuned_cifar100_denominator__epoch_curves.csv,label,text,label,Verbatim source label or explicit export label; not a numeric measurement.
mechanism.tuned_cifar100_denominator.epoch_curves,mechanism__tuned_cifar100_denominator__epoch_curves.csv,seed,number,seed identifier,"Training random seed, not a sample count."
mechanism.tuned_cifar100_denominator.epoch_curves,mechanism__tuned_cifar100_denominator__epoch_curves.csv,run,text,label,Verbatim source label or explicit export label; not a numeric measurement.
mechanism.tuned_cifar100_denominator.epoch_curves,mechanism__tuned_cifar100_denominator__epoch_curves.csv,epoch,number,epoch,Raw zero-based training epoch index; probe timelines use fractional epochs.
mechanism.tuned_cifar100_denominator.epoch_curves,mechanism__tuned_cifar100_denominator__epoch_curves.csv,test_accuracy_percent,number,percent,Supplied percentage-valued measurement; intervals/ranges are not automatically confidence intervals.
mechanism.tuned_cifar100_denominator.epoch_curves,mechanism__tuned_cifar100_denominator__epoch_curves.csv,train_accuracy_percent,number,percent,Supplied percentage-valued measurement; intervals/ranges are not automatically confidence intervals.
mechanism.tuned_cifar100_denominator.epoch_curves,mechanism__tuned_cifar100_denominator__epoch_curves.csv,source_ids,text,identifier,Join with sources.csv; vertical bars separate multiple source IDs.
mechanism.tuned_cifar100_denominator.epoch_curves,mechanism__tuned_cifar100_denominator__epoch_curves.csv,registered_horizon_epochs,number,epochs,Primary registered endpoint for this accuracy panel.
mechanism.tuned_cifar100_denominator.epoch_curves,mechanism__tuned_cifar100_denominator__epoch_curves.csv,in_registered_plateau5_window,boolean,boolean,True only for the five raw epochs entering the primary endpoint.
mechanism.tuned_cifar100_denominator.epoch_curves,mechanism__tuned_cifar100_denominator__epoch_curves.csv,scope,text,text,Scientific scope and restrictions for this dataset.
mechanism.tuned_cifar100_denominator.epoch_curves,mechanism__tuned_cifar100_denominator__epoch_curves.csv,units,text,text,Units for the numeric metrics in this row; detailed fields are defined here.
mechanism.sign_disagreement.full_61_cut_curve,mechanism__sign_disagreement__full_61_cut_curve.csv,k,number,tensor cut position,Split after the first k of 62 parameter tensors; groups have k and 62-k tensors.
mechanism.sign_disagreement.full_61_cut_curve,mechanism__sign_disagreement__full_61_cut_curve.csv,mode,text,label,Verbatim source label or explicit export label; not a numeric measurement.
mechanism.sign_disagreement.full_61_cut_curve,mechanism__sign_disagreement__full_61_cut_curve.csv,capture_fraction_from_cpk1,number,fraction,Accuracy capture from separate cpk1 means at the 11 measured cuts; blank elsewhere.
mechanism.sign_disagreement.full_61_cut_curve,mechanism__sign_disagreement__full_61_cut_curve.csv,pooled_rate,number,fraction,"Total disagree windows / total determinate windows, pooled over seeds."
mechanism.sign_disagreement.full_61_cut_curve,mechanism__sign_disagreement__full_61_cut_curve.csv,pooled_disagree,number,windows,"Disagreeing reconstructed windows, pooled over three seeds."
mechanism.sign_disagreement.full_61_cut_curve,mechanism__sign_disagreement__full_61_cut_curve.csv,pooled_determinate,number,windows,"Determinate reconstructed windows, pooled over three seeds."
mechanism.sign_disagreement.full_61_cut_curve,mechanism__sign_disagreement__full_61_cut_curve.csv,pooled_indeterminate,number,windows,"Excluded indeterminate reconstructed windows, pooled over three seeds."
mechanism.sign_disagreement.full_61_cut_curve,mechanism__sign_disagreement__full_61_cut_curve.csv,seed_rate_n,number,fraction of determinate windows; counts are windows,Supplied flat evidence field; exact quantity is specified by the dataset metric and scope.
mechanism.sign_disagreement.full_61_cut_curve,mechanism__sign_disagreement__full_61_cut_curve.csv,seed_rate_mean,number,fraction,Unweighted mean of per-seed window rates; can differ from pooled_rate.
mechanism.sign_disagreement.full_61_cut_curve,mechanism__sign_disagreement__full_61_cut_curve.csv,seed_rate_sd,number,fraction,Supplied sample SD across three seed rates; not across windows.
mechanism.sign_disagreement.full_61_cut_curve,mechanism__sign_disagreement__full_61_cut_curve.csv,seed_rate_se,number,fraction,Supplied SE across three seed rates; not across windows.
mechanism.sign_disagreement.full_61_cut_curve,mechanism__sign_disagreement__full_61_cut_curve.csv,seed_rate_min,number,fraction of determinate windows; counts are windows,Supplied flat evidence field; exact quantity is specified by the dataset metric and scope.
mechanism.sign_disagreement.full_61_cut_curve,mechanism__sign_disagreement__full_61_cut_curve.csv,seed_rate_max,number,fraction of determinate windows; counts are windows,Supplied flat evidence field; exact quantity is specified by the dataset metric and scope.
mechanism.sign_disagreement.full_61_cut_curve,mechanism__sign_disagreement__full_61_cut_curve.csv,source_ids,text,identifier,Join with sources.csv; vertical bars separate multiple source IDs.
mechanism.sign_disagreement.full_61_cut_curve,mechanism__sign_disagreement__full_61_cut_curve.csv,scope,text,text,Scientific scope and restrictions for this dataset.
mechanism.sign_disagreement.full_61_cut_curve,mechanism__sign_disagreement__full_61_cut_curve.csv,units,text,text,Units for the numeric metrics in this row; detailed fields are defined here.
mechanism.sign_disagreement.full_61_cut_per_seed,mechanism__sign_disagreement__full_61_cut_per_seed.csv,k,number,tensor cut position,Split after the first k of 62 parameter tensors; groups have k and 62-k tensors.
mechanism.sign_disagreement.full_61_cut_per_seed,mechanism__sign_disagreement__full_61_cut_per_seed.csv,mode,text,label,Verbatim source label or explicit export label; not a numeric measurement.
mechanism.sign_disagreement.full_61_cut_per_seed,mechanism__sign_disagreement__full_61_cut_per_seed.csv,capture_fraction_from_cpk1,number,fraction,Accuracy capture from separate cpk1 means at the 11 measured cuts; blank elsewhere.
mechanism.sign_disagreement.full_61_cut_per_seed,mechanism__sign_disagreement__full_61_cut_per_seed.csv,seed,number,seed identifier,"Training random seed, not a sample count."
mechanism.sign_disagreement.full_61_cut_per_seed,mechanism__sign_disagreement__full_61_cut_per_seed.csv,disagree,number,windows or steps,"Disagreeing observations; full_61_cut_per_seed uses windows, true_m2_crosscheck_61_cuts uses steps."
mechanism.sign_disagreement.full_61_cut_per_seed,mechanism__sign_disagreement__full_61_cut_per_seed.csv,determinate,number,count or boolean,Summary rows count determinate observations; timeline rows mark a determinate aggregate sign.
mechanism.sign_disagreement.full_61_cut_per_seed,mechanism__sign_disagreement__full_61_cut_per_seed.csv,indeterminate,number,windows,Excluded indeterminate reconstructed windows for this seed and cut.
mechanism.sign_disagreement.full_61_cut_per_seed,mechanism__sign_disagreement__full_61_cut_per_seed.csv,rate,number,fraction,Supplied numerator/denominator fraction; blank uncertainty means unavailable.
mechanism.sign_disagreement.full_61_cut_per_seed,mechanism__sign_disagreement__full_61_cut_per_seed.csv,source_ids,text,identifier,Join with sources.csv; vertical bars separate multiple source IDs.
mechanism.sign_disagreement.full_61_cut_per_seed,mechanism__sign_disagreement__full_61_cut_per_seed.csv,scope,text,text,Scientific scope and restrictions for this dataset.
mechanism.sign_disagreement.full_61_cut_per_seed,mechanism__sign_disagreement__full_61_cut_per_seed.csv,units,text,text,Units for the numeric metrics in this row; detailed fields are defined here.
mechanism.sign_disagreement.documented_11_cut_values,mechanism__sign_disagreement__documented_11_cut_values.csv,k,number,tensor cut position,Split after the first k of 62 parameter tensors; groups have k and 62-k tensors.
mechanism.sign_disagreement.documented_11_cut_values,mechanism__sign_disagreement__documented_11_cut_values.csv,documented_pooled_disagreement,number,fraction,Supplied flat evidence field; exact quantity is specified by the dataset metric and scope.
mechanism.sign_disagreement.documented_11_cut_values,mechanism__sign_disagreement__documented_11_cut_values.csv,capture_from_raw_cpk1_means,number,fraction,"Accuracy capture from cpk1 raw accuracy means, not the disagreement probe run."
mechanism.sign_disagreement.documented_11_cut_values,mechanism__sign_disagreement__documented_11_cut_values.csv,sd,all blank / unavailable,fraction,Supplied flat evidence field; exact quantity is specified by the dataset metric and scope.
mechanism.sign_disagreement.documented_11_cut_values,mechanism__sign_disagreement__documented_11_cut_values.csv,se,all blank / unavailable,fraction,Supplied flat evidence field; exact quantity is specified by the dataset metric and scope.
mechanism.sign_disagreement.documented_11_cut_values,mechanism__sign_disagreement__documented_11_cut_values.csv,source_ids,text,identifier,Join with sources.csv; vertical bars separate multiple source IDs.
mechanism.sign_disagreement.documented_11_cut_values,mechanism__sign_disagreement__documented_11_cut_values.csv,scope,text,text,Scientific scope and restrictions for this dataset.
mechanism.sign_disagreement.documented_11_cut_values,mechanism__sign_disagreement__documented_11_cut_values.csv,units,text,text,Units for the numeric metrics in this row; detailed fields are defined here.
mechanism.sign_disagreement.documented_11_cut_per_seed,mechanism__sign_disagreement__documented_11_cut_per_seed.csv,k,number,tensor cut position,Split after the first k of 62 parameter tensors; groups have k and 62-k tensors.
mechanism.sign_disagreement.documented_11_cut_per_seed,mechanism__sign_disagreement__documented_11_cut_per_seed.csv,seed,number,seed identifier,"Training random seed, not a sample count."
mechanism.sign_disagreement.documented_11_cut_per_seed,mechanism__sign_disagreement__documented_11_cut_per_seed.csv,disagreement,number,fraction,Supplied flat evidence field; exact quantity is specified by the dataset metric and scope.
mechanism.sign_disagreement.documented_11_cut_per_seed,mechanism__sign_disagreement__documented_11_cut_per_seed.csv,source_ids,text,identifier,Join with sources.csv; vertical bars separate multiple source IDs.
mechanism.sign_disagreement.documented_11_cut_per_seed,mechanism__sign_disagreement__documented_11_cut_per_seed.csv,scope,text,text,Scientific scope and restrictions for this dataset.
mechanism.sign_disagreement.documented_11_cut_per_seed,mechanism__sign_disagreement__documented_11_cut_per_seed.csv,units,text,text,Units for the numeric metrics in this row; detailed fields are defined here.
mechanism.sign_disagreement.historical_narrative_points,mechanism__sign_disagreement__historical_narrative_points.csv,k,number,tensor cut position,Split after the first k of 62 parameter tensors; groups have k and 62-k tensors.
mechanism.sign_disagreement.historical_narrative_points,mechanism__sign_disagreement__historical_narrative_points.csv,documented_narrative_rate,number,fraction,Supplied flat evidence field; exact quantity is specified by the dataset metric and scope.
mechanism.sign_disagreement.historical_narrative_points,mechanism__sign_disagreement__historical_narrative_points.csv,current_numeric_status,text,label,Verbatim source label or explicit export label; not a numeric measurement.
mechanism.sign_disagreement.historical_narrative_points,mechanism__sign_disagreement__historical_narrative_points.csv,source_ids,text,identifier,Join with sources.csv; vertical bars separate multiple source IDs.
mechanism.sign_disagreement.historical_narrative_points,mechanism__sign_disagreement__historical_narrative_points.csv,scope,text,text,Scientific scope and restrictions for this dataset.
mechanism.sign_disagreement.historical_narrative_points,mechanism__sign_disagreement__historical_narrative_points.csv,units,text,text,Units for the numeric metrics in this row; detailed fields are defined here.
mechanism.sign_disagreement.location_statistics,mechanism__sign_disagreement__location_statistics.csv,statistic,text,label,Verbatim source label or explicit export label; not a numeric measurement.
mechanism.sign_disagreement.location_statistics,mechanism__sign_disagreement__location_statistics.csv,value,number,see row units,Supplied flat evidence field; exact quantity is specified by the dataset metric and scope.
mechanism.sign_disagreement.location_statistics,mechanism__sign_disagreement__location_statistics.csv,units,text,text,Units for the numeric metrics in this row; detailed fields are defined here.
mechanism.sign_disagreement.location_statistics,mechanism__sign_disagreement__location_statistics.csv,scope,text,text,Scientific scope and restrictions for this dataset.
mechanism.sign_disagreement.location_statistics,mechanism__sign_disagreement__location_statistics.csv,source_ids,text,identifier,Join with sources.csv; vertical bars separate multiple source IDs.
mechanism.sign_disagreement.location_statistics,mechanism__sign_disagreement__location_statistics.csv,mode,text,label,Verbatim source label or explicit export label; not a numeric measurement.
mechanism.sign_disagreement.location_statistics,mechanism__sign_disagreement__location_statistics.csv,seed,number,seed identifier,"Training random seed, not a sample count."
mechanism.sign_disagreement.true_m2_crosscheck_61_cuts,mechanism__sign_disagreement__true_m2_crosscheck_61_cuts.csv,batch,text,label,Verbatim source label or explicit export label; not a numeric measurement.
mechanism.sign_disagreement.true_m2_crosscheck_61_cuts,mechanism__sign_disagreement__true_m2_crosscheck_61_cuts.csv,seed,number,seed identifier,"Training random seed, not a sample count."
mechanism.sign_disagreement.true_m2_crosscheck_61_cuts,mechanism__sign_disagreement__true_m2_crosscheck_61_cuts.csv,n_seeds,number,training seeds,Sample count explicitly supplied or explicitly stated in input scope; blank for analytic/null rows.
mechanism.sign_disagreement.true_m2_crosscheck_61_cuts,mechanism__sign_disagreement__true_m2_crosscheck_61_cuts.csv,executed_partition_k,number,tensor cut position,Only this partition was directly executed for the cross-check.
mechanism.sign_disagreement.true_m2_crosscheck_61_cuts,mechanism__sign_disagreement__true_m2_crosscheck_61_cuts.csv,is_executed_partition,boolean,boolean,True only for k=49 in the true-m2 cross-check.
mechanism.sign_disagreement.true_m2_crosscheck_61_cuts,mechanism__sign_disagreement__true_m2_crosscheck_61_cuts.csv,k,number,tensor cut position,Split after the first k of 62 parameter tensors; groups have k and 62-k tensors.
mechanism.sign_disagreement.true_m2_crosscheck_61_cuts,mechanism__sign_disagreement__true_m2_crosscheck_61_cuts.csv,disagree,number,windows or steps,"Disagreeing observations; full_61_cut_per_seed uses windows, true_m2_crosscheck_61_cuts uses steps."
mechanism.sign_disagreement.true_m2_crosscheck_61_cuts,mechanism__sign_disagreement__true_m2_crosscheck_61_cuts.csv,determinate,number,count or boolean,Summary rows count determinate observations; timeline rows mark a determinate aggregate sign.
mechanism.sign_disagreement.true_m2_crosscheck_61_cuts,mechanism__sign_disagreement__true_m2_crosscheck_61_cuts.csv,rate,number,fraction,Supplied numerator/denominator fraction; blank uncertainty means unavailable.
mechanism.sign_disagreement.true_m2_crosscheck_61_cuts,mechanism__sign_disagreement__true_m2_crosscheck_61_cuts.csv,window_disagree,number,windows,Disagreeing 100-meta-step windows in the 12-epoch cross-check.
mechanism.sign_disagreement.true_m2_crosscheck_61_cuts,mechanism__sign_disagreement__true_m2_crosscheck_61_cuts.csv,window_determinate,number,windows,Determinate 100-meta-step windows in the 12-epoch cross-check.
mechanism.sign_disagreement.true_m2_crosscheck_61_cuts,mechanism__sign_disagreement__true_m2_crosscheck_61_cuts.csv,window_rate,number,fraction,Supplied numerator/denominator fraction; blank uncertainty means unavailable.
mechanism.sign_disagreement.true_m2_crosscheck_61_cuts,mechanism__sign_disagreement__true_m2_crosscheck_61_cuts.csv,source_ids,text,identifier,Join with sources.csv; vertical bars separate multiple source IDs.
mechanism.sign_disagreement.true_m2_crosscheck_61_cuts,mechanism__sign_disagreement__true_m2_crosscheck_61_cuts.csv,scope,text,text,Scientific scope and restrictions for this dataset.
mechanism.sign_disagreement.true_m2_crosscheck_61_cuts,mechanism__sign_disagreement__true_m2_crosscheck_61_cuts.csv,units,text,text,Units for the numeric metrics in this row; detailed fields are defined here.
mechanism.sign_disagreement.true_m2_crosscheck_summary,mechanism__sign_disagreement__true_m2_crosscheck_summary.csv,batch,text,label,Verbatim source label or explicit export label; not a numeric measurement.
mechanism.sign_disagreement.true_m2_crosscheck_summary,mechanism__sign_disagreement__true_m2_crosscheck_summary.csv,seed,number,seed identifier,"Training random seed, not a sample count."
mechanism.sign_disagreement.true_m2_crosscheck_summary,mechanism__sign_disagreement__true_m2_crosscheck_summary.csv,epochs,number,epochs,Completed training-epoch budget for the descriptive cross-check.
mechanism.sign_disagreement.true_m2_crosscheck_summary,mechanism__sign_disagreement__true_m2_crosscheck_summary.csv,steps,number,meta steps,"All logged steps, including indeterminate steps."
mechanism.sign_disagreement.true_m2_crosscheck_summary,mechanism__sign_disagreement__true_m2_crosscheck_summary.csv,disagree_steps,number,meta steps,Count of disagreeing determinate meta steps in the executed cross-check partition.
mechanism.sign_disagreement.true_m2_crosscheck_summary,mechanism__sign_disagreement__true_m2_crosscheck_summary.csv,determinate_steps,number,meta steps,Denominator excluding one zero-aggregate step.
mechanism.sign_disagreement.true_m2_crosscheck_summary,mechanism__sign_disagreement__true_m2_crosscheck_summary.csv,indeterminate_steps,number,meta steps,Excluded zero-aggregate steps.
mechanism.sign_disagreement.true_m2_crosscheck_summary,mechanism__sign_disagreement__true_m2_crosscheck_summary.csv,fraction,number,fraction,"Disagree_steps / determinate_steps in the executed [49,13] cross-check."
mechanism.sign_disagreement.true_m2_crosscheck_summary,mechanism__sign_disagreement__true_m2_crosscheck_summary.csv,fraction_of_all_steps,number,fraction,"Disagree_steps / all logged steps, retained beside the determinate-denominator rate."
mechanism.sign_disagreement.true_m2_crosscheck_summary,mechanism__sign_disagreement__true_m2_crosscheck_summary.csv,true_partition_k,number,tensor cut position,Directly executed split position; other k values virtually regroup the recorded trajectory.
mechanism.sign_disagreement.true_m2_crosscheck_summary,mechanism__sign_disagreement__true_m2_crosscheck_summary.csv,sd,all blank / unavailable,fraction; step counts; epochs,Supplied flat evidence field; exact quantity is specified by the dataset metric and scope.
mechanism.sign_disagreement.true_m2_crosscheck_summary,mechanism__sign_disagreement__true_m2_crosscheck_summary.csv,se,all blank / unavailable,fraction; step counts; epochs,Supplied flat evidence field; exact quantity is specified by the dataset metric and scope.
mechanism.sign_disagreement.true_m2_crosscheck_summary,mechanism__sign_disagreement__true_m2_crosscheck_summary.csv,denominator_correction,text,label,Verbatim source label or explicit export label; not a numeric measurement.
mechanism.sign_disagreement.true_m2_crosscheck_summary,mechanism__sign_disagreement__true_m2_crosscheck_summary.csv,n_seeds,number,training seeds,Sample count explicitly supplied or explicitly stated in input scope; blank for analytic/null rows.
mechanism.sign_disagreement.true_m2_crosscheck_summary,mechanism__sign_disagreement__true_m2_crosscheck_summary.csv,partition_first_tensor_count,number,fraction; step counts; epochs,Supplied flat evidence field; exact quantity is specified by the dataset metric and scope.
mechanism.sign_disagreement.true_m2_crosscheck_summary,mechanism__sign_disagreement__true_m2_crosscheck_summary.csv,partition_second_tensor_count,number,fraction; step counts; epochs,Supplied flat evidence field; exact quantity is specified by the dataset metric and scope.
mechanism.sign_disagreement.true_m2_crosscheck_summary,mechanism__sign_disagreement__true_m2_crosscheck_summary.csv,source_ids,text,identifier,Join with sources.csv; vertical bars separate multiple source IDs.
mechanism.sign_disagreement.true_m2_crosscheck_summary,mechanism__sign_disagreement__true_m2_crosscheck_summary.csv,scope,text,text,Scientific scope and restrictions for this dataset.
mechanism.sign_disagreement.true_m2_crosscheck_summary,mechanism__sign_disagreement__true_m2_crosscheck_summary.csv,units,text,text,Units for the numeric metrics in this row; detailed fields are defined here.
mechanism.tensor_sign_carriers.pinned_tensor_summary,mechanism__tensor_sign_carriers__pinned_tensor_summary.csv,index_1based,number,1-based index,Index uses the convention stated in the column name.
mechanism.tensor_sign_carriers.pinned_tensor_summary,mechanism__tensor_sign_carriers__pinned_tensor_summary.csv,name,text,label,Verbatim source label or explicit export label; not a numeric measurement.
mechanism.tensor_sign_carriers.pinned_tensor_summary,mechanism__tensor_sign_carriers__pinned_tensor_summary.csv,numel,number,count,"Tensor, group, coordinate, or block count as named; do not interchange tensor count and coordinate mass."
mechanism.tensor_sign_carriers.pinned_tensor_summary,mechanism__tensor_sign_carriers__pinned_tensor_summary.csv,carrier,boolean,boolean,True for one of the three empirically identified BN-scale carrier tensors.
mechanism.tensor_sign_carriers.pinned_tensor_summary,mechanism__tensor_sign_carriers__pinned_tensor_summary.csv,originally_named,boolean,boolean,"True for a tensor named in the original, subsequently refuted carrier hypothesis."
mechanism.tensor_sign_carriers.pinned_tensor_summary,mechanism__tensor_sign_carriers__pinned_tensor_summary.csv,signed_L_n,number,training seeds,Supplied statistic across scalar pinned-phase per-seed tensor means. Positive L lowers beta.
mechanism.tensor_sign_carriers.pinned_tensor_summary,mechanism__tensor_sign_carriers__pinned_tensor_summary.csv,signed_L_mean,number,Lion direction units,Supplied statistic across scalar pinned-phase per-seed tensor means. Positive L lowers beta.
mechanism.tensor_sign_carriers.pinned_tensor_summary,mechanism__tensor_sign_carriers__pinned_tensor_summary.csv,signed_L_sd,number,Lion direction units,Supplied statistic across scalar pinned-phase per-seed tensor means. Positive L lowers beta.
mechanism.tensor_sign_carriers.pinned_tensor_summary,mechanism__tensor_sign_carriers__pinned_tensor_summary.csv,signed_L_se,number,Lion direction units,Supplied statistic across scalar pinned-phase per-seed tensor means. Positive L lowers beta.
mechanism.tensor_sign_carriers.pinned_tensor_summary,mechanism__tensor_sign_carriers__pinned_tensor_summary.csv,signed_L_min,number,Lion direction units,Supplied statistic across scalar pinned-phase per-seed tensor means. Positive L lowers beta.
mechanism.tensor_sign_carriers.pinned_tensor_summary,mechanism__tensor_sign_carriers__pinned_tensor_summary.csv,signed_L_max,number,Lion direction units,Supplied statistic across scalar pinned-phase per-seed tensor means. Positive L lowers beta.
mechanism.tensor_sign_carriers.pinned_tensor_summary,mechanism__tensor_sign_carriers__pinned_tensor_summary.csv,absolute_L_n,number,training seeds,Supplied statistic across scalar pinned-phase per-seed tensor means. Positive L lowers beta.
mechanism.tensor_sign_carriers.pinned_tensor_summary,mechanism__tensor_sign_carriers__pinned_tensor_summary.csv,absolute_L_mean,number,Lion direction units,Supplied statistic across scalar pinned-phase per-seed tensor means. Positive L lowers beta.
mechanism.tensor_sign_carriers.pinned_tensor_summary,mechanism__tensor_sign_carriers__pinned_tensor_summary.csv,absolute_L_sd,number,Lion direction units,Supplied statistic across scalar pinned-phase per-seed tensor means. Positive L lowers beta.
mechanism.tensor_sign_carriers.pinned_tensor_summary,mechanism__tensor_sign_carriers__pinned_tensor_summary.csv,absolute_L_se,number,Lion direction units,Supplied statistic across scalar pinned-phase per-seed tensor means. Positive L lowers beta.
mechanism.tensor_sign_carriers.pinned_tensor_summary,mechanism__tensor_sign_carriers__pinned_tensor_summary.csv,absolute_L_min,number,Lion direction units,Supplied statistic across scalar pinned-phase per-seed tensor means. Positive L lowers beta.
mechanism.tensor_sign_carriers.pinned_tensor_summary,mechanism__tensor_sign_carriers__pinned_tensor_summary.csv,absolute_L_max,number,Lion direction units,Supplied statistic across scalar pinned-phase per-seed tensor means. Positive L lowers beta.
mechanism.tensor_sign_carriers.pinned_tensor_summary,mechanism__tensor_sign_carriers__pinned_tensor_summary.csv,source_ids,text,identifier,Join with sources.csv; vertical bars separate multiple source IDs.
mechanism.tensor_sign_carriers.pinned_tensor_summary,mechanism__tensor_sign_carriers__pinned_tensor_summary.csv,scope,text,text,Scientific scope and restrictions for this dataset.
mechanism.tensor_sign_carriers.pinned_tensor_summary,mechanism__tensor_sign_carriers__pinned_tensor_summary.csv,units,text,text,Units for the numeric metrics in this row; detailed fields are defined here.
mechanism.tensor_sign_carriers.per_seed_tensor_phases,mechanism__tensor_sign_carriers__per_seed_tensor_phases.csv,arm,text,label,Verbatim source label or explicit export label; not a numeric measurement.
mechanism.tensor_sign_carriers.per_seed_tensor_phases,mechanism__tensor_sign_carriers__per_seed_tensor_phases.csv,seed,number,seed identifier,"Training random seed, not a sample count."
mechanism.tensor_sign_carriers.per_seed_tensor_phases,mechanism__tensor_sign_carriers__per_seed_tensor_phases.csv,n_probe_records,number,probe records,"Total recorded observations for this probe run, before any phase selection."
mechanism.tensor_sign_carriers.per_seed_tensor_phases,mechanism__tensor_sign_carriers__per_seed_tensor_phases.csv,source_ids,text,identifier,Join with sources.csv; vertical bars separate multiple source IDs.
mechanism.tensor_sign_carriers.per_seed_tensor_phases,mechanism__tensor_sign_carriers__per_seed_tensor_phases.csv,index_1based,number,1-based index,Index uses the convention stated in the column name.
mechanism.tensor_sign_carriers.per_seed_tensor_phases,mechanism__tensor_sign_carriers__per_seed_tensor_phases.csv,name,text,label,Verbatim source label or explicit export label; not a numeric measurement.
mechanism.tensor_sign_carriers.per_seed_tensor_phases,mechanism__tensor_sign_carriers__per_seed_tensor_phases.csv,numel,number,count,"Tensor, group, coordinate, or block count as named; do not interchange tensor count and coordinate mass."
mechanism.tensor_sign_carriers.per_seed_tensor_phases,mechanism__tensor_sign_carriers__per_seed_tensor_phases.csv,carrier,boolean,boolean,True for one of the three empirically identified BN-scale carrier tensors.
mechanism.tensor_sign_carriers.per_seed_tensor_phases,mechanism__tensor_sign_carriers__per_seed_tensor_phases.csv,originally_named,boolean,boolean,"True for a tensor named in the original, subsequently refuted carrier hypothesis."
mechanism.tensor_sign_carriers.per_seed_tensor_phases,mechanism__tensor_sign_carriers__per_seed_tensor_phases.csv,phase,text,label,Scalar all/pinned/unpinned or layerwise all; no physical layerwise unpinned phase is inferred.
mechanism.tensor_sign_carriers.per_seed_tensor_phases,mechanism__tensor_sign_carriers__per_seed_tensor_phases.csv,n_records,number,probe records,"Number of recorded observations, not independent training replicates."
mechanism.tensor_sign_carriers.per_seed_tensor_phases,mechanism__tensor_sign_carriers__per_seed_tensor_phases.csv,mean_signed_L,number,Lion direction units; vote fractions; record counts,Supplied flat evidence field; exact quantity is specified by the dataset metric and scope.
mechanism.tensor_sign_carriers.per_seed_tensor_phases,mechanism__tensor_sign_carriers__per_seed_tensor_phases.csv,mean_absolute_L,number,Lion direction units; vote fractions; record counts,Supplied flat evidence field; exact quantity is specified by the dataset metric and scope.
mechanism.tensor_sign_carriers.per_seed_tensor_phases,mechanism__tensor_sign_carriers__per_seed_tensor_phases.csv,median_absolute_L,number,Lion direction units; vote fractions; record counts,Supplied flat evidence field; exact quantity is specified by the dataset metric and scope.
mechanism.tensor_sign_carriers.per_seed_tensor_phases,mechanism__tensor_sign_carriers__per_seed_tensor_phases.csv,down_vote_fraction,number,fraction,Supplied numerator/denominator fraction; blank uncertainty means unavailable.
mechanism.tensor_sign_carriers.per_seed_tensor_phases,mechanism__tensor_sign_carriers__per_seed_tensor_phases.csv,up_vote_fraction,number,fraction,Supplied numerator/denominator fraction; blank uncertainty means unavailable.
mechanism.tensor_sign_carriers.per_seed_tensor_phases,mechanism__tensor_sign_carriers__per_seed_tensor_phases.csv,scope,text,text,Scientific scope and restrictions for this dataset.
mechanism.tensor_sign_carriers.per_seed_tensor_phases,mechanism__tensor_sign_carriers__per_seed_tensor_phases.csv,units,text,text,Units for the numeric metrics in this row; detailed fields are defined here.
mechanism.tensor_sign_carriers.scalar_timelines,mechanism__tensor_sign_carriers__scalar_timelines.csv,arm,text,label,Verbatim source label or explicit export label; not a numeric measurement.
mechanism.tensor_sign_carriers.scalar_timelines,mechanism__tensor_sign_carriers__scalar_timelines.csv,seed,number,seed identifier,"Training random seed, not a sample count."
mechanism.tensor_sign_carriers.scalar_timelines,mechanism__tensor_sign_carriers__scalar_timelines.csv,n_probe_records,number,probe records,"Total recorded observations for this probe run, before any phase selection."
mechanism.tensor_sign_carriers.scalar_timelines,mechanism__tensor_sign_carriers__scalar_timelines.csv,source_ids,text,identifier,Join with sources.csv; vertical bars separate multiple source IDs.
mechanism.tensor_sign_carriers.scalar_timelines,mechanism__tensor_sign_carriers__scalar_timelines.csv,step,number,meta step,"Recorded meta-step index, not an independent seed."
mechanism.tensor_sign_carriers.scalar_timelines,mechanism__tensor_sign_carriers__scalar_timelines.csv,epoch,number,epoch,Raw zero-based training epoch index; probe timelines use fractional epochs.
mechanism.tensor_sign_carriers.scalar_timelines,mechanism__tensor_sign_carriers__scalar_timelines.csv,beta,number,natural log step size,Supplied beta trajectory statistic; beta is log(alpha).
mechanism.tensor_sign_carriers.scalar_timelines,mechanism__tensor_sign_carriers__scalar_timelines.csv,L_aggregate,number,Lion direction units; beta natural log; epoch and step,Supplied flat evidence field; exact quantity is specified by the dataset metric and scope.
mechanism.tensor_sign_carriers.scalar_timelines,mechanism__tensor_sign_carriers__scalar_timelines.csv,carrier_L_sum,number,Lion direction units; beta natural log; epoch and step,Supplied flat evidence field; exact quantity is specified by the dataset metric and scope.
mechanism.tensor_sign_carriers.scalar_timelines,mechanism__tensor_sign_carriers__scalar_timelines.csv,remaining_L_sum,number,Lion direction units; beta natural log; epoch and step,Supplied flat evidence field; exact quantity is specified by the dataset metric and scope.
mechanism.tensor_sign_carriers.scalar_timelines,mechanism__tensor_sign_carriers__scalar_timelines.csv,remaining_absolute_L_sum,number,Lion direction units; beta natural log; epoch and step,Supplied flat evidence field; exact quantity is specified by the dataset metric and scope.
mechanism.tensor_sign_carriers.scalar_timelines,mechanism__tensor_sign_carriers__scalar_timelines.csv,carriers_strictly_dominate,boolean,boolean,Carrier sum exceeds sum(abs(remaining terms)); separate from sign-removal test.
mechanism.tensor_sign_carriers.scalar_timelines,mechanism__tensor_sign_carriers__scalar_timelines.csv,removal_flips_sign,boolean,boolean,Removing the three carrier terms reverses the aggregate sign.
mechanism.tensor_sign_carriers.scalar_timelines,mechanism__tensor_sign_carriers__scalar_timelines.csv,pinned,boolean,boolean,Scalar beta is at the lower rail under the source's pinning criterion.
mechanism.tensor_sign_carriers.scalar_timelines,mechanism__tensor_sign_carriers__scalar_timelines.csv,determinate,boolean,count or boolean,Summary rows count determinate observations; timeline rows mark a determinate aggregate sign.
mechanism.tensor_sign_carriers.scalar_timelines,mechanism__tensor_sign_carriers__scalar_timelines.csv,disagree_with_tensor_count,boolean,boolean,Scalar aggregate direction disagrees with the tensor-count vote.
mechanism.tensor_sign_carriers.scalar_timelines,mechanism__tensor_sign_carriers__scalar_timelines.csv,scope,text,text,Scientific scope and restrictions for this dataset.
mechanism.tensor_sign_carriers.scalar_timelines,mechanism__tensor_sign_carriers__scalar_timelines.csv,units,text,text,Units for the numeric metrics in this row; detailed fields are defined here.
mechanism.tensor_sign_carriers.scalar_seed_summary,mechanism__tensor_sign_carriers__scalar_seed_summary.csv,arm,text,label,Verbatim source label or explicit export label; not a numeric measurement.
mechanism.tensor_sign_carriers.scalar_seed_summary,mechanism__tensor_sign_carriers__scalar_seed_summary.csv,seed,number,seed identifier,"Training random seed, not a sample count."
mechanism.tensor_sign_carriers.scalar_seed_summary,mechanism__tensor_sign_carriers__scalar_seed_summary.csv,n_probe_records,number,probe records,"Total recorded observations for this probe run, before any phase selection."
mechanism.tensor_sign_carriers.scalar_seed_summary,mechanism__tensor_sign_carriers__scalar_seed_summary.csv,source_ids,text,identifier,Join with sources.csv; vertical bars separate multiple source IDs.
mechanism.tensor_sign_carriers.scalar_seed_summary,mechanism__tensor_sign_carriers__scalar_seed_summary.csv,determinate,number,count or boolean,Summary rows count determinate observations; timeline rows mark a determinate aggregate sign.
mechanism.tensor_sign_carriers.scalar_seed_summary,mechanism__tensor_sign_carriers__scalar_seed_summary.csv,disagreement,number,fractions and record counts,Supplied flat evidence field; exact quantity is specified by the dataset metric and scope.
mechanism.tensor_sign_carriers.scalar_seed_summary,mechanism__tensor_sign_carriers__scalar_seed_summary.csv,R_T,number,fraction,Supplied numerator/denominator fraction; blank uncertainty means unavailable.
mechanism.tensor_sign_carriers.scalar_seed_summary,mechanism__tensor_sign_carriers__scalar_seed_summary.csv,pinned_records,number,fractions and record counts,Supplied flat evidence field; exact quantity is specified by the dataset metric and scope.
mechanism.tensor_sign_carriers.scalar_seed_summary,mechanism__tensor_sign_carriers__scalar_seed_summary.csv,pinned_determinate,number,fractions and record counts,Supplied flat evidence field; exact quantity is specified by the dataset metric and scope.
mechanism.tensor_sign_carriers.scalar_seed_summary,mechanism__tensor_sign_carriers__scalar_seed_summary.csv,pinned_disagreement,number,fractions and record counts,Supplied flat evidence field; exact quantity is specified by the dataset metric and scope.
mechanism.tensor_sign_carriers.scalar_seed_summary,mechanism__tensor_sign_carriers__scalar_seed_summary.csv,pinned_aggregate_negative,number,fractions and record counts,Supplied flat evidence field; exact quantity is specified by the dataset metric and scope.
mechanism.tensor_sign_carriers.scalar_seed_summary,mechanism__tensor_sign_carriers__scalar_seed_summary.csv,pinned_strict_carrier_domination_fraction,number,fraction,Supplied numerator/denominator fraction; blank uncertainty means unavailable.
mechanism.tensor_sign_carriers.scalar_seed_summary,mechanism__tensor_sign_carriers__scalar_seed_summary.csv,pinned_removal_flips_fraction,number,fraction,Supplied numerator/denominator fraction; blank uncertainty means unavailable.
mechanism.tensor_sign_carriers.scalar_seed_summary,mechanism__tensor_sign_carriers__scalar_seed_summary.csv,scope,text,text,Scientific scope and restrictions for this dataset.
mechanism.tensor_sign_carriers.scalar_seed_summary,mechanism__tensor_sign_carriers__scalar_seed_summary.csv,units,text,text,Units for the numeric metrics in this row; detailed fields are defined here.
mechanism.tensor_sign_carriers.layerwise_own_beta,mechanism__tensor_sign_carriers__layerwise_own_beta.csv,arm,text,label,Verbatim source label or explicit export label; not a numeric measurement.
mechanism.tensor_sign_carriers.layerwise_own_beta,mechanism__tensor_sign_carriers__layerwise_own_beta.csv,seed,number,seed identifier,"Training random seed, not a sample count."
mechanism.tensor_sign_carriers.layerwise_own_beta,mechanism__tensor_sign_carriers__layerwise_own_beta.csv,n_probe_records,number,probe records,"Total recorded observations for this probe run, before any phase selection."
mechanism.tensor_sign_carriers.layerwise_own_beta,mechanism__tensor_sign_carriers__layerwise_own_beta.csv,source_ids,text,identifier,Join with sources.csv; vertical bars separate multiple source IDs.
mechanism.tensor_sign_carriers.layerwise_own_beta,mechanism__tensor_sign_carriers__layerwise_own_beta.csv,index_1based,number,1-based index,Index uses the convention stated in the column name.
mechanism.tensor_sign_carriers.layerwise_own_beta,mechanism__tensor_sign_carriers__layerwise_own_beta.csv,name,text,label,Verbatim source label or explicit export label; not a numeric measurement.
mechanism.tensor_sign_carriers.layerwise_own_beta,mechanism__tensor_sign_carriers__layerwise_own_beta.csv,numel,number,count,"Tensor, group, coordinate, or block count as named; do not interchange tensor count and coordinate mass."
mechanism.tensor_sign_carriers.layerwise_own_beta,mechanism__tensor_sign_carriers__layerwise_own_beta.csv,carrier,boolean,boolean,True for one of the three empirically identified BN-scale carrier tensors.
mechanism.tensor_sign_carriers.layerwise_own_beta,mechanism__tensor_sign_carriers__layerwise_own_beta.csv,originally_named,boolean,boolean,"True for a tensor named in the original, subsequently refuted carrier hypothesis."
mechanism.tensor_sign_carriers.layerwise_own_beta,mechanism__tensor_sign_carriers__layerwise_own_beta.csv,own_beta_terminal,number,natural log step size,Supplied beta trajectory statistic; beta is log(alpha).
mechanism.tensor_sign_carriers.layerwise_own_beta,mechanism__tensor_sign_carriers__layerwise_own_beta.csv,own_beta_min,number,natural log step size,Supplied beta trajectory statistic; beta is log(alpha).
mechanism.tensor_sign_carriers.layerwise_own_beta,mechanism__tensor_sign_carriers__layerwise_own_beta.csv,own_beta_pin_fraction,number,fraction,Supplied beta trajectory statistic; beta is log(alpha).
mechanism.tensor_sign_carriers.layerwise_own_beta,mechanism__tensor_sign_carriers__layerwise_own_beta.csv,scope,text,text,Scientific scope and restrictions for this dataset.
mechanism.tensor_sign_carriers.layerwise_own_beta,mechanism__tensor_sign_carriers__layerwise_own_beta.csv,units,text,text,Units for the numeric metrics in this row; detailed fields are defined here.
mechanism.tensor_sign_carriers.pooled_summary,mechanism__tensor_sign_carriers__pooled_summary.csv,R_T,number,fraction,Supplied numerator/denominator fraction; blank uncertainty means unavailable.
mechanism.tensor_sign_carriers.pooled_summary,mechanism__tensor_sign_carriers__pooled_summary.csv,determinate_records,number,"fractions, record counts, parameter coordinates",Supplied flat evidence field; exact quantity is specified by the dataset metric and scope.
mechanism.tensor_sign_carriers.pooled_summary,mechanism__tensor_sign_carriers__pooled_summary.csv,disagreement_records,number,"fractions, record counts, parameter coordinates",Supplied flat evidence field; exact quantity is specified by the dataset metric and scope.
mechanism.tensor_sign_carriers.pooled_summary,mechanism__tensor_sign_carriers__pooled_summary.csv,pinned_determinate,number,"fractions, record counts, parameter coordinates",Supplied flat evidence field; exact quantity is specified by the dataset metric and scope.
mechanism.tensor_sign_carriers.pooled_summary,mechanism__tensor_sign_carriers__pooled_summary.csv,pinned_disagreement,number,"fractions, record counts, parameter coordinates",Supplied flat evidence field; exact quantity is specified by the dataset metric and scope.
mechanism.tensor_sign_carriers.pooled_summary,mechanism__tensor_sign_carriers__pooled_summary.csv,pinned_R_T,number,fraction,Supplied numerator/denominator fraction; blank uncertainty means unavailable.
mechanism.tensor_sign_carriers.pooled_summary,mechanism__tensor_sign_carriers__pooled_summary.csv,pinned_fraction_of_determinate,number,"fractions, record counts, parameter coordinates",Supplied flat evidence field; exact quantity is specified by the dataset metric and scope.
mechanism.tensor_sign_carriers.pooled_summary,mechanism__tensor_sign_carriers__pooled_summary.csv,pinned_aggregate_negative,number,"fractions, record counts, parameter coordinates",Supplied flat evidence field; exact quantity is specified by the dataset metric and scope.
mechanism.tensor_sign_carriers.pooled_summary,mechanism__tensor_sign_carriers__pooled_summary.csv,total_parameters,number,count,"Tensor, group, coordinate, or block count as named; do not interchange tensor count and coordinate mass."
mechanism.tensor_sign_carriers.pooled_summary,mechanism__tensor_sign_carriers__pooled_summary.csv,carrier_parameters,number,count,"Tensor, group, coordinate, or block count as named; do not interchange tensor count and coordinate mass."
mechanism.tensor_sign_carriers.pooled_summary,mechanism__tensor_sign_carriers__pooled_summary.csv,n_scalar_seeds,number,"fractions, record counts, parameter coordinates",Supplied flat evidence field; exact quantity is specified by the dataset metric and scope.
mechanism.tensor_sign_carriers.pooled_summary,mechanism__tensor_sign_carriers__pooled_summary.csv,source_ids,text,identifier,Join with sources.csv; vertical bars separate multiple source IDs.
mechanism.tensor_sign_carriers.pooled_summary,mechanism__tensor_sign_carriers__pooled_summary.csv,scope,text,text,Scientific scope and restrictions for this dataset.
mechanism.tensor_sign_carriers.pooled_summary,mechanism__tensor_sign_carriers__pooled_summary.csv,units,text,text,Units for the numeric metrics in this row; detailed fields are defined here.
mechanism.rate_shape_documented.fit_summary,mechanism__rate_shape_documented__fit_summary.csv,arm,text,label,Verbatim source label or explicit export label; not a numeric measurement.
mechanism.rate_shape_documented.fit_summary,mechanism__rate_shape_documented__fit_summary.csv,mean_tau,number,epochs,Printed retrospective fitted timescale mean; not a measured asymptote.
mechanism.rate_shape_documented.fit_summary,mechanism__rate_shape_documented__fit_summary.csv,sd_tau,number,epochs,Printed SD of fitted tau across three seeds; no SE is inferred.
mechanism.rate_shape_documented.fit_summary,mechanism__rate_shape_documented__fit_summary.csv,rho25,number,dimensionless,"Normalized hitting time, or registered contrast in normalized hitting time; supplied historical precision."
mechanism.rate_shape_documented.fit_summary,mechanism__rate_shape_documented__fit_summary.csv,rho50,number,dimensionless,"Normalized hitting time, or registered contrast in normalized hitting time; supplied historical precision."
mechanism.rate_shape_documented.fit_summary,mechanism__rate_shape_documented__fit_summary.csv,rho75,number,dimensionless,"Normalized hitting time, or registered contrast in normalized hitting time; supplied historical precision."
mechanism.rate_shape_documented.fit_summary,mechanism__rate_shape_documented__fit_summary.csv,rho90,number,dimensionless,"Normalized hitting time, or registered contrast in normalized hitting time; supplied historical precision."
mechanism.rate_shape_documented.fit_summary,mechanism__rate_shape_documented__fit_summary.csv,n_seeds,number,training seeds,Sample count explicitly supplied or explicitly stated in input scope; blank for analytic/null rows.
mechanism.rate_shape_documented.fit_summary,mechanism__rate_shape_documented__fit_summary.csv,source_ids,text,identifier,Join with sources.csv; vertical bars separate multiple source IDs.
mechanism.rate_shape_documented.fit_summary,mechanism__rate_shape_documented__fit_summary.csv,scope,text,text,Scientific scope and restrictions for this dataset.
mechanism.rate_shape_documented.fit_summary,mechanism__rate_shape_documented__fit_summary.csv,units,text,text,Units for the numeric metrics in this row; detailed fields are defined here.
mechanism.rate_shape_documented.registered_shape_contrast,mechanism__rate_shape_documented__registered_shape_contrast.csv,rho90_difference,number,dimensionless,"Normalized hitting time, or registered contrast in normalized hitting time; supplied historical precision."
mechanism.rate_shape_documented.registered_shape_contrast,mechanism__rate_shape_documented__registered_shape_contrast.csv,rho90_registered_bar,number,dimensionless,"Normalized hitting time, or registered contrast in normalized hitting time; supplied historical precision."
mechanism.rate_shape_documented.registered_shape_contrast,mechanism__rate_shape_documented__registered_shape_contrast.csv,difference_in_bars,number,dimensionless,Supplied flat evidence field; exact quantity is specified by the dataset metric and scope.
mechanism.rate_shape_documented.registered_shape_contrast,mechanism__rate_shape_documented__registered_shape_contrast.csv,source_ids,text,identifier,Join with sources.csv; vertical bars separate multiple source IDs.
mechanism.rate_shape_documented.registered_shape_contrast,mechanism__rate_shape_documented__registered_shape_contrast.csv,scope,text,text,Scientific scope and restrictions for this dataset.
mechanism.rate_shape_documented.registered_shape_contrast,mechanism__rate_shape_documented__registered_shape_contrast.csv,units,text,text,Units for the numeric metrics in this row; detailed fields are defined here.
mechanism.rate_shape_documented.raw_epoch_curves,mechanism__rate_shape_documented__raw_epoch_curves.csv,batch,text,label,Verbatim source label or explicit export label; not a numeric measurement.
mechanism.rate_shape_documented.raw_epoch_curves,mechanism__rate_shape_documented__raw_epoch_curves.csv,arm,text,label,Verbatim source label or explicit export label; not a numeric measurement.
mechanism.rate_shape_documented.raw_epoch_curves,mechanism__rate_shape_documented__raw_epoch_curves.csv,label,text,label,Verbatim source label or explicit export label; not a numeric measurement.
mechanism.rate_shape_documented.raw_epoch_curves,mechanism__rate_shape_documented__raw_epoch_curves.csv,seed,number,seed identifier,"Training random seed, not a sample count."
mechanism.rate_shape_documented.raw_epoch_curves,mechanism__rate_shape_documented__raw_epoch_curves.csv,run,text,label,Verbatim source label or explicit export label; not a numeric measurement.
mechanism.rate_shape_documented.raw_epoch_curves,mechanism__rate_shape_documented__raw_epoch_curves.csv,epoch,number,epoch,Raw zero-based training epoch index; probe timelines use fractional epochs.
mechanism.rate_shape_documented.raw_epoch_curves,mechanism__rate_shape_documented__raw_epoch_curves.csv,test_accuracy_percent,number,percent,Supplied percentage-valued measurement; intervals/ranges are not automatically confidence intervals.
mechanism.rate_shape_documented.raw_epoch_curves,mechanism__rate_shape_documented__raw_epoch_curves.csv,train_accuracy_percent,number,percent,Supplied percentage-valued measurement; intervals/ranges are not automatically confidence intervals.
mechanism.rate_shape_documented.raw_epoch_curves,mechanism__rate_shape_documented__raw_epoch_curves.csv,source_ids,text,identifier,Join with sources.csv; vertical bars separate multiple source IDs.
mechanism.rate_shape_documented.raw_epoch_curves,mechanism__rate_shape_documented__raw_epoch_curves.csv,scope,text,text,Scientific scope and restrictions for this dataset.
mechanism.rate_shape_documented.raw_epoch_curves,mechanism__rate_shape_documented__raw_epoch_curves.csv,units,text,text,Units for the numeric metrics in this row; detailed fields are defined here.
measurement.sign_null.values,measurement__sign_null__values.csv,arm,text,label,Verbatim source label or explicit export label; not a numeric measurement.
measurement.sign_null.values,measurement__sign_null__values.csv,m,number,count,"Tensor, group, coordinate, or block count as named; do not interchange tensor count and coordinate mass."
measurement.sign_null.values,measurement__sign_null__values.csv,observed_percent,number,percent,Supplied percentage-valued measurement; intervals/ranges are not automatically confidence intervals.
measurement.sign_null.values,measurement__sign_null__values.csv,independence_expectation_percent,number,percent,Supplied percentage-valued measurement; intervals/ranges are not automatically confidence intervals.
measurement.sign_null.values,measurement__sign_null__values.csv,source_ids,text,identifier,Join with sources.csv; vertical bars separate multiple source IDs.
measurement.sign_null.values,measurement__sign_null__values.csv,scope,text,text,Scientific scope and restrictions for this dataset.
measurement.sign_null.values,measurement__sign_null__values.csv,units,text,text,Units for the numeric metrics in this row; detailed fields are defined here.
measurement.sign_null.values,measurement__sign_null__values.csv,observed_low_percent,number,percent,Supplied percentage-valued measurement; intervals/ranges are not automatically confidence intervals.
measurement.sign_null.values,measurement__sign_null__values.csv,observed_high_percent,number,percent,Supplied percentage-valued measurement; intervals/ranges are not automatically confidence intervals.
measurement.adapted_correlation.values,measurement__adapted_correlation__values.csv,arm,text,label,Verbatim source label or explicit export label; not a numeric measurement.
measurement.adapted_correlation.values,measurement__adapted_correlation__values.csv,batch,text,label,Verbatim source label or explicit export label; not a numeric measurement.
measurement.adapted_correlation.values,measurement__adapted_correlation__values.csv,n_seeds,number,training seeds,Sample count explicitly supplied or explicitly stated in input scope; blank for analytic/null rows.
measurement.adapted_correlation.values,measurement__adapted_correlation__values.csv,rho_s,number,dimensionless correlation,Supplied historical measurement at source precision; no uncertainty inferred.
measurement.adapted_correlation.values,measurement__adapted_correlation__values.csv,t_across_seeds,number,dimensionless t statistic,Supplied historical measurement at source precision; no uncertainty inferred.
measurement.adapted_correlation.values,measurement__adapted_correlation__values.csv,source_ids,text,identifier,Join with sources.csv; vertical bars separate multiple source IDs.
measurement.adapted_correlation.values,measurement__adapted_correlation__values.csv,scope,text,text,Scientific scope and restrictions for this dataset.
measurement.adapted_correlation.values,measurement__adapted_correlation__values.csv,units,text,text,Units for the numeric metrics in this row; detailed fields are defined here.
measurement.adapted_correlation.values,measurement__adapted_correlation__values.csv,rho_min,number,dimensionless correlation,Supplied historical measurement at source precision; no uncertainty inferred.
measurement.effective_independence_families.values,measurement__effective_independence_families__values.csv,family,text,label,Verbatim source label or explicit export label; not a numeric measurement.
measurement.effective_independence_families.values,measurement__effective_independence_families__values.csv,m,number,count,"Tensor, group, coordinate, or block count as named; do not interchange tensor count and coordinate mass."
measurement.effective_independence_families.values,measurement__effective_independence_families__values.csv,frozen,number,fraction,Supplied historical measurement at source precision; no uncertainty inferred.
measurement.effective_independence_families.values,measurement__effective_independence_families__values.csv,free,number,fraction,Supplied historical measurement at source precision; no uncertainty inferred.
measurement.effective_independence_families.values,measurement__effective_independence_families__values.csv,published_box,number,fraction,Supplied historical measurement at source precision; no uncertainty inferred.
measurement.effective_independence_families.values,measurement__effective_independence_families__values.csv,box_free,number,fraction,Supplied historical measurement at source precision; no uncertainty inferred.
measurement.effective_independence_families.values,measurement__effective_independence_families__values.csv,source_ids,text,identifier,Join with sources.csv; vertical bars separate multiple source IDs.
measurement.effective_independence_families.values,measurement__effective_independence_families__values.csv,scope,text,text,Scientific scope and restrictions for this dataset.
measurement.effective_independence_families.values,measurement__effective_independence_families__values.csv,units,text,text,Units for the numeric metrics in this row; detailed fields are defined here.
measurement.adaptation_dial.values,measurement__adaptation_dial__values.csv,setting,text,label,Verbatim source label or explicit export label; not a numeric measurement.
measurement.adaptation_dial.values,measurement__adaptation_dial__values.csv,meta_stepsize,number,meta-stepsize,Supplied historical measurement at source precision; no uncertainty inferred.
measurement.adaptation_dial.values,measurement__adaptation_dial__values.csv,b,number,dimensionless profile exponent,Supplied historical measurement at source precision; no uncertainty inferred.
measurement.adaptation_dial.values,measurement__adaptation_dial__values.csv,suppression_k1,number,fold,Supplied historical measurement at source precision; no uncertainty inferred.
measurement.adaptation_dial.values,measurement__adaptation_dial__values.csv,neff_fraction,number,fraction,Supplied numerator/denominator fraction; blank uncertainty means unavailable.
measurement.adaptation_dial.values,measurement__adaptation_dial__values.csv,valid,boolean,boolean,Input validity flag; false rungs are retained but must be displayed as invalid.
measurement.adaptation_dial.values,measurement__adaptation_dial__values.csv,n_seeds_per_rung,number,training seeds per rung,Count stated explicitly in this panel's source scope.
measurement.adaptation_dial.values,measurement__adaptation_dial__values.csv,source_ids,text,identifier,Join with sources.csv; vertical bars separate multiple source IDs.
measurement.adaptation_dial.values,measurement__adaptation_dial__values.csv,scope,text,text,Scientific scope and restrictions for this dataset.
measurement.adaptation_dial.values,measurement__adaptation_dial__values.csv,units,text,text,Units for the numeric metrics in this row; detailed fields are defined here.
measurement.adaptation_dial.values,measurement__adaptation_dial__values.csv,exclusion,text,label,Verbatim source label or explicit export label; not a numeric measurement.
measurement.correlation_profile.values,measurement__correlation_profile__values.csv,k,number,average coordinates per group,Supplied historical measurement at source precision; no uncertainty inferred.
measurement.correlation_profile.values,measurement__correlation_profile__values.csv,uncorrected,number,dimensionless correlation,Supplied historical measurement at source precision; no uncertainty inferred.
measurement.correlation_profile.values,measurement__correlation_profile__values.csv,corrected,number,dimensionless correlation,Supplied historical measurement at source precision; no uncertainty inferred.
measurement.correlation_profile.values,measurement__correlation_profile__values.csv,source_ids,text,identifier,Join with sources.csv; vertical bars separate multiple source IDs.
measurement.correlation_profile.values,measurement__correlation_profile__values.csv,scope,text,text,Scientific scope and restrictions for this dataset.
measurement.correlation_profile.values,measurement__correlation_profile__values.csv,units,text,text,Units for the numeric metrics in this row; detailed fields are defined here.
measurement.correlation_range_families.values,measurement__correlation_range_families__values.csv,family,text,label,Verbatim source label or explicit export label; not a numeric measurement.
measurement.correlation_range_families.values,measurement__correlation_range_families__values.csv,profile_fall,number,fold,Supplied historical measurement at source precision; no uncertainty inferred.
measurement.correlation_range_families.values,measurement__correlation_range_families__values.csv,layerwise_overprediction,number,fold,Supplied historical measurement at source precision; no uncertainty inferred.
measurement.correlation_range_families.values,measurement__correlation_range_families__values.csv,n_seeds_per_arm,number,training seeds per arm,Count stated explicitly in this panel's source scope.
measurement.correlation_range_families.values,measurement__correlation_range_families__values.csv,source_ids,text,identifier,Join with sources.csv; vertical bars separate multiple source IDs.
measurement.correlation_range_families.values,measurement__correlation_range_families__values.csv,scope,text,text,Scientific scope and restrictions for this dataset.
measurement.correlation_range_families.values,measurement__correlation_range_families__values.csv,units,text,text,Units for the numeric metrics in this row; detailed fields are defined here.
measurement.neff_training_windows.values,measurement__neff_training_windows__values.csv,granularity,text,label,Verbatim source label or explicit export label; not a numeric measurement.
measurement.neff_training_windows.values,measurement__neff_training_windows__values.csv,epochs_10_20,number,fraction,Supplied historical measurement at source precision; no uncertainty inferred.
measurement.neff_training_windows.values,measurement__neff_training_windows__values.csv,epochs_20_40,number,fraction,Supplied historical measurement at source precision; no uncertainty inferred.
measurement.neff_training_windows.values,measurement__neff_training_windows__values.csv,later_n_seeds,number,training seeds,Seed count for the later training window only; not assigned to the earlier window.
measurement.neff_training_windows.values,measurement__neff_training_windows__values.csv,interpretation,text,label,Verbatim source label or explicit export label; not a numeric measurement.
measurement.neff_training_windows.values,measurement__neff_training_windows__values.csv,source_ids,text,identifier,Join with sources.csv; vertical bars separate multiple source IDs.
measurement.neff_training_windows.values,measurement__neff_training_windows__values.csv,scope,text,text,Scientific scope and restrictions for this dataset.
measurement.neff_training_windows.values,measurement__neff_training_windows__values.csv,units,text,text,Units for the numeric metrics in this row; detailed fields are defined here.
measurement.base_optimizer_order.values,measurement__base_optimizer_order__values.csv,granularity,text,label,Verbatim source label or explicit export label; not a numeric measurement.
measurement.base_optimizer_order.values,measurement__base_optimizer_order__values.csv,SGDm,number,fraction,Supplied historical measurement at source precision; no uncertainty inferred.
measurement.base_optimizer_order.values,measurement__base_optimizer_order__values.csv,AdamW,number,fraction,Supplied historical measurement at source precision; no uncertainty inferred.
measurement.base_optimizer_order.values,measurement__base_optimizer_order__values.csv,source_ids,text,identifier,Join with sources.csv; vertical bars separate multiple source IDs.
measurement.base_optimizer_order.values,measurement__base_optimizer_order__values.csv,scope,text,text,Scientific scope and restrictions for this dataset.
measurement.base_optimizer_order.values,measurement__base_optimizer_order__values.csv,units,text,text,Units for the numeric metrics in this row; detailed fields are defined here.
measurement.estimator_correction.values,measurement__estimator_correction__values.csv,instrument,text,label,Verbatim source label or explicit export label; not a numeric measurement.
measurement.estimator_correction.values,measurement__estimator_correction__values.csv,frozen,number,dimensionless slope,Supplied historical measurement at source precision; no uncertainty inferred.
measurement.estimator_correction.values,measurement__estimator_correction__values.csv,free,number,dimensionless slope,Supplied historical measurement at source precision; no uncertainty inferred.
measurement.estimator_correction.values,measurement__estimator_correction__values.csv,gap,number,dimensionless slope difference,Supplied historical measurement at source precision; no uncertainty inferred.
measurement.estimator_correction.values,measurement__estimator_correction__values.csv,current,boolean,boolean,False denotes the superseded raw-agreement instrument.
measurement.estimator_correction.values,measurement__estimator_correction__values.csv,source_ids,text,identifier,Join with sources.csv; vertical bars separate multiple source IDs.
measurement.estimator_correction.values,measurement__estimator_correction__values.csv,scope,text,text,Scientific scope and restrictions for this dataset.
measurement.estimator_correction.values,measurement__estimator_correction__values.csv,units,text,text,Units for the numeric metrics in this row; detailed fields are defined here.
measurement.rebound_unclipping.values,measurement__rebound_unclipping__values.csv,family,text,label,Verbatim source label or explicit export label; not a numeric measurement.
measurement.rebound_unclipping.values,measurement__rebound_unclipping__values.csv,original,number,fold,Supplied historical measurement at source precision; no uncertainty inferred.
measurement.rebound_unclipping.values,measurement__rebound_unclipping__values.csv,box_free,number,fold,Supplied historical measurement at source precision; no uncertainty inferred.
measurement.rebound_unclipping.values,measurement__rebound_unclipping__values.csv,q4_occupancy_before_percent,number,percent,Supplied percentage-valued measurement; intervals/ranges are not automatically confidence intervals.
measurement.rebound_unclipping.values,measurement__rebound_unclipping__values.csv,q4_occupancy_after_percent,number,percent,Supplied percentage-valued measurement; intervals/ranges are not automatically confidence intervals.
measurement.rebound_unclipping.values,measurement__rebound_unclipping__values.csv,n_seeds_per_arm,number,training seeds per arm,Count stated explicitly in this panel's source scope.
measurement.rebound_unclipping.values,measurement__rebound_unclipping__values.csv,source_ids,text,identifier,Join with sources.csv; vertical bars separate multiple source IDs.
measurement.rebound_unclipping.values,measurement__rebound_unclipping__values.csv,scope,text,text,Scientific scope and restrictions for this dataset.
measurement.rebound_unclipping.values,measurement__rebound_unclipping__values.csv,units,text,text,Units for the numeric metrics in this row; detailed fields are defined here.
measurement.kernel_field_curves.peak_summary,measurement__kernel_field_curves__peak_summary.csv,analysis_set,text,label,Verbatim source label or explicit export label; not a numeric measurement.
measurement.kernel_field_curves.peak_summary,measurement__kernel_field_curves__peak_summary.csv,arm,text,label,Verbatim source label or explicit export label; not a numeric measurement.
measurement.kernel_field_curves.peak_summary,measurement__kernel_field_curves__peak_summary.csv,family,text,label,Verbatim source label or explicit export label; not a numeric measurement.
measurement.kernel_field_curves.peak_summary,measurement__kernel_field_curves__peak_summary.csv,tag,text,label,Verbatim source label or explicit export label; not a numeric measurement.
measurement.kernel_field_curves.peak_summary,measurement__kernel_field_curves__peak_summary.csv,n_records,number,probe records,"Number of recorded observations, not independent training replicates."
measurement.kernel_field_curves.peak_summary,measurement__kernel_field_curves__peak_summary.csv,exception_arm,boolean,boolean,Source exception flag; retained for scoped plotting.
measurement.kernel_field_curves.peak_summary,measurement__kernel_field_curves__peak_summary.csv,analysis_entry_id,text,label,Verbatim source label or explicit export label; not a numeric measurement.
measurement.kernel_field_curves.peak_summary,measurement__kernel_field_curves__peak_summary.csv,source_ids,text,identifier,Join with sources.csv; vertical bars separate multiple source IDs.
measurement.kernel_field_curves.peak_summary,measurement__kernel_field_curves__peak_summary.csv,n_null_draws,number,draws,"Three permutation-null draws, not three training seeds."
measurement.kernel_field_curves.peak_summary,measurement__kernel_field_curves__peak_summary.csv,u_peak,number,output-channel row units,Peak observed rung; lower-edge values may be bounds.
measurement.kernel_field_curves.peak_summary,measurement__kernel_field_curves__peak_summary.csv,E_peak_pp,number,explained-variance percentage points,Maximum supplied E(u) on the measured rungs; censor flag must be retained.
measurement.kernel_field_curves.peak_summary,measurement__kernel_field_curves__peak_summary.csv,permutation_null_mc_se_at_peak_pp,number,explained-variance percentage points,Source res_peak_pp: same permutation-null MC SE at the peak rung.
measurement.kernel_field_curves.peak_summary,measurement__kernel_field_curves__peak_summary.csv,lower_edge_censored,boolean,boolean,Peak is at the smallest measured rung and should be shown as a bound.
measurement.kernel_field_curves.peak_summary,measurement__kernel_field_curves__peak_summary.csv,scope,text,text,Scientific scope and restrictions for this dataset.
measurement.kernel_field_curves.peak_summary,measurement__kernel_field_curves__peak_summary.csv,units,text,text,Units for the numeric metrics in this row; detailed fields are defined here.
measurement.kernel_field_curves.all_curve_points,measurement__kernel_field_curves__all_curve_points.csv,analysis_set,text,label,Verbatim source label or explicit export label; not a numeric measurement.
measurement.kernel_field_curves.all_curve_points,measurement__kernel_field_curves__all_curve_points.csv,arm,text,label,Verbatim source label or explicit export label; not a numeric measurement.
measurement.kernel_field_curves.all_curve_points,measurement__kernel_field_curves__all_curve_points.csv,family,text,label,Verbatim source label or explicit export label; not a numeric measurement.
measurement.kernel_field_curves.all_curve_points,measurement__kernel_field_curves__all_curve_points.csv,tag,text,label,Verbatim source label or explicit export label; not a numeric measurement.
measurement.kernel_field_curves.all_curve_points,measurement__kernel_field_curves__all_curve_points.csv,n_records,number,probe records,"Number of recorded observations, not independent training replicates."
measurement.kernel_field_curves.all_curve_points,measurement__kernel_field_curves__all_curve_points.csv,exception_arm,boolean,boolean,Source exception flag; retained for scoped plotting.
measurement.kernel_field_curves.all_curve_points,measurement__kernel_field_curves__all_curve_points.csv,analysis_entry_id,text,label,Verbatim source label or explicit export label; not a numeric measurement.
measurement.kernel_field_curves.all_curve_points,measurement__kernel_field_curves__all_curve_points.csv,source_ids,text,identifier,Join with sources.csv; vertical bars separate multiple source IDs.
measurement.kernel_field_curves.all_curve_points,measurement__kernel_field_curves__all_curve_points.csv,n_null_draws,number,draws,"Three permutation-null draws, not three training seeds."
measurement.kernel_field_curves.all_curve_points,measurement__kernel_field_curves__all_curve_points.csv,point_index_1based,number,1-based index,Index uses the convention stated in the column name.
measurement.kernel_field_curves.all_curve_points,measurement__kernel_field_curves__all_curve_points.csv,label,text,label,Verbatim source label or explicit export label; not a numeric measurement.
measurement.kernel_field_curves.all_curve_points,measurement__kernel_field_curves__all_curve_points.csv,u,number,output-channel row units,"max(1,round(row_width*u)) coordinates per convolution-tensor block."
measurement.kernel_field_curves.all_curve_points,measurement__kernel_field_curves__all_curve_points.csv,E_pp,number,explained-variance percentage points,100*(R_corrected - mean R_null); not test accuracy or rho.
measurement.kernel_field_curves.all_curve_points,measurement__kernel_field_curves__all_curve_points.csv,clamped,boolean,boolean,Source kernel block-size clamping flag; not a beta-rail occupancy indicator.
measurement.kernel_field_curves.all_curve_points,measurement__kernel_field_curves__all_curve_points.csv,n_blocks,number,count,"Tensor, group, coordinate, or block count as named; do not interchange tensor count and coordinate mass."
measurement.kernel_field_curves.all_curve_points,measurement__kernel_field_curves__all_curve_points.csv,bsz_min,number,count,"Tensor, group, coordinate, or block count as named; do not interchange tensor count and coordinate mass."
measurement.kernel_field_curves.all_curve_points,measurement__kernel_field_curves__all_curve_points.csv,bsz_max,number,count,"Tensor, group, coordinate, or block count as named; do not interchange tensor count and coordinate mass."
measurement.kernel_field_curves.all_curve_points,measurement__kernel_field_curves__all_curve_points.csv,permutation_null_mc_se_pp,number,explained-variance percentage points,Source res_pp: MC SE of mean of three within-tensor permutation-null draws; not seed SE.
measurement.kernel_field_curves.all_curve_points,measurement__kernel_field_curves__all_curve_points.csv,analysis_peak_lower_edge_censored,boolean,boolean,The peak of this analysis entry is lower-edge-censored; all curve rungs remain supplied.
measurement.kernel_field_curves.all_curve_points,measurement__kernel_field_curves__all_curve_points.csv,scope,text,text,Scientific scope and restrictions for this dataset.
measurement.kernel_field_curves.all_curve_points,measurement__kernel_field_curves__all_curve_points.csv,units,text,text,Units for the numeric metrics in this row; detailed fields are defined here.
measurement.kernel_meta_step.values,measurement__kernel_meta_step__values.csv,meta_stepsize,number,channel units; E percentage points,Supplied flat evidence field; exact quantity is specified by the dataset metric and scope.
measurement.kernel_meta_step.values,measurement__kernel_meta_step__values.csv,u_peak,number,output-channel row units,Peak observed rung; lower-edge values may be bounds.
measurement.kernel_meta_step.values,measurement__kernel_meta_step__values.csv,E_peak_geomean_pp,number,explained-variance percentage points,Supplied geometric mean of run peak amplitudes.
measurement.kernel_meta_step.values,measurement__kernel_meta_step__values.csv,n_seeds,number,training seeds,Sample count explicitly supplied or explicitly stated in input scope; blank for analytic/null rows.
measurement.kernel_meta_step.values,measurement__kernel_meta_step__values.csv,valid,boolean,boolean,Input validity flag; false rungs are retained but must be displayed as invalid.
measurement.kernel_meta_step.values,measurement__kernel_meta_step__values.csv,source_ids,text,identifier,Join with sources.csv; vertical bars separate multiple source IDs.
measurement.kernel_meta_step.values,measurement__kernel_meta_step__values.csv,scope,text,text,Scientific scope and restrictions for this dataset.
measurement.kernel_meta_step.values,measurement__kernel_meta_step__values.csv,units,text,text,Units for the numeric metrics in this row; detailed fields are defined here.
measurement.bridge_current.values,measurement__bridge_current__values.csv,object,text,label,Verbatim source label or explicit export label; not a numeric measurement.
measurement.bridge_current.values,measurement__bridge_current__values.csv,u,number,output-channel row units,"max(1,round(row_width*u)) coordinates per convolution-tensor block."
measurement.bridge_current.values,measurement__bridge_current__values.csv,role,text,label,Verbatim source label or explicit export label; not a numeric measurement.
measurement.bridge_current.values,measurement__bridge_current__values.csv,source_ids,text,identifier,Join with sources.csv; vertical bars separate multiple source IDs.
measurement.bridge_current.values,measurement__bridge_current__values.csv,scope,text,text,Scientific scope and restrictions for this dataset.
measurement.bridge_current.values,measurement__bridge_current__values.csv,units,text,text,Units for the numeric metrics in this row; detailed fields are defined here.
measurement.bridge_cc1.values,measurement__bridge_cc1__values.csv,contrast,text,label,Verbatim source label or explicit export label; not a numeric measurement.
measurement.bridge_cc1.values,measurement__bridge_cc1__values.csv,groups_A,number,accuracy percentage points; effective-independence fraction,Supplied flat evidence field; exact quantity is specified by the dataset metric and scope.
measurement.bridge_cc1.values,measurement__bridge_cc1__values.csv,groups_B,number,accuracy percentage points; effective-independence fraction,Supplied flat evidence field; exact quantity is specified by the dataset metric and scope.
measurement.bridge_cc1.values,measurement__bridge_cc1__values.csv,delta_accuracy_pp,number,percentage points,Supplied contrast or metric; see the dataset's metric definition for accuracy versus explained variance.
measurement.bridge_cc1.values,measurement__bridge_cc1__values.csv,accuracy_t,number,dimensionless,Rounded Welch t statistic; do not back-calculate a new SE.
measurement.bridge_cc1.values,measurement__bridge_cc1__values.csv,delta_neff_fraction,number,fraction,Supplied numerator/denominator fraction; blank uncertainty means unavailable.
measurement.bridge_cc1.values,measurement__bridge_cc1__values.csv,field_t,number,dimensionless,Supplied Welch t statistic for the field contrast.
measurement.bridge_cc1.values,measurement__bridge_cc1__values.csv,verdict,text,label,Verbatim source label or explicit export label; not a numeric measurement.
measurement.bridge_cc1.values,measurement__bridge_cc1__values.csv,n_seeds_per_arm,number,training seeds per arm,Count stated explicitly in this panel's source scope.
measurement.bridge_cc1.values,measurement__bridge_cc1__values.csv,source_ids,text,identifier,Join with sources.csv; vertical bars separate multiple source IDs.
measurement.bridge_cc1.values,measurement__bridge_cc1__values.csv,scope,text,text,Scientific scope and restrictions for this dataset.
measurement.bridge_cc1.values,measurement__bridge_cc1__values.csv,units,text,text,Units for the numeric metrics in this row; detailed fields are defined here.
measurement.window_metric_error.values,measurement__window_metric_error__values.csv,granularity,text,label,Verbatim source label or explicit export label; not a numeric measurement.
measurement.window_metric_error.values,measurement__window_metric_error__values.csv,last20,number,accuracy percent,Historical last-20-epoch mean; for 20-epoch runs this covers the entire run.
measurement.window_metric_error.values,measurement__window_metric_error__values.csv,last5,number,accuracy percent,Mean over the final five completed epochs.
measurement.window_metric_error.values,measurement__window_metric_error__values.csv,n,number,source observations,Count supplied with the historical summary; do not pool it with counts from a different configuration or window.
measurement.window_metric_error.values,measurement__window_metric_error__values.csv,source_ids,text,identifier,Join with sources.csv; vertical bars separate multiple source IDs.
measurement.window_metric_error.values,measurement__window_metric_error__values.csv,scope,text,text,Scientific scope and restrictions for this dataset.
measurement.window_metric_error.values,measurement__window_metric_error__values.csv,units,text,text,Units for the numeric metrics in this row; detailed fields are defined here.
