batch,arm,label,seed,run,epoch,test_accuracy_percent,train_accuracy_percent,source_ids,registered_horizon_epochs,in_registered_plateau5_window,scope,units
tn1,scal,scal,0,tn1-scal-s0,0,0.45,0.54,S0090,100,false,"`tn1`, 12 runs, 100 ep | Full available curve retained; registered_horizon and in_registered_plateau5_window identify the primary endpoint. Epoch observations are not independent seeds.",accuracy percent; epoch is the raw zero-based epoch index
tn1,scal,scal,0,tn1-scal-s0,1,0.38,0.52,S0090,100,false,"`tn1`, 12 runs, 100 ep | Full available curve retained; registered_horizon and in_registered_plateau5_window identify the primary endpoint. Epoch observations are not independent seeds.",accuracy percent; epoch is the raw zero-based epoch index
tn1,scal,scal,0,tn1-scal-s0,2,0.43,0.56,S0090,100,false,"`tn1`, 12 runs, 100 ep | Full available curve retained; registered_horizon and in_registered_plateau5_window identify the primary endpoint. Epoch observations are not independent seeds.",accuracy percent; epoch is the raw zero-based epoch index
tn1,scal,scal,0,tn1-scal-s0,3,0.46,0.52,S0090,100,false,"`tn1`, 12 runs, 100 ep | Full available curve retained; registered_horizon and in_registered_plateau5_window identify the primary endpoint. Epoch observations are not independent seeds.",accuracy percent; epoch is the raw zero-based epoch index
tn1,scal,scal,0,tn1-scal-s0,4,0.74,0.63,S0090,100,false,"`tn1`, 12 runs, 100 ep | Full available curve retained; registered_horizon and in_registered_plateau5_window identify the primary endpoint. Epoch observations are not independent seeds.",accuracy percent; epoch is the raw zero-based epoch index
tn1,scal,scal,0,tn1-scal-s0,5,1.51,1,S0090,100,false,"`tn1`, 12 runs, 100 ep | Full available curve retained; registered_horizon and in_registered_plateau5_window identify the primary endpoint. Epoch observations are not independent seeds.",accuracy percent; epoch is the raw zero-based epoch index
tn1,scal,scal,0,tn1-scal-s0,6,3.12,2.13,S0090,100,false,"`tn1`, 12 runs, 100 ep | Full available curve retained; registered_horizon and in_registered_plateau5_window identify the primary endpoint. Epoch observations are not independent seeds.",accuracy percent; epoch is the raw zero-based epoch index
tn1,scal,scal,0,tn1-scal-s0,7,4.93,3.78,S0090,100,false,"`tn1`, 12 runs, 100 ep | Full available curve retained; registered_horizon and in_registered_plateau5_window identify the primary endpoint. Epoch observations are not independent seeds.",accuracy percent; epoch is the raw zero-based epoch index
tn1,scal,scal,0,tn1-scal-s0,8,7.93,6.3,S0090,100,false,"`tn1`, 12 runs, 100 ep | Full available curve retained; registered_horizon and in_registered_plateau5_window identify the primary endpoint. Epoch observations are not independent seeds.",accuracy percent; epoch is the raw zero-based epoch index
tn1,scal,scal,0,tn1-scal-s0,9,8.57,8.23,S0090,100,false,"`tn1`, 12 runs, 100 ep | Full available curve retained; registered_horizon and in_registered_plateau5_window identify the primary endpoint. Epoch observations are not independent seeds.",accuracy percent; epoch is the raw zero-based epoch index
tn1,scal,scal,0,tn1-scal-s0,10,9.4,8.91,S0090,100,false,"`tn1`, 12 runs, 100 ep | Full available curve retained; registered_horizon and in_registered_plateau5_window identify the primary endpoint. Epoch observations are not independent seeds.",accuracy percent; epoch is the raw zero-based epoch index
tn1,scal,scal,0,tn1-scal-s0,11,9.8,9.32,S0090,100,false,"`tn1`, 12 runs, 100 ep | Full available curve retained; registered_horizon and in_registered_plateau5_window identify the primary endpoint. Epoch observations are not independent seeds.",accuracy percent; epoch is the raw zero-based epoch index
tn1,scal,scal,0,tn1-scal-s0,12,9.84,9.55,S0090,100,false,"`tn1`, 12 runs, 100 ep | Full available curve retained; registered_horizon and in_registered_plateau5_window identify the primary endpoint. Epoch observations are not independent seeds.",accuracy percent; epoch is the raw zero-based epoch index
tn1,scal,scal,0,tn1-scal-s0,13,9.75,9.59,S0090,100,false,"`tn1`, 12 runs, 100 ep | Full available curve retained; registered_horizon and in_registered_plateau5_window identify the primary endpoint. Epoch observations are not independent seeds.",accuracy percent; epoch is the raw zero-based epoch index
tn1,scal,scal,0,tn1-scal-s0,14,9.92,9.61,S0090,100,false,"`tn1`, 12 runs, 100 ep | Full available curve retained; registered_horizon and in_registered_plateau5_window identify the primary endpoint. Epoch observations are not independent seeds.",accuracy percent; epoch is the raw zero-based epoch index
tn1,scal,scal,0,tn1-scal-s0,15,9.84,9.64,S0090,100,false,"`tn1`, 12 runs, 100 ep | Full available curve retained; registered_horizon and in_registered_plateau5_window identify the primary endpoint. Epoch observations are not independent seeds.",accuracy percent; epoch is the raw zero-based epoch index
tn1,scal,scal,0,tn1-scal-s0,16,9.88,9.72,S0090,100,false,"`tn1`, 12 runs, 100 ep | Full available curve retained; registered_horizon and in_registered_plateau5_window identify the primary endpoint. Epoch observations are not independent seeds.",accuracy percent; epoch is the raw zero-based epoch index
tn1,scal,scal,0,tn1-scal-s0,17,9.83,9.65,S0090,100,false,"`tn1`, 12 runs, 100 ep | Full available curve retained; registered_horizon and in_registered_plateau5_window identify the primary endpoint. Epoch observations are not independent seeds.",accuracy percent; epoch is the raw zero-based epoch index
tn1,scal,scal,0,tn1-scal-s0,18,9.96,9.66,S0090,100,false,"`tn1`, 12 runs, 100 ep | Full available curve retained; registered_horizon and in_registered_plateau5_window identify the primary endpoint. Epoch observations are not independent seeds.",accuracy percent; epoch is the raw zero-based epoch index
tn1,scal,scal,0,tn1-scal-s0,19,9.97,9.72,S0090,100,false,"`tn1`, 12 runs, 100 ep | Full available curve retained; registered_horizon and in_registered_plateau5_window identify the primary endpoint. Epoch observations are not independent seeds.",accuracy percent; epoch is the raw zero-based epoch index
tn1,scal,scal,0,tn1-scal-s0,20,9.75,9.73,S0090,100,false,"`tn1`, 12 runs, 100 ep | Full available curve retained; registered_horizon and in_registered_plateau5_window identify the primary endpoint. Epoch observations are not independent seeds.",accuracy percent; epoch is the raw zero-based epoch index
tn1,scal,scal,0,tn1-scal-s0,21,9.9,9.72,S0090,100,false,"`tn1`, 12 runs, 100 ep | Full available curve retained; registered_horizon and in_registered_plateau5_window identify the primary endpoint. Epoch observations are not independent seeds.",accuracy percent; epoch is the raw zero-based epoch index
tn1,scal,scal,0,tn1-scal-s0,22,9.88,9.78,S0090,100,false,"`tn1`, 12 runs, 100 ep | Full available curve retained; registered_horizon and in_registered_plateau5_window identify the primary endpoint. Epoch observations are not independent seeds.",accuracy percent; epoch is the raw zero-based epoch index
tn1,scal,scal,0,tn1-scal-s0,23,9.79,9.74,S0090,100,false,"`tn1`, 12 runs, 100 ep | Full available curve retained; registered_horizon and in_registered_plateau5_window identify the primary endpoint. Epoch observations are not independent seeds.",accuracy percent; epoch is the raw zero-based epoch index
tn1,scal,scal,0,tn1-scal-s0,24,9.89,9.7,S0090,100,false,"`tn1`, 12 runs, 100 ep | Full available curve retained; registered_horizon and in_registered_plateau5_window identify the primary endpoint. Epoch observations are not independent seeds.",accuracy percent; epoch is the raw zero-based epoch index
tn1,scal,scal,0,tn1-scal-s0,25,9.79,9.69,S0090,100,false,"`tn1`, 12 runs, 100 ep | Full available curve retained; registered_horizon and in_registered_plateau5_window identify the primary endpoint. Epoch observations are not independent seeds.",accuracy percent; epoch is the raw zero-based epoch index
tn1,scal,scal,0,tn1-scal-s0,26,9.88,9.68,S0090,100,false,"`tn1`, 12 runs, 100 ep | Full available curve retained; registered_horizon and in_registered_plateau5_window identify the primary endpoint. Epoch observations are not independent seeds.",accuracy percent; epoch is the raw zero-based epoch index
tn1,scal,scal,0,tn1-scal-s0,27,9.8,9.65,S0090,100,false,"`tn1`, 12 runs, 100 ep | Full available curve retained; registered_horizon and in_registered_plateau5_window identify the primary endpoint. Epoch observations are not independent seeds.",accuracy percent; epoch is the raw zero-based epoch index
tn1,scal,scal,0,tn1-scal-s0,28,9.83,9.7,S0090,100,false,"`tn1`, 12 runs, 100 ep | Full available curve retained; registered_horizon and in_registered_plateau5_window identify the primary endpoint. Epoch observations are not independent seeds.",accuracy percent; epoch is the raw zero-based epoch index
tn1,scal,scal,0,tn1-scal-s0,29,9.85,9.68,S0090,100,false,"`tn1`, 12 runs, 100 ep | Full available curve retained; registered_horizon and in_registered_plateau5_window identify the primary endpoint. Epoch observations are not independent seeds.",accuracy percent; epoch is the raw zero-based epoch index
tn1,scal,scal,0,tn1-scal-s0,30,9.93,9.65,S0090,100,false,"`tn1`, 12 runs, 100 ep | Full available curve retained; registered_horizon and in_registered_plateau5_window identify the primary endpoint. Epoch observations are not independent seeds.",accuracy percent; epoch is the raw zero-based epoch index
tn1,scal,scal,0,tn1-scal-s0,31,9.89,9.75,S0090,100,false,"`tn1`, 12 runs, 100 ep | Full available curve retained; registered_horizon and in_registered_plateau5_window identify the primary endpoint. Epoch observations are not independent seeds.",accuracy percent; epoch is the raw zero-based epoch index
tn1,scal,scal,0,tn1-scal-s0,32,9.85,9.69,S0090,100,false,"`tn1`, 12 runs, 100 ep | Full available curve retained; registered_horizon and in_registered_plateau5_window identify the primary endpoint. Epoch observations are not independent seeds.",accuracy percent; epoch is the raw zero-based epoch index
tn1,scal,scal,0,tn1-scal-s0,33,9.95,9.7,S0090,100,false,"`tn1`, 12 runs, 100 ep | Full available curve retained; registered_horizon and in_registered_plateau5_window identify the primary endpoint. Epoch observations are not independent seeds.",accuracy percent; epoch is the raw zero-based epoch index
tn1,scal,scal,0,tn1-scal-s0,34,9.96,9.69,S0090,100,false,"`tn1`, 12 runs, 100 ep | Full available curve retained; registered_horizon and in_registered_plateau5_window identify the primary endpoint. Epoch observations are not independent seeds.",accuracy percent; epoch is the raw zero-based epoch index
tn1,scal,scal,0,tn1-scal-s0,35,9.86,9.72,S0090,100,false,"`tn1`, 12 runs, 100 ep | Full available curve retained; registered_horizon and in_registered_plateau5_window identify the primary endpoint. Epoch observations are not independent seeds.",accuracy percent; epoch is the raw zero-based epoch index
tn1,scal,scal,0,tn1-scal-s0,36,9.81,9.72,S0090,100,false,"`tn1`, 12 runs, 100 ep | Full available curve retained; registered_horizon and in_registered_plateau5_window identify the primary endpoint. Epoch observations are not independent seeds.",accuracy percent; epoch is the raw zero-based epoch index
tn1,scal,scal,0,tn1-scal-s0,37,9.87,9.73,S0090,100,false,"`tn1`, 12 runs, 100 ep | Full available curve retained; registered_horizon and in_registered_plateau5_window identify the primary endpoint. Epoch observations are not independent seeds.",accuracy percent; epoch is the raw zero-based epoch index
tn1,scal,scal,0,tn1-scal-s0,38,9.89,9.67,S0090,100,false,"`tn1`, 12 runs, 100 ep | Full available curve retained; registered_horizon and in_registered_plateau5_window identify the primary endpoint. Epoch observations are not independent seeds.",accuracy percent; epoch is the raw zero-based epoch index
tn1,scal,scal,0,tn1-scal-s0,39,9.88,9.69,S0090,100,false,"`tn1`, 12 runs, 100 ep | Full available curve retained; registered_horizon and in_registered_plateau5_window identify the primary endpoint. Epoch observations are not independent seeds.",accuracy percent; epoch is the raw zero-based epoch index
tn1,scal,scal,0,tn1-scal-s0,40,9.85,9.65,S0090,100,false,"`tn1`, 12 runs, 100 ep | Full available curve retained; registered_horizon and in_registered_plateau5_window identify the primary endpoint. Epoch observations are not independent seeds.",accuracy percent; epoch is the raw zero-based epoch index
tn1,scal,scal,0,tn1-scal-s0,41,9.82,9.72,S0090,100,false,"`tn1`, 12 runs, 100 ep | Full available curve retained; registered_horizon and in_registered_plateau5_window identify the primary endpoint. Epoch observations are not independent seeds.",accuracy percent; epoch is the raw zero-based epoch index
tn1,scal,scal,0,tn1-scal-s0,42,9.82,9.69,S0090,100,false,"`tn1`, 12 runs, 100 ep | Full available curve retained; registered_horizon and in_registered_plateau5_window identify the primary endpoint. Epoch observations are not independent seeds.",accuracy percent; epoch is the raw zero-based epoch index
tn1,scal,scal,0,tn1-scal-s0,43,9.92,9.72,S0090,100,false,"`tn1`, 12 runs, 100 ep | Full available curve retained; registered_horizon and in_registered_plateau5_window identify the primary endpoint. Epoch observations are not independent seeds.",accuracy percent; epoch is the raw zero-based epoch index
tn1,scal,scal,0,tn1-scal-s0,44,10,9.67,S0090,100,false,"`tn1`, 12 runs, 100 ep | Full available curve retained; registered_horizon and in_registered_plateau5_window identify the primary endpoint. Epoch observations are not independent seeds.",accuracy percent; epoch is the raw zero-based epoch index
tn1,scal,scal,0,tn1-scal-s0,45,9.88,9.7,S0090,100,false,"`tn1`, 12 runs, 100 ep | Full available curve retained; registered_horizon and in_registered_plateau5_window identify the primary endpoint. Epoch observations are not independent seeds.",accuracy percent; epoch is the raw zero-based epoch index
tn1,scal,scal,0,tn1-scal-s0,46,9.86,9.63,S0090,100,false,"`tn1`, 12 runs, 100 ep | Full available curve retained; registered_horizon and in_registered_plateau5_window identify the primary endpoint. Epoch observations are not independent seeds.",accuracy percent; epoch is the raw zero-based epoch index
tn1,scal,scal,0,tn1-scal-s0,47,9.87,9.72,S0090,100,false,"`tn1`, 12 runs, 100 ep | Full available curve retained; registered_horizon and in_registered_plateau5_window identify the primary endpoint. Epoch observations are not independent seeds.",accuracy percent; epoch is the raw zero-based epoch index
tn1,scal,scal,0,tn1-scal-s0,48,9.83,9.75,S0090,100,false,"`tn1`, 12 runs, 100 ep | Full available curve retained; registered_horizon and in_registered_plateau5_window identify the primary endpoint. Epoch observations are not independent seeds.",accuracy percent; epoch is the raw zero-based epoch index
tn1,scal,scal,0,tn1-scal-s0,49,9.87,9.67,S0090,100,false,"`tn1`, 12 runs, 100 ep | Full available curve retained; registered_horizon and in_registered_plateau5_window identify the primary endpoint. Epoch observations are not independent seeds.",accuracy percent; epoch is the raw zero-based epoch index
tn1,scal,scal,0,tn1-scal-s0,50,9.82,9.78,S0090,100,false,"`tn1`, 12 runs, 100 ep | Full available curve retained; registered_horizon and in_registered_plateau5_window identify the primary endpoint. Epoch observations are not independent seeds.",accuracy percent; epoch is the raw zero-based epoch index
tn1,scal,scal,0,tn1-scal-s0,51,9.83,9.67,S0090,100,false,"`tn1`, 12 runs, 100 ep | Full available curve retained; registered_horizon and in_registered_plateau5_window identify the primary endpoint. Epoch observations are not independent seeds.",accuracy percent; epoch is the raw zero-based epoch index
tn1,scal,scal,0,tn1-scal-s0,52,9.98,9.75,S0090,100,false,"`tn1`, 12 runs, 100 ep | Full available curve retained; registered_horizon and in_registered_plateau5_window identify the primary endpoint. Epoch observations are not independent seeds.",accuracy percent; epoch is the raw zero-based epoch index
tn1,scal,scal,0,tn1-scal-s0,53,9.87,9.63,S0090,100,false,"`tn1`, 12 runs, 100 ep | Full available curve retained; registered_horizon and in_registered_plateau5_window identify the primary endpoint. Epoch observations are not independent seeds.",accuracy percent; epoch is the raw zero-based epoch index
tn1,scal,scal,0,tn1-scal-s0,54,9.88,9.71,S0090,100,false,"`tn1`, 12 runs, 100 ep | Full available curve retained; registered_horizon and in_registered_plateau5_window identify the primary endpoint. Epoch observations are not independent seeds.",accuracy percent; epoch is the raw zero-based epoch index
tn1,scal,scal,0,tn1-scal-s0,55,9.89,9.68,S0090,100,false,"`tn1`, 12 runs, 100 ep | Full available curve retained; registered_horizon and in_registered_plateau5_window identify the primary endpoint. Epoch observations are not independent seeds.",accuracy percent; epoch is the raw zero-based epoch index
tn1,scal,scal,0,tn1-scal-s0,56,9.87,9.75,S0090,100,false,"`tn1`, 12 runs, 100 ep | Full available curve retained; registered_horizon and in_registered_plateau5_window identify the primary endpoint. Epoch observations are not independent seeds.",accuracy percent; epoch is the raw zero-based epoch index
tn1,scal,scal,0,tn1-scal-s0,57,9.89,9.68,S0090,100,false,"`tn1`, 12 runs, 100 ep | Full available curve retained; registered_horizon and in_registered_plateau5_window identify the primary endpoint. Epoch observations are not independent seeds.",accuracy percent; epoch is the raw zero-based epoch index
tn1,scal,scal,0,tn1-scal-s0,58,9.78,9.75,S0090,100,false,"`tn1`, 12 runs, 100 ep | Full available curve retained; registered_horizon and in_registered_plateau5_window identify the primary endpoint. Epoch observations are not independent seeds.",accuracy percent; epoch is the raw zero-based epoch index
tn1,scal,scal,0,tn1-scal-s0,59,9.94,9.69,S0090,100,false,"`tn1`, 12 runs, 100 ep | Full available curve retained; registered_horizon and in_registered_plateau5_window identify the primary endpoint. Epoch observations are not independent seeds.",accuracy percent; epoch is the raw zero-based epoch index
tn1,scal,scal,0,tn1-scal-s0,60,9.76,9.74,S0090,100,false,"`tn1`, 12 runs, 100 ep | Full available curve retained; registered_horizon and in_registered_plateau5_window identify the primary endpoint. Epoch observations are not independent seeds.",accuracy percent; epoch is the raw zero-based epoch index
tn1,scal,scal,0,tn1-scal-s0,61,9.93,9.67,S0090,100,false,"`tn1`, 12 runs, 100 ep | Full available curve retained; registered_horizon and in_registered_plateau5_window identify the primary endpoint. Epoch observations are not independent seeds.",accuracy percent; epoch is the raw zero-based epoch index
tn1,scal,scal,0,tn1-scal-s0,62,9.97,9.74,S0090,100,false,"`tn1`, 12 runs, 100 ep | Full available curve retained; registered_horizon and in_registered_plateau5_window identify the primary endpoint. Epoch observations are not independent seeds.",accuracy percent; epoch is the raw zero-based epoch index
tn1,scal,scal,0,tn1-scal-s0,63,9.84,9.66,S0090,100,false,"`tn1`, 12 runs, 100 ep | Full available curve retained; registered_horizon and in_registered_plateau5_window identify the primary endpoint. Epoch observations are not independent seeds.",accuracy percent; epoch is the raw zero-based epoch index
tn1,scal,scal,0,tn1-scal-s0,64,9.81,9.73,S0090,100,false,"`tn1`, 12 runs, 100 ep | Full available curve retained; registered_horizon and in_registered_plateau5_window identify the primary endpoint. Epoch observations are not independent seeds.",accuracy percent; epoch is the raw zero-based epoch index
tn1,scal,scal,0,tn1-scal-s0,65,10.02,9.71,S0090,100,false,"`tn1`, 12 runs, 100 ep | Full available curve retained; registered_horizon and in_registered_plateau5_window identify the primary endpoint. Epoch observations are not independent seeds.",accuracy percent; epoch is the raw zero-based epoch index
tn1,scal,scal,0,tn1-scal-s0,66,9.88,9.74,S0090,100,false,"`tn1`, 12 runs, 100 ep | Full available curve retained; registered_horizon and in_registered_plateau5_window identify the primary endpoint. Epoch observations are not independent seeds.",accuracy percent; epoch is the raw zero-based epoch index
tn1,scal,scal,0,tn1-scal-s0,67,9.93,9.77,S0090,100,false,"`tn1`, 12 runs, 100 ep | Full available curve retained; registered_horizon and in_registered_plateau5_window identify the primary endpoint. Epoch observations are not independent seeds.",accuracy percent; epoch is the raw zero-based epoch index
tn1,scal,scal,0,tn1-scal-s0,68,9.82,9.61,S0090,100,false,"`tn1`, 12 runs, 100 ep | Full available curve retained; registered_horizon and in_registered_plateau5_window identify the primary endpoint. Epoch observations are not independent seeds.",accuracy percent; epoch is the raw zero-based epoch index
tn1,scal,scal,0,tn1-scal-s0,69,9.94,9.67,S0090,100,false,"`tn1`, 12 runs, 100 ep | Full available curve retained; registered_horizon and in_registered_plateau5_window identify the primary endpoint. Epoch observations are not independent seeds.",accuracy percent; epoch is the raw zero-based epoch index
tn1,scal,scal,0,tn1-scal-s0,70,9.98,9.72,S0090,100,false,"`tn1`, 12 runs, 100 ep | Full available curve retained; registered_horizon and in_registered_plateau5_window identify the primary endpoint. Epoch observations are not independent seeds.",accuracy percent; epoch is the raw zero-based epoch index
tn1,scal,scal,0,tn1-scal-s0,71,9.79,9.74,S0090,100,false,"`tn1`, 12 runs, 100 ep | Full available curve retained; registered_horizon and in_registered_plateau5_window identify the primary endpoint. Epoch observations are not independent seeds.",accuracy percent; epoch is the raw zero-based epoch index
tn1,scal,scal,0,tn1-scal-s0,72,9.93,9.65,S0090,100,false,"`tn1`, 12 runs, 100 ep | Full available curve retained; registered_horizon and in_registered_plateau5_window identify the primary endpoint. Epoch observations are not independent seeds.",accuracy percent; epoch is the raw zero-based epoch index
tn1,scal,scal,0,tn1-scal-s0,73,10.1,9.72,S0090,100,false,"`tn1`, 12 runs, 100 ep | Full available curve retained; registered_horizon and in_registered_plateau5_window identify the primary endpoint. Epoch observations are not independent seeds.",accuracy percent; epoch is the raw zero-based epoch index
tn1,scal,scal,0,tn1-scal-s0,74,9.78,9.71,S0090,100,false,"`tn1`, 12 runs, 100 ep | Full available curve retained; registered_horizon and in_registered_plateau5_window identify the primary endpoint. Epoch observations are not independent seeds.",accuracy percent; epoch is the raw zero-based epoch index
tn1,scal,scal,0,tn1-scal-s0,75,10,9.7,S0090,100,false,"`tn1`, 12 runs, 100 ep | Full available curve retained; registered_horizon and in_registered_plateau5_window identify the primary endpoint. Epoch observations are not independent seeds.",accuracy percent; epoch is the raw zero-based epoch index
tn1,scal,scal,0,tn1-scal-s0,76,9.91,9.68,S0090,100,false,"`tn1`, 12 runs, 100 ep | Full available curve retained; registered_horizon and in_registered_plateau5_window identify the primary endpoint. Epoch observations are not independent seeds.",accuracy percent; epoch is the raw zero-based epoch index
tn1,scal,scal,0,tn1-scal-s0,77,9.93,9.7,S0090,100,false,"`tn1`, 12 runs, 100 ep | Full available curve retained; registered_horizon and in_registered_plateau5_window identify the primary endpoint. Epoch observations are not independent seeds.",accuracy percent; epoch is the raw zero-based epoch index
tn1,scal,scal,0,tn1-scal-s0,78,9.93,9.67,S0090,100,false,"`tn1`, 12 runs, 100 ep | Full available curve retained; registered_horizon and in_registered_plateau5_window identify the primary endpoint. Epoch observations are not independent seeds.",accuracy percent; epoch is the raw zero-based epoch index
tn1,scal,scal,0,tn1-scal-s0,79,9.88,9.69,S0090,100,false,"`tn1`, 12 runs, 100 ep | Full available curve retained; registered_horizon and in_registered_plateau5_window identify the primary endpoint. Epoch observations are not independent seeds.",accuracy percent; epoch is the raw zero-based epoch index
tn1,scal,scal,0,tn1-scal-s0,80,9.84,9.74,S0090,100,false,"`tn1`, 12 runs, 100 ep | Full available curve retained; registered_horizon and in_registered_plateau5_window identify the primary endpoint. Epoch observations are not independent seeds.",accuracy percent; epoch is the raw zero-based epoch index
tn1,scal,scal,0,tn1-scal-s0,81,9.85,9.71,S0090,100,false,"`tn1`, 12 runs, 100 ep | Full available curve retained; registered_horizon and in_registered_plateau5_window identify the primary endpoint. Epoch observations are not independent seeds.",accuracy percent; epoch is the raw zero-based epoch index
tn1,scal,scal,0,tn1-scal-s0,82,9.76,9.6,S0090,100,false,"`tn1`, 12 runs, 100 ep | Full available curve retained; registered_horizon and in_registered_plateau5_window identify the primary endpoint. Epoch observations are not independent seeds.",accuracy percent; epoch is the raw zero-based epoch index
tn1,scal,scal,0,tn1-scal-s0,83,10.02,9.74,S0090,100,false,"`tn1`, 12 runs, 100 ep | Full available curve retained; registered_horizon and in_registered_plateau5_window identify the primary endpoint. Epoch observations are not independent seeds.",accuracy percent; epoch is the raw zero-based epoch index
tn1,scal,scal,0,tn1-scal-s0,84,10.05,9.79,S0090,100,false,"`tn1`, 12 runs, 100 ep | Full available curve retained; registered_horizon and in_registered_plateau5_window identify the primary endpoint. Epoch observations are not independent seeds.",accuracy percent; epoch is the raw zero-based epoch index
tn1,scal,scal,0,tn1-scal-s0,85,9.7,9.65,S0090,100,false,"`tn1`, 12 runs, 100 ep | Full available curve retained; registered_horizon and in_registered_plateau5_window identify the primary endpoint. Epoch observations are not independent seeds.",accuracy percent; epoch is the raw zero-based epoch index
tn1,scal,scal,0,tn1-scal-s0,86,9.86,9.78,S0090,100,false,"`tn1`, 12 runs, 100 ep | Full available curve retained; registered_horizon and in_registered_plateau5_window identify the primary endpoint. Epoch observations are not independent seeds.",accuracy percent; epoch is the raw zero-based epoch index
tn1,scal,scal,0,tn1-scal-s0,87,9.9,9.68,S0090,100,false,"`tn1`, 12 runs, 100 ep | Full available curve retained; registered_horizon and in_registered_plateau5_window identify the primary endpoint. Epoch observations are not independent seeds.",accuracy percent; epoch is the raw zero-based epoch index
tn1,scal,scal,0,tn1-scal-s0,88,9.92,9.66,S0090,100,false,"`tn1`, 12 runs, 100 ep | Full available curve retained; registered_horizon and in_registered_plateau5_window identify the primary endpoint. Epoch observations are not independent seeds.",accuracy percent; epoch is the raw zero-based epoch index
tn1,scal,scal,0,tn1-scal-s0,89,9.88,9.69,S0090,100,false,"`tn1`, 12 runs, 100 ep | Full available curve retained; registered_horizon and in_registered_plateau5_window identify the primary endpoint. Epoch observations are not independent seeds.",accuracy percent; epoch is the raw zero-based epoch index
tn1,scal,scal,0,tn1-scal-s0,90,9.8,9.74,S0090,100,false,"`tn1`, 12 runs, 100 ep | Full available curve retained; registered_horizon and in_registered_plateau5_window identify the primary endpoint. Epoch observations are not independent seeds.",accuracy percent; epoch is the raw zero-based epoch index
tn1,scal,scal,0,tn1-scal-s0,91,9.83,9.67,S0090,100,false,"`tn1`, 12 runs, 100 ep | Full available curve retained; registered_horizon and in_registered_plateau5_window identify the primary endpoint. Epoch observations are not independent seeds.",accuracy percent; epoch is the raw zero-based epoch index
tn1,scal,scal,0,tn1-scal-s0,92,9.81,9.68,S0090,100,false,"`tn1`, 12 runs, 100 ep | Full available curve retained; registered_horizon and in_registered_plateau5_window identify the primary endpoint. Epoch observations are not independent seeds.",accuracy percent; epoch is the raw zero-based epoch index
tn1,scal,scal,0,tn1-scal-s0,93,9.93,9.7,S0090,100,false,"`tn1`, 12 runs, 100 ep | Full available curve retained; registered_horizon and in_registered_plateau5_window identify the primary endpoint. Epoch observations are not independent seeds.",accuracy percent; epoch is the raw zero-based epoch index
tn1,scal,scal,0,tn1-scal-s0,94,9.86,9.64,S0090,100,false,"`tn1`, 12 runs, 100 ep | Full available curve retained; registered_horizon and in_registered_plateau5_window identify the primary endpoint. Epoch observations are not independent seeds.",accuracy percent; epoch is the raw zero-based epoch index
tn1,scal,scal,0,tn1-scal-s0,95,9.91,9.77,S0090,100,true,"`tn1`, 12 runs, 100 ep | Full available curve retained; registered_horizon and in_registered_plateau5_window identify the primary endpoint. Epoch observations are not independent seeds.",accuracy percent; epoch is the raw zero-based epoch index
tn1,scal,scal,0,tn1-scal-s0,96,10.03,9.66,S0090,100,true,"`tn1`, 12 runs, 100 ep | Full available curve retained; registered_horizon and in_registered_plateau5_window identify the primary endpoint. Epoch observations are not independent seeds.",accuracy percent; epoch is the raw zero-based epoch index
tn1,scal,scal,0,tn1-scal-s0,97,9.84,9.79,S0090,100,true,"`tn1`, 12 runs, 100 ep | Full available curve retained; registered_horizon and in_registered_plateau5_window identify the primary endpoint. Epoch observations are not independent seeds.",accuracy percent; epoch is the raw zero-based epoch index
tn1,scal,scal,0,tn1-scal-s0,98,9.97,9.69,S0090,100,true,"`tn1`, 12 runs, 100 ep | Full available curve retained; registered_horizon and in_registered_plateau5_window identify the primary endpoint. Epoch observations are not independent seeds.",accuracy percent; epoch is the raw zero-based epoch index
tn1,scal,scal,0,tn1-scal-s0,99,9.93,9.68,S0090,100,true,"`tn1`, 12 runs, 100 ep | Full available curve retained; registered_horizon and in_registered_plateau5_window identify the primary endpoint. Epoch observations are not independent seeds.",accuracy percent; epoch is the raw zero-based epoch index
tn1,scal,scal,1,tn1-scal-s1,0,0.51,0.46,S0091,100,false,"`tn1`, 12 runs, 100 ep | Full available curve retained; registered_horizon and in_registered_plateau5_window identify the primary endpoint. Epoch observations are not independent seeds.",accuracy percent; epoch is the raw zero-based epoch index
tn1,scal,scal,1,tn1-scal-s1,1,0.49,0.45,S0091,100,false,"`tn1`, 12 runs, 100 ep | Full available curve retained; registered_horizon and in_registered_plateau5_window identify the primary endpoint. Epoch observations are not independent seeds.",accuracy percent; epoch is the raw zero-based epoch index
tn1,scal,scal,1,tn1-scal-s1,2,0.48,0.48,S0091,100,false,"`tn1`, 12 runs, 100 ep | Full available curve retained; registered_horizon and in_registered_plateau5_window identify the primary endpoint. Epoch observations are not independent seeds.",accuracy percent; epoch is the raw zero-based epoch index
tn1,scal,scal,1,tn1-scal-s1,3,0.53,0.45,S0091,100,false,"`tn1`, 12 runs, 100 ep | Full available curve retained; registered_horizon and in_registered_plateau5_window identify the primary endpoint. Epoch observations are not independent seeds.",accuracy percent; epoch is the raw zero-based epoch index
tn1,scal,scal,1,tn1-scal-s1,4,0.69,0.53,S0091,100,false,"`tn1`, 12 runs, 100 ep | Full available curve retained; registered_horizon and in_registered_plateau5_window identify the primary endpoint. Epoch observations are not independent seeds.",accuracy percent; epoch is the raw zero-based epoch index
tn1,scal,scal,1,tn1-scal-s1,5,1.57,0.87,S0091,100,false,"`tn1`, 12 runs, 100 ep | Full available curve retained; registered_horizon and in_registered_plateau5_window identify the primary endpoint. Epoch observations are not independent seeds.",accuracy percent; epoch is the raw zero-based epoch index
tn1,scal,scal,1,tn1-scal-s1,6,3.12,2.17,S0091,100,false,"`tn1`, 12 runs, 100 ep | Full available curve retained; registered_horizon and in_registered_plateau5_window identify the primary endpoint. Epoch observations are not independent seeds.",accuracy percent; epoch is the raw zero-based epoch index
tn1,scal,scal,1,tn1-scal-s1,7,5.33,4.06,S0091,100,false,"`tn1`, 12 runs, 100 ep | Full available curve retained; registered_horizon and in_registered_plateau5_window identify the primary endpoint. Epoch observations are not independent seeds.",accuracy percent; epoch is the raw zero-based epoch index
tn1,scal,scal,1,tn1-scal-s1,8,6.92,6.4,S0091,100,false,"`tn1`, 12 runs, 100 ep | Full available curve retained; registered_horizon and in_registered_plateau5_window identify the primary endpoint. Epoch observations are not independent seeds.",accuracy percent; epoch is the raw zero-based epoch index
tn1,scal,scal,1,tn1-scal-s1,9,8.51,8.15,S0091,100,false,"`tn1`, 12 runs, 100 ep | Full available curve retained; registered_horizon and in_registered_plateau5_window identify the primary endpoint. Epoch observations are not independent seeds.",accuracy percent; epoch is the raw zero-based epoch index
tn1,scal,scal,1,tn1-scal-s1,10,9.21,8.94,S0091,100,false,"`tn1`, 12 runs, 100 ep | Full available curve retained; registered_horizon and in_registered_plateau5_window identify the primary endpoint. Epoch observations are not independent seeds.",accuracy percent; epoch is the raw zero-based epoch index
tn1,scal,scal,1,tn1-scal-s1,11,9.7,9.46,S0091,100,false,"`tn1`, 12 runs, 100 ep | Full available curve retained; registered_horizon and in_registered_plateau5_window identify the primary endpoint. Epoch observations are not independent seeds.",accuracy percent; epoch is the raw zero-based epoch index
tn1,scal,scal,1,tn1-scal-s1,12,9.89,9.6,S0091,100,false,"`tn1`, 12 runs, 100 ep | Full available curve retained; registered_horizon and in_registered_plateau5_window identify the primary endpoint. Epoch observations are not independent seeds.",accuracy percent; epoch is the raw zero-based epoch index
tn1,scal,scal,1,tn1-scal-s1,13,9.96,9.6,S0091,100,false,"`tn1`, 12 runs, 100 ep | Full available curve retained; registered_horizon and in_registered_plateau5_window identify the primary endpoint. Epoch observations are not independent seeds.",accuracy percent; epoch is the raw zero-based epoch index
tn1,scal,scal,1,tn1-scal-s1,14,9.89,9.62,S0091,100,false,"`tn1`, 12 runs, 100 ep | Full available curve retained; registered_horizon and in_registered_plateau5_window identify the primary endpoint. Epoch observations are not independent seeds.",accuracy percent; epoch is the raw zero-based epoch index
tn1,scal,scal,1,tn1-scal-s1,15,9.77,9.7,S0091,100,false,"`tn1`, 12 runs, 100 ep | Full available curve retained; registered_horizon and in_registered_plateau5_window identify the primary endpoint. Epoch observations are not independent seeds.",accuracy percent; epoch is the raw zero-based epoch index
tn1,scal,scal,1,tn1-scal-s1,16,9.72,9.65,S0091,100,false,"`tn1`, 12 runs, 100 ep | Full available curve retained; registered_horizon and in_registered_plateau5_window identify the primary endpoint. Epoch observations are not independent seeds.",accuracy percent; epoch is the raw zero-based epoch index
tn1,scal,scal,1,tn1-scal-s1,17,9.86,9.69,S0091,100,false,"`tn1`, 12 runs, 100 ep | Full available curve retained; registered_horizon and in_registered_plateau5_window identify the primary endpoint. Epoch observations are not independent seeds.",accuracy percent; epoch is the raw zero-based epoch index
tn1,scal,scal,1,tn1-scal-s1,18,9.85,9.71,S0091,100,false,"`tn1`, 12 runs, 100 ep | Full available curve retained; registered_horizon and in_registered_plateau5_window identify the primary endpoint. Epoch observations are not independent seeds.",accuracy percent; epoch is the raw zero-based epoch index
tn1,scal,scal,1,tn1-scal-s1,19,9.75,9.71,S0091,100,false,"`tn1`, 12 runs, 100 ep | Full available curve retained; registered_horizon and in_registered_plateau5_window identify the primary endpoint. Epoch observations are not independent seeds.",accuracy percent; epoch is the raw zero-based epoch index
tn1,scal,scal,1,tn1-scal-s1,20,9.93,9.74,S0091,100,false,"`tn1`, 12 runs, 100 ep | Full available curve retained; registered_horizon and in_registered_plateau5_window identify the primary endpoint. Epoch observations are not independent seeds.",accuracy percent; epoch is the raw zero-based epoch index
tn1,scal,scal,1,tn1-scal-s1,21,9.74,9.69,S0091,100,false,"`tn1`, 12 runs, 100 ep | Full available curve retained; registered_horizon and in_registered_plateau5_window identify the primary endpoint. Epoch observations are not independent seeds.",accuracy percent; epoch is the raw zero-based epoch index
tn1,scal,scal,1,tn1-scal-s1,22,9.73,9.67,S0091,100,false,"`tn1`, 12 runs, 100 ep | Full available curve retained; registered_horizon and in_registered_plateau5_window identify the primary endpoint. Epoch observations are not independent seeds.",accuracy percent; epoch is the raw zero-based epoch index
tn1,scal,scal,1,tn1-scal-s1,23,9.78,9.78,S0091,100,false,"`tn1`, 12 runs, 100 ep | Full available curve retained; registered_horizon and in_registered_plateau5_window identify the primary endpoint. Epoch observations are not independent seeds.",accuracy percent; epoch is the raw zero-based epoch index
tn1,scal,scal,1,tn1-scal-s1,24,9.8,9.75,S0091,100,false,"`tn1`, 12 runs, 100 ep | Full available curve retained; registered_horizon and in_registered_plateau5_window identify the primary endpoint. Epoch observations are not independent seeds.",accuracy percent; epoch is the raw zero-based epoch index
tn1,scal,scal,1,tn1-scal-s1,25,9.81,9.73,S0091,100,false,"`tn1`, 12 runs, 100 ep | Full available curve retained; registered_horizon and in_registered_plateau5_window identify the primary endpoint. Epoch observations are not independent seeds.",accuracy percent; epoch is the raw zero-based epoch index
tn1,scal,scal,1,tn1-scal-s1,26,9.78,9.72,S0091,100,false,"`tn1`, 12 runs, 100 ep | Full available curve retained; registered_horizon and in_registered_plateau5_window identify the primary endpoint. Epoch observations are not independent seeds.",accuracy percent; epoch is the raw zero-based epoch index
tn1,scal,scal,1,tn1-scal-s1,27,9.75,9.73,S0091,100,false,"`tn1`, 12 runs, 100 ep | Full available curve retained; registered_horizon and in_registered_plateau5_window identify the primary endpoint. Epoch observations are not independent seeds.",accuracy percent; epoch is the raw zero-based epoch index
tn1,scal,scal,1,tn1-scal-s1,28,9.77,9.74,S0091,100,false,"`tn1`, 12 runs, 100 ep | Full available curve retained; registered_horizon and in_registered_plateau5_window identify the primary endpoint. Epoch observations are not independent seeds.",accuracy percent; epoch is the raw zero-based epoch index
tn1,scal,scal,1,tn1-scal-s1,29,9.86,9.71,S0091,100,false,"`tn1`, 12 runs, 100 ep | Full available curve retained; registered_horizon and in_registered_plateau5_window identify the primary endpoint. Epoch observations are not independent seeds.",accuracy percent; epoch is the raw zero-based epoch index
tn1,scal,scal,1,tn1-scal-s1,30,9.85,9.71,S0091,100,false,"`tn1`, 12 runs, 100 ep | Full available curve retained; registered_horizon and in_registered_plateau5_window identify the primary endpoint. Epoch observations are not independent seeds.",accuracy percent; epoch is the raw zero-based epoch index
tn1,scal,scal,1,tn1-scal-s1,31,9.88,9.68,S0091,100,false,"`tn1`, 12 runs, 100 ep | Full available curve retained; registered_horizon and in_registered_plateau5_window identify the primary endpoint. Epoch observations are not independent seeds.",accuracy percent; epoch is the raw zero-based epoch index
tn1,scal,scal,1,tn1-scal-s1,32,9.86,9.66,S0091,100,false,"`tn1`, 12 runs, 100 ep | Full available curve retained; registered_horizon and in_registered_plateau5_window identify the primary endpoint. Epoch observations are not independent seeds.",accuracy percent; epoch is the raw zero-based epoch index
tn1,scal,scal,1,tn1-scal-s1,33,9.73,9.68,S0091,100,false,"`tn1`, 12 runs, 100 ep | Full available curve retained; registered_horizon and in_registered_plateau5_window identify the primary endpoint. Epoch observations are not independent seeds.",accuracy percent; epoch is the raw zero-based epoch index
tn1,scal,scal,1,tn1-scal-s1,34,9.84,9.67,S0091,100,false,"`tn1`, 12 runs, 100 ep | Full available curve retained; registered_horizon and in_registered_plateau5_window identify the primary endpoint. Epoch observations are not independent seeds.",accuracy percent; epoch is the raw zero-based epoch index
tn1,scal,scal,1,tn1-scal-s1,35,9.89,9.76,S0091,100,false,"`tn1`, 12 runs, 100 ep | Full available curve retained; registered_horizon and in_registered_plateau5_window identify the primary endpoint. Epoch observations are not independent seeds.",accuracy percent; epoch is the raw zero-based epoch index
tn1,scal,scal,1,tn1-scal-s1,36,9.91,9.66,S0091,100,false,"`tn1`, 12 runs, 100 ep | Full available curve retained; registered_horizon and in_registered_plateau5_window identify the primary endpoint. Epoch observations are not independent seeds.",accuracy percent; epoch is the raw zero-based epoch index
tn1,scal,scal,1,tn1-scal-s1,37,9.83,9.65,S0091,100,false,"`tn1`, 12 runs, 100 ep | Full available curve retained; registered_horizon and in_registered_plateau5_window identify the primary endpoint. Epoch observations are not independent seeds.",accuracy percent; epoch is the raw zero-based epoch index
tn1,scal,scal,1,tn1-scal-s1,38,9.97,9.68,S0091,100,false,"`tn1`, 12 runs, 100 ep | Full available curve retained; registered_horizon and in_registered_plateau5_window identify the primary endpoint. Epoch observations are not independent seeds.",accuracy percent; epoch is the raw zero-based epoch index
tn1,scal,scal,1,tn1-scal-s1,39,9.74,9.67,S0091,100,false,"`tn1`, 12 runs, 100 ep | Full available curve retained; registered_horizon and in_registered_plateau5_window identify the primary endpoint. Epoch observations are not independent seeds.",accuracy percent; epoch is the raw zero-based epoch index
tn1,scal,scal,1,tn1-scal-s1,40,9.76,9.65,S0091,100,false,"`tn1`, 12 runs, 100 ep | Full available curve retained; registered_horizon and in_registered_plateau5_window identify the primary endpoint. Epoch observations are not independent seeds.",accuracy percent; epoch is the raw zero-based epoch index
tn1,scal,scal,1,tn1-scal-s1,41,9.79,9.77,S0091,100,false,"`tn1`, 12 runs, 100 ep | Full available curve retained; registered_horizon and in_registered_plateau5_window identify the primary endpoint. Epoch observations are not independent seeds.",accuracy percent; epoch is the raw zero-based epoch index
tn1,scal,scal,1,tn1-scal-s1,42,9.83,9.68,S0091,100,false,"`tn1`, 12 runs, 100 ep | Full available curve retained; registered_horizon and in_registered_plateau5_window identify the primary endpoint. Epoch observations are not independent seeds.",accuracy percent; epoch is the raw zero-based epoch index
tn1,scal,scal,1,tn1-scal-s1,43,9.87,9.78,S0091,100,false,"`tn1`, 12 runs, 100 ep | Full available curve retained; registered_horizon and in_registered_plateau5_window identify the primary endpoint. Epoch observations are not independent seeds.",accuracy percent; epoch is the raw zero-based epoch index
tn1,scal,scal,1,tn1-scal-s1,44,9.91,9.72,S0091,100,false,"`tn1`, 12 runs, 100 ep | Full available curve retained; registered_horizon and in_registered_plateau5_window identify the primary endpoint. Epoch observations are not independent seeds.",accuracy percent; epoch is the raw zero-based epoch index
tn1,scal,scal,1,tn1-scal-s1,45,9.76,9.71,S0091,100,false,"`tn1`, 12 runs, 100 ep | Full available curve retained; registered_horizon and in_registered_plateau5_window identify the primary endpoint. Epoch observations are not independent seeds.",accuracy percent; epoch is the raw zero-based epoch index
tn1,scal,scal,1,tn1-scal-s1,46,9.93,9.72,S0091,100,false,"`tn1`, 12 runs, 100 ep | Full available curve retained; registered_horizon and in_registered_plateau5_window identify the primary endpoint. Epoch observations are not independent seeds.",accuracy percent; epoch is the raw zero-based epoch index
tn1,scal,scal,1,tn1-scal-s1,47,9.86,9.73,S0091,100,false,"`tn1`, 12 runs, 100 ep | Full available curve retained; registered_horizon and in_registered_plateau5_window identify the primary endpoint. Epoch observations are not independent seeds.",accuracy percent; epoch is the raw zero-based epoch index
tn1,scal,scal,1,tn1-scal-s1,48,9.82,9.69,S0091,100,false,"`tn1`, 12 runs, 100 ep | Full available curve retained; registered_horizon and in_registered_plateau5_window identify the primary endpoint. Epoch observations are not independent seeds.",accuracy percent; epoch is the raw zero-based epoch index
tn1,scal,scal,1,tn1-scal-s1,49,9.76,9.68,S0091,100,false,"`tn1`, 12 runs, 100 ep | Full available curve retained; registered_horizon and in_registered_plateau5_window identify the primary endpoint. Epoch observations are not independent seeds.",accuracy percent; epoch is the raw zero-based epoch index
tn1,scal,scal,1,tn1-scal-s1,50,9.75,9.66,S0091,100,false,"`tn1`, 12 runs, 100 ep | Full available curve retained; registered_horizon and in_registered_plateau5_window identify the primary endpoint. Epoch observations are not independent seeds.",accuracy percent; epoch is the raw zero-based epoch index
tn1,scal,scal,1,tn1-scal-s1,51,9.88,9.65,S0091,100,false,"`tn1`, 12 runs, 100 ep | Full available curve retained; registered_horizon and in_registered_plateau5_window identify the primary endpoint. Epoch observations are not independent seeds.",accuracy percent; epoch is the raw zero-based epoch index
tn1,scal,scal,1,tn1-scal-s1,52,9.81,9.74,S0091,100,false,"`tn1`, 12 runs, 100 ep | Full available curve retained; registered_horizon and in_registered_plateau5_window identify the primary endpoint. Epoch observations are not independent seeds.",accuracy percent; epoch is the raw zero-based epoch index
tn1,scal,scal,1,tn1-scal-s1,53,9.8,9.71,S0091,100,false,"`tn1`, 12 runs, 100 ep | Full available curve retained; registered_horizon and in_registered_plateau5_window identify the primary endpoint. Epoch observations are not independent seeds.",accuracy percent; epoch is the raw zero-based epoch index
tn1,scal,scal,1,tn1-scal-s1,54,9.77,9.7,S0091,100,false,"`tn1`, 12 runs, 100 ep | Full available curve retained; registered_horizon and in_registered_plateau5_window identify the primary endpoint. Epoch observations are not independent seeds.",accuracy percent; epoch is the raw zero-based epoch index
tn1,scal,scal,1,tn1-scal-s1,55,9.73,9.67,S0091,100,false,"`tn1`, 12 runs, 100 ep | Full available curve retained; registered_horizon and in_registered_plateau5_window identify the primary endpoint. Epoch observations are not independent seeds.",accuracy percent; epoch is the raw zero-based epoch index
tn1,scal,scal,1,tn1-scal-s1,56,9.76,9.69,S0091,100,false,"`tn1`, 12 runs, 100 ep | Full available curve retained; registered_horizon and in_registered_plateau5_window identify the primary endpoint. Epoch observations are not independent seeds.",accuracy percent; epoch is the raw zero-based epoch index
tn1,scal,scal,1,tn1-scal-s1,57,9.75,9.74,S0091,100,false,"`tn1`, 12 runs, 100 ep | Full available curve retained; registered_horizon and in_registered_plateau5_window identify the primary endpoint. Epoch observations are not independent seeds.",accuracy percent; epoch is the raw zero-based epoch index
tn1,scal,scal,1,tn1-scal-s1,58,9.85,9.63,S0091,100,false,"`tn1`, 12 runs, 100 ep | Full available curve retained; registered_horizon and in_registered_plateau5_window identify the primary endpoint. Epoch observations are not independent seeds.",accuracy percent; epoch is the raw zero-based epoch index
tn1,scal,scal,1,tn1-scal-s1,59,9.72,9.71,S0091,100,false,"`tn1`, 12 runs, 100 ep | Full available curve retained; registered_horizon and in_registered_plateau5_window identify the primary endpoint. Epoch observations are not independent seeds.",accuracy percent; epoch is the raw zero-based epoch index
tn1,scal,scal,1,tn1-scal-s1,60,9.79,9.65,S0091,100,false,"`tn1`, 12 runs, 100 ep | Full available curve retained; registered_horizon and in_registered_plateau5_window identify the primary endpoint. Epoch observations are not independent seeds.",accuracy percent; epoch is the raw zero-based epoch index
tn1,scal,scal,1,tn1-scal-s1,61,9.81,9.74,S0091,100,false,"`tn1`, 12 runs, 100 ep | Full available curve retained; registered_horizon and in_registered_plateau5_window identify the primary endpoint. Epoch observations are not independent seeds.",accuracy percent; epoch is the raw zero-based epoch index
tn1,scal,scal,1,tn1-scal-s1,62,9.82,9.74,S0091,100,false,"`tn1`, 12 runs, 100 ep | Full available curve retained; registered_horizon and in_registered_plateau5_window identify the primary endpoint. Epoch observations are not independent seeds.",accuracy percent; epoch is the raw zero-based epoch index
tn1,scal,scal,1,tn1-scal-s1,63,9.8,9.68,S0091,100,false,"`tn1`, 12 runs, 100 ep | Full available curve retained; registered_horizon and in_registered_plateau5_window identify the primary endpoint. Epoch observations are not independent seeds.",accuracy percent; epoch is the raw zero-based epoch index
tn1,scal,scal,1,tn1-scal-s1,64,9.75,9.66,S0091,100,false,"`tn1`, 12 runs, 100 ep | Full available curve retained; registered_horizon and in_registered_plateau5_window identify the primary endpoint. Epoch observations are not independent seeds.",accuracy percent; epoch is the raw zero-based epoch index
tn1,scal,scal,1,tn1-scal-s1,65,9.83,9.77,S0091,100,false,"`tn1`, 12 runs, 100 ep | Full available curve retained; registered_horizon and in_registered_plateau5_window identify the primary endpoint. Epoch observations are not independent seeds.",accuracy percent; epoch is the raw zero-based epoch index
tn1,scal,scal,1,tn1-scal-s1,66,9.85,9.74,S0091,100,false,"`tn1`, 12 runs, 100 ep | Full available curve retained; registered_horizon and in_registered_plateau5_window identify the primary endpoint. Epoch observations are not independent seeds.",accuracy percent; epoch is the raw zero-based epoch index
tn1,scal,scal,1,tn1-scal-s1,67,9.93,9.7,S0091,100,false,"`tn1`, 12 runs, 100 ep | Full available curve retained; registered_horizon and in_registered_plateau5_window identify the primary endpoint. Epoch observations are not independent seeds.",accuracy percent; epoch is the raw zero-based epoch index
tn1,scal,scal,1,tn1-scal-s1,68,9.84,9.73,S0091,100,false,"`tn1`, 12 runs, 100 ep | Full available curve retained; registered_horizon and in_registered_plateau5_window identify the primary endpoint. Epoch observations are not independent seeds.",accuracy percent; epoch is the raw zero-based epoch index
tn1,scal,scal,1,tn1-scal-s1,69,9.91,9.64,S0091,100,false,"`tn1`, 12 runs, 100 ep | Full available curve retained; registered_horizon and in_registered_plateau5_window identify the primary endpoint. Epoch observations are not independent seeds.",accuracy percent; epoch is the raw zero-based epoch index
tn1,scal,scal,1,tn1-scal-s1,70,9.94,9.66,S0091,100,false,"`tn1`, 12 runs, 100 ep | Full available curve retained; registered_horizon and in_registered_plateau5_window identify the primary endpoint. Epoch observations are not independent seeds.",accuracy percent; epoch is the raw zero-based epoch index
tn1,scal,scal,1,tn1-scal-s1,71,9.81,9.69,S0091,100,false,"`tn1`, 12 runs, 100 ep | Full available curve retained; registered_horizon and in_registered_plateau5_window identify the primary endpoint. Epoch observations are not independent seeds.",accuracy percent; epoch is the raw zero-based epoch index
tn1,scal,scal,1,tn1-scal-s1,72,9.86,9.74,S0091,100,false,"`tn1`, 12 runs, 100 ep | Full available curve retained; registered_horizon and in_registered_plateau5_window identify the primary endpoint. Epoch observations are not independent seeds.",accuracy percent; epoch is the raw zero-based epoch index
tn1,scal,scal,1,tn1-scal-s1,73,9.72,9.72,S0091,100,false,"`tn1`, 12 runs, 100 ep | Full available curve retained; registered_horizon and in_registered_plateau5_window identify the primary endpoint. Epoch observations are not independent seeds.",accuracy percent; epoch is the raw zero-based epoch index
tn1,scal,scal,1,tn1-scal-s1,74,9.84,9.7,S0091,100,false,"`tn1`, 12 runs, 100 ep | Full available curve retained; registered_horizon and in_registered_plateau5_window identify the primary endpoint. Epoch observations are not independent seeds.",accuracy percent; epoch is the raw zero-based epoch index
tn1,scal,scal,1,tn1-scal-s1,75,9.75,9.73,S0091,100,false,"`tn1`, 12 runs, 100 ep | Full available curve retained; registered_horizon and in_registered_plateau5_window identify the primary endpoint. Epoch observations are not independent seeds.",accuracy percent; epoch is the raw zero-based epoch index
tn1,scal,scal,1,tn1-scal-s1,76,9.97,9.73,S0091,100,false,"`tn1`, 12 runs, 100 ep | Full available curve retained; registered_horizon and in_registered_plateau5_window identify the primary endpoint. Epoch observations are not independent seeds.",accuracy percent; epoch is the raw zero-based epoch index
tn1,scal,scal,1,tn1-scal-s1,77,9.89,9.66,S0091,100,false,"`tn1`, 12 runs, 100 ep | Full available curve retained; registered_horizon and in_registered_plateau5_window identify the primary endpoint. Epoch observations are not independent seeds.",accuracy percent; epoch is the raw zero-based epoch index
tn1,scal,scal,1,tn1-scal-s1,78,9.89,9.74,S0091,100,false,"`tn1`, 12 runs, 100 ep | Full available curve retained; registered_horizon and in_registered_plateau5_window identify the primary endpoint. Epoch observations are not independent seeds.",accuracy percent; epoch is the raw zero-based epoch index
tn1,scal,scal,1,tn1-scal-s1,79,9.88,9.71,S0091,100,false,"`tn1`, 12 runs, 100 ep | Full available curve retained; registered_horizon and in_registered_plateau5_window identify the primary endpoint. Epoch observations are not independent seeds.",accuracy percent; epoch is the raw zero-based epoch index
tn1,scal,scal,1,tn1-scal-s1,80,9.83,9.74,S0091,100,false,"`tn1`, 12 runs, 100 ep | Full available curve retained; registered_horizon and in_registered_plateau5_window identify the primary endpoint. Epoch observations are not independent seeds.",accuracy percent; epoch is the raw zero-based epoch index
tn1,scal,scal,1,tn1-scal-s1,81,9.84,9.67,S0091,100,false,"`tn1`, 12 runs, 100 ep | Full available curve retained; registered_horizon and in_registered_plateau5_window identify the primary endpoint. Epoch observations are not independent seeds.",accuracy percent; epoch is the raw zero-based epoch index
tn1,scal,scal,1,tn1-scal-s1,82,9.87,9.63,S0091,100,false,"`tn1`, 12 runs, 100 ep | Full available curve retained; registered_horizon and in_registered_plateau5_window identify the primary endpoint. Epoch observations are not independent seeds.",accuracy percent; epoch is the raw zero-based epoch index
tn1,scal,scal,1,tn1-scal-s1,83,9.9,9.76,S0091,100,false,"`tn1`, 12 runs, 100 ep | Full available curve retained; registered_horizon and in_registered_plateau5_window identify the primary endpoint. Epoch observations are not independent seeds.",accuracy percent; epoch is the raw zero-based epoch index
tn1,scal,scal,1,tn1-scal-s1,84,9.82,9.71,S0091,100,false,"`tn1`, 12 runs, 100 ep | Full available curve retained; registered_horizon and in_registered_plateau5_window identify the primary endpoint. Epoch observations are not independent seeds.",accuracy percent; epoch is the raw zero-based epoch index
tn1,scal,scal,1,tn1-scal-s1,85,9.81,9.66,S0091,100,false,"`tn1`, 12 runs, 100 ep | Full available curve retained; registered_horizon and in_registered_plateau5_window identify the primary endpoint. Epoch observations are not independent seeds.",accuracy percent; epoch is the raw zero-based epoch index
tn1,scal,scal,1,tn1-scal-s1,86,9.87,9.64,S0091,100,false,"`tn1`, 12 runs, 100 ep | Full available curve retained; registered_horizon and in_registered_plateau5_window identify the primary endpoint. Epoch observations are not independent seeds.",accuracy percent; epoch is the raw zero-based epoch index
tn1,scal,scal,1,tn1-scal-s1,87,9.85,9.74,S0091,100,false,"`tn1`, 12 runs, 100 ep | Full available curve retained; registered_horizon and in_registered_plateau5_window identify the primary endpoint. Epoch observations are not independent seeds.",accuracy percent; epoch is the raw zero-based epoch index
tn1,scal,scal,1,tn1-scal-s1,88,9.89,9.74,S0091,100,false,"`tn1`, 12 runs, 100 ep | Full available curve retained; registered_horizon and in_registered_plateau5_window identify the primary endpoint. Epoch observations are not independent seeds.",accuracy percent; epoch is the raw zero-based epoch index
tn1,scal,scal,1,tn1-scal-s1,89,9.98,9.71,S0091,100,false,"`tn1`, 12 runs, 100 ep | Full available curve retained; registered_horizon and in_registered_plateau5_window identify the primary endpoint. Epoch observations are not independent seeds.",accuracy percent; epoch is the raw zero-based epoch index
tn1,scal,scal,1,tn1-scal-s1,90,9.89,9.78,S0091,100,false,"`tn1`, 12 runs, 100 ep | Full available curve retained; registered_horizon and in_registered_plateau5_window identify the primary endpoint. Epoch observations are not independent seeds.",accuracy percent; epoch is the raw zero-based epoch index
tn1,scal,scal,1,tn1-scal-s1,91,9.88,9.63,S0091,100,false,"`tn1`, 12 runs, 100 ep | Full available curve retained; registered_horizon and in_registered_plateau5_window identify the primary endpoint. Epoch observations are not independent seeds.",accuracy percent; epoch is the raw zero-based epoch index
tn1,scal,scal,1,tn1-scal-s1,92,9.86,9.63,S0091,100,false,"`tn1`, 12 runs, 100 ep | Full available curve retained; registered_horizon and in_registered_plateau5_window identify the primary endpoint. Epoch observations are not independent seeds.",accuracy percent; epoch is the raw zero-based epoch index
tn1,scal,scal,1,tn1-scal-s1,93,9.79,9.73,S0091,100,false,"`tn1`, 12 runs, 100 ep | Full available curve retained; registered_horizon and in_registered_plateau5_window identify the primary endpoint. Epoch observations are not independent seeds.",accuracy percent; epoch is the raw zero-based epoch index
tn1,scal,scal,1,tn1-scal-s1,94,9.85,9.64,S0091,100,false,"`tn1`, 12 runs, 100 ep | Full available curve retained; registered_horizon and in_registered_plateau5_window identify the primary endpoint. Epoch observations are not independent seeds.",accuracy percent; epoch is the raw zero-based epoch index
tn1,scal,scal,1,tn1-scal-s1,95,9.86,9.77,S0091,100,true,"`tn1`, 12 runs, 100 ep | Full available curve retained; registered_horizon and in_registered_plateau5_window identify the primary endpoint. Epoch observations are not independent seeds.",accuracy percent; epoch is the raw zero-based epoch index
tn1,scal,scal,1,tn1-scal-s1,96,9.87,9.69,S0091,100,true,"`tn1`, 12 runs, 100 ep | Full available curve retained; registered_horizon and in_registered_plateau5_window identify the primary endpoint. Epoch observations are not independent seeds.",accuracy percent; epoch is the raw zero-based epoch index
tn1,scal,scal,1,tn1-scal-s1,97,9.93,9.67,S0091,100,true,"`tn1`, 12 runs, 100 ep | Full available curve retained; registered_horizon and in_registered_plateau5_window identify the primary endpoint. Epoch observations are not independent seeds.",accuracy percent; epoch is the raw zero-based epoch index
tn1,scal,scal,1,tn1-scal-s1,98,9.76,9.75,S0091,100,true,"`tn1`, 12 runs, 100 ep | Full available curve retained; registered_horizon and in_registered_plateau5_window identify the primary endpoint. Epoch observations are not independent seeds.",accuracy percent; epoch is the raw zero-based epoch index
tn1,scal,scal,1,tn1-scal-s1,99,9.94,9.77,S0091,100,true,"`tn1`, 12 runs, 100 ep | Full available curve retained; registered_horizon and in_registered_plateau5_window identify the primary endpoint. Epoch observations are not independent seeds.",accuracy percent; epoch is the raw zero-based epoch index
tn1,scal,scal,2,tn1-scal-s2,0,0.52,0.49,S0092,100,false,"`tn1`, 12 runs, 100 ep | Full available curve retained; registered_horizon and in_registered_plateau5_window identify the primary endpoint. Epoch observations are not independent seeds.",accuracy percent; epoch is the raw zero-based epoch index
tn1,scal,scal,2,tn1-scal-s2,1,0.48,0.48,S0092,100,false,"`tn1`, 12 runs, 100 ep | Full available curve retained; registered_horizon and in_registered_plateau5_window identify the primary endpoint. Epoch observations are not independent seeds.",accuracy percent; epoch is the raw zero-based epoch index
tn1,scal,scal,2,tn1-scal-s2,2,0.5,0.5,S0092,100,false,"`tn1`, 12 runs, 100 ep | Full available curve retained; registered_horizon and in_registered_plateau5_window identify the primary endpoint. Epoch observations are not independent seeds.",accuracy percent; epoch is the raw zero-based epoch index
tn1,scal,scal,2,tn1-scal-s2,3,0.45,0.55,S0092,100,false,"`tn1`, 12 runs, 100 ep | Full available curve retained; registered_horizon and in_registered_plateau5_window identify the primary endpoint. Epoch observations are not independent seeds.",accuracy percent; epoch is the raw zero-based epoch index
tn1,scal,scal,2,tn1-scal-s2,4,0.65,0.59,S0092,100,false,"`tn1`, 12 runs, 100 ep | Full available curve retained; registered_horizon and in_registered_plateau5_window identify the primary endpoint. Epoch observations are not independent seeds.",accuracy percent; epoch is the raw zero-based epoch index
tn1,scal,scal,2,tn1-scal-s2,5,1.71,0.98,S0092,100,false,"`tn1`, 12 runs, 100 ep | Full available curve retained; registered_horizon and in_registered_plateau5_window identify the primary endpoint. Epoch observations are not independent seeds.",accuracy percent; epoch is the raw zero-based epoch index
tn1,scal,scal,2,tn1-scal-s2,6,3.27,2.3,S0092,100,false,"`tn1`, 12 runs, 100 ep | Full available curve retained; registered_horizon and in_registered_plateau5_window identify the primary endpoint. Epoch observations are not independent seeds.",accuracy percent; epoch is the raw zero-based epoch index
tn1,scal,scal,2,tn1-scal-s2,7,5.89,4.31,S0092,100,false,"`tn1`, 12 runs, 100 ep | Full available curve retained; registered_horizon and in_registered_plateau5_window identify the primary endpoint. Epoch observations are not independent seeds.",accuracy percent; epoch is the raw zero-based epoch index
tn1,scal,scal,2,tn1-scal-s2,8,6.67,6.49,S0092,100,false,"`tn1`, 12 runs, 100 ep | Full available curve retained; registered_horizon and in_registered_plateau5_window identify the primary endpoint. Epoch observations are not independent seeds.",accuracy percent; epoch is the raw zero-based epoch index
tn1,scal,scal,2,tn1-scal-s2,9,8.73,8.21,S0092,100,false,"`tn1`, 12 runs, 100 ep | Full available curve retained; registered_horizon and in_registered_plateau5_window identify the primary endpoint. Epoch observations are not independent seeds.",accuracy percent; epoch is the raw zero-based epoch index
tn1,scal,scal,2,tn1-scal-s2,10,9.62,9.1,S0092,100,false,"`tn1`, 12 runs, 100 ep | Full available curve retained; registered_horizon and in_registered_plateau5_window identify the primary endpoint. Epoch observations are not independent seeds.",accuracy percent; epoch is the raw zero-based epoch index
tn1,scal,scal,2,tn1-scal-s2,11,9.67,9.49,S0092,100,false,"`tn1`, 12 runs, 100 ep | Full available curve retained; registered_horizon and in_registered_plateau5_window identify the primary endpoint. Epoch observations are not independent seeds.",accuracy percent; epoch is the raw zero-based epoch index
tn1,scal,scal,2,tn1-scal-s2,12,9.81,9.68,S0092,100,false,"`tn1`, 12 runs, 100 ep | Full available curve retained; registered_horizon and in_registered_plateau5_window identify the primary endpoint. Epoch observations are not independent seeds.",accuracy percent; epoch is the raw zero-based epoch index
tn1,scal,scal,2,tn1-scal-s2,13,9.89,9.72,S0092,100,false,"`tn1`, 12 runs, 100 ep | Full available curve retained; registered_horizon and in_registered_plateau5_window identify the primary endpoint. Epoch observations are not independent seeds.",accuracy percent; epoch is the raw zero-based epoch index
tn1,scal,scal,2,tn1-scal-s2,14,9.71,9.75,S0092,100,false,"`tn1`, 12 runs, 100 ep | Full available curve retained; registered_horizon and in_registered_plateau5_window identify the primary endpoint. Epoch observations are not independent seeds.",accuracy percent; epoch is the raw zero-based epoch index
tn1,scal,scal,2,tn1-scal-s2,15,9.91,9.77,S0092,100,false,"`tn1`, 12 runs, 100 ep | Full available curve retained; registered_horizon and in_registered_plateau5_window identify the primary endpoint. Epoch observations are not independent seeds.",accuracy percent; epoch is the raw zero-based epoch index
tn1,scal,scal,2,tn1-scal-s2,16,9.67,9.75,S0092,100,false,"`tn1`, 12 runs, 100 ep | Full available curve retained; registered_horizon and in_registered_plateau5_window identify the primary endpoint. Epoch observations are not independent seeds.",accuracy percent; epoch is the raw zero-based epoch index
tn1,scal,scal,2,tn1-scal-s2,17,9.68,9.75,S0092,100,false,"`tn1`, 12 runs, 100 ep | Full available curve retained; registered_horizon and in_registered_plateau5_window identify the primary endpoint. Epoch observations are not independent seeds.",accuracy percent; epoch is the raw zero-based epoch index
tn1,scal,scal,2,tn1-scal-s2,18,9.96,9.81,S0092,100,false,"`tn1`, 12 runs, 100 ep | Full available curve retained; registered_horizon and in_registered_plateau5_window identify the primary endpoint. Epoch observations are not independent seeds.",accuracy percent; epoch is the raw zero-based epoch index
tn1,scal,scal,2,tn1-scal-s2,19,9.82,9.81,S0092,100,false,"`tn1`, 12 runs, 100 ep | Full available curve retained; registered_horizon and in_registered_plateau5_window identify the primary endpoint. Epoch observations are not independent seeds.",accuracy percent; epoch is the raw zero-based epoch index
tn1,scal,scal,2,tn1-scal-s2,20,9.69,9.88,S0092,100,false,"`tn1`, 12 runs, 100 ep | Full available curve retained; registered_horizon and in_registered_plateau5_window identify the primary endpoint. Epoch observations are not independent seeds.",accuracy percent; epoch is the raw zero-based epoch index
tn1,scal,scal,2,tn1-scal-s2,21,9.77,9.84,S0092,100,false,"`tn1`, 12 runs, 100 ep | Full available curve retained; registered_horizon and in_registered_plateau5_window identify the primary endpoint. Epoch observations are not independent seeds.",accuracy percent; epoch is the raw zero-based epoch index
tn1,scal,scal,2,tn1-scal-s2,22,9.82,9.92,S0092,100,false,"`tn1`, 12 runs, 100 ep | Full available curve retained; registered_horizon and in_registered_plateau5_window identify the primary endpoint. Epoch observations are not independent seeds.",accuracy percent; epoch is the raw zero-based epoch index
tn1,scal,scal,2,tn1-scal-s2,23,9.92,9.87,S0092,100,false,"`tn1`, 12 runs, 100 ep | Full available curve retained; registered_horizon and in_registered_plateau5_window identify the primary endpoint. Epoch observations are not independent seeds.",accuracy percent; epoch is the raw zero-based epoch index
tn1,scal,scal,2,tn1-scal-s2,24,9.79,9.82,S0092,100,false,"`tn1`, 12 runs, 100 ep | Full available curve retained; registered_horizon and in_registered_plateau5_window identify the primary endpoint. Epoch observations are not independent seeds.",accuracy percent; epoch is the raw zero-based epoch index
tn1,scal,scal,2,tn1-scal-s2,25,9.68,9.84,S0092,100,false,"`tn1`, 12 runs, 100 ep | Full available curve retained; registered_horizon and in_registered_plateau5_window identify the primary endpoint. Epoch observations are not independent seeds.",accuracy percent; epoch is the raw zero-based epoch index
tn1,scal,scal,2,tn1-scal-s2,26,9.72,9.79,S0092,100,false,"`tn1`, 12 runs, 100 ep | Full available curve retained; registered_horizon and in_registered_plateau5_window identify the primary endpoint. Epoch observations are not independent seeds.",accuracy percent; epoch is the raw zero-based epoch index
tn1,scal,scal,2,tn1-scal-s2,27,9.75,9.85,S0092,100,false,"`tn1`, 12 runs, 100 ep | Full available curve retained; registered_horizon and in_registered_plateau5_window identify the primary endpoint. Epoch observations are not independent seeds.",accuracy percent; epoch is the raw zero-based epoch index
tn1,scal,scal,2,tn1-scal-s2,28,9.9,9.83,S0092,100,false,"`tn1`, 12 runs, 100 ep | Full available curve retained; registered_horizon and in_registered_plateau5_window identify the primary endpoint. Epoch observations are not independent seeds.",accuracy percent; epoch is the raw zero-based epoch index
tn1,scal,scal,2,tn1-scal-s2,29,9.83,9.8,S0092,100,false,"`tn1`, 12 runs, 100 ep | Full available curve retained; registered_horizon and in_registered_plateau5_window identify the primary endpoint. Epoch observations are not independent seeds.",accuracy percent; epoch is the raw zero-based epoch index
tn1,scal,scal,2,tn1-scal-s2,30,9.82,9.8,S0092,100,false,"`tn1`, 12 runs, 100 ep | Full available curve retained; registered_horizon and in_registered_plateau5_window identify the primary endpoint. Epoch observations are not independent seeds.",accuracy percent; epoch is the raw zero-based epoch index
tn1,scal,scal,2,tn1-scal-s2,31,9.82,9.78,S0092,100,false,"`tn1`, 12 runs, 100 ep | Full available curve retained; registered_horizon and in_registered_plateau5_window identify the primary endpoint. Epoch observations are not independent seeds.",accuracy percent; epoch is the raw zero-based epoch index
tn1,scal,scal,2,tn1-scal-s2,32,9.96,9.82,S0092,100,false,"`tn1`, 12 runs, 100 ep | Full available curve retained; registered_horizon and in_registered_plateau5_window identify the primary endpoint. Epoch observations are not independent seeds.",accuracy percent; epoch is the raw zero-based epoch index
tn1,scal,scal,2,tn1-scal-s2,33,9.76,9.87,S0092,100,false,"`tn1`, 12 runs, 100 ep | Full available curve retained; registered_horizon and in_registered_plateau5_window identify the primary endpoint. Epoch observations are not independent seeds.",accuracy percent; epoch is the raw zero-based epoch index
tn1,scal,scal,2,tn1-scal-s2,34,9.84,9.8,S0092,100,false,"`tn1`, 12 runs, 100 ep | Full available curve retained; registered_horizon and in_registered_plateau5_window identify the primary endpoint. Epoch observations are not independent seeds.",accuracy percent; epoch is the raw zero-based epoch index
tn1,scal,scal,2,tn1-scal-s2,35,9.92,9.87,S0092,100,false,"`tn1`, 12 runs, 100 ep | Full available curve retained; registered_horizon and in_registered_plateau5_window identify the primary endpoint. Epoch observations are not independent seeds.",accuracy percent; epoch is the raw zero-based epoch index
tn1,scal,scal,2,tn1-scal-s2,36,9.8,9.77,S0092,100,false,"`tn1`, 12 runs, 100 ep | Full available curve retained; registered_horizon and in_registered_plateau5_window identify the primary endpoint. Epoch observations are not independent seeds.",accuracy percent; epoch is the raw zero-based epoch index
tn1,scal,scal,2,tn1-scal-s2,37,9.89,9.83,S0092,100,false,"`tn1`, 12 runs, 100 ep | Full available curve retained; registered_horizon and in_registered_plateau5_window identify the primary endpoint. Epoch observations are not independent seeds.",accuracy percent; epoch is the raw zero-based epoch index
tn1,scal,scal,2,tn1-scal-s2,38,9.83,9.84,S0092,100,false,"`tn1`, 12 runs, 100 ep | Full available curve retained; registered_horizon and in_registered_plateau5_window identify the primary endpoint. Epoch observations are not independent seeds.",accuracy percent; epoch is the raw zero-based epoch index
tn1,scal,scal,2,tn1-scal-s2,39,9.77,9.8,S0092,100,false,"`tn1`, 12 runs, 100 ep | Full available curve retained; registered_horizon and in_registered_plateau5_window identify the primary endpoint. Epoch observations are not independent seeds.",accuracy percent; epoch is the raw zero-based epoch index
tn1,scal,scal,2,tn1-scal-s2,40,9.64,9.79,S0092,100,false,"`tn1`, 12 runs, 100 ep | Full available curve retained; registered_horizon and in_registered_plateau5_window identify the primary endpoint. Epoch observations are not independent seeds.",accuracy percent; epoch is the raw zero-based epoch index
tn1,scal,scal,2,tn1-scal-s2,41,9.93,9.87,S0092,100,false,"`tn1`, 12 runs, 100 ep | Full available curve retained; registered_horizon and in_registered_plateau5_window identify the primary endpoint. Epoch observations are not independent seeds.",accuracy percent; epoch is the raw zero-based epoch index
tn1,scal,scal,2,tn1-scal-s2,42,9.75,9.84,S0092,100,false,"`tn1`, 12 runs, 100 ep | Full available curve retained; registered_horizon and in_registered_plateau5_window identify the primary endpoint. Epoch observations are not independent seeds.",accuracy percent; epoch is the raw zero-based epoch index
tn1,scal,scal,2,tn1-scal-s2,43,9.84,9.8,S0092,100,false,"`tn1`, 12 runs, 100 ep | Full available curve retained; registered_horizon and in_registered_plateau5_window identify the primary endpoint. Epoch observations are not independent seeds.",accuracy percent; epoch is the raw zero-based epoch index
tn1,scal,scal,2,tn1-scal-s2,44,9.76,9.79,S0092,100,false,"`tn1`, 12 runs, 100 ep | Full available curve retained; registered_horizon and in_registered_plateau5_window identify the primary endpoint. Epoch observations are not independent seeds.",accuracy percent; epoch is the raw zero-based epoch index
tn1,scal,scal,2,tn1-scal-s2,45,9.91,9.75,S0092,100,false,"`tn1`, 12 runs, 100 ep | Full available curve retained; registered_horizon and in_registered_plateau5_window identify the primary endpoint. Epoch observations are not independent seeds.",accuracy percent; epoch is the raw zero-based epoch index
tn1,scal,scal,2,tn1-scal-s2,46,9.81,9.86,S0092,100,false,"`tn1`, 12 runs, 100 ep | Full available curve retained; registered_horizon and in_registered_plateau5_window identify the primary endpoint. Epoch observations are not independent seeds.",accuracy percent; epoch is the raw zero-based epoch index
tn1,scal,scal,2,tn1-scal-s2,47,9.79,9.84,S0092,100,false,"`tn1`, 12 runs, 100 ep | Full available curve retained; registered_horizon and in_registered_plateau5_window identify the primary endpoint. Epoch observations are not independent seeds.",accuracy percent; epoch is the raw zero-based epoch index
tn1,scal,scal,2,tn1-scal-s2,48,9.78,9.83,S0092,100,false,"`tn1`, 12 runs, 100 ep | Full available curve retained; registered_horizon and in_registered_plateau5_window identify the primary endpoint. Epoch observations are not independent seeds.",accuracy percent; epoch is the raw zero-based epoch index
tn1,scal,scal,2,tn1-scal-s2,49,9.83,9.88,S0092,100,false,"`tn1`, 12 runs, 100 ep | Full available curve retained; registered_horizon and in_registered_plateau5_window identify the primary endpoint. Epoch observations are not independent seeds.",accuracy percent; epoch is the raw zero-based epoch index
tn1,scal,scal,2,tn1-scal-s2,50,9.72,9.85,S0092,100,false,"`tn1`, 12 runs, 100 ep | Full available curve retained; registered_horizon and in_registered_plateau5_window identify the primary endpoint. Epoch observations are not independent seeds.",accuracy percent; epoch is the raw zero-based epoch index
tn1,scal,scal,2,tn1-scal-s2,51,9.9,9.81,S0092,100,false,"`tn1`, 12 runs, 100 ep | Full available curve retained; registered_horizon and in_registered_plateau5_window identify the primary endpoint. Epoch observations are not independent seeds.",accuracy percent; epoch is the raw zero-based epoch index
tn1,scal,scal,2,tn1-scal-s2,52,9.99,9.82,S0092,100,false,"`tn1`, 12 runs, 100 ep | Full available curve retained; registered_horizon and in_registered_plateau5_window identify the primary endpoint. Epoch observations are not independent seeds.",accuracy percent; epoch is the raw zero-based epoch index
tn1,scal,scal,2,tn1-scal-s2,53,9.85,9.89,S0092,100,false,"`tn1`, 12 runs, 100 ep | Full available curve retained; registered_horizon and in_registered_plateau5_window identify the primary endpoint. Epoch observations are not independent seeds.",accuracy percent; epoch is the raw zero-based epoch index
tn1,scal,scal,2,tn1-scal-s2,54,9.77,9.81,S0092,100,false,"`tn1`, 12 runs, 100 ep | Full available curve retained; registered_horizon and in_registered_plateau5_window identify the primary endpoint. Epoch observations are not independent seeds.",accuracy percent; epoch is the raw zero-based epoch index
tn1,scal,scal,2,tn1-scal-s2,55,9.88,9.86,S0092,100,false,"`tn1`, 12 runs, 100 ep | Full available curve retained; registered_horizon and in_registered_plateau5_window identify the primary endpoint. Epoch observations are not independent seeds.",accuracy percent; epoch is the raw zero-based epoch index
tn1,scal,scal,2,tn1-scal-s2,56,9.86,9.81,S0092,100,false,"`tn1`, 12 runs, 100 ep | Full available curve retained; registered_horizon and in_registered_plateau5_window identify the primary endpoint. Epoch observations are not independent seeds.",accuracy percent; epoch is the raw zero-based epoch index
tn1,scal,scal,2,tn1-scal-s2,57,9.92,9.84,S0092,100,false,"`tn1`, 12 runs, 100 ep | Full available curve retained; registered_horizon and in_registered_plateau5_window identify the primary endpoint. Epoch observations are not independent seeds.",accuracy percent; epoch is the raw zero-based epoch index
tn1,scal,scal,2,tn1-scal-s2,58,9.86,9.93,S0092,100,false,"`tn1`, 12 runs, 100 ep | Full available curve retained; registered_horizon and in_registered_plateau5_window identify the primary endpoint. Epoch observations are not independent seeds.",accuracy percent; epoch is the raw zero-based epoch index
tn1,scal,scal,2,tn1-scal-s2,59,9.86,9.8,S0092,100,false,"`tn1`, 12 runs, 100 ep | Full available curve retained; registered_horizon and in_registered_plateau5_window identify the primary endpoint. Epoch observations are not independent seeds.",accuracy percent; epoch is the raw zero-based epoch index
tn1,scal,scal,2,tn1-scal-s2,60,9.93,9.84,S0092,100,false,"`tn1`, 12 runs, 100 ep | Full available curve retained; registered_horizon and in_registered_plateau5_window identify the primary endpoint. Epoch observations are not independent seeds.",accuracy percent; epoch is the raw zero-based epoch index
tn1,scal,scal,2,tn1-scal-s2,61,9.71,9.78,S0092,100,false,"`tn1`, 12 runs, 100 ep | Full available curve retained; registered_horizon and in_registered_plateau5_window identify the primary endpoint. Epoch observations are not independent seeds.",accuracy percent; epoch is the raw zero-based epoch index
tn1,scal,scal,2,tn1-scal-s2,62,9.79,9.82,S0092,100,false,"`tn1`, 12 runs, 100 ep | Full available curve retained; registered_horizon and in_registered_plateau5_window identify the primary endpoint. Epoch observations are not independent seeds.",accuracy percent; epoch is the raw zero-based epoch index
tn1,scal,scal,2,tn1-scal-s2,63,9.9,9.78,S0092,100,false,"`tn1`, 12 runs, 100 ep | Full available curve retained; registered_horizon and in_registered_plateau5_window identify the primary endpoint. Epoch observations are not independent seeds.",accuracy percent; epoch is the raw zero-based epoch index
tn1,scal,scal,2,tn1-scal-s2,64,9.92,9.85,S0092,100,false,"`tn1`, 12 runs, 100 ep | Full available curve retained; registered_horizon and in_registered_plateau5_window identify the primary endpoint. Epoch observations are not independent seeds.",accuracy percent; epoch is the raw zero-based epoch index
tn1,scal,scal,2,tn1-scal-s2,65,9.76,9.8,S0092,100,false,"`tn1`, 12 runs, 100 ep | Full available curve retained; registered_horizon and in_registered_plateau5_window identify the primary endpoint. Epoch observations are not independent seeds.",accuracy percent; epoch is the raw zero-based epoch index
tn1,scal,scal,2,tn1-scal-s2,66,9.82,9.78,S0092,100,false,"`tn1`, 12 runs, 100 ep | Full available curve retained; registered_horizon and in_registered_plateau5_window identify the primary endpoint. Epoch observations are not independent seeds.",accuracy percent; epoch is the raw zero-based epoch index
tn1,scal,scal,2,tn1-scal-s2,67,9.81,9.84,S0092,100,false,"`tn1`, 12 runs, 100 ep | Full available curve retained; registered_horizon and in_registered_plateau5_window identify the primary endpoint. Epoch observations are not independent seeds.",accuracy percent; epoch is the raw zero-based epoch index
tn1,scal,scal,2,tn1-scal-s2,68,9.91,9.9,S0092,100,false,"`tn1`, 12 runs, 100 ep | Full available curve retained; registered_horizon and in_registered_plateau5_window identify the primary endpoint. Epoch observations are not independent seeds.",accuracy percent; epoch is the raw zero-based epoch index
tn1,scal,scal,2,tn1-scal-s2,69,9.99,9.81,S0092,100,false,"`tn1`, 12 runs, 100 ep | Full available curve retained; registered_horizon and in_registered_plateau5_window identify the primary endpoint. Epoch observations are not independent seeds.",accuracy percent; epoch is the raw zero-based epoch index
tn1,scal,scal,2,tn1-scal-s2,70,9.88,9.84,S0092,100,false,"`tn1`, 12 runs, 100 ep | Full available curve retained; registered_horizon and in_registered_plateau5_window identify the primary endpoint. Epoch observations are not independent seeds.",accuracy percent; epoch is the raw zero-based epoch index
tn1,scal,scal,2,tn1-scal-s2,71,9.92,9.94,S0092,100,false,"`tn1`, 12 runs, 100 ep | Full available curve retained; registered_horizon and in_registered_plateau5_window identify the primary endpoint. Epoch observations are not independent seeds.",accuracy percent; epoch is the raw zero-based epoch index
tn1,scal,scal,2,tn1-scal-s2,72,9.8,9.84,S0092,100,false,"`tn1`, 12 runs, 100 ep | Full available curve retained; registered_horizon and in_registered_plateau5_window identify the primary endpoint. Epoch observations are not independent seeds.",accuracy percent; epoch is the raw zero-based epoch index
tn1,scal,scal,2,tn1-scal-s2,73,9.63,9.86,S0092,100,false,"`tn1`, 12 runs, 100 ep | Full available curve retained; registered_horizon and in_registered_plateau5_window identify the primary endpoint. Epoch observations are not independent seeds.",accuracy percent; epoch is the raw zero-based epoch index
tn1,scal,scal,2,tn1-scal-s2,74,9.88,9.77,S0092,100,false,"`tn1`, 12 runs, 100 ep | Full available curve retained; registered_horizon and in_registered_plateau5_window identify the primary endpoint. Epoch observations are not independent seeds.",accuracy percent; epoch is the raw zero-based epoch index
tn1,scal,scal,2,tn1-scal-s2,75,9.77,9.83,S0092,100,false,"`tn1`, 12 runs, 100 ep | Full available curve retained; registered_horizon and in_registered_plateau5_window identify the primary endpoint. Epoch observations are not independent seeds.",accuracy percent; epoch is the raw zero-based epoch index
tn1,scal,scal,2,tn1-scal-s2,76,9.69,9.8,S0092,100,false,"`tn1`, 12 runs, 100 ep | Full available curve retained; registered_horizon and in_registered_plateau5_window identify the primary endpoint. Epoch observations are not independent seeds.",accuracy percent; epoch is the raw zero-based epoch index
tn1,scal,scal,2,tn1-scal-s2,77,9.92,9.8,S0092,100,false,"`tn1`, 12 runs, 100 ep | Full available curve retained; registered_horizon and in_registered_plateau5_window identify the primary endpoint. Epoch observations are not independent seeds.",accuracy percent; epoch is the raw zero-based epoch index
tn1,scal,scal,2,tn1-scal-s2,78,9.93,9.93,S0092,100,false,"`tn1`, 12 runs, 100 ep | Full available curve retained; registered_horizon and in_registered_plateau5_window identify the primary endpoint. Epoch observations are not independent seeds.",accuracy percent; epoch is the raw zero-based epoch index
tn1,scal,scal,2,tn1-scal-s2,79,9.89,9.88,S0092,100,false,"`tn1`, 12 runs, 100 ep | Full available curve retained; registered_horizon and in_registered_plateau5_window identify the primary endpoint. Epoch observations are not independent seeds.",accuracy percent; epoch is the raw zero-based epoch index
tn1,scal,scal,2,tn1-scal-s2,80,9.83,9.78,S0092,100,false,"`tn1`, 12 runs, 100 ep | Full available curve retained; registered_horizon and in_registered_plateau5_window identify the primary endpoint. Epoch observations are not independent seeds.",accuracy percent; epoch is the raw zero-based epoch index
tn1,scal,scal,2,tn1-scal-s2,81,9.69,9.88,S0092,100,false,"`tn1`, 12 runs, 100 ep | Full available curve retained; registered_horizon and in_registered_plateau5_window identify the primary endpoint. Epoch observations are not independent seeds.",accuracy percent; epoch is the raw zero-based epoch index
tn1,scal,scal,2,tn1-scal-s2,82,9.83,9.72,S0092,100,false,"`tn1`, 12 runs, 100 ep | Full available curve retained; registered_horizon and in_registered_plateau5_window identify the primary endpoint. Epoch observations are not independent seeds.",accuracy percent; epoch is the raw zero-based epoch index
tn1,scal,scal,2,tn1-scal-s2,83,9.71,9.8,S0092,100,false,"`tn1`, 12 runs, 100 ep | Full available curve retained; registered_horizon and in_registered_plateau5_window identify the primary endpoint. Epoch observations are not independent seeds.",accuracy percent; epoch is the raw zero-based epoch index
tn1,scal,scal,2,tn1-scal-s2,84,9.89,9.83,S0092,100,false,"`tn1`, 12 runs, 100 ep | Full available curve retained; registered_horizon and in_registered_plateau5_window identify the primary endpoint. Epoch observations are not independent seeds.",accuracy percent; epoch is the raw zero-based epoch index
tn1,scal,scal,2,tn1-scal-s2,85,9.91,9.79,S0092,100,false,"`tn1`, 12 runs, 100 ep | Full available curve retained; registered_horizon and in_registered_plateau5_window identify the primary endpoint. Epoch observations are not independent seeds.",accuracy percent; epoch is the raw zero-based epoch index
tn1,scal,scal,2,tn1-scal-s2,86,9.79,9.85,S0092,100,false,"`tn1`, 12 runs, 100 ep | Full available curve retained; registered_horizon and in_registered_plateau5_window identify the primary endpoint. Epoch observations are not independent seeds.",accuracy percent; epoch is the raw zero-based epoch index
tn1,scal,scal,2,tn1-scal-s2,87,9.74,9.9,S0092,100,false,"`tn1`, 12 runs, 100 ep | Full available curve retained; registered_horizon and in_registered_plateau5_window identify the primary endpoint. Epoch observations are not independent seeds.",accuracy percent; epoch is the raw zero-based epoch index
tn1,scal,scal,2,tn1-scal-s2,88,9.71,9.77,S0092,100,false,"`tn1`, 12 runs, 100 ep | Full available curve retained; registered_horizon and in_registered_plateau5_window identify the primary endpoint. Epoch observations are not independent seeds.",accuracy percent; epoch is the raw zero-based epoch index
tn1,scal,scal,2,tn1-scal-s2,89,9.67,9.83,S0092,100,false,"`tn1`, 12 runs, 100 ep | Full available curve retained; registered_horizon and in_registered_plateau5_window identify the primary endpoint. Epoch observations are not independent seeds.",accuracy percent; epoch is the raw zero-based epoch index
tn1,scal,scal,2,tn1-scal-s2,90,9.85,9.87,S0092,100,false,"`tn1`, 12 runs, 100 ep | Full available curve retained; registered_horizon and in_registered_plateau5_window identify the primary endpoint. Epoch observations are not independent seeds.",accuracy percent; epoch is the raw zero-based epoch index
tn1,scal,scal,2,tn1-scal-s2,91,9.88,9.83,S0092,100,false,"`tn1`, 12 runs, 100 ep | Full available curve retained; registered_horizon and in_registered_plateau5_window identify the primary endpoint. Epoch observations are not independent seeds.",accuracy percent; epoch is the raw zero-based epoch index
tn1,scal,scal,2,tn1-scal-s2,92,9.89,9.83,S0092,100,false,"`tn1`, 12 runs, 100 ep | Full available curve retained; registered_horizon and in_registered_plateau5_window identify the primary endpoint. Epoch observations are not independent seeds.",accuracy percent; epoch is the raw zero-based epoch index
tn1,scal,scal,2,tn1-scal-s2,93,9.8,9.8,S0092,100,false,"`tn1`, 12 runs, 100 ep | Full available curve retained; registered_horizon and in_registered_plateau5_window identify the primary endpoint. Epoch observations are not independent seeds.",accuracy percent; epoch is the raw zero-based epoch index
tn1,scal,scal,2,tn1-scal-s2,94,9.98,9.85,S0092,100,false,"`tn1`, 12 runs, 100 ep | Full available curve retained; registered_horizon and in_registered_plateau5_window identify the primary endpoint. Epoch observations are not independent seeds.",accuracy percent; epoch is the raw zero-based epoch index
tn1,scal,scal,2,tn1-scal-s2,95,9.95,9.82,S0092,100,true,"`tn1`, 12 runs, 100 ep | Full available curve retained; registered_horizon and in_registered_plateau5_window identify the primary endpoint. Epoch observations are not independent seeds.",accuracy percent; epoch is the raw zero-based epoch index
tn1,scal,scal,2,tn1-scal-s2,96,9.66,9.85,S0092,100,true,"`tn1`, 12 runs, 100 ep | Full available curve retained; registered_horizon and in_registered_plateau5_window identify the primary endpoint. Epoch observations are not independent seeds.",accuracy percent; epoch is the raw zero-based epoch index
tn1,scal,scal,2,tn1-scal-s2,97,9.78,9.8,S0092,100,true,"`tn1`, 12 runs, 100 ep | Full available curve retained; registered_horizon and in_registered_plateau5_window identify the primary endpoint. Epoch observations are not independent seeds.",accuracy percent; epoch is the raw zero-based epoch index
tn1,scal,scal,2,tn1-scal-s2,98,9.76,9.82,S0092,100,true,"`tn1`, 12 runs, 100 ep | Full available curve retained; registered_horizon and in_registered_plateau5_window identify the primary endpoint. Epoch observations are not independent seeds.",accuracy percent; epoch is the raw zero-based epoch index
tn1,scal,scal,2,tn1-scal-s2,99,9.7,9.83,S0092,100,true,"`tn1`, 12 runs, 100 ep | Full available curve retained; registered_horizon and in_registered_plateau5_window identify the primary endpoint. Epoch observations are not independent seeds.",accuracy percent; epoch is the raw zero-based epoch index
tn1,lay,lay,0,tn1-lay-s0,0,0.45,0.54,S0093,100,false,"`tn1`, 12 runs, 100 ep | Full available curve retained; registered_horizon and in_registered_plateau5_window identify the primary endpoint. Epoch observations are not independent seeds.",accuracy percent; epoch is the raw zero-based epoch index
tn1,lay,lay,0,tn1-lay-s0,1,0.38,0.52,S0093,100,false,"`tn1`, 12 runs, 100 ep | Full available curve retained; registered_horizon and in_registered_plateau5_window identify the primary endpoint. Epoch observations are not independent seeds.",accuracy percent; epoch is the raw zero-based epoch index
tn1,lay,lay,0,tn1-lay-s0,2,0.43,0.56,S0093,100,false,"`tn1`, 12 runs, 100 ep | Full available curve retained; registered_horizon and in_registered_plateau5_window identify the primary endpoint. Epoch observations are not independent seeds.",accuracy percent; epoch is the raw zero-based epoch index
tn1,lay,lay,0,tn1-lay-s0,3,0.45,0.52,S0093,100,false,"`tn1`, 12 runs, 100 ep | Full available curve retained; registered_horizon and in_registered_plateau5_window identify the primary endpoint. Epoch observations are not independent seeds.",accuracy percent; epoch is the raw zero-based epoch index
tn1,lay,lay,0,tn1-lay-s0,4,0.68,0.62,S0093,100,false,"`tn1`, 12 runs, 100 ep | Full available curve retained; registered_horizon and in_registered_plateau5_window identify the primary endpoint. Epoch observations are not independent seeds.",accuracy percent; epoch is the raw zero-based epoch index
tn1,lay,lay,0,tn1-lay-s0,5,1.49,1.01,S0093,100,false,"`tn1`, 12 runs, 100 ep | Full available curve retained; registered_horizon and in_registered_plateau5_window identify the primary endpoint. Epoch observations are not independent seeds.",accuracy percent; epoch is the raw zero-based epoch index
tn1,lay,lay,0,tn1-lay-s0,6,3.11,2.11,S0093,100,false,"`tn1`, 12 runs, 100 ep | Full available curve retained; registered_horizon and in_registered_plateau5_window identify the primary endpoint. Epoch observations are not independent seeds.",accuracy percent; epoch is the raw zero-based epoch index
tn1,lay,lay,0,tn1-lay-s0,7,5.1,3.85,S0093,100,false,"`tn1`, 12 runs, 100 ep | Full available curve retained; registered_horizon and in_registered_plateau5_window identify the primary endpoint. Epoch observations are not independent seeds.",accuracy percent; epoch is the raw zero-based epoch index
tn1,lay,lay,0,tn1-lay-s0,8,9.88,7.54,S0093,100,false,"`tn1`, 12 runs, 100 ep | Full available curve retained; registered_horizon and in_registered_plateau5_window identify the primary endpoint. Epoch observations are not independent seeds.",accuracy percent; epoch is the raw zero-based epoch index
tn1,lay,lay,0,tn1-lay-s0,9,14.84,11.94,S0093,100,false,"`tn1`, 12 runs, 100 ep | Full available curve retained; registered_horizon and in_registered_plateau5_window identify the primary endpoint. Epoch observations are not independent seeds.",accuracy percent; epoch is the raw zero-based epoch index
tn1,lay,lay,0,tn1-lay-s0,10,19.4,16.87,S0093,100,false,"`tn1`, 12 runs, 100 ep | Full available curve retained; registered_horizon and in_registered_plateau5_window identify the primary endpoint. Epoch observations are not independent seeds.",accuracy percent; epoch is the raw zero-based epoch index
tn1,lay,lay,0,tn1-lay-s0,11,22.52,20.72,S0093,100,false,"`tn1`, 12 runs, 100 ep | Full available curve retained; registered_horizon and in_registered_plateau5_window identify the primary endpoint. Epoch observations are not independent seeds.",accuracy percent; epoch is the raw zero-based epoch index
tn1,lay,lay,0,tn1-lay-s0,12,24.3,23.74,S0093,100,false,"`tn1`, 12 runs, 100 ep | Full available curve retained; registered_horizon and in_registered_plateau5_window identify the primary endpoint. Epoch observations are not independent seeds.",accuracy percent; epoch is the raw zero-based epoch index
tn1,lay,lay,0,tn1-lay-s0,13,27.67,26.42,S0093,100,false,"`tn1`, 12 runs, 100 ep | Full available curve retained; registered_horizon and in_registered_plateau5_window identify the primary endpoint. Epoch observations are not independent seeds.",accuracy percent; epoch is the raw zero-based epoch index
tn1,lay,lay,0,tn1-lay-s0,14,30.01,28.63,S0093,100,false,"`tn1`, 12 runs, 100 ep | Full available curve retained; registered_horizon and in_registered_plateau5_window identify the primary endpoint. Epoch observations are not independent seeds.",accuracy percent; epoch is the raw zero-based epoch index
tn1,lay,lay,0,tn1-lay-s0,15,31.06,30.89,S0093,100,false,"`tn1`, 12 runs, 100 ep | Full available curve retained; registered_horizon and in_registered_plateau5_window identify the primary endpoint. Epoch observations are not independent seeds.",accuracy percent; epoch is the raw zero-based epoch index
tn1,lay,lay,0,tn1-lay-s0,16,32.96,32.87,S0093,100,false,"`tn1`, 12 runs, 100 ep | Full available curve retained; registered_horizon and in_registered_plateau5_window identify the primary endpoint. Epoch observations are not independent seeds.",accuracy percent; epoch is the raw zero-based epoch index
tn1,lay,lay,0,tn1-lay-s0,17,34.48,34.74,S0093,100,false,"`tn1`, 12 runs, 100 ep | Full available curve retained; registered_horizon and in_registered_plateau5_window identify the primary endpoint. Epoch observations are not independent seeds.",accuracy percent; epoch is the raw zero-based epoch index
tn1,lay,lay,0,tn1-lay-s0,18,35.29,36.34,S0093,100,false,"`tn1`, 12 runs, 100 ep | Full available curve retained; registered_horizon and in_registered_plateau5_window identify the primary endpoint. Epoch observations are not independent seeds.",accuracy percent; epoch is the raw zero-based epoch index
tn1,lay,lay,0,tn1-lay-s0,19,37.04,38.08,S0093,100,false,"`tn1`, 12 runs, 100 ep | Full available curve retained; registered_horizon and in_registered_plateau5_window identify the primary endpoint. Epoch observations are not independent seeds.",accuracy percent; epoch is the raw zero-based epoch index
tn1,lay,lay,0,tn1-lay-s0,20,38.7,39.49,S0093,100,false,"`tn1`, 12 runs, 100 ep | Full available curve retained; registered_horizon and in_registered_plateau5_window identify the primary endpoint. Epoch observations are not independent seeds.",accuracy percent; epoch is the raw zero-based epoch index
tn1,lay,lay,0,tn1-lay-s0,21,40.22,40.7,S0093,100,false,"`tn1`, 12 runs, 100 ep | Full available curve retained; registered_horizon and in_registered_plateau5_window identify the primary endpoint. Epoch observations are not independent seeds.",accuracy percent; epoch is the raw zero-based epoch index
tn1,lay,lay,0,tn1-lay-s0,22,40.79,42.48,S0093,100,false,"`tn1`, 12 runs, 100 ep | Full available curve retained; registered_horizon and in_registered_plateau5_window identify the primary endpoint. Epoch observations are not independent seeds.",accuracy percent; epoch is the raw zero-based epoch index
tn1,lay,lay,0,tn1-lay-s0,23,41.22,43.62,S0093,100,false,"`tn1`, 12 runs, 100 ep | Full available curve retained; registered_horizon and in_registered_plateau5_window identify the primary endpoint. Epoch observations are not independent seeds.",accuracy percent; epoch is the raw zero-based epoch index
tn1,lay,lay,0,tn1-lay-s0,24,42.42,44.79,S0093,100,false,"`tn1`, 12 runs, 100 ep | Full available curve retained; registered_horizon and in_registered_plateau5_window identify the primary endpoint. Epoch observations are not independent seeds.",accuracy percent; epoch is the raw zero-based epoch index
tn1,lay,lay,0,tn1-lay-s0,25,43.07,45.97,S0093,100,false,"`tn1`, 12 runs, 100 ep | Full available curve retained; registered_horizon and in_registered_plateau5_window identify the primary endpoint. Epoch observations are not independent seeds.",accuracy percent; epoch is the raw zero-based epoch index
tn1,lay,lay,0,tn1-lay-s0,26,44.04,47.28,S0093,100,false,"`tn1`, 12 runs, 100 ep | Full available curve retained; registered_horizon and in_registered_plateau5_window identify the primary endpoint. Epoch observations are not independent seeds.",accuracy percent; epoch is the raw zero-based epoch index
tn1,lay,lay,0,tn1-lay-s0,27,43.9,48.2,S0093,100,false,"`tn1`, 12 runs, 100 ep | Full available curve retained; registered_horizon and in_registered_plateau5_window identify the primary endpoint. Epoch observations are not independent seeds.",accuracy percent; epoch is the raw zero-based epoch index
tn1,lay,lay,0,tn1-lay-s0,28,45,49.64,S0093,100,false,"`tn1`, 12 runs, 100 ep | Full available curve retained; registered_horizon and in_registered_plateau5_window identify the primary endpoint. Epoch observations are not independent seeds.",accuracy percent; epoch is the raw zero-based epoch index
tn1,lay,lay,0,tn1-lay-s0,29,45.68,50.42,S0093,100,false,"`tn1`, 12 runs, 100 ep | Full available curve retained; registered_horizon and in_registered_plateau5_window identify the primary endpoint. Epoch observations are not independent seeds.",accuracy percent; epoch is the raw zero-based epoch index
tn1,lay,lay,0,tn1-lay-s0,30,46.13,51.56,S0093,100,false,"`tn1`, 12 runs, 100 ep | Full available curve retained; registered_horizon and in_registered_plateau5_window identify the primary endpoint. Epoch observations are not independent seeds.",accuracy percent; epoch is the raw zero-based epoch index
tn1,lay,lay,0,tn1-lay-s0,31,46.23,52.3,S0093,100,false,"`tn1`, 12 runs, 100 ep | Full available curve retained; registered_horizon and in_registered_plateau5_window identify the primary endpoint. Epoch observations are not independent seeds.",accuracy percent; epoch is the raw zero-based epoch index
tn1,lay,lay,0,tn1-lay-s0,32,46.98,53.41,S0093,100,false,"`tn1`, 12 runs, 100 ep | Full available curve retained; registered_horizon and in_registered_plateau5_window identify the primary endpoint. Epoch observations are not independent seeds.",accuracy percent; epoch is the raw zero-based epoch index
tn1,lay,lay,0,tn1-lay-s0,33,47.94,54.61,S0093,100,false,"`tn1`, 12 runs, 100 ep | Full available curve retained; registered_horizon and in_registered_plateau5_window identify the primary endpoint. Epoch observations are not independent seeds.",accuracy percent; epoch is the raw zero-based epoch index
tn1,lay,lay,0,tn1-lay-s0,34,48.31,55.49,S0093,100,false,"`tn1`, 12 runs, 100 ep | Full available curve retained; registered_horizon and in_registered_plateau5_window identify the primary endpoint. Epoch observations are not independent seeds.",accuracy percent; epoch is the raw zero-based epoch index
tn1,lay,lay,0,tn1-lay-s0,35,48.66,56.28,S0093,100,false,"`tn1`, 12 runs, 100 ep | Full available curve retained; registered_horizon and in_registered_plateau5_window identify the primary endpoint. Epoch observations are not independent seeds.",accuracy percent; epoch is the raw zero-based epoch index
tn1,lay,lay,0,tn1-lay-s0,36,48.34,57.34,S0093,100,false,"`tn1`, 12 runs, 100 ep | Full available curve retained; registered_horizon and in_registered_plateau5_window identify the primary endpoint. Epoch observations are not independent seeds.",accuracy percent; epoch is the raw zero-based epoch index
tn1,lay,lay,0,tn1-lay-s0,37,48.54,58.25,S0093,100,false,"`tn1`, 12 runs, 100 ep | Full available curve retained; registered_horizon and in_registered_plateau5_window identify the primary endpoint. Epoch observations are not independent seeds.",accuracy percent; epoch is the raw zero-based epoch index
tn1,lay,lay,0,tn1-lay-s0,38,48.26,59.22,S0093,100,false,"`tn1`, 12 runs, 100 ep | Full available curve retained; registered_horizon and in_registered_plateau5_window identify the primary endpoint. Epoch observations are not independent seeds.",accuracy percent; epoch is the raw zero-based epoch index
tn1,lay,lay,0,tn1-lay-s0,39,49.47,59.88,S0093,100,false,"`tn1`, 12 runs, 100 ep | Full available curve retained; registered_horizon and in_registered_plateau5_window identify the primary endpoint. Epoch observations are not independent seeds.",accuracy percent; epoch is the raw zero-based epoch index
tn1,lay,lay,0,tn1-lay-s0,40,49.62,60.68,S0093,100,false,"`tn1`, 12 runs, 100 ep | Full available curve retained; registered_horizon and in_registered_plateau5_window identify the primary endpoint. Epoch observations are not independent seeds.",accuracy percent; epoch is the raw zero-based epoch index
tn1,lay,lay,0,tn1-lay-s0,41,49.47,61.84,S0093,100,false,"`tn1`, 12 runs, 100 ep | Full available curve retained; registered_horizon and in_registered_plateau5_window identify the primary endpoint. Epoch observations are not independent seeds.",accuracy percent; epoch is the raw zero-based epoch index
tn1,lay,lay,0,tn1-lay-s0,42,49.44,62.45,S0093,100,false,"`tn1`, 12 runs, 100 ep | Full available curve retained; registered_horizon and in_registered_plateau5_window identify the primary endpoint. Epoch observations are not independent seeds.",accuracy percent; epoch is the raw zero-based epoch index
tn1,lay,lay,0,tn1-lay-s0,43,49.55,63.32,S0093,100,false,"`tn1`, 12 runs, 100 ep | Full available curve retained; registered_horizon and in_registered_plateau5_window identify the primary endpoint. Epoch observations are not independent seeds.",accuracy percent; epoch is the raw zero-based epoch index
tn1,lay,lay,0,tn1-lay-s0,44,50.32,64.08,S0093,100,false,"`tn1`, 12 runs, 100 ep | Full available curve retained; registered_horizon and in_registered_plateau5_window identify the primary endpoint. Epoch observations are not independent seeds.",accuracy percent; epoch is the raw zero-based epoch index
tn1,lay,lay,0,tn1-lay-s0,45,50.07,64.74,S0093,100,false,"`tn1`, 12 runs, 100 ep | Full available curve retained; registered_horizon and in_registered_plateau5_window identify the primary endpoint. Epoch observations are not independent seeds.",accuracy percent; epoch is the raw zero-based epoch index
tn1,lay,lay,0,tn1-lay-s0,46,50.13,65.65,S0093,100,false,"`tn1`, 12 runs, 100 ep | Full available curve retained; registered_horizon and in_registered_plateau5_window identify the primary endpoint. Epoch observations are not independent seeds.",accuracy percent; epoch is the raw zero-based epoch index
tn1,lay,lay,0,tn1-lay-s0,47,50.19,66.13,S0093,100,false,"`tn1`, 12 runs, 100 ep | Full available curve retained; registered_horizon and in_registered_plateau5_window identify the primary endpoint. Epoch observations are not independent seeds.",accuracy percent; epoch is the raw zero-based epoch index
tn1,lay,lay,0,tn1-lay-s0,48,50.08,66.93,S0093,100,false,"`tn1`, 12 runs, 100 ep | Full available curve retained; registered_horizon and in_registered_plateau5_window identify the primary endpoint. Epoch observations are not independent seeds.",accuracy percent; epoch is the raw zero-based epoch index
tn1,lay,lay,0,tn1-lay-s0,49,50.75,67.47,S0093,100,false,"`tn1`, 12 runs, 100 ep | Full available curve retained; registered_horizon and in_registered_plateau5_window identify the primary endpoint. Epoch observations are not independent seeds.",accuracy percent; epoch is the raw zero-based epoch index
tn1,lay,lay,0,tn1-lay-s0,50,50.79,68.36,S0093,100,false,"`tn1`, 12 runs, 100 ep | Full available curve retained; registered_horizon and in_registered_plateau5_window identify the primary endpoint. Epoch observations are not independent seeds.",accuracy percent; epoch is the raw zero-based epoch index
tn1,lay,lay,0,tn1-lay-s0,51,51.19,69.25,S0093,100,false,"`tn1`, 12 runs, 100 ep | Full available curve retained; registered_horizon and in_registered_plateau5_window identify the primary endpoint. Epoch observations are not independent seeds.",accuracy percent; epoch is the raw zero-based epoch index
tn1,lay,lay,0,tn1-lay-s0,52,50.34,69.5,S0093,100,false,"`tn1`, 12 runs, 100 ep | Full available curve retained; registered_horizon and in_registered_plateau5_window identify the primary endpoint. Epoch observations are not independent seeds.",accuracy percent; epoch is the raw zero-based epoch index
tn1,lay,lay,0,tn1-lay-s0,53,50.6,70.28,S0093,100,false,"`tn1`, 12 runs, 100 ep | Full available curve retained; registered_horizon and in_registered_plateau5_window identify the primary endpoint. Epoch observations are not independent seeds.",accuracy percent; epoch is the raw zero-based epoch index
tn1,lay,lay,0,tn1-lay-s0,54,50.89,71.16,S0093,100,false,"`tn1`, 12 runs, 100 ep | Full available curve retained; registered_horizon and in_registered_plateau5_window identify the primary endpoint. Epoch observations are not independent seeds.",accuracy percent; epoch is the raw zero-based epoch index
tn1,lay,lay,0,tn1-lay-s0,55,51.04,71.47,S0093,100,false,"`tn1`, 12 runs, 100 ep | Full available curve retained; registered_horizon and in_registered_plateau5_window identify the primary endpoint. Epoch observations are not independent seeds.",accuracy percent; epoch is the raw zero-based epoch index
tn1,lay,lay,0,tn1-lay-s0,56,50.73,72.01,S0093,100,false,"`tn1`, 12 runs, 100 ep | Full available curve retained; registered_horizon and in_registered_plateau5_window identify the primary endpoint. Epoch observations are not independent seeds.",accuracy percent; epoch is the raw zero-based epoch index
tn1,lay,lay,0,tn1-lay-s0,57,51.55,72.72,S0093,100,false,"`tn1`, 12 runs, 100 ep | Full available curve retained; registered_horizon and in_registered_plateau5_window identify the primary endpoint. Epoch observations are not independent seeds.",accuracy percent; epoch is the raw zero-based epoch index
tn1,lay,lay,0,tn1-lay-s0,58,51.1,73.35,S0093,100,false,"`tn1`, 12 runs, 100 ep | Full available curve retained; registered_horizon and in_registered_plateau5_window identify the primary endpoint. Epoch observations are not independent seeds.",accuracy percent; epoch is the raw zero-based epoch index
tn1,lay,lay,0,tn1-lay-s0,59,50.92,73.86,S0093,100,false,"`tn1`, 12 runs, 100 ep | Full available curve retained; registered_horizon and in_registered_plateau5_window identify the primary endpoint. Epoch observations are not independent seeds.",accuracy percent; epoch is the raw zero-based epoch index
tn1,lay,lay,0,tn1-lay-s0,60,51.29,74.76,S0093,100,false,"`tn1`, 12 runs, 100 ep | Full available curve retained; registered_horizon and in_registered_plateau5_window identify the primary endpoint. Epoch observations are not independent seeds.",accuracy percent; epoch is the raw zero-based epoch index
tn1,lay,lay,0,tn1-lay-s0,61,51.12,75.08,S0093,100,false,"`tn1`, 12 runs, 100 ep | Full available curve retained; registered_horizon and in_registered_plateau5_window identify the primary endpoint. Epoch observations are not independent seeds.",accuracy percent; epoch is the raw zero-based epoch index
tn1,lay,lay,0,tn1-lay-s0,62,51.23,75.4,S0093,100,false,"`tn1`, 12 runs, 100 ep | Full available curve retained; registered_horizon and in_registered_plateau5_window identify the primary endpoint. Epoch observations are not independent seeds.",accuracy percent; epoch is the raw zero-based epoch index
tn1,lay,lay,0,tn1-lay-s0,63,51.34,76.34,S0093,100,false,"`tn1`, 12 runs, 100 ep | Full available curve retained; registered_horizon and in_registered_plateau5_window identify the primary endpoint. Epoch observations are not independent seeds.",accuracy percent; epoch is the raw zero-based epoch index
tn1,lay,lay,0,tn1-lay-s0,64,51.34,76.46,S0093,100,false,"`tn1`, 12 runs, 100 ep | Full available curve retained; registered_horizon and in_registered_plateau5_window identify the primary endpoint. Epoch observations are not independent seeds.",accuracy percent; epoch is the raw zero-based epoch index
tn1,lay,lay,0,tn1-lay-s0,65,51.57,77.06,S0093,100,false,"`tn1`, 12 runs, 100 ep | Full available curve retained; registered_horizon and in_registered_plateau5_window identify the primary endpoint. Epoch observations are not independent seeds.",accuracy percent; epoch is the raw zero-based epoch index
tn1,lay,lay,0,tn1-lay-s0,66,51.14,77.65,S0093,100,false,"`tn1`, 12 runs, 100 ep | Full available curve retained; registered_horizon and in_registered_plateau5_window identify the primary endpoint. Epoch observations are not independent seeds.",accuracy percent; epoch is the raw zero-based epoch index
tn1,lay,lay,0,tn1-lay-s0,67,51.16,78.33,S0093,100,false,"`tn1`, 12 runs, 100 ep | Full available curve retained; registered_horizon and in_registered_plateau5_window identify the primary endpoint. Epoch observations are not independent seeds.",accuracy percent; epoch is the raw zero-based epoch index
tn1,lay,lay,0,tn1-lay-s0,68,50.97,78.48,S0093,100,false,"`tn1`, 12 runs, 100 ep | Full available curve retained; registered_horizon and in_registered_plateau5_window identify the primary endpoint. Epoch observations are not independent seeds.",accuracy percent; epoch is the raw zero-based epoch index
tn1,lay,lay,0,tn1-lay-s0,69,50.99,78.88,S0093,100,false,"`tn1`, 12 runs, 100 ep | Full available curve retained; registered_horizon and in_registered_plateau5_window identify the primary endpoint. Epoch observations are not independent seeds.",accuracy percent; epoch is the raw zero-based epoch index
tn1,lay,lay,0,tn1-lay-s0,70,51.03,79.52,S0093,100,false,"`tn1`, 12 runs, 100 ep | Full available curve retained; registered_horizon and in_registered_plateau5_window identify the primary endpoint. Epoch observations are not independent seeds.",accuracy percent; epoch is the raw zero-based epoch index
tn1,lay,lay,0,tn1-lay-s0,71,51.05,79.88,S0093,100,false,"`tn1`, 12 runs, 100 ep | Full available curve retained; registered_horizon and in_registered_plateau5_window identify the primary endpoint. Epoch observations are not independent seeds.",accuracy percent; epoch is the raw zero-based epoch index
tn1,lay,lay,0,tn1-lay-s0,72,51.87,80.4,S0093,100,false,"`tn1`, 12 runs, 100 ep | Full available curve retained; registered_horizon and in_registered_plateau5_window identify the primary endpoint. Epoch observations are not independent seeds.",accuracy percent; epoch is the raw zero-based epoch index
tn1,lay,lay,0,tn1-lay-s0,73,50.87,80.47,S0093,100,false,"`tn1`, 12 runs, 100 ep | Full available curve retained; registered_horizon and in_registered_plateau5_window identify the primary endpoint. Epoch observations are not independent seeds.",accuracy percent; epoch is the raw zero-based epoch index
tn1,lay,lay,0,tn1-lay-s0,74,50.86,81.22,S0093,100,false,"`tn1`, 12 runs, 100 ep | Full available curve retained; registered_horizon and in_registered_plateau5_window identify the primary endpoint. Epoch observations are not independent seeds.",accuracy percent; epoch is the raw zero-based epoch index
tn1,lay,lay,0,tn1-lay-s0,75,51.06,81.56,S0093,100,false,"`tn1`, 12 runs, 100 ep | Full available curve retained; registered_horizon and in_registered_plateau5_window identify the primary endpoint. Epoch observations are not independent seeds.",accuracy percent; epoch is the raw zero-based epoch index
tn1,lay,lay,0,tn1-lay-s0,76,50.9,81.96,S0093,100,false,"`tn1`, 12 runs, 100 ep | Full available curve retained; registered_horizon and in_registered_plateau5_window identify the primary endpoint. Epoch observations are not independent seeds.",accuracy percent; epoch is the raw zero-based epoch index
tn1,lay,lay,0,tn1-lay-s0,77,51.27,82.48,S0093,100,false,"`tn1`, 12 runs, 100 ep | Full available curve retained; registered_horizon and in_registered_plateau5_window identify the primary endpoint. Epoch observations are not independent seeds.",accuracy percent; epoch is the raw zero-based epoch index
tn1,lay,lay,0,tn1-lay-s0,78,51.2,82.76,S0093,100,false,"`tn1`, 12 runs, 100 ep | Full available curve retained; registered_horizon and in_registered_plateau5_window identify the primary endpoint. Epoch observations are not independent seeds.",accuracy percent; epoch is the raw zero-based epoch index
tn1,lay,lay,0,tn1-lay-s0,79,51.09,83.34,S0093,100,false,"`tn1`, 12 runs, 100 ep | Full available curve retained; registered_horizon and in_registered_plateau5_window identify the primary endpoint. Epoch observations are not independent seeds.",accuracy percent; epoch is the raw zero-based epoch index
tn1,lay,lay,0,tn1-lay-s0,80,50.92,83.45,S0093,100,false,"`tn1`, 12 runs, 100 ep | Full available curve retained; registered_horizon and in_registered_plateau5_window identify the primary endpoint. Epoch observations are not independent seeds.",accuracy percent; epoch is the raw zero-based epoch index
tn1,lay,lay,0,tn1-lay-s0,81,50.59,84.02,S0093,100,false,"`tn1`, 12 runs, 100 ep | Full available curve retained; registered_horizon and in_registered_plateau5_window identify the primary endpoint. Epoch observations are not independent seeds.",accuracy percent; epoch is the raw zero-based epoch index
tn1,lay,lay,0,tn1-lay-s0,82,50.74,84.22,S0093,100,false,"`tn1`, 12 runs, 100 ep | Full available curve retained; registered_horizon and in_registered_plateau5_window identify the primary endpoint. Epoch observations are not independent seeds.",accuracy percent; epoch is the raw zero-based epoch index
tn1,lay,lay,0,tn1-lay-s0,83,51.36,84.58,S0093,100,false,"`tn1`, 12 runs, 100 ep | Full available curve retained; registered_horizon and in_registered_plateau5_window identify the primary endpoint. Epoch observations are not independent seeds.",accuracy percent; epoch is the raw zero-based epoch index
tn1,lay,lay,0,tn1-lay-s0,84,50.49,84.91,S0093,100,false,"`tn1`, 12 runs, 100 ep | Full available curve retained; registered_horizon and in_registered_plateau5_window identify the primary endpoint. Epoch observations are not independent seeds.",accuracy percent; epoch is the raw zero-based epoch index
tn1,lay,lay,0,tn1-lay-s0,85,50.96,84.88,S0093,100,false,"`tn1`, 12 runs, 100 ep | Full available curve retained; registered_horizon and in_registered_plateau5_window identify the primary endpoint. Epoch observations are not independent seeds.",accuracy percent; epoch is the raw zero-based epoch index
tn1,lay,lay,0,tn1-lay-s0,86,51.01,85.4,S0093,100,false,"`tn1`, 12 runs, 100 ep | Full available curve retained; registered_horizon and in_registered_plateau5_window identify the primary endpoint. Epoch observations are not independent seeds.",accuracy percent; epoch is the raw zero-based epoch index
tn1,lay,lay,0,tn1-lay-s0,87,50.61,85.82,S0093,100,false,"`tn1`, 12 runs, 100 ep | Full available curve retained; registered_horizon and in_registered_plateau5_window identify the primary endpoint. Epoch observations are not independent seeds.",accuracy percent; epoch is the raw zero-based epoch index
tn1,lay,lay,0,tn1-lay-s0,88,50.98,85.92,S0093,100,false,"`tn1`, 12 runs, 100 ep | Full available curve retained; registered_horizon and in_registered_plateau5_window identify the primary endpoint. Epoch observations are not independent seeds.",accuracy percent; epoch is the raw zero-based epoch index
tn1,lay,lay,0,tn1-lay-s0,89,50.84,86.69,S0093,100,false,"`tn1`, 12 runs, 100 ep | Full available curve retained; registered_horizon and in_registered_plateau5_window identify the primary endpoint. Epoch observations are not independent seeds.",accuracy percent; epoch is the raw zero-based epoch index
tn1,lay,lay,0,tn1-lay-s0,90,50.21,86.38,S0093,100,false,"`tn1`, 12 runs, 100 ep | Full available curve retained; registered_horizon and in_registered_plateau5_window identify the primary endpoint. Epoch observations are not independent seeds.",accuracy percent; epoch is the raw zero-based epoch index
tn1,lay,lay,0,tn1-lay-s0,91,51.36,86.92,S0093,100,false,"`tn1`, 12 runs, 100 ep | Full available curve retained; registered_horizon and in_registered_plateau5_window identify the primary endpoint. Epoch observations are not independent seeds.",accuracy percent; epoch is the raw zero-based epoch index
tn1,lay,lay,0,tn1-lay-s0,92,50.84,87.37,S0093,100,false,"`tn1`, 12 runs, 100 ep | Full available curve retained; registered_horizon and in_registered_plateau5_window identify the primary endpoint. Epoch observations are not independent seeds.",accuracy percent; epoch is the raw zero-based epoch index
tn1,lay,lay,0,tn1-lay-s0,93,50.81,87.29,S0093,100,false,"`tn1`, 12 runs, 100 ep | Full available curve retained; registered_horizon and in_registered_plateau5_window identify the primary endpoint. Epoch observations are not independent seeds.",accuracy percent; epoch is the raw zero-based epoch index
tn1,lay,lay,0,tn1-lay-s0,94,50.97,87.74,S0093,100,false,"`tn1`, 12 runs, 100 ep | Full available curve retained; registered_horizon and in_registered_plateau5_window identify the primary endpoint. Epoch observations are not independent seeds.",accuracy percent; epoch is the raw zero-based epoch index
tn1,lay,lay,0,tn1-lay-s0,95,50.06,88.06,S0093,100,true,"`tn1`, 12 runs, 100 ep | Full available curve retained; registered_horizon and in_registered_plateau5_window identify the primary endpoint. Epoch observations are not independent seeds.",accuracy percent; epoch is the raw zero-based epoch index
tn1,lay,lay,0,tn1-lay-s0,96,50.83,88.2,S0093,100,true,"`tn1`, 12 runs, 100 ep | Full available curve retained; registered_horizon and in_registered_plateau5_window identify the primary endpoint. Epoch observations are not independent seeds.",accuracy percent; epoch is the raw zero-based epoch index
tn1,lay,lay,0,tn1-lay-s0,97,50.85,88.56,S0093,100,true,"`tn1`, 12 runs, 100 ep | Full available curve retained; registered_horizon and in_registered_plateau5_window identify the primary endpoint. Epoch observations are not independent seeds.",accuracy percent; epoch is the raw zero-based epoch index
tn1,lay,lay,0,tn1-lay-s0,98,51.28,88.81,S0093,100,true,"`tn1`, 12 runs, 100 ep | Full available curve retained; registered_horizon and in_registered_plateau5_window identify the primary endpoint. Epoch observations are not independent seeds.",accuracy percent; epoch is the raw zero-based epoch index
tn1,lay,lay,0,tn1-lay-s0,99,50.81,88.93,S0093,100,true,"`tn1`, 12 runs, 100 ep | Full available curve retained; registered_horizon and in_registered_plateau5_window identify the primary endpoint. Epoch observations are not independent seeds.",accuracy percent; epoch is the raw zero-based epoch index
tn1,lay,lay,1,tn1-lay-s1,0,0.51,0.46,S0094,100,false,"`tn1`, 12 runs, 100 ep | Full available curve retained; registered_horizon and in_registered_plateau5_window identify the primary endpoint. Epoch observations are not independent seeds.",accuracy percent; epoch is the raw zero-based epoch index
tn1,lay,lay,1,tn1-lay-s1,1,0.49,0.45,S0094,100,false,"`tn1`, 12 runs, 100 ep | Full available curve retained; registered_horizon and in_registered_plateau5_window identify the primary endpoint. Epoch observations are not independent seeds.",accuracy percent; epoch is the raw zero-based epoch index
tn1,lay,lay,1,tn1-lay-s1,2,0.47,0.48,S0094,100,false,"`tn1`, 12 runs, 100 ep | Full available curve retained; registered_horizon and in_registered_plateau5_window identify the primary endpoint. Epoch observations are not independent seeds.",accuracy percent; epoch is the raw zero-based epoch index
tn1,lay,lay,1,tn1-lay-s1,3,0.54,0.45,S0094,100,false,"`tn1`, 12 runs, 100 ep | Full available curve retained; registered_horizon and in_registered_plateau5_window identify the primary endpoint. Epoch observations are not independent seeds.",accuracy percent; epoch is the raw zero-based epoch index
tn1,lay,lay,1,tn1-lay-s1,4,0.63,0.53,S0094,100,false,"`tn1`, 12 runs, 100 ep | Full available curve retained; registered_horizon and in_registered_plateau5_window identify the primary endpoint. Epoch observations are not independent seeds.",accuracy percent; epoch is the raw zero-based epoch index
tn1,lay,lay,1,tn1-lay-s1,5,1.54,0.86,S0094,100,false,"`tn1`, 12 runs, 100 ep | Full available curve retained; registered_horizon and in_registered_plateau5_window identify the primary endpoint. Epoch observations are not independent seeds.",accuracy percent; epoch is the raw zero-based epoch index
tn1,lay,lay,1,tn1-lay-s1,6,3.18,2.09,S0094,100,false,"`tn1`, 12 runs, 100 ep | Full available curve retained; registered_horizon and in_registered_plateau5_window identify the primary endpoint. Epoch observations are not independent seeds.",accuracy percent; epoch is the raw zero-based epoch index
tn1,lay,lay,1,tn1-lay-s1,7,5.59,4.05,S0094,100,false,"`tn1`, 12 runs, 100 ep | Full available curve retained; registered_horizon and in_registered_plateau5_window identify the primary endpoint. Epoch observations are not independent seeds.",accuracy percent; epoch is the raw zero-based epoch index
tn1,lay,lay,1,tn1-lay-s1,8,9.48,7.29,S0094,100,false,"`tn1`, 12 runs, 100 ep | Full available curve retained; registered_horizon and in_registered_plateau5_window identify the primary endpoint. Epoch observations are not independent seeds.",accuracy percent; epoch is the raw zero-based epoch index
tn1,lay,lay,1,tn1-lay-s1,9,13.44,11.77,S0094,100,false,"`tn1`, 12 runs, 100 ep | Full available curve retained; registered_horizon and in_registered_plateau5_window identify the primary endpoint. Epoch observations are not independent seeds.",accuracy percent; epoch is the raw zero-based epoch index
tn1,lay,lay,1,tn1-lay-s1,10,19.73,16.58,S0094,100,false,"`tn1`, 12 runs, 100 ep | Full available curve retained; registered_horizon and in_registered_plateau5_window identify the primary endpoint. Epoch observations are not independent seeds.",accuracy percent; epoch is the raw zero-based epoch index
tn1,lay,lay,1,tn1-lay-s1,11,22.49,20.47,S0094,100,false,"`tn1`, 12 runs, 100 ep | Full available curve retained; registered_horizon and in_registered_plateau5_window identify the primary endpoint. Epoch observations are not independent seeds.",accuracy percent; epoch is the raw zero-based epoch index
tn1,lay,lay,1,tn1-lay-s1,12,24.96,23.39,S0094,100,false,"`tn1`, 12 runs, 100 ep | Full available curve retained; registered_horizon and in_registered_plateau5_window identify the primary endpoint. Epoch observations are not independent seeds.",accuracy percent; epoch is the raw zero-based epoch index
tn1,lay,lay,1,tn1-lay-s1,13,26.61,25.72,S0094,100,false,"`tn1`, 12 runs, 100 ep | Full available curve retained; registered_horizon and in_registered_plateau5_window identify the primary endpoint. Epoch observations are not independent seeds.",accuracy percent; epoch is the raw zero-based epoch index
tn1,lay,lay,1,tn1-lay-s1,14,28.68,28.07,S0094,100,false,"`tn1`, 12 runs, 100 ep | Full available curve retained; registered_horizon and in_registered_plateau5_window identify the primary endpoint. Epoch observations are not independent seeds.",accuracy percent; epoch is the raw zero-based epoch index
tn1,lay,lay,1,tn1-lay-s1,15,30.67,30.15,S0094,100,false,"`tn1`, 12 runs, 100 ep | Full available curve retained; registered_horizon and in_registered_plateau5_window identify the primary endpoint. Epoch observations are not independent seeds.",accuracy percent; epoch is the raw zero-based epoch index
tn1,lay,lay,1,tn1-lay-s1,16,31.97,32,S0094,100,false,"`tn1`, 12 runs, 100 ep | Full available curve retained; registered_horizon and in_registered_plateau5_window identify the primary endpoint. Epoch observations are not independent seeds.",accuracy percent; epoch is the raw zero-based epoch index
tn1,lay,lay,1,tn1-lay-s1,17,34.23,34.01,S0094,100,false,"`tn1`, 12 runs, 100 ep | Full available curve retained; registered_horizon and in_registered_plateau5_window identify the primary endpoint. Epoch observations are not independent seeds.",accuracy percent; epoch is the raw zero-based epoch index
tn1,lay,lay,1,tn1-lay-s1,18,35.33,35.59,S0094,100,false,"`tn1`, 12 runs, 100 ep | Full available curve retained; registered_horizon and in_registered_plateau5_window identify the primary endpoint. Epoch observations are not independent seeds.",accuracy percent; epoch is the raw zero-based epoch index
tn1,lay,lay,1,tn1-lay-s1,19,36.72,37.36,S0094,100,false,"`tn1`, 12 runs, 100 ep | Full available curve retained; registered_horizon and in_registered_plateau5_window identify the primary endpoint. Epoch observations are not independent seeds.",accuracy percent; epoch is the raw zero-based epoch index
tn1,lay,lay,1,tn1-lay-s1,20,38.02,38.99,S0094,100,false,"`tn1`, 12 runs, 100 ep | Full available curve retained; registered_horizon and in_registered_plateau5_window identify the primary endpoint. Epoch observations are not independent seeds.",accuracy percent; epoch is the raw zero-based epoch index
tn1,lay,lay,1,tn1-lay-s1,21,38.57,40.36,S0094,100,false,"`tn1`, 12 runs, 100 ep | Full available curve retained; registered_horizon and in_registered_plateau5_window identify the primary endpoint. Epoch observations are not independent seeds.",accuracy percent; epoch is the raw zero-based epoch index
tn1,lay,lay,1,tn1-lay-s1,22,40.33,41.87,S0094,100,false,"`tn1`, 12 runs, 100 ep | Full available curve retained; registered_horizon and in_registered_plateau5_window identify the primary endpoint. Epoch observations are not independent seeds.",accuracy percent; epoch is the raw zero-based epoch index
tn1,lay,lay,1,tn1-lay-s1,23,42.14,43.23,S0094,100,false,"`tn1`, 12 runs, 100 ep | Full available curve retained; registered_horizon and in_registered_plateau5_window identify the primary endpoint. Epoch observations are not independent seeds.",accuracy percent; epoch is the raw zero-based epoch index
tn1,lay,lay,1,tn1-lay-s1,24,42.28,44.72,S0094,100,false,"`tn1`, 12 runs, 100 ep | Full available curve retained; registered_horizon and in_registered_plateau5_window identify the primary endpoint. Epoch observations are not independent seeds.",accuracy percent; epoch is the raw zero-based epoch index
tn1,lay,lay,1,tn1-lay-s1,25,42.76,45.91,S0094,100,false,"`tn1`, 12 runs, 100 ep | Full available curve retained; registered_horizon and in_registered_plateau5_window identify the primary endpoint. Epoch observations are not independent seeds.",accuracy percent; epoch is the raw zero-based epoch index
tn1,lay,lay,1,tn1-lay-s1,26,43.64,47.07,S0094,100,false,"`tn1`, 12 runs, 100 ep | Full available curve retained; registered_horizon and in_registered_plateau5_window identify the primary endpoint. Epoch observations are not independent seeds.",accuracy percent; epoch is the raw zero-based epoch index
tn1,lay,lay,1,tn1-lay-s1,27,44.44,48.3,S0094,100,false,"`tn1`, 12 runs, 100 ep | Full available curve retained; registered_horizon and in_registered_plateau5_window identify the primary endpoint. Epoch observations are not independent seeds.",accuracy percent; epoch is the raw zero-based epoch index
tn1,lay,lay,1,tn1-lay-s1,28,44.3,49.44,S0094,100,false,"`tn1`, 12 runs, 100 ep | Full available curve retained; registered_horizon and in_registered_plateau5_window identify the primary endpoint. Epoch observations are not independent seeds.",accuracy percent; epoch is the raw zero-based epoch index
tn1,lay,lay,1,tn1-lay-s1,29,45.38,50.62,S0094,100,false,"`tn1`, 12 runs, 100 ep | Full available curve retained; registered_horizon and in_registered_plateau5_window identify the primary endpoint. Epoch observations are not independent seeds.",accuracy percent; epoch is the raw zero-based epoch index
tn1,lay,lay,1,tn1-lay-s1,30,45.16,51.73,S0094,100,false,"`tn1`, 12 runs, 100 ep | Full available curve retained; registered_horizon and in_registered_plateau5_window identify the primary endpoint. Epoch observations are not independent seeds.",accuracy percent; epoch is the raw zero-based epoch index
tn1,lay,lay,1,tn1-lay-s1,31,46.42,52.92,S0094,100,false,"`tn1`, 12 runs, 100 ep | Full available curve retained; registered_horizon and in_registered_plateau5_window identify the primary endpoint. Epoch observations are not independent seeds.",accuracy percent; epoch is the raw zero-based epoch index
tn1,lay,lay,1,tn1-lay-s1,32,47.2,53.93,S0094,100,false,"`tn1`, 12 runs, 100 ep | Full available curve retained; registered_horizon and in_registered_plateau5_window identify the primary endpoint. Epoch observations are not independent seeds.",accuracy percent; epoch is the raw zero-based epoch index
tn1,lay,lay,1,tn1-lay-s1,33,47.78,54.93,S0094,100,false,"`tn1`, 12 runs, 100 ep | Full available curve retained; registered_horizon and in_registered_plateau5_window identify the primary endpoint. Epoch observations are not independent seeds.",accuracy percent; epoch is the raw zero-based epoch index
tn1,lay,lay,1,tn1-lay-s1,34,47.98,55.9,S0094,100,false,"`tn1`, 12 runs, 100 ep | Full available curve retained; registered_horizon and in_registered_plateau5_window identify the primary endpoint. Epoch observations are not independent seeds.",accuracy percent; epoch is the raw zero-based epoch index
tn1,lay,lay,1,tn1-lay-s1,35,48.66,56.94,S0094,100,false,"`tn1`, 12 runs, 100 ep | Full available curve retained; registered_horizon and in_registered_plateau5_window identify the primary endpoint. Epoch observations are not independent seeds.",accuracy percent; epoch is the raw zero-based epoch index
tn1,lay,lay,1,tn1-lay-s1,36,48.1,57.8,S0094,100,false,"`tn1`, 12 runs, 100 ep | Full available curve retained; registered_horizon and in_registered_plateau5_window identify the primary endpoint. Epoch observations are not independent seeds.",accuracy percent; epoch is the raw zero-based epoch index
tn1,lay,lay,1,tn1-lay-s1,37,48.42,58.67,S0094,100,false,"`tn1`, 12 runs, 100 ep | Full available curve retained; registered_horizon and in_registered_plateau5_window identify the primary endpoint. Epoch observations are not independent seeds.",accuracy percent; epoch is the raw zero-based epoch index
tn1,lay,lay,1,tn1-lay-s1,38,48.79,59.53,S0094,100,false,"`tn1`, 12 runs, 100 ep | Full available curve retained; registered_horizon and in_registered_plateau5_window identify the primary endpoint. Epoch observations are not independent seeds.",accuracy percent; epoch is the raw zero-based epoch index
tn1,lay,lay,1,tn1-lay-s1,39,49.86,60.4,S0094,100,false,"`tn1`, 12 runs, 100 ep | Full available curve retained; registered_horizon and in_registered_plateau5_window identify the primary endpoint. Epoch observations are not independent seeds.",accuracy percent; epoch is the raw zero-based epoch index
tn1,lay,lay,1,tn1-lay-s1,40,49.59,61.16,S0094,100,false,"`tn1`, 12 runs, 100 ep | Full available curve retained; registered_horizon and in_registered_plateau5_window identify the primary endpoint. Epoch observations are not independent seeds.",accuracy percent; epoch is the raw zero-based epoch index
tn1,lay,lay,1,tn1-lay-s1,41,50.05,62.08,S0094,100,false,"`tn1`, 12 runs, 100 ep | Full available curve retained; registered_horizon and in_registered_plateau5_window identify the primary endpoint. Epoch observations are not independent seeds.",accuracy percent; epoch is the raw zero-based epoch index
tn1,lay,lay,1,tn1-lay-s1,42,50.12,62.91,S0094,100,false,"`tn1`, 12 runs, 100 ep | Full available curve retained; registered_horizon and in_registered_plateau5_window identify the primary endpoint. Epoch observations are not independent seeds.",accuracy percent; epoch is the raw zero-based epoch index
tn1,lay,lay,1,tn1-lay-s1,43,49.7,63.84,S0094,100,false,"`tn1`, 12 runs, 100 ep | Full available curve retained; registered_horizon and in_registered_plateau5_window identify the primary endpoint. Epoch observations are not independent seeds.",accuracy percent; epoch is the raw zero-based epoch index
tn1,lay,lay,1,tn1-lay-s1,44,50.2,64.42,S0094,100,false,"`tn1`, 12 runs, 100 ep | Full available curve retained; registered_horizon and in_registered_plateau5_window identify the primary endpoint. Epoch observations are not independent seeds.",accuracy percent; epoch is the raw zero-based epoch index
tn1,lay,lay,1,tn1-lay-s1,45,50.07,65.43,S0094,100,false,"`tn1`, 12 runs, 100 ep | Full available curve retained; registered_horizon and in_registered_plateau5_window identify the primary endpoint. Epoch observations are not independent seeds.",accuracy percent; epoch is the raw zero-based epoch index
tn1,lay,lay,1,tn1-lay-s1,46,50.27,66.19,S0094,100,false,"`tn1`, 12 runs, 100 ep | Full available curve retained; registered_horizon and in_registered_plateau5_window identify the primary endpoint. Epoch observations are not independent seeds.",accuracy percent; epoch is the raw zero-based epoch index
tn1,lay,lay,1,tn1-lay-s1,47,50.68,66.55,S0094,100,false,"`tn1`, 12 runs, 100 ep | Full available curve retained; registered_horizon and in_registered_plateau5_window identify the primary endpoint. Epoch observations are not independent seeds.",accuracy percent; epoch is the raw zero-based epoch index
tn1,lay,lay,1,tn1-lay-s1,48,50.38,67.27,S0094,100,false,"`tn1`, 12 runs, 100 ep | Full available curve retained; registered_horizon and in_registered_plateau5_window identify the primary endpoint. Epoch observations are not independent seeds.",accuracy percent; epoch is the raw zero-based epoch index
tn1,lay,lay,1,tn1-lay-s1,49,51.19,68.42,S0094,100,false,"`tn1`, 12 runs, 100 ep | Full available curve retained; registered_horizon and in_registered_plateau5_window identify the primary endpoint. Epoch observations are not independent seeds.",accuracy percent; epoch is the raw zero-based epoch index
tn1,lay,lay,1,tn1-lay-s1,50,50.52,68.88,S0094,100,false,"`tn1`, 12 runs, 100 ep | Full available curve retained; registered_horizon and in_registered_plateau5_window identify the primary endpoint. Epoch observations are not independent seeds.",accuracy percent; epoch is the raw zero-based epoch index
tn1,lay,lay,1,tn1-lay-s1,51,51.41,69.58,S0094,100,false,"`tn1`, 12 runs, 100 ep | Full available curve retained; registered_horizon and in_registered_plateau5_window identify the primary endpoint. Epoch observations are not independent seeds.",accuracy percent; epoch is the raw zero-based epoch index
tn1,lay,lay,1,tn1-lay-s1,52,51.29,70.12,S0094,100,false,"`tn1`, 12 runs, 100 ep | Full available curve retained; registered_horizon and in_registered_plateau5_window identify the primary endpoint. Epoch observations are not independent seeds.",accuracy percent; epoch is the raw zero-based epoch index
tn1,lay,lay,1,tn1-lay-s1,53,51.35,70.86,S0094,100,false,"`tn1`, 12 runs, 100 ep | Full available curve retained; registered_horizon and in_registered_plateau5_window identify the primary endpoint. Epoch observations are not independent seeds.",accuracy percent; epoch is the raw zero-based epoch index
tn1,lay,lay,1,tn1-lay-s1,54,50.98,71.52,S0094,100,false,"`tn1`, 12 runs, 100 ep | Full available curve retained; registered_horizon and in_registered_plateau5_window identify the primary endpoint. Epoch observations are not independent seeds.",accuracy percent; epoch is the raw zero-based epoch index
tn1,lay,lay,1,tn1-lay-s1,55,50.88,72.05,S0094,100,false,"`tn1`, 12 runs, 100 ep | Full available curve retained; registered_horizon and in_registered_plateau5_window identify the primary endpoint. Epoch observations are not independent seeds.",accuracy percent; epoch is the raw zero-based epoch index
tn1,lay,lay,1,tn1-lay-s1,56,50.74,72.83,S0094,100,false,"`tn1`, 12 runs, 100 ep | Full available curve retained; registered_horizon and in_registered_plateau5_window identify the primary endpoint. Epoch observations are not independent seeds.",accuracy percent; epoch is the raw zero-based epoch index
tn1,lay,lay,1,tn1-lay-s1,57,51.12,73.4,S0094,100,false,"`tn1`, 12 runs, 100 ep | Full available curve retained; registered_horizon and in_registered_plateau5_window identify the primary endpoint. Epoch observations are not independent seeds.",accuracy percent; epoch is the raw zero-based epoch index
tn1,lay,lay,1,tn1-lay-s1,58,51.09,74.04,S0094,100,false,"`tn1`, 12 runs, 100 ep | Full available curve retained; registered_horizon and in_registered_plateau5_window identify the primary endpoint. Epoch observations are not independent seeds.",accuracy percent; epoch is the raw zero-based epoch index
tn1,lay,lay,1,tn1-lay-s1,59,51.35,74.54,S0094,100,false,"`tn1`, 12 runs, 100 ep | Full available curve retained; registered_horizon and in_registered_plateau5_window identify the primary endpoint. Epoch observations are not independent seeds.",accuracy percent; epoch is the raw zero-based epoch index
tn1,lay,lay,1,tn1-lay-s1,60,50.65,74.99,S0094,100,false,"`tn1`, 12 runs, 100 ep | Full available curve retained; registered_horizon and in_registered_plateau5_window identify the primary endpoint. Epoch observations are not independent seeds.",accuracy percent; epoch is the raw zero-based epoch index
tn1,lay,lay,1,tn1-lay-s1,61,50.99,75.55,S0094,100,false,"`tn1`, 12 runs, 100 ep | Full available curve retained; registered_horizon and in_registered_plateau5_window identify the primary endpoint. Epoch observations are not independent seeds.",accuracy percent; epoch is the raw zero-based epoch index
tn1,lay,lay,1,tn1-lay-s1,62,50.93,76.14,S0094,100,false,"`tn1`, 12 runs, 100 ep | Full available curve retained; registered_horizon and in_registered_plateau5_window identify the primary endpoint. Epoch observations are not independent seeds.",accuracy percent; epoch is the raw zero-based epoch index
tn1,lay,lay,1,tn1-lay-s1,63,50.6,76.44,S0094,100,false,"`tn1`, 12 runs, 100 ep | Full available curve retained; registered_horizon and in_registered_plateau5_window identify the primary endpoint. Epoch observations are not independent seeds.",accuracy percent; epoch is the raw zero-based epoch index
tn1,lay,lay,1,tn1-lay-s1,64,51.36,77.17,S0094,100,false,"`tn1`, 12 runs, 100 ep | Full available curve retained; registered_horizon and in_registered_plateau5_window identify the primary endpoint. Epoch observations are not independent seeds.",accuracy percent; epoch is the raw zero-based epoch index
tn1,lay,lay,1,tn1-lay-s1,65,50.72,77.9,S0094,100,false,"`tn1`, 12 runs, 100 ep | Full available curve retained; registered_horizon and in_registered_plateau5_window identify the primary endpoint. Epoch observations are not independent seeds.",accuracy percent; epoch is the raw zero-based epoch index
tn1,lay,lay,1,tn1-lay-s1,66,51.32,78.19,S0094,100,false,"`tn1`, 12 runs, 100 ep | Full available curve retained; registered_horizon and in_registered_plateau5_window identify the primary endpoint. Epoch observations are not independent seeds.",accuracy percent; epoch is the raw zero-based epoch index
tn1,lay,lay,1,tn1-lay-s1,67,50.82,78.69,S0094,100,false,"`tn1`, 12 runs, 100 ep | Full available curve retained; registered_horizon and in_registered_plateau5_window identify the primary endpoint. Epoch observations are not independent seeds.",accuracy percent; epoch is the raw zero-based epoch index
tn1,lay,lay,1,tn1-lay-s1,68,50.83,79.15,S0094,100,false,"`tn1`, 12 runs, 100 ep | Full available curve retained; registered_horizon and in_registered_plateau5_window identify the primary endpoint. Epoch observations are not independent seeds.",accuracy percent; epoch is the raw zero-based epoch index
tn1,lay,lay,1,tn1-lay-s1,69,50.88,79.78,S0094,100,false,"`tn1`, 12 runs, 100 ep | Full available curve retained; registered_horizon and in_registered_plateau5_window identify the primary endpoint. Epoch observations are not independent seeds.",accuracy percent; epoch is the raw zero-based epoch index
tn1,lay,lay,1,tn1-lay-s1,70,51.01,80.21,S0094,100,false,"`tn1`, 12 runs, 100 ep | Full available curve retained; registered_horizon and in_registered_plateau5_window identify the primary endpoint. Epoch observations are not independent seeds.",accuracy percent; epoch is the raw zero-based epoch index
tn1,lay,lay,1,tn1-lay-s1,71,51.06,80.33,S0094,100,false,"`tn1`, 12 runs, 100 ep | Full available curve retained; registered_horizon and in_registered_plateau5_window identify the primary endpoint. Epoch observations are not independent seeds.",accuracy percent; epoch is the raw zero-based epoch index
tn1,lay,lay,1,tn1-lay-s1,72,51.01,80.77,S0094,100,false,"`tn1`, 12 runs, 100 ep | Full available curve retained; registered_horizon and in_registered_plateau5_window identify the primary endpoint. Epoch observations are not independent seeds.",accuracy percent; epoch is the raw zero-based epoch index
tn1,lay,lay,1,tn1-lay-s1,73,50.86,81.17,S0094,100,false,"`tn1`, 12 runs, 100 ep | Full available curve retained; registered_horizon and in_registered_plateau5_window identify the primary endpoint. Epoch observations are not independent seeds.",accuracy percent; epoch is the raw zero-based epoch index
tn1,lay,lay,1,tn1-lay-s1,74,50.97,81.81,S0094,100,false,"`tn1`, 12 runs, 100 ep | Full available curve retained; registered_horizon and in_registered_plateau5_window identify the primary endpoint. Epoch observations are not independent seeds.",accuracy percent; epoch is the raw zero-based epoch index
tn1,lay,lay,1,tn1-lay-s1,75,50.99,81.93,S0094,100,false,"`tn1`, 12 runs, 100 ep | Full available curve retained; registered_horizon and in_registered_plateau5_window identify the primary endpoint. Epoch observations are not independent seeds.",accuracy percent; epoch is the raw zero-based epoch index
tn1,lay,lay,1,tn1-lay-s1,76,50.72,82.37,S0094,100,false,"`tn1`, 12 runs, 100 ep | Full available curve retained; registered_horizon and in_registered_plateau5_window identify the primary endpoint. Epoch observations are not independent seeds.",accuracy percent; epoch is the raw zero-based epoch index
tn1,lay,lay,1,tn1-lay-s1,77,51.05,82.83,S0094,100,false,"`tn1`, 12 runs, 100 ep | Full available curve retained; registered_horizon and in_registered_plateau5_window identify the primary endpoint. Epoch observations are not independent seeds.",accuracy percent; epoch is the raw zero-based epoch index
tn1,lay,lay,1,tn1-lay-s1,78,50.77,83.37,S0094,100,false,"`tn1`, 12 runs, 100 ep | Full available curve retained; registered_horizon and in_registered_plateau5_window identify the primary endpoint. Epoch observations are not independent seeds.",accuracy percent; epoch is the raw zero-based epoch index
tn1,lay,lay,1,tn1-lay-s1,79,50.76,83.35,S0094,100,false,"`tn1`, 12 runs, 100 ep | Full available curve retained; registered_horizon and in_registered_plateau5_window identify the primary endpoint. Epoch observations are not independent seeds.",accuracy percent; epoch is the raw zero-based epoch index
tn1,lay,lay,1,tn1-lay-s1,80,51.01,83.87,S0094,100,false,"`tn1`, 12 runs, 100 ep | Full available curve retained; registered_horizon and in_registered_plateau5_window identify the primary endpoint. Epoch observations are not independent seeds.",accuracy percent; epoch is the raw zero-based epoch index
tn1,lay,lay,1,tn1-lay-s1,81,50.66,84.16,S0094,100,false,"`tn1`, 12 runs, 100 ep | Full available curve retained; registered_horizon and in_registered_plateau5_window identify the primary endpoint. Epoch observations are not independent seeds.",accuracy percent; epoch is the raw zero-based epoch index
tn1,lay,lay,1,tn1-lay-s1,82,50.6,84.56,S0094,100,false,"`tn1`, 12 runs, 100 ep | Full available curve retained; registered_horizon and in_registered_plateau5_window identify the primary endpoint. Epoch observations are not independent seeds.",accuracy percent; epoch is the raw zero-based epoch index
tn1,lay,lay,1,tn1-lay-s1,83,50.7,84.81,S0094,100,false,"`tn1`, 12 runs, 100 ep | Full available curve retained; registered_horizon and in_registered_plateau5_window identify the primary endpoint. Epoch observations are not independent seeds.",accuracy percent; epoch is the raw zero-based epoch index
tn1,lay,lay,1,tn1-lay-s1,84,51.03,85.15,S0094,100,false,"`tn1`, 12 runs, 100 ep | Full available curve retained; registered_horizon and in_registered_plateau5_window identify the primary endpoint. Epoch observations are not independent seeds.",accuracy percent; epoch is the raw zero-based epoch index
tn1,lay,lay,1,tn1-lay-s1,85,50.95,85.78,S0094,100,false,"`tn1`, 12 runs, 100 ep | Full available curve retained; registered_horizon and in_registered_plateau5_window identify the primary endpoint. Epoch observations are not independent seeds.",accuracy percent; epoch is the raw zero-based epoch index
tn1,lay,lay,1,tn1-lay-s1,86,51.14,85.9,S0094,100,false,"`tn1`, 12 runs, 100 ep | Full available curve retained; registered_horizon and in_registered_plateau5_window identify the primary endpoint. Epoch observations are not independent seeds.",accuracy percent; epoch is the raw zero-based epoch index
tn1,lay,lay,1,tn1-lay-s1,87,50.69,86.02,S0094,100,false,"`tn1`, 12 runs, 100 ep | Full available curve retained; registered_horizon and in_registered_plateau5_window identify the primary endpoint. Epoch observations are not independent seeds.",accuracy percent; epoch is the raw zero-based epoch index
tn1,lay,lay,1,tn1-lay-s1,88,50.93,86.42,S0094,100,false,"`tn1`, 12 runs, 100 ep | Full available curve retained; registered_horizon and in_registered_plateau5_window identify the primary endpoint. Epoch observations are not independent seeds.",accuracy percent; epoch is the raw zero-based epoch index
tn1,lay,lay,1,tn1-lay-s1,89,50.65,86.68,S0094,100,false,"`tn1`, 12 runs, 100 ep | Full available curve retained; registered_horizon and in_registered_plateau5_window identify the primary endpoint. Epoch observations are not independent seeds.",accuracy percent; epoch is the raw zero-based epoch index
tn1,lay,lay,1,tn1-lay-s1,90,50.97,87.05,S0094,100,false,"`tn1`, 12 runs, 100 ep | Full available curve retained; registered_horizon and in_registered_plateau5_window identify the primary endpoint. Epoch observations are not independent seeds.",accuracy percent; epoch is the raw zero-based epoch index
tn1,lay,lay,1,tn1-lay-s1,91,50.7,87.17,S0094,100,false,"`tn1`, 12 runs, 100 ep | Full available curve retained; registered_horizon and in_registered_plateau5_window identify the primary endpoint. Epoch observations are not independent seeds.",accuracy percent; epoch is the raw zero-based epoch index
tn1,lay,lay,1,tn1-lay-s1,92,50.66,87.56,S0094,100,false,"`tn1`, 12 runs, 100 ep | Full available curve retained; registered_horizon and in_registered_plateau5_window identify the primary endpoint. Epoch observations are not independent seeds.",accuracy percent; epoch is the raw zero-based epoch index
tn1,lay,lay,1,tn1-lay-s1,93,50.8,87.54,S0094,100,false,"`tn1`, 12 runs, 100 ep | Full available curve retained; registered_horizon and in_registered_plateau5_window identify the primary endpoint. Epoch observations are not independent seeds.",accuracy percent; epoch is the raw zero-based epoch index
tn1,lay,lay,1,tn1-lay-s1,94,50.17,88.11,S0094,100,false,"`tn1`, 12 runs, 100 ep | Full available curve retained; registered_horizon and in_registered_plateau5_window identify the primary endpoint. Epoch observations are not independent seeds.",accuracy percent; epoch is the raw zero-based epoch index
tn1,lay,lay,1,tn1-lay-s1,95,50.7,88.24,S0094,100,true,"`tn1`, 12 runs, 100 ep | Full available curve retained; registered_horizon and in_registered_plateau5_window identify the primary endpoint. Epoch observations are not independent seeds.",accuracy percent; epoch is the raw zero-based epoch index
tn1,lay,lay,1,tn1-lay-s1,96,50.2,88.3,S0094,100,true,"`tn1`, 12 runs, 100 ep | Full available curve retained; registered_horizon and in_registered_plateau5_window identify the primary endpoint. Epoch observations are not independent seeds.",accuracy percent; epoch is the raw zero-based epoch index
tn1,lay,lay,1,tn1-lay-s1,97,50.91,88.64,S0094,100,true,"`tn1`, 12 runs, 100 ep | Full available curve retained; registered_horizon and in_registered_plateau5_window identify the primary endpoint. Epoch observations are not independent seeds.",accuracy percent; epoch is the raw zero-based epoch index
tn1,lay,lay,1,tn1-lay-s1,98,50.37,88.94,S0094,100,true,"`tn1`, 12 runs, 100 ep | Full available curve retained; registered_horizon and in_registered_plateau5_window identify the primary endpoint. Epoch observations are not independent seeds.",accuracy percent; epoch is the raw zero-based epoch index
tn1,lay,lay,1,tn1-lay-s1,99,51.11,89.16,S0094,100,true,"`tn1`, 12 runs, 100 ep | Full available curve retained; registered_horizon and in_registered_plateau5_window identify the primary endpoint. Epoch observations are not independent seeds.",accuracy percent; epoch is the raw zero-based epoch index
tn1,lay,lay,2,tn1-lay-s2,0,0.52,0.48,S0095,100,false,"`tn1`, 12 runs, 100 ep | Full available curve retained; registered_horizon and in_registered_plateau5_window identify the primary endpoint. Epoch observations are not independent seeds.",accuracy percent; epoch is the raw zero-based epoch index
tn1,lay,lay,2,tn1-lay-s2,1,0.49,0.48,S0095,100,false,"`tn1`, 12 runs, 100 ep | Full available curve retained; registered_horizon and in_registered_plateau5_window identify the primary endpoint. Epoch observations are not independent seeds.",accuracy percent; epoch is the raw zero-based epoch index
tn1,lay,lay,2,tn1-lay-s2,2,0.52,0.5,S0095,100,false,"`tn1`, 12 runs, 100 ep | Full available curve retained; registered_horizon and in_registered_plateau5_window identify the primary endpoint. Epoch observations are not independent seeds.",accuracy percent; epoch is the raw zero-based epoch index
tn1,lay,lay,2,tn1-lay-s2,3,0.45,0.55,S0095,100,false,"`tn1`, 12 runs, 100 ep | Full available curve retained; registered_horizon and in_registered_plateau5_window identify the primary endpoint. Epoch observations are not independent seeds.",accuracy percent; epoch is the raw zero-based epoch index
tn1,lay,lay,2,tn1-lay-s2,4,0.62,0.59,S0095,100,false,"`tn1`, 12 runs, 100 ep | Full available curve retained; registered_horizon and in_registered_plateau5_window identify the primary endpoint. Epoch observations are not independent seeds.",accuracy percent; epoch is the raw zero-based epoch index
tn1,lay,lay,2,tn1-lay-s2,5,1.65,0.98,S0095,100,false,"`tn1`, 12 runs, 100 ep | Full available curve retained; registered_horizon and in_registered_plateau5_window identify the primary endpoint. Epoch observations are not independent seeds.",accuracy percent; epoch is the raw zero-based epoch index
tn1,lay,lay,2,tn1-lay-s2,6,3.23,2.24,S0095,100,false,"`tn1`, 12 runs, 100 ep | Full available curve retained; registered_horizon and in_registered_plateau5_window identify the primary endpoint. Epoch observations are not independent seeds.",accuracy percent; epoch is the raw zero-based epoch index
tn1,lay,lay,2,tn1-lay-s2,7,5.93,4.4,S0095,100,false,"`tn1`, 12 runs, 100 ep | Full available curve retained; registered_horizon and in_registered_plateau5_window identify the primary endpoint. Epoch observations are not independent seeds.",accuracy percent; epoch is the raw zero-based epoch index
tn1,lay,lay,2,tn1-lay-s2,8,8.93,7.46,S0095,100,false,"`tn1`, 12 runs, 100 ep | Full available curve retained; registered_horizon and in_registered_plateau5_window identify the primary endpoint. Epoch observations are not independent seeds.",accuracy percent; epoch is the raw zero-based epoch index
tn1,lay,lay,2,tn1-lay-s2,9,14.68,11.77,S0095,100,false,"`tn1`, 12 runs, 100 ep | Full available curve retained; registered_horizon and in_registered_plateau5_window identify the primary endpoint. Epoch observations are not independent seeds.",accuracy percent; epoch is the raw zero-based epoch index
tn1,lay,lay,2,tn1-lay-s2,10,18.98,16.49,S0095,100,false,"`tn1`, 12 runs, 100 ep | Full available curve retained; registered_horizon and in_registered_plateau5_window identify the primary endpoint. Epoch observations are not independent seeds.",accuracy percent; epoch is the raw zero-based epoch index
tn1,lay,lay,2,tn1-lay-s2,11,22.6,20.41,S0095,100,false,"`tn1`, 12 runs, 100 ep | Full available curve retained; registered_horizon and in_registered_plateau5_window identify the primary endpoint. Epoch observations are not independent seeds.",accuracy percent; epoch is the raw zero-based epoch index
tn1,lay,lay,2,tn1-lay-s2,12,24.95,23.2,S0095,100,false,"`tn1`, 12 runs, 100 ep | Full available curve retained; registered_horizon and in_registered_plateau5_window identify the primary endpoint. Epoch observations are not independent seeds.",accuracy percent; epoch is the raw zero-based epoch index
tn1,lay,lay,2,tn1-lay-s2,13,26.33,26.07,S0095,100,false,"`tn1`, 12 runs, 100 ep | Full available curve retained; registered_horizon and in_registered_plateau5_window identify the primary endpoint. Epoch observations are not independent seeds.",accuracy percent; epoch is the raw zero-based epoch index
tn1,lay,lay,2,tn1-lay-s2,14,28.22,28.01,S0095,100,false,"`tn1`, 12 runs, 100 ep | Full available curve retained; registered_horizon and in_registered_plateau5_window identify the primary endpoint. Epoch observations are not independent seeds.",accuracy percent; epoch is the raw zero-based epoch index
tn1,lay,lay,2,tn1-lay-s2,15,30.24,30.26,S0095,100,false,"`tn1`, 12 runs, 100 ep | Full available curve retained; registered_horizon and in_registered_plateau5_window identify the primary endpoint. Epoch observations are not independent seeds.",accuracy percent; epoch is the raw zero-based epoch index
tn1,lay,lay,2,tn1-lay-s2,16,32.42,32.21,S0095,100,false,"`tn1`, 12 runs, 100 ep | Full available curve retained; registered_horizon and in_registered_plateau5_window identify the primary endpoint. Epoch observations are not independent seeds.",accuracy percent; epoch is the raw zero-based epoch index
tn1,lay,lay,2,tn1-lay-s2,17,34.26,33.79,S0095,100,false,"`tn1`, 12 runs, 100 ep | Full available curve retained; registered_horizon and in_registered_plateau5_window identify the primary endpoint. Epoch observations are not independent seeds.",accuracy percent; epoch is the raw zero-based epoch index
tn1,lay,lay,2,tn1-lay-s2,18,33.94,35.75,S0095,100,false,"`tn1`, 12 runs, 100 ep | Full available curve retained; registered_horizon and in_registered_plateau5_window identify the primary endpoint. Epoch observations are not independent seeds.",accuracy percent; epoch is the raw zero-based epoch index
tn1,lay,lay,2,tn1-lay-s2,19,36.83,37.45,S0095,100,false,"`tn1`, 12 runs, 100 ep | Full available curve retained; registered_horizon and in_registered_plateau5_window identify the primary endpoint. Epoch observations are not independent seeds.",accuracy percent; epoch is the raw zero-based epoch index
tn1,lay,lay,2,tn1-lay-s2,20,37.69,39.09,S0095,100,false,"`tn1`, 12 runs, 100 ep | Full available curve retained; registered_horizon and in_registered_plateau5_window identify the primary endpoint. Epoch observations are not independent seeds.",accuracy percent; epoch is the raw zero-based epoch index
tn1,lay,lay,2,tn1-lay-s2,21,38.7,40.58,S0095,100,false,"`tn1`, 12 runs, 100 ep | Full available curve retained; registered_horizon and in_registered_plateau5_window identify the primary endpoint. Epoch observations are not independent seeds.",accuracy percent; epoch is the raw zero-based epoch index
tn1,lay,lay,2,tn1-lay-s2,22,39.57,41.9,S0095,100,false,"`tn1`, 12 runs, 100 ep | Full available curve retained; registered_horizon and in_registered_plateau5_window identify the primary endpoint. Epoch observations are not independent seeds.",accuracy percent; epoch is the raw zero-based epoch index
tn1,lay,lay,2,tn1-lay-s2,23,40.36,43.42,S0095,100,false,"`tn1`, 12 runs, 100 ep | Full available curve retained; registered_horizon and in_registered_plateau5_window identify the primary endpoint. Epoch observations are not independent seeds.",accuracy percent; epoch is the raw zero-based epoch index
tn1,lay,lay,2,tn1-lay-s2,24,42.34,44.66,S0095,100,false,"`tn1`, 12 runs, 100 ep | Full available curve retained; registered_horizon and in_registered_plateau5_window identify the primary endpoint. Epoch observations are not independent seeds.",accuracy percent; epoch is the raw zero-based epoch index
tn1,lay,lay,2,tn1-lay-s2,25,42.78,45.91,S0095,100,false,"`tn1`, 12 runs, 100 ep | Full available curve retained; registered_horizon and in_registered_plateau5_window identify the primary endpoint. Epoch observations are not independent seeds.",accuracy percent; epoch is the raw zero-based epoch index
tn1,lay,lay,2,tn1-lay-s2,26,43.15,46.98,S0095,100,false,"`tn1`, 12 runs, 100 ep | Full available curve retained; registered_horizon and in_registered_plateau5_window identify the primary endpoint. Epoch observations are not independent seeds.",accuracy percent; epoch is the raw zero-based epoch index
tn1,lay,lay,2,tn1-lay-s2,27,44,48.23,S0095,100,false,"`tn1`, 12 runs, 100 ep | Full available curve retained; registered_horizon and in_registered_plateau5_window identify the primary endpoint. Epoch observations are not independent seeds.",accuracy percent; epoch is the raw zero-based epoch index
tn1,lay,lay,2,tn1-lay-s2,28,44.98,49.47,S0095,100,false,"`tn1`, 12 runs, 100 ep | Full available curve retained; registered_horizon and in_registered_plateau5_window identify the primary endpoint. Epoch observations are not independent seeds.",accuracy percent; epoch is the raw zero-based epoch index
tn1,lay,lay,2,tn1-lay-s2,29,45.85,50.36,S0095,100,false,"`tn1`, 12 runs, 100 ep | Full available curve retained; registered_horizon and in_registered_plateau5_window identify the primary endpoint. Epoch observations are not independent seeds.",accuracy percent; epoch is the raw zero-based epoch index
tn1,lay,lay,2,tn1-lay-s2,30,45.75,51.47,S0095,100,false,"`tn1`, 12 runs, 100 ep | Full available curve retained; registered_horizon and in_registered_plateau5_window identify the primary endpoint. Epoch observations are not independent seeds.",accuracy percent; epoch is the raw zero-based epoch index
tn1,lay,lay,2,tn1-lay-s2,31,46.89,52.57,S0095,100,false,"`tn1`, 12 runs, 100 ep | Full available curve retained; registered_horizon and in_registered_plateau5_window identify the primary endpoint. Epoch observations are not independent seeds.",accuracy percent; epoch is the raw zero-based epoch index
tn1,lay,lay,2,tn1-lay-s2,32,46.64,53.89,S0095,100,false,"`tn1`, 12 runs, 100 ep | Full available curve retained; registered_horizon and in_registered_plateau5_window identify the primary endpoint. Epoch observations are not independent seeds.",accuracy percent; epoch is the raw zero-based epoch index
tn1,lay,lay,2,tn1-lay-s2,33,46.91,54.74,S0095,100,false,"`tn1`, 12 runs, 100 ep | Full available curve retained; registered_horizon and in_registered_plateau5_window identify the primary endpoint. Epoch observations are not independent seeds.",accuracy percent; epoch is the raw zero-based epoch index
tn1,lay,lay,2,tn1-lay-s2,34,47.51,55.77,S0095,100,false,"`tn1`, 12 runs, 100 ep | Full available curve retained; registered_horizon and in_registered_plateau5_window identify the primary endpoint. Epoch observations are not independent seeds.",accuracy percent; epoch is the raw zero-based epoch index
tn1,lay,lay,2,tn1-lay-s2,35,47.76,56.82,S0095,100,false,"`tn1`, 12 runs, 100 ep | Full available curve retained; registered_horizon and in_registered_plateau5_window identify the primary endpoint. Epoch observations are not independent seeds.",accuracy percent; epoch is the raw zero-based epoch index
tn1,lay,lay,2,tn1-lay-s2,36,48.9,57.67,S0095,100,false,"`tn1`, 12 runs, 100 ep | Full available curve retained; registered_horizon and in_registered_plateau5_window identify the primary endpoint. Epoch observations are not independent seeds.",accuracy percent; epoch is the raw zero-based epoch index
tn1,lay,lay,2,tn1-lay-s2,37,48.43,58.82,S0095,100,false,"`tn1`, 12 runs, 100 ep | Full available curve retained; registered_horizon and in_registered_plateau5_window identify the primary endpoint. Epoch observations are not independent seeds.",accuracy percent; epoch is the raw zero-based epoch index
tn1,lay,lay,2,tn1-lay-s2,38,48.7,59.43,S0095,100,false,"`tn1`, 12 runs, 100 ep | Full available curve retained; registered_horizon and in_registered_plateau5_window identify the primary endpoint. Epoch observations are not independent seeds.",accuracy percent; epoch is the raw zero-based epoch index
tn1,lay,lay,2,tn1-lay-s2,39,49.61,60.38,S0095,100,false,"`tn1`, 12 runs, 100 ep | Full available curve retained; registered_horizon and in_registered_plateau5_window identify the primary endpoint. Epoch observations are not independent seeds.",accuracy percent; epoch is the raw zero-based epoch index
tn1,lay,lay,2,tn1-lay-s2,40,49.83,61.27,S0095,100,false,"`tn1`, 12 runs, 100 ep | Full available curve retained; registered_horizon and in_registered_plateau5_window identify the primary endpoint. Epoch observations are not independent seeds.",accuracy percent; epoch is the raw zero-based epoch index
tn1,lay,lay,2,tn1-lay-s2,41,49.81,61.99,S0095,100,false,"`tn1`, 12 runs, 100 ep | Full available curve retained; registered_horizon and in_registered_plateau5_window identify the primary endpoint. Epoch observations are not independent seeds.",accuracy percent; epoch is the raw zero-based epoch index
tn1,lay,lay,2,tn1-lay-s2,42,50.47,62.68,S0095,100,false,"`tn1`, 12 runs, 100 ep | Full available curve retained; registered_horizon and in_registered_plateau5_window identify the primary endpoint. Epoch observations are not independent seeds.",accuracy percent; epoch is the raw zero-based epoch index
tn1,lay,lay,2,tn1-lay-s2,43,49.93,63.66,S0095,100,false,"`tn1`, 12 runs, 100 ep | Full available curve retained; registered_horizon and in_registered_plateau5_window identify the primary endpoint. Epoch observations are not independent seeds.",accuracy percent; epoch is the raw zero-based epoch index
tn1,lay,lay,2,tn1-lay-s2,44,49.88,64.53,S0095,100,false,"`tn1`, 12 runs, 100 ep | Full available curve retained; registered_horizon and in_registered_plateau5_window identify the primary endpoint. Epoch observations are not independent seeds.",accuracy percent; epoch is the raw zero-based epoch index
tn1,lay,lay,2,tn1-lay-s2,45,50.07,65.18,S0095,100,false,"`tn1`, 12 runs, 100 ep | Full available curve retained; registered_horizon and in_registered_plateau5_window identify the primary endpoint. Epoch observations are not independent seeds.",accuracy percent; epoch is the raw zero-based epoch index
tn1,lay,lay,2,tn1-lay-s2,46,50.03,65.77,S0095,100,false,"`tn1`, 12 runs, 100 ep | Full available curve retained; registered_horizon and in_registered_plateau5_window identify the primary endpoint. Epoch observations are not independent seeds.",accuracy percent; epoch is the raw zero-based epoch index
tn1,lay,lay,2,tn1-lay-s2,47,50.28,66.41,S0095,100,false,"`tn1`, 12 runs, 100 ep | Full available curve retained; registered_horizon and in_registered_plateau5_window identify the primary endpoint. Epoch observations are not independent seeds.",accuracy percent; epoch is the raw zero-based epoch index
tn1,lay,lay,2,tn1-lay-s2,48,50.49,67.59,S0095,100,false,"`tn1`, 12 runs, 100 ep | Full available curve retained; registered_horizon and in_registered_plateau5_window identify the primary endpoint. Epoch observations are not independent seeds.",accuracy percent; epoch is the raw zero-based epoch index
tn1,lay,lay,2,tn1-lay-s2,49,50.89,67.83,S0095,100,false,"`tn1`, 12 runs, 100 ep | Full available curve retained; registered_horizon and in_registered_plateau5_window identify the primary endpoint. Epoch observations are not independent seeds.",accuracy percent; epoch is the raw zero-based epoch index
tn1,lay,lay,2,tn1-lay-s2,50,50.25,68.78,S0095,100,false,"`tn1`, 12 runs, 100 ep | Full available curve retained; registered_horizon and in_registered_plateau5_window identify the primary endpoint. Epoch observations are not independent seeds.",accuracy percent; epoch is the raw zero-based epoch index
tn1,lay,lay,2,tn1-lay-s2,51,50.38,69.55,S0095,100,false,"`tn1`, 12 runs, 100 ep | Full available curve retained; registered_horizon and in_registered_plateau5_window identify the primary endpoint. Epoch observations are not independent seeds.",accuracy percent; epoch is the raw zero-based epoch index
tn1,lay,lay,2,tn1-lay-s2,52,50.97,69.9,S0095,100,false,"`tn1`, 12 runs, 100 ep | Full available curve retained; registered_horizon and in_registered_plateau5_window identify the primary endpoint. Epoch observations are not independent seeds.",accuracy percent; epoch is the raw zero-based epoch index
tn1,lay,lay,2,tn1-lay-s2,53,51.08,70.74,S0095,100,false,"`tn1`, 12 runs, 100 ep | Full available curve retained; registered_horizon and in_registered_plateau5_window identify the primary endpoint. Epoch observations are not independent seeds.",accuracy percent; epoch is the raw zero-based epoch index
tn1,lay,lay,2,tn1-lay-s2,54,50.58,71.53,S0095,100,false,"`tn1`, 12 runs, 100 ep | Full available curve retained; registered_horizon and in_registered_plateau5_window identify the primary endpoint. Epoch observations are not independent seeds.",accuracy percent; epoch is the raw zero-based epoch index
tn1,lay,lay,2,tn1-lay-s2,55,50.57,72,S0095,100,false,"`tn1`, 12 runs, 100 ep | Full available curve retained; registered_horizon and in_registered_plateau5_window identify the primary endpoint. Epoch observations are not independent seeds.",accuracy percent; epoch is the raw zero-based epoch index
tn1,lay,lay,2,tn1-lay-s2,56,50.61,72.73,S0095,100,false,"`tn1`, 12 runs, 100 ep | Full available curve retained; registered_horizon and in_registered_plateau5_window identify the primary endpoint. Epoch observations are not independent seeds.",accuracy percent; epoch is the raw zero-based epoch index
tn1,lay,lay,2,tn1-lay-s2,57,50.7,73.16,S0095,100,false,"`tn1`, 12 runs, 100 ep | Full available curve retained; registered_horizon and in_registered_plateau5_window identify the primary endpoint. Epoch observations are not independent seeds.",accuracy percent; epoch is the raw zero-based epoch index
tn1,lay,lay,2,tn1-lay-s2,58,51.05,73.91,S0095,100,false,"`tn1`, 12 runs, 100 ep | Full available curve retained; registered_horizon and in_registered_plateau5_window identify the primary endpoint. Epoch observations are not independent seeds.",accuracy percent; epoch is the raw zero-based epoch index
tn1,lay,lay,2,tn1-lay-s2,59,51.14,74.53,S0095,100,false,"`tn1`, 12 runs, 100 ep | Full available curve retained; registered_horizon and in_registered_plateau5_window identify the primary endpoint. Epoch observations are not independent seeds.",accuracy percent; epoch is the raw zero-based epoch index
tn1,lay,lay,2,tn1-lay-s2,60,51.19,74.86,S0095,100,false,"`tn1`, 12 runs, 100 ep | Full available curve retained; registered_horizon and in_registered_plateau5_window identify the primary endpoint. Epoch observations are not independent seeds.",accuracy percent; epoch is the raw zero-based epoch index
tn1,lay,lay,2,tn1-lay-s2,61,50.7,75.6,S0095,100,false,"`tn1`, 12 runs, 100 ep | Full available curve retained; registered_horizon and in_registered_plateau5_window identify the primary endpoint. Epoch observations are not independent seeds.",accuracy percent; epoch is the raw zero-based epoch index
tn1,lay,lay,2,tn1-lay-s2,62,50.99,76.18,S0095,100,false,"`tn1`, 12 runs, 100 ep | Full available curve retained; registered_horizon and in_registered_plateau5_window identify the primary endpoint. Epoch observations are not independent seeds.",accuracy percent; epoch is the raw zero-based epoch index
tn1,lay,lay,2,tn1-lay-s2,63,51.23,76.67,S0095,100,false,"`tn1`, 12 runs, 100 ep | Full available curve retained; registered_horizon and in_registered_plateau5_window identify the primary endpoint. Epoch observations are not independent seeds.",accuracy percent; epoch is the raw zero-based epoch index
tn1,lay,lay,2,tn1-lay-s2,64,51.61,77.17,S0095,100,false,"`tn1`, 12 runs, 100 ep | Full available curve retained; registered_horizon and in_registered_plateau5_window identify the primary endpoint. Epoch observations are not independent seeds.",accuracy percent; epoch is the raw zero-based epoch index
tn1,lay,lay,2,tn1-lay-s2,65,51.39,77.64,S0095,100,false,"`tn1`, 12 runs, 100 ep | Full available curve retained; registered_horizon and in_registered_plateau5_window identify the primary endpoint. Epoch observations are not independent seeds.",accuracy percent; epoch is the raw zero-based epoch index
tn1,lay,lay,2,tn1-lay-s2,66,51.18,78.34,S0095,100,false,"`tn1`, 12 runs, 100 ep | Full available curve retained; registered_horizon and in_registered_plateau5_window identify the primary endpoint. Epoch observations are not independent seeds.",accuracy percent; epoch is the raw zero-based epoch index
tn1,lay,lay,2,tn1-lay-s2,67,51.05,78.54,S0095,100,false,"`tn1`, 12 runs, 100 ep | Full available curve retained; registered_horizon and in_registered_plateau5_window identify the primary endpoint. Epoch observations are not independent seeds.",accuracy percent; epoch is the raw zero-based epoch index
tn1,lay,lay,2,tn1-lay-s2,68,51.31,79.11,S0095,100,false,"`tn1`, 12 runs, 100 ep | Full available curve retained; registered_horizon and in_registered_plateau5_window identify the primary endpoint. Epoch observations are not independent seeds.",accuracy percent; epoch is the raw zero-based epoch index
tn1,lay,lay,2,tn1-lay-s2,69,51.43,79.55,S0095,100,false,"`tn1`, 12 runs, 100 ep | Full available curve retained; registered_horizon and in_registered_plateau5_window identify the primary endpoint. Epoch observations are not independent seeds.",accuracy percent; epoch is the raw zero-based epoch index
tn1,lay,lay,2,tn1-lay-s2,70,51.04,79.91,S0095,100,false,"`tn1`, 12 runs, 100 ep | Full available curve retained; registered_horizon and in_registered_plateau5_window identify the primary endpoint. Epoch observations are not independent seeds.",accuracy percent; epoch is the raw zero-based epoch index
tn1,lay,lay,2,tn1-lay-s2,71,51.09,80.39,S0095,100,false,"`tn1`, 12 runs, 100 ep | Full available curve retained; registered_horizon and in_registered_plateau5_window identify the primary endpoint. Epoch observations are not independent seeds.",accuracy percent; epoch is the raw zero-based epoch index
tn1,lay,lay,2,tn1-lay-s2,72,50.86,80.89,S0095,100,false,"`tn1`, 12 runs, 100 ep | Full available curve retained; registered_horizon and in_registered_plateau5_window identify the primary endpoint. Epoch observations are not independent seeds.",accuracy percent; epoch is the raw zero-based epoch index
tn1,lay,lay,2,tn1-lay-s2,73,51.17,81.27,S0095,100,false,"`tn1`, 12 runs, 100 ep | Full available curve retained; registered_horizon and in_registered_plateau5_window identify the primary endpoint. Epoch observations are not independent seeds.",accuracy percent; epoch is the raw zero-based epoch index
tn1,lay,lay,2,tn1-lay-s2,74,51.33,81.67,S0095,100,false,"`tn1`, 12 runs, 100 ep | Full available curve retained; registered_horizon and in_registered_plateau5_window identify the primary endpoint. Epoch observations are not independent seeds.",accuracy percent; epoch is the raw zero-based epoch index
tn1,lay,lay,2,tn1-lay-s2,75,51.33,81.73,S0095,100,false,"`tn1`, 12 runs, 100 ep | Full available curve retained; registered_horizon and in_registered_plateau5_window identify the primary endpoint. Epoch observations are not independent seeds.",accuracy percent; epoch is the raw zero-based epoch index
tn1,lay,lay,2,tn1-lay-s2,76,50.79,82.6,S0095,100,false,"`tn1`, 12 runs, 100 ep | Full available curve retained; registered_horizon and in_registered_plateau5_window identify the primary endpoint. Epoch observations are not independent seeds.",accuracy percent; epoch is the raw zero-based epoch index
tn1,lay,lay,2,tn1-lay-s2,77,50.99,82.87,S0095,100,false,"`tn1`, 12 runs, 100 ep | Full available curve retained; registered_horizon and in_registered_plateau5_window identify the primary endpoint. Epoch observations are not independent seeds.",accuracy percent; epoch is the raw zero-based epoch index
tn1,lay,lay,2,tn1-lay-s2,78,51.14,83.09,S0095,100,false,"`tn1`, 12 runs, 100 ep | Full available curve retained; registered_horizon and in_registered_plateau5_window identify the primary endpoint. Epoch observations are not independent seeds.",accuracy percent; epoch is the raw zero-based epoch index
tn1,lay,lay,2,tn1-lay-s2,79,51.13,83.33,S0095,100,false,"`tn1`, 12 runs, 100 ep | Full available curve retained; registered_horizon and in_registered_plateau5_window identify the primary endpoint. Epoch observations are not independent seeds.",accuracy percent; epoch is the raw zero-based epoch index
tn1,lay,lay,2,tn1-lay-s2,80,50.89,84.09,S0095,100,false,"`tn1`, 12 runs, 100 ep | Full available curve retained; registered_horizon and in_registered_plateau5_window identify the primary endpoint. Epoch observations are not independent seeds.",accuracy percent; epoch is the raw zero-based epoch index
tn1,lay,lay,2,tn1-lay-s2,81,51.29,84.17,S0095,100,false,"`tn1`, 12 runs, 100 ep | Full available curve retained; registered_horizon and in_registered_plateau5_window identify the primary endpoint. Epoch observations are not independent seeds.",accuracy percent; epoch is the raw zero-based epoch index
tn1,lay,lay,2,tn1-lay-s2,82,51.29,84.46,S0095,100,false,"`tn1`, 12 runs, 100 ep | Full available curve retained; registered_horizon and in_registered_plateau5_window identify the primary endpoint. Epoch observations are not independent seeds.",accuracy percent; epoch is the raw zero-based epoch index
tn1,lay,lay,2,tn1-lay-s2,83,51.2,84.9,S0095,100,false,"`tn1`, 12 runs, 100 ep | Full available curve retained; registered_horizon and in_registered_plateau5_window identify the primary endpoint. Epoch observations are not independent seeds.",accuracy percent; epoch is the raw zero-based epoch index
tn1,lay,lay,2,tn1-lay-s2,84,51.3,84.98,S0095,100,false,"`tn1`, 12 runs, 100 ep | Full available curve retained; registered_horizon and in_registered_plateau5_window identify the primary endpoint. Epoch observations are not independent seeds.",accuracy percent; epoch is the raw zero-based epoch index
tn1,lay,lay,2,tn1-lay-s2,85,51.13,85.58,S0095,100,false,"`tn1`, 12 runs, 100 ep | Full available curve retained; registered_horizon and in_registered_plateau5_window identify the primary endpoint. Epoch observations are not independent seeds.",accuracy percent; epoch is the raw zero-based epoch index
tn1,lay,lay,2,tn1-lay-s2,86,51.52,85.76,S0095,100,false,"`tn1`, 12 runs, 100 ep | Full available curve retained; registered_horizon and in_registered_plateau5_window identify the primary endpoint. Epoch observations are not independent seeds.",accuracy percent; epoch is the raw zero-based epoch index
tn1,lay,lay,2,tn1-lay-s2,87,51.14,86.14,S0095,100,false,"`tn1`, 12 runs, 100 ep | Full available curve retained; registered_horizon and in_registered_plateau5_window identify the primary endpoint. Epoch observations are not independent seeds.",accuracy percent; epoch is the raw zero-based epoch index
tn1,lay,lay,2,tn1-lay-s2,88,51.82,86.54,S0095,100,false,"`tn1`, 12 runs, 100 ep | Full available curve retained; registered_horizon and in_registered_plateau5_window identify the primary endpoint. Epoch observations are not independent seeds.",accuracy percent; epoch is the raw zero-based epoch index
tn1,lay,lay,2,tn1-lay-s2,89,51.09,86.72,S0095,100,false,"`tn1`, 12 runs, 100 ep | Full available curve retained; registered_horizon and in_registered_plateau5_window identify the primary endpoint. Epoch observations are not independent seeds.",accuracy percent; epoch is the raw zero-based epoch index
tn1,lay,lay,2,tn1-lay-s2,90,51.28,86.78,S0095,100,false,"`tn1`, 12 runs, 100 ep | Full available curve retained; registered_horizon and in_registered_plateau5_window identify the primary endpoint. Epoch observations are not independent seeds.",accuracy percent; epoch is the raw zero-based epoch index
tn1,lay,lay,2,tn1-lay-s2,91,51.37,87.13,S0095,100,false,"`tn1`, 12 runs, 100 ep | Full available curve retained; registered_horizon and in_registered_plateau5_window identify the primary endpoint. Epoch observations are not independent seeds.",accuracy percent; epoch is the raw zero-based epoch index
tn1,lay,lay,2,tn1-lay-s2,92,51.69,87.52,S0095,100,false,"`tn1`, 12 runs, 100 ep | Full available curve retained; registered_horizon and in_registered_plateau5_window identify the primary endpoint. Epoch observations are not independent seeds.",accuracy percent; epoch is the raw zero-based epoch index
tn1,lay,lay,2,tn1-lay-s2,93,51.33,87.8,S0095,100,false,"`tn1`, 12 runs, 100 ep | Full available curve retained; registered_horizon and in_registered_plateau5_window identify the primary endpoint. Epoch observations are not independent seeds.",accuracy percent; epoch is the raw zero-based epoch index
tn1,lay,lay,2,tn1-lay-s2,94,50.8,87.91,S0095,100,false,"`tn1`, 12 runs, 100 ep | Full available curve retained; registered_horizon and in_registered_plateau5_window identify the primary endpoint. Epoch observations are not independent seeds.",accuracy percent; epoch is the raw zero-based epoch index
tn1,lay,lay,2,tn1-lay-s2,95,51.09,88.29,S0095,100,true,"`tn1`, 12 runs, 100 ep | Full available curve retained; registered_horizon and in_registered_plateau5_window identify the primary endpoint. Epoch observations are not independent seeds.",accuracy percent; epoch is the raw zero-based epoch index
tn1,lay,lay,2,tn1-lay-s2,96,50.92,88.95,S0095,100,true,"`tn1`, 12 runs, 100 ep | Full available curve retained; registered_horizon and in_registered_plateau5_window identify the primary endpoint. Epoch observations are not independent seeds.",accuracy percent; epoch is the raw zero-based epoch index
tn1,lay,lay,2,tn1-lay-s2,97,50.73,88.93,S0095,100,true,"`tn1`, 12 runs, 100 ep | Full available curve retained; registered_horizon and in_registered_plateau5_window identify the primary endpoint. Epoch observations are not independent seeds.",accuracy percent; epoch is the raw zero-based epoch index
tn1,lay,lay,2,tn1-lay-s2,98,51.09,88.89,S0095,100,true,"`tn1`, 12 runs, 100 ep | Full available curve retained; registered_horizon and in_registered_plateau5_window identify the primary endpoint. Epoch observations are not independent seeds.",accuracy percent; epoch is the raw zero-based epoch index
tn1,lay,lay,2,tn1-lay-s2,99,51.57,89.07,S0095,100,true,"`tn1`, 12 runs, 100 ep | Full available curve retained; registered_horizon and in_registered_plateau5_window identify the primary endpoint. Epoch observations are not independent seeds.",accuracy percent; epoch is the raw zero-based epoch index
tn1,node,node,0,tn1-node-s0,0,0.45,0.54,S0096,100,false,"`tn1`, 12 runs, 100 ep | Full available curve retained; registered_horizon and in_registered_plateau5_window identify the primary endpoint. Epoch observations are not independent seeds.",accuracy percent; epoch is the raw zero-based epoch index
tn1,node,node,0,tn1-node-s0,1,0.39,0.52,S0096,100,false,"`tn1`, 12 runs, 100 ep | Full available curve retained; registered_horizon and in_registered_plateau5_window identify the primary endpoint. Epoch observations are not independent seeds.",accuracy percent; epoch is the raw zero-based epoch index
tn1,node,node,0,tn1-node-s0,2,0.41,0.56,S0096,100,false,"`tn1`, 12 runs, 100 ep | Full available curve retained; registered_horizon and in_registered_plateau5_window identify the primary endpoint. Epoch observations are not independent seeds.",accuracy percent; epoch is the raw zero-based epoch index
tn1,node,node,0,tn1-node-s0,3,0.46,0.52,S0096,100,false,"`tn1`, 12 runs, 100 ep | Full available curve retained; registered_horizon and in_registered_plateau5_window identify the primary endpoint. Epoch observations are not independent seeds.",accuracy percent; epoch is the raw zero-based epoch index
tn1,node,node,0,tn1-node-s0,4,0.58,0.6,S0096,100,false,"`tn1`, 12 runs, 100 ep | Full available curve retained; registered_horizon and in_registered_plateau5_window identify the primary endpoint. Epoch observations are not independent seeds.",accuracy percent; epoch is the raw zero-based epoch index
tn1,node,node,0,tn1-node-s0,5,1.27,0.9,S0096,100,false,"`tn1`, 12 runs, 100 ep | Full available curve retained; registered_horizon and in_registered_plateau5_window identify the primary endpoint. Epoch observations are not independent seeds.",accuracy percent; epoch is the raw zero-based epoch index
tn1,node,node,0,tn1-node-s0,6,2.47,1.62,S0096,100,false,"`tn1`, 12 runs, 100 ep | Full available curve retained; registered_horizon and in_registered_plateau5_window identify the primary endpoint. Epoch observations are not independent seeds.",accuracy percent; epoch is the raw zero-based epoch index
tn1,node,node,0,tn1-node-s0,7,3.44,2.72,S0096,100,false,"`tn1`, 12 runs, 100 ep | Full available curve retained; registered_horizon and in_registered_plateau5_window identify the primary endpoint. Epoch observations are not independent seeds.",accuracy percent; epoch is the raw zero-based epoch index
tn1,node,node,0,tn1-node-s0,8,6.12,4.61,S0096,100,false,"`tn1`, 12 runs, 100 ep | Full available curve retained; registered_horizon and in_registered_plateau5_window identify the primary endpoint. Epoch observations are not independent seeds.",accuracy percent; epoch is the raw zero-based epoch index
tn1,node,node,0,tn1-node-s0,9,10.47,8.2,S0096,100,false,"`tn1`, 12 runs, 100 ep | Full available curve retained; registered_horizon and in_registered_plateau5_window identify the primary endpoint. Epoch observations are not independent seeds.",accuracy percent; epoch is the raw zero-based epoch index
tn1,node,node,0,tn1-node-s0,10,14.85,12.93,S0096,100,false,"`tn1`, 12 runs, 100 ep | Full available curve retained; registered_horizon and in_registered_plateau5_window identify the primary endpoint. Epoch observations are not independent seeds.",accuracy percent; epoch is the raw zero-based epoch index
tn1,node,node,0,tn1-node-s0,11,18.61,17.21,S0096,100,false,"`tn1`, 12 runs, 100 ep | Full available curve retained; registered_horizon and in_registered_plateau5_window identify the primary endpoint. Epoch observations are not independent seeds.",accuracy percent; epoch is the raw zero-based epoch index
tn1,node,node,0,tn1-node-s0,12,23.14,21.37,S0096,100,false,"`tn1`, 12 runs, 100 ep | Full available curve retained; registered_horizon and in_registered_plateau5_window identify the primary endpoint. Epoch observations are not independent seeds.",accuracy percent; epoch is the raw zero-based epoch index
tn1,node,node,0,tn1-node-s0,13,26.67,25.48,S0096,100,false,"`tn1`, 12 runs, 100 ep | Full available curve retained; registered_horizon and in_registered_plateau5_window identify the primary endpoint. Epoch observations are not independent seeds.",accuracy percent; epoch is the raw zero-based epoch index
tn1,node,node,0,tn1-node-s0,14,29.63,28.54,S0096,100,false,"`tn1`, 12 runs, 100 ep | Full available curve retained; registered_horizon and in_registered_plateau5_window identify the primary endpoint. Epoch observations are not independent seeds.",accuracy percent; epoch is the raw zero-based epoch index
tn1,node,node,0,tn1-node-s0,15,31.33,31.56,S0096,100,false,"`tn1`, 12 runs, 100 ep | Full available curve retained; registered_horizon and in_registered_plateau5_window identify the primary endpoint. Epoch observations are not independent seeds.",accuracy percent; epoch is the raw zero-based epoch index
tn1,node,node,0,tn1-node-s0,16,34.55,33.91,S0096,100,false,"`tn1`, 12 runs, 100 ep | Full available curve retained; registered_horizon and in_registered_plateau5_window identify the primary endpoint. Epoch observations are not independent seeds.",accuracy percent; epoch is the raw zero-based epoch index
tn1,node,node,0,tn1-node-s0,17,35.04,36.06,S0096,100,false,"`tn1`, 12 runs, 100 ep | Full available curve retained; registered_horizon and in_registered_plateau5_window identify the primary endpoint. Epoch observations are not independent seeds.",accuracy percent; epoch is the raw zero-based epoch index
tn1,node,node,0,tn1-node-s0,18,36.73,38.19,S0096,100,false,"`tn1`, 12 runs, 100 ep | Full available curve retained; registered_horizon and in_registered_plateau5_window identify the primary endpoint. Epoch observations are not independent seeds.",accuracy percent; epoch is the raw zero-based epoch index
tn1,node,node,0,tn1-node-s0,19,39.2,40.05,S0096,100,false,"`tn1`, 12 runs, 100 ep | Full available curve retained; registered_horizon and in_registered_plateau5_window identify the primary endpoint. Epoch observations are not independent seeds.",accuracy percent; epoch is the raw zero-based epoch index
tn1,node,node,0,tn1-node-s0,20,40.11,41.67,S0096,100,false,"`tn1`, 12 runs, 100 ep | Full available curve retained; registered_horizon and in_registered_plateau5_window identify the primary endpoint. Epoch observations are not independent seeds.",accuracy percent; epoch is the raw zero-based epoch index
tn1,node,node,0,tn1-node-s0,21,41.04,43.22,S0096,100,false,"`tn1`, 12 runs, 100 ep | Full available curve retained; registered_horizon and in_registered_plateau5_window identify the primary endpoint. Epoch observations are not independent seeds.",accuracy percent; epoch is the raw zero-based epoch index
tn1,node,node,0,tn1-node-s0,22,41.56,44.89,S0096,100,false,"`tn1`, 12 runs, 100 ep | Full available curve retained; registered_horizon and in_registered_plateau5_window identify the primary endpoint. Epoch observations are not independent seeds.",accuracy percent; epoch is the raw zero-based epoch index
tn1,node,node,0,tn1-node-s0,23,43.1,46.35,S0096,100,false,"`tn1`, 12 runs, 100 ep | Full available curve retained; registered_horizon and in_registered_plateau5_window identify the primary endpoint. Epoch observations are not independent seeds.",accuracy percent; epoch is the raw zero-based epoch index
tn1,node,node,0,tn1-node-s0,24,43.98,47.63,S0096,100,false,"`tn1`, 12 runs, 100 ep | Full available curve retained; registered_horizon and in_registered_plateau5_window identify the primary endpoint. Epoch observations are not independent seeds.",accuracy percent; epoch is the raw zero-based epoch index
tn1,node,node,0,tn1-node-s0,25,43.46,48.9,S0096,100,false,"`tn1`, 12 runs, 100 ep | Full available curve retained; registered_horizon and in_registered_plateau5_window identify the primary endpoint. Epoch observations are not independent seeds.",accuracy percent; epoch is the raw zero-based epoch index
tn1,node,node,0,tn1-node-s0,26,45.15,50.34,S0096,100,false,"`tn1`, 12 runs, 100 ep | Full available curve retained; registered_horizon and in_registered_plateau5_window identify the primary endpoint. Epoch observations are not independent seeds.",accuracy percent; epoch is the raw zero-based epoch index
tn1,node,node,0,tn1-node-s0,27,44.68,51.44,S0096,100,false,"`tn1`, 12 runs, 100 ep | Full available curve retained; registered_horizon and in_registered_plateau5_window identify the primary endpoint. Epoch observations are not independent seeds.",accuracy percent; epoch is the raw zero-based epoch index
tn1,node,node,0,tn1-node-s0,28,45.82,52.69,S0096,100,false,"`tn1`, 12 runs, 100 ep | Full available curve retained; registered_horizon and in_registered_plateau5_window identify the primary endpoint. Epoch observations are not independent seeds.",accuracy percent; epoch is the raw zero-based epoch index
tn1,node,node,0,tn1-node-s0,29,47.07,53.85,S0096,100,false,"`tn1`, 12 runs, 100 ep | Full available curve retained; registered_horizon and in_registered_plateau5_window identify the primary endpoint. Epoch observations are not independent seeds.",accuracy percent; epoch is the raw zero-based epoch index
tn1,node,node,0,tn1-node-s0,30,47.99,54.65,S0096,100,false,"`tn1`, 12 runs, 100 ep | Full available curve retained; registered_horizon and in_registered_plateau5_window identify the primary endpoint. Epoch observations are not independent seeds.",accuracy percent; epoch is the raw zero-based epoch index
tn1,node,node,0,tn1-node-s0,31,47.87,55.64,S0096,100,false,"`tn1`, 12 runs, 100 ep | Full available curve retained; registered_horizon and in_registered_plateau5_window identify the primary endpoint. Epoch observations are not independent seeds.",accuracy percent; epoch is the raw zero-based epoch index
tn1,node,node,0,tn1-node-s0,32,47.74,56.73,S0096,100,false,"`tn1`, 12 runs, 100 ep | Full available curve retained; registered_horizon and in_registered_plateau5_window identify the primary endpoint. Epoch observations are not independent seeds.",accuracy percent; epoch is the raw zero-based epoch index
tn1,node,node,0,tn1-node-s0,33,48.67,57.57,S0096,100,false,"`tn1`, 12 runs, 100 ep | Full available curve retained; registered_horizon and in_registered_plateau5_window identify the primary endpoint. Epoch observations are not independent seeds.",accuracy percent; epoch is the raw zero-based epoch index
tn1,node,node,0,tn1-node-s0,34,49.42,58.42,S0096,100,false,"`tn1`, 12 runs, 100 ep | Full available curve retained; registered_horizon and in_registered_plateau5_window identify the primary endpoint. Epoch observations are not independent seeds.",accuracy percent; epoch is the raw zero-based epoch index
tn1,node,node,0,tn1-node-s0,35,48.7,59.29,S0096,100,false,"`tn1`, 12 runs, 100 ep | Full available curve retained; registered_horizon and in_registered_plateau5_window identify the primary endpoint. Epoch observations are not independent seeds.",accuracy percent; epoch is the raw zero-based epoch index
tn1,node,node,0,tn1-node-s0,36,49.91,60.32,S0096,100,false,"`tn1`, 12 runs, 100 ep | Full available curve retained; registered_horizon and in_registered_plateau5_window identify the primary endpoint. Epoch observations are not independent seeds.",accuracy percent; epoch is the raw zero-based epoch index
tn1,node,node,0,tn1-node-s0,37,50.19,61.11,S0096,100,false,"`tn1`, 12 runs, 100 ep | Full available curve retained; registered_horizon and in_registered_plateau5_window identify the primary endpoint. Epoch observations are not independent seeds.",accuracy percent; epoch is the raw zero-based epoch index
tn1,node,node,0,tn1-node-s0,38,50.1,61.93,S0096,100,false,"`tn1`, 12 runs, 100 ep | Full available curve retained; registered_horizon and in_registered_plateau5_window identify the primary endpoint. Epoch observations are not independent seeds.",accuracy percent; epoch is the raw zero-based epoch index
tn1,node,node,0,tn1-node-s0,39,50.75,62.72,S0096,100,false,"`tn1`, 12 runs, 100 ep | Full available curve retained; registered_horizon and in_registered_plateau5_window identify the primary endpoint. Epoch observations are not independent seeds.",accuracy percent; epoch is the raw zero-based epoch index
tn1,node,node,0,tn1-node-s0,40,50.59,63.35,S0096,100,false,"`tn1`, 12 runs, 100 ep | Full available curve retained; registered_horizon and in_registered_plateau5_window identify the primary endpoint. Epoch observations are not independent seeds.",accuracy percent; epoch is the raw zero-based epoch index
tn1,node,node,0,tn1-node-s0,41,50.75,64.14,S0096,100,false,"`tn1`, 12 runs, 100 ep | Full available curve retained; registered_horizon and in_registered_plateau5_window identify the primary endpoint. Epoch observations are not independent seeds.",accuracy percent; epoch is the raw zero-based epoch index
tn1,node,node,0,tn1-node-s0,42,50.92,64.74,S0096,100,false,"`tn1`, 12 runs, 100 ep | Full available curve retained; registered_horizon and in_registered_plateau5_window identify the primary endpoint. Epoch observations are not independent seeds.",accuracy percent; epoch is the raw zero-based epoch index
tn1,node,node,0,tn1-node-s0,43,51.3,65.48,S0096,100,false,"`tn1`, 12 runs, 100 ep | Full available curve retained; registered_horizon and in_registered_plateau5_window identify the primary endpoint. Epoch observations are not independent seeds.",accuracy percent; epoch is the raw zero-based epoch index
tn1,node,node,0,tn1-node-s0,44,51.8,66.15,S0096,100,false,"`tn1`, 12 runs, 100 ep | Full available curve retained; registered_horizon and in_registered_plateau5_window identify the primary endpoint. Epoch observations are not independent seeds.",accuracy percent; epoch is the raw zero-based epoch index
tn1,node,node,0,tn1-node-s0,45,51.82,66.65,S0096,100,false,"`tn1`, 12 runs, 100 ep | Full available curve retained; registered_horizon and in_registered_plateau5_window identify the primary endpoint. Epoch observations are not independent seeds.",accuracy percent; epoch is the raw zero-based epoch index
tn1,node,node,0,tn1-node-s0,46,51.79,67.55,S0096,100,false,"`tn1`, 12 runs, 100 ep | Full available curve retained; registered_horizon and in_registered_plateau5_window identify the primary endpoint. Epoch observations are not independent seeds.",accuracy percent; epoch is the raw zero-based epoch index
tn1,node,node,0,tn1-node-s0,47,51.74,68.16,S0096,100,false,"`tn1`, 12 runs, 100 ep | Full available curve retained; registered_horizon and in_registered_plateau5_window identify the primary endpoint. Epoch observations are not independent seeds.",accuracy percent; epoch is the raw zero-based epoch index
tn1,node,node,0,tn1-node-s0,48,51.75,68.95,S0096,100,false,"`tn1`, 12 runs, 100 ep | Full available curve retained; registered_horizon and in_registered_plateau5_window identify the primary endpoint. Epoch observations are not independent seeds.",accuracy percent; epoch is the raw zero-based epoch index
tn1,node,node,0,tn1-node-s0,49,52.05,69.45,S0096,100,false,"`tn1`, 12 runs, 100 ep | Full available curve retained; registered_horizon and in_registered_plateau5_window identify the primary endpoint. Epoch observations are not independent seeds.",accuracy percent; epoch is the raw zero-based epoch index
tn1,node,node,0,tn1-node-s0,50,52.24,70.17,S0096,100,false,"`tn1`, 12 runs, 100 ep | Full available curve retained; registered_horizon and in_registered_plateau5_window identify the primary endpoint. Epoch observations are not independent seeds.",accuracy percent; epoch is the raw zero-based epoch index
tn1,node,node,0,tn1-node-s0,51,52.22,70.92,S0096,100,false,"`tn1`, 12 runs, 100 ep | Full available curve retained; registered_horizon and in_registered_plateau5_window identify the primary endpoint. Epoch observations are not independent seeds.",accuracy percent; epoch is the raw zero-based epoch index
tn1,node,node,0,tn1-node-s0,52,51.96,71.07,S0096,100,false,"`tn1`, 12 runs, 100 ep | Full available curve retained; registered_horizon and in_registered_plateau5_window identify the primary endpoint. Epoch observations are not independent seeds.",accuracy percent; epoch is the raw zero-based epoch index
tn1,node,node,0,tn1-node-s0,53,52.31,71.84,S0096,100,false,"`tn1`, 12 runs, 100 ep | Full available curve retained; registered_horizon and in_registered_plateau5_window identify the primary endpoint. Epoch observations are not independent seeds.",accuracy percent; epoch is the raw zero-based epoch index
tn1,node,node,0,tn1-node-s0,54,52.43,72.61,S0096,100,false,"`tn1`, 12 runs, 100 ep | Full available curve retained; registered_horizon and in_registered_plateau5_window identify the primary endpoint. Epoch observations are not independent seeds.",accuracy percent; epoch is the raw zero-based epoch index
tn1,node,node,0,tn1-node-s0,55,52.51,72.94,S0096,100,false,"`tn1`, 12 runs, 100 ep | Full available curve retained; registered_horizon and in_registered_plateau5_window identify the primary endpoint. Epoch observations are not independent seeds.",accuracy percent; epoch is the raw zero-based epoch index
tn1,node,node,0,tn1-node-s0,56,52.38,73.5,S0096,100,false,"`tn1`, 12 runs, 100 ep | Full available curve retained; registered_horizon and in_registered_plateau5_window identify the primary endpoint. Epoch observations are not independent seeds.",accuracy percent; epoch is the raw zero-based epoch index
tn1,node,node,0,tn1-node-s0,57,52.62,74.16,S0096,100,false,"`tn1`, 12 runs, 100 ep | Full available curve retained; registered_horizon and in_registered_plateau5_window identify the primary endpoint. Epoch observations are not independent seeds.",accuracy percent; epoch is the raw zero-based epoch index
tn1,node,node,0,tn1-node-s0,58,52.83,74.48,S0096,100,false,"`tn1`, 12 runs, 100 ep | Full available curve retained; registered_horizon and in_registered_plateau5_window identify the primary endpoint. Epoch observations are not independent seeds.",accuracy percent; epoch is the raw zero-based epoch index
tn1,node,node,0,tn1-node-s0,59,52.34,75.25,S0096,100,false,"`tn1`, 12 runs, 100 ep | Full available curve retained; registered_horizon and in_registered_plateau5_window identify the primary endpoint. Epoch observations are not independent seeds.",accuracy percent; epoch is the raw zero-based epoch index
tn1,node,node,0,tn1-node-s0,60,52.64,75.78,S0096,100,false,"`tn1`, 12 runs, 100 ep | Full available curve retained; registered_horizon and in_registered_plateau5_window identify the primary endpoint. Epoch observations are not independent seeds.",accuracy percent; epoch is the raw zero-based epoch index
tn1,node,node,0,tn1-node-s0,61,52.77,76.05,S0096,100,false,"`tn1`, 12 runs, 100 ep | Full available curve retained; registered_horizon and in_registered_plateau5_window identify the primary endpoint. Epoch observations are not independent seeds.",accuracy percent; epoch is the raw zero-based epoch index
tn1,node,node,0,tn1-node-s0,62,52.61,76.63,S0096,100,false,"`tn1`, 12 runs, 100 ep | Full available curve retained; registered_horizon and in_registered_plateau5_window identify the primary endpoint. Epoch observations are not independent seeds.",accuracy percent; epoch is the raw zero-based epoch index
tn1,node,node,0,tn1-node-s0,63,53.22,77.13,S0096,100,false,"`tn1`, 12 runs, 100 ep | Full available curve retained; registered_horizon and in_registered_plateau5_window identify the primary endpoint. Epoch observations are not independent seeds.",accuracy percent; epoch is the raw zero-based epoch index
tn1,node,node,0,tn1-node-s0,64,52.4,77.88,S0096,100,false,"`tn1`, 12 runs, 100 ep | Full available curve retained; registered_horizon and in_registered_plateau5_window identify the primary endpoint. Epoch observations are not independent seeds.",accuracy percent; epoch is the raw zero-based epoch index
tn1,node,node,0,tn1-node-s0,65,53.28,78.14,S0096,100,false,"`tn1`, 12 runs, 100 ep | Full available curve retained; registered_horizon and in_registered_plateau5_window identify the primary endpoint. Epoch observations are not independent seeds.",accuracy percent; epoch is the raw zero-based epoch index
tn1,node,node,0,tn1-node-s0,66,52.68,78.67,S0096,100,false,"`tn1`, 12 runs, 100 ep | Full available curve retained; registered_horizon and in_registered_plateau5_window identify the primary endpoint. Epoch observations are not independent seeds.",accuracy percent; epoch is the raw zero-based epoch index
tn1,node,node,0,tn1-node-s0,67,52.78,79,S0096,100,false,"`tn1`, 12 runs, 100 ep | Full available curve retained; registered_horizon and in_registered_plateau5_window identify the primary endpoint. Epoch observations are not independent seeds.",accuracy percent; epoch is the raw zero-based epoch index
tn1,node,node,0,tn1-node-s0,68,52.57,79.53,S0096,100,false,"`tn1`, 12 runs, 100 ep | Full available curve retained; registered_horizon and in_registered_plateau5_window identify the primary endpoint. Epoch observations are not independent seeds.",accuracy percent; epoch is the raw zero-based epoch index
tn1,node,node,0,tn1-node-s0,69,52.56,79.95,S0096,100,false,"`tn1`, 12 runs, 100 ep | Full available curve retained; registered_horizon and in_registered_plateau5_window identify the primary endpoint. Epoch observations are not independent seeds.",accuracy percent; epoch is the raw zero-based epoch index
tn1,node,node,0,tn1-node-s0,70,52.38,80.39,S0096,100,false,"`tn1`, 12 runs, 100 ep | Full available curve retained; registered_horizon and in_registered_plateau5_window identify the primary endpoint. Epoch observations are not independent seeds.",accuracy percent; epoch is the raw zero-based epoch index
tn1,node,node,0,tn1-node-s0,71,53.07,80.78,S0096,100,false,"`tn1`, 12 runs, 100 ep | Full available curve retained; registered_horizon and in_registered_plateau5_window identify the primary endpoint. Epoch observations are not independent seeds.",accuracy percent; epoch is the raw zero-based epoch index
tn1,node,node,0,tn1-node-s0,72,53.23,81.21,S0096,100,false,"`tn1`, 12 runs, 100 ep | Full available curve retained; registered_horizon and in_registered_plateau5_window identify the primary endpoint. Epoch observations are not independent seeds.",accuracy percent; epoch is the raw zero-based epoch index
tn1,node,node,0,tn1-node-s0,73,53.91,81.63,S0096,100,false,"`tn1`, 12 runs, 100 ep | Full available curve retained; registered_horizon and in_registered_plateau5_window identify the primary endpoint. Epoch observations are not independent seeds.",accuracy percent; epoch is the raw zero-based epoch index
tn1,node,node,0,tn1-node-s0,74,53,82.13,S0096,100,false,"`tn1`, 12 runs, 100 ep | Full available curve retained; registered_horizon and in_registered_plateau5_window identify the primary endpoint. Epoch observations are not independent seeds.",accuracy percent; epoch is the raw zero-based epoch index
tn1,node,node,0,tn1-node-s0,75,53.44,82.5,S0096,100,false,"`tn1`, 12 runs, 100 ep | Full available curve retained; registered_horizon and in_registered_plateau5_window identify the primary endpoint. Epoch observations are not independent seeds.",accuracy percent; epoch is the raw zero-based epoch index
tn1,node,node,0,tn1-node-s0,76,52.89,82.95,S0096,100,false,"`tn1`, 12 runs, 100 ep | Full available curve retained; registered_horizon and in_registered_plateau5_window identify the primary endpoint. Epoch observations are not independent seeds.",accuracy percent; epoch is the raw zero-based epoch index
tn1,node,node,0,tn1-node-s0,77,53.08,83.32,S0096,100,false,"`tn1`, 12 runs, 100 ep | Full available curve retained; registered_horizon and in_registered_plateau5_window identify the primary endpoint. Epoch observations are not independent seeds.",accuracy percent; epoch is the raw zero-based epoch index
tn1,node,node,0,tn1-node-s0,78,52.82,83.74,S0096,100,false,"`tn1`, 12 runs, 100 ep | Full available curve retained; registered_horizon and in_registered_plateau5_window identify the primary endpoint. Epoch observations are not independent seeds.",accuracy percent; epoch is the raw zero-based epoch index
tn1,node,node,0,tn1-node-s0,79,52.85,84.26,S0096,100,false,"`tn1`, 12 runs, 100 ep | Full available curve retained; registered_horizon and in_registered_plateau5_window identify the primary endpoint. Epoch observations are not independent seeds.",accuracy percent; epoch is the raw zero-based epoch index
tn1,node,node,0,tn1-node-s0,80,53.07,84.41,S0096,100,false,"`tn1`, 12 runs, 100 ep | Full available curve retained; registered_horizon and in_registered_plateau5_window identify the primary endpoint. Epoch observations are not independent seeds.",accuracy percent; epoch is the raw zero-based epoch index
tn1,node,node,0,tn1-node-s0,81,52.21,84.92,S0096,100,false,"`tn1`, 12 runs, 100 ep | Full available curve retained; registered_horizon and in_registered_plateau5_window identify the primary endpoint. Epoch observations are not independent seeds.",accuracy percent; epoch is the raw zero-based epoch index
tn1,node,node,0,tn1-node-s0,82,53.04,85.15,S0096,100,false,"`tn1`, 12 runs, 100 ep | Full available curve retained; registered_horizon and in_registered_plateau5_window identify the primary endpoint. Epoch observations are not independent seeds.",accuracy percent; epoch is the raw zero-based epoch index
tn1,node,node,0,tn1-node-s0,83,53.27,85.55,S0096,100,false,"`tn1`, 12 runs, 100 ep | Full available curve retained; registered_horizon and in_registered_plateau5_window identify the primary endpoint. Epoch observations are not independent seeds.",accuracy percent; epoch is the raw zero-based epoch index
tn1,node,node,0,tn1-node-s0,84,53.1,85.72,S0096,100,false,"`tn1`, 12 runs, 100 ep | Full available curve retained; registered_horizon and in_registered_plateau5_window identify the primary endpoint. Epoch observations are not independent seeds.",accuracy percent; epoch is the raw zero-based epoch index
tn1,node,node,0,tn1-node-s0,85,52.76,86.09,S0096,100,false,"`tn1`, 12 runs, 100 ep | Full available curve retained; registered_horizon and in_registered_plateau5_window identify the primary endpoint. Epoch observations are not independent seeds.",accuracy percent; epoch is the raw zero-based epoch index
tn1,node,node,0,tn1-node-s0,86,52.95,86.38,S0096,100,false,"`tn1`, 12 runs, 100 ep | Full available curve retained; registered_horizon and in_registered_plateau5_window identify the primary endpoint. Epoch observations are not independent seeds.",accuracy percent; epoch is the raw zero-based epoch index
tn1,node,node,0,tn1-node-s0,87,52.8,86.82,S0096,100,false,"`tn1`, 12 runs, 100 ep | Full available curve retained; registered_horizon and in_registered_plateau5_window identify the primary endpoint. Epoch observations are not independent seeds.",accuracy percent; epoch is the raw zero-based epoch index
tn1,node,node,0,tn1-node-s0,88,52.8,87.23,S0096,100,false,"`tn1`, 12 runs, 100 ep | Full available curve retained; registered_horizon and in_registered_plateau5_window identify the primary endpoint. Epoch observations are not independent seeds.",accuracy percent; epoch is the raw zero-based epoch index
tn1,node,node,0,tn1-node-s0,89,52.77,87.45,S0096,100,false,"`tn1`, 12 runs, 100 ep | Full available curve retained; registered_horizon and in_registered_plateau5_window identify the primary endpoint. Epoch observations are not independent seeds.",accuracy percent; epoch is the raw zero-based epoch index
tn1,node,node,0,tn1-node-s0,90,52.96,87.81,S0096,100,false,"`tn1`, 12 runs, 100 ep | Full available curve retained; registered_horizon and in_registered_plateau5_window identify the primary endpoint. Epoch observations are not independent seeds.",accuracy percent; epoch is the raw zero-based epoch index
tn1,node,node,0,tn1-node-s0,91,53.02,87.95,S0096,100,false,"`tn1`, 12 runs, 100 ep | Full available curve retained; registered_horizon and in_registered_plateau5_window identify the primary endpoint. Epoch observations are not independent seeds.",accuracy percent; epoch is the raw zero-based epoch index
tn1,node,node,0,tn1-node-s0,92,53.51,88.53,S0096,100,false,"`tn1`, 12 runs, 100 ep | Full available curve retained; registered_horizon and in_registered_plateau5_window identify the primary endpoint. Epoch observations are not independent seeds.",accuracy percent; epoch is the raw zero-based epoch index
tn1,node,node,0,tn1-node-s0,93,53.36,88.62,S0096,100,false,"`tn1`, 12 runs, 100 ep | Full available curve retained; registered_horizon and in_registered_plateau5_window identify the primary endpoint. Epoch observations are not independent seeds.",accuracy percent; epoch is the raw zero-based epoch index
tn1,node,node,0,tn1-node-s0,94,53.35,89.02,S0096,100,false,"`tn1`, 12 runs, 100 ep | Full available curve retained; registered_horizon and in_registered_plateau5_window identify the primary endpoint. Epoch observations are not independent seeds.",accuracy percent; epoch is the raw zero-based epoch index
tn1,node,node,0,tn1-node-s0,95,52.7,89.2,S0096,100,true,"`tn1`, 12 runs, 100 ep | Full available curve retained; registered_horizon and in_registered_plateau5_window identify the primary endpoint. Epoch observations are not independent seeds.",accuracy percent; epoch is the raw zero-based epoch index
tn1,node,node,0,tn1-node-s0,96,53.05,89.31,S0096,100,true,"`tn1`, 12 runs, 100 ep | Full available curve retained; registered_horizon and in_registered_plateau5_window identify the primary endpoint. Epoch observations are not independent seeds.",accuracy percent; epoch is the raw zero-based epoch index
tn1,node,node,0,tn1-node-s0,97,52.54,89.69,S0096,100,true,"`tn1`, 12 runs, 100 ep | Full available curve retained; registered_horizon and in_registered_plateau5_window identify the primary endpoint. Epoch observations are not independent seeds.",accuracy percent; epoch is the raw zero-based epoch index
tn1,node,node,0,tn1-node-s0,98,52.94,89.81,S0096,100,true,"`tn1`, 12 runs, 100 ep | Full available curve retained; registered_horizon and in_registered_plateau5_window identify the primary endpoint. Epoch observations are not independent seeds.",accuracy percent; epoch is the raw zero-based epoch index
tn1,node,node,0,tn1-node-s0,99,53.19,90.12,S0096,100,true,"`tn1`, 12 runs, 100 ep | Full available curve retained; registered_horizon and in_registered_plateau5_window identify the primary endpoint. Epoch observations are not independent seeds.",accuracy percent; epoch is the raw zero-based epoch index
tn1,node,node,1,tn1-node-s1,0,0.51,0.46,S0097,100,false,"`tn1`, 12 runs, 100 ep | Full available curve retained; registered_horizon and in_registered_plateau5_window identify the primary endpoint. Epoch observations are not independent seeds.",accuracy percent; epoch is the raw zero-based epoch index
tn1,node,node,1,tn1-node-s1,1,0.49,0.46,S0097,100,false,"`tn1`, 12 runs, 100 ep | Full available curve retained; registered_horizon and in_registered_plateau5_window identify the primary endpoint. Epoch observations are not independent seeds.",accuracy percent; epoch is the raw zero-based epoch index
tn1,node,node,1,tn1-node-s1,2,0.47,0.47,S0097,100,false,"`tn1`, 12 runs, 100 ep | Full available curve retained; registered_horizon and in_registered_plateau5_window identify the primary endpoint. Epoch observations are not independent seeds.",accuracy percent; epoch is the raw zero-based epoch index
tn1,node,node,1,tn1-node-s1,3,0.54,0.44,S0097,100,false,"`tn1`, 12 runs, 100 ep | Full available curve retained; registered_horizon and in_registered_plateau5_window identify the primary endpoint. Epoch observations are not independent seeds.",accuracy percent; epoch is the raw zero-based epoch index
tn1,node,node,1,tn1-node-s1,4,0.64,0.54,S0097,100,false,"`tn1`, 12 runs, 100 ep | Full available curve retained; registered_horizon and in_registered_plateau5_window identify the primary endpoint. Epoch observations are not independent seeds.",accuracy percent; epoch is the raw zero-based epoch index
tn1,node,node,1,tn1-node-s1,5,1.15,0.76,S0097,100,false,"`tn1`, 12 runs, 100 ep | Full available curve retained; registered_horizon and in_registered_plateau5_window identify the primary endpoint. Epoch observations are not independent seeds.",accuracy percent; epoch is the raw zero-based epoch index
tn1,node,node,1,tn1-node-s1,6,2.21,1.54,S0097,100,false,"`tn1`, 12 runs, 100 ep | Full available curve retained; registered_horizon and in_registered_plateau5_window identify the primary endpoint. Epoch observations are not independent seeds.",accuracy percent; epoch is the raw zero-based epoch index
tn1,node,node,1,tn1-node-s1,7,3.75,2.85,S0097,100,false,"`tn1`, 12 runs, 100 ep | Full available curve retained; registered_horizon and in_registered_plateau5_window identify the primary endpoint. Epoch observations are not independent seeds.",accuracy percent; epoch is the raw zero-based epoch index
tn1,node,node,1,tn1-node-s1,8,6.68,5.08,S0097,100,false,"`tn1`, 12 runs, 100 ep | Full available curve retained; registered_horizon and in_registered_plateau5_window identify the primary endpoint. Epoch observations are not independent seeds.",accuracy percent; epoch is the raw zero-based epoch index
tn1,node,node,1,tn1-node-s1,9,10.6,8.68,S0097,100,false,"`tn1`, 12 runs, 100 ep | Full available curve retained; registered_horizon and in_registered_plateau5_window identify the primary endpoint. Epoch observations are not independent seeds.",accuracy percent; epoch is the raw zero-based epoch index
tn1,node,node,1,tn1-node-s1,10,14.61,12.71,S0097,100,false,"`tn1`, 12 runs, 100 ep | Full available curve retained; registered_horizon and in_registered_plateau5_window identify the primary endpoint. Epoch observations are not independent seeds.",accuracy percent; epoch is the raw zero-based epoch index
tn1,node,node,1,tn1-node-s1,11,18.35,17.18,S0097,100,false,"`tn1`, 12 runs, 100 ep | Full available curve retained; registered_horizon and in_registered_plateau5_window identify the primary endpoint. Epoch observations are not independent seeds.",accuracy percent; epoch is the raw zero-based epoch index
tn1,node,node,1,tn1-node-s1,12,23.44,20.88,S0097,100,false,"`tn1`, 12 runs, 100 ep | Full available curve retained; registered_horizon and in_registered_plateau5_window identify the primary endpoint. Epoch observations are not independent seeds.",accuracy percent; epoch is the raw zero-based epoch index
tn1,node,node,1,tn1-node-s1,13,26.1,24.55,S0097,100,false,"`tn1`, 12 runs, 100 ep | Full available curve retained; registered_horizon and in_registered_plateau5_window identify the primary endpoint. Epoch observations are not independent seeds.",accuracy percent; epoch is the raw zero-based epoch index
tn1,node,node,1,tn1-node-s1,14,29.1,27.99,S0097,100,false,"`tn1`, 12 runs, 100 ep | Full available curve retained; registered_horizon and in_registered_plateau5_window identify the primary endpoint. Epoch observations are not independent seeds.",accuracy percent; epoch is the raw zero-based epoch index
tn1,node,node,1,tn1-node-s1,15,31.85,30.66,S0097,100,false,"`tn1`, 12 runs, 100 ep | Full available curve retained; registered_horizon and in_registered_plateau5_window identify the primary endpoint. Epoch observations are not independent seeds.",accuracy percent; epoch is the raw zero-based epoch index
tn1,node,node,1,tn1-node-s1,16,33.69,33.34,S0097,100,false,"`tn1`, 12 runs, 100 ep | Full available curve retained; registered_horizon and in_registered_plateau5_window identify the primary endpoint. Epoch observations are not independent seeds.",accuracy percent; epoch is the raw zero-based epoch index
tn1,node,node,1,tn1-node-s1,17,34.74,35.59,S0097,100,false,"`tn1`, 12 runs, 100 ep | Full available curve retained; registered_horizon and in_registered_plateau5_window identify the primary endpoint. Epoch observations are not independent seeds.",accuracy percent; epoch is the raw zero-based epoch index
tn1,node,node,1,tn1-node-s1,18,36.85,37.59,S0097,100,false,"`tn1`, 12 runs, 100 ep | Full available curve retained; registered_horizon and in_registered_plateau5_window identify the primary endpoint. Epoch observations are not independent seeds.",accuracy percent; epoch is the raw zero-based epoch index
tn1,node,node,1,tn1-node-s1,19,38.36,39.53,S0097,100,false,"`tn1`, 12 runs, 100 ep | Full available curve retained; registered_horizon and in_registered_plateau5_window identify the primary endpoint. Epoch observations are not independent seeds.",accuracy percent; epoch is the raw zero-based epoch index
tn1,node,node,1,tn1-node-s1,20,39.37,41.44,S0097,100,false,"`tn1`, 12 runs, 100 ep | Full available curve retained; registered_horizon and in_registered_plateau5_window identify the primary endpoint. Epoch observations are not independent seeds.",accuracy percent; epoch is the raw zero-based epoch index
tn1,node,node,1,tn1-node-s1,21,40.88,43.06,S0097,100,false,"`tn1`, 12 runs, 100 ep | Full available curve retained; registered_horizon and in_registered_plateau5_window identify the primary endpoint. Epoch observations are not independent seeds.",accuracy percent; epoch is the raw zero-based epoch index
tn1,node,node,1,tn1-node-s1,22,41.19,44.77,S0097,100,false,"`tn1`, 12 runs, 100 ep | Full available curve retained; registered_horizon and in_registered_plateau5_window identify the primary endpoint. Epoch observations are not independent seeds.",accuracy percent; epoch is the raw zero-based epoch index
tn1,node,node,1,tn1-node-s1,23,43.1,45.94,S0097,100,false,"`tn1`, 12 runs, 100 ep | Full available curve retained; registered_horizon and in_registered_plateau5_window identify the primary endpoint. Epoch observations are not independent seeds.",accuracy percent; epoch is the raw zero-based epoch index
tn1,node,node,1,tn1-node-s1,24,42.9,47.45,S0097,100,false,"`tn1`, 12 runs, 100 ep | Full available curve retained; registered_horizon and in_registered_plateau5_window identify the primary endpoint. Epoch observations are not independent seeds.",accuracy percent; epoch is the raw zero-based epoch index
tn1,node,node,1,tn1-node-s1,25,44.45,48.87,S0097,100,false,"`tn1`, 12 runs, 100 ep | Full available curve retained; registered_horizon and in_registered_plateau5_window identify the primary endpoint. Epoch observations are not independent seeds.",accuracy percent; epoch is the raw zero-based epoch index
tn1,node,node,1,tn1-node-s1,26,44.91,50.06,S0097,100,false,"`tn1`, 12 runs, 100 ep | Full available curve retained; registered_horizon and in_registered_plateau5_window identify the primary endpoint. Epoch observations are not independent seeds.",accuracy percent; epoch is the raw zero-based epoch index
tn1,node,node,1,tn1-node-s1,27,45.36,51.17,S0097,100,false,"`tn1`, 12 runs, 100 ep | Full available curve retained; registered_horizon and in_registered_plateau5_window identify the primary endpoint. Epoch observations are not independent seeds.",accuracy percent; epoch is the raw zero-based epoch index
tn1,node,node,1,tn1-node-s1,28,45.79,52.53,S0097,100,false,"`tn1`, 12 runs, 100 ep | Full available curve retained; registered_horizon and in_registered_plateau5_window identify the primary endpoint. Epoch observations are not independent seeds.",accuracy percent; epoch is the raw zero-based epoch index
tn1,node,node,1,tn1-node-s1,29,46.77,53.35,S0097,100,false,"`tn1`, 12 runs, 100 ep | Full available curve retained; registered_horizon and in_registered_plateau5_window identify the primary endpoint. Epoch observations are not independent seeds.",accuracy percent; epoch is the raw zero-based epoch index
tn1,node,node,1,tn1-node-s1,30,47.13,54.66,S0097,100,false,"`tn1`, 12 runs, 100 ep | Full available curve retained; registered_horizon and in_registered_plateau5_window identify the primary endpoint. Epoch observations are not independent seeds.",accuracy percent; epoch is the raw zero-based epoch index
tn1,node,node,1,tn1-node-s1,31,47.53,55.56,S0097,100,false,"`tn1`, 12 runs, 100 ep | Full available curve retained; registered_horizon and in_registered_plateau5_window identify the primary endpoint. Epoch observations are not independent seeds.",accuracy percent; epoch is the raw zero-based epoch index
tn1,node,node,1,tn1-node-s1,32,48.2,56.48,S0097,100,false,"`tn1`, 12 runs, 100 ep | Full available curve retained; registered_horizon and in_registered_plateau5_window identify the primary endpoint. Epoch observations are not independent seeds.",accuracy percent; epoch is the raw zero-based epoch index
tn1,node,node,1,tn1-node-s1,33,48.93,57.67,S0097,100,false,"`tn1`, 12 runs, 100 ep | Full available curve retained; registered_horizon and in_registered_plateau5_window identify the primary endpoint. Epoch observations are not independent seeds.",accuracy percent; epoch is the raw zero-based epoch index
tn1,node,node,1,tn1-node-s1,34,49.24,58.31,S0097,100,false,"`tn1`, 12 runs, 100 ep | Full available curve retained; registered_horizon and in_registered_plateau5_window identify the primary endpoint. Epoch observations are not independent seeds.",accuracy percent; epoch is the raw zero-based epoch index
tn1,node,node,1,tn1-node-s1,35,48.97,59.13,S0097,100,false,"`tn1`, 12 runs, 100 ep | Full available curve retained; registered_horizon and in_registered_plateau5_window identify the primary endpoint. Epoch observations are not independent seeds.",accuracy percent; epoch is the raw zero-based epoch index
tn1,node,node,1,tn1-node-s1,36,49.28,60.16,S0097,100,false,"`tn1`, 12 runs, 100 ep | Full available curve retained; registered_horizon and in_registered_plateau5_window identify the primary endpoint. Epoch observations are not independent seeds.",accuracy percent; epoch is the raw zero-based epoch index
tn1,node,node,1,tn1-node-s1,37,49.98,61.09,S0097,100,false,"`tn1`, 12 runs, 100 ep | Full available curve retained; registered_horizon and in_registered_plateau5_window identify the primary endpoint. Epoch observations are not independent seeds.",accuracy percent; epoch is the raw zero-based epoch index
tn1,node,node,1,tn1-node-s1,38,50.28,61.82,S0097,100,false,"`tn1`, 12 runs, 100 ep | Full available curve retained; registered_horizon and in_registered_plateau5_window identify the primary endpoint. Epoch observations are not independent seeds.",accuracy percent; epoch is the raw zero-based epoch index
tn1,node,node,1,tn1-node-s1,39,50.43,62.61,S0097,100,false,"`tn1`, 12 runs, 100 ep | Full available curve retained; registered_horizon and in_registered_plateau5_window identify the primary endpoint. Epoch observations are not independent seeds.",accuracy percent; epoch is the raw zero-based epoch index
tn1,node,node,1,tn1-node-s1,40,50.87,63.44,S0097,100,false,"`tn1`, 12 runs, 100 ep | Full available curve retained; registered_horizon and in_registered_plateau5_window identify the primary endpoint. Epoch observations are not independent seeds.",accuracy percent; epoch is the raw zero-based epoch index
tn1,node,node,1,tn1-node-s1,41,50.83,64.23,S0097,100,false,"`tn1`, 12 runs, 100 ep | Full available curve retained; registered_horizon and in_registered_plateau5_window identify the primary endpoint. Epoch observations are not independent seeds.",accuracy percent; epoch is the raw zero-based epoch index
tn1,node,node,1,tn1-node-s1,42,51.31,65.01,S0097,100,false,"`tn1`, 12 runs, 100 ep | Full available curve retained; registered_horizon and in_registered_plateau5_window identify the primary endpoint. Epoch observations are not independent seeds.",accuracy percent; epoch is the raw zero-based epoch index
tn1,node,node,1,tn1-node-s1,43,51.41,65.44,S0097,100,false,"`tn1`, 12 runs, 100 ep | Full available curve retained; registered_horizon and in_registered_plateau5_window identify the primary endpoint. Epoch observations are not independent seeds.",accuracy percent; epoch is the raw zero-based epoch index
tn1,node,node,1,tn1-node-s1,44,51.27,66.41,S0097,100,false,"`tn1`, 12 runs, 100 ep | Full available curve retained; registered_horizon and in_registered_plateau5_window identify the primary endpoint. Epoch observations are not independent seeds.",accuracy percent; epoch is the raw zero-based epoch index
tn1,node,node,1,tn1-node-s1,45,52.23,67.08,S0097,100,false,"`tn1`, 12 runs, 100 ep | Full available curve retained; registered_horizon and in_registered_plateau5_window identify the primary endpoint. Epoch observations are not independent seeds.",accuracy percent; epoch is the raw zero-based epoch index
tn1,node,node,1,tn1-node-s1,46,52.04,67.82,S0097,100,false,"`tn1`, 12 runs, 100 ep | Full available curve retained; registered_horizon and in_registered_plateau5_window identify the primary endpoint. Epoch observations are not independent seeds.",accuracy percent; epoch is the raw zero-based epoch index
tn1,node,node,1,tn1-node-s1,47,52.3,68.18,S0097,100,false,"`tn1`, 12 runs, 100 ep | Full available curve retained; registered_horizon and in_registered_plateau5_window identify the primary endpoint. Epoch observations are not independent seeds.",accuracy percent; epoch is the raw zero-based epoch index
tn1,node,node,1,tn1-node-s1,48,51.97,68.96,S0097,100,false,"`tn1`, 12 runs, 100 ep | Full available curve retained; registered_horizon and in_registered_plateau5_window identify the primary endpoint. Epoch observations are not independent seeds.",accuracy percent; epoch is the raw zero-based epoch index
tn1,node,node,1,tn1-node-s1,49,52.08,69.79,S0097,100,false,"`tn1`, 12 runs, 100 ep | Full available curve retained; registered_horizon and in_registered_plateau5_window identify the primary endpoint. Epoch observations are not independent seeds.",accuracy percent; epoch is the raw zero-based epoch index
tn1,node,node,1,tn1-node-s1,50,52.03,70.31,S0097,100,false,"`tn1`, 12 runs, 100 ep | Full available curve retained; registered_horizon and in_registered_plateau5_window identify the primary endpoint. Epoch observations are not independent seeds.",accuracy percent; epoch is the raw zero-based epoch index
tn1,node,node,1,tn1-node-s1,51,53.19,70.78,S0097,100,false,"`tn1`, 12 runs, 100 ep | Full available curve retained; registered_horizon and in_registered_plateau5_window identify the primary endpoint. Epoch observations are not independent seeds.",accuracy percent; epoch is the raw zero-based epoch index
tn1,node,node,1,tn1-node-s1,52,53.05,71.58,S0097,100,false,"`tn1`, 12 runs, 100 ep | Full available curve retained; registered_horizon and in_registered_plateau5_window identify the primary endpoint. Epoch observations are not independent seeds.",accuracy percent; epoch is the raw zero-based epoch index
tn1,node,node,1,tn1-node-s1,53,52.61,72.19,S0097,100,false,"`tn1`, 12 runs, 100 ep | Full available curve retained; registered_horizon and in_registered_plateau5_window identify the primary endpoint. Epoch observations are not independent seeds.",accuracy percent; epoch is the raw zero-based epoch index
tn1,node,node,1,tn1-node-s1,54,52.73,72.47,S0097,100,false,"`tn1`, 12 runs, 100 ep | Full available curve retained; registered_horizon and in_registered_plateau5_window identify the primary endpoint. Epoch observations are not independent seeds.",accuracy percent; epoch is the raw zero-based epoch index
tn1,node,node,1,tn1-node-s1,55,53.02,73.31,S0097,100,false,"`tn1`, 12 runs, 100 ep | Full available curve retained; registered_horizon and in_registered_plateau5_window identify the primary endpoint. Epoch observations are not independent seeds.",accuracy percent; epoch is the raw zero-based epoch index
tn1,node,node,1,tn1-node-s1,56,53.31,74.01,S0097,100,false,"`tn1`, 12 runs, 100 ep | Full available curve retained; registered_horizon and in_registered_plateau5_window identify the primary endpoint. Epoch observations are not independent seeds.",accuracy percent; epoch is the raw zero-based epoch index
tn1,node,node,1,tn1-node-s1,57,53.11,74.48,S0097,100,false,"`tn1`, 12 runs, 100 ep | Full available curve retained; registered_horizon and in_registered_plateau5_window identify the primary endpoint. Epoch observations are not independent seeds.",accuracy percent; epoch is the raw zero-based epoch index
tn1,node,node,1,tn1-node-s1,58,52.87,74.83,S0097,100,false,"`tn1`, 12 runs, 100 ep | Full available curve retained; registered_horizon and in_registered_plateau5_window identify the primary endpoint. Epoch observations are not independent seeds.",accuracy percent; epoch is the raw zero-based epoch index
tn1,node,node,1,tn1-node-s1,59,53.29,75.73,S0097,100,false,"`tn1`, 12 runs, 100 ep | Full available curve retained; registered_horizon and in_registered_plateau5_window identify the primary endpoint. Epoch observations are not independent seeds.",accuracy percent; epoch is the raw zero-based epoch index
tn1,node,node,1,tn1-node-s1,60,53.51,76.09,S0097,100,false,"`tn1`, 12 runs, 100 ep | Full available curve retained; registered_horizon and in_registered_plateau5_window identify the primary endpoint. Epoch observations are not independent seeds.",accuracy percent; epoch is the raw zero-based epoch index
tn1,node,node,1,tn1-node-s1,61,53.7,76.53,S0097,100,false,"`tn1`, 12 runs, 100 ep | Full available curve retained; registered_horizon and in_registered_plateau5_window identify the primary endpoint. Epoch observations are not independent seeds.",accuracy percent; epoch is the raw zero-based epoch index
tn1,node,node,1,tn1-node-s1,62,53.64,77.11,S0097,100,false,"`tn1`, 12 runs, 100 ep | Full available curve retained; registered_horizon and in_registered_plateau5_window identify the primary endpoint. Epoch observations are not independent seeds.",accuracy percent; epoch is the raw zero-based epoch index
tn1,node,node,1,tn1-node-s1,63,53.27,77.47,S0097,100,false,"`tn1`, 12 runs, 100 ep | Full available curve retained; registered_horizon and in_registered_plateau5_window identify the primary endpoint. Epoch observations are not independent seeds.",accuracy percent; epoch is the raw zero-based epoch index
tn1,node,node,1,tn1-node-s1,64,53.38,78.02,S0097,100,false,"`tn1`, 12 runs, 100 ep | Full available curve retained; registered_horizon and in_registered_plateau5_window identify the primary endpoint. Epoch observations are not independent seeds.",accuracy percent; epoch is the raw zero-based epoch index
tn1,node,node,1,tn1-node-s1,65,53.21,78.4,S0097,100,false,"`tn1`, 12 runs, 100 ep | Full available curve retained; registered_horizon and in_registered_plateau5_window identify the primary endpoint. Epoch observations are not independent seeds.",accuracy percent; epoch is the raw zero-based epoch index
tn1,node,node,1,tn1-node-s1,66,52.61,78.95,S0097,100,false,"`tn1`, 12 runs, 100 ep | Full available curve retained; registered_horizon and in_registered_plateau5_window identify the primary endpoint. Epoch observations are not independent seeds.",accuracy percent; epoch is the raw zero-based epoch index
tn1,node,node,1,tn1-node-s1,67,53.02,79.46,S0097,100,false,"`tn1`, 12 runs, 100 ep | Full available curve retained; registered_horizon and in_registered_plateau5_window identify the primary endpoint. Epoch observations are not independent seeds.",accuracy percent; epoch is the raw zero-based epoch index
tn1,node,node,1,tn1-node-s1,68,53.15,79.94,S0097,100,false,"`tn1`, 12 runs, 100 ep | Full available curve retained; registered_horizon and in_registered_plateau5_window identify the primary endpoint. Epoch observations are not independent seeds.",accuracy percent; epoch is the raw zero-based epoch index
tn1,node,node,1,tn1-node-s1,69,53.07,80.17,S0097,100,false,"`tn1`, 12 runs, 100 ep | Full available curve retained; registered_horizon and in_registered_plateau5_window identify the primary endpoint. Epoch observations are not independent seeds.",accuracy percent; epoch is the raw zero-based epoch index
tn1,node,node,1,tn1-node-s1,70,53.57,81.03,S0097,100,false,"`tn1`, 12 runs, 100 ep | Full available curve retained; registered_horizon and in_registered_plateau5_window identify the primary endpoint. Epoch observations are not independent seeds.",accuracy percent; epoch is the raw zero-based epoch index
tn1,node,node,1,tn1-node-s1,71,53.15,81.15,S0097,100,false,"`tn1`, 12 runs, 100 ep | Full available curve retained; registered_horizon and in_registered_plateau5_window identify the primary endpoint. Epoch observations are not independent seeds.",accuracy percent; epoch is the raw zero-based epoch index
tn1,node,node,1,tn1-node-s1,72,53.76,81.67,S0097,100,false,"`tn1`, 12 runs, 100 ep | Full available curve retained; registered_horizon and in_registered_plateau5_window identify the primary endpoint. Epoch observations are not independent seeds.",accuracy percent; epoch is the raw zero-based epoch index
tn1,node,node,1,tn1-node-s1,73,53.16,82.13,S0097,100,false,"`tn1`, 12 runs, 100 ep | Full available curve retained; registered_horizon and in_registered_plateau5_window identify the primary endpoint. Epoch observations are not independent seeds.",accuracy percent; epoch is the raw zero-based epoch index
tn1,node,node,1,tn1-node-s1,74,52.97,82.57,S0097,100,false,"`tn1`, 12 runs, 100 ep | Full available curve retained; registered_horizon and in_registered_plateau5_window identify the primary endpoint. Epoch observations are not independent seeds.",accuracy percent; epoch is the raw zero-based epoch index
tn1,node,node,1,tn1-node-s1,75,53.3,83.08,S0097,100,false,"`tn1`, 12 runs, 100 ep | Full available curve retained; registered_horizon and in_registered_plateau5_window identify the primary endpoint. Epoch observations are not independent seeds.",accuracy percent; epoch is the raw zero-based epoch index
tn1,node,node,1,tn1-node-s1,76,53.37,83.38,S0097,100,false,"`tn1`, 12 runs, 100 ep | Full available curve retained; registered_horizon and in_registered_plateau5_window identify the primary endpoint. Epoch observations are not independent seeds.",accuracy percent; epoch is the raw zero-based epoch index
tn1,node,node,1,tn1-node-s1,77,53.48,83.84,S0097,100,false,"`tn1`, 12 runs, 100 ep | Full available curve retained; registered_horizon and in_registered_plateau5_window identify the primary endpoint. Epoch observations are not independent seeds.",accuracy percent; epoch is the raw zero-based epoch index
tn1,node,node,1,tn1-node-s1,78,53.63,84.18,S0097,100,false,"`tn1`, 12 runs, 100 ep | Full available curve retained; registered_horizon and in_registered_plateau5_window identify the primary endpoint. Epoch observations are not independent seeds.",accuracy percent; epoch is the raw zero-based epoch index
tn1,node,node,1,tn1-node-s1,79,52.91,84.61,S0097,100,false,"`tn1`, 12 runs, 100 ep | Full available curve retained; registered_horizon and in_registered_plateau5_window identify the primary endpoint. Epoch observations are not independent seeds.",accuracy percent; epoch is the raw zero-based epoch index
tn1,node,node,1,tn1-node-s1,80,53.14,84.75,S0097,100,false,"`tn1`, 12 runs, 100 ep | Full available curve retained; registered_horizon and in_registered_plateau5_window identify the primary endpoint. Epoch observations are not independent seeds.",accuracy percent; epoch is the raw zero-based epoch index
tn1,node,node,1,tn1-node-s1,81,53.34,85.43,S0097,100,false,"`tn1`, 12 runs, 100 ep | Full available curve retained; registered_horizon and in_registered_plateau5_window identify the primary endpoint. Epoch observations are not independent seeds.",accuracy percent; epoch is the raw zero-based epoch index
tn1,node,node,1,tn1-node-s1,82,53.1,85.51,S0097,100,false,"`tn1`, 12 runs, 100 ep | Full available curve retained; registered_horizon and in_registered_plateau5_window identify the primary endpoint. Epoch observations are not independent seeds.",accuracy percent; epoch is the raw zero-based epoch index
tn1,node,node,1,tn1-node-s1,83,53.45,85.85,S0097,100,false,"`tn1`, 12 runs, 100 ep | Full available curve retained; registered_horizon and in_registered_plateau5_window identify the primary endpoint. Epoch observations are not independent seeds.",accuracy percent; epoch is the raw zero-based epoch index
tn1,node,node,1,tn1-node-s1,84,53.68,86.34,S0097,100,false,"`tn1`, 12 runs, 100 ep | Full available curve retained; registered_horizon and in_registered_plateau5_window identify the primary endpoint. Epoch observations are not independent seeds.",accuracy percent; epoch is the raw zero-based epoch index
tn1,node,node,1,tn1-node-s1,85,52.78,86.47,S0097,100,false,"`tn1`, 12 runs, 100 ep | Full available curve retained; registered_horizon and in_registered_plateau5_window identify the primary endpoint. Epoch observations are not independent seeds.",accuracy percent; epoch is the raw zero-based epoch index
tn1,node,node,1,tn1-node-s1,86,53.22,86.96,S0097,100,false,"`tn1`, 12 runs, 100 ep | Full available curve retained; registered_horizon and in_registered_plateau5_window identify the primary endpoint. Epoch observations are not independent seeds.",accuracy percent; epoch is the raw zero-based epoch index
tn1,node,node,1,tn1-node-s1,87,53.66,87.08,S0097,100,false,"`tn1`, 12 runs, 100 ep | Full available curve retained; registered_horizon and in_registered_plateau5_window identify the primary endpoint. Epoch observations are not independent seeds.",accuracy percent; epoch is the raw zero-based epoch index
tn1,node,node,1,tn1-node-s1,88,53.23,87.56,S0097,100,false,"`tn1`, 12 runs, 100 ep | Full available curve retained; registered_horizon and in_registered_plateau5_window identify the primary endpoint. Epoch observations are not independent seeds.",accuracy percent; epoch is the raw zero-based epoch index
tn1,node,node,1,tn1-node-s1,89,53.03,88.01,S0097,100,false,"`tn1`, 12 runs, 100 ep | Full available curve retained; registered_horizon and in_registered_plateau5_window identify the primary endpoint. Epoch observations are not independent seeds.",accuracy percent; epoch is the raw zero-based epoch index
tn1,node,node,1,tn1-node-s1,90,53.21,88.09,S0097,100,false,"`tn1`, 12 runs, 100 ep | Full available curve retained; registered_horizon and in_registered_plateau5_window identify the primary endpoint. Epoch observations are not independent seeds.",accuracy percent; epoch is the raw zero-based epoch index
tn1,node,node,1,tn1-node-s1,91,52.89,88.41,S0097,100,false,"`tn1`, 12 runs, 100 ep | Full available curve retained; registered_horizon and in_registered_plateau5_window identify the primary endpoint. Epoch observations are not independent seeds.",accuracy percent; epoch is the raw zero-based epoch index
tn1,node,node,1,tn1-node-s1,92,53.01,88.58,S0097,100,false,"`tn1`, 12 runs, 100 ep | Full available curve retained; registered_horizon and in_registered_plateau5_window identify the primary endpoint. Epoch observations are not independent seeds.",accuracy percent; epoch is the raw zero-based epoch index
tn1,node,node,1,tn1-node-s1,93,53.47,89.19,S0097,100,false,"`tn1`, 12 runs, 100 ep | Full available curve retained; registered_horizon and in_registered_plateau5_window identify the primary endpoint. Epoch observations are not independent seeds.",accuracy percent; epoch is the raw zero-based epoch index
tn1,node,node,1,tn1-node-s1,94,53.13,89.09,S0097,100,false,"`tn1`, 12 runs, 100 ep | Full available curve retained; registered_horizon and in_registered_plateau5_window identify the primary endpoint. Epoch observations are not independent seeds.",accuracy percent; epoch is the raw zero-based epoch index
tn1,node,node,1,tn1-node-s1,95,53.57,89.44,S0097,100,true,"`tn1`, 12 runs, 100 ep | Full available curve retained; registered_horizon and in_registered_plateau5_window identify the primary endpoint. Epoch observations are not independent seeds.",accuracy percent; epoch is the raw zero-based epoch index
tn1,node,node,1,tn1-node-s1,96,53.38,89.73,S0097,100,true,"`tn1`, 12 runs, 100 ep | Full available curve retained; registered_horizon and in_registered_plateau5_window identify the primary endpoint. Epoch observations are not independent seeds.",accuracy percent; epoch is the raw zero-based epoch index
tn1,node,node,1,tn1-node-s1,97,53.32,89.99,S0097,100,true,"`tn1`, 12 runs, 100 ep | Full available curve retained; registered_horizon and in_registered_plateau5_window identify the primary endpoint. Epoch observations are not independent seeds.",accuracy percent; epoch is the raw zero-based epoch index
tn1,node,node,1,tn1-node-s1,98,53.17,90.23,S0097,100,true,"`tn1`, 12 runs, 100 ep | Full available curve retained; registered_horizon and in_registered_plateau5_window identify the primary endpoint. Epoch observations are not independent seeds.",accuracy percent; epoch is the raw zero-based epoch index
tn1,node,node,1,tn1-node-s1,99,53.41,90.43,S0097,100,true,"`tn1`, 12 runs, 100 ep | Full available curve retained; registered_horizon and in_registered_plateau5_window identify the primary endpoint. Epoch observations are not independent seeds.",accuracy percent; epoch is the raw zero-based epoch index
tn1,node,node,2,tn1-node-s2,0,0.53,0.49,S0098,100,false,"`tn1`, 12 runs, 100 ep | Full available curve retained; registered_horizon and in_registered_plateau5_window identify the primary endpoint. Epoch observations are not independent seeds.",accuracy percent; epoch is the raw zero-based epoch index
tn1,node,node,2,tn1-node-s2,1,0.49,0.48,S0098,100,false,"`tn1`, 12 runs, 100 ep | Full available curve retained; registered_horizon and in_registered_plateau5_window identify the primary endpoint. Epoch observations are not independent seeds.",accuracy percent; epoch is the raw zero-based epoch index
tn1,node,node,2,tn1-node-s2,2,0.52,0.5,S0098,100,false,"`tn1`, 12 runs, 100 ep | Full available curve retained; registered_horizon and in_registered_plateau5_window identify the primary endpoint. Epoch observations are not independent seeds.",accuracy percent; epoch is the raw zero-based epoch index
tn1,node,node,2,tn1-node-s2,3,0.47,0.55,S0098,100,false,"`tn1`, 12 runs, 100 ep | Full available curve retained; registered_horizon and in_registered_plateau5_window identify the primary endpoint. Epoch observations are not independent seeds.",accuracy percent; epoch is the raw zero-based epoch index
tn1,node,node,2,tn1-node-s2,4,0.6,0.58,S0098,100,false,"`tn1`, 12 runs, 100 ep | Full available curve retained; registered_horizon and in_registered_plateau5_window identify the primary endpoint. Epoch observations are not independent seeds.",accuracy percent; epoch is the raw zero-based epoch index
tn1,node,node,2,tn1-node-s2,5,1.25,0.84,S0098,100,false,"`tn1`, 12 runs, 100 ep | Full available curve retained; registered_horizon and in_registered_plateau5_window identify the primary endpoint. Epoch observations are not independent seeds.",accuracy percent; epoch is the raw zero-based epoch index
tn1,node,node,2,tn1-node-s2,6,2.46,1.7,S0098,100,false,"`tn1`, 12 runs, 100 ep | Full available curve retained; registered_horizon and in_registered_plateau5_window identify the primary endpoint. Epoch observations are not independent seeds.",accuracy percent; epoch is the raw zero-based epoch index
tn1,node,node,2,tn1-node-s2,7,3.98,2.95,S0098,100,false,"`tn1`, 12 runs, 100 ep | Full available curve retained; registered_horizon and in_registered_plateau5_window identify the primary endpoint. Epoch observations are not independent seeds.",accuracy percent; epoch is the raw zero-based epoch index
tn1,node,node,2,tn1-node-s2,8,6.36,5.01,S0098,100,false,"`tn1`, 12 runs, 100 ep | Full available curve retained; registered_horizon and in_registered_plateau5_window identify the primary endpoint. Epoch observations are not independent seeds.",accuracy percent; epoch is the raw zero-based epoch index
tn1,node,node,2,tn1-node-s2,9,10.02,8.49,S0098,100,false,"`tn1`, 12 runs, 100 ep | Full available curve retained; registered_horizon and in_registered_plateau5_window identify the primary endpoint. Epoch observations are not independent seeds.",accuracy percent; epoch is the raw zero-based epoch index
tn1,node,node,2,tn1-node-s2,10,14.52,12.67,S0098,100,false,"`tn1`, 12 runs, 100 ep | Full available curve retained; registered_horizon and in_registered_plateau5_window identify the primary endpoint. Epoch observations are not independent seeds.",accuracy percent; epoch is the raw zero-based epoch index
tn1,node,node,2,tn1-node-s2,11,18.35,16.97,S0098,100,false,"`tn1`, 12 runs, 100 ep | Full available curve retained; registered_horizon and in_registered_plateau5_window identify the primary endpoint. Epoch observations are not independent seeds.",accuracy percent; epoch is the raw zero-based epoch index
tn1,node,node,2,tn1-node-s2,12,23.12,21.09,S0098,100,false,"`tn1`, 12 runs, 100 ep | Full available curve retained; registered_horizon and in_registered_plateau5_window identify the primary endpoint. Epoch observations are not independent seeds.",accuracy percent; epoch is the raw zero-based epoch index
tn1,node,node,2,tn1-node-s2,13,26.84,24.84,S0098,100,false,"`tn1`, 12 runs, 100 ep | Full available curve retained; registered_horizon and in_registered_plateau5_window identify the primary endpoint. Epoch observations are not independent seeds.",accuracy percent; epoch is the raw zero-based epoch index
tn1,node,node,2,tn1-node-s2,14,29.02,27.96,S0098,100,false,"`tn1`, 12 runs, 100 ep | Full available curve retained; registered_horizon and in_registered_plateau5_window identify the primary endpoint. Epoch observations are not independent seeds.",accuracy percent; epoch is the raw zero-based epoch index
tn1,node,node,2,tn1-node-s2,15,31.4,31.09,S0098,100,false,"`tn1`, 12 runs, 100 ep | Full available curve retained; registered_horizon and in_registered_plateau5_window identify the primary endpoint. Epoch observations are not independent seeds.",accuracy percent; epoch is the raw zero-based epoch index
tn1,node,node,2,tn1-node-s2,16,33.97,33.37,S0098,100,false,"`tn1`, 12 runs, 100 ep | Full available curve retained; registered_horizon and in_registered_plateau5_window identify the primary endpoint. Epoch observations are not independent seeds.",accuracy percent; epoch is the raw zero-based epoch index
tn1,node,node,2,tn1-node-s2,17,34.47,35.64,S0098,100,false,"`tn1`, 12 runs, 100 ep | Full available curve retained; registered_horizon and in_registered_plateau5_window identify the primary endpoint. Epoch observations are not independent seeds.",accuracy percent; epoch is the raw zero-based epoch index
tn1,node,node,2,tn1-node-s2,18,37.24,37.67,S0098,100,false,"`tn1`, 12 runs, 100 ep | Full available curve retained; registered_horizon and in_registered_plateau5_window identify the primary endpoint. Epoch observations are not independent seeds.",accuracy percent; epoch is the raw zero-based epoch index
tn1,node,node,2,tn1-node-s2,19,37.93,39.52,S0098,100,false,"`tn1`, 12 runs, 100 ep | Full available curve retained; registered_horizon and in_registered_plateau5_window identify the primary endpoint. Epoch observations are not independent seeds.",accuracy percent; epoch is the raw zero-based epoch index
tn1,node,node,2,tn1-node-s2,20,39.58,41.38,S0098,100,false,"`tn1`, 12 runs, 100 ep | Full available curve retained; registered_horizon and in_registered_plateau5_window identify the primary endpoint. Epoch observations are not independent seeds.",accuracy percent; epoch is the raw zero-based epoch index
tn1,node,node,2,tn1-node-s2,21,40.32,43.16,S0098,100,false,"`tn1`, 12 runs, 100 ep | Full available curve retained; registered_horizon and in_registered_plateau5_window identify the primary endpoint. Epoch observations are not independent seeds.",accuracy percent; epoch is the raw zero-based epoch index
tn1,node,node,2,tn1-node-s2,22,41.5,44.7,S0098,100,false,"`tn1`, 12 runs, 100 ep | Full available curve retained; registered_horizon and in_registered_plateau5_window identify the primary endpoint. Epoch observations are not independent seeds.",accuracy percent; epoch is the raw zero-based epoch index
tn1,node,node,2,tn1-node-s2,23,42.65,46.06,S0098,100,false,"`tn1`, 12 runs, 100 ep | Full available curve retained; registered_horizon and in_registered_plateau5_window identify the primary endpoint. Epoch observations are not independent seeds.",accuracy percent; epoch is the raw zero-based epoch index
tn1,node,node,2,tn1-node-s2,24,43.47,47.5,S0098,100,false,"`tn1`, 12 runs, 100 ep | Full available curve retained; registered_horizon and in_registered_plateau5_window identify the primary endpoint. Epoch observations are not independent seeds.",accuracy percent; epoch is the raw zero-based epoch index
tn1,node,node,2,tn1-node-s2,25,44.05,48.73,S0098,100,false,"`tn1`, 12 runs, 100 ep | Full available curve retained; registered_horizon and in_registered_plateau5_window identify the primary endpoint. Epoch observations are not independent seeds.",accuracy percent; epoch is the raw zero-based epoch index
tn1,node,node,2,tn1-node-s2,26,44.92,49.89,S0098,100,false,"`tn1`, 12 runs, 100 ep | Full available curve retained; registered_horizon and in_registered_plateau5_window identify the primary endpoint. Epoch observations are not independent seeds.",accuracy percent; epoch is the raw zero-based epoch index
tn1,node,node,2,tn1-node-s2,27,45.46,50.99,S0098,100,false,"`tn1`, 12 runs, 100 ep | Full available curve retained; registered_horizon and in_registered_plateau5_window identify the primary endpoint. Epoch observations are not independent seeds.",accuracy percent; epoch is the raw zero-based epoch index
tn1,node,node,2,tn1-node-s2,28,46.54,52.29,S0098,100,false,"`tn1`, 12 runs, 100 ep | Full available curve retained; registered_horizon and in_registered_plateau5_window identify the primary endpoint. Epoch observations are not independent seeds.",accuracy percent; epoch is the raw zero-based epoch index
tn1,node,node,2,tn1-node-s2,29,46.35,53.33,S0098,100,false,"`tn1`, 12 runs, 100 ep | Full available curve retained; registered_horizon and in_registered_plateau5_window identify the primary endpoint. Epoch observations are not independent seeds.",accuracy percent; epoch is the raw zero-based epoch index
tn1,node,node,2,tn1-node-s2,30,47.7,54.42,S0098,100,false,"`tn1`, 12 runs, 100 ep | Full available curve retained; registered_horizon and in_registered_plateau5_window identify the primary endpoint. Epoch observations are not independent seeds.",accuracy percent; epoch is the raw zero-based epoch index
tn1,node,node,2,tn1-node-s2,31,47.25,55.07,S0098,100,false,"`tn1`, 12 runs, 100 ep | Full available curve retained; registered_horizon and in_registered_plateau5_window identify the primary endpoint. Epoch observations are not independent seeds.",accuracy percent; epoch is the raw zero-based epoch index
tn1,node,node,2,tn1-node-s2,32,47.99,56.29,S0098,100,false,"`tn1`, 12 runs, 100 ep | Full available curve retained; registered_horizon and in_registered_plateau5_window identify the primary endpoint. Epoch observations are not independent seeds.",accuracy percent; epoch is the raw zero-based epoch index
tn1,node,node,2,tn1-node-s2,33,47.52,57.15,S0098,100,false,"`tn1`, 12 runs, 100 ep | Full available curve retained; registered_horizon and in_registered_plateau5_window identify the primary endpoint. Epoch observations are not independent seeds.",accuracy percent; epoch is the raw zero-based epoch index
tn1,node,node,2,tn1-node-s2,34,48.6,58.3,S0098,100,false,"`tn1`, 12 runs, 100 ep | Full available curve retained; registered_horizon and in_registered_plateau5_window identify the primary endpoint. Epoch observations are not independent seeds.",accuracy percent; epoch is the raw zero-based epoch index
tn1,node,node,2,tn1-node-s2,35,49.01,59.12,S0098,100,false,"`tn1`, 12 runs, 100 ep | Full available curve retained; registered_horizon and in_registered_plateau5_window identify the primary endpoint. Epoch observations are not independent seeds.",accuracy percent; epoch is the raw zero-based epoch index
tn1,node,node,2,tn1-node-s2,36,49.44,59.95,S0098,100,false,"`tn1`, 12 runs, 100 ep | Full available curve retained; registered_horizon and in_registered_plateau5_window identify the primary endpoint. Epoch observations are not independent seeds.",accuracy percent; epoch is the raw zero-based epoch index
tn1,node,node,2,tn1-node-s2,37,49.43,60.76,S0098,100,false,"`tn1`, 12 runs, 100 ep | Full available curve retained; registered_horizon and in_registered_plateau5_window identify the primary endpoint. Epoch observations are not independent seeds.",accuracy percent; epoch is the raw zero-based epoch index
tn1,node,node,2,tn1-node-s2,38,49.73,61.56,S0098,100,false,"`tn1`, 12 runs, 100 ep | Full available curve retained; registered_horizon and in_registered_plateau5_window identify the primary endpoint. Epoch observations are not independent seeds.",accuracy percent; epoch is the raw zero-based epoch index
tn1,node,node,2,tn1-node-s2,39,50.61,62.41,S0098,100,false,"`tn1`, 12 runs, 100 ep | Full available curve retained; registered_horizon and in_registered_plateau5_window identify the primary endpoint. Epoch observations are not independent seeds.",accuracy percent; epoch is the raw zero-based epoch index
tn1,node,node,2,tn1-node-s2,40,49.81,63.22,S0098,100,false,"`tn1`, 12 runs, 100 ep | Full available curve retained; registered_horizon and in_registered_plateau5_window identify the primary endpoint. Epoch observations are not independent seeds.",accuracy percent; epoch is the raw zero-based epoch index
tn1,node,node,2,tn1-node-s2,41,51.05,63.92,S0098,100,false,"`tn1`, 12 runs, 100 ep | Full available curve retained; registered_horizon and in_registered_plateau5_window identify the primary endpoint. Epoch observations are not independent seeds.",accuracy percent; epoch is the raw zero-based epoch index
tn1,node,node,2,tn1-node-s2,42,51.71,64.83,S0098,100,false,"`tn1`, 12 runs, 100 ep | Full available curve retained; registered_horizon and in_registered_plateau5_window identify the primary endpoint. Epoch observations are not independent seeds.",accuracy percent; epoch is the raw zero-based epoch index
tn1,node,node,2,tn1-node-s2,43,51.01,65.37,S0098,100,false,"`tn1`, 12 runs, 100 ep | Full available curve retained; registered_horizon and in_registered_plateau5_window identify the primary endpoint. Epoch observations are not independent seeds.",accuracy percent; epoch is the raw zero-based epoch index
tn1,node,node,2,tn1-node-s2,44,51.15,66.23,S0098,100,false,"`tn1`, 12 runs, 100 ep | Full available curve retained; registered_horizon and in_registered_plateau5_window identify the primary endpoint. Epoch observations are not independent seeds.",accuracy percent; epoch is the raw zero-based epoch index
tn1,node,node,2,tn1-node-s2,45,51.12,67.01,S0098,100,false,"`tn1`, 12 runs, 100 ep | Full available curve retained; registered_horizon and in_registered_plateau5_window identify the primary endpoint. Epoch observations are not independent seeds.",accuracy percent; epoch is the raw zero-based epoch index
tn1,node,node,2,tn1-node-s2,46,51.8,67.37,S0098,100,false,"`tn1`, 12 runs, 100 ep | Full available curve retained; registered_horizon and in_registered_plateau5_window identify the primary endpoint. Epoch observations are not independent seeds.",accuracy percent; epoch is the raw zero-based epoch index
tn1,node,node,2,tn1-node-s2,47,52.17,68.27,S0098,100,false,"`tn1`, 12 runs, 100 ep | Full available curve retained; registered_horizon and in_registered_plateau5_window identify the primary endpoint. Epoch observations are not independent seeds.",accuracy percent; epoch is the raw zero-based epoch index
tn1,node,node,2,tn1-node-s2,48,52.46,69.11,S0098,100,false,"`tn1`, 12 runs, 100 ep | Full available curve retained; registered_horizon and in_registered_plateau5_window identify the primary endpoint. Epoch observations are not independent seeds.",accuracy percent; epoch is the raw zero-based epoch index
tn1,node,node,2,tn1-node-s2,49,52.03,69.55,S0098,100,false,"`tn1`, 12 runs, 100 ep | Full available curve retained; registered_horizon and in_registered_plateau5_window identify the primary endpoint. Epoch observations are not independent seeds.",accuracy percent; epoch is the raw zero-based epoch index
tn1,node,node,2,tn1-node-s2,50,52.15,70.27,S0098,100,false,"`tn1`, 12 runs, 100 ep | Full available curve retained; registered_horizon and in_registered_plateau5_window identify the primary endpoint. Epoch observations are not independent seeds.",accuracy percent; epoch is the raw zero-based epoch index
tn1,node,node,2,tn1-node-s2,51,52.73,70.86,S0098,100,false,"`tn1`, 12 runs, 100 ep | Full available curve retained; registered_horizon and in_registered_plateau5_window identify the primary endpoint. Epoch observations are not independent seeds.",accuracy percent; epoch is the raw zero-based epoch index
tn1,node,node,2,tn1-node-s2,52,53.05,71.47,S0098,100,false,"`tn1`, 12 runs, 100 ep | Full available curve retained; registered_horizon and in_registered_plateau5_window identify the primary endpoint. Epoch observations are not independent seeds.",accuracy percent; epoch is the raw zero-based epoch index
tn1,node,node,2,tn1-node-s2,53,51.98,72.25,S0098,100,false,"`tn1`, 12 runs, 100 ep | Full available curve retained; registered_horizon and in_registered_plateau5_window identify the primary endpoint. Epoch observations are not independent seeds.",accuracy percent; epoch is the raw zero-based epoch index
tn1,node,node,2,tn1-node-s2,54,52.64,72.68,S0098,100,false,"`tn1`, 12 runs, 100 ep | Full available curve retained; registered_horizon and in_registered_plateau5_window identify the primary endpoint. Epoch observations are not independent seeds.",accuracy percent; epoch is the raw zero-based epoch index
tn1,node,node,2,tn1-node-s2,55,52.57,73.29,S0098,100,false,"`tn1`, 12 runs, 100 ep | Full available curve retained; registered_horizon and in_registered_plateau5_window identify the primary endpoint. Epoch observations are not independent seeds.",accuracy percent; epoch is the raw zero-based epoch index
tn1,node,node,2,tn1-node-s2,56,52.91,73.94,S0098,100,false,"`tn1`, 12 runs, 100 ep | Full available curve retained; registered_horizon and in_registered_plateau5_window identify the primary endpoint. Epoch observations are not independent seeds.",accuracy percent; epoch is the raw zero-based epoch index
tn1,node,node,2,tn1-node-s2,57,52.68,74.27,S0098,100,false,"`tn1`, 12 runs, 100 ep | Full available curve retained; registered_horizon and in_registered_plateau5_window identify the primary endpoint. Epoch observations are not independent seeds.",accuracy percent; epoch is the raw zero-based epoch index
tn1,node,node,2,tn1-node-s2,58,53.31,75.01,S0098,100,false,"`tn1`, 12 runs, 100 ep | Full available curve retained; registered_horizon and in_registered_plateau5_window identify the primary endpoint. Epoch observations are not independent seeds.",accuracy percent; epoch is the raw zero-based epoch index
tn1,node,node,2,tn1-node-s2,59,52.99,75.45,S0098,100,false,"`tn1`, 12 runs, 100 ep | Full available curve retained; registered_horizon and in_registered_plateau5_window identify the primary endpoint. Epoch observations are not independent seeds.",accuracy percent; epoch is the raw zero-based epoch index
tn1,node,node,2,tn1-node-s2,60,52.21,75.9,S0098,100,false,"`tn1`, 12 runs, 100 ep | Full available curve retained; registered_horizon and in_registered_plateau5_window identify the primary endpoint. Epoch observations are not independent seeds.",accuracy percent; epoch is the raw zero-based epoch index
tn1,node,node,2,tn1-node-s2,61,52.89,76.63,S0098,100,false,"`tn1`, 12 runs, 100 ep | Full available curve retained; registered_horizon and in_registered_plateau5_window identify the primary endpoint. Epoch observations are not independent seeds.",accuracy percent; epoch is the raw zero-based epoch index
tn1,node,node,2,tn1-node-s2,62,52.71,77.15,S0098,100,false,"`tn1`, 12 runs, 100 ep | Full available curve retained; registered_horizon and in_registered_plateau5_window identify the primary endpoint. Epoch observations are not independent seeds.",accuracy percent; epoch is the raw zero-based epoch index
tn1,node,node,2,tn1-node-s2,63,53.15,77.3,S0098,100,false,"`tn1`, 12 runs, 100 ep | Full available curve retained; registered_horizon and in_registered_plateau5_window identify the primary endpoint. Epoch observations are not independent seeds.",accuracy percent; epoch is the raw zero-based epoch index
tn1,node,node,2,tn1-node-s2,64,53.06,78.07,S0098,100,false,"`tn1`, 12 runs, 100 ep | Full available curve retained; registered_horizon and in_registered_plateau5_window identify the primary endpoint. Epoch observations are not independent seeds.",accuracy percent; epoch is the raw zero-based epoch index
tn1,node,node,2,tn1-node-s2,65,53.06,78.46,S0098,100,false,"`tn1`, 12 runs, 100 ep | Full available curve retained; registered_horizon and in_registered_plateau5_window identify the primary endpoint. Epoch observations are not independent seeds.",accuracy percent; epoch is the raw zero-based epoch index
tn1,node,node,2,tn1-node-s2,66,52.97,79.02,S0098,100,false,"`tn1`, 12 runs, 100 ep | Full available curve retained; registered_horizon and in_registered_plateau5_window identify the primary endpoint. Epoch observations are not independent seeds.",accuracy percent; epoch is the raw zero-based epoch index
tn1,node,node,2,tn1-node-s2,67,53.09,79.55,S0098,100,false,"`tn1`, 12 runs, 100 ep | Full available curve retained; registered_horizon and in_registered_plateau5_window identify the primary endpoint. Epoch observations are not independent seeds.",accuracy percent; epoch is the raw zero-based epoch index
tn1,node,node,2,tn1-node-s2,68,53.29,79.79,S0098,100,false,"`tn1`, 12 runs, 100 ep | Full available curve retained; registered_horizon and in_registered_plateau5_window identify the primary endpoint. Epoch observations are not independent seeds.",accuracy percent; epoch is the raw zero-based epoch index
tn1,node,node,2,tn1-node-s2,69,53,80.19,S0098,100,false,"`tn1`, 12 runs, 100 ep | Full available curve retained; registered_horizon and in_registered_plateau5_window identify the primary endpoint. Epoch observations are not independent seeds.",accuracy percent; epoch is the raw zero-based epoch index
tn1,node,node,2,tn1-node-s2,70,53.1,80.69,S0098,100,false,"`tn1`, 12 runs, 100 ep | Full available curve retained; registered_horizon and in_registered_plateau5_window identify the primary endpoint. Epoch observations are not independent seeds.",accuracy percent; epoch is the raw zero-based epoch index
tn1,node,node,2,tn1-node-s2,71,53.03,81.07,S0098,100,false,"`tn1`, 12 runs, 100 ep | Full available curve retained; registered_horizon and in_registered_plateau5_window identify the primary endpoint. Epoch observations are not independent seeds.",accuracy percent; epoch is the raw zero-based epoch index
tn1,node,node,2,tn1-node-s2,72,53.34,81.5,S0098,100,false,"`tn1`, 12 runs, 100 ep | Full available curve retained; registered_horizon and in_registered_plateau5_window identify the primary endpoint. Epoch observations are not independent seeds.",accuracy percent; epoch is the raw zero-based epoch index
tn1,node,node,2,tn1-node-s2,73,53.28,82.04,S0098,100,false,"`tn1`, 12 runs, 100 ep | Full available curve retained; registered_horizon and in_registered_plateau5_window identify the primary endpoint. Epoch observations are not independent seeds.",accuracy percent; epoch is the raw zero-based epoch index
tn1,node,node,2,tn1-node-s2,74,52.99,82.49,S0098,100,false,"`tn1`, 12 runs, 100 ep | Full available curve retained; registered_horizon and in_registered_plateau5_window identify the primary endpoint. Epoch observations are not independent seeds.",accuracy percent; epoch is the raw zero-based epoch index
tn1,node,node,2,tn1-node-s2,75,53.23,82.92,S0098,100,false,"`tn1`, 12 runs, 100 ep | Full available curve retained; registered_horizon and in_registered_plateau5_window identify the primary endpoint. Epoch observations are not independent seeds.",accuracy percent; epoch is the raw zero-based epoch index
tn1,node,node,2,tn1-node-s2,76,53.41,83.3,S0098,100,false,"`tn1`, 12 runs, 100 ep | Full available curve retained; registered_horizon and in_registered_plateau5_window identify the primary endpoint. Epoch observations are not independent seeds.",accuracy percent; epoch is the raw zero-based epoch index
tn1,node,node,2,tn1-node-s2,77,53.23,83.77,S0098,100,false,"`tn1`, 12 runs, 100 ep | Full available curve retained; registered_horizon and in_registered_plateau5_window identify the primary endpoint. Epoch observations are not independent seeds.",accuracy percent; epoch is the raw zero-based epoch index
tn1,node,node,2,tn1-node-s2,78,52.95,84.12,S0098,100,false,"`tn1`, 12 runs, 100 ep | Full available curve retained; registered_horizon and in_registered_plateau5_window identify the primary endpoint. Epoch observations are not independent seeds.",accuracy percent; epoch is the raw zero-based epoch index
tn1,node,node,2,tn1-node-s2,79,53.03,84.52,S0098,100,false,"`tn1`, 12 runs, 100 ep | Full available curve retained; registered_horizon and in_registered_plateau5_window identify the primary endpoint. Epoch observations are not independent seeds.",accuracy percent; epoch is the raw zero-based epoch index
tn1,node,node,2,tn1-node-s2,80,52.92,84.92,S0098,100,false,"`tn1`, 12 runs, 100 ep | Full available curve retained; registered_horizon and in_registered_plateau5_window identify the primary endpoint. Epoch observations are not independent seeds.",accuracy percent; epoch is the raw zero-based epoch index
tn1,node,node,2,tn1-node-s2,81,53.18,85.33,S0098,100,false,"`tn1`, 12 runs, 100 ep | Full available curve retained; registered_horizon and in_registered_plateau5_window identify the primary endpoint. Epoch observations are not independent seeds.",accuracy percent; epoch is the raw zero-based epoch index
tn1,node,node,2,tn1-node-s2,82,53.33,85.52,S0098,100,false,"`tn1`, 12 runs, 100 ep | Full available curve retained; registered_horizon and in_registered_plateau5_window identify the primary endpoint. Epoch observations are not independent seeds.",accuracy percent; epoch is the raw zero-based epoch index
tn1,node,node,2,tn1-node-s2,83,53.07,86.09,S0098,100,false,"`tn1`, 12 runs, 100 ep | Full available curve retained; registered_horizon and in_registered_plateau5_window identify the primary endpoint. Epoch observations are not independent seeds.",accuracy percent; epoch is the raw zero-based epoch index
tn1,node,node,2,tn1-node-s2,84,52.92,86.2,S0098,100,false,"`tn1`, 12 runs, 100 ep | Full available curve retained; registered_horizon and in_registered_plateau5_window identify the primary endpoint. Epoch observations are not independent seeds.",accuracy percent; epoch is the raw zero-based epoch index
tn1,node,node,2,tn1-node-s2,85,52.62,86.53,S0098,100,false,"`tn1`, 12 runs, 100 ep | Full available curve retained; registered_horizon and in_registered_plateau5_window identify the primary endpoint. Epoch observations are not independent seeds.",accuracy percent; epoch is the raw zero-based epoch index
tn1,node,node,2,tn1-node-s2,86,52.62,86.96,S0098,100,false,"`tn1`, 12 runs, 100 ep | Full available curve retained; registered_horizon and in_registered_plateau5_window identify the primary endpoint. Epoch observations are not independent seeds.",accuracy percent; epoch is the raw zero-based epoch index
tn1,node,node,2,tn1-node-s2,87,53.09,87.39,S0098,100,false,"`tn1`, 12 runs, 100 ep | Full available curve retained; registered_horizon and in_registered_plateau5_window identify the primary endpoint. Epoch observations are not independent seeds.",accuracy percent; epoch is the raw zero-based epoch index
tn1,node,node,2,tn1-node-s2,88,53.12,87.39,S0098,100,false,"`tn1`, 12 runs, 100 ep | Full available curve retained; registered_horizon and in_registered_plateau5_window identify the primary endpoint. Epoch observations are not independent seeds.",accuracy percent; epoch is the raw zero-based epoch index
tn1,node,node,2,tn1-node-s2,89,53.49,87.9,S0098,100,false,"`tn1`, 12 runs, 100 ep | Full available curve retained; registered_horizon and in_registered_plateau5_window identify the primary endpoint. Epoch observations are not independent seeds.",accuracy percent; epoch is the raw zero-based epoch index
tn1,node,node,2,tn1-node-s2,90,53.44,88.02,S0098,100,false,"`tn1`, 12 runs, 100 ep | Full available curve retained; registered_horizon and in_registered_plateau5_window identify the primary endpoint. Epoch observations are not independent seeds.",accuracy percent; epoch is the raw zero-based epoch index
tn1,node,node,2,tn1-node-s2,91,53.4,88.35,S0098,100,false,"`tn1`, 12 runs, 100 ep | Full available curve retained; registered_horizon and in_registered_plateau5_window identify the primary endpoint. Epoch observations are not independent seeds.",accuracy percent; epoch is the raw zero-based epoch index
tn1,node,node,2,tn1-node-s2,92,53.14,88.61,S0098,100,false,"`tn1`, 12 runs, 100 ep | Full available curve retained; registered_horizon and in_registered_plateau5_window identify the primary endpoint. Epoch observations are not independent seeds.",accuracy percent; epoch is the raw zero-based epoch index
tn1,node,node,2,tn1-node-s2,93,53.13,88.97,S0098,100,false,"`tn1`, 12 runs, 100 ep | Full available curve retained; registered_horizon and in_registered_plateau5_window identify the primary endpoint. Epoch observations are not independent seeds.",accuracy percent; epoch is the raw zero-based epoch index
tn1,node,node,2,tn1-node-s2,94,52.81,89.19,S0098,100,false,"`tn1`, 12 runs, 100 ep | Full available curve retained; registered_horizon and in_registered_plateau5_window identify the primary endpoint. Epoch observations are not independent seeds.",accuracy percent; epoch is the raw zero-based epoch index
tn1,node,node,2,tn1-node-s2,95,53.3,89.23,S0098,100,true,"`tn1`, 12 runs, 100 ep | Full available curve retained; registered_horizon and in_registered_plateau5_window identify the primary endpoint. Epoch observations are not independent seeds.",accuracy percent; epoch is the raw zero-based epoch index
tn1,node,node,2,tn1-node-s2,96,53.01,89.51,S0098,100,true,"`tn1`, 12 runs, 100 ep | Full available curve retained; registered_horizon and in_registered_plateau5_window identify the primary endpoint. Epoch observations are not independent seeds.",accuracy percent; epoch is the raw zero-based epoch index
tn1,node,node,2,tn1-node-s2,97,52.99,90.07,S0098,100,true,"`tn1`, 12 runs, 100 ep | Full available curve retained; registered_horizon and in_registered_plateau5_window identify the primary endpoint. Epoch observations are not independent seeds.",accuracy percent; epoch is the raw zero-based epoch index
tn1,node,node,2,tn1-node-s2,98,53.27,90.11,S0098,100,true,"`tn1`, 12 runs, 100 ep | Full available curve retained; registered_horizon and in_registered_plateau5_window identify the primary endpoint. Epoch observations are not independent seeds.",accuracy percent; epoch is the raw zero-based epoch index
tn1,node,node,2,tn1-node-s2,99,53.2,90.33,S0098,100,true,"`tn1`, 12 runs, 100 ep | Full available curve retained; registered_horizon and in_registered_plateau5_window identify the primary endpoint. Epoch observations are not independent seeds.",accuracy percent; epoch is the raw zero-based epoch index
tn1,c10lay,c10lay,0,tn1-c10lay-s0,0,12.87,12.79,S0099,100,false,"`tn1`, 12 runs, 100 ep | Full available curve retained; registered_horizon and in_registered_plateau5_window identify the primary endpoint. Epoch observations are not independent seeds.",accuracy percent; epoch is the raw zero-based epoch index
tn1,c10lay,c10lay,0,tn1-c10lay-s0,1,12.94,12.76,S0099,100,false,"`tn1`, 12 runs, 100 ep | Full available curve retained; registered_horizon and in_registered_plateau5_window identify the primary endpoint. Epoch observations are not independent seeds.",accuracy percent; epoch is the raw zero-based epoch index
tn1,c10lay,c10lay,0,tn1-c10lay-s0,2,13.18,13.01,S0099,100,false,"`tn1`, 12 runs, 100 ep | Full available curve retained; registered_horizon and in_registered_plateau5_window identify the primary endpoint. Epoch observations are not independent seeds.",accuracy percent; epoch is the raw zero-based epoch index
tn1,c10lay,c10lay,0,tn1-c10lay-s0,3,13.49,13.46,S0099,100,false,"`tn1`, 12 runs, 100 ep | Full available curve retained; registered_horizon and in_registered_plateau5_window identify the primary endpoint. Epoch observations are not independent seeds.",accuracy percent; epoch is the raw zero-based epoch index
tn1,c10lay,c10lay,0,tn1-c10lay-s0,4,13.75,13.67,S0099,100,false,"`tn1`, 12 runs, 100 ep | Full available curve retained; registered_horizon and in_registered_plateau5_window identify the primary endpoint. Epoch observations are not independent seeds.",accuracy percent; epoch is the raw zero-based epoch index
tn1,c10lay,c10lay,0,tn1-c10lay-s0,5,14.49,14.52,S0099,100,false,"`tn1`, 12 runs, 100 ep | Full available curve retained; registered_horizon and in_registered_plateau5_window identify the primary endpoint. Epoch observations are not independent seeds.",accuracy percent; epoch is the raw zero-based epoch index
tn1,c10lay,c10lay,0,tn1-c10lay-s0,6,15.53,15.73,S0099,100,false,"`tn1`, 12 runs, 100 ep | Full available curve retained; registered_horizon and in_registered_plateau5_window identify the primary endpoint. Epoch observations are not independent seeds.",accuracy percent; epoch is the raw zero-based epoch index
tn1,c10lay,c10lay,0,tn1-c10lay-s0,7,17.79,17.63,S0099,100,false,"`tn1`, 12 runs, 100 ep | Full available curve retained; registered_horizon and in_registered_plateau5_window identify the primary endpoint. Epoch observations are not independent seeds.",accuracy percent; epoch is the raw zero-based epoch index
tn1,c10lay,c10lay,0,tn1-c10lay-s0,8,20.94,20.18,S0099,100,false,"`tn1`, 12 runs, 100 ep | Full available curve retained; registered_horizon and in_registered_plateau5_window identify the primary endpoint. Epoch observations are not independent seeds.",accuracy percent; epoch is the raw zero-based epoch index
tn1,c10lay,c10lay,0,tn1-c10lay-s0,9,24.08,22.99,S0099,100,false,"`tn1`, 12 runs, 100 ep | Full available curve retained; registered_horizon and in_registered_plateau5_window identify the primary endpoint. Epoch observations are not independent seeds.",accuracy percent; epoch is the raw zero-based epoch index
tn1,c10lay,c10lay,0,tn1-c10lay-s0,10,28.21,26.5,S0099,100,false,"`tn1`, 12 runs, 100 ep | Full available curve retained; registered_horizon and in_registered_plateau5_window identify the primary endpoint. Epoch observations are not independent seeds.",accuracy percent; epoch is the raw zero-based epoch index
tn1,c10lay,c10lay,0,tn1-c10lay-s0,11,32.79,30.36,S0099,100,false,"`tn1`, 12 runs, 100 ep | Full available curve retained; registered_horizon and in_registered_plateau5_window identify the primary endpoint. Epoch observations are not independent seeds.",accuracy percent; epoch is the raw zero-based epoch index
tn1,c10lay,c10lay,0,tn1-c10lay-s0,12,36.09,34.08,S0099,100,false,"`tn1`, 12 runs, 100 ep | Full available curve retained; registered_horizon and in_registered_plateau5_window identify the primary endpoint. Epoch observations are not independent seeds.",accuracy percent; epoch is the raw zero-based epoch index
tn1,c10lay,c10lay,0,tn1-c10lay-s0,13,40.22,37.77,S0099,100,false,"`tn1`, 12 runs, 100 ep | Full available curve retained; registered_horizon and in_registered_plateau5_window identify the primary endpoint. Epoch observations are not independent seeds.",accuracy percent; epoch is the raw zero-based epoch index
tn1,c10lay,c10lay,0,tn1-c10lay-s0,14,46.1,42.72,S0099,100,false,"`tn1`, 12 runs, 100 ep | Full available curve retained; registered_horizon and in_registered_plateau5_window identify the primary endpoint. Epoch observations are not independent seeds.",accuracy percent; epoch is the raw zero-based epoch index
tn1,c10lay,c10lay,0,tn1-c10lay-s0,15,53.36,48.68,S0099,100,false,"`tn1`, 12 runs, 100 ep | Full available curve retained; registered_horizon and in_registered_plateau5_window identify the primary endpoint. Epoch observations are not independent seeds.",accuracy percent; epoch is the raw zero-based epoch index
tn1,c10lay,c10lay,0,tn1-c10lay-s0,16,58.84,55.63,S0099,100,false,"`tn1`, 12 runs, 100 ep | Full available curve retained; registered_horizon and in_registered_plateau5_window identify the primary endpoint. Epoch observations are not independent seeds.",accuracy percent; epoch is the raw zero-based epoch index
tn1,c10lay,c10lay,0,tn1-c10lay-s0,17,64.49,62.06,S0099,100,false,"`tn1`, 12 runs, 100 ep | Full available curve retained; registered_horizon and in_registered_plateau5_window identify the primary endpoint. Epoch observations are not independent seeds.",accuracy percent; epoch is the raw zero-based epoch index
tn1,c10lay,c10lay,0,tn1-c10lay-s0,18,69.7,67.69,S0099,100,false,"`tn1`, 12 runs, 100 ep | Full available curve retained; registered_horizon and in_registered_plateau5_window identify the primary endpoint. Epoch observations are not independent seeds.",accuracy percent; epoch is the raw zero-based epoch index
tn1,c10lay,c10lay,0,tn1-c10lay-s0,19,73.91,73.09,S0099,100,false,"`tn1`, 12 runs, 100 ep | Full available curve retained; registered_horizon and in_registered_plateau5_window identify the primary endpoint. Epoch observations are not independent seeds.",accuracy percent; epoch is the raw zero-based epoch index
tn1,c10lay,c10lay,0,tn1-c10lay-s0,20,76.54,76.03,S0099,100,false,"`tn1`, 12 runs, 100 ep | Full available curve retained; registered_horizon and in_registered_plateau5_window identify the primary endpoint. Epoch observations are not independent seeds.",accuracy percent; epoch is the raw zero-based epoch index
tn1,c10lay,c10lay,0,tn1-c10lay-s0,21,78.89,79.39,S0099,100,false,"`tn1`, 12 runs, 100 ep | Full available curve retained; registered_horizon and in_registered_plateau5_window identify the primary endpoint. Epoch observations are not independent seeds.",accuracy percent; epoch is the raw zero-based epoch index
tn1,c10lay,c10lay,0,tn1-c10lay-s0,22,80.86,81.06,S0099,100,false,"`tn1`, 12 runs, 100 ep | Full available curve retained; registered_horizon and in_registered_plateau5_window identify the primary endpoint. Epoch observations are not independent seeds.",accuracy percent; epoch is the raw zero-based epoch index
tn1,c10lay,c10lay,0,tn1-c10lay-s0,23,81.46,82.86,S0099,100,false,"`tn1`, 12 runs, 100 ep | Full available curve retained; registered_horizon and in_registered_plateau5_window identify the primary endpoint. Epoch observations are not independent seeds.",accuracy percent; epoch is the raw zero-based epoch index
tn1,c10lay,c10lay,0,tn1-c10lay-s0,24,82.34,84.27,S0099,100,false,"`tn1`, 12 runs, 100 ep | Full available curve retained; registered_horizon and in_registered_plateau5_window identify the primary endpoint. Epoch observations are not independent seeds.",accuracy percent; epoch is the raw zero-based epoch index
tn1,c10lay,c10lay,0,tn1-c10lay-s0,25,84.2,85.37,S0099,100,false,"`tn1`, 12 runs, 100 ep | Full available curve retained; registered_horizon and in_registered_plateau5_window identify the primary endpoint. Epoch observations are not independent seeds.",accuracy percent; epoch is the raw zero-based epoch index
tn1,c10lay,c10lay,0,tn1-c10lay-s0,26,84.27,86.59,S0099,100,false,"`tn1`, 12 runs, 100 ep | Full available curve retained; registered_horizon and in_registered_plateau5_window identify the primary endpoint. Epoch observations are not independent seeds.",accuracy percent; epoch is the raw zero-based epoch index
tn1,c10lay,c10lay,0,tn1-c10lay-s0,27,85.14,87.13,S0099,100,false,"`tn1`, 12 runs, 100 ep | Full available curve retained; registered_horizon and in_registered_plateau5_window identify the primary endpoint. Epoch observations are not independent seeds.",accuracy percent; epoch is the raw zero-based epoch index
tn1,c10lay,c10lay,0,tn1-c10lay-s0,28,85.3,88.39,S0099,100,false,"`tn1`, 12 runs, 100 ep | Full available curve retained; registered_horizon and in_registered_plateau5_window identify the primary endpoint. Epoch observations are not independent seeds.",accuracy percent; epoch is the raw zero-based epoch index
tn1,c10lay,c10lay,0,tn1-c10lay-s0,29,85.9,89.1,S0099,100,false,"`tn1`, 12 runs, 100 ep | Full available curve retained; registered_horizon and in_registered_plateau5_window identify the primary endpoint. Epoch observations are not independent seeds.",accuracy percent; epoch is the raw zero-based epoch index
tn1,c10lay,c10lay,0,tn1-c10lay-s0,30,86.9,89.8,S0099,100,false,"`tn1`, 12 runs, 100 ep | Full available curve retained; registered_horizon and in_registered_plateau5_window identify the primary endpoint. Epoch observations are not independent seeds.",accuracy percent; epoch is the raw zero-based epoch index
tn1,c10lay,c10lay,0,tn1-c10lay-s0,31,86.57,90.27,S0099,100,false,"`tn1`, 12 runs, 100 ep | Full available curve retained; registered_horizon and in_registered_plateau5_window identify the primary endpoint. Epoch observations are not independent seeds.",accuracy percent; epoch is the raw zero-based epoch index
tn1,c10lay,c10lay,0,tn1-c10lay-s0,32,88.08,90.81,S0099,100,false,"`tn1`, 12 runs, 100 ep | Full available curve retained; registered_horizon and in_registered_plateau5_window identify the primary endpoint. Epoch observations are not independent seeds.",accuracy percent; epoch is the raw zero-based epoch index
tn1,c10lay,c10lay,0,tn1-c10lay-s0,33,87.51,91.76,S0099,100,false,"`tn1`, 12 runs, 100 ep | Full available curve retained; registered_horizon and in_registered_plateau5_window identify the primary endpoint. Epoch observations are not independent seeds.",accuracy percent; epoch is the raw zero-based epoch index
tn1,c10lay,c10lay,0,tn1-c10lay-s0,34,87.27,92.01,S0099,100,false,"`tn1`, 12 runs, 100 ep | Full available curve retained; registered_horizon and in_registered_plateau5_window identify the primary endpoint. Epoch observations are not independent seeds.",accuracy percent; epoch is the raw zero-based epoch index
tn1,c10lay,c10lay,0,tn1-c10lay-s0,35,87.75,92.72,S0099,100,false,"`tn1`, 12 runs, 100 ep | Full available curve retained; registered_horizon and in_registered_plateau5_window identify the primary endpoint. Epoch observations are not independent seeds.",accuracy percent; epoch is the raw zero-based epoch index
tn1,c10lay,c10lay,0,tn1-c10lay-s0,36,88.38,92.8,S0099,100,false,"`tn1`, 12 runs, 100 ep | Full available curve retained; registered_horizon and in_registered_plateau5_window identify the primary endpoint. Epoch observations are not independent seeds.",accuracy percent; epoch is the raw zero-based epoch index
tn1,c10lay,c10lay,0,tn1-c10lay-s0,37,88.57,93.37,S0099,100,false,"`tn1`, 12 runs, 100 ep | Full available curve retained; registered_horizon and in_registered_plateau5_window identify the primary endpoint. Epoch observations are not independent seeds.",accuracy percent; epoch is the raw zero-based epoch index
tn1,c10lay,c10lay,0,tn1-c10lay-s0,38,88.62,93.87,S0099,100,false,"`tn1`, 12 runs, 100 ep | Full available curve retained; registered_horizon and in_registered_plateau5_window identify the primary endpoint. Epoch observations are not independent seeds.",accuracy percent; epoch is the raw zero-based epoch index
tn1,c10lay,c10lay,0,tn1-c10lay-s0,39,88.93,94.09,S0099,100,false,"`tn1`, 12 runs, 100 ep | Full available curve retained; registered_horizon and in_registered_plateau5_window identify the primary endpoint. Epoch observations are not independent seeds.",accuracy percent; epoch is the raw zero-based epoch index
tn1,c10lay,c10lay,0,tn1-c10lay-s0,40,88.57,94.77,S0099,100,false,"`tn1`, 12 runs, 100 ep | Full available curve retained; registered_horizon and in_registered_plateau5_window identify the primary endpoint. Epoch observations are not independent seeds.",accuracy percent; epoch is the raw zero-based epoch index
tn1,c10lay,c10lay,0,tn1-c10lay-s0,41,88.71,94.57,S0099,100,false,"`tn1`, 12 runs, 100 ep | Full available curve retained; registered_horizon and in_registered_plateau5_window identify the primary endpoint. Epoch observations are not independent seeds.",accuracy percent; epoch is the raw zero-based epoch index
tn1,c10lay,c10lay,0,tn1-c10lay-s0,42,89.39,94.95,S0099,100,false,"`tn1`, 12 runs, 100 ep | Full available curve retained; registered_horizon and in_registered_plateau5_window identify the primary endpoint. Epoch observations are not independent seeds.",accuracy percent; epoch is the raw zero-based epoch index
tn1,c10lay,c10lay,0,tn1-c10lay-s0,43,89.28,95.68,S0099,100,false,"`tn1`, 12 runs, 100 ep | Full available curve retained; registered_horizon and in_registered_plateau5_window identify the primary endpoint. Epoch observations are not independent seeds.",accuracy percent; epoch is the raw zero-based epoch index
tn1,c10lay,c10lay,0,tn1-c10lay-s0,44,89.3,95.55,S0099,100,false,"`tn1`, 12 runs, 100 ep | Full available curve retained; registered_horizon and in_registered_plateau5_window identify the primary endpoint. Epoch observations are not independent seeds.",accuracy percent; epoch is the raw zero-based epoch index
tn1,c10lay,c10lay,0,tn1-c10lay-s0,45,88.85,95.85,S0099,100,false,"`tn1`, 12 runs, 100 ep | Full available curve retained; registered_horizon and in_registered_plateau5_window identify the primary endpoint. Epoch observations are not independent seeds.",accuracy percent; epoch is the raw zero-based epoch index
tn1,c10lay,c10lay,0,tn1-c10lay-s0,46,89.46,96.13,S0099,100,false,"`tn1`, 12 runs, 100 ep | Full available curve retained; registered_horizon and in_registered_plateau5_window identify the primary endpoint. Epoch observations are not independent seeds.",accuracy percent; epoch is the raw zero-based epoch index
tn1,c10lay,c10lay,0,tn1-c10lay-s0,47,89.65,96.4,S0099,100,false,"`tn1`, 12 runs, 100 ep | Full available curve retained; registered_horizon and in_registered_plateau5_window identify the primary endpoint. Epoch observations are not independent seeds.",accuracy percent; epoch is the raw zero-based epoch index
tn1,c10lay,c10lay,0,tn1-c10lay-s0,48,89.6,96.73,S0099,100,false,"`tn1`, 12 runs, 100 ep | Full available curve retained; registered_horizon and in_registered_plateau5_window identify the primary endpoint. Epoch observations are not independent seeds.",accuracy percent; epoch is the raw zero-based epoch index
tn1,c10lay,c10lay,0,tn1-c10lay-s0,49,89.28,96.72,S0099,100,false,"`tn1`, 12 runs, 100 ep | Full available curve retained; registered_horizon and in_registered_plateau5_window identify the primary endpoint. Epoch observations are not independent seeds.",accuracy percent; epoch is the raw zero-based epoch index
tn1,c10lay,c10lay,0,tn1-c10lay-s0,50,90.07,96.9,S0099,100,false,"`tn1`, 12 runs, 100 ep | Full available curve retained; registered_horizon and in_registered_plateau5_window identify the primary endpoint. Epoch observations are not independent seeds.",accuracy percent; epoch is the raw zero-based epoch index
tn1,c10lay,c10lay,0,tn1-c10lay-s0,51,89.64,97.42,S0099,100,false,"`tn1`, 12 runs, 100 ep | Full available curve retained; registered_horizon and in_registered_plateau5_window identify the primary endpoint. Epoch observations are not independent seeds.",accuracy percent; epoch is the raw zero-based epoch index
tn1,c10lay,c10lay,0,tn1-c10lay-s0,52,89.62,97.52,S0099,100,false,"`tn1`, 12 runs, 100 ep | Full available curve retained; registered_horizon and in_registered_plateau5_window identify the primary endpoint. Epoch observations are not independent seeds.",accuracy percent; epoch is the raw zero-based epoch index
tn1,c10lay,c10lay,0,tn1-c10lay-s0,53,89.82,97.64,S0099,100,false,"`tn1`, 12 runs, 100 ep | Full available curve retained; registered_horizon and in_registered_plateau5_window identify the primary endpoint. Epoch observations are not independent seeds.",accuracy percent; epoch is the raw zero-based epoch index
tn1,c10lay,c10lay,0,tn1-c10lay-s0,54,90.07,97.7,S0099,100,false,"`tn1`, 12 runs, 100 ep | Full available curve retained; registered_horizon and in_registered_plateau5_window identify the primary endpoint. Epoch observations are not independent seeds.",accuracy percent; epoch is the raw zero-based epoch index
tn1,c10lay,c10lay,0,tn1-c10lay-s0,55,89.84,97.75,S0099,100,false,"`tn1`, 12 runs, 100 ep | Full available curve retained; registered_horizon and in_registered_plateau5_window identify the primary endpoint. Epoch observations are not independent seeds.",accuracy percent; epoch is the raw zero-based epoch index
tn1,c10lay,c10lay,0,tn1-c10lay-s0,56,89.87,97.7,S0099,100,false,"`tn1`, 12 runs, 100 ep | Full available curve retained; registered_horizon and in_registered_plateau5_window identify the primary endpoint. Epoch observations are not independent seeds.",accuracy percent; epoch is the raw zero-based epoch index
tn1,c10lay,c10lay,0,tn1-c10lay-s0,57,90.16,98.08,S0099,100,false,"`tn1`, 12 runs, 100 ep | Full available curve retained; registered_horizon and in_registered_plateau5_window identify the primary endpoint. Epoch observations are not independent seeds.",accuracy percent; epoch is the raw zero-based epoch index
tn1,c10lay,c10lay,0,tn1-c10lay-s0,58,90.24,98.04,S0099,100,false,"`tn1`, 12 runs, 100 ep | Full available curve retained; registered_horizon and in_registered_plateau5_window identify the primary endpoint. Epoch observations are not independent seeds.",accuracy percent; epoch is the raw zero-based epoch index
tn1,c10lay,c10lay,0,tn1-c10lay-s0,59,90.36,98.3,S0099,100,false,"`tn1`, 12 runs, 100 ep | Full available curve retained; registered_horizon and in_registered_plateau5_window identify the primary endpoint. Epoch observations are not independent seeds.",accuracy percent; epoch is the raw zero-based epoch index
tn1,c10lay,c10lay,0,tn1-c10lay-s0,60,90.32,98.54,S0099,100,false,"`tn1`, 12 runs, 100 ep | Full available curve retained; registered_horizon and in_registered_plateau5_window identify the primary endpoint. Epoch observations are not independent seeds.",accuracy percent; epoch is the raw zero-based epoch index
tn1,c10lay,c10lay,0,tn1-c10lay-s0,61,90.2,98.43,S0099,100,false,"`tn1`, 12 runs, 100 ep | Full available curve retained; registered_horizon and in_registered_plateau5_window identify the primary endpoint. Epoch observations are not independent seeds.",accuracy percent; epoch is the raw zero-based epoch index
tn1,c10lay,c10lay,0,tn1-c10lay-s0,62,90.27,98.56,S0099,100,false,"`tn1`, 12 runs, 100 ep | Full available curve retained; registered_horizon and in_registered_plateau5_window identify the primary endpoint. Epoch observations are not independent seeds.",accuracy percent; epoch is the raw zero-based epoch index
tn1,c10lay,c10lay,0,tn1-c10lay-s0,63,90.42,98.7,S0099,100,false,"`tn1`, 12 runs, 100 ep | Full available curve retained; registered_horizon and in_registered_plateau5_window identify the primary endpoint. Epoch observations are not independent seeds.",accuracy percent; epoch is the raw zero-based epoch index
tn1,c10lay,c10lay,0,tn1-c10lay-s0,64,90.08,98.76,S0099,100,false,"`tn1`, 12 runs, 100 ep | Full available curve retained; registered_horizon and in_registered_plateau5_window identify the primary endpoint. Epoch observations are not independent seeds.",accuracy percent; epoch is the raw zero-based epoch index
tn1,c10lay,c10lay,0,tn1-c10lay-s0,65,90.42,98.72,S0099,100,false,"`tn1`, 12 runs, 100 ep | Full available curve retained; registered_horizon and in_registered_plateau5_window identify the primary endpoint. Epoch observations are not independent seeds.",accuracy percent; epoch is the raw zero-based epoch index
tn1,c10lay,c10lay,0,tn1-c10lay-s0,66,90.14,98.7,S0099,100,false,"`tn1`, 12 runs, 100 ep | Full available curve retained; registered_horizon and in_registered_plateau5_window identify the primary endpoint. Epoch observations are not independent seeds.",accuracy percent; epoch is the raw zero-based epoch index
tn1,c10lay,c10lay,0,tn1-c10lay-s0,67,90.91,98.82,S0099,100,false,"`tn1`, 12 runs, 100 ep | Full available curve retained; registered_horizon and in_registered_plateau5_window identify the primary endpoint. Epoch observations are not independent seeds.",accuracy percent; epoch is the raw zero-based epoch index
tn1,c10lay,c10lay,0,tn1-c10lay-s0,68,90.28,98.9,S0099,100,false,"`tn1`, 12 runs, 100 ep | Full available curve retained; registered_horizon and in_registered_plateau5_window identify the primary endpoint. Epoch observations are not independent seeds.",accuracy percent; epoch is the raw zero-based epoch index
tn1,c10lay,c10lay,0,tn1-c10lay-s0,69,89.86,98.86,S0099,100,false,"`tn1`, 12 runs, 100 ep | Full available curve retained; registered_horizon and in_registered_plateau5_window identify the primary endpoint. Epoch observations are not independent seeds.",accuracy percent; epoch is the raw zero-based epoch index
tn1,c10lay,c10lay,0,tn1-c10lay-s0,70,91.05,98.94,S0099,100,false,"`tn1`, 12 runs, 100 ep | Full available curve retained; registered_horizon and in_registered_plateau5_window identify the primary endpoint. Epoch observations are not independent seeds.",accuracy percent; epoch is the raw zero-based epoch index
tn1,c10lay,c10lay,0,tn1-c10lay-s0,71,90.46,99.24,S0099,100,false,"`tn1`, 12 runs, 100 ep | Full available curve retained; registered_horizon and in_registered_plateau5_window identify the primary endpoint. Epoch observations are not independent seeds.",accuracy percent; epoch is the raw zero-based epoch index
tn1,c10lay,c10lay,0,tn1-c10lay-s0,72,90.58,99.17,S0099,100,false,"`tn1`, 12 runs, 100 ep | Full available curve retained; registered_horizon and in_registered_plateau5_window identify the primary endpoint. Epoch observations are not independent seeds.",accuracy percent; epoch is the raw zero-based epoch index
tn1,c10lay,c10lay,0,tn1-c10lay-s0,73,89.84,99.11,S0099,100,false,"`tn1`, 12 runs, 100 ep | Full available curve retained; registered_horizon and in_registered_plateau5_window identify the primary endpoint. Epoch observations are not independent seeds.",accuracy percent; epoch is the raw zero-based epoch index
tn1,c10lay,c10lay,0,tn1-c10lay-s0,74,90.4,99.11,S0099,100,false,"`tn1`, 12 runs, 100 ep | Full available curve retained; registered_horizon and in_registered_plateau5_window identify the primary endpoint. Epoch observations are not independent seeds.",accuracy percent; epoch is the raw zero-based epoch index
tn1,c10lay,c10lay,0,tn1-c10lay-s0,75,90.19,99.19,S0099,100,false,"`tn1`, 12 runs, 100 ep | Full available curve retained; registered_horizon and in_registered_plateau5_window identify the primary endpoint. Epoch observations are not independent seeds.",accuracy percent; epoch is the raw zero-based epoch index
tn1,c10lay,c10lay,0,tn1-c10lay-s0,76,90.24,99.17,S0099,100,false,"`tn1`, 12 runs, 100 ep | Full available curve retained; registered_horizon and in_registered_plateau5_window identify the primary endpoint. Epoch observations are not independent seeds.",accuracy percent; epoch is the raw zero-based epoch index
tn1,c10lay,c10lay,0,tn1-c10lay-s0,77,90.66,99.29,S0099,100,false,"`tn1`, 12 runs, 100 ep | Full available curve retained; registered_horizon and in_registered_plateau5_window identify the primary endpoint. Epoch observations are not independent seeds.",accuracy percent; epoch is the raw zero-based epoch index
tn1,c10lay,c10lay,0,tn1-c10lay-s0,78,90.84,99.35,S0099,100,false,"`tn1`, 12 runs, 100 ep | Full available curve retained; registered_horizon and in_registered_plateau5_window identify the primary endpoint. Epoch observations are not independent seeds.",accuracy percent; epoch is the raw zero-based epoch index
tn1,c10lay,c10lay,0,tn1-c10lay-s0,79,90.62,99.39,S0099,100,false,"`tn1`, 12 runs, 100 ep | Full available curve retained; registered_horizon and in_registered_plateau5_window identify the primary endpoint. Epoch observations are not independent seeds.",accuracy percent; epoch is the raw zero-based epoch index
tn1,c10lay,c10lay,0,tn1-c10lay-s0,80,90.71,99.3,S0099,100,false,"`tn1`, 12 runs, 100 ep | Full available curve retained; registered_horizon and in_registered_plateau5_window identify the primary endpoint. Epoch observations are not independent seeds.",accuracy percent; epoch is the raw zero-based epoch index
tn1,c10lay,c10lay,0,tn1-c10lay-s0,81,90.55,99.29,S0099,100,false,"`tn1`, 12 runs, 100 ep | Full available curve retained; registered_horizon and in_registered_plateau5_window identify the primary endpoint. Epoch observations are not independent seeds.",accuracy percent; epoch is the raw zero-based epoch index
tn1,c10lay,c10lay,0,tn1-c10lay-s0,82,90.98,99.37,S0099,100,false,"`tn1`, 12 runs, 100 ep | Full available curve retained; registered_horizon and in_registered_plateau5_window identify the primary endpoint. Epoch observations are not independent seeds.",accuracy percent; epoch is the raw zero-based epoch index
tn1,c10lay,c10lay,0,tn1-c10lay-s0,83,90.86,99.48,S0099,100,false,"`tn1`, 12 runs, 100 ep | Full available curve retained; registered_horizon and in_registered_plateau5_window identify the primary endpoint. Epoch observations are not independent seeds.",accuracy percent; epoch is the raw zero-based epoch index
tn1,c10lay,c10lay,0,tn1-c10lay-s0,84,90.76,99.46,S0099,100,false,"`tn1`, 12 runs, 100 ep | Full available curve retained; registered_horizon and in_registered_plateau5_window identify the primary endpoint. Epoch observations are not independent seeds.",accuracy percent; epoch is the raw zero-based epoch index
tn1,c10lay,c10lay,0,tn1-c10lay-s0,85,90.82,99.51,S0099,100,false,"`tn1`, 12 runs, 100 ep | Full available curve retained; registered_horizon and in_registered_plateau5_window identify the primary endpoint. Epoch observations are not independent seeds.",accuracy percent; epoch is the raw zero-based epoch index
tn1,c10lay,c10lay,0,tn1-c10lay-s0,86,90.6,99.48,S0099,100,false,"`tn1`, 12 runs, 100 ep | Full available curve retained; registered_horizon and in_registered_plateau5_window identify the primary endpoint. Epoch observations are not independent seeds.",accuracy percent; epoch is the raw zero-based epoch index
tn1,c10lay,c10lay,0,tn1-c10lay-s0,87,91.13,99.55,S0099,100,false,"`tn1`, 12 runs, 100 ep | Full available curve retained; registered_horizon and in_registered_plateau5_window identify the primary endpoint. Epoch observations are not independent seeds.",accuracy percent; epoch is the raw zero-based epoch index
tn1,c10lay,c10lay,0,tn1-c10lay-s0,88,90.45,99.52,S0099,100,false,"`tn1`, 12 runs, 100 ep | Full available curve retained; registered_horizon and in_registered_plateau5_window identify the primary endpoint. Epoch observations are not independent seeds.",accuracy percent; epoch is the raw zero-based epoch index
tn1,c10lay,c10lay,0,tn1-c10lay-s0,89,90.75,99.56,S0099,100,false,"`tn1`, 12 runs, 100 ep | Full available curve retained; registered_horizon and in_registered_plateau5_window identify the primary endpoint. Epoch observations are not independent seeds.",accuracy percent; epoch is the raw zero-based epoch index
tn1,c10lay,c10lay,0,tn1-c10lay-s0,90,90.74,99.46,S0099,100,false,"`tn1`, 12 runs, 100 ep | Full available curve retained; registered_horizon and in_registered_plateau5_window identify the primary endpoint. Epoch observations are not independent seeds.",accuracy percent; epoch is the raw zero-based epoch index
tn1,c10lay,c10lay,0,tn1-c10lay-s0,91,90.98,99.52,S0099,100,false,"`tn1`, 12 runs, 100 ep | Full available curve retained; registered_horizon and in_registered_plateau5_window identify the primary endpoint. Epoch observations are not independent seeds.",accuracy percent; epoch is the raw zero-based epoch index
tn1,c10lay,c10lay,0,tn1-c10lay-s0,92,91.4,99.55,S0099,100,false,"`tn1`, 12 runs, 100 ep | Full available curve retained; registered_horizon and in_registered_plateau5_window identify the primary endpoint. Epoch observations are not independent seeds.",accuracy percent; epoch is the raw zero-based epoch index
tn1,c10lay,c10lay,0,tn1-c10lay-s0,93,91.07,99.69,S0099,100,false,"`tn1`, 12 runs, 100 ep | Full available curve retained; registered_horizon and in_registered_plateau5_window identify the primary endpoint. Epoch observations are not independent seeds.",accuracy percent; epoch is the raw zero-based epoch index
tn1,c10lay,c10lay,0,tn1-c10lay-s0,94,90.84,99.69,S0099,100,false,"`tn1`, 12 runs, 100 ep | Full available curve retained; registered_horizon and in_registered_plateau5_window identify the primary endpoint. Epoch observations are not independent seeds.",accuracy percent; epoch is the raw zero-based epoch index
tn1,c10lay,c10lay,0,tn1-c10lay-s0,95,91.01,99.63,S0099,100,true,"`tn1`, 12 runs, 100 ep | Full available curve retained; registered_horizon and in_registered_plateau5_window identify the primary endpoint. Epoch observations are not independent seeds.",accuracy percent; epoch is the raw zero-based epoch index
tn1,c10lay,c10lay,0,tn1-c10lay-s0,96,91.25,99.57,S0099,100,true,"`tn1`, 12 runs, 100 ep | Full available curve retained; registered_horizon and in_registered_plateau5_window identify the primary endpoint. Epoch observations are not independent seeds.",accuracy percent; epoch is the raw zero-based epoch index
tn1,c10lay,c10lay,0,tn1-c10lay-s0,97,91.24,99.64,S0099,100,true,"`tn1`, 12 runs, 100 ep | Full available curve retained; registered_horizon and in_registered_plateau5_window identify the primary endpoint. Epoch observations are not independent seeds.",accuracy percent; epoch is the raw zero-based epoch index
tn1,c10lay,c10lay,0,tn1-c10lay-s0,98,90.99,99.75,S0099,100,true,"`tn1`, 12 runs, 100 ep | Full available curve retained; registered_horizon and in_registered_plateau5_window identify the primary endpoint. Epoch observations are not independent seeds.",accuracy percent; epoch is the raw zero-based epoch index
tn1,c10lay,c10lay,0,tn1-c10lay-s0,99,91,99.65,S0099,100,true,"`tn1`, 12 runs, 100 ep | Full available curve retained; registered_horizon and in_registered_plateau5_window identify the primary endpoint. Epoch observations are not independent seeds.",accuracy percent; epoch is the raw zero-based epoch index
tn1,c10lay,c10lay,1,tn1-c10lay-s1,0,9.82,9.65,S0100,100,false,"`tn1`, 12 runs, 100 ep | Full available curve retained; registered_horizon and in_registered_plateau5_window identify the primary endpoint. Epoch observations are not independent seeds.",accuracy percent; epoch is the raw zero-based epoch index
tn1,c10lay,c10lay,1,tn1-c10lay-s1,1,9.86,9.51,S0100,100,false,"`tn1`, 12 runs, 100 ep | Full available curve retained; registered_horizon and in_registered_plateau5_window identify the primary endpoint. Epoch observations are not independent seeds.",accuracy percent; epoch is the raw zero-based epoch index
tn1,c10lay,c10lay,1,tn1-c10lay-s1,2,9.82,9.52,S0100,100,false,"`tn1`, 12 runs, 100 ep | Full available curve retained; registered_horizon and in_registered_plateau5_window identify the primary endpoint. Epoch observations are not independent seeds.",accuracy percent; epoch is the raw zero-based epoch index
tn1,c10lay,c10lay,1,tn1-c10lay-s1,3,9.87,9.69,S0100,100,false,"`tn1`, 12 runs, 100 ep | Full available curve retained; registered_horizon and in_registered_plateau5_window identify the primary endpoint. Epoch observations are not independent seeds.",accuracy percent; epoch is the raw zero-based epoch index
tn1,c10lay,c10lay,1,tn1-c10lay-s1,4,10.4,10.09,S0100,100,false,"`tn1`, 12 runs, 100 ep | Full available curve retained; registered_horizon and in_registered_plateau5_window identify the primary endpoint. Epoch observations are not independent seeds.",accuracy percent; epoch is the raw zero-based epoch index
tn1,c10lay,c10lay,1,tn1-c10lay-s1,5,12.22,11.21,S0100,100,false,"`tn1`, 12 runs, 100 ep | Full available curve retained; registered_horizon and in_registered_plateau5_window identify the primary endpoint. Epoch observations are not independent seeds.",accuracy percent; epoch is the raw zero-based epoch index
tn1,c10lay,c10lay,1,tn1-c10lay-s1,6,15.63,14.01,S0100,100,false,"`tn1`, 12 runs, 100 ep | Full available curve retained; registered_horizon and in_registered_plateau5_window identify the primary endpoint. Epoch observations are not independent seeds.",accuracy percent; epoch is the raw zero-based epoch index
tn1,c10lay,c10lay,1,tn1-c10lay-s1,7,20.56,17.22,S0100,100,false,"`tn1`, 12 runs, 100 ep | Full available curve retained; registered_horizon and in_registered_plateau5_window identify the primary endpoint. Epoch observations are not independent seeds.",accuracy percent; epoch is the raw zero-based epoch index
tn1,c10lay,c10lay,1,tn1-c10lay-s1,8,22.03,20.32,S0100,100,false,"`tn1`, 12 runs, 100 ep | Full available curve retained; registered_horizon and in_registered_plateau5_window identify the primary endpoint. Epoch observations are not independent seeds.",accuracy percent; epoch is the raw zero-based epoch index
tn1,c10lay,c10lay,1,tn1-c10lay-s1,9,24.36,22.8,S0100,100,false,"`tn1`, 12 runs, 100 ep | Full available curve retained; registered_horizon and in_registered_plateau5_window identify the primary endpoint. Epoch observations are not independent seeds.",accuracy percent; epoch is the raw zero-based epoch index
tn1,c10lay,c10lay,1,tn1-c10lay-s1,10,26.74,25.78,S0100,100,false,"`tn1`, 12 runs, 100 ep | Full available curve retained; registered_horizon and in_registered_plateau5_window identify the primary endpoint. Epoch observations are not independent seeds.",accuracy percent; epoch is the raw zero-based epoch index
tn1,c10lay,c10lay,1,tn1-c10lay-s1,11,32.59,29.51,S0100,100,false,"`tn1`, 12 runs, 100 ep | Full available curve retained; registered_horizon and in_registered_plateau5_window identify the primary endpoint. Epoch observations are not independent seeds.",accuracy percent; epoch is the raw zero-based epoch index
tn1,c10lay,c10lay,1,tn1-c10lay-s1,12,37.33,34.09,S0100,100,false,"`tn1`, 12 runs, 100 ep | Full available curve retained; registered_horizon and in_registered_plateau5_window identify the primary endpoint. Epoch observations are not independent seeds.",accuracy percent; epoch is the raw zero-based epoch index
tn1,c10lay,c10lay,1,tn1-c10lay-s1,13,43.38,39.48,S0100,100,false,"`tn1`, 12 runs, 100 ep | Full available curve retained; registered_horizon and in_registered_plateau5_window identify the primary endpoint. Epoch observations are not independent seeds.",accuracy percent; epoch is the raw zero-based epoch index
tn1,c10lay,c10lay,1,tn1-c10lay-s1,14,48.51,44.51,S0100,100,false,"`tn1`, 12 runs, 100 ep | Full available curve retained; registered_horizon and in_registered_plateau5_window identify the primary endpoint. Epoch observations are not independent seeds.",accuracy percent; epoch is the raw zero-based epoch index
tn1,c10lay,c10lay,1,tn1-c10lay-s1,15,52.63,49.84,S0100,100,false,"`tn1`, 12 runs, 100 ep | Full available curve retained; registered_horizon and in_registered_plateau5_window identify the primary endpoint. Epoch observations are not independent seeds.",accuracy percent; epoch is the raw zero-based epoch index
tn1,c10lay,c10lay,1,tn1-c10lay-s1,16,58.79,55.72,S0100,100,false,"`tn1`, 12 runs, 100 ep | Full available curve retained; registered_horizon and in_registered_plateau5_window identify the primary endpoint. Epoch observations are not independent seeds.",accuracy percent; epoch is the raw zero-based epoch index
tn1,c10lay,c10lay,1,tn1-c10lay-s1,17,62.86,61.57,S0100,100,false,"`tn1`, 12 runs, 100 ep | Full available curve retained; registered_horizon and in_registered_plateau5_window identify the primary endpoint. Epoch observations are not independent seeds.",accuracy percent; epoch is the raw zero-based epoch index
tn1,c10lay,c10lay,1,tn1-c10lay-s1,18,70.14,68.13,S0100,100,false,"`tn1`, 12 runs, 100 ep | Full available curve retained; registered_horizon and in_registered_plateau5_window identify the primary endpoint. Epoch observations are not independent seeds.",accuracy percent; epoch is the raw zero-based epoch index
tn1,c10lay,c10lay,1,tn1-c10lay-s1,19,74.91,72.39,S0100,100,false,"`tn1`, 12 runs, 100 ep | Full available curve retained; registered_horizon and in_registered_plateau5_window identify the primary endpoint. Epoch observations are not independent seeds.",accuracy percent; epoch is the raw zero-based epoch index
tn1,c10lay,c10lay,1,tn1-c10lay-s1,20,77,76.2,S0100,100,false,"`tn1`, 12 runs, 100 ep | Full available curve retained; registered_horizon and in_registered_plateau5_window identify the primary endpoint. Epoch observations are not independent seeds.",accuracy percent; epoch is the raw zero-based epoch index
tn1,c10lay,c10lay,1,tn1-c10lay-s1,21,78.97,78.59,S0100,100,false,"`tn1`, 12 runs, 100 ep | Full available curve retained; registered_horizon and in_registered_plateau5_window identify the primary endpoint. Epoch observations are not independent seeds.",accuracy percent; epoch is the raw zero-based epoch index
tn1,c10lay,c10lay,1,tn1-c10lay-s1,22,81.17,81.16,S0100,100,false,"`tn1`, 12 runs, 100 ep | Full available curve retained; registered_horizon and in_registered_plateau5_window identify the primary endpoint. Epoch observations are not independent seeds.",accuracy percent; epoch is the raw zero-based epoch index
tn1,c10lay,c10lay,1,tn1-c10lay-s1,23,81.54,82.4,S0100,100,false,"`tn1`, 12 runs, 100 ep | Full available curve retained; registered_horizon and in_registered_plateau5_window identify the primary endpoint. Epoch observations are not independent seeds.",accuracy percent; epoch is the raw zero-based epoch index
tn1,c10lay,c10lay,1,tn1-c10lay-s1,24,82.89,83.88,S0100,100,false,"`tn1`, 12 runs, 100 ep | Full available curve retained; registered_horizon and in_registered_plateau5_window identify the primary endpoint. Epoch observations are not independent seeds.",accuracy percent; epoch is the raw zero-based epoch index
tn1,c10lay,c10lay,1,tn1-c10lay-s1,25,83.09,85.16,S0100,100,false,"`tn1`, 12 runs, 100 ep | Full available curve retained; registered_horizon and in_registered_plateau5_window identify the primary endpoint. Epoch observations are not independent seeds.",accuracy percent; epoch is the raw zero-based epoch index
tn1,c10lay,c10lay,1,tn1-c10lay-s1,26,83.64,86.43,S0100,100,false,"`tn1`, 12 runs, 100 ep | Full available curve retained; registered_horizon and in_registered_plateau5_window identify the primary endpoint. Epoch observations are not independent seeds.",accuracy percent; epoch is the raw zero-based epoch index
tn1,c10lay,c10lay,1,tn1-c10lay-s1,27,84.16,86.95,S0100,100,false,"`tn1`, 12 runs, 100 ep | Full available curve retained; registered_horizon and in_registered_plateau5_window identify the primary endpoint. Epoch observations are not independent seeds.",accuracy percent; epoch is the raw zero-based epoch index
tn1,c10lay,c10lay,1,tn1-c10lay-s1,28,85.55,88.05,S0100,100,false,"`tn1`, 12 runs, 100 ep | Full available curve retained; registered_horizon and in_registered_plateau5_window identify the primary endpoint. Epoch observations are not independent seeds.",accuracy percent; epoch is the raw zero-based epoch index
tn1,c10lay,c10lay,1,tn1-c10lay-s1,29,85.71,88.59,S0100,100,false,"`tn1`, 12 runs, 100 ep | Full available curve retained; registered_horizon and in_registered_plateau5_window identify the primary endpoint. Epoch observations are not independent seeds.",accuracy percent; epoch is the raw zero-based epoch index
tn1,c10lay,c10lay,1,tn1-c10lay-s1,30,86.06,89.72,S0100,100,false,"`tn1`, 12 runs, 100 ep | Full available curve retained; registered_horizon and in_registered_plateau5_window identify the primary endpoint. Epoch observations are not independent seeds.",accuracy percent; epoch is the raw zero-based epoch index
tn1,c10lay,c10lay,1,tn1-c10lay-s1,31,86.14,90.31,S0100,100,false,"`tn1`, 12 runs, 100 ep | Full available curve retained; registered_horizon and in_registered_plateau5_window identify the primary endpoint. Epoch observations are not independent seeds.",accuracy percent; epoch is the raw zero-based epoch index
tn1,c10lay,c10lay,1,tn1-c10lay-s1,32,87.74,90.97,S0100,100,false,"`tn1`, 12 runs, 100 ep | Full available curve retained; registered_horizon and in_registered_plateau5_window identify the primary endpoint. Epoch observations are not independent seeds.",accuracy percent; epoch is the raw zero-based epoch index
tn1,c10lay,c10lay,1,tn1-c10lay-s1,33,87.18,91.38,S0100,100,false,"`tn1`, 12 runs, 100 ep | Full available curve retained; registered_horizon and in_registered_plateau5_window identify the primary endpoint. Epoch observations are not independent seeds.",accuracy percent; epoch is the raw zero-based epoch index
tn1,c10lay,c10lay,1,tn1-c10lay-s1,34,87.52,92.06,S0100,100,false,"`tn1`, 12 runs, 100 ep | Full available curve retained; registered_horizon and in_registered_plateau5_window identify the primary endpoint. Epoch observations are not independent seeds.",accuracy percent; epoch is the raw zero-based epoch index
tn1,c10lay,c10lay,1,tn1-c10lay-s1,35,88.21,92.39,S0100,100,false,"`tn1`, 12 runs, 100 ep | Full available curve retained; registered_horizon and in_registered_plateau5_window identify the primary endpoint. Epoch observations are not independent seeds.",accuracy percent; epoch is the raw zero-based epoch index
tn1,c10lay,c10lay,1,tn1-c10lay-s1,36,87.43,92.98,S0100,100,false,"`tn1`, 12 runs, 100 ep | Full available curve retained; registered_horizon and in_registered_plateau5_window identify the primary endpoint. Epoch observations are not independent seeds.",accuracy percent; epoch is the raw zero-based epoch index
tn1,c10lay,c10lay,1,tn1-c10lay-s1,37,86.31,93.39,S0100,100,false,"`tn1`, 12 runs, 100 ep | Full available curve retained; registered_horizon and in_registered_plateau5_window identify the primary endpoint. Epoch observations are not independent seeds.",accuracy percent; epoch is the raw zero-based epoch index
tn1,c10lay,c10lay,1,tn1-c10lay-s1,38,88.49,93.8,S0100,100,false,"`tn1`, 12 runs, 100 ep | Full available curve retained; registered_horizon and in_registered_plateau5_window identify the primary endpoint. Epoch observations are not independent seeds.",accuracy percent; epoch is the raw zero-based epoch index
tn1,c10lay,c10lay,1,tn1-c10lay-s1,39,88.05,94.17,S0100,100,false,"`tn1`, 12 runs, 100 ep | Full available curve retained; registered_horizon and in_registered_plateau5_window identify the primary endpoint. Epoch observations are not independent seeds.",accuracy percent; epoch is the raw zero-based epoch index
tn1,c10lay,c10lay,1,tn1-c10lay-s1,40,89.32,94.29,S0100,100,false,"`tn1`, 12 runs, 100 ep | Full available curve retained; registered_horizon and in_registered_plateau5_window identify the primary endpoint. Epoch observations are not independent seeds.",accuracy percent; epoch is the raw zero-based epoch index
tn1,c10lay,c10lay,1,tn1-c10lay-s1,41,88.31,94.99,S0100,100,false,"`tn1`, 12 runs, 100 ep | Full available curve retained; registered_horizon and in_registered_plateau5_window identify the primary endpoint. Epoch observations are not independent seeds.",accuracy percent; epoch is the raw zero-based epoch index
tn1,c10lay,c10lay,1,tn1-c10lay-s1,42,89.1,94.94,S0100,100,false,"`tn1`, 12 runs, 100 ep | Full available curve retained; registered_horizon and in_registered_plateau5_window identify the primary endpoint. Epoch observations are not independent seeds.",accuracy percent; epoch is the raw zero-based epoch index
tn1,c10lay,c10lay,1,tn1-c10lay-s1,43,89.22,95.45,S0100,100,false,"`tn1`, 12 runs, 100 ep | Full available curve retained; registered_horizon and in_registered_plateau5_window identify the primary endpoint. Epoch observations are not independent seeds.",accuracy percent; epoch is the raw zero-based epoch index
tn1,c10lay,c10lay,1,tn1-c10lay-s1,44,89.23,95.75,S0100,100,false,"`tn1`, 12 runs, 100 ep | Full available curve retained; registered_horizon and in_registered_plateau5_window identify the primary endpoint. Epoch observations are not independent seeds.",accuracy percent; epoch is the raw zero-based epoch index
tn1,c10lay,c10lay,1,tn1-c10lay-s1,45,88.78,96.29,S0100,100,false,"`tn1`, 12 runs, 100 ep | Full available curve retained; registered_horizon and in_registered_plateau5_window identify the primary endpoint. Epoch observations are not independent seeds.",accuracy percent; epoch is the raw zero-based epoch index
tn1,c10lay,c10lay,1,tn1-c10lay-s1,46,89.06,96.19,S0100,100,false,"`tn1`, 12 runs, 100 ep | Full available curve retained; registered_horizon and in_registered_plateau5_window identify the primary endpoint. Epoch observations are not independent seeds.",accuracy percent; epoch is the raw zero-based epoch index
tn1,c10lay,c10lay,1,tn1-c10lay-s1,47,89.04,96.44,S0100,100,false,"`tn1`, 12 runs, 100 ep | Full available curve retained; registered_horizon and in_registered_plateau5_window identify the primary endpoint. Epoch observations are not independent seeds.",accuracy percent; epoch is the raw zero-based epoch index
tn1,c10lay,c10lay,1,tn1-c10lay-s1,48,87.9,96.87,S0100,100,false,"`tn1`, 12 runs, 100 ep | Full available curve retained; registered_horizon and in_registered_plateau5_window identify the primary endpoint. Epoch observations are not independent seeds.",accuracy percent; epoch is the raw zero-based epoch index
tn1,c10lay,c10lay,1,tn1-c10lay-s1,49,89.2,96.93,S0100,100,false,"`tn1`, 12 runs, 100 ep | Full available curve retained; registered_horizon and in_registered_plateau5_window identify the primary endpoint. Epoch observations are not independent seeds.",accuracy percent; epoch is the raw zero-based epoch index
tn1,c10lay,c10lay,1,tn1-c10lay-s1,50,89.38,97.11,S0100,100,false,"`tn1`, 12 runs, 100 ep | Full available curve retained; registered_horizon and in_registered_plateau5_window identify the primary endpoint. Epoch observations are not independent seeds.",accuracy percent; epoch is the raw zero-based epoch index
tn1,c10lay,c10lay,1,tn1-c10lay-s1,51,88.89,97.24,S0100,100,false,"`tn1`, 12 runs, 100 ep | Full available curve retained; registered_horizon and in_registered_plateau5_window identify the primary endpoint. Epoch observations are not independent seeds.",accuracy percent; epoch is the raw zero-based epoch index
tn1,c10lay,c10lay,1,tn1-c10lay-s1,52,89.85,97.42,S0100,100,false,"`tn1`, 12 runs, 100 ep | Full available curve retained; registered_horizon and in_registered_plateau5_window identify the primary endpoint. Epoch observations are not independent seeds.",accuracy percent; epoch is the raw zero-based epoch index
tn1,c10lay,c10lay,1,tn1-c10lay-s1,53,89.76,97.66,S0100,100,false,"`tn1`, 12 runs, 100 ep | Full available curve retained; registered_horizon and in_registered_plateau5_window identify the primary endpoint. Epoch observations are not independent seeds.",accuracy percent; epoch is the raw zero-based epoch index
tn1,c10lay,c10lay,1,tn1-c10lay-s1,54,89.08,97.53,S0100,100,false,"`tn1`, 12 runs, 100 ep | Full available curve retained; registered_horizon and in_registered_plateau5_window identify the primary endpoint. Epoch observations are not independent seeds.",accuracy percent; epoch is the raw zero-based epoch index
tn1,c10lay,c10lay,1,tn1-c10lay-s1,55,89.54,97.96,S0100,100,false,"`tn1`, 12 runs, 100 ep | Full available curve retained; registered_horizon and in_registered_plateau5_window identify the primary endpoint. Epoch observations are not independent seeds.",accuracy percent; epoch is the raw zero-based epoch index
tn1,c10lay,c10lay,1,tn1-c10lay-s1,56,89.56,97.81,S0100,100,false,"`tn1`, 12 runs, 100 ep | Full available curve retained; registered_horizon and in_registered_plateau5_window identify the primary endpoint. Epoch observations are not independent seeds.",accuracy percent; epoch is the raw zero-based epoch index
tn1,c10lay,c10lay,1,tn1-c10lay-s1,57,89.43,98.03,S0100,100,false,"`tn1`, 12 runs, 100 ep | Full available curve retained; registered_horizon and in_registered_plateau5_window identify the primary endpoint. Epoch observations are not independent seeds.",accuracy percent; epoch is the raw zero-based epoch index
tn1,c10lay,c10lay,1,tn1-c10lay-s1,58,90.22,98.11,S0100,100,false,"`tn1`, 12 runs, 100 ep | Full available curve retained; registered_horizon and in_registered_plateau5_window identify the primary endpoint. Epoch observations are not independent seeds.",accuracy percent; epoch is the raw zero-based epoch index
tn1,c10lay,c10lay,1,tn1-c10lay-s1,59,89.72,98.54,S0100,100,false,"`tn1`, 12 runs, 100 ep | Full available curve retained; registered_horizon and in_registered_plateau5_window identify the primary endpoint. Epoch observations are not independent seeds.",accuracy percent; epoch is the raw zero-based epoch index
tn1,c10lay,c10lay,1,tn1-c10lay-s1,60,90.47,98.43,S0100,100,false,"`tn1`, 12 runs, 100 ep | Full available curve retained; registered_horizon and in_registered_plateau5_window identify the primary endpoint. Epoch observations are not independent seeds.",accuracy percent; epoch is the raw zero-based epoch index
tn1,c10lay,c10lay,1,tn1-c10lay-s1,61,89.84,98.53,S0100,100,false,"`tn1`, 12 runs, 100 ep | Full available curve retained; registered_horizon and in_registered_plateau5_window identify the primary endpoint. Epoch observations are not independent seeds.",accuracy percent; epoch is the raw zero-based epoch index
tn1,c10lay,c10lay,1,tn1-c10lay-s1,62,90.09,98.57,S0100,100,false,"`tn1`, 12 runs, 100 ep | Full available curve retained; registered_horizon and in_registered_plateau5_window identify the primary endpoint. Epoch observations are not independent seeds.",accuracy percent; epoch is the raw zero-based epoch index
tn1,c10lay,c10lay,1,tn1-c10lay-s1,63,89.91,98.48,S0100,100,false,"`tn1`, 12 runs, 100 ep | Full available curve retained; registered_horizon and in_registered_plateau5_window identify the primary endpoint. Epoch observations are not independent seeds.",accuracy percent; epoch is the raw zero-based epoch index
tn1,c10lay,c10lay,1,tn1-c10lay-s1,64,89.75,98.59,S0100,100,false,"`tn1`, 12 runs, 100 ep | Full available curve retained; registered_horizon and in_registered_plateau5_window identify the primary endpoint. Epoch observations are not independent seeds.",accuracy percent; epoch is the raw zero-based epoch index
tn1,c10lay,c10lay,1,tn1-c10lay-s1,65,90.1,98.86,S0100,100,false,"`tn1`, 12 runs, 100 ep | Full available curve retained; registered_horizon and in_registered_plateau5_window identify the primary endpoint. Epoch observations are not independent seeds.",accuracy percent; epoch is the raw zero-based epoch index
tn1,c10lay,c10lay,1,tn1-c10lay-s1,66,90.18,98.84,S0100,100,false,"`tn1`, 12 runs, 100 ep | Full available curve retained; registered_horizon and in_registered_plateau5_window identify the primary endpoint. Epoch observations are not independent seeds.",accuracy percent; epoch is the raw zero-based epoch index
tn1,c10lay,c10lay,1,tn1-c10lay-s1,67,90.46,99.09,S0100,100,false,"`tn1`, 12 runs, 100 ep | Full available curve retained; registered_horizon and in_registered_plateau5_window identify the primary endpoint. Epoch observations are not independent seeds.",accuracy percent; epoch is the raw zero-based epoch index
tn1,c10lay,c10lay,1,tn1-c10lay-s1,68,90.38,98.79,S0100,100,false,"`tn1`, 12 runs, 100 ep | Full available curve retained; registered_horizon and in_registered_plateau5_window identify the primary endpoint. Epoch observations are not independent seeds.",accuracy percent; epoch is the raw zero-based epoch index
tn1,c10lay,c10lay,1,tn1-c10lay-s1,69,90.32,98.65,S0100,100,false,"`tn1`, 12 runs, 100 ep | Full available curve retained; registered_horizon and in_registered_plateau5_window identify the primary endpoint. Epoch observations are not independent seeds.",accuracy percent; epoch is the raw zero-based epoch index
tn1,c10lay,c10lay,1,tn1-c10lay-s1,70,90.71,99.15,S0100,100,false,"`tn1`, 12 runs, 100 ep | Full available curve retained; registered_horizon and in_registered_plateau5_window identify the primary endpoint. Epoch observations are not independent seeds.",accuracy percent; epoch is the raw zero-based epoch index
tn1,c10lay,c10lay,1,tn1-c10lay-s1,71,90.57,99.22,S0100,100,false,"`tn1`, 12 runs, 100 ep | Full available curve retained; registered_horizon and in_registered_plateau5_window identify the primary endpoint. Epoch observations are not independent seeds.",accuracy percent; epoch is the raw zero-based epoch index
tn1,c10lay,c10lay,1,tn1-c10lay-s1,72,90.18,99.19,S0100,100,false,"`tn1`, 12 runs, 100 ep | Full available curve retained; registered_horizon and in_registered_plateau5_window identify the primary endpoint. Epoch observations are not independent seeds.",accuracy percent; epoch is the raw zero-based epoch index
tn1,c10lay,c10lay,1,tn1-c10lay-s1,73,90.67,99.25,S0100,100,false,"`tn1`, 12 runs, 100 ep | Full available curve retained; registered_horizon and in_registered_plateau5_window identify the primary endpoint. Epoch observations are not independent seeds.",accuracy percent; epoch is the raw zero-based epoch index
tn1,c10lay,c10lay,1,tn1-c10lay-s1,74,90.3,99.15,S0100,100,false,"`tn1`, 12 runs, 100 ep | Full available curve retained; registered_horizon and in_registered_plateau5_window identify the primary endpoint. Epoch observations are not independent seeds.",accuracy percent; epoch is the raw zero-based epoch index
tn1,c10lay,c10lay,1,tn1-c10lay-s1,75,90.38,99.18,S0100,100,false,"`tn1`, 12 runs, 100 ep | Full available curve retained; registered_horizon and in_registered_plateau5_window identify the primary endpoint. Epoch observations are not independent seeds.",accuracy percent; epoch is the raw zero-based epoch index
tn1,c10lay,c10lay,1,tn1-c10lay-s1,76,90.94,99.35,S0100,100,false,"`tn1`, 12 runs, 100 ep | Full available curve retained; registered_horizon and in_registered_plateau5_window identify the primary endpoint. Epoch observations are not independent seeds.",accuracy percent; epoch is the raw zero-based epoch index
tn1,c10lay,c10lay,1,tn1-c10lay-s1,77,91.03,99.2,S0100,100,false,"`tn1`, 12 runs, 100 ep | Full available curve retained; registered_horizon and in_registered_plateau5_window identify the primary endpoint. Epoch observations are not independent seeds.",accuracy percent; epoch is the raw zero-based epoch index
tn1,c10lay,c10lay,1,tn1-c10lay-s1,78,90.8,99.46,S0100,100,false,"`tn1`, 12 runs, 100 ep | Full available curve retained; registered_horizon and in_registered_plateau5_window identify the primary endpoint. Epoch observations are not independent seeds.",accuracy percent; epoch is the raw zero-based epoch index
tn1,c10lay,c10lay,1,tn1-c10lay-s1,79,90.59,99.41,S0100,100,false,"`tn1`, 12 runs, 100 ep | Full available curve retained; registered_horizon and in_registered_plateau5_window identify the primary endpoint. Epoch observations are not independent seeds.",accuracy percent; epoch is the raw zero-based epoch index
tn1,c10lay,c10lay,1,tn1-c10lay-s1,80,90.62,99.36,S0100,100,false,"`tn1`, 12 runs, 100 ep | Full available curve retained; registered_horizon and in_registered_plateau5_window identify the primary endpoint. Epoch observations are not independent seeds.",accuracy percent; epoch is the raw zero-based epoch index
tn1,c10lay,c10lay,1,tn1-c10lay-s1,81,90.35,99.41,S0100,100,false,"`tn1`, 12 runs, 100 ep | Full available curve retained; registered_horizon and in_registered_plateau5_window identify the primary endpoint. Epoch observations are not independent seeds.",accuracy percent; epoch is the raw zero-based epoch index
tn1,c10lay,c10lay,1,tn1-c10lay-s1,82,90.7,99.44,S0100,100,false,"`tn1`, 12 runs, 100 ep | Full available curve retained; registered_horizon and in_registered_plateau5_window identify the primary endpoint. Epoch observations are not independent seeds.",accuracy percent; epoch is the raw zero-based epoch index
tn1,c10lay,c10lay,1,tn1-c10lay-s1,83,90.84,99.46,S0100,100,false,"`tn1`, 12 runs, 100 ep | Full available curve retained; registered_horizon and in_registered_plateau5_window identify the primary endpoint. Epoch observations are not independent seeds.",accuracy percent; epoch is the raw zero-based epoch index
tn1,c10lay,c10lay,1,tn1-c10lay-s1,84,90.91,99.52,S0100,100,false,"`tn1`, 12 runs, 100 ep | Full available curve retained; registered_horizon and in_registered_plateau5_window identify the primary endpoint. Epoch observations are not independent seeds.",accuracy percent; epoch is the raw zero-based epoch index
tn1,c10lay,c10lay,1,tn1-c10lay-s1,85,90.34,99.44,S0100,100,false,"`tn1`, 12 runs, 100 ep | Full available curve retained; registered_horizon and in_registered_plateau5_window identify the primary endpoint. Epoch observations are not independent seeds.",accuracy percent; epoch is the raw zero-based epoch index
tn1,c10lay,c10lay,1,tn1-c10lay-s1,86,90.99,99.39,S0100,100,false,"`tn1`, 12 runs, 100 ep | Full available curve retained; registered_horizon and in_registered_plateau5_window identify the primary endpoint. Epoch observations are not independent seeds.",accuracy percent; epoch is the raw zero-based epoch index
tn1,c10lay,c10lay,1,tn1-c10lay-s1,87,91.11,99.55,S0100,100,false,"`tn1`, 12 runs, 100 ep | Full available curve retained; registered_horizon and in_registered_plateau5_window identify the primary endpoint. Epoch observations are not independent seeds.",accuracy percent; epoch is the raw zero-based epoch index
tn1,c10lay,c10lay,1,tn1-c10lay-s1,88,90.88,99.54,S0100,100,false,"`tn1`, 12 runs, 100 ep | Full available curve retained; registered_horizon and in_registered_plateau5_window identify the primary endpoint. Epoch observations are not independent seeds.",accuracy percent; epoch is the raw zero-based epoch index
tn1,c10lay,c10lay,1,tn1-c10lay-s1,89,90.99,99.65,S0100,100,false,"`tn1`, 12 runs, 100 ep | Full available curve retained; registered_horizon and in_registered_plateau5_window identify the primary endpoint. Epoch observations are not independent seeds.",accuracy percent; epoch is the raw zero-based epoch index
tn1,c10lay,c10lay,1,tn1-c10lay-s1,90,90.9,99.67,S0100,100,false,"`tn1`, 12 runs, 100 ep | Full available curve retained; registered_horizon and in_registered_plateau5_window identify the primary endpoint. Epoch observations are not independent seeds.",accuracy percent; epoch is the raw zero-based epoch index
tn1,c10lay,c10lay,1,tn1-c10lay-s1,91,90.73,99.56,S0100,100,false,"`tn1`, 12 runs, 100 ep | Full available curve retained; registered_horizon and in_registered_plateau5_window identify the primary endpoint. Epoch observations are not independent seeds.",accuracy percent; epoch is the raw zero-based epoch index
tn1,c10lay,c10lay,1,tn1-c10lay-s1,92,89.98,99.54,S0100,100,false,"`tn1`, 12 runs, 100 ep | Full available curve retained; registered_horizon and in_registered_plateau5_window identify the primary endpoint. Epoch observations are not independent seeds.",accuracy percent; epoch is the raw zero-based epoch index
tn1,c10lay,c10lay,1,tn1-c10lay-s1,93,90.66,99.41,S0100,100,false,"`tn1`, 12 runs, 100 ep | Full available curve retained; registered_horizon and in_registered_plateau5_window identify the primary endpoint. Epoch observations are not independent seeds.",accuracy percent; epoch is the raw zero-based epoch index
tn1,c10lay,c10lay,1,tn1-c10lay-s1,94,90.68,99.69,S0100,100,false,"`tn1`, 12 runs, 100 ep | Full available curve retained; registered_horizon and in_registered_plateau5_window identify the primary endpoint. Epoch observations are not independent seeds.",accuracy percent; epoch is the raw zero-based epoch index
tn1,c10lay,c10lay,1,tn1-c10lay-s1,95,91.22,99.72,S0100,100,true,"`tn1`, 12 runs, 100 ep | Full available curve retained; registered_horizon and in_registered_plateau5_window identify the primary endpoint. Epoch observations are not independent seeds.",accuracy percent; epoch is the raw zero-based epoch index
tn1,c10lay,c10lay,1,tn1-c10lay-s1,96,90.93,99.7,S0100,100,true,"`tn1`, 12 runs, 100 ep | Full available curve retained; registered_horizon and in_registered_plateau5_window identify the primary endpoint. Epoch observations are not independent seeds.",accuracy percent; epoch is the raw zero-based epoch index
tn1,c10lay,c10lay,1,tn1-c10lay-s1,97,90.61,99.68,S0100,100,true,"`tn1`, 12 runs, 100 ep | Full available curve retained; registered_horizon and in_registered_plateau5_window identify the primary endpoint. Epoch observations are not independent seeds.",accuracy percent; epoch is the raw zero-based epoch index
tn1,c10lay,c10lay,1,tn1-c10lay-s1,98,90.89,99.6,S0100,100,true,"`tn1`, 12 runs, 100 ep | Full available curve retained; registered_horizon and in_registered_plateau5_window identify the primary endpoint. Epoch observations are not independent seeds.",accuracy percent; epoch is the raw zero-based epoch index
tn1,c10lay,c10lay,1,tn1-c10lay-s1,99,91.07,99.74,S0100,100,true,"`tn1`, 12 runs, 100 ep | Full available curve retained; registered_horizon and in_registered_plateau5_window identify the primary endpoint. Epoch observations are not independent seeds.",accuracy percent; epoch is the raw zero-based epoch index
tn1,c10lay,c10lay,2,tn1-c10lay-s2,0,10.16,10.03,S0101,100,false,"`tn1`, 12 runs, 100 ep | Full available curve retained; registered_horizon and in_registered_plateau5_window identify the primary endpoint. Epoch observations are not independent seeds.",accuracy percent; epoch is the raw zero-based epoch index
tn1,c10lay,c10lay,2,tn1-c10lay-s2,1,10.24,9.98,S0101,100,false,"`tn1`, 12 runs, 100 ep | Full available curve retained; registered_horizon and in_registered_plateau5_window identify the primary endpoint. Epoch observations are not independent seeds.",accuracy percent; epoch is the raw zero-based epoch index
tn1,c10lay,c10lay,2,tn1-c10lay-s2,2,10.33,10.12,S0101,100,false,"`tn1`, 12 runs, 100 ep | Full available curve retained; registered_horizon and in_registered_plateau5_window identify the primary endpoint. Epoch observations are not independent seeds.",accuracy percent; epoch is the raw zero-based epoch index
tn1,c10lay,c10lay,2,tn1-c10lay-s2,3,10.56,10.12,S0101,100,false,"`tn1`, 12 runs, 100 ep | Full available curve retained; registered_horizon and in_registered_plateau5_window identify the primary endpoint. Epoch observations are not independent seeds.",accuracy percent; epoch is the raw zero-based epoch index
tn1,c10lay,c10lay,2,tn1-c10lay-s2,4,10.71,10.79,S0101,100,false,"`tn1`, 12 runs, 100 ep | Full available curve retained; registered_horizon and in_registered_plateau5_window identify the primary endpoint. Epoch observations are not independent seeds.",accuracy percent; epoch is the raw zero-based epoch index
tn1,c10lay,c10lay,2,tn1-c10lay-s2,5,12.01,11.64,S0101,100,false,"`tn1`, 12 runs, 100 ep | Full available curve retained; registered_horizon and in_registered_plateau5_window identify the primary endpoint. Epoch observations are not independent seeds.",accuracy percent; epoch is the raw zero-based epoch index
tn1,c10lay,c10lay,2,tn1-c10lay-s2,6,14.33,13.59,S0101,100,false,"`tn1`, 12 runs, 100 ep | Full available curve retained; registered_horizon and in_registered_plateau5_window identify the primary endpoint. Epoch observations are not independent seeds.",accuracy percent; epoch is the raw zero-based epoch index
tn1,c10lay,c10lay,2,tn1-c10lay-s2,7,17.35,15.8,S0101,100,false,"`tn1`, 12 runs, 100 ep | Full available curve retained; registered_horizon and in_registered_plateau5_window identify the primary endpoint. Epoch observations are not independent seeds.",accuracy percent; epoch is the raw zero-based epoch index
tn1,c10lay,c10lay,2,tn1-c10lay-s2,8,20.71,18.74,S0101,100,false,"`tn1`, 12 runs, 100 ep | Full available curve retained; registered_horizon and in_registered_plateau5_window identify the primary endpoint. Epoch observations are not independent seeds.",accuracy percent; epoch is the raw zero-based epoch index
tn1,c10lay,c10lay,2,tn1-c10lay-s2,9,23.37,22.28,S0101,100,false,"`tn1`, 12 runs, 100 ep | Full available curve retained; registered_horizon and in_registered_plateau5_window identify the primary endpoint. Epoch observations are not independent seeds.",accuracy percent; epoch is the raw zero-based epoch index
tn1,c10lay,c10lay,2,tn1-c10lay-s2,10,26.98,25.47,S0101,100,false,"`tn1`, 12 runs, 100 ep | Full available curve retained; registered_horizon and in_registered_plateau5_window identify the primary endpoint. Epoch observations are not independent seeds.",accuracy percent; epoch is the raw zero-based epoch index
tn1,c10lay,c10lay,2,tn1-c10lay-s2,11,32.43,29.32,S0101,100,false,"`tn1`, 12 runs, 100 ep | Full available curve retained; registered_horizon and in_registered_plateau5_window identify the primary endpoint. Epoch observations are not independent seeds.",accuracy percent; epoch is the raw zero-based epoch index
tn1,c10lay,c10lay,2,tn1-c10lay-s2,12,37.62,34.33,S0101,100,false,"`tn1`, 12 runs, 100 ep | Full available curve retained; registered_horizon and in_registered_plateau5_window identify the primary endpoint. Epoch observations are not independent seeds.",accuracy percent; epoch is the raw zero-based epoch index
tn1,c10lay,c10lay,2,tn1-c10lay-s2,13,42.18,39.22,S0101,100,false,"`tn1`, 12 runs, 100 ep | Full available curve retained; registered_horizon and in_registered_plateau5_window identify the primary endpoint. Epoch observations are not independent seeds.",accuracy percent; epoch is the raw zero-based epoch index
tn1,c10lay,c10lay,2,tn1-c10lay-s2,14,48.83,44.37,S0101,100,false,"`tn1`, 12 runs, 100 ep | Full available curve retained; registered_horizon and in_registered_plateau5_window identify the primary endpoint. Epoch observations are not independent seeds.",accuracy percent; epoch is the raw zero-based epoch index
tn1,c10lay,c10lay,2,tn1-c10lay-s2,15,53.65,50.08,S0101,100,false,"`tn1`, 12 runs, 100 ep | Full available curve retained; registered_horizon and in_registered_plateau5_window identify the primary endpoint. Epoch observations are not independent seeds.",accuracy percent; epoch is the raw zero-based epoch index
tn1,c10lay,c10lay,2,tn1-c10lay-s2,16,59.41,56.44,S0101,100,false,"`tn1`, 12 runs, 100 ep | Full available curve retained; registered_horizon and in_registered_plateau5_window identify the primary endpoint. Epoch observations are not independent seeds.",accuracy percent; epoch is the raw zero-based epoch index
tn1,c10lay,c10lay,2,tn1-c10lay-s2,17,63.85,62.41,S0101,100,false,"`tn1`, 12 runs, 100 ep | Full available curve retained; registered_horizon and in_registered_plateau5_window identify the primary endpoint. Epoch observations are not independent seeds.",accuracy percent; epoch is the raw zero-based epoch index
tn1,c10lay,c10lay,2,tn1-c10lay-s2,18,70.32,67.87,S0101,100,false,"`tn1`, 12 runs, 100 ep | Full available curve retained; registered_horizon and in_registered_plateau5_window identify the primary endpoint. Epoch observations are not independent seeds.",accuracy percent; epoch is the raw zero-based epoch index
tn1,c10lay,c10lay,2,tn1-c10lay-s2,19,74.17,72.49,S0101,100,false,"`tn1`, 12 runs, 100 ep | Full available curve retained; registered_horizon and in_registered_plateau5_window identify the primary endpoint. Epoch observations are not independent seeds.",accuracy percent; epoch is the raw zero-based epoch index
tn1,c10lay,c10lay,2,tn1-c10lay-s2,20,77.24,76.34,S0101,100,false,"`tn1`, 12 runs, 100 ep | Full available curve retained; registered_horizon and in_registered_plateau5_window identify the primary endpoint. Epoch observations are not independent seeds.",accuracy percent; epoch is the raw zero-based epoch index
tn1,c10lay,c10lay,2,tn1-c10lay-s2,21,78.5,78.84,S0101,100,false,"`tn1`, 12 runs, 100 ep | Full available curve retained; registered_horizon and in_registered_plateau5_window identify the primary endpoint. Epoch observations are not independent seeds.",accuracy percent; epoch is the raw zero-based epoch index
tn1,c10lay,c10lay,2,tn1-c10lay-s2,22,79.96,81.04,S0101,100,false,"`tn1`, 12 runs, 100 ep | Full available curve retained; registered_horizon and in_registered_plateau5_window identify the primary endpoint. Epoch observations are not independent seeds.",accuracy percent; epoch is the raw zero-based epoch index
tn1,c10lay,c10lay,2,tn1-c10lay-s2,23,81.64,82.82,S0101,100,false,"`tn1`, 12 runs, 100 ep | Full available curve retained; registered_horizon and in_registered_plateau5_window identify the primary endpoint. Epoch observations are not independent seeds.",accuracy percent; epoch is the raw zero-based epoch index
tn1,c10lay,c10lay,2,tn1-c10lay-s2,24,83.07,84.04,S0101,100,false,"`tn1`, 12 runs, 100 ep | Full available curve retained; registered_horizon and in_registered_plateau5_window identify the primary endpoint. Epoch observations are not independent seeds.",accuracy percent; epoch is the raw zero-based epoch index
tn1,c10lay,c10lay,2,tn1-c10lay-s2,25,84.24,85.52,S0101,100,false,"`tn1`, 12 runs, 100 ep | Full available curve retained; registered_horizon and in_registered_plateau5_window identify the primary endpoint. Epoch observations are not independent seeds.",accuracy percent; epoch is the raw zero-based epoch index
tn1,c10lay,c10lay,2,tn1-c10lay-s2,26,84.21,86.03,S0101,100,false,"`tn1`, 12 runs, 100 ep | Full available curve retained; registered_horizon and in_registered_plateau5_window identify the primary endpoint. Epoch observations are not independent seeds.",accuracy percent; epoch is the raw zero-based epoch index
tn1,c10lay,c10lay,2,tn1-c10lay-s2,27,84.86,87.48,S0101,100,false,"`tn1`, 12 runs, 100 ep | Full available curve retained; registered_horizon and in_registered_plateau5_window identify the primary endpoint. Epoch observations are not independent seeds.",accuracy percent; epoch is the raw zero-based epoch index
tn1,c10lay,c10lay,2,tn1-c10lay-s2,28,85.23,88.37,S0101,100,false,"`tn1`, 12 runs, 100 ep | Full available curve retained; registered_horizon and in_registered_plateau5_window identify the primary endpoint. Epoch observations are not independent seeds.",accuracy percent; epoch is the raw zero-based epoch index
tn1,c10lay,c10lay,2,tn1-c10lay-s2,29,86.11,89.03,S0101,100,false,"`tn1`, 12 runs, 100 ep | Full available curve retained; registered_horizon and in_registered_plateau5_window identify the primary endpoint. Epoch observations are not independent seeds.",accuracy percent; epoch is the raw zero-based epoch index
tn1,c10lay,c10lay,2,tn1-c10lay-s2,30,86.69,89.79,S0101,100,false,"`tn1`, 12 runs, 100 ep | Full available curve retained; registered_horizon and in_registered_plateau5_window identify the primary endpoint. Epoch observations are not independent seeds.",accuracy percent; epoch is the raw zero-based epoch index
tn1,c10lay,c10lay,2,tn1-c10lay-s2,31,87.14,90.09,S0101,100,false,"`tn1`, 12 runs, 100 ep | Full available curve retained; registered_horizon and in_registered_plateau5_window identify the primary endpoint. Epoch observations are not independent seeds.",accuracy percent; epoch is the raw zero-based epoch index
tn1,c10lay,c10lay,2,tn1-c10lay-s2,32,86.4,90.89,S0101,100,false,"`tn1`, 12 runs, 100 ep | Full available curve retained; registered_horizon and in_registered_plateau5_window identify the primary endpoint. Epoch observations are not independent seeds.",accuracy percent; epoch is the raw zero-based epoch index
tn1,c10lay,c10lay,2,tn1-c10lay-s2,33,87.25,91.63,S0101,100,false,"`tn1`, 12 runs, 100 ep | Full available curve retained; registered_horizon and in_registered_plateau5_window identify the primary endpoint. Epoch observations are not independent seeds.",accuracy percent; epoch is the raw zero-based epoch index
tn1,c10lay,c10lay,2,tn1-c10lay-s2,34,87.92,91.97,S0101,100,false,"`tn1`, 12 runs, 100 ep | Full available curve retained; registered_horizon and in_registered_plateau5_window identify the primary endpoint. Epoch observations are not independent seeds.",accuracy percent; epoch is the raw zero-based epoch index
tn1,c10lay,c10lay,2,tn1-c10lay-s2,35,87.75,92.45,S0101,100,false,"`tn1`, 12 runs, 100 ep | Full available curve retained; registered_horizon and in_registered_plateau5_window identify the primary endpoint. Epoch observations are not independent seeds.",accuracy percent; epoch is the raw zero-based epoch index
tn1,c10lay,c10lay,2,tn1-c10lay-s2,36,87.49,92.87,S0101,100,false,"`tn1`, 12 runs, 100 ep | Full available curve retained; registered_horizon and in_registered_plateau5_window identify the primary endpoint. Epoch observations are not independent seeds.",accuracy percent; epoch is the raw zero-based epoch index
tn1,c10lay,c10lay,2,tn1-c10lay-s2,37,87.69,93.13,S0101,100,false,"`tn1`, 12 runs, 100 ep | Full available curve retained; registered_horizon and in_registered_plateau5_window identify the primary endpoint. Epoch observations are not independent seeds.",accuracy percent; epoch is the raw zero-based epoch index
tn1,c10lay,c10lay,2,tn1-c10lay-s2,38,88.52,93.85,S0101,100,false,"`tn1`, 12 runs, 100 ep | Full available curve retained; registered_horizon and in_registered_plateau5_window identify the primary endpoint. Epoch observations are not independent seeds.",accuracy percent; epoch is the raw zero-based epoch index
tn1,c10lay,c10lay,2,tn1-c10lay-s2,39,87.96,94.04,S0101,100,false,"`tn1`, 12 runs, 100 ep | Full available curve retained; registered_horizon and in_registered_plateau5_window identify the primary endpoint. Epoch observations are not independent seeds.",accuracy percent; epoch is the raw zero-based epoch index
tn1,c10lay,c10lay,2,tn1-c10lay-s2,40,88.62,94.19,S0101,100,false,"`tn1`, 12 runs, 100 ep | Full available curve retained; registered_horizon and in_registered_plateau5_window identify the primary endpoint. Epoch observations are not independent seeds.",accuracy percent; epoch is the raw zero-based epoch index
tn1,c10lay,c10lay,2,tn1-c10lay-s2,41,88.5,94.8,S0101,100,false,"`tn1`, 12 runs, 100 ep | Full available curve retained; registered_horizon and in_registered_plateau5_window identify the primary endpoint. Epoch observations are not independent seeds.",accuracy percent; epoch is the raw zero-based epoch index
tn1,c10lay,c10lay,2,tn1-c10lay-s2,42,88.91,94.89,S0101,100,false,"`tn1`, 12 runs, 100 ep | Full available curve retained; registered_horizon and in_registered_plateau5_window identify the primary endpoint. Epoch observations are not independent seeds.",accuracy percent; epoch is the raw zero-based epoch index
tn1,c10lay,c10lay,2,tn1-c10lay-s2,43,88.6,95.34,S0101,100,false,"`tn1`, 12 runs, 100 ep | Full available curve retained; registered_horizon and in_registered_plateau5_window identify the primary endpoint. Epoch observations are not independent seeds.",accuracy percent; epoch is the raw zero-based epoch index
tn1,c10lay,c10lay,2,tn1-c10lay-s2,44,88.86,95.43,S0101,100,false,"`tn1`, 12 runs, 100 ep | Full available curve retained; registered_horizon and in_registered_plateau5_window identify the primary endpoint. Epoch observations are not independent seeds.",accuracy percent; epoch is the raw zero-based epoch index
tn1,c10lay,c10lay,2,tn1-c10lay-s2,45,89.39,95.84,S0101,100,false,"`tn1`, 12 runs, 100 ep | Full available curve retained; registered_horizon and in_registered_plateau5_window identify the primary endpoint. Epoch observations are not independent seeds.",accuracy percent; epoch is the raw zero-based epoch index
tn1,c10lay,c10lay,2,tn1-c10lay-s2,46,88.97,96.16,S0101,100,false,"`tn1`, 12 runs, 100 ep | Full available curve retained; registered_horizon and in_registered_plateau5_window identify the primary endpoint. Epoch observations are not independent seeds.",accuracy percent; epoch is the raw zero-based epoch index
tn1,c10lay,c10lay,2,tn1-c10lay-s2,47,89,96.41,S0101,100,false,"`tn1`, 12 runs, 100 ep | Full available curve retained; registered_horizon and in_registered_plateau5_window identify the primary endpoint. Epoch observations are not independent seeds.",accuracy percent; epoch is the raw zero-based epoch index
tn1,c10lay,c10lay,2,tn1-c10lay-s2,48,89.37,96.47,S0101,100,false,"`tn1`, 12 runs, 100 ep | Full available curve retained; registered_horizon and in_registered_plateau5_window identify the primary endpoint. Epoch observations are not independent seeds.",accuracy percent; epoch is the raw zero-based epoch index
tn1,c10lay,c10lay,2,tn1-c10lay-s2,49,89.44,96.96,S0101,100,false,"`tn1`, 12 runs, 100 ep | Full available curve retained; registered_horizon and in_registered_plateau5_window identify the primary endpoint. Epoch observations are not independent seeds.",accuracy percent; epoch is the raw zero-based epoch index
tn1,c10lay,c10lay,2,tn1-c10lay-s2,50,89.31,97.06,S0101,100,false,"`tn1`, 12 runs, 100 ep | Full available curve retained; registered_horizon and in_registered_plateau5_window identify the primary endpoint. Epoch observations are not independent seeds.",accuracy percent; epoch is the raw zero-based epoch index
tn1,c10lay,c10lay,2,tn1-c10lay-s2,51,89.74,97.05,S0101,100,false,"`tn1`, 12 runs, 100 ep | Full available curve retained; registered_horizon and in_registered_plateau5_window identify the primary endpoint. Epoch observations are not independent seeds.",accuracy percent; epoch is the raw zero-based epoch index
tn1,c10lay,c10lay,2,tn1-c10lay-s2,52,89.32,97.21,S0101,100,false,"`tn1`, 12 runs, 100 ep | Full available curve retained; registered_horizon and in_registered_plateau5_window identify the primary endpoint. Epoch observations are not independent seeds.",accuracy percent; epoch is the raw zero-based epoch index
tn1,c10lay,c10lay,2,tn1-c10lay-s2,53,89.62,97.29,S0101,100,false,"`tn1`, 12 runs, 100 ep | Full available curve retained; registered_horizon and in_registered_plateau5_window identify the primary endpoint. Epoch observations are not independent seeds.",accuracy percent; epoch is the raw zero-based epoch index
tn1,c10lay,c10lay,2,tn1-c10lay-s2,54,89.64,97.64,S0101,100,false,"`tn1`, 12 runs, 100 ep | Full available curve retained; registered_horizon and in_registered_plateau5_window identify the primary endpoint. Epoch observations are not independent seeds.",accuracy percent; epoch is the raw zero-based epoch index
tn1,c10lay,c10lay,2,tn1-c10lay-s2,55,89.79,97.75,S0101,100,false,"`tn1`, 12 runs, 100 ep | Full available curve retained; registered_horizon and in_registered_plateau5_window identify the primary endpoint. Epoch observations are not independent seeds.",accuracy percent; epoch is the raw zero-based epoch index
tn1,c10lay,c10lay,2,tn1-c10lay-s2,56,90.05,97.94,S0101,100,false,"`tn1`, 12 runs, 100 ep | Full available curve retained; registered_horizon and in_registered_plateau5_window identify the primary endpoint. Epoch observations are not independent seeds.",accuracy percent; epoch is the raw zero-based epoch index
tn1,c10lay,c10lay,2,tn1-c10lay-s2,57,90.09,97.71,S0101,100,false,"`tn1`, 12 runs, 100 ep | Full available curve retained; registered_horizon and in_registered_plateau5_window identify the primary endpoint. Epoch observations are not independent seeds.",accuracy percent; epoch is the raw zero-based epoch index
tn1,c10lay,c10lay,2,tn1-c10lay-s2,58,90.22,98.12,S0101,100,false,"`tn1`, 12 runs, 100 ep | Full available curve retained; registered_horizon and in_registered_plateau5_window identify the primary endpoint. Epoch observations are not independent seeds.",accuracy percent; epoch is the raw zero-based epoch index
tn1,c10lay,c10lay,2,tn1-c10lay-s2,59,90.06,98.17,S0101,100,false,"`tn1`, 12 runs, 100 ep | Full available curve retained; registered_horizon and in_registered_plateau5_window identify the primary endpoint. Epoch observations are not independent seeds.",accuracy percent; epoch is the raw zero-based epoch index
tn1,c10lay,c10lay,2,tn1-c10lay-s2,60,90.35,98.31,S0101,100,false,"`tn1`, 12 runs, 100 ep | Full available curve retained; registered_horizon and in_registered_plateau5_window identify the primary endpoint. Epoch observations are not independent seeds.",accuracy percent; epoch is the raw zero-based epoch index
tn1,c10lay,c10lay,2,tn1-c10lay-s2,61,90.15,98.46,S0101,100,false,"`tn1`, 12 runs, 100 ep | Full available curve retained; registered_horizon and in_registered_plateau5_window identify the primary endpoint. Epoch observations are not independent seeds.",accuracy percent; epoch is the raw zero-based epoch index
tn1,c10lay,c10lay,2,tn1-c10lay-s2,62,89.69,98.43,S0101,100,false,"`tn1`, 12 runs, 100 ep | Full available curve retained; registered_horizon and in_registered_plateau5_window identify the primary endpoint. Epoch observations are not independent seeds.",accuracy percent; epoch is the raw zero-based epoch index
tn1,c10lay,c10lay,2,tn1-c10lay-s2,63,90.58,98.52,S0101,100,false,"`tn1`, 12 runs, 100 ep | Full available curve retained; registered_horizon and in_registered_plateau5_window identify the primary endpoint. Epoch observations are not independent seeds.",accuracy percent; epoch is the raw zero-based epoch index
tn1,c10lay,c10lay,2,tn1-c10lay-s2,64,89.91,98.76,S0101,100,false,"`tn1`, 12 runs, 100 ep | Full available curve retained; registered_horizon and in_registered_plateau5_window identify the primary endpoint. Epoch observations are not independent seeds.",accuracy percent; epoch is the raw zero-based epoch index
tn1,c10lay,c10lay,2,tn1-c10lay-s2,65,90.27,98.61,S0101,100,false,"`tn1`, 12 runs, 100 ep | Full available curve retained; registered_horizon and in_registered_plateau5_window identify the primary endpoint. Epoch observations are not independent seeds.",accuracy percent; epoch is the raw zero-based epoch index
tn1,c10lay,c10lay,2,tn1-c10lay-s2,66,90.13,98.76,S0101,100,false,"`tn1`, 12 runs, 100 ep | Full available curve retained; registered_horizon and in_registered_plateau5_window identify the primary endpoint. Epoch observations are not independent seeds.",accuracy percent; epoch is the raw zero-based epoch index
tn1,c10lay,c10lay,2,tn1-c10lay-s2,67,90.22,98.98,S0101,100,false,"`tn1`, 12 runs, 100 ep | Full available curve retained; registered_horizon and in_registered_plateau5_window identify the primary endpoint. Epoch observations are not independent seeds.",accuracy percent; epoch is the raw zero-based epoch index
tn1,c10lay,c10lay,2,tn1-c10lay-s2,68,90.38,98.94,S0101,100,false,"`tn1`, 12 runs, 100 ep | Full available curve retained; registered_horizon and in_registered_plateau5_window identify the primary endpoint. Epoch observations are not independent seeds.",accuracy percent; epoch is the raw zero-based epoch index
tn1,c10lay,c10lay,2,tn1-c10lay-s2,69,90.53,98.66,S0101,100,false,"`tn1`, 12 runs, 100 ep | Full available curve retained; registered_horizon and in_registered_plateau5_window identify the primary endpoint. Epoch observations are not independent seeds.",accuracy percent; epoch is the raw zero-based epoch index
tn1,c10lay,c10lay,2,tn1-c10lay-s2,70,90.34,98.99,S0101,100,false,"`tn1`, 12 runs, 100 ep | Full available curve retained; registered_horizon and in_registered_plateau5_window identify the primary endpoint. Epoch observations are not independent seeds.",accuracy percent; epoch is the raw zero-based epoch index
tn1,c10lay,c10lay,2,tn1-c10lay-s2,71,90.48,98.98,S0101,100,false,"`tn1`, 12 runs, 100 ep | Full available curve retained; registered_horizon and in_registered_plateau5_window identify the primary endpoint. Epoch observations are not independent seeds.",accuracy percent; epoch is the raw zero-based epoch index
tn1,c10lay,c10lay,2,tn1-c10lay-s2,72,90.27,98.93,S0101,100,false,"`tn1`, 12 runs, 100 ep | Full available curve retained; registered_horizon and in_registered_plateau5_window identify the primary endpoint. Epoch observations are not independent seeds.",accuracy percent; epoch is the raw zero-based epoch index
tn1,c10lay,c10lay,2,tn1-c10lay-s2,73,90.1,99.15,S0101,100,false,"`tn1`, 12 runs, 100 ep | Full available curve retained; registered_horizon and in_registered_plateau5_window identify the primary endpoint. Epoch observations are not independent seeds.",accuracy percent; epoch is the raw zero-based epoch index
tn1,c10lay,c10lay,2,tn1-c10lay-s2,74,90.57,99.17,S0101,100,false,"`tn1`, 12 runs, 100 ep | Full available curve retained; registered_horizon and in_registered_plateau5_window identify the primary endpoint. Epoch observations are not independent seeds.",accuracy percent; epoch is the raw zero-based epoch index
tn1,c10lay,c10lay,2,tn1-c10lay-s2,75,90.36,99.13,S0101,100,false,"`tn1`, 12 runs, 100 ep | Full available curve retained; registered_horizon and in_registered_plateau5_window identify the primary endpoint. Epoch observations are not independent seeds.",accuracy percent; epoch is the raw zero-based epoch index
tn1,c10lay,c10lay,2,tn1-c10lay-s2,76,90.6,99.21,S0101,100,false,"`tn1`, 12 runs, 100 ep | Full available curve retained; registered_horizon and in_registered_plateau5_window identify the primary endpoint. Epoch observations are not independent seeds.",accuracy percent; epoch is the raw zero-based epoch index
tn1,c10lay,c10lay,2,tn1-c10lay-s2,77,90.34,99.25,S0101,100,false,"`tn1`, 12 runs, 100 ep | Full available curve retained; registered_horizon and in_registered_plateau5_window identify the primary endpoint. Epoch observations are not independent seeds.",accuracy percent; epoch is the raw zero-based epoch index
tn1,c10lay,c10lay,2,tn1-c10lay-s2,78,90.68,99.26,S0101,100,false,"`tn1`, 12 runs, 100 ep | Full available curve retained; registered_horizon and in_registered_plateau5_window identify the primary endpoint. Epoch observations are not independent seeds.",accuracy percent; epoch is the raw zero-based epoch index
tn1,c10lay,c10lay,2,tn1-c10lay-s2,79,90.87,99.17,S0101,100,false,"`tn1`, 12 runs, 100 ep | Full available curve retained; registered_horizon and in_registered_plateau5_window identify the primary endpoint. Epoch observations are not independent seeds.",accuracy percent; epoch is the raw zero-based epoch index
tn1,c10lay,c10lay,2,tn1-c10lay-s2,80,90.78,99.37,S0101,100,false,"`tn1`, 12 runs, 100 ep | Full available curve retained; registered_horizon and in_registered_plateau5_window identify the primary endpoint. Epoch observations are not independent seeds.",accuracy percent; epoch is the raw zero-based epoch index
tn1,c10lay,c10lay,2,tn1-c10lay-s2,81,90.78,99.44,S0101,100,false,"`tn1`, 12 runs, 100 ep | Full available curve retained; registered_horizon and in_registered_plateau5_window identify the primary endpoint. Epoch observations are not independent seeds.",accuracy percent; epoch is the raw zero-based epoch index
tn1,c10lay,c10lay,2,tn1-c10lay-s2,82,90.6,99.52,S0101,100,false,"`tn1`, 12 runs, 100 ep | Full available curve retained; registered_horizon and in_registered_plateau5_window identify the primary endpoint. Epoch observations are not independent seeds.",accuracy percent; epoch is the raw zero-based epoch index
tn1,c10lay,c10lay,2,tn1-c10lay-s2,83,90.85,99.37,S0101,100,false,"`tn1`, 12 runs, 100 ep | Full available curve retained; registered_horizon and in_registered_plateau5_window identify the primary endpoint. Epoch observations are not independent seeds.",accuracy percent; epoch is the raw zero-based epoch index
tn1,c10lay,c10lay,2,tn1-c10lay-s2,84,90.69,99.29,S0101,100,false,"`tn1`, 12 runs, 100 ep | Full available curve retained; registered_horizon and in_registered_plateau5_window identify the primary endpoint. Epoch observations are not independent seeds.",accuracy percent; epoch is the raw zero-based epoch index
tn1,c10lay,c10lay,2,tn1-c10lay-s2,85,90.9,99.48,S0101,100,false,"`tn1`, 12 runs, 100 ep | Full available curve retained; registered_horizon and in_registered_plateau5_window identify the primary endpoint. Epoch observations are not independent seeds.",accuracy percent; epoch is the raw zero-based epoch index
tn1,c10lay,c10lay,2,tn1-c10lay-s2,86,90.57,99.54,S0101,100,false,"`tn1`, 12 runs, 100 ep | Full available curve retained; registered_horizon and in_registered_plateau5_window identify the primary endpoint. Epoch observations are not independent seeds.",accuracy percent; epoch is the raw zero-based epoch index
tn1,c10lay,c10lay,2,tn1-c10lay-s2,87,90.76,99.4,S0101,100,false,"`tn1`, 12 runs, 100 ep | Full available curve retained; registered_horizon and in_registered_plateau5_window identify the primary endpoint. Epoch observations are not independent seeds.",accuracy percent; epoch is the raw zero-based epoch index
tn1,c10lay,c10lay,2,tn1-c10lay-s2,88,91.2,99.47,S0101,100,false,"`tn1`, 12 runs, 100 ep | Full available curve retained; registered_horizon and in_registered_plateau5_window identify the primary endpoint. Epoch observations are not independent seeds.",accuracy percent; epoch is the raw zero-based epoch index
tn1,c10lay,c10lay,2,tn1-c10lay-s2,89,90.79,99.65,S0101,100,false,"`tn1`, 12 runs, 100 ep | Full available curve retained; registered_horizon and in_registered_plateau5_window identify the primary endpoint. Epoch observations are not independent seeds.",accuracy percent; epoch is the raw zero-based epoch index
tn1,c10lay,c10lay,2,tn1-c10lay-s2,90,90.99,99.53,S0101,100,false,"`tn1`, 12 runs, 100 ep | Full available curve retained; registered_horizon and in_registered_plateau5_window identify the primary endpoint. Epoch observations are not independent seeds.",accuracy percent; epoch is the raw zero-based epoch index
tn1,c10lay,c10lay,2,tn1-c10lay-s2,91,90.87,99.48,S0101,100,false,"`tn1`, 12 runs, 100 ep | Full available curve retained; registered_horizon and in_registered_plateau5_window identify the primary endpoint. Epoch observations are not independent seeds.",accuracy percent; epoch is the raw zero-based epoch index
tn1,c10lay,c10lay,2,tn1-c10lay-s2,92,90.94,99.56,S0101,100,false,"`tn1`, 12 runs, 100 ep | Full available curve retained; registered_horizon and in_registered_plateau5_window identify the primary endpoint. Epoch observations are not independent seeds.",accuracy percent; epoch is the raw zero-based epoch index
tn1,c10lay,c10lay,2,tn1-c10lay-s2,93,90.95,99.6,S0101,100,false,"`tn1`, 12 runs, 100 ep | Full available curve retained; registered_horizon and in_registered_plateau5_window identify the primary endpoint. Epoch observations are not independent seeds.",accuracy percent; epoch is the raw zero-based epoch index
tn1,c10lay,c10lay,2,tn1-c10lay-s2,94,91.03,99.65,S0101,100,false,"`tn1`, 12 runs, 100 ep | Full available curve retained; registered_horizon and in_registered_plateau5_window identify the primary endpoint. Epoch observations are not independent seeds.",accuracy percent; epoch is the raw zero-based epoch index
tn1,c10lay,c10lay,2,tn1-c10lay-s2,95,90.9,99.62,S0101,100,true,"`tn1`, 12 runs, 100 ep | Full available curve retained; registered_horizon and in_registered_plateau5_window identify the primary endpoint. Epoch observations are not independent seeds.",accuracy percent; epoch is the raw zero-based epoch index
tn1,c10lay,c10lay,2,tn1-c10lay-s2,96,91.01,99.56,S0101,100,true,"`tn1`, 12 runs, 100 ep | Full available curve retained; registered_horizon and in_registered_plateau5_window identify the primary endpoint. Epoch observations are not independent seeds.",accuracy percent; epoch is the raw zero-based epoch index
tn1,c10lay,c10lay,2,tn1-c10lay-s2,97,91.13,99.61,S0101,100,true,"`tn1`, 12 runs, 100 ep | Full available curve retained; registered_horizon and in_registered_plateau5_window identify the primary endpoint. Epoch observations are not independent seeds.",accuracy percent; epoch is the raw zero-based epoch index
tn1,c10lay,c10lay,2,tn1-c10lay-s2,98,91,99.62,S0101,100,true,"`tn1`, 12 runs, 100 ep | Full available curve retained; registered_horizon and in_registered_plateau5_window identify the primary endpoint. Epoch observations are not independent seeds.",accuracy percent; epoch is the raw zero-based epoch index
tn1,c10lay,c10lay,2,tn1-c10lay-s2,99,90.84,99.74,S0101,100,true,"`tn1`, 12 runs, 100 ep | Full available curve retained; registered_horizon and in_registered_plateau5_window identify the primary endpoint. Epoch observations are not independent seeds.",accuracy percent; epoch is the raw zero-based epoch index
