batch,arm,label,seed,run,epoch,test_accuracy_percent,train_accuracy_percent,source_ids,registered_horizon_epochs,in_registered_plateau5_window,scope,units
in489g1,scalar,scalar,0,in489g1-scalar-s0,0,0.26,0.27,S0058,80,false,"`in489g1`, 12 runs, ImageNet-489 | `in489g2`, 14 runs, ImageNet-489 | Full available curve retained; registered_horizon and in_registered_plateau5_window identify the primary endpoint. Epoch observations are not independent seeds.",accuracy percent; epoch is the raw zero-based epoch index
in489g1,scalar,scalar,0,in489g1-scalar-s0,1,0.23,0.27,S0058,80,false,"`in489g1`, 12 runs, ImageNet-489 | `in489g2`, 14 runs, ImageNet-489 | Full available curve retained; registered_horizon and in_registered_plateau5_window identify the primary endpoint. Epoch observations are not independent seeds.",accuracy percent; epoch is the raw zero-based epoch index
in489g1,scalar,scalar,0,in489g1-scalar-s0,2,0.65,0.35,S0058,80,false,"`in489g1`, 12 runs, ImageNet-489 | `in489g2`, 14 runs, ImageNet-489 | Full available curve retained; registered_horizon and in_registered_plateau5_window identify the primary endpoint. Epoch observations are not independent seeds.",accuracy percent; epoch is the raw zero-based epoch index
in489g1,scalar,scalar,0,in489g1-scalar-s0,3,0.94,0.98,S0058,80,false,"`in489g1`, 12 runs, ImageNet-489 | `in489g2`, 14 runs, ImageNet-489 | Full available curve retained; registered_horizon and in_registered_plateau5_window identify the primary endpoint. Epoch observations are not independent seeds.",accuracy percent; epoch is the raw zero-based epoch index
in489g1,scalar,scalar,0,in489g1-scalar-s0,4,0.9,0.93,S0058,80,false,"`in489g1`, 12 runs, ImageNet-489 | `in489g2`, 14 runs, ImageNet-489 | Full available curve retained; registered_horizon and in_registered_plateau5_window identify the primary endpoint. Epoch observations are not independent seeds.",accuracy percent; epoch is the raw zero-based epoch index
in489g1,scalar,scalar,0,in489g1-scalar-s0,5,0.88,0.92,S0058,80,false,"`in489g1`, 12 runs, ImageNet-489 | `in489g2`, 14 runs, ImageNet-489 | Full available curve retained; registered_horizon and in_registered_plateau5_window identify the primary endpoint. Epoch observations are not independent seeds.",accuracy percent; epoch is the raw zero-based epoch index
in489g1,scalar,scalar,0,in489g1-scalar-s0,6,0.9,0.9,S0058,80,false,"`in489g1`, 12 runs, ImageNet-489 | `in489g2`, 14 runs, ImageNet-489 | Full available curve retained; registered_horizon and in_registered_plateau5_window identify the primary endpoint. Epoch observations are not independent seeds.",accuracy percent; epoch is the raw zero-based epoch index
in489g1,scalar,scalar,0,in489g1-scalar-s0,7,0.89,0.9,S0058,80,false,"`in489g1`, 12 runs, ImageNet-489 | `in489g2`, 14 runs, ImageNet-489 | Full available curve retained; registered_horizon and in_registered_plateau5_window identify the primary endpoint. Epoch observations are not independent seeds.",accuracy percent; epoch is the raw zero-based epoch index
in489g1,scalar,scalar,0,in489g1-scalar-s0,8,0.87,0.9,S0058,80,false,"`in489g1`, 12 runs, ImageNet-489 | `in489g2`, 14 runs, ImageNet-489 | Full available curve retained; registered_horizon and in_registered_plateau5_window identify the primary endpoint. Epoch observations are not independent seeds.",accuracy percent; epoch is the raw zero-based epoch index
in489g1,scalar,scalar,0,in489g1-scalar-s0,9,0.89,0.91,S0058,80,false,"`in489g1`, 12 runs, ImageNet-489 | `in489g2`, 14 runs, ImageNet-489 | Full available curve retained; registered_horizon and in_registered_plateau5_window identify the primary endpoint. Epoch observations are not independent seeds.",accuracy percent; epoch is the raw zero-based epoch index
in489g1,scalar,scalar,0,in489g1-scalar-s0,10,0.89,0.91,S0058,80,false,"`in489g1`, 12 runs, ImageNet-489 | `in489g2`, 14 runs, ImageNet-489 | Full available curve retained; registered_horizon and in_registered_plateau5_window identify the primary endpoint. Epoch observations are not independent seeds.",accuracy percent; epoch is the raw zero-based epoch index
in489g1,scalar,scalar,0,in489g1-scalar-s0,11,0.89,0.91,S0058,80,false,"`in489g1`, 12 runs, ImageNet-489 | `in489g2`, 14 runs, ImageNet-489 | Full available curve retained; registered_horizon and in_registered_plateau5_window identify the primary endpoint. Epoch observations are not independent seeds.",accuracy percent; epoch is the raw zero-based epoch index
in489g1,scalar,scalar,0,in489g1-scalar-s0,12,0.89,0.91,S0058,80,false,"`in489g1`, 12 runs, ImageNet-489 | `in489g2`, 14 runs, ImageNet-489 | Full available curve retained; registered_horizon and in_registered_plateau5_window identify the primary endpoint. Epoch observations are not independent seeds.",accuracy percent; epoch is the raw zero-based epoch index
in489g1,scalar,scalar,0,in489g1-scalar-s0,13,0.9,0.91,S0058,80,false,"`in489g1`, 12 runs, ImageNet-489 | `in489g2`, 14 runs, ImageNet-489 | Full available curve retained; registered_horizon and in_registered_plateau5_window identify the primary endpoint. Epoch observations are not independent seeds.",accuracy percent; epoch is the raw zero-based epoch index
in489g1,scalar,scalar,0,in489g1-scalar-s0,14,0.88,0.91,S0058,80,false,"`in489g1`, 12 runs, ImageNet-489 | `in489g2`, 14 runs, ImageNet-489 | Full available curve retained; registered_horizon and in_registered_plateau5_window identify the primary endpoint. Epoch observations are not independent seeds.",accuracy percent; epoch is the raw zero-based epoch index
in489g1,scalar,scalar,0,in489g1-scalar-s0,15,0.87,0.9,S0058,80,false,"`in489g1`, 12 runs, ImageNet-489 | `in489g2`, 14 runs, ImageNet-489 | Full available curve retained; registered_horizon and in_registered_plateau5_window identify the primary endpoint. Epoch observations are not independent seeds.",accuracy percent; epoch is the raw zero-based epoch index
in489g1,scalar,scalar,0,in489g1-scalar-s0,16,0.89,0.91,S0058,80,false,"`in489g1`, 12 runs, ImageNet-489 | `in489g2`, 14 runs, ImageNet-489 | Full available curve retained; registered_horizon and in_registered_plateau5_window identify the primary endpoint. Epoch observations are not independent seeds.",accuracy percent; epoch is the raw zero-based epoch index
in489g1,scalar,scalar,0,in489g1-scalar-s0,17,0.88,0.91,S0058,80,false,"`in489g1`, 12 runs, ImageNet-489 | `in489g2`, 14 runs, ImageNet-489 | Full available curve retained; registered_horizon and in_registered_plateau5_window identify the primary endpoint. Epoch observations are not independent seeds.",accuracy percent; epoch is the raw zero-based epoch index
in489g1,scalar,scalar,0,in489g1-scalar-s0,18,0.88,0.9,S0058,80,false,"`in489g1`, 12 runs, ImageNet-489 | `in489g2`, 14 runs, ImageNet-489 | Full available curve retained; registered_horizon and in_registered_plateau5_window identify the primary endpoint. Epoch observations are not independent seeds.",accuracy percent; epoch is the raw zero-based epoch index
in489g1,scalar,scalar,0,in489g1-scalar-s0,19,0.91,0.91,S0058,80,false,"`in489g1`, 12 runs, ImageNet-489 | `in489g2`, 14 runs, ImageNet-489 | Full available curve retained; registered_horizon and in_registered_plateau5_window identify the primary endpoint. Epoch observations are not independent seeds.",accuracy percent; epoch is the raw zero-based epoch index
in489g1,scalar,scalar,0,in489g1-scalar-s0,20,0.88,0.91,S0058,80,false,"`in489g1`, 12 runs, ImageNet-489 | `in489g2`, 14 runs, ImageNet-489 | Full available curve retained; registered_horizon and in_registered_plateau5_window identify the primary endpoint. Epoch observations are not independent seeds.",accuracy percent; epoch is the raw zero-based epoch index
in489g1,scalar,scalar,0,in489g1-scalar-s0,21,0.88,0.91,S0058,80,false,"`in489g1`, 12 runs, ImageNet-489 | `in489g2`, 14 runs, ImageNet-489 | Full available curve retained; registered_horizon and in_registered_plateau5_window identify the primary endpoint. Epoch observations are not independent seeds.",accuracy percent; epoch is the raw zero-based epoch index
in489g1,scalar,scalar,0,in489g1-scalar-s0,22,0.9,0.91,S0058,80,false,"`in489g1`, 12 runs, ImageNet-489 | `in489g2`, 14 runs, ImageNet-489 | Full available curve retained; registered_horizon and in_registered_plateau5_window identify the primary endpoint. Epoch observations are not independent seeds.",accuracy percent; epoch is the raw zero-based epoch index
in489g1,scalar,scalar,0,in489g1-scalar-s0,23,0.9,0.9,S0058,80,false,"`in489g1`, 12 runs, ImageNet-489 | `in489g2`, 14 runs, ImageNet-489 | Full available curve retained; registered_horizon and in_registered_plateau5_window identify the primary endpoint. Epoch observations are not independent seeds.",accuracy percent; epoch is the raw zero-based epoch index
in489g1,scalar,scalar,0,in489g1-scalar-s0,24,0.88,0.92,S0058,80,false,"`in489g1`, 12 runs, ImageNet-489 | `in489g2`, 14 runs, ImageNet-489 | Full available curve retained; registered_horizon and in_registered_plateau5_window identify the primary endpoint. Epoch observations are not independent seeds.",accuracy percent; epoch is the raw zero-based epoch index
in489g1,scalar,scalar,0,in489g1-scalar-s0,25,0.88,0.91,S0058,80,false,"`in489g1`, 12 runs, ImageNet-489 | `in489g2`, 14 runs, ImageNet-489 | Full available curve retained; registered_horizon and in_registered_plateau5_window identify the primary endpoint. Epoch observations are not independent seeds.",accuracy percent; epoch is the raw zero-based epoch index
in489g1,scalar,scalar,0,in489g1-scalar-s0,26,0.88,0.9,S0058,80,false,"`in489g1`, 12 runs, ImageNet-489 | `in489g2`, 14 runs, ImageNet-489 | Full available curve retained; registered_horizon and in_registered_plateau5_window identify the primary endpoint. Epoch observations are not independent seeds.",accuracy percent; epoch is the raw zero-based epoch index
in489g1,scalar,scalar,0,in489g1-scalar-s0,27,0.89,0.91,S0058,80,false,"`in489g1`, 12 runs, ImageNet-489 | `in489g2`, 14 runs, ImageNet-489 | Full available curve retained; registered_horizon and in_registered_plateau5_window identify the primary endpoint. Epoch observations are not independent seeds.",accuracy percent; epoch is the raw zero-based epoch index
in489g1,scalar,scalar,0,in489g1-scalar-s0,28,0.88,0.91,S0058,80,false,"`in489g1`, 12 runs, ImageNet-489 | `in489g2`, 14 runs, ImageNet-489 | Full available curve retained; registered_horizon and in_registered_plateau5_window identify the primary endpoint. Epoch observations are not independent seeds.",accuracy percent; epoch is the raw zero-based epoch index
in489g1,scalar,scalar,0,in489g1-scalar-s0,29,0.9,0.9,S0058,80,false,"`in489g1`, 12 runs, ImageNet-489 | `in489g2`, 14 runs, ImageNet-489 | Full available curve retained; registered_horizon and in_registered_plateau5_window identify the primary endpoint. Epoch observations are not independent seeds.",accuracy percent; epoch is the raw zero-based epoch index
in489g1,scalar,scalar,0,in489g1-scalar-s0,30,0.89,0.91,S0058,80,false,"`in489g1`, 12 runs, ImageNet-489 | `in489g2`, 14 runs, ImageNet-489 | Full available curve retained; registered_horizon and in_registered_plateau5_window identify the primary endpoint. Epoch observations are not independent seeds.",accuracy percent; epoch is the raw zero-based epoch index
in489g1,scalar,scalar,0,in489g1-scalar-s0,31,0.88,0.9,S0058,80,false,"`in489g1`, 12 runs, ImageNet-489 | `in489g2`, 14 runs, ImageNet-489 | Full available curve retained; registered_horizon and in_registered_plateau5_window identify the primary endpoint. Epoch observations are not independent seeds.",accuracy percent; epoch is the raw zero-based epoch index
in489g1,scalar,scalar,0,in489g1-scalar-s0,32,0.89,0.91,S0058,80,false,"`in489g1`, 12 runs, ImageNet-489 | `in489g2`, 14 runs, ImageNet-489 | Full available curve retained; registered_horizon and in_registered_plateau5_window identify the primary endpoint. Epoch observations are not independent seeds.",accuracy percent; epoch is the raw zero-based epoch index
in489g1,scalar,scalar,0,in489g1-scalar-s0,33,0.88,0.9,S0058,80,false,"`in489g1`, 12 runs, ImageNet-489 | `in489g2`, 14 runs, ImageNet-489 | Full available curve retained; registered_horizon and in_registered_plateau5_window identify the primary endpoint. Epoch observations are not independent seeds.",accuracy percent; epoch is the raw zero-based epoch index
in489g1,scalar,scalar,0,in489g1-scalar-s0,34,0.88,0.9,S0058,80,false,"`in489g1`, 12 runs, ImageNet-489 | `in489g2`, 14 runs, ImageNet-489 | Full available curve retained; registered_horizon and in_registered_plateau5_window identify the primary endpoint. Epoch observations are not independent seeds.",accuracy percent; epoch is the raw zero-based epoch index
in489g1,scalar,scalar,0,in489g1-scalar-s0,35,0.89,0.9,S0058,80,false,"`in489g1`, 12 runs, ImageNet-489 | `in489g2`, 14 runs, ImageNet-489 | Full available curve retained; registered_horizon and in_registered_plateau5_window identify the primary endpoint. Epoch observations are not independent seeds.",accuracy percent; epoch is the raw zero-based epoch index
in489g1,scalar,scalar,0,in489g1-scalar-s0,36,0.9,0.9,S0058,80,false,"`in489g1`, 12 runs, ImageNet-489 | `in489g2`, 14 runs, ImageNet-489 | Full available curve retained; registered_horizon and in_registered_plateau5_window identify the primary endpoint. Epoch observations are not independent seeds.",accuracy percent; epoch is the raw zero-based epoch index
in489g1,scalar,scalar,0,in489g1-scalar-s0,37,0.89,0.9,S0058,80,false,"`in489g1`, 12 runs, ImageNet-489 | `in489g2`, 14 runs, ImageNet-489 | Full available curve retained; registered_horizon and in_registered_plateau5_window identify the primary endpoint. Epoch observations are not independent seeds.",accuracy percent; epoch is the raw zero-based epoch index
in489g1,scalar,scalar,0,in489g1-scalar-s0,38,0.89,0.92,S0058,80,false,"`in489g1`, 12 runs, ImageNet-489 | `in489g2`, 14 runs, ImageNet-489 | Full available curve retained; registered_horizon and in_registered_plateau5_window identify the primary endpoint. Epoch observations are not independent seeds.",accuracy percent; epoch is the raw zero-based epoch index
in489g1,scalar,scalar,0,in489g1-scalar-s0,39,0.89,0.91,S0058,80,false,"`in489g1`, 12 runs, ImageNet-489 | `in489g2`, 14 runs, ImageNet-489 | Full available curve retained; registered_horizon and in_registered_plateau5_window identify the primary endpoint. Epoch observations are not independent seeds.",accuracy percent; epoch is the raw zero-based epoch index
in489g1,scalar,scalar,0,in489g1-scalar-s0,40,0.9,0.91,S0058,80,false,"`in489g1`, 12 runs, ImageNet-489 | `in489g2`, 14 runs, ImageNet-489 | Full available curve retained; registered_horizon and in_registered_plateau5_window identify the primary endpoint. Epoch observations are not independent seeds.",accuracy percent; epoch is the raw zero-based epoch index
in489g1,scalar,scalar,0,in489g1-scalar-s0,41,0.88,0.91,S0058,80,false,"`in489g1`, 12 runs, ImageNet-489 | `in489g2`, 14 runs, ImageNet-489 | Full available curve retained; registered_horizon and in_registered_plateau5_window identify the primary endpoint. Epoch observations are not independent seeds.",accuracy percent; epoch is the raw zero-based epoch index
in489g1,scalar,scalar,0,in489g1-scalar-s0,42,0.9,0.91,S0058,80,false,"`in489g1`, 12 runs, ImageNet-489 | `in489g2`, 14 runs, ImageNet-489 | Full available curve retained; registered_horizon and in_registered_plateau5_window identify the primary endpoint. Epoch observations are not independent seeds.",accuracy percent; epoch is the raw zero-based epoch index
in489g1,scalar,scalar,0,in489g1-scalar-s0,43,0.89,0.9,S0058,80,false,"`in489g1`, 12 runs, ImageNet-489 | `in489g2`, 14 runs, ImageNet-489 | Full available curve retained; registered_horizon and in_registered_plateau5_window identify the primary endpoint. Epoch observations are not independent seeds.",accuracy percent; epoch is the raw zero-based epoch index
in489g1,scalar,scalar,0,in489g1-scalar-s0,44,0.9,0.91,S0058,80,false,"`in489g1`, 12 runs, ImageNet-489 | `in489g2`, 14 runs, ImageNet-489 | Full available curve retained; registered_horizon and in_registered_plateau5_window identify the primary endpoint. Epoch observations are not independent seeds.",accuracy percent; epoch is the raw zero-based epoch index
in489g1,scalar,scalar,0,in489g1-scalar-s0,45,0.88,0.91,S0058,80,false,"`in489g1`, 12 runs, ImageNet-489 | `in489g2`, 14 runs, ImageNet-489 | Full available curve retained; registered_horizon and in_registered_plateau5_window identify the primary endpoint. Epoch observations are not independent seeds.",accuracy percent; epoch is the raw zero-based epoch index
in489g1,scalar,scalar,0,in489g1-scalar-s0,46,0.9,0.9,S0058,80,false,"`in489g1`, 12 runs, ImageNet-489 | `in489g2`, 14 runs, ImageNet-489 | Full available curve retained; registered_horizon and in_registered_plateau5_window identify the primary endpoint. Epoch observations are not independent seeds.",accuracy percent; epoch is the raw zero-based epoch index
in489g1,scalar,scalar,0,in489g1-scalar-s0,47,0.88,0.9,S0058,80,false,"`in489g1`, 12 runs, ImageNet-489 | `in489g2`, 14 runs, ImageNet-489 | Full available curve retained; registered_horizon and in_registered_plateau5_window identify the primary endpoint. Epoch observations are not independent seeds.",accuracy percent; epoch is the raw zero-based epoch index
in489g1,scalar,scalar,0,in489g1-scalar-s0,48,0.92,0.91,S0058,80,false,"`in489g1`, 12 runs, ImageNet-489 | `in489g2`, 14 runs, ImageNet-489 | Full available curve retained; registered_horizon and in_registered_plateau5_window identify the primary endpoint. Epoch observations are not independent seeds.",accuracy percent; epoch is the raw zero-based epoch index
in489g1,scalar,scalar,0,in489g1-scalar-s0,49,0.88,0.9,S0058,80,false,"`in489g1`, 12 runs, ImageNet-489 | `in489g2`, 14 runs, ImageNet-489 | Full available curve retained; registered_horizon and in_registered_plateau5_window identify the primary endpoint. Epoch observations are not independent seeds.",accuracy percent; epoch is the raw zero-based epoch index
in489g1,scalar,scalar,0,in489g1-scalar-s0,50,0.9,0.91,S0058,80,false,"`in489g1`, 12 runs, ImageNet-489 | `in489g2`, 14 runs, ImageNet-489 | Full available curve retained; registered_horizon and in_registered_plateau5_window identify the primary endpoint. Epoch observations are not independent seeds.",accuracy percent; epoch is the raw zero-based epoch index
in489g1,scalar,scalar,0,in489g1-scalar-s0,51,0.88,0.91,S0058,80,false,"`in489g1`, 12 runs, ImageNet-489 | `in489g2`, 14 runs, ImageNet-489 | Full available curve retained; registered_horizon and in_registered_plateau5_window identify the primary endpoint. Epoch observations are not independent seeds.",accuracy percent; epoch is the raw zero-based epoch index
in489g1,scalar,scalar,0,in489g1-scalar-s0,52,0.9,0.9,S0058,80,false,"`in489g1`, 12 runs, ImageNet-489 | `in489g2`, 14 runs, ImageNet-489 | Full available curve retained; registered_horizon and in_registered_plateau5_window identify the primary endpoint. Epoch observations are not independent seeds.",accuracy percent; epoch is the raw zero-based epoch index
in489g1,scalar,scalar,0,in489g1-scalar-s0,53,0.88,0.9,S0058,80,false,"`in489g1`, 12 runs, ImageNet-489 | `in489g2`, 14 runs, ImageNet-489 | Full available curve retained; registered_horizon and in_registered_plateau5_window identify the primary endpoint. Epoch observations are not independent seeds.",accuracy percent; epoch is the raw zero-based epoch index
in489g1,scalar,scalar,0,in489g1-scalar-s0,54,0.88,0.91,S0058,80,false,"`in489g1`, 12 runs, ImageNet-489 | `in489g2`, 14 runs, ImageNet-489 | Full available curve retained; registered_horizon and in_registered_plateau5_window identify the primary endpoint. Epoch observations are not independent seeds.",accuracy percent; epoch is the raw zero-based epoch index
in489g1,scalar,scalar,0,in489g1-scalar-s0,55,0.9,0.9,S0058,80,false,"`in489g1`, 12 runs, ImageNet-489 | `in489g2`, 14 runs, ImageNet-489 | Full available curve retained; registered_horizon and in_registered_plateau5_window identify the primary endpoint. Epoch observations are not independent seeds.",accuracy percent; epoch is the raw zero-based epoch index
in489g1,scalar,scalar,0,in489g1-scalar-s0,56,0.89,0.91,S0058,80,false,"`in489g1`, 12 runs, ImageNet-489 | `in489g2`, 14 runs, ImageNet-489 | Full available curve retained; registered_horizon and in_registered_plateau5_window identify the primary endpoint. Epoch observations are not independent seeds.",accuracy percent; epoch is the raw zero-based epoch index
in489g1,scalar,scalar,0,in489g1-scalar-s0,57,0.89,0.91,S0058,80,false,"`in489g1`, 12 runs, ImageNet-489 | `in489g2`, 14 runs, ImageNet-489 | Full available curve retained; registered_horizon and in_registered_plateau5_window identify the primary endpoint. Epoch observations are not independent seeds.",accuracy percent; epoch is the raw zero-based epoch index
in489g1,scalar,scalar,0,in489g1-scalar-s0,58,0.88,0.9,S0058,80,false,"`in489g1`, 12 runs, ImageNet-489 | `in489g2`, 14 runs, ImageNet-489 | Full available curve retained; registered_horizon and in_registered_plateau5_window identify the primary endpoint. Epoch observations are not independent seeds.",accuracy percent; epoch is the raw zero-based epoch index
in489g1,scalar,scalar,0,in489g1-scalar-s0,59,0.91,0.9,S0058,80,false,"`in489g1`, 12 runs, ImageNet-489 | `in489g2`, 14 runs, ImageNet-489 | Full available curve retained; registered_horizon and in_registered_plateau5_window identify the primary endpoint. Epoch observations are not independent seeds.",accuracy percent; epoch is the raw zero-based epoch index
in489g1,scalar,scalar,0,in489g1-scalar-s0,60,0.9,0.91,S0058,80,false,"`in489g1`, 12 runs, ImageNet-489 | `in489g2`, 14 runs, ImageNet-489 | Full available curve retained; registered_horizon and in_registered_plateau5_window identify the primary endpoint. Epoch observations are not independent seeds.",accuracy percent; epoch is the raw zero-based epoch index
in489g1,scalar,scalar,0,in489g1-scalar-s0,61,0.88,0.91,S0058,80,false,"`in489g1`, 12 runs, ImageNet-489 | `in489g2`, 14 runs, ImageNet-489 | Full available curve retained; registered_horizon and in_registered_plateau5_window identify the primary endpoint. Epoch observations are not independent seeds.",accuracy percent; epoch is the raw zero-based epoch index
in489g1,scalar,scalar,0,in489g1-scalar-s0,62,0.9,0.9,S0058,80,false,"`in489g1`, 12 runs, ImageNet-489 | `in489g2`, 14 runs, ImageNet-489 | Full available curve retained; registered_horizon and in_registered_plateau5_window identify the primary endpoint. Epoch observations are not independent seeds.",accuracy percent; epoch is the raw zero-based epoch index
in489g1,scalar,scalar,0,in489g1-scalar-s0,63,0.91,0.91,S0058,80,false,"`in489g1`, 12 runs, ImageNet-489 | `in489g2`, 14 runs, ImageNet-489 | Full available curve retained; registered_horizon and in_registered_plateau5_window identify the primary endpoint. Epoch observations are not independent seeds.",accuracy percent; epoch is the raw zero-based epoch index
in489g1,scalar,scalar,0,in489g1-scalar-s0,64,0.88,0.91,S0058,80,false,"`in489g1`, 12 runs, ImageNet-489 | `in489g2`, 14 runs, ImageNet-489 | Full available curve retained; registered_horizon and in_registered_plateau5_window identify the primary endpoint. Epoch observations are not independent seeds.",accuracy percent; epoch is the raw zero-based epoch index
in489g1,scalar,scalar,0,in489g1-scalar-s0,65,0.88,0.91,S0058,80,false,"`in489g1`, 12 runs, ImageNet-489 | `in489g2`, 14 runs, ImageNet-489 | Full available curve retained; registered_horizon and in_registered_plateau5_window identify the primary endpoint. Epoch observations are not independent seeds.",accuracy percent; epoch is the raw zero-based epoch index
in489g1,scalar,scalar,0,in489g1-scalar-s0,66,0.87,0.92,S0058,80,false,"`in489g1`, 12 runs, ImageNet-489 | `in489g2`, 14 runs, ImageNet-489 | Full available curve retained; registered_horizon and in_registered_plateau5_window identify the primary endpoint. Epoch observations are not independent seeds.",accuracy percent; epoch is the raw zero-based epoch index
in489g1,scalar,scalar,0,in489g1-scalar-s0,67,0.89,0.92,S0058,80,false,"`in489g1`, 12 runs, ImageNet-489 | `in489g2`, 14 runs, ImageNet-489 | Full available curve retained; registered_horizon and in_registered_plateau5_window identify the primary endpoint. Epoch observations are not independent seeds.",accuracy percent; epoch is the raw zero-based epoch index
in489g1,scalar,scalar,0,in489g1-scalar-s0,68,0.88,0.91,S0058,80,false,"`in489g1`, 12 runs, ImageNet-489 | `in489g2`, 14 runs, ImageNet-489 | Full available curve retained; registered_horizon and in_registered_plateau5_window identify the primary endpoint. Epoch observations are not independent seeds.",accuracy percent; epoch is the raw zero-based epoch index
in489g1,scalar,scalar,0,in489g1-scalar-s0,69,0.88,0.91,S0058,80,false,"`in489g1`, 12 runs, ImageNet-489 | `in489g2`, 14 runs, ImageNet-489 | Full available curve retained; registered_horizon and in_registered_plateau5_window identify the primary endpoint. Epoch observations are not independent seeds.",accuracy percent; epoch is the raw zero-based epoch index
in489g1,scalar,scalar,0,in489g1-scalar-s0,70,0.88,0.9,S0058,80,false,"`in489g1`, 12 runs, ImageNet-489 | `in489g2`, 14 runs, ImageNet-489 | Full available curve retained; registered_horizon and in_registered_plateau5_window identify the primary endpoint. Epoch observations are not independent seeds.",accuracy percent; epoch is the raw zero-based epoch index
in489g1,scalar,scalar,0,in489g1-scalar-s0,71,0.89,0.91,S0058,80,false,"`in489g1`, 12 runs, ImageNet-489 | `in489g2`, 14 runs, ImageNet-489 | Full available curve retained; registered_horizon and in_registered_plateau5_window identify the primary endpoint. Epoch observations are not independent seeds.",accuracy percent; epoch is the raw zero-based epoch index
in489g1,scalar,scalar,0,in489g1-scalar-s0,72,0.88,0.91,S0058,80,false,"`in489g1`, 12 runs, ImageNet-489 | `in489g2`, 14 runs, ImageNet-489 | Full available curve retained; registered_horizon and in_registered_plateau5_window identify the primary endpoint. Epoch observations are not independent seeds.",accuracy percent; epoch is the raw zero-based epoch index
in489g1,scalar,scalar,0,in489g1-scalar-s0,73,0.88,0.9,S0058,80,false,"`in489g1`, 12 runs, ImageNet-489 | `in489g2`, 14 runs, ImageNet-489 | Full available curve retained; registered_horizon and in_registered_plateau5_window identify the primary endpoint. Epoch observations are not independent seeds.",accuracy percent; epoch is the raw zero-based epoch index
in489g1,scalar,scalar,0,in489g1-scalar-s0,74,0.89,0.9,S0058,80,false,"`in489g1`, 12 runs, ImageNet-489 | `in489g2`, 14 runs, ImageNet-489 | Full available curve retained; registered_horizon and in_registered_plateau5_window identify the primary endpoint. Epoch observations are not independent seeds.",accuracy percent; epoch is the raw zero-based epoch index
in489g1,scalar,scalar,0,in489g1-scalar-s0,75,0.88,0.9,S0058,80,true,"`in489g1`, 12 runs, ImageNet-489 | `in489g2`, 14 runs, ImageNet-489 | Full available curve retained; registered_horizon and in_registered_plateau5_window identify the primary endpoint. Epoch observations are not independent seeds.",accuracy percent; epoch is the raw zero-based epoch index
in489g1,scalar,scalar,0,in489g1-scalar-s0,76,0.9,0.91,S0058,80,true,"`in489g1`, 12 runs, ImageNet-489 | `in489g2`, 14 runs, ImageNet-489 | Full available curve retained; registered_horizon and in_registered_plateau5_window identify the primary endpoint. Epoch observations are not independent seeds.",accuracy percent; epoch is the raw zero-based epoch index
in489g1,scalar,scalar,0,in489g1-scalar-s0,77,0.89,0.92,S0058,80,true,"`in489g1`, 12 runs, ImageNet-489 | `in489g2`, 14 runs, ImageNet-489 | Full available curve retained; registered_horizon and in_registered_plateau5_window identify the primary endpoint. Epoch observations are not independent seeds.",accuracy percent; epoch is the raw zero-based epoch index
in489g1,scalar,scalar,0,in489g1-scalar-s0,78,0.89,0.9,S0058,80,true,"`in489g1`, 12 runs, ImageNet-489 | `in489g2`, 14 runs, ImageNet-489 | Full available curve retained; registered_horizon and in_registered_plateau5_window identify the primary endpoint. Epoch observations are not independent seeds.",accuracy percent; epoch is the raw zero-based epoch index
in489g1,scalar,scalar,0,in489g1-scalar-s0,79,0.88,0.9,S0058,80,true,"`in489g1`, 12 runs, ImageNet-489 | `in489g2`, 14 runs, ImageNet-489 | Full available curve retained; registered_horizon and in_registered_plateau5_window identify the primary endpoint. Epoch observations are not independent seeds.",accuracy percent; epoch is the raw zero-based epoch index
in489g1,scalar,scalar,0,in489g1-scalar-s0,80,0.92,0.91,S0058,80,false,"`in489g1`, 12 runs, ImageNet-489 | `in489g2`, 14 runs, ImageNet-489 | Full available curve retained; registered_horizon and in_registered_plateau5_window identify the primary endpoint. Epoch observations are not independent seeds.",accuracy percent; epoch is the raw zero-based epoch index
in489g1,scalar,scalar,0,in489g1-scalar-s0,81,0.89,0.91,S0058,80,false,"`in489g1`, 12 runs, ImageNet-489 | `in489g2`, 14 runs, ImageNet-489 | Full available curve retained; registered_horizon and in_registered_plateau5_window identify the primary endpoint. Epoch observations are not independent seeds.",accuracy percent; epoch is the raw zero-based epoch index
in489g1,scalar,scalar,0,in489g1-scalar-s0,82,0.88,0.91,S0058,80,false,"`in489g1`, 12 runs, ImageNet-489 | `in489g2`, 14 runs, ImageNet-489 | Full available curve retained; registered_horizon and in_registered_plateau5_window identify the primary endpoint. Epoch observations are not independent seeds.",accuracy percent; epoch is the raw zero-based epoch index
in489g1,scalar,scalar,0,in489g1-scalar-s0,83,0.88,0.91,S0058,80,false,"`in489g1`, 12 runs, ImageNet-489 | `in489g2`, 14 runs, ImageNet-489 | Full available curve retained; registered_horizon and in_registered_plateau5_window identify the primary endpoint. Epoch observations are not independent seeds.",accuracy percent; epoch is the raw zero-based epoch index
in489g1,scalar,scalar,1,in489g1-scalar-s1,0,0.27,0.23,S0059,80,false,"`in489g1`, 12 runs, ImageNet-489 | `in489g2`, 14 runs, ImageNet-489 | Full available curve retained; registered_horizon and in_registered_plateau5_window identify the primary endpoint. Epoch observations are not independent seeds.",accuracy percent; epoch is the raw zero-based epoch index
in489g1,scalar,scalar,1,in489g1-scalar-s1,1,0.25,0.23,S0059,80,false,"`in489g1`, 12 runs, ImageNet-489 | `in489g2`, 14 runs, ImageNet-489 | Full available curve retained; registered_horizon and in_registered_plateau5_window identify the primary endpoint. Epoch observations are not independent seeds.",accuracy percent; epoch is the raw zero-based epoch index
in489g1,scalar,scalar,1,in489g1-scalar-s1,2,0.52,0.31,S0059,80,false,"`in489g1`, 12 runs, ImageNet-489 | `in489g2`, 14 runs, ImageNet-489 | Full available curve retained; registered_horizon and in_registered_plateau5_window identify the primary endpoint. Epoch observations are not independent seeds.",accuracy percent; epoch is the raw zero-based epoch index
in489g1,scalar,scalar,1,in489g1-scalar-s1,3,1.18,0.98,S0059,80,false,"`in489g1`, 12 runs, ImageNet-489 | `in489g2`, 14 runs, ImageNet-489 | Full available curve retained; registered_horizon and in_registered_plateau5_window identify the primary endpoint. Epoch observations are not independent seeds.",accuracy percent; epoch is the raw zero-based epoch index
in489g1,scalar,scalar,1,in489g1-scalar-s1,4,1.16,1.14,S0059,80,false,"`in489g1`, 12 runs, ImageNet-489 | `in489g2`, 14 runs, ImageNet-489 | Full available curve retained; registered_horizon and in_registered_plateau5_window identify the primary endpoint. Epoch observations are not independent seeds.",accuracy percent; epoch is the raw zero-based epoch index
in489g1,scalar,scalar,1,in489g1-scalar-s1,5,1.12,1.14,S0059,80,false,"`in489g1`, 12 runs, ImageNet-489 | `in489g2`, 14 runs, ImageNet-489 | Full available curve retained; registered_horizon and in_registered_plateau5_window identify the primary endpoint. Epoch observations are not independent seeds.",accuracy percent; epoch is the raw zero-based epoch index
in489g1,scalar,scalar,1,in489g1-scalar-s1,6,1.14,1.14,S0059,80,false,"`in489g1`, 12 runs, ImageNet-489 | `in489g2`, 14 runs, ImageNet-489 | Full available curve retained; registered_horizon and in_registered_plateau5_window identify the primary endpoint. Epoch observations are not independent seeds.",accuracy percent; epoch is the raw zero-based epoch index
in489g1,scalar,scalar,1,in489g1-scalar-s1,7,1.13,1.14,S0059,80,false,"`in489g1`, 12 runs, ImageNet-489 | `in489g2`, 14 runs, ImageNet-489 | Full available curve retained; registered_horizon and in_registered_plateau5_window identify the primary endpoint. Epoch observations are not independent seeds.",accuracy percent; epoch is the raw zero-based epoch index
in489g1,scalar,scalar,1,in489g1-scalar-s1,8,1.11,1.13,S0059,80,false,"`in489g1`, 12 runs, ImageNet-489 | `in489g2`, 14 runs, ImageNet-489 | Full available curve retained; registered_horizon and in_registered_plateau5_window identify the primary endpoint. Epoch observations are not independent seeds.",accuracy percent; epoch is the raw zero-based epoch index
in489g1,scalar,scalar,1,in489g1-scalar-s1,9,1.11,1.15,S0059,80,false,"`in489g1`, 12 runs, ImageNet-489 | `in489g2`, 14 runs, ImageNet-489 | Full available curve retained; registered_horizon and in_registered_plateau5_window identify the primary endpoint. Epoch observations are not independent seeds.",accuracy percent; epoch is the raw zero-based epoch index
in489g1,scalar,scalar,1,in489g1-scalar-s1,10,1.13,1.15,S0059,80,false,"`in489g1`, 12 runs, ImageNet-489 | `in489g2`, 14 runs, ImageNet-489 | Full available curve retained; registered_horizon and in_registered_plateau5_window identify the primary endpoint. Epoch observations are not independent seeds.",accuracy percent; epoch is the raw zero-based epoch index
in489g1,scalar,scalar,1,in489g1-scalar-s1,11,1.12,1.15,S0059,80,false,"`in489g1`, 12 runs, ImageNet-489 | `in489g2`, 14 runs, ImageNet-489 | Full available curve retained; registered_horizon and in_registered_plateau5_window identify the primary endpoint. Epoch observations are not independent seeds.",accuracy percent; epoch is the raw zero-based epoch index
in489g1,scalar,scalar,1,in489g1-scalar-s1,12,1.14,1.15,S0059,80,false,"`in489g1`, 12 runs, ImageNet-489 | `in489g2`, 14 runs, ImageNet-489 | Full available curve retained; registered_horizon and in_registered_plateau5_window identify the primary endpoint. Epoch observations are not independent seeds.",accuracy percent; epoch is the raw zero-based epoch index
in489g1,scalar,scalar,1,in489g1-scalar-s1,13,1.11,1.15,S0059,80,false,"`in489g1`, 12 runs, ImageNet-489 | `in489g2`, 14 runs, ImageNet-489 | Full available curve retained; registered_horizon and in_registered_plateau5_window identify the primary endpoint. Epoch observations are not independent seeds.",accuracy percent; epoch is the raw zero-based epoch index
in489g1,scalar,scalar,1,in489g1-scalar-s1,14,1.12,1.15,S0059,80,false,"`in489g1`, 12 runs, ImageNet-489 | `in489g2`, 14 runs, ImageNet-489 | Full available curve retained; registered_horizon and in_registered_plateau5_window identify the primary endpoint. Epoch observations are not independent seeds.",accuracy percent; epoch is the raw zero-based epoch index
in489g1,scalar,scalar,1,in489g1-scalar-s1,15,1.12,1.16,S0059,80,false,"`in489g1`, 12 runs, ImageNet-489 | `in489g2`, 14 runs, ImageNet-489 | Full available curve retained; registered_horizon and in_registered_plateau5_window identify the primary endpoint. Epoch observations are not independent seeds.",accuracy percent; epoch is the raw zero-based epoch index
in489g1,scalar,scalar,1,in489g1-scalar-s1,16,1.12,1.13,S0059,80,false,"`in489g1`, 12 runs, ImageNet-489 | `in489g2`, 14 runs, ImageNet-489 | Full available curve retained; registered_horizon and in_registered_plateau5_window identify the primary endpoint. Epoch observations are not independent seeds.",accuracy percent; epoch is the raw zero-based epoch index
in489g1,scalar,scalar,1,in489g1-scalar-s1,17,1.12,1.14,S0059,80,false,"`in489g1`, 12 runs, ImageNet-489 | `in489g2`, 14 runs, ImageNet-489 | Full available curve retained; registered_horizon and in_registered_plateau5_window identify the primary endpoint. Epoch observations are not independent seeds.",accuracy percent; epoch is the raw zero-based epoch index
in489g1,scalar,scalar,1,in489g1-scalar-s1,18,1.11,1.14,S0059,80,false,"`in489g1`, 12 runs, ImageNet-489 | `in489g2`, 14 runs, ImageNet-489 | Full available curve retained; registered_horizon and in_registered_plateau5_window identify the primary endpoint. Epoch observations are not independent seeds.",accuracy percent; epoch is the raw zero-based epoch index
in489g1,scalar,scalar,1,in489g1-scalar-s1,19,1.12,1.14,S0059,80,false,"`in489g1`, 12 runs, ImageNet-489 | `in489g2`, 14 runs, ImageNet-489 | Full available curve retained; registered_horizon and in_registered_plateau5_window identify the primary endpoint. Epoch observations are not independent seeds.",accuracy percent; epoch is the raw zero-based epoch index
in489g1,scalar,scalar,1,in489g1-scalar-s1,20,1.1,1.15,S0059,80,false,"`in489g1`, 12 runs, ImageNet-489 | `in489g2`, 14 runs, ImageNet-489 | Full available curve retained; registered_horizon and in_registered_plateau5_window identify the primary endpoint. Epoch observations are not independent seeds.",accuracy percent; epoch is the raw zero-based epoch index
in489g1,scalar,scalar,1,in489g1-scalar-s1,21,1.12,1.15,S0059,80,false,"`in489g1`, 12 runs, ImageNet-489 | `in489g2`, 14 runs, ImageNet-489 | Full available curve retained; registered_horizon and in_registered_plateau5_window identify the primary endpoint. Epoch observations are not independent seeds.",accuracy percent; epoch is the raw zero-based epoch index
in489g1,scalar,scalar,1,in489g1-scalar-s1,22,1.11,1.14,S0059,80,false,"`in489g1`, 12 runs, ImageNet-489 | `in489g2`, 14 runs, ImageNet-489 | Full available curve retained; registered_horizon and in_registered_plateau5_window identify the primary endpoint. Epoch observations are not independent seeds.",accuracy percent; epoch is the raw zero-based epoch index
in489g1,scalar,scalar,1,in489g1-scalar-s1,23,1.1,1.14,S0059,80,false,"`in489g1`, 12 runs, ImageNet-489 | `in489g2`, 14 runs, ImageNet-489 | Full available curve retained; registered_horizon and in_registered_plateau5_window identify the primary endpoint. Epoch observations are not independent seeds.",accuracy percent; epoch is the raw zero-based epoch index
in489g1,scalar,scalar,1,in489g1-scalar-s1,24,1.12,1.14,S0059,80,false,"`in489g1`, 12 runs, ImageNet-489 | `in489g2`, 14 runs, ImageNet-489 | Full available curve retained; registered_horizon and in_registered_plateau5_window identify the primary endpoint. Epoch observations are not independent seeds.",accuracy percent; epoch is the raw zero-based epoch index
in489g1,scalar,scalar,1,in489g1-scalar-s1,25,1.12,1.14,S0059,80,false,"`in489g1`, 12 runs, ImageNet-489 | `in489g2`, 14 runs, ImageNet-489 | Full available curve retained; registered_horizon and in_registered_plateau5_window identify the primary endpoint. Epoch observations are not independent seeds.",accuracy percent; epoch is the raw zero-based epoch index
in489g1,scalar,scalar,1,in489g1-scalar-s1,26,1.13,1.14,S0059,80,false,"`in489g1`, 12 runs, ImageNet-489 | `in489g2`, 14 runs, ImageNet-489 | Full available curve retained; registered_horizon and in_registered_plateau5_window identify the primary endpoint. Epoch observations are not independent seeds.",accuracy percent; epoch is the raw zero-based epoch index
in489g1,scalar,scalar,1,in489g1-scalar-s1,27,1.1,1.13,S0059,80,false,"`in489g1`, 12 runs, ImageNet-489 | `in489g2`, 14 runs, ImageNet-489 | Full available curve retained; registered_horizon and in_registered_plateau5_window identify the primary endpoint. Epoch observations are not independent seeds.",accuracy percent; epoch is the raw zero-based epoch index
in489g1,scalar,scalar,1,in489g1-scalar-s1,28,1.1,1.14,S0059,80,false,"`in489g1`, 12 runs, ImageNet-489 | `in489g2`, 14 runs, ImageNet-489 | Full available curve retained; registered_horizon and in_registered_plateau5_window identify the primary endpoint. Epoch observations are not independent seeds.",accuracy percent; epoch is the raw zero-based epoch index
in489g1,scalar,scalar,1,in489g1-scalar-s1,29,1.13,1.14,S0059,80,false,"`in489g1`, 12 runs, ImageNet-489 | `in489g2`, 14 runs, ImageNet-489 | Full available curve retained; registered_horizon and in_registered_plateau5_window identify the primary endpoint. Epoch observations are not independent seeds.",accuracy percent; epoch is the raw zero-based epoch index
in489g1,scalar,scalar,1,in489g1-scalar-s1,30,1.11,1.15,S0059,80,false,"`in489g1`, 12 runs, ImageNet-489 | `in489g2`, 14 runs, ImageNet-489 | Full available curve retained; registered_horizon and in_registered_plateau5_window identify the primary endpoint. Epoch observations are not independent seeds.",accuracy percent; epoch is the raw zero-based epoch index
in489g1,scalar,scalar,1,in489g1-scalar-s1,31,1.12,1.14,S0059,80,false,"`in489g1`, 12 runs, ImageNet-489 | `in489g2`, 14 runs, ImageNet-489 | Full available curve retained; registered_horizon and in_registered_plateau5_window identify the primary endpoint. Epoch observations are not independent seeds.",accuracy percent; epoch is the raw zero-based epoch index
in489g1,scalar,scalar,1,in489g1-scalar-s1,32,1.12,1.14,S0059,80,false,"`in489g1`, 12 runs, ImageNet-489 | `in489g2`, 14 runs, ImageNet-489 | Full available curve retained; registered_horizon and in_registered_plateau5_window identify the primary endpoint. Epoch observations are not independent seeds.",accuracy percent; epoch is the raw zero-based epoch index
in489g1,scalar,scalar,1,in489g1-scalar-s1,33,1.13,1.15,S0059,80,false,"`in489g1`, 12 runs, ImageNet-489 | `in489g2`, 14 runs, ImageNet-489 | Full available curve retained; registered_horizon and in_registered_plateau5_window identify the primary endpoint. Epoch observations are not independent seeds.",accuracy percent; epoch is the raw zero-based epoch index
in489g1,scalar,scalar,1,in489g1-scalar-s1,34,1.12,1.14,S0059,80,false,"`in489g1`, 12 runs, ImageNet-489 | `in489g2`, 14 runs, ImageNet-489 | Full available curve retained; registered_horizon and in_registered_plateau5_window identify the primary endpoint. Epoch observations are not independent seeds.",accuracy percent; epoch is the raw zero-based epoch index
in489g1,scalar,scalar,1,in489g1-scalar-s1,35,1.12,1.14,S0059,80,false,"`in489g1`, 12 runs, ImageNet-489 | `in489g2`, 14 runs, ImageNet-489 | Full available curve retained; registered_horizon and in_registered_plateau5_window identify the primary endpoint. Epoch observations are not independent seeds.",accuracy percent; epoch is the raw zero-based epoch index
in489g1,scalar,scalar,1,in489g1-scalar-s1,36,1.12,1.14,S0059,80,false,"`in489g1`, 12 runs, ImageNet-489 | `in489g2`, 14 runs, ImageNet-489 | Full available curve retained; registered_horizon and in_registered_plateau5_window identify the primary endpoint. Epoch observations are not independent seeds.",accuracy percent; epoch is the raw zero-based epoch index
in489g1,scalar,scalar,1,in489g1-scalar-s1,37,1.11,1.13,S0059,80,false,"`in489g1`, 12 runs, ImageNet-489 | `in489g2`, 14 runs, ImageNet-489 | Full available curve retained; registered_horizon and in_registered_plateau5_window identify the primary endpoint. Epoch observations are not independent seeds.",accuracy percent; epoch is the raw zero-based epoch index
in489g1,scalar,scalar,1,in489g1-scalar-s1,38,1.1,1.15,S0059,80,false,"`in489g1`, 12 runs, ImageNet-489 | `in489g2`, 14 runs, ImageNet-489 | Full available curve retained; registered_horizon and in_registered_plateau5_window identify the primary endpoint. Epoch observations are not independent seeds.",accuracy percent; epoch is the raw zero-based epoch index
in489g1,scalar,scalar,1,in489g1-scalar-s1,39,1.12,1.15,S0059,80,false,"`in489g1`, 12 runs, ImageNet-489 | `in489g2`, 14 runs, ImageNet-489 | Full available curve retained; registered_horizon and in_registered_plateau5_window identify the primary endpoint. Epoch observations are not independent seeds.",accuracy percent; epoch is the raw zero-based epoch index
in489g1,scalar,scalar,1,in489g1-scalar-s1,40,1.12,1.14,S0059,80,false,"`in489g1`, 12 runs, ImageNet-489 | `in489g2`, 14 runs, ImageNet-489 | Full available curve retained; registered_horizon and in_registered_plateau5_window identify the primary endpoint. Epoch observations are not independent seeds.",accuracy percent; epoch is the raw zero-based epoch index
in489g1,scalar,scalar,1,in489g1-scalar-s1,41,1.12,1.15,S0059,80,false,"`in489g1`, 12 runs, ImageNet-489 | `in489g2`, 14 runs, ImageNet-489 | Full available curve retained; registered_horizon and in_registered_plateau5_window identify the primary endpoint. Epoch observations are not independent seeds.",accuracy percent; epoch is the raw zero-based epoch index
in489g1,scalar,scalar,1,in489g1-scalar-s1,42,1.11,1.15,S0059,80,false,"`in489g1`, 12 runs, ImageNet-489 | `in489g2`, 14 runs, ImageNet-489 | Full available curve retained; registered_horizon and in_registered_plateau5_window identify the primary endpoint. Epoch observations are not independent seeds.",accuracy percent; epoch is the raw zero-based epoch index
in489g1,scalar,scalar,1,in489g1-scalar-s1,43,1.1,1.14,S0059,80,false,"`in489g1`, 12 runs, ImageNet-489 | `in489g2`, 14 runs, ImageNet-489 | Full available curve retained; registered_horizon and in_registered_plateau5_window identify the primary endpoint. Epoch observations are not independent seeds.",accuracy percent; epoch is the raw zero-based epoch index
in489g1,scalar,scalar,1,in489g1-scalar-s1,44,1.11,1.14,S0059,80,false,"`in489g1`, 12 runs, ImageNet-489 | `in489g2`, 14 runs, ImageNet-489 | Full available curve retained; registered_horizon and in_registered_plateau5_window identify the primary endpoint. Epoch observations are not independent seeds.",accuracy percent; epoch is the raw zero-based epoch index
in489g1,scalar,scalar,1,in489g1-scalar-s1,45,1.12,1.13,S0059,80,false,"`in489g1`, 12 runs, ImageNet-489 | `in489g2`, 14 runs, ImageNet-489 | Full available curve retained; registered_horizon and in_registered_plateau5_window identify the primary endpoint. Epoch observations are not independent seeds.",accuracy percent; epoch is the raw zero-based epoch index
in489g1,scalar,scalar,1,in489g1-scalar-s1,46,1.14,1.13,S0059,80,false,"`in489g1`, 12 runs, ImageNet-489 | `in489g2`, 14 runs, ImageNet-489 | Full available curve retained; registered_horizon and in_registered_plateau5_window identify the primary endpoint. Epoch observations are not independent seeds.",accuracy percent; epoch is the raw zero-based epoch index
in489g1,scalar,scalar,1,in489g1-scalar-s1,47,1.1,1.15,S0059,80,false,"`in489g1`, 12 runs, ImageNet-489 | `in489g2`, 14 runs, ImageNet-489 | Full available curve retained; registered_horizon and in_registered_plateau5_window identify the primary endpoint. Epoch observations are not independent seeds.",accuracy percent; epoch is the raw zero-based epoch index
in489g1,scalar,scalar,1,in489g1-scalar-s1,48,1.12,1.15,S0059,80,false,"`in489g1`, 12 runs, ImageNet-489 | `in489g2`, 14 runs, ImageNet-489 | Full available curve retained; registered_horizon and in_registered_plateau5_window identify the primary endpoint. Epoch observations are not independent seeds.",accuracy percent; epoch is the raw zero-based epoch index
in489g1,scalar,scalar,1,in489g1-scalar-s1,49,1.13,1.14,S0059,80,false,"`in489g1`, 12 runs, ImageNet-489 | `in489g2`, 14 runs, ImageNet-489 | Full available curve retained; registered_horizon and in_registered_plateau5_window identify the primary endpoint. Epoch observations are not independent seeds.",accuracy percent; epoch is the raw zero-based epoch index
in489g1,scalar,scalar,1,in489g1-scalar-s1,50,1.12,1.16,S0059,80,false,"`in489g1`, 12 runs, ImageNet-489 | `in489g2`, 14 runs, ImageNet-489 | Full available curve retained; registered_horizon and in_registered_plateau5_window identify the primary endpoint. Epoch observations are not independent seeds.",accuracy percent; epoch is the raw zero-based epoch index
in489g1,scalar,scalar,1,in489g1-scalar-s1,51,1.11,1.15,S0059,80,false,"`in489g1`, 12 runs, ImageNet-489 | `in489g2`, 14 runs, ImageNet-489 | Full available curve retained; registered_horizon and in_registered_plateau5_window identify the primary endpoint. Epoch observations are not independent seeds.",accuracy percent; epoch is the raw zero-based epoch index
in489g1,scalar,scalar,1,in489g1-scalar-s1,52,1.12,1.14,S0059,80,false,"`in489g1`, 12 runs, ImageNet-489 | `in489g2`, 14 runs, ImageNet-489 | Full available curve retained; registered_horizon and in_registered_plateau5_window identify the primary endpoint. Epoch observations are not independent seeds.",accuracy percent; epoch is the raw zero-based epoch index
in489g1,scalar,scalar,1,in489g1-scalar-s1,53,1.14,1.15,S0059,80,false,"`in489g1`, 12 runs, ImageNet-489 | `in489g2`, 14 runs, ImageNet-489 | Full available curve retained; registered_horizon and in_registered_plateau5_window identify the primary endpoint. Epoch observations are not independent seeds.",accuracy percent; epoch is the raw zero-based epoch index
in489g1,scalar,scalar,1,in489g1-scalar-s1,54,1.12,1.14,S0059,80,false,"`in489g1`, 12 runs, ImageNet-489 | `in489g2`, 14 runs, ImageNet-489 | Full available curve retained; registered_horizon and in_registered_plateau5_window identify the primary endpoint. Epoch observations are not independent seeds.",accuracy percent; epoch is the raw zero-based epoch index
in489g1,scalar,scalar,1,in489g1-scalar-s1,55,1.12,1.14,S0059,80,false,"`in489g1`, 12 runs, ImageNet-489 | `in489g2`, 14 runs, ImageNet-489 | Full available curve retained; registered_horizon and in_registered_plateau5_window identify the primary endpoint. Epoch observations are not independent seeds.",accuracy percent; epoch is the raw zero-based epoch index
in489g1,scalar,scalar,1,in489g1-scalar-s1,56,1.12,1.14,S0059,80,false,"`in489g1`, 12 runs, ImageNet-489 | `in489g2`, 14 runs, ImageNet-489 | Full available curve retained; registered_horizon and in_registered_plateau5_window identify the primary endpoint. Epoch observations are not independent seeds.",accuracy percent; epoch is the raw zero-based epoch index
in489g1,scalar,scalar,1,in489g1-scalar-s1,57,1.12,1.14,S0059,80,false,"`in489g1`, 12 runs, ImageNet-489 | `in489g2`, 14 runs, ImageNet-489 | Full available curve retained; registered_horizon and in_registered_plateau5_window identify the primary endpoint. Epoch observations are not independent seeds.",accuracy percent; epoch is the raw zero-based epoch index
in489g1,scalar,scalar,1,in489g1-scalar-s1,58,1.11,1.14,S0059,80,false,"`in489g1`, 12 runs, ImageNet-489 | `in489g2`, 14 runs, ImageNet-489 | Full available curve retained; registered_horizon and in_registered_plateau5_window identify the primary endpoint. Epoch observations are not independent seeds.",accuracy percent; epoch is the raw zero-based epoch index
in489g1,scalar,scalar,1,in489g1-scalar-s1,59,1.12,1.14,S0059,80,false,"`in489g1`, 12 runs, ImageNet-489 | `in489g2`, 14 runs, ImageNet-489 | Full available curve retained; registered_horizon and in_registered_plateau5_window identify the primary endpoint. Epoch observations are not independent seeds.",accuracy percent; epoch is the raw zero-based epoch index
in489g1,scalar,scalar,1,in489g1-scalar-s1,60,1.12,1.14,S0059,80,false,"`in489g1`, 12 runs, ImageNet-489 | `in489g2`, 14 runs, ImageNet-489 | Full available curve retained; registered_horizon and in_registered_plateau5_window identify the primary endpoint. Epoch observations are not independent seeds.",accuracy percent; epoch is the raw zero-based epoch index
in489g1,scalar,scalar,1,in489g1-scalar-s1,61,1.12,1.14,S0059,80,false,"`in489g1`, 12 runs, ImageNet-489 | `in489g2`, 14 runs, ImageNet-489 | Full available curve retained; registered_horizon and in_registered_plateau5_window identify the primary endpoint. Epoch observations are not independent seeds.",accuracy percent; epoch is the raw zero-based epoch index
in489g1,scalar,scalar,1,in489g1-scalar-s1,62,1.13,1.13,S0059,80,false,"`in489g1`, 12 runs, ImageNet-489 | `in489g2`, 14 runs, ImageNet-489 | Full available curve retained; registered_horizon and in_registered_plateau5_window identify the primary endpoint. Epoch observations are not independent seeds.",accuracy percent; epoch is the raw zero-based epoch index
in489g1,scalar,scalar,1,in489g1-scalar-s1,63,1.11,1.14,S0059,80,false,"`in489g1`, 12 runs, ImageNet-489 | `in489g2`, 14 runs, ImageNet-489 | Full available curve retained; registered_horizon and in_registered_plateau5_window identify the primary endpoint. Epoch observations are not independent seeds.",accuracy percent; epoch is the raw zero-based epoch index
in489g1,scalar,scalar,1,in489g1-scalar-s1,64,1.1,1.15,S0059,80,false,"`in489g1`, 12 runs, ImageNet-489 | `in489g2`, 14 runs, ImageNet-489 | Full available curve retained; registered_horizon and in_registered_plateau5_window identify the primary endpoint. Epoch observations are not independent seeds.",accuracy percent; epoch is the raw zero-based epoch index
in489g1,scalar,scalar,1,in489g1-scalar-s1,65,1.14,1.14,S0059,80,false,"`in489g1`, 12 runs, ImageNet-489 | `in489g2`, 14 runs, ImageNet-489 | Full available curve retained; registered_horizon and in_registered_plateau5_window identify the primary endpoint. Epoch observations are not independent seeds.",accuracy percent; epoch is the raw zero-based epoch index
in489g1,scalar,scalar,1,in489g1-scalar-s1,66,1.11,1.14,S0059,80,false,"`in489g1`, 12 runs, ImageNet-489 | `in489g2`, 14 runs, ImageNet-489 | Full available curve retained; registered_horizon and in_registered_plateau5_window identify the primary endpoint. Epoch observations are not independent seeds.",accuracy percent; epoch is the raw zero-based epoch index
in489g1,scalar,scalar,1,in489g1-scalar-s1,67,1.11,1.14,S0059,80,false,"`in489g1`, 12 runs, ImageNet-489 | `in489g2`, 14 runs, ImageNet-489 | Full available curve retained; registered_horizon and in_registered_plateau5_window identify the primary endpoint. Epoch observations are not independent seeds.",accuracy percent; epoch is the raw zero-based epoch index
in489g1,scalar,scalar,1,in489g1-scalar-s1,68,1.12,1.15,S0059,80,false,"`in489g1`, 12 runs, ImageNet-489 | `in489g2`, 14 runs, ImageNet-489 | Full available curve retained; registered_horizon and in_registered_plateau5_window identify the primary endpoint. Epoch observations are not independent seeds.",accuracy percent; epoch is the raw zero-based epoch index
in489g1,scalar,scalar,1,in489g1-scalar-s1,69,1.12,1.14,S0059,80,false,"`in489g1`, 12 runs, ImageNet-489 | `in489g2`, 14 runs, ImageNet-489 | Full available curve retained; registered_horizon and in_registered_plateau5_window identify the primary endpoint. Epoch observations are not independent seeds.",accuracy percent; epoch is the raw zero-based epoch index
in489g1,scalar,scalar,1,in489g1-scalar-s1,70,1.1,1.14,S0059,80,false,"`in489g1`, 12 runs, ImageNet-489 | `in489g2`, 14 runs, ImageNet-489 | Full available curve retained; registered_horizon and in_registered_plateau5_window identify the primary endpoint. Epoch observations are not independent seeds.",accuracy percent; epoch is the raw zero-based epoch index
in489g1,scalar,scalar,1,in489g1-scalar-s1,71,1.1,1.14,S0059,80,false,"`in489g1`, 12 runs, ImageNet-489 | `in489g2`, 14 runs, ImageNet-489 | Full available curve retained; registered_horizon and in_registered_plateau5_window identify the primary endpoint. Epoch observations are not independent seeds.",accuracy percent; epoch is the raw zero-based epoch index
in489g1,scalar,scalar,1,in489g1-scalar-s1,72,1.1,1.15,S0059,80,false,"`in489g1`, 12 runs, ImageNet-489 | `in489g2`, 14 runs, ImageNet-489 | Full available curve retained; registered_horizon and in_registered_plateau5_window identify the primary endpoint. Epoch observations are not independent seeds.",accuracy percent; epoch is the raw zero-based epoch index
in489g1,scalar,scalar,1,in489g1-scalar-s1,73,1.1,1.14,S0059,80,false,"`in489g1`, 12 runs, ImageNet-489 | `in489g2`, 14 runs, ImageNet-489 | Full available curve retained; registered_horizon and in_registered_plateau5_window identify the primary endpoint. Epoch observations are not independent seeds.",accuracy percent; epoch is the raw zero-based epoch index
in489g1,scalar,scalar,1,in489g1-scalar-s1,74,1.12,1.15,S0059,80,false,"`in489g1`, 12 runs, ImageNet-489 | `in489g2`, 14 runs, ImageNet-489 | Full available curve retained; registered_horizon and in_registered_plateau5_window identify the primary endpoint. Epoch observations are not independent seeds.",accuracy percent; epoch is the raw zero-based epoch index
in489g1,scalar,scalar,1,in489g1-scalar-s1,75,1.11,1.14,S0059,80,true,"`in489g1`, 12 runs, ImageNet-489 | `in489g2`, 14 runs, ImageNet-489 | Full available curve retained; registered_horizon and in_registered_plateau5_window identify the primary endpoint. Epoch observations are not independent seeds.",accuracy percent; epoch is the raw zero-based epoch index
in489g1,scalar,scalar,1,in489g1-scalar-s1,76,1.1,1.14,S0059,80,true,"`in489g1`, 12 runs, ImageNet-489 | `in489g2`, 14 runs, ImageNet-489 | Full available curve retained; registered_horizon and in_registered_plateau5_window identify the primary endpoint. Epoch observations are not independent seeds.",accuracy percent; epoch is the raw zero-based epoch index
in489g1,scalar,scalar,1,in489g1-scalar-s1,77,1.11,1.14,S0059,80,true,"`in489g1`, 12 runs, ImageNet-489 | `in489g2`, 14 runs, ImageNet-489 | Full available curve retained; registered_horizon and in_registered_plateau5_window identify the primary endpoint. Epoch observations are not independent seeds.",accuracy percent; epoch is the raw zero-based epoch index
in489g1,scalar,scalar,1,in489g1-scalar-s1,78,1.12,1.13,S0059,80,true,"`in489g1`, 12 runs, ImageNet-489 | `in489g2`, 14 runs, ImageNet-489 | Full available curve retained; registered_horizon and in_registered_plateau5_window identify the primary endpoint. Epoch observations are not independent seeds.",accuracy percent; epoch is the raw zero-based epoch index
in489g1,scalar,scalar,1,in489g1-scalar-s1,79,1.11,1.15,S0059,80,true,"`in489g1`, 12 runs, ImageNet-489 | `in489g2`, 14 runs, ImageNet-489 | Full available curve retained; registered_horizon and in_registered_plateau5_window identify the primary endpoint. Epoch observations are not independent seeds.",accuracy percent; epoch is the raw zero-based epoch index
in489g1,scalar,scalar,1,in489g1-scalar-s1,80,1.11,1.14,S0059,80,false,"`in489g1`, 12 runs, ImageNet-489 | `in489g2`, 14 runs, ImageNet-489 | Full available curve retained; registered_horizon and in_registered_plateau5_window identify the primary endpoint. Epoch observations are not independent seeds.",accuracy percent; epoch is the raw zero-based epoch index
in489g1,scalar,scalar,1,in489g1-scalar-s1,81,1.11,1.14,S0059,80,false,"`in489g1`, 12 runs, ImageNet-489 | `in489g2`, 14 runs, ImageNet-489 | Full available curve retained; registered_horizon and in_registered_plateau5_window identify the primary endpoint. Epoch observations are not independent seeds.",accuracy percent; epoch is the raw zero-based epoch index
in489g1,scalar,scalar,1,in489g1-scalar-s1,82,1.13,1.14,S0059,80,false,"`in489g1`, 12 runs, ImageNet-489 | `in489g2`, 14 runs, ImageNet-489 | Full available curve retained; registered_horizon and in_registered_plateau5_window identify the primary endpoint. Epoch observations are not independent seeds.",accuracy percent; epoch is the raw zero-based epoch index
in489g1,scalar,scalar,1,in489g1-scalar-s1,83,1.12,1.13,S0059,80,false,"`in489g1`, 12 runs, ImageNet-489 | `in489g2`, 14 runs, ImageNet-489 | Full available curve retained; registered_horizon and in_registered_plateau5_window identify the primary endpoint. Epoch observations are not independent seeds.",accuracy percent; epoch is the raw zero-based epoch index
in489g1,scalar,scalar,2,in489g1-scalar-s2,0,0.28,0.24,S0060,80,false,"`in489g1`, 12 runs, ImageNet-489 | `in489g2`, 14 runs, ImageNet-489 | Full available curve retained; registered_horizon and in_registered_plateau5_window identify the primary endpoint. Epoch observations are not independent seeds.",accuracy percent; epoch is the raw zero-based epoch index
in489g1,scalar,scalar,2,in489g1-scalar-s2,1,0.29,0.24,S0060,80,false,"`in489g1`, 12 runs, ImageNet-489 | `in489g2`, 14 runs, ImageNet-489 | Full available curve retained; registered_horizon and in_registered_plateau5_window identify the primary endpoint. Epoch observations are not independent seeds.",accuracy percent; epoch is the raw zero-based epoch index
in489g1,scalar,scalar,2,in489g1-scalar-s2,2,0.45,0.31,S0060,80,false,"`in489g1`, 12 runs, ImageNet-489 | `in489g2`, 14 runs, ImageNet-489 | Full available curve retained; registered_horizon and in_registered_plateau5_window identify the primary endpoint. Epoch observations are not independent seeds.",accuracy percent; epoch is the raw zero-based epoch index
in489g1,scalar,scalar,2,in489g1-scalar-s2,3,1.19,0.97,S0060,80,false,"`in489g1`, 12 runs, ImageNet-489 | `in489g2`, 14 runs, ImageNet-489 | Full available curve retained; registered_horizon and in_registered_plateau5_window identify the primary endpoint. Epoch observations are not independent seeds.",accuracy percent; epoch is the raw zero-based epoch index
in489g1,scalar,scalar,2,in489g1-scalar-s2,4,1.06,1.05,S0060,80,false,"`in489g1`, 12 runs, ImageNet-489 | `in489g2`, 14 runs, ImageNet-489 | Full available curve retained; registered_horizon and in_registered_plateau5_window identify the primary endpoint. Epoch observations are not independent seeds.",accuracy percent; epoch is the raw zero-based epoch index
in489g1,scalar,scalar,2,in489g1-scalar-s2,5,1.04,1.07,S0060,80,false,"`in489g1`, 12 runs, ImageNet-489 | `in489g2`, 14 runs, ImageNet-489 | Full available curve retained; registered_horizon and in_registered_plateau5_window identify the primary endpoint. Epoch observations are not independent seeds.",accuracy percent; epoch is the raw zero-based epoch index
in489g1,scalar,scalar,2,in489g1-scalar-s2,6,1.09,1.09,S0060,80,false,"`in489g1`, 12 runs, ImageNet-489 | `in489g2`, 14 runs, ImageNet-489 | Full available curve retained; registered_horizon and in_registered_plateau5_window identify the primary endpoint. Epoch observations are not independent seeds.",accuracy percent; epoch is the raw zero-based epoch index
in489g1,scalar,scalar,2,in489g1-scalar-s2,7,1.08,1.07,S0060,80,false,"`in489g1`, 12 runs, ImageNet-489 | `in489g2`, 14 runs, ImageNet-489 | Full available curve retained; registered_horizon and in_registered_plateau5_window identify the primary endpoint. Epoch observations are not independent seeds.",accuracy percent; epoch is the raw zero-based epoch index
in489g1,scalar,scalar,2,in489g1-scalar-s2,8,1.08,1.07,S0060,80,false,"`in489g1`, 12 runs, ImageNet-489 | `in489g2`, 14 runs, ImageNet-489 | Full available curve retained; registered_horizon and in_registered_plateau5_window identify the primary endpoint. Epoch observations are not independent seeds.",accuracy percent; epoch is the raw zero-based epoch index
in489g1,scalar,scalar,2,in489g1-scalar-s2,9,1.09,1.07,S0060,80,false,"`in489g1`, 12 runs, ImageNet-489 | `in489g2`, 14 runs, ImageNet-489 | Full available curve retained; registered_horizon and in_registered_plateau5_window identify the primary endpoint. Epoch observations are not independent seeds.",accuracy percent; epoch is the raw zero-based epoch index
in489g1,scalar,scalar,2,in489g1-scalar-s2,10,1.08,1.08,S0060,80,false,"`in489g1`, 12 runs, ImageNet-489 | `in489g2`, 14 runs, ImageNet-489 | Full available curve retained; registered_horizon and in_registered_plateau5_window identify the primary endpoint. Epoch observations are not independent seeds.",accuracy percent; epoch is the raw zero-based epoch index
in489g1,scalar,scalar,2,in489g1-scalar-s2,11,1.09,1.07,S0060,80,false,"`in489g1`, 12 runs, ImageNet-489 | `in489g2`, 14 runs, ImageNet-489 | Full available curve retained; registered_horizon and in_registered_plateau5_window identify the primary endpoint. Epoch observations are not independent seeds.",accuracy percent; epoch is the raw zero-based epoch index
in489g1,scalar,scalar,2,in489g1-scalar-s2,12,1.1,1.07,S0060,80,false,"`in489g1`, 12 runs, ImageNet-489 | `in489g2`, 14 runs, ImageNet-489 | Full available curve retained; registered_horizon and in_registered_plateau5_window identify the primary endpoint. Epoch observations are not independent seeds.",accuracy percent; epoch is the raw zero-based epoch index
in489g1,scalar,scalar,2,in489g1-scalar-s2,13,1.08,1.07,S0060,80,false,"`in489g1`, 12 runs, ImageNet-489 | `in489g2`, 14 runs, ImageNet-489 | Full available curve retained; registered_horizon and in_registered_plateau5_window identify the primary endpoint. Epoch observations are not independent seeds.",accuracy percent; epoch is the raw zero-based epoch index
in489g1,scalar,scalar,2,in489g1-scalar-s2,14,1.11,1.07,S0060,80,false,"`in489g1`, 12 runs, ImageNet-489 | `in489g2`, 14 runs, ImageNet-489 | Full available curve retained; registered_horizon and in_registered_plateau5_window identify the primary endpoint. Epoch observations are not independent seeds.",accuracy percent; epoch is the raw zero-based epoch index
in489g1,scalar,scalar,2,in489g1-scalar-s2,15,1.07,1.08,S0060,80,false,"`in489g1`, 12 runs, ImageNet-489 | `in489g2`, 14 runs, ImageNet-489 | Full available curve retained; registered_horizon and in_registered_plateau5_window identify the primary endpoint. Epoch observations are not independent seeds.",accuracy percent; epoch is the raw zero-based epoch index
in489g1,scalar,scalar,2,in489g1-scalar-s2,16,1.08,1.07,S0060,80,false,"`in489g1`, 12 runs, ImageNet-489 | `in489g2`, 14 runs, ImageNet-489 | Full available curve retained; registered_horizon and in_registered_plateau5_window identify the primary endpoint. Epoch observations are not independent seeds.",accuracy percent; epoch is the raw zero-based epoch index
in489g1,scalar,scalar,2,in489g1-scalar-s2,17,1.08,1.08,S0060,80,false,"`in489g1`, 12 runs, ImageNet-489 | `in489g2`, 14 runs, ImageNet-489 | Full available curve retained; registered_horizon and in_registered_plateau5_window identify the primary endpoint. Epoch observations are not independent seeds.",accuracy percent; epoch is the raw zero-based epoch index
in489g1,scalar,scalar,2,in489g1-scalar-s2,18,1.09,1.06,S0060,80,false,"`in489g1`, 12 runs, ImageNet-489 | `in489g2`, 14 runs, ImageNet-489 | Full available curve retained; registered_horizon and in_registered_plateau5_window identify the primary endpoint. Epoch observations are not independent seeds.",accuracy percent; epoch is the raw zero-based epoch index
in489g1,scalar,scalar,2,in489g1-scalar-s2,19,1.1,1.08,S0060,80,false,"`in489g1`, 12 runs, ImageNet-489 | `in489g2`, 14 runs, ImageNet-489 | Full available curve retained; registered_horizon and in_registered_plateau5_window identify the primary endpoint. Epoch observations are not independent seeds.",accuracy percent; epoch is the raw zero-based epoch index
in489g1,scalar,scalar,2,in489g1-scalar-s2,20,1.1,1.08,S0060,80,false,"`in489g1`, 12 runs, ImageNet-489 | `in489g2`, 14 runs, ImageNet-489 | Full available curve retained; registered_horizon and in_registered_plateau5_window identify the primary endpoint. Epoch observations are not independent seeds.",accuracy percent; epoch is the raw zero-based epoch index
in489g1,scalar,scalar,2,in489g1-scalar-s2,21,1.07,1.08,S0060,80,false,"`in489g1`, 12 runs, ImageNet-489 | `in489g2`, 14 runs, ImageNet-489 | Full available curve retained; registered_horizon and in_registered_plateau5_window identify the primary endpoint. Epoch observations are not independent seeds.",accuracy percent; epoch is the raw zero-based epoch index
in489g1,scalar,scalar,2,in489g1-scalar-s2,22,1.1,1.07,S0060,80,false,"`in489g1`, 12 runs, ImageNet-489 | `in489g2`, 14 runs, ImageNet-489 | Full available curve retained; registered_horizon and in_registered_plateau5_window identify the primary endpoint. Epoch observations are not independent seeds.",accuracy percent; epoch is the raw zero-based epoch index
in489g1,scalar,scalar,2,in489g1-scalar-s2,23,1.08,1.08,S0060,80,false,"`in489g1`, 12 runs, ImageNet-489 | `in489g2`, 14 runs, ImageNet-489 | Full available curve retained; registered_horizon and in_registered_plateau5_window identify the primary endpoint. Epoch observations are not independent seeds.",accuracy percent; epoch is the raw zero-based epoch index
in489g1,scalar,scalar,2,in489g1-scalar-s2,24,1.09,1.08,S0060,80,false,"`in489g1`, 12 runs, ImageNet-489 | `in489g2`, 14 runs, ImageNet-489 | Full available curve retained; registered_horizon and in_registered_plateau5_window identify the primary endpoint. Epoch observations are not independent seeds.",accuracy percent; epoch is the raw zero-based epoch index
in489g1,scalar,scalar,2,in489g1-scalar-s2,25,1.11,1.08,S0060,80,false,"`in489g1`, 12 runs, ImageNet-489 | `in489g2`, 14 runs, ImageNet-489 | Full available curve retained; registered_horizon and in_registered_plateau5_window identify the primary endpoint. Epoch observations are not independent seeds.",accuracy percent; epoch is the raw zero-based epoch index
in489g1,scalar,scalar,2,in489g1-scalar-s2,26,1.09,1.08,S0060,80,false,"`in489g1`, 12 runs, ImageNet-489 | `in489g2`, 14 runs, ImageNet-489 | Full available curve retained; registered_horizon and in_registered_plateau5_window identify the primary endpoint. Epoch observations are not independent seeds.",accuracy percent; epoch is the raw zero-based epoch index
in489g1,scalar,scalar,2,in489g1-scalar-s2,27,1.08,1.08,S0060,80,false,"`in489g1`, 12 runs, ImageNet-489 | `in489g2`, 14 runs, ImageNet-489 | Full available curve retained; registered_horizon and in_registered_plateau5_window identify the primary endpoint. Epoch observations are not independent seeds.",accuracy percent; epoch is the raw zero-based epoch index
in489g1,scalar,scalar,2,in489g1-scalar-s2,28,1.06,1.07,S0060,80,false,"`in489g1`, 12 runs, ImageNet-489 | `in489g2`, 14 runs, ImageNet-489 | Full available curve retained; registered_horizon and in_registered_plateau5_window identify the primary endpoint. Epoch observations are not independent seeds.",accuracy percent; epoch is the raw zero-based epoch index
in489g1,scalar,scalar,2,in489g1-scalar-s2,29,1.08,1.07,S0060,80,false,"`in489g1`, 12 runs, ImageNet-489 | `in489g2`, 14 runs, ImageNet-489 | Full available curve retained; registered_horizon and in_registered_plateau5_window identify the primary endpoint. Epoch observations are not independent seeds.",accuracy percent; epoch is the raw zero-based epoch index
in489g1,scalar,scalar,2,in489g1-scalar-s2,30,1.08,1.07,S0060,80,false,"`in489g1`, 12 runs, ImageNet-489 | `in489g2`, 14 runs, ImageNet-489 | Full available curve retained; registered_horizon and in_registered_plateau5_window identify the primary endpoint. Epoch observations are not independent seeds.",accuracy percent; epoch is the raw zero-based epoch index
in489g1,scalar,scalar,2,in489g1-scalar-s2,31,1.12,1.07,S0060,80,false,"`in489g1`, 12 runs, ImageNet-489 | `in489g2`, 14 runs, ImageNet-489 | Full available curve retained; registered_horizon and in_registered_plateau5_window identify the primary endpoint. Epoch observations are not independent seeds.",accuracy percent; epoch is the raw zero-based epoch index
in489g1,scalar,scalar,2,in489g1-scalar-s2,32,1.08,1.07,S0060,80,false,"`in489g1`, 12 runs, ImageNet-489 | `in489g2`, 14 runs, ImageNet-489 | Full available curve retained; registered_horizon and in_registered_plateau5_window identify the primary endpoint. Epoch observations are not independent seeds.",accuracy percent; epoch is the raw zero-based epoch index
in489g1,scalar,scalar,2,in489g1-scalar-s2,33,1.08,1.08,S0060,80,false,"`in489g1`, 12 runs, ImageNet-489 | `in489g2`, 14 runs, ImageNet-489 | Full available curve retained; registered_horizon and in_registered_plateau5_window identify the primary endpoint. Epoch observations are not independent seeds.",accuracy percent; epoch is the raw zero-based epoch index
in489g1,scalar,scalar,2,in489g1-scalar-s2,34,1.1,1.07,S0060,80,false,"`in489g1`, 12 runs, ImageNet-489 | `in489g2`, 14 runs, ImageNet-489 | Full available curve retained; registered_horizon and in_registered_plateau5_window identify the primary endpoint. Epoch observations are not independent seeds.",accuracy percent; epoch is the raw zero-based epoch index
in489g1,scalar,scalar,2,in489g1-scalar-s2,35,1.1,1.08,S0060,80,false,"`in489g1`, 12 runs, ImageNet-489 | `in489g2`, 14 runs, ImageNet-489 | Full available curve retained; registered_horizon and in_registered_plateau5_window identify the primary endpoint. Epoch observations are not independent seeds.",accuracy percent; epoch is the raw zero-based epoch index
in489g1,scalar,scalar,2,in489g1-scalar-s2,36,1.1,1.07,S0060,80,false,"`in489g1`, 12 runs, ImageNet-489 | `in489g2`, 14 runs, ImageNet-489 | Full available curve retained; registered_horizon and in_registered_plateau5_window identify the primary endpoint. Epoch observations are not independent seeds.",accuracy percent; epoch is the raw zero-based epoch index
in489g1,scalar,scalar,2,in489g1-scalar-s2,37,1.1,1.08,S0060,80,false,"`in489g1`, 12 runs, ImageNet-489 | `in489g2`, 14 runs, ImageNet-489 | Full available curve retained; registered_horizon and in_registered_plateau5_window identify the primary endpoint. Epoch observations are not independent seeds.",accuracy percent; epoch is the raw zero-based epoch index
in489g1,scalar,scalar,2,in489g1-scalar-s2,38,1.08,1.07,S0060,80,false,"`in489g1`, 12 runs, ImageNet-489 | `in489g2`, 14 runs, ImageNet-489 | Full available curve retained; registered_horizon and in_registered_plateau5_window identify the primary endpoint. Epoch observations are not independent seeds.",accuracy percent; epoch is the raw zero-based epoch index
in489g1,scalar,scalar,2,in489g1-scalar-s2,39,1.09,1.08,S0060,80,false,"`in489g1`, 12 runs, ImageNet-489 | `in489g2`, 14 runs, ImageNet-489 | Full available curve retained; registered_horizon and in_registered_plateau5_window identify the primary endpoint. Epoch observations are not independent seeds.",accuracy percent; epoch is the raw zero-based epoch index
in489g1,scalar,scalar,2,in489g1-scalar-s2,40,1.06,1.07,S0060,80,false,"`in489g1`, 12 runs, ImageNet-489 | `in489g2`, 14 runs, ImageNet-489 | Full available curve retained; registered_horizon and in_registered_plateau5_window identify the primary endpoint. Epoch observations are not independent seeds.",accuracy percent; epoch is the raw zero-based epoch index
in489g1,scalar,scalar,2,in489g1-scalar-s2,41,1.07,1.08,S0060,80,false,"`in489g1`, 12 runs, ImageNet-489 | `in489g2`, 14 runs, ImageNet-489 | Full available curve retained; registered_horizon and in_registered_plateau5_window identify the primary endpoint. Epoch observations are not independent seeds.",accuracy percent; epoch is the raw zero-based epoch index
in489g1,scalar,scalar,2,in489g1-scalar-s2,42,1.11,1.08,S0060,80,false,"`in489g1`, 12 runs, ImageNet-489 | `in489g2`, 14 runs, ImageNet-489 | Full available curve retained; registered_horizon and in_registered_plateau5_window identify the primary endpoint. Epoch observations are not independent seeds.",accuracy percent; epoch is the raw zero-based epoch index
in489g1,scalar,scalar,2,in489g1-scalar-s2,43,1.1,1.08,S0060,80,false,"`in489g1`, 12 runs, ImageNet-489 | `in489g2`, 14 runs, ImageNet-489 | Full available curve retained; registered_horizon and in_registered_plateau5_window identify the primary endpoint. Epoch observations are not independent seeds.",accuracy percent; epoch is the raw zero-based epoch index
in489g1,scalar,scalar,2,in489g1-scalar-s2,44,1.11,1.08,S0060,80,false,"`in489g1`, 12 runs, ImageNet-489 | `in489g2`, 14 runs, ImageNet-489 | Full available curve retained; registered_horizon and in_registered_plateau5_window identify the primary endpoint. Epoch observations are not independent seeds.",accuracy percent; epoch is the raw zero-based epoch index
in489g1,scalar,scalar,2,in489g1-scalar-s2,45,1.1,1.08,S0060,80,false,"`in489g1`, 12 runs, ImageNet-489 | `in489g2`, 14 runs, ImageNet-489 | Full available curve retained; registered_horizon and in_registered_plateau5_window identify the primary endpoint. Epoch observations are not independent seeds.",accuracy percent; epoch is the raw zero-based epoch index
in489g1,scalar,scalar,2,in489g1-scalar-s2,46,1.1,1.08,S0060,80,false,"`in489g1`, 12 runs, ImageNet-489 | `in489g2`, 14 runs, ImageNet-489 | Full available curve retained; registered_horizon and in_registered_plateau5_window identify the primary endpoint. Epoch observations are not independent seeds.",accuracy percent; epoch is the raw zero-based epoch index
in489g1,scalar,scalar,2,in489g1-scalar-s2,47,1.08,1.07,S0060,80,false,"`in489g1`, 12 runs, ImageNet-489 | `in489g2`, 14 runs, ImageNet-489 | Full available curve retained; registered_horizon and in_registered_plateau5_window identify the primary endpoint. Epoch observations are not independent seeds.",accuracy percent; epoch is the raw zero-based epoch index
in489g1,scalar,scalar,2,in489g1-scalar-s2,48,1.1,1.09,S0060,80,false,"`in489g1`, 12 runs, ImageNet-489 | `in489g2`, 14 runs, ImageNet-489 | Full available curve retained; registered_horizon and in_registered_plateau5_window identify the primary endpoint. Epoch observations are not independent seeds.",accuracy percent; epoch is the raw zero-based epoch index
in489g1,scalar,scalar,2,in489g1-scalar-s2,49,1.09,1.09,S0060,80,false,"`in489g1`, 12 runs, ImageNet-489 | `in489g2`, 14 runs, ImageNet-489 | Full available curve retained; registered_horizon and in_registered_plateau5_window identify the primary endpoint. Epoch observations are not independent seeds.",accuracy percent; epoch is the raw zero-based epoch index
in489g1,scalar,scalar,2,in489g1-scalar-s2,50,1.07,1.07,S0060,80,false,"`in489g1`, 12 runs, ImageNet-489 | `in489g2`, 14 runs, ImageNet-489 | Full available curve retained; registered_horizon and in_registered_plateau5_window identify the primary endpoint. Epoch observations are not independent seeds.",accuracy percent; epoch is the raw zero-based epoch index
in489g1,scalar,scalar,2,in489g1-scalar-s2,51,1.09,1.08,S0060,80,false,"`in489g1`, 12 runs, ImageNet-489 | `in489g2`, 14 runs, ImageNet-489 | Full available curve retained; registered_horizon and in_registered_plateau5_window identify the primary endpoint. Epoch observations are not independent seeds.",accuracy percent; epoch is the raw zero-based epoch index
in489g1,scalar,scalar,2,in489g1-scalar-s2,52,1.08,1.09,S0060,80,false,"`in489g1`, 12 runs, ImageNet-489 | `in489g2`, 14 runs, ImageNet-489 | Full available curve retained; registered_horizon and in_registered_plateau5_window identify the primary endpoint. Epoch observations are not independent seeds.",accuracy percent; epoch is the raw zero-based epoch index
in489g1,scalar,scalar,2,in489g1-scalar-s2,53,1.1,1.08,S0060,80,false,"`in489g1`, 12 runs, ImageNet-489 | `in489g2`, 14 runs, ImageNet-489 | Full available curve retained; registered_horizon and in_registered_plateau5_window identify the primary endpoint. Epoch observations are not independent seeds.",accuracy percent; epoch is the raw zero-based epoch index
in489g1,scalar,scalar,2,in489g1-scalar-s2,54,1.09,1.07,S0060,80,false,"`in489g1`, 12 runs, ImageNet-489 | `in489g2`, 14 runs, ImageNet-489 | Full available curve retained; registered_horizon and in_registered_plateau5_window identify the primary endpoint. Epoch observations are not independent seeds.",accuracy percent; epoch is the raw zero-based epoch index
in489g1,scalar,scalar,2,in489g1-scalar-s2,55,1.11,1.08,S0060,80,false,"`in489g1`, 12 runs, ImageNet-489 | `in489g2`, 14 runs, ImageNet-489 | Full available curve retained; registered_horizon and in_registered_plateau5_window identify the primary endpoint. Epoch observations are not independent seeds.",accuracy percent; epoch is the raw zero-based epoch index
in489g1,scalar,scalar,2,in489g1-scalar-s2,56,1.09,1.07,S0060,80,false,"`in489g1`, 12 runs, ImageNet-489 | `in489g2`, 14 runs, ImageNet-489 | Full available curve retained; registered_horizon and in_registered_plateau5_window identify the primary endpoint. Epoch observations are not independent seeds.",accuracy percent; epoch is the raw zero-based epoch index
in489g1,scalar,scalar,2,in489g1-scalar-s2,57,1.1,1.08,S0060,80,false,"`in489g1`, 12 runs, ImageNet-489 | `in489g2`, 14 runs, ImageNet-489 | Full available curve retained; registered_horizon and in_registered_plateau5_window identify the primary endpoint. Epoch observations are not independent seeds.",accuracy percent; epoch is the raw zero-based epoch index
in489g1,scalar,scalar,2,in489g1-scalar-s2,58,1.08,1.08,S0060,80,false,"`in489g1`, 12 runs, ImageNet-489 | `in489g2`, 14 runs, ImageNet-489 | Full available curve retained; registered_horizon and in_registered_plateau5_window identify the primary endpoint. Epoch observations are not independent seeds.",accuracy percent; epoch is the raw zero-based epoch index
in489g1,scalar,scalar,2,in489g1-scalar-s2,59,1.08,1.09,S0060,80,false,"`in489g1`, 12 runs, ImageNet-489 | `in489g2`, 14 runs, ImageNet-489 | Full available curve retained; registered_horizon and in_registered_plateau5_window identify the primary endpoint. Epoch observations are not independent seeds.",accuracy percent; epoch is the raw zero-based epoch index
in489g1,scalar,scalar,2,in489g1-scalar-s2,60,1.12,1.07,S0060,80,false,"`in489g1`, 12 runs, ImageNet-489 | `in489g2`, 14 runs, ImageNet-489 | Full available curve retained; registered_horizon and in_registered_plateau5_window identify the primary endpoint. Epoch observations are not independent seeds.",accuracy percent; epoch is the raw zero-based epoch index
in489g1,scalar,scalar,2,in489g1-scalar-s2,61,1.1,1.07,S0060,80,false,"`in489g1`, 12 runs, ImageNet-489 | `in489g2`, 14 runs, ImageNet-489 | Full available curve retained; registered_horizon and in_registered_plateau5_window identify the primary endpoint. Epoch observations are not independent seeds.",accuracy percent; epoch is the raw zero-based epoch index
in489g1,scalar,scalar,2,in489g1-scalar-s2,62,1.1,1.07,S0060,80,false,"`in489g1`, 12 runs, ImageNet-489 | `in489g2`, 14 runs, ImageNet-489 | Full available curve retained; registered_horizon and in_registered_plateau5_window identify the primary endpoint. Epoch observations are not independent seeds.",accuracy percent; epoch is the raw zero-based epoch index
in489g1,scalar,scalar,2,in489g1-scalar-s2,63,1.1,1.07,S0060,80,false,"`in489g1`, 12 runs, ImageNet-489 | `in489g2`, 14 runs, ImageNet-489 | Full available curve retained; registered_horizon and in_registered_plateau5_window identify the primary endpoint. Epoch observations are not independent seeds.",accuracy percent; epoch is the raw zero-based epoch index
in489g1,scalar,scalar,2,in489g1-scalar-s2,64,1.1,1.08,S0060,80,false,"`in489g1`, 12 runs, ImageNet-489 | `in489g2`, 14 runs, ImageNet-489 | Full available curve retained; registered_horizon and in_registered_plateau5_window identify the primary endpoint. Epoch observations are not independent seeds.",accuracy percent; epoch is the raw zero-based epoch index
in489g1,scalar,scalar,2,in489g1-scalar-s2,65,1.09,1.08,S0060,80,false,"`in489g1`, 12 runs, ImageNet-489 | `in489g2`, 14 runs, ImageNet-489 | Full available curve retained; registered_horizon and in_registered_plateau5_window identify the primary endpoint. Epoch observations are not independent seeds.",accuracy percent; epoch is the raw zero-based epoch index
in489g1,scalar,scalar,2,in489g1-scalar-s2,66,1.09,1.08,S0060,80,false,"`in489g1`, 12 runs, ImageNet-489 | `in489g2`, 14 runs, ImageNet-489 | Full available curve retained; registered_horizon and in_registered_plateau5_window identify the primary endpoint. Epoch observations are not independent seeds.",accuracy percent; epoch is the raw zero-based epoch index
in489g1,scalar,scalar,2,in489g1-scalar-s2,67,1.08,1.07,S0060,80,false,"`in489g1`, 12 runs, ImageNet-489 | `in489g2`, 14 runs, ImageNet-489 | Full available curve retained; registered_horizon and in_registered_plateau5_window identify the primary endpoint. Epoch observations are not independent seeds.",accuracy percent; epoch is the raw zero-based epoch index
in489g1,scalar,scalar,2,in489g1-scalar-s2,68,1.08,1.08,S0060,80,false,"`in489g1`, 12 runs, ImageNet-489 | `in489g2`, 14 runs, ImageNet-489 | Full available curve retained; registered_horizon and in_registered_plateau5_window identify the primary endpoint. Epoch observations are not independent seeds.",accuracy percent; epoch is the raw zero-based epoch index
in489g1,scalar,scalar,2,in489g1-scalar-s2,69,1.1,1.08,S0060,80,false,"`in489g1`, 12 runs, ImageNet-489 | `in489g2`, 14 runs, ImageNet-489 | Full available curve retained; registered_horizon and in_registered_plateau5_window identify the primary endpoint. Epoch observations are not independent seeds.",accuracy percent; epoch is the raw zero-based epoch index
in489g1,scalar,scalar,2,in489g1-scalar-s2,70,1.09,1.08,S0060,80,false,"`in489g1`, 12 runs, ImageNet-489 | `in489g2`, 14 runs, ImageNet-489 | Full available curve retained; registered_horizon and in_registered_plateau5_window identify the primary endpoint. Epoch observations are not independent seeds.",accuracy percent; epoch is the raw zero-based epoch index
in489g1,scalar,scalar,2,in489g1-scalar-s2,71,1.09,1.08,S0060,80,false,"`in489g1`, 12 runs, ImageNet-489 | `in489g2`, 14 runs, ImageNet-489 | Full available curve retained; registered_horizon and in_registered_plateau5_window identify the primary endpoint. Epoch observations are not independent seeds.",accuracy percent; epoch is the raw zero-based epoch index
in489g1,scalar,scalar,2,in489g1-scalar-s2,72,1.09,1.08,S0060,80,false,"`in489g1`, 12 runs, ImageNet-489 | `in489g2`, 14 runs, ImageNet-489 | Full available curve retained; registered_horizon and in_registered_plateau5_window identify the primary endpoint. Epoch observations are not independent seeds.",accuracy percent; epoch is the raw zero-based epoch index
in489g1,scalar,scalar,2,in489g1-scalar-s2,73,1.1,1.09,S0060,80,false,"`in489g1`, 12 runs, ImageNet-489 | `in489g2`, 14 runs, ImageNet-489 | Full available curve retained; registered_horizon and in_registered_plateau5_window identify the primary endpoint. Epoch observations are not independent seeds.",accuracy percent; epoch is the raw zero-based epoch index
in489g1,scalar,scalar,2,in489g1-scalar-s2,74,1.1,1.09,S0060,80,false,"`in489g1`, 12 runs, ImageNet-489 | `in489g2`, 14 runs, ImageNet-489 | Full available curve retained; registered_horizon and in_registered_plateau5_window identify the primary endpoint. Epoch observations are not independent seeds.",accuracy percent; epoch is the raw zero-based epoch index
in489g1,scalar,scalar,2,in489g1-scalar-s2,75,1.08,1.07,S0060,80,true,"`in489g1`, 12 runs, ImageNet-489 | `in489g2`, 14 runs, ImageNet-489 | Full available curve retained; registered_horizon and in_registered_plateau5_window identify the primary endpoint. Epoch observations are not independent seeds.",accuracy percent; epoch is the raw zero-based epoch index
in489g1,scalar,scalar,2,in489g1-scalar-s2,76,1.1,1.06,S0060,80,true,"`in489g1`, 12 runs, ImageNet-489 | `in489g2`, 14 runs, ImageNet-489 | Full available curve retained; registered_horizon and in_registered_plateau5_window identify the primary endpoint. Epoch observations are not independent seeds.",accuracy percent; epoch is the raw zero-based epoch index
in489g1,scalar,scalar,2,in489g1-scalar-s2,77,1.11,1.09,S0060,80,true,"`in489g1`, 12 runs, ImageNet-489 | `in489g2`, 14 runs, ImageNet-489 | Full available curve retained; registered_horizon and in_registered_plateau5_window identify the primary endpoint. Epoch observations are not independent seeds.",accuracy percent; epoch is the raw zero-based epoch index
in489g1,scalar,scalar,2,in489g1-scalar-s2,78,1.09,1.07,S0060,80,true,"`in489g1`, 12 runs, ImageNet-489 | `in489g2`, 14 runs, ImageNet-489 | Full available curve retained; registered_horizon and in_registered_plateau5_window identify the primary endpoint. Epoch observations are not independent seeds.",accuracy percent; epoch is the raw zero-based epoch index
in489g1,scalar,scalar,2,in489g1-scalar-s2,79,1.09,1.09,S0060,80,true,"`in489g1`, 12 runs, ImageNet-489 | `in489g2`, 14 runs, ImageNet-489 | Full available curve retained; registered_horizon and in_registered_plateau5_window identify the primary endpoint. Epoch observations are not independent seeds.",accuracy percent; epoch is the raw zero-based epoch index
in489g1,scalar,scalar,2,in489g1-scalar-s2,80,1.1,1.08,S0060,80,false,"`in489g1`, 12 runs, ImageNet-489 | `in489g2`, 14 runs, ImageNet-489 | Full available curve retained; registered_horizon and in_registered_plateau5_window identify the primary endpoint. Epoch observations are not independent seeds.",accuracy percent; epoch is the raw zero-based epoch index
in489g1,scalar,scalar,2,in489g1-scalar-s2,81,1.08,1.09,S0060,80,false,"`in489g1`, 12 runs, ImageNet-489 | `in489g2`, 14 runs, ImageNet-489 | Full available curve retained; registered_horizon and in_registered_plateau5_window identify the primary endpoint. Epoch observations are not independent seeds.",accuracy percent; epoch is the raw zero-based epoch index
in489g1,scalar,scalar,2,in489g1-scalar-s2,82,1.12,1.08,S0060,80,false,"`in489g1`, 12 runs, ImageNet-489 | `in489g2`, 14 runs, ImageNet-489 | Full available curve retained; registered_horizon and in_registered_plateau5_window identify the primary endpoint. Epoch observations are not independent seeds.",accuracy percent; epoch is the raw zero-based epoch index
in489g1,scalar,scalar,2,in489g1-scalar-s2,83,1.08,1.08,S0060,80,false,"`in489g1`, 12 runs, ImageNet-489 | `in489g2`, 14 runs, ImageNet-489 | Full available curve retained; registered_horizon and in_registered_plateau5_window identify the primary endpoint. Epoch observations are not independent seeds.",accuracy percent; epoch is the raw zero-based epoch index
in489g1,resnet18_blocks,resnet18_blocks,0,in489g1-resnet18_blocks-s0,0,0.27,0.27,S0061,80,false,"`in489g1`, 12 runs, ImageNet-489 | `in489g2`, 14 runs, ImageNet-489 | Full available curve retained; registered_horizon and in_registered_plateau5_window identify the primary endpoint. Epoch observations are not independent seeds.",accuracy percent; epoch is the raw zero-based epoch index
in489g1,resnet18_blocks,resnet18_blocks,0,in489g1-resnet18_blocks-s0,1,0.23,0.27,S0061,80,false,"`in489g1`, 12 runs, ImageNet-489 | `in489g2`, 14 runs, ImageNet-489 | Full available curve retained; registered_horizon and in_registered_plateau5_window identify the primary endpoint. Epoch observations are not independent seeds.",accuracy percent; epoch is the raw zero-based epoch index
in489g1,resnet18_blocks,resnet18_blocks,0,in489g1-resnet18_blocks-s0,2,0.58,0.33,S0061,80,false,"`in489g1`, 12 runs, ImageNet-489 | `in489g2`, 14 runs, ImageNet-489 | Full available curve retained; registered_horizon and in_registered_plateau5_window identify the primary endpoint. Epoch observations are not independent seeds.",accuracy percent; epoch is the raw zero-based epoch index
in489g1,resnet18_blocks,resnet18_blocks,0,in489g1-resnet18_blocks-s0,3,0.95,0.95,S0061,80,false,"`in489g1`, 12 runs, ImageNet-489 | `in489g2`, 14 runs, ImageNet-489 | Full available curve retained; registered_horizon and in_registered_plateau5_window identify the primary endpoint. Epoch observations are not independent seeds.",accuracy percent; epoch is the raw zero-based epoch index
in489g1,resnet18_blocks,resnet18_blocks,0,in489g1-resnet18_blocks-s0,4,1.15,1.18,S0061,80,false,"`in489g1`, 12 runs, ImageNet-489 | `in489g2`, 14 runs, ImageNet-489 | Full available curve retained; registered_horizon and in_registered_plateau5_window identify the primary endpoint. Epoch observations are not independent seeds.",accuracy percent; epoch is the raw zero-based epoch index
in489g1,resnet18_blocks,resnet18_blocks,0,in489g1-resnet18_blocks-s0,5,1.3,1.2,S0061,80,false,"`in489g1`, 12 runs, ImageNet-489 | `in489g2`, 14 runs, ImageNet-489 | Full available curve retained; registered_horizon and in_registered_plateau5_window identify the primary endpoint. Epoch observations are not independent seeds.",accuracy percent; epoch is the raw zero-based epoch index
in489g1,resnet18_blocks,resnet18_blocks,0,in489g1-resnet18_blocks-s0,6,1.3,1.26,S0061,80,false,"`in489g1`, 12 runs, ImageNet-489 | `in489g2`, 14 runs, ImageNet-489 | Full available curve retained; registered_horizon and in_registered_plateau5_window identify the primary endpoint. Epoch observations are not independent seeds.",accuracy percent; epoch is the raw zero-based epoch index
in489g1,resnet18_blocks,resnet18_blocks,0,in489g1-resnet18_blocks-s0,7,1.32,1.29,S0061,80,false,"`in489g1`, 12 runs, ImageNet-489 | `in489g2`, 14 runs, ImageNet-489 | Full available curve retained; registered_horizon and in_registered_plateau5_window identify the primary endpoint. Epoch observations are not independent seeds.",accuracy percent; epoch is the raw zero-based epoch index
in489g1,resnet18_blocks,resnet18_blocks,0,in489g1-resnet18_blocks-s0,8,1.31,1.27,S0061,80,false,"`in489g1`, 12 runs, ImageNet-489 | `in489g2`, 14 runs, ImageNet-489 | Full available curve retained; registered_horizon and in_registered_plateau5_window identify the primary endpoint. Epoch observations are not independent seeds.",accuracy percent; epoch is the raw zero-based epoch index
in489g1,resnet18_blocks,resnet18_blocks,0,in489g1-resnet18_blocks-s0,9,1.33,1.29,S0061,80,false,"`in489g1`, 12 runs, ImageNet-489 | `in489g2`, 14 runs, ImageNet-489 | Full available curve retained; registered_horizon and in_registered_plateau5_window identify the primary endpoint. Epoch observations are not independent seeds.",accuracy percent; epoch is the raw zero-based epoch index
in489g1,resnet18_blocks,resnet18_blocks,0,in489g1-resnet18_blocks-s0,10,1.3,1.29,S0061,80,false,"`in489g1`, 12 runs, ImageNet-489 | `in489g2`, 14 runs, ImageNet-489 | Full available curve retained; registered_horizon and in_registered_plateau5_window identify the primary endpoint. Epoch observations are not independent seeds.",accuracy percent; epoch is the raw zero-based epoch index
in489g1,resnet18_blocks,resnet18_blocks,0,in489g1-resnet18_blocks-s0,11,1.32,1.26,S0061,80,false,"`in489g1`, 12 runs, ImageNet-489 | `in489g2`, 14 runs, ImageNet-489 | Full available curve retained; registered_horizon and in_registered_plateau5_window identify the primary endpoint. Epoch observations are not independent seeds.",accuracy percent; epoch is the raw zero-based epoch index
in489g1,resnet18_blocks,resnet18_blocks,0,in489g1-resnet18_blocks-s0,12,1.3,1.28,S0061,80,false,"`in489g1`, 12 runs, ImageNet-489 | `in489g2`, 14 runs, ImageNet-489 | Full available curve retained; registered_horizon and in_registered_plateau5_window identify the primary endpoint. Epoch observations are not independent seeds.",accuracy percent; epoch is the raw zero-based epoch index
in489g1,resnet18_blocks,resnet18_blocks,0,in489g1-resnet18_blocks-s0,13,1.35,1.3,S0061,80,false,"`in489g1`, 12 runs, ImageNet-489 | `in489g2`, 14 runs, ImageNet-489 | Full available curve retained; registered_horizon and in_registered_plateau5_window identify the primary endpoint. Epoch observations are not independent seeds.",accuracy percent; epoch is the raw zero-based epoch index
in489g1,resnet18_blocks,resnet18_blocks,0,in489g1-resnet18_blocks-s0,14,1.32,1.29,S0061,80,false,"`in489g1`, 12 runs, ImageNet-489 | `in489g2`, 14 runs, ImageNet-489 | Full available curve retained; registered_horizon and in_registered_plateau5_window identify the primary endpoint. Epoch observations are not independent seeds.",accuracy percent; epoch is the raw zero-based epoch index
in489g1,resnet18_blocks,resnet18_blocks,0,in489g1-resnet18_blocks-s0,15,1.29,1.28,S0061,80,false,"`in489g1`, 12 runs, ImageNet-489 | `in489g2`, 14 runs, ImageNet-489 | Full available curve retained; registered_horizon and in_registered_plateau5_window identify the primary endpoint. Epoch observations are not independent seeds.",accuracy percent; epoch is the raw zero-based epoch index
in489g1,resnet18_blocks,resnet18_blocks,0,in489g1-resnet18_blocks-s0,16,1.39,1.3,S0061,80,false,"`in489g1`, 12 runs, ImageNet-489 | `in489g2`, 14 runs, ImageNet-489 | Full available curve retained; registered_horizon and in_registered_plateau5_window identify the primary endpoint. Epoch observations are not independent seeds.",accuracy percent; epoch is the raw zero-based epoch index
in489g1,resnet18_blocks,resnet18_blocks,0,in489g1-resnet18_blocks-s0,17,1.3,1.3,S0061,80,false,"`in489g1`, 12 runs, ImageNet-489 | `in489g2`, 14 runs, ImageNet-489 | Full available curve retained; registered_horizon and in_registered_plateau5_window identify the primary endpoint. Epoch observations are not independent seeds.",accuracy percent; epoch is the raw zero-based epoch index
in489g1,resnet18_blocks,resnet18_blocks,0,in489g1-resnet18_blocks-s0,18,1.35,1.3,S0061,80,false,"`in489g1`, 12 runs, ImageNet-489 | `in489g2`, 14 runs, ImageNet-489 | Full available curve retained; registered_horizon and in_registered_plateau5_window identify the primary endpoint. Epoch observations are not independent seeds.",accuracy percent; epoch is the raw zero-based epoch index
in489g1,resnet18_blocks,resnet18_blocks,0,in489g1-resnet18_blocks-s0,19,1.35,1.29,S0061,80,false,"`in489g1`, 12 runs, ImageNet-489 | `in489g2`, 14 runs, ImageNet-489 | Full available curve retained; registered_horizon and in_registered_plateau5_window identify the primary endpoint. Epoch observations are not independent seeds.",accuracy percent; epoch is the raw zero-based epoch index
in489g1,resnet18_blocks,resnet18_blocks,0,in489g1-resnet18_blocks-s0,20,1.38,1.3,S0061,80,false,"`in489g1`, 12 runs, ImageNet-489 | `in489g2`, 14 runs, ImageNet-489 | Full available curve retained; registered_horizon and in_registered_plateau5_window identify the primary endpoint. Epoch observations are not independent seeds.",accuracy percent; epoch is the raw zero-based epoch index
in489g1,resnet18_blocks,resnet18_blocks,0,in489g1-resnet18_blocks-s0,21,1.38,1.28,S0061,80,false,"`in489g1`, 12 runs, ImageNet-489 | `in489g2`, 14 runs, ImageNet-489 | Full available curve retained; registered_horizon and in_registered_plateau5_window identify the primary endpoint. Epoch observations are not independent seeds.",accuracy percent; epoch is the raw zero-based epoch index
in489g1,resnet18_blocks,resnet18_blocks,0,in489g1-resnet18_blocks-s0,22,1.38,1.3,S0061,80,false,"`in489g1`, 12 runs, ImageNet-489 | `in489g2`, 14 runs, ImageNet-489 | Full available curve retained; registered_horizon and in_registered_plateau5_window identify the primary endpoint. Epoch observations are not independent seeds.",accuracy percent; epoch is the raw zero-based epoch index
in489g1,resnet18_blocks,resnet18_blocks,0,in489g1-resnet18_blocks-s0,23,1.39,1.28,S0061,80,false,"`in489g1`, 12 runs, ImageNet-489 | `in489g2`, 14 runs, ImageNet-489 | Full available curve retained; registered_horizon and in_registered_plateau5_window identify the primary endpoint. Epoch observations are not independent seeds.",accuracy percent; epoch is the raw zero-based epoch index
in489g1,resnet18_blocks,resnet18_blocks,0,in489g1-resnet18_blocks-s0,24,1.38,1.3,S0061,80,false,"`in489g1`, 12 runs, ImageNet-489 | `in489g2`, 14 runs, ImageNet-489 | Full available curve retained; registered_horizon and in_registered_plateau5_window identify the primary endpoint. Epoch observations are not independent seeds.",accuracy percent; epoch is the raw zero-based epoch index
in489g1,resnet18_blocks,resnet18_blocks,0,in489g1-resnet18_blocks-s0,25,1.37,1.29,S0061,80,false,"`in489g1`, 12 runs, ImageNet-489 | `in489g2`, 14 runs, ImageNet-489 | Full available curve retained; registered_horizon and in_registered_plateau5_window identify the primary endpoint. Epoch observations are not independent seeds.",accuracy percent; epoch is the raw zero-based epoch index
in489g1,resnet18_blocks,resnet18_blocks,0,in489g1-resnet18_blocks-s0,26,1.34,1.29,S0061,80,false,"`in489g1`, 12 runs, ImageNet-489 | `in489g2`, 14 runs, ImageNet-489 | Full available curve retained; registered_horizon and in_registered_plateau5_window identify the primary endpoint. Epoch observations are not independent seeds.",accuracy percent; epoch is the raw zero-based epoch index
in489g1,resnet18_blocks,resnet18_blocks,0,in489g1-resnet18_blocks-s0,27,1.36,1.3,S0061,80,false,"`in489g1`, 12 runs, ImageNet-489 | `in489g2`, 14 runs, ImageNet-489 | Full available curve retained; registered_horizon and in_registered_plateau5_window identify the primary endpoint. Epoch observations are not independent seeds.",accuracy percent; epoch is the raw zero-based epoch index
in489g1,resnet18_blocks,resnet18_blocks,0,in489g1-resnet18_blocks-s0,28,1.36,1.31,S0061,80,false,"`in489g1`, 12 runs, ImageNet-489 | `in489g2`, 14 runs, ImageNet-489 | Full available curve retained; registered_horizon and in_registered_plateau5_window identify the primary endpoint. Epoch observations are not independent seeds.",accuracy percent; epoch is the raw zero-based epoch index
in489g1,resnet18_blocks,resnet18_blocks,0,in489g1-resnet18_blocks-s0,29,1.35,1.27,S0061,80,false,"`in489g1`, 12 runs, ImageNet-489 | `in489g2`, 14 runs, ImageNet-489 | Full available curve retained; registered_horizon and in_registered_plateau5_window identify the primary endpoint. Epoch observations are not independent seeds.",accuracy percent; epoch is the raw zero-based epoch index
in489g1,resnet18_blocks,resnet18_blocks,0,in489g1-resnet18_blocks-s0,30,1.47,1.29,S0061,80,false,"`in489g1`, 12 runs, ImageNet-489 | `in489g2`, 14 runs, ImageNet-489 | Full available curve retained; registered_horizon and in_registered_plateau5_window identify the primary endpoint. Epoch observations are not independent seeds.",accuracy percent; epoch is the raw zero-based epoch index
in489g1,resnet18_blocks,resnet18_blocks,0,in489g1-resnet18_blocks-s0,31,1.38,1.3,S0061,80,false,"`in489g1`, 12 runs, ImageNet-489 | `in489g2`, 14 runs, ImageNet-489 | Full available curve retained; registered_horizon and in_registered_plateau5_window identify the primary endpoint. Epoch observations are not independent seeds.",accuracy percent; epoch is the raw zero-based epoch index
in489g1,resnet18_blocks,resnet18_blocks,0,in489g1-resnet18_blocks-s0,32,1.35,1.3,S0061,80,false,"`in489g1`, 12 runs, ImageNet-489 | `in489g2`, 14 runs, ImageNet-489 | Full available curve retained; registered_horizon and in_registered_plateau5_window identify the primary endpoint. Epoch observations are not independent seeds.",accuracy percent; epoch is the raw zero-based epoch index
in489g1,resnet18_blocks,resnet18_blocks,0,in489g1-resnet18_blocks-s0,33,1.33,1.29,S0061,80,false,"`in489g1`, 12 runs, ImageNet-489 | `in489g2`, 14 runs, ImageNet-489 | Full available curve retained; registered_horizon and in_registered_plateau5_window identify the primary endpoint. Epoch observations are not independent seeds.",accuracy percent; epoch is the raw zero-based epoch index
in489g1,resnet18_blocks,resnet18_blocks,0,in489g1-resnet18_blocks-s0,34,1.36,1.3,S0061,80,false,"`in489g1`, 12 runs, ImageNet-489 | `in489g2`, 14 runs, ImageNet-489 | Full available curve retained; registered_horizon and in_registered_plateau5_window identify the primary endpoint. Epoch observations are not independent seeds.",accuracy percent; epoch is the raw zero-based epoch index
in489g1,resnet18_blocks,resnet18_blocks,0,in489g1-resnet18_blocks-s0,35,1.38,1.32,S0061,80,false,"`in489g1`, 12 runs, ImageNet-489 | `in489g2`, 14 runs, ImageNet-489 | Full available curve retained; registered_horizon and in_registered_plateau5_window identify the primary endpoint. Epoch observations are not independent seeds.",accuracy percent; epoch is the raw zero-based epoch index
in489g1,resnet18_blocks,resnet18_blocks,0,in489g1-resnet18_blocks-s0,36,1.37,1.3,S0061,80,false,"`in489g1`, 12 runs, ImageNet-489 | `in489g2`, 14 runs, ImageNet-489 | Full available curve retained; registered_horizon and in_registered_plateau5_window identify the primary endpoint. Epoch observations are not independent seeds.",accuracy percent; epoch is the raw zero-based epoch index
in489g1,resnet18_blocks,resnet18_blocks,0,in489g1-resnet18_blocks-s0,37,1.39,1.3,S0061,80,false,"`in489g1`, 12 runs, ImageNet-489 | `in489g2`, 14 runs, ImageNet-489 | Full available curve retained; registered_horizon and in_registered_plateau5_window identify the primary endpoint. Epoch observations are not independent seeds.",accuracy percent; epoch is the raw zero-based epoch index
in489g1,resnet18_blocks,resnet18_blocks,0,in489g1-resnet18_blocks-s0,38,1.48,1.3,S0061,80,false,"`in489g1`, 12 runs, ImageNet-489 | `in489g2`, 14 runs, ImageNet-489 | Full available curve retained; registered_horizon and in_registered_plateau5_window identify the primary endpoint. Epoch observations are not independent seeds.",accuracy percent; epoch is the raw zero-based epoch index
in489g1,resnet18_blocks,resnet18_blocks,0,in489g1-resnet18_blocks-s0,39,1.39,1.34,S0061,80,false,"`in489g1`, 12 runs, ImageNet-489 | `in489g2`, 14 runs, ImageNet-489 | Full available curve retained; registered_horizon and in_registered_plateau5_window identify the primary endpoint. Epoch observations are not independent seeds.",accuracy percent; epoch is the raw zero-based epoch index
in489g1,resnet18_blocks,resnet18_blocks,0,in489g1-resnet18_blocks-s0,40,1.39,1.31,S0061,80,false,"`in489g1`, 12 runs, ImageNet-489 | `in489g2`, 14 runs, ImageNet-489 | Full available curve retained; registered_horizon and in_registered_plateau5_window identify the primary endpoint. Epoch observations are not independent seeds.",accuracy percent; epoch is the raw zero-based epoch index
in489g1,resnet18_blocks,resnet18_blocks,0,in489g1-resnet18_blocks-s0,41,1.33,1.3,S0061,80,false,"`in489g1`, 12 runs, ImageNet-489 | `in489g2`, 14 runs, ImageNet-489 | Full available curve retained; registered_horizon and in_registered_plateau5_window identify the primary endpoint. Epoch observations are not independent seeds.",accuracy percent; epoch is the raw zero-based epoch index
in489g1,resnet18_blocks,resnet18_blocks,0,in489g1-resnet18_blocks-s0,42,1.33,1.3,S0061,80,false,"`in489g1`, 12 runs, ImageNet-489 | `in489g2`, 14 runs, ImageNet-489 | Full available curve retained; registered_horizon and in_registered_plateau5_window identify the primary endpoint. Epoch observations are not independent seeds.",accuracy percent; epoch is the raw zero-based epoch index
in489g1,resnet18_blocks,resnet18_blocks,0,in489g1-resnet18_blocks-s0,43,1.33,1.29,S0061,80,false,"`in489g1`, 12 runs, ImageNet-489 | `in489g2`, 14 runs, ImageNet-489 | Full available curve retained; registered_horizon and in_registered_plateau5_window identify the primary endpoint. Epoch observations are not independent seeds.",accuracy percent; epoch is the raw zero-based epoch index
in489g1,resnet18_blocks,resnet18_blocks,0,in489g1-resnet18_blocks-s0,44,1.3,1.31,S0061,80,false,"`in489g1`, 12 runs, ImageNet-489 | `in489g2`, 14 runs, ImageNet-489 | Full available curve retained; registered_horizon and in_registered_plateau5_window identify the primary endpoint. Epoch observations are not independent seeds.",accuracy percent; epoch is the raw zero-based epoch index
in489g1,resnet18_blocks,resnet18_blocks,0,in489g1-resnet18_blocks-s0,45,1.37,1.32,S0061,80,false,"`in489g1`, 12 runs, ImageNet-489 | `in489g2`, 14 runs, ImageNet-489 | Full available curve retained; registered_horizon and in_registered_plateau5_window identify the primary endpoint. Epoch observations are not independent seeds.",accuracy percent; epoch is the raw zero-based epoch index
in489g1,resnet18_blocks,resnet18_blocks,0,in489g1-resnet18_blocks-s0,46,1.35,1.3,S0061,80,false,"`in489g1`, 12 runs, ImageNet-489 | `in489g2`, 14 runs, ImageNet-489 | Full available curve retained; registered_horizon and in_registered_plateau5_window identify the primary endpoint. Epoch observations are not independent seeds.",accuracy percent; epoch is the raw zero-based epoch index
in489g1,resnet18_blocks,resnet18_blocks,0,in489g1-resnet18_blocks-s0,47,1.33,1.29,S0061,80,false,"`in489g1`, 12 runs, ImageNet-489 | `in489g2`, 14 runs, ImageNet-489 | Full available curve retained; registered_horizon and in_registered_plateau5_window identify the primary endpoint. Epoch observations are not independent seeds.",accuracy percent; epoch is the raw zero-based epoch index
in489g1,resnet18_blocks,resnet18_blocks,0,in489g1-resnet18_blocks-s0,48,1.4,1.3,S0061,80,false,"`in489g1`, 12 runs, ImageNet-489 | `in489g2`, 14 runs, ImageNet-489 | Full available curve retained; registered_horizon and in_registered_plateau5_window identify the primary endpoint. Epoch observations are not independent seeds.",accuracy percent; epoch is the raw zero-based epoch index
in489g1,resnet18_blocks,resnet18_blocks,0,in489g1-resnet18_blocks-s0,49,1.38,1.3,S0061,80,false,"`in489g1`, 12 runs, ImageNet-489 | `in489g2`, 14 runs, ImageNet-489 | Full available curve retained; registered_horizon and in_registered_plateau5_window identify the primary endpoint. Epoch observations are not independent seeds.",accuracy percent; epoch is the raw zero-based epoch index
in489g1,resnet18_blocks,resnet18_blocks,0,in489g1-resnet18_blocks-s0,50,1.38,1.32,S0061,80,false,"`in489g1`, 12 runs, ImageNet-489 | `in489g2`, 14 runs, ImageNet-489 | Full available curve retained; registered_horizon and in_registered_plateau5_window identify the primary endpoint. Epoch observations are not independent seeds.",accuracy percent; epoch is the raw zero-based epoch index
in489g1,resnet18_blocks,resnet18_blocks,0,in489g1-resnet18_blocks-s0,51,1.42,1.32,S0061,80,false,"`in489g1`, 12 runs, ImageNet-489 | `in489g2`, 14 runs, ImageNet-489 | Full available curve retained; registered_horizon and in_registered_plateau5_window identify the primary endpoint. Epoch observations are not independent seeds.",accuracy percent; epoch is the raw zero-based epoch index
in489g1,resnet18_blocks,resnet18_blocks,0,in489g1-resnet18_blocks-s0,52,1.38,1.3,S0061,80,false,"`in489g1`, 12 runs, ImageNet-489 | `in489g2`, 14 runs, ImageNet-489 | Full available curve retained; registered_horizon and in_registered_plateau5_window identify the primary endpoint. Epoch observations are not independent seeds.",accuracy percent; epoch is the raw zero-based epoch index
in489g1,resnet18_blocks,resnet18_blocks,0,in489g1-resnet18_blocks-s0,53,1.39,1.32,S0061,80,false,"`in489g1`, 12 runs, ImageNet-489 | `in489g2`, 14 runs, ImageNet-489 | Full available curve retained; registered_horizon and in_registered_plateau5_window identify the primary endpoint. Epoch observations are not independent seeds.",accuracy percent; epoch is the raw zero-based epoch index
in489g1,resnet18_blocks,resnet18_blocks,0,in489g1-resnet18_blocks-s0,54,1.4,1.31,S0061,80,false,"`in489g1`, 12 runs, ImageNet-489 | `in489g2`, 14 runs, ImageNet-489 | Full available curve retained; registered_horizon and in_registered_plateau5_window identify the primary endpoint. Epoch observations are not independent seeds.",accuracy percent; epoch is the raw zero-based epoch index
in489g1,resnet18_blocks,resnet18_blocks,0,in489g1-resnet18_blocks-s0,55,1.35,1.31,S0061,80,false,"`in489g1`, 12 runs, ImageNet-489 | `in489g2`, 14 runs, ImageNet-489 | Full available curve retained; registered_horizon and in_registered_plateau5_window identify the primary endpoint. Epoch observations are not independent seeds.",accuracy percent; epoch is the raw zero-based epoch index
in489g1,resnet18_blocks,resnet18_blocks,0,in489g1-resnet18_blocks-s0,56,1.36,1.31,S0061,80,false,"`in489g1`, 12 runs, ImageNet-489 | `in489g2`, 14 runs, ImageNet-489 | Full available curve retained; registered_horizon and in_registered_plateau5_window identify the primary endpoint. Epoch observations are not independent seeds.",accuracy percent; epoch is the raw zero-based epoch index
in489g1,resnet18_blocks,resnet18_blocks,0,in489g1-resnet18_blocks-s0,57,1.41,1.29,S0061,80,false,"`in489g1`, 12 runs, ImageNet-489 | `in489g2`, 14 runs, ImageNet-489 | Full available curve retained; registered_horizon and in_registered_plateau5_window identify the primary endpoint. Epoch observations are not independent seeds.",accuracy percent; epoch is the raw zero-based epoch index
in489g1,resnet18_blocks,resnet18_blocks,0,in489g1-resnet18_blocks-s0,58,1.36,1.33,S0061,80,false,"`in489g1`, 12 runs, ImageNet-489 | `in489g2`, 14 runs, ImageNet-489 | Full available curve retained; registered_horizon and in_registered_plateau5_window identify the primary endpoint. Epoch observations are not independent seeds.",accuracy percent; epoch is the raw zero-based epoch index
in489g1,resnet18_blocks,resnet18_blocks,0,in489g1-resnet18_blocks-s0,59,1.35,1.29,S0061,80,false,"`in489g1`, 12 runs, ImageNet-489 | `in489g2`, 14 runs, ImageNet-489 | Full available curve retained; registered_horizon and in_registered_plateau5_window identify the primary endpoint. Epoch observations are not independent seeds.",accuracy percent; epoch is the raw zero-based epoch index
in489g1,resnet18_blocks,resnet18_blocks,0,in489g1-resnet18_blocks-s0,60,1.38,1.31,S0061,80,false,"`in489g1`, 12 runs, ImageNet-489 | `in489g2`, 14 runs, ImageNet-489 | Full available curve retained; registered_horizon and in_registered_plateau5_window identify the primary endpoint. Epoch observations are not independent seeds.",accuracy percent; epoch is the raw zero-based epoch index
in489g1,resnet18_blocks,resnet18_blocks,0,in489g1-resnet18_blocks-s0,61,1.42,1.33,S0061,80,false,"`in489g1`, 12 runs, ImageNet-489 | `in489g2`, 14 runs, ImageNet-489 | Full available curve retained; registered_horizon and in_registered_plateau5_window identify the primary endpoint. Epoch observations are not independent seeds.",accuracy percent; epoch is the raw zero-based epoch index
in489g1,resnet18_blocks,resnet18_blocks,0,in489g1-resnet18_blocks-s0,62,1.34,1.32,S0061,80,false,"`in489g1`, 12 runs, ImageNet-489 | `in489g2`, 14 runs, ImageNet-489 | Full available curve retained; registered_horizon and in_registered_plateau5_window identify the primary endpoint. Epoch observations are not independent seeds.",accuracy percent; epoch is the raw zero-based epoch index
in489g1,resnet18_blocks,resnet18_blocks,0,in489g1-resnet18_blocks-s0,63,1.38,1.31,S0061,80,false,"`in489g1`, 12 runs, ImageNet-489 | `in489g2`, 14 runs, ImageNet-489 | Full available curve retained; registered_horizon and in_registered_plateau5_window identify the primary endpoint. Epoch observations are not independent seeds.",accuracy percent; epoch is the raw zero-based epoch index
in489g1,resnet18_blocks,resnet18_blocks,0,in489g1-resnet18_blocks-s0,64,1.37,1.32,S0061,80,false,"`in489g1`, 12 runs, ImageNet-489 | `in489g2`, 14 runs, ImageNet-489 | Full available curve retained; registered_horizon and in_registered_plateau5_window identify the primary endpoint. Epoch observations are not independent seeds.",accuracy percent; epoch is the raw zero-based epoch index
in489g1,resnet18_blocks,resnet18_blocks,0,in489g1-resnet18_blocks-s0,65,1.38,1.32,S0061,80,false,"`in489g1`, 12 runs, ImageNet-489 | `in489g2`, 14 runs, ImageNet-489 | Full available curve retained; registered_horizon and in_registered_plateau5_window identify the primary endpoint. Epoch observations are not independent seeds.",accuracy percent; epoch is the raw zero-based epoch index
in489g1,resnet18_blocks,resnet18_blocks,0,in489g1-resnet18_blocks-s0,66,1.33,1.32,S0061,80,false,"`in489g1`, 12 runs, ImageNet-489 | `in489g2`, 14 runs, ImageNet-489 | Full available curve retained; registered_horizon and in_registered_plateau5_window identify the primary endpoint. Epoch observations are not independent seeds.",accuracy percent; epoch is the raw zero-based epoch index
in489g1,resnet18_blocks,resnet18_blocks,0,in489g1-resnet18_blocks-s0,67,1.3,1.32,S0061,80,false,"`in489g1`, 12 runs, ImageNet-489 | `in489g2`, 14 runs, ImageNet-489 | Full available curve retained; registered_horizon and in_registered_plateau5_window identify the primary endpoint. Epoch observations are not independent seeds.",accuracy percent; epoch is the raw zero-based epoch index
in489g1,resnet18_blocks,resnet18_blocks,0,in489g1-resnet18_blocks-s0,68,1.3,1.3,S0061,80,false,"`in489g1`, 12 runs, ImageNet-489 | `in489g2`, 14 runs, ImageNet-489 | Full available curve retained; registered_horizon and in_registered_plateau5_window identify the primary endpoint. Epoch observations are not independent seeds.",accuracy percent; epoch is the raw zero-based epoch index
in489g1,resnet18_blocks,resnet18_blocks,0,in489g1-resnet18_blocks-s0,69,1.37,1.3,S0061,80,false,"`in489g1`, 12 runs, ImageNet-489 | `in489g2`, 14 runs, ImageNet-489 | Full available curve retained; registered_horizon and in_registered_plateau5_window identify the primary endpoint. Epoch observations are not independent seeds.",accuracy percent; epoch is the raw zero-based epoch index
in489g1,resnet18_blocks,resnet18_blocks,0,in489g1-resnet18_blocks-s0,70,1.3,1.29,S0061,80,false,"`in489g1`, 12 runs, ImageNet-489 | `in489g2`, 14 runs, ImageNet-489 | Full available curve retained; registered_horizon and in_registered_plateau5_window identify the primary endpoint. Epoch observations are not independent seeds.",accuracy percent; epoch is the raw zero-based epoch index
in489g1,resnet18_blocks,resnet18_blocks,0,in489g1-resnet18_blocks-s0,71,1.37,1.31,S0061,80,false,"`in489g1`, 12 runs, ImageNet-489 | `in489g2`, 14 runs, ImageNet-489 | Full available curve retained; registered_horizon and in_registered_plateau5_window identify the primary endpoint. Epoch observations are not independent seeds.",accuracy percent; epoch is the raw zero-based epoch index
in489g1,resnet18_blocks,resnet18_blocks,0,in489g1-resnet18_blocks-s0,72,1.35,1.29,S0061,80,false,"`in489g1`, 12 runs, ImageNet-489 | `in489g2`, 14 runs, ImageNet-489 | Full available curve retained; registered_horizon and in_registered_plateau5_window identify the primary endpoint. Epoch observations are not independent seeds.",accuracy percent; epoch is the raw zero-based epoch index
in489g1,resnet18_blocks,resnet18_blocks,0,in489g1-resnet18_blocks-s0,73,1.37,1.32,S0061,80,false,"`in489g1`, 12 runs, ImageNet-489 | `in489g2`, 14 runs, ImageNet-489 | Full available curve retained; registered_horizon and in_registered_plateau5_window identify the primary endpoint. Epoch observations are not independent seeds.",accuracy percent; epoch is the raw zero-based epoch index
in489g1,resnet18_blocks,resnet18_blocks,0,in489g1-resnet18_blocks-s0,74,1.35,1.3,S0061,80,false,"`in489g1`, 12 runs, ImageNet-489 | `in489g2`, 14 runs, ImageNet-489 | Full available curve retained; registered_horizon and in_registered_plateau5_window identify the primary endpoint. Epoch observations are not independent seeds.",accuracy percent; epoch is the raw zero-based epoch index
in489g1,resnet18_blocks,resnet18_blocks,0,in489g1-resnet18_blocks-s0,75,1.31,1.3,S0061,80,true,"`in489g1`, 12 runs, ImageNet-489 | `in489g2`, 14 runs, ImageNet-489 | Full available curve retained; registered_horizon and in_registered_plateau5_window identify the primary endpoint. Epoch observations are not independent seeds.",accuracy percent; epoch is the raw zero-based epoch index
in489g1,resnet18_blocks,resnet18_blocks,0,in489g1-resnet18_blocks-s0,76,1.35,1.33,S0061,80,true,"`in489g1`, 12 runs, ImageNet-489 | `in489g2`, 14 runs, ImageNet-489 | Full available curve retained; registered_horizon and in_registered_plateau5_window identify the primary endpoint. Epoch observations are not independent seeds.",accuracy percent; epoch is the raw zero-based epoch index
in489g1,resnet18_blocks,resnet18_blocks,0,in489g1-resnet18_blocks-s0,77,1.34,1.3,S0061,80,true,"`in489g1`, 12 runs, ImageNet-489 | `in489g2`, 14 runs, ImageNet-489 | Full available curve retained; registered_horizon and in_registered_plateau5_window identify the primary endpoint. Epoch observations are not independent seeds.",accuracy percent; epoch is the raw zero-based epoch index
in489g1,resnet18_blocks,resnet18_blocks,0,in489g1-resnet18_blocks-s0,78,1.39,1.32,S0061,80,true,"`in489g1`, 12 runs, ImageNet-489 | `in489g2`, 14 runs, ImageNet-489 | Full available curve retained; registered_horizon and in_registered_plateau5_window identify the primary endpoint. Epoch observations are not independent seeds.",accuracy percent; epoch is the raw zero-based epoch index
in489g1,resnet18_blocks,resnet18_blocks,0,in489g1-resnet18_blocks-s0,79,1.32,1.31,S0061,80,true,"`in489g1`, 12 runs, ImageNet-489 | `in489g2`, 14 runs, ImageNet-489 | Full available curve retained; registered_horizon and in_registered_plateau5_window identify the primary endpoint. Epoch observations are not independent seeds.",accuracy percent; epoch is the raw zero-based epoch index
in489g1,resnet18_blocks,resnet18_blocks,0,in489g1-resnet18_blocks-s0,80,1.29,1.3,S0061,80,false,"`in489g1`, 12 runs, ImageNet-489 | `in489g2`, 14 runs, ImageNet-489 | Full available curve retained; registered_horizon and in_registered_plateau5_window identify the primary endpoint. Epoch observations are not independent seeds.",accuracy percent; epoch is the raw zero-based epoch index
in489g1,resnet18_blocks,resnet18_blocks,1,in489g1-resnet18_blocks-s1,0,0.26,0.23,S0062,80,false,"`in489g1`, 12 runs, ImageNet-489 | `in489g2`, 14 runs, ImageNet-489 | Full available curve retained; registered_horizon and in_registered_plateau5_window identify the primary endpoint. Epoch observations are not independent seeds.",accuracy percent; epoch is the raw zero-based epoch index
in489g1,resnet18_blocks,resnet18_blocks,1,in489g1-resnet18_blocks-s1,1,0.25,0.23,S0062,80,false,"`in489g1`, 12 runs, ImageNet-489 | `in489g2`, 14 runs, ImageNet-489 | Full available curve retained; registered_horizon and in_registered_plateau5_window identify the primary endpoint. Epoch observations are not independent seeds.",accuracy percent; epoch is the raw zero-based epoch index
in489g1,resnet18_blocks,resnet18_blocks,1,in489g1-resnet18_blocks-s1,2,0.48,0.3,S0062,80,false,"`in489g1`, 12 runs, ImageNet-489 | `in489g2`, 14 runs, ImageNet-489 | Full available curve retained; registered_horizon and in_registered_plateau5_window identify the primary endpoint. Epoch observations are not independent seeds.",accuracy percent; epoch is the raw zero-based epoch index
in489g1,resnet18_blocks,resnet18_blocks,1,in489g1-resnet18_blocks-s1,3,1.37,0.96,S0062,80,false,"`in489g1`, 12 runs, ImageNet-489 | `in489g2`, 14 runs, ImageNet-489 | Full available curve retained; registered_horizon and in_registered_plateau5_window identify the primary endpoint. Epoch observations are not independent seeds.",accuracy percent; epoch is the raw zero-based epoch index
in489g1,resnet18_blocks,resnet18_blocks,1,in489g1-resnet18_blocks-s1,4,1.19,1.26,S0062,80,false,"`in489g1`, 12 runs, ImageNet-489 | `in489g2`, 14 runs, ImageNet-489 | Full available curve retained; registered_horizon and in_registered_plateau5_window identify the primary endpoint. Epoch observations are not independent seeds.",accuracy percent; epoch is the raw zero-based epoch index
in489g1,resnet18_blocks,resnet18_blocks,1,in489g1-resnet18_blocks-s1,5,1.4,1.35,S0062,80,false,"`in489g1`, 12 runs, ImageNet-489 | `in489g2`, 14 runs, ImageNet-489 | Full available curve retained; registered_horizon and in_registered_plateau5_window identify the primary endpoint. Epoch observations are not independent seeds.",accuracy percent; epoch is the raw zero-based epoch index
in489g1,resnet18_blocks,resnet18_blocks,1,in489g1-resnet18_blocks-s1,6,1.26,1.42,S0062,80,false,"`in489g1`, 12 runs, ImageNet-489 | `in489g2`, 14 runs, ImageNet-489 | Full available curve retained; registered_horizon and in_registered_plateau5_window identify the primary endpoint. Epoch observations are not independent seeds.",accuracy percent; epoch is the raw zero-based epoch index
in489g1,resnet18_blocks,resnet18_blocks,1,in489g1-resnet18_blocks-s1,7,1.35,1.45,S0062,80,false,"`in489g1`, 12 runs, ImageNet-489 | `in489g2`, 14 runs, ImageNet-489 | Full available curve retained; registered_horizon and in_registered_plateau5_window identify the primary endpoint. Epoch observations are not independent seeds.",accuracy percent; epoch is the raw zero-based epoch index
in489g1,resnet18_blocks,resnet18_blocks,1,in489g1-resnet18_blocks-s1,8,1.49,1.48,S0062,80,false,"`in489g1`, 12 runs, ImageNet-489 | `in489g2`, 14 runs, ImageNet-489 | Full available curve retained; registered_horizon and in_registered_plateau5_window identify the primary endpoint. Epoch observations are not independent seeds.",accuracy percent; epoch is the raw zero-based epoch index
in489g1,resnet18_blocks,resnet18_blocks,1,in489g1-resnet18_blocks-s1,9,1.47,1.48,S0062,80,false,"`in489g1`, 12 runs, ImageNet-489 | `in489g2`, 14 runs, ImageNet-489 | Full available curve retained; registered_horizon and in_registered_plateau5_window identify the primary endpoint. Epoch observations are not independent seeds.",accuracy percent; epoch is the raw zero-based epoch index
in489g1,resnet18_blocks,resnet18_blocks,1,in489g1-resnet18_blocks-s1,10,1.44,1.48,S0062,80,false,"`in489g1`, 12 runs, ImageNet-489 | `in489g2`, 14 runs, ImageNet-489 | Full available curve retained; registered_horizon and in_registered_plateau5_window identify the primary endpoint. Epoch observations are not independent seeds.",accuracy percent; epoch is the raw zero-based epoch index
in489g1,resnet18_blocks,resnet18_blocks,1,in489g1-resnet18_blocks-s1,11,1.53,1.5,S0062,80,false,"`in489g1`, 12 runs, ImageNet-489 | `in489g2`, 14 runs, ImageNet-489 | Full available curve retained; registered_horizon and in_registered_plateau5_window identify the primary endpoint. Epoch observations are not independent seeds.",accuracy percent; epoch is the raw zero-based epoch index
in489g1,resnet18_blocks,resnet18_blocks,1,in489g1-resnet18_blocks-s1,12,1.6,1.54,S0062,80,false,"`in489g1`, 12 runs, ImageNet-489 | `in489g2`, 14 runs, ImageNet-489 | Full available curve retained; registered_horizon and in_registered_plateau5_window identify the primary endpoint. Epoch observations are not independent seeds.",accuracy percent; epoch is the raw zero-based epoch index
in489g1,resnet18_blocks,resnet18_blocks,1,in489g1-resnet18_blocks-s1,13,1.52,1.52,S0062,80,false,"`in489g1`, 12 runs, ImageNet-489 | `in489g2`, 14 runs, ImageNet-489 | Full available curve retained; registered_horizon and in_registered_plateau5_window identify the primary endpoint. Epoch observations are not independent seeds.",accuracy percent; epoch is the raw zero-based epoch index
in489g1,resnet18_blocks,resnet18_blocks,1,in489g1-resnet18_blocks-s1,14,1.55,1.56,S0062,80,false,"`in489g1`, 12 runs, ImageNet-489 | `in489g2`, 14 runs, ImageNet-489 | Full available curve retained; registered_horizon and in_registered_plateau5_window identify the primary endpoint. Epoch observations are not independent seeds.",accuracy percent; epoch is the raw zero-based epoch index
in489g1,resnet18_blocks,resnet18_blocks,1,in489g1-resnet18_blocks-s1,15,1.45,1.52,S0062,80,false,"`in489g1`, 12 runs, ImageNet-489 | `in489g2`, 14 runs, ImageNet-489 | Full available curve retained; registered_horizon and in_registered_plateau5_window identify the primary endpoint. Epoch observations are not independent seeds.",accuracy percent; epoch is the raw zero-based epoch index
in489g1,resnet18_blocks,resnet18_blocks,1,in489g1-resnet18_blocks-s1,16,1.53,1.51,S0062,80,false,"`in489g1`, 12 runs, ImageNet-489 | `in489g2`, 14 runs, ImageNet-489 | Full available curve retained; registered_horizon and in_registered_plateau5_window identify the primary endpoint. Epoch observations are not independent seeds.",accuracy percent; epoch is the raw zero-based epoch index
in489g1,resnet18_blocks,resnet18_blocks,1,in489g1-resnet18_blocks-s1,17,1.56,1.54,S0062,80,false,"`in489g1`, 12 runs, ImageNet-489 | `in489g2`, 14 runs, ImageNet-489 | Full available curve retained; registered_horizon and in_registered_plateau5_window identify the primary endpoint. Epoch observations are not independent seeds.",accuracy percent; epoch is the raw zero-based epoch index
in489g1,resnet18_blocks,resnet18_blocks,1,in489g1-resnet18_blocks-s1,18,1.51,1.51,S0062,80,false,"`in489g1`, 12 runs, ImageNet-489 | `in489g2`, 14 runs, ImageNet-489 | Full available curve retained; registered_horizon and in_registered_plateau5_window identify the primary endpoint. Epoch observations are not independent seeds.",accuracy percent; epoch is the raw zero-based epoch index
in489g1,resnet18_blocks,resnet18_blocks,1,in489g1-resnet18_blocks-s1,19,1.6,1.51,S0062,80,false,"`in489g1`, 12 runs, ImageNet-489 | `in489g2`, 14 runs, ImageNet-489 | Full available curve retained; registered_horizon and in_registered_plateau5_window identify the primary endpoint. Epoch observations are not independent seeds.",accuracy percent; epoch is the raw zero-based epoch index
in489g1,resnet18_blocks,resnet18_blocks,1,in489g1-resnet18_blocks-s1,20,1.53,1.54,S0062,80,false,"`in489g1`, 12 runs, ImageNet-489 | `in489g2`, 14 runs, ImageNet-489 | Full available curve retained; registered_horizon and in_registered_plateau5_window identify the primary endpoint. Epoch observations are not independent seeds.",accuracy percent; epoch is the raw zero-based epoch index
in489g1,resnet18_blocks,resnet18_blocks,1,in489g1-resnet18_blocks-s1,21,1.57,1.54,S0062,80,false,"`in489g1`, 12 runs, ImageNet-489 | `in489g2`, 14 runs, ImageNet-489 | Full available curve retained; registered_horizon and in_registered_plateau5_window identify the primary endpoint. Epoch observations are not independent seeds.",accuracy percent; epoch is the raw zero-based epoch index
in489g1,resnet18_blocks,resnet18_blocks,1,in489g1-resnet18_blocks-s1,22,1.57,1.53,S0062,80,false,"`in489g1`, 12 runs, ImageNet-489 | `in489g2`, 14 runs, ImageNet-489 | Full available curve retained; registered_horizon and in_registered_plateau5_window identify the primary endpoint. Epoch observations are not independent seeds.",accuracy percent; epoch is the raw zero-based epoch index
in489g1,resnet18_blocks,resnet18_blocks,1,in489g1-resnet18_blocks-s1,23,1.55,1.52,S0062,80,false,"`in489g1`, 12 runs, ImageNet-489 | `in489g2`, 14 runs, ImageNet-489 | Full available curve retained; registered_horizon and in_registered_plateau5_window identify the primary endpoint. Epoch observations are not independent seeds.",accuracy percent; epoch is the raw zero-based epoch index
in489g1,resnet18_blocks,resnet18_blocks,1,in489g1-resnet18_blocks-s1,24,1.56,1.51,S0062,80,false,"`in489g1`, 12 runs, ImageNet-489 | `in489g2`, 14 runs, ImageNet-489 | Full available curve retained; registered_horizon and in_registered_plateau5_window identify the primary endpoint. Epoch observations are not independent seeds.",accuracy percent; epoch is the raw zero-based epoch index
in489g1,resnet18_blocks,resnet18_blocks,1,in489g1-resnet18_blocks-s1,25,1.54,1.54,S0062,80,false,"`in489g1`, 12 runs, ImageNet-489 | `in489g2`, 14 runs, ImageNet-489 | Full available curve retained; registered_horizon and in_registered_plateau5_window identify the primary endpoint. Epoch observations are not independent seeds.",accuracy percent; epoch is the raw zero-based epoch index
in489g1,resnet18_blocks,resnet18_blocks,1,in489g1-resnet18_blocks-s1,26,1.53,1.48,S0062,80,false,"`in489g1`, 12 runs, ImageNet-489 | `in489g2`, 14 runs, ImageNet-489 | Full available curve retained; registered_horizon and in_registered_plateau5_window identify the primary endpoint. Epoch observations are not independent seeds.",accuracy percent; epoch is the raw zero-based epoch index
in489g1,resnet18_blocks,resnet18_blocks,1,in489g1-resnet18_blocks-s1,27,1.49,1.49,S0062,80,false,"`in489g1`, 12 runs, ImageNet-489 | `in489g2`, 14 runs, ImageNet-489 | Full available curve retained; registered_horizon and in_registered_plateau5_window identify the primary endpoint. Epoch observations are not independent seeds.",accuracy percent; epoch is the raw zero-based epoch index
in489g1,resnet18_blocks,resnet18_blocks,1,in489g1-resnet18_blocks-s1,28,1.48,1.5,S0062,80,false,"`in489g1`, 12 runs, ImageNet-489 | `in489g2`, 14 runs, ImageNet-489 | Full available curve retained; registered_horizon and in_registered_plateau5_window identify the primary endpoint. Epoch observations are not independent seeds.",accuracy percent; epoch is the raw zero-based epoch index
in489g1,resnet18_blocks,resnet18_blocks,1,in489g1-resnet18_blocks-s1,29,1.57,1.51,S0062,80,false,"`in489g1`, 12 runs, ImageNet-489 | `in489g2`, 14 runs, ImageNet-489 | Full available curve retained; registered_horizon and in_registered_plateau5_window identify the primary endpoint. Epoch observations are not independent seeds.",accuracy percent; epoch is the raw zero-based epoch index
in489g1,resnet18_blocks,resnet18_blocks,1,in489g1-resnet18_blocks-s1,30,1.52,1.55,S0062,80,false,"`in489g1`, 12 runs, ImageNet-489 | `in489g2`, 14 runs, ImageNet-489 | Full available curve retained; registered_horizon and in_registered_plateau5_window identify the primary endpoint. Epoch observations are not independent seeds.",accuracy percent; epoch is the raw zero-based epoch index
in489g1,resnet18_blocks,resnet18_blocks,1,in489g1-resnet18_blocks-s1,31,1.52,1.59,S0062,80,false,"`in489g1`, 12 runs, ImageNet-489 | `in489g2`, 14 runs, ImageNet-489 | Full available curve retained; registered_horizon and in_registered_plateau5_window identify the primary endpoint. Epoch observations are not independent seeds.",accuracy percent; epoch is the raw zero-based epoch index
in489g1,resnet18_blocks,resnet18_blocks,1,in489g1-resnet18_blocks-s1,32,1.61,1.5,S0062,80,false,"`in489g1`, 12 runs, ImageNet-489 | `in489g2`, 14 runs, ImageNet-489 | Full available curve retained; registered_horizon and in_registered_plateau5_window identify the primary endpoint. Epoch observations are not independent seeds.",accuracy percent; epoch is the raw zero-based epoch index
in489g1,resnet18_blocks,resnet18_blocks,1,in489g1-resnet18_blocks-s1,33,1.61,1.51,S0062,80,false,"`in489g1`, 12 runs, ImageNet-489 | `in489g2`, 14 runs, ImageNet-489 | Full available curve retained; registered_horizon and in_registered_plateau5_window identify the primary endpoint. Epoch observations are not independent seeds.",accuracy percent; epoch is the raw zero-based epoch index
in489g1,resnet18_blocks,resnet18_blocks,1,in489g1-resnet18_blocks-s1,34,1.52,1.57,S0062,80,false,"`in489g1`, 12 runs, ImageNet-489 | `in489g2`, 14 runs, ImageNet-489 | Full available curve retained; registered_horizon and in_registered_plateau5_window identify the primary endpoint. Epoch observations are not independent seeds.",accuracy percent; epoch is the raw zero-based epoch index
in489g1,resnet18_blocks,resnet18_blocks,1,in489g1-resnet18_blocks-s1,35,1.57,1.51,S0062,80,false,"`in489g1`, 12 runs, ImageNet-489 | `in489g2`, 14 runs, ImageNet-489 | Full available curve retained; registered_horizon and in_registered_plateau5_window identify the primary endpoint. Epoch observations are not independent seeds.",accuracy percent; epoch is the raw zero-based epoch index
in489g1,resnet18_blocks,resnet18_blocks,1,in489g1-resnet18_blocks-s1,36,1.54,1.5,S0062,80,false,"`in489g1`, 12 runs, ImageNet-489 | `in489g2`, 14 runs, ImageNet-489 | Full available curve retained; registered_horizon and in_registered_plateau5_window identify the primary endpoint. Epoch observations are not independent seeds.",accuracy percent; epoch is the raw zero-based epoch index
in489g1,resnet18_blocks,resnet18_blocks,1,in489g1-resnet18_blocks-s1,37,1.57,1.52,S0062,80,false,"`in489g1`, 12 runs, ImageNet-489 | `in489g2`, 14 runs, ImageNet-489 | Full available curve retained; registered_horizon and in_registered_plateau5_window identify the primary endpoint. Epoch observations are not independent seeds.",accuracy percent; epoch is the raw zero-based epoch index
in489g1,resnet18_blocks,resnet18_blocks,1,in489g1-resnet18_blocks-s1,38,1.63,1.54,S0062,80,false,"`in489g1`, 12 runs, ImageNet-489 | `in489g2`, 14 runs, ImageNet-489 | Full available curve retained; registered_horizon and in_registered_plateau5_window identify the primary endpoint. Epoch observations are not independent seeds.",accuracy percent; epoch is the raw zero-based epoch index
in489g1,resnet18_blocks,resnet18_blocks,1,in489g1-resnet18_blocks-s1,39,1.48,1.55,S0062,80,false,"`in489g1`, 12 runs, ImageNet-489 | `in489g2`, 14 runs, ImageNet-489 | Full available curve retained; registered_horizon and in_registered_plateau5_window identify the primary endpoint. Epoch observations are not independent seeds.",accuracy percent; epoch is the raw zero-based epoch index
in489g1,resnet18_blocks,resnet18_blocks,1,in489g1-resnet18_blocks-s1,40,1.54,1.54,S0062,80,false,"`in489g1`, 12 runs, ImageNet-489 | `in489g2`, 14 runs, ImageNet-489 | Full available curve retained; registered_horizon and in_registered_plateau5_window identify the primary endpoint. Epoch observations are not independent seeds.",accuracy percent; epoch is the raw zero-based epoch index
in489g1,resnet18_blocks,resnet18_blocks,1,in489g1-resnet18_blocks-s1,41,1.53,1.49,S0062,80,false,"`in489g1`, 12 runs, ImageNet-489 | `in489g2`, 14 runs, ImageNet-489 | Full available curve retained; registered_horizon and in_registered_plateau5_window identify the primary endpoint. Epoch observations are not independent seeds.",accuracy percent; epoch is the raw zero-based epoch index
in489g1,resnet18_blocks,resnet18_blocks,1,in489g1-resnet18_blocks-s1,42,1.57,1.51,S0062,80,false,"`in489g1`, 12 runs, ImageNet-489 | `in489g2`, 14 runs, ImageNet-489 | Full available curve retained; registered_horizon and in_registered_plateau5_window identify the primary endpoint. Epoch observations are not independent seeds.",accuracy percent; epoch is the raw zero-based epoch index
in489g1,resnet18_blocks,resnet18_blocks,1,in489g1-resnet18_blocks-s1,43,1.54,1.54,S0062,80,false,"`in489g1`, 12 runs, ImageNet-489 | `in489g2`, 14 runs, ImageNet-489 | Full available curve retained; registered_horizon and in_registered_plateau5_window identify the primary endpoint. Epoch observations are not independent seeds.",accuracy percent; epoch is the raw zero-based epoch index
in489g1,resnet18_blocks,resnet18_blocks,1,in489g1-resnet18_blocks-s1,44,1.59,1.52,S0062,80,false,"`in489g1`, 12 runs, ImageNet-489 | `in489g2`, 14 runs, ImageNet-489 | Full available curve retained; registered_horizon and in_registered_plateau5_window identify the primary endpoint. Epoch observations are not independent seeds.",accuracy percent; epoch is the raw zero-based epoch index
in489g1,resnet18_blocks,resnet18_blocks,1,in489g1-resnet18_blocks-s1,45,1.66,1.53,S0062,80,false,"`in489g1`, 12 runs, ImageNet-489 | `in489g2`, 14 runs, ImageNet-489 | Full available curve retained; registered_horizon and in_registered_plateau5_window identify the primary endpoint. Epoch observations are not independent seeds.",accuracy percent; epoch is the raw zero-based epoch index
in489g1,resnet18_blocks,resnet18_blocks,1,in489g1-resnet18_blocks-s1,46,1.54,1.5,S0062,80,false,"`in489g1`, 12 runs, ImageNet-489 | `in489g2`, 14 runs, ImageNet-489 | Full available curve retained; registered_horizon and in_registered_plateau5_window identify the primary endpoint. Epoch observations are not independent seeds.",accuracy percent; epoch is the raw zero-based epoch index
in489g1,resnet18_blocks,resnet18_blocks,1,in489g1-resnet18_blocks-s1,47,1.54,1.49,S0062,80,false,"`in489g1`, 12 runs, ImageNet-489 | `in489g2`, 14 runs, ImageNet-489 | Full available curve retained; registered_horizon and in_registered_plateau5_window identify the primary endpoint. Epoch observations are not independent seeds.",accuracy percent; epoch is the raw zero-based epoch index
in489g1,resnet18_blocks,resnet18_blocks,1,in489g1-resnet18_blocks-s1,48,1.51,1.51,S0062,80,false,"`in489g1`, 12 runs, ImageNet-489 | `in489g2`, 14 runs, ImageNet-489 | Full available curve retained; registered_horizon and in_registered_plateau5_window identify the primary endpoint. Epoch observations are not independent seeds.",accuracy percent; epoch is the raw zero-based epoch index
in489g1,resnet18_blocks,resnet18_blocks,1,in489g1-resnet18_blocks-s1,49,1.54,1.51,S0062,80,false,"`in489g1`, 12 runs, ImageNet-489 | `in489g2`, 14 runs, ImageNet-489 | Full available curve retained; registered_horizon and in_registered_plateau5_window identify the primary endpoint. Epoch observations are not independent seeds.",accuracy percent; epoch is the raw zero-based epoch index
in489g1,resnet18_blocks,resnet18_blocks,1,in489g1-resnet18_blocks-s1,50,1.59,1.51,S0062,80,false,"`in489g1`, 12 runs, ImageNet-489 | `in489g2`, 14 runs, ImageNet-489 | Full available curve retained; registered_horizon and in_registered_plateau5_window identify the primary endpoint. Epoch observations are not independent seeds.",accuracy percent; epoch is the raw zero-based epoch index
in489g1,resnet18_blocks,resnet18_blocks,1,in489g1-resnet18_blocks-s1,51,1.53,1.5,S0062,80,false,"`in489g1`, 12 runs, ImageNet-489 | `in489g2`, 14 runs, ImageNet-489 | Full available curve retained; registered_horizon and in_registered_plateau5_window identify the primary endpoint. Epoch observations are not independent seeds.",accuracy percent; epoch is the raw zero-based epoch index
in489g1,resnet18_blocks,resnet18_blocks,1,in489g1-resnet18_blocks-s1,52,1.54,1.51,S0062,80,false,"`in489g1`, 12 runs, ImageNet-489 | `in489g2`, 14 runs, ImageNet-489 | Full available curve retained; registered_horizon and in_registered_plateau5_window identify the primary endpoint. Epoch observations are not independent seeds.",accuracy percent; epoch is the raw zero-based epoch index
in489g1,resnet18_blocks,resnet18_blocks,1,in489g1-resnet18_blocks-s1,53,1.6,1.53,S0062,80,false,"`in489g1`, 12 runs, ImageNet-489 | `in489g2`, 14 runs, ImageNet-489 | Full available curve retained; registered_horizon and in_registered_plateau5_window identify the primary endpoint. Epoch observations are not independent seeds.",accuracy percent; epoch is the raw zero-based epoch index
in489g1,resnet18_blocks,resnet18_blocks,1,in489g1-resnet18_blocks-s1,54,1.53,1.51,S0062,80,false,"`in489g1`, 12 runs, ImageNet-489 | `in489g2`, 14 runs, ImageNet-489 | Full available curve retained; registered_horizon and in_registered_plateau5_window identify the primary endpoint. Epoch observations are not independent seeds.",accuracy percent; epoch is the raw zero-based epoch index
in489g1,resnet18_blocks,resnet18_blocks,1,in489g1-resnet18_blocks-s1,55,1.54,1.52,S0062,80,false,"`in489g1`, 12 runs, ImageNet-489 | `in489g2`, 14 runs, ImageNet-489 | Full available curve retained; registered_horizon and in_registered_plateau5_window identify the primary endpoint. Epoch observations are not independent seeds.",accuracy percent; epoch is the raw zero-based epoch index
in489g1,resnet18_blocks,resnet18_blocks,1,in489g1-resnet18_blocks-s1,56,1.56,1.54,S0062,80,false,"`in489g1`, 12 runs, ImageNet-489 | `in489g2`, 14 runs, ImageNet-489 | Full available curve retained; registered_horizon and in_registered_plateau5_window identify the primary endpoint. Epoch observations are not independent seeds.",accuracy percent; epoch is the raw zero-based epoch index
in489g1,resnet18_blocks,resnet18_blocks,1,in489g1-resnet18_blocks-s1,57,1.54,1.54,S0062,80,false,"`in489g1`, 12 runs, ImageNet-489 | `in489g2`, 14 runs, ImageNet-489 | Full available curve retained; registered_horizon and in_registered_plateau5_window identify the primary endpoint. Epoch observations are not independent seeds.",accuracy percent; epoch is the raw zero-based epoch index
in489g1,resnet18_blocks,resnet18_blocks,1,in489g1-resnet18_blocks-s1,58,1.55,1.54,S0062,80,false,"`in489g1`, 12 runs, ImageNet-489 | `in489g2`, 14 runs, ImageNet-489 | Full available curve retained; registered_horizon and in_registered_plateau5_window identify the primary endpoint. Epoch observations are not independent seeds.",accuracy percent; epoch is the raw zero-based epoch index
in489g1,resnet18_blocks,resnet18_blocks,1,in489g1-resnet18_blocks-s1,59,1.62,1.52,S0062,80,false,"`in489g1`, 12 runs, ImageNet-489 | `in489g2`, 14 runs, ImageNet-489 | Full available curve retained; registered_horizon and in_registered_plateau5_window identify the primary endpoint. Epoch observations are not independent seeds.",accuracy percent; epoch is the raw zero-based epoch index
in489g1,resnet18_blocks,resnet18_blocks,1,in489g1-resnet18_blocks-s1,60,1.57,1.51,S0062,80,false,"`in489g1`, 12 runs, ImageNet-489 | `in489g2`, 14 runs, ImageNet-489 | Full available curve retained; registered_horizon and in_registered_plateau5_window identify the primary endpoint. Epoch observations are not independent seeds.",accuracy percent; epoch is the raw zero-based epoch index
in489g1,resnet18_blocks,resnet18_blocks,1,in489g1-resnet18_blocks-s1,61,1.55,1.51,S0062,80,false,"`in489g1`, 12 runs, ImageNet-489 | `in489g2`, 14 runs, ImageNet-489 | Full available curve retained; registered_horizon and in_registered_plateau5_window identify the primary endpoint. Epoch observations are not independent seeds.",accuracy percent; epoch is the raw zero-based epoch index
in489g1,resnet18_blocks,resnet18_blocks,1,in489g1-resnet18_blocks-s1,62,1.51,1.5,S0062,80,false,"`in489g1`, 12 runs, ImageNet-489 | `in489g2`, 14 runs, ImageNet-489 | Full available curve retained; registered_horizon and in_registered_plateau5_window identify the primary endpoint. Epoch observations are not independent seeds.",accuracy percent; epoch is the raw zero-based epoch index
in489g1,resnet18_blocks,resnet18_blocks,1,in489g1-resnet18_blocks-s1,63,1.52,1.48,S0062,80,false,"`in489g1`, 12 runs, ImageNet-489 | `in489g2`, 14 runs, ImageNet-489 | Full available curve retained; registered_horizon and in_registered_plateau5_window identify the primary endpoint. Epoch observations are not independent seeds.",accuracy percent; epoch is the raw zero-based epoch index
in489g1,resnet18_blocks,resnet18_blocks,1,in489g1-resnet18_blocks-s1,64,1.51,1.53,S0062,80,false,"`in489g1`, 12 runs, ImageNet-489 | `in489g2`, 14 runs, ImageNet-489 | Full available curve retained; registered_horizon and in_registered_plateau5_window identify the primary endpoint. Epoch observations are not independent seeds.",accuracy percent; epoch is the raw zero-based epoch index
in489g1,resnet18_blocks,resnet18_blocks,1,in489g1-resnet18_blocks-s1,65,1.53,1.5,S0062,80,false,"`in489g1`, 12 runs, ImageNet-489 | `in489g2`, 14 runs, ImageNet-489 | Full available curve retained; registered_horizon and in_registered_plateau5_window identify the primary endpoint. Epoch observations are not independent seeds.",accuracy percent; epoch is the raw zero-based epoch index
in489g1,resnet18_blocks,resnet18_blocks,1,in489g1-resnet18_blocks-s1,66,1.52,1.53,S0062,80,false,"`in489g1`, 12 runs, ImageNet-489 | `in489g2`, 14 runs, ImageNet-489 | Full available curve retained; registered_horizon and in_registered_plateau5_window identify the primary endpoint. Epoch observations are not independent seeds.",accuracy percent; epoch is the raw zero-based epoch index
in489g1,resnet18_blocks,resnet18_blocks,1,in489g1-resnet18_blocks-s1,67,1.48,1.52,S0062,80,false,"`in489g1`, 12 runs, ImageNet-489 | `in489g2`, 14 runs, ImageNet-489 | Full available curve retained; registered_horizon and in_registered_plateau5_window identify the primary endpoint. Epoch observations are not independent seeds.",accuracy percent; epoch is the raw zero-based epoch index
in489g1,resnet18_blocks,resnet18_blocks,1,in489g1-resnet18_blocks-s1,68,1.55,1.53,S0062,80,false,"`in489g1`, 12 runs, ImageNet-489 | `in489g2`, 14 runs, ImageNet-489 | Full available curve retained; registered_horizon and in_registered_plateau5_window identify the primary endpoint. Epoch observations are not independent seeds.",accuracy percent; epoch is the raw zero-based epoch index
in489g1,resnet18_blocks,resnet18_blocks,1,in489g1-resnet18_blocks-s1,69,1.48,1.52,S0062,80,false,"`in489g1`, 12 runs, ImageNet-489 | `in489g2`, 14 runs, ImageNet-489 | Full available curve retained; registered_horizon and in_registered_plateau5_window identify the primary endpoint. Epoch observations are not independent seeds.",accuracy percent; epoch is the raw zero-based epoch index
in489g1,resnet18_blocks,resnet18_blocks,1,in489g1-resnet18_blocks-s1,70,1.54,1.5,S0062,80,false,"`in489g1`, 12 runs, ImageNet-489 | `in489g2`, 14 runs, ImageNet-489 | Full available curve retained; registered_horizon and in_registered_plateau5_window identify the primary endpoint. Epoch observations are not independent seeds.",accuracy percent; epoch is the raw zero-based epoch index
in489g1,resnet18_blocks,resnet18_blocks,1,in489g1-resnet18_blocks-s1,71,1.58,1.51,S0062,80,false,"`in489g1`, 12 runs, ImageNet-489 | `in489g2`, 14 runs, ImageNet-489 | Full available curve retained; registered_horizon and in_registered_plateau5_window identify the primary endpoint. Epoch observations are not independent seeds.",accuracy percent; epoch is the raw zero-based epoch index
in489g1,resnet18_blocks,resnet18_blocks,1,in489g1-resnet18_blocks-s1,72,1.53,1.53,S0062,80,false,"`in489g1`, 12 runs, ImageNet-489 | `in489g2`, 14 runs, ImageNet-489 | Full available curve retained; registered_horizon and in_registered_plateau5_window identify the primary endpoint. Epoch observations are not independent seeds.",accuracy percent; epoch is the raw zero-based epoch index
in489g1,resnet18_blocks,resnet18_blocks,1,in489g1-resnet18_blocks-s1,73,1.55,1.5,S0062,80,false,"`in489g1`, 12 runs, ImageNet-489 | `in489g2`, 14 runs, ImageNet-489 | Full available curve retained; registered_horizon and in_registered_plateau5_window identify the primary endpoint. Epoch observations are not independent seeds.",accuracy percent; epoch is the raw zero-based epoch index
in489g1,resnet18_blocks,resnet18_blocks,1,in489g1-resnet18_blocks-s1,74,1.57,1.5,S0062,80,false,"`in489g1`, 12 runs, ImageNet-489 | `in489g2`, 14 runs, ImageNet-489 | Full available curve retained; registered_horizon and in_registered_plateau5_window identify the primary endpoint. Epoch observations are not independent seeds.",accuracy percent; epoch is the raw zero-based epoch index
in489g1,resnet18_blocks,resnet18_blocks,1,in489g1-resnet18_blocks-s1,75,1.55,1.53,S0062,80,true,"`in489g1`, 12 runs, ImageNet-489 | `in489g2`, 14 runs, ImageNet-489 | Full available curve retained; registered_horizon and in_registered_plateau5_window identify the primary endpoint. Epoch observations are not independent seeds.",accuracy percent; epoch is the raw zero-based epoch index
in489g1,resnet18_blocks,resnet18_blocks,1,in489g1-resnet18_blocks-s1,76,1.6,1.51,S0062,80,true,"`in489g1`, 12 runs, ImageNet-489 | `in489g2`, 14 runs, ImageNet-489 | Full available curve retained; registered_horizon and in_registered_plateau5_window identify the primary endpoint. Epoch observations are not independent seeds.",accuracy percent; epoch is the raw zero-based epoch index
in489g1,resnet18_blocks,resnet18_blocks,1,in489g1-resnet18_blocks-s1,77,1.57,1.51,S0062,80,true,"`in489g1`, 12 runs, ImageNet-489 | `in489g2`, 14 runs, ImageNet-489 | Full available curve retained; registered_horizon and in_registered_plateau5_window identify the primary endpoint. Epoch observations are not independent seeds.",accuracy percent; epoch is the raw zero-based epoch index
in489g1,resnet18_blocks,resnet18_blocks,1,in489g1-resnet18_blocks-s1,78,1.57,1.51,S0062,80,true,"`in489g1`, 12 runs, ImageNet-489 | `in489g2`, 14 runs, ImageNet-489 | Full available curve retained; registered_horizon and in_registered_plateau5_window identify the primary endpoint. Epoch observations are not independent seeds.",accuracy percent; epoch is the raw zero-based epoch index
in489g1,resnet18_blocks,resnet18_blocks,1,in489g1-resnet18_blocks-s1,79,1.51,1.51,S0062,80,true,"`in489g1`, 12 runs, ImageNet-489 | `in489g2`, 14 runs, ImageNet-489 | Full available curve retained; registered_horizon and in_registered_plateau5_window identify the primary endpoint. Epoch observations are not independent seeds.",accuracy percent; epoch is the raw zero-based epoch index
in489g1,resnet18_blocks,resnet18_blocks,2,in489g1-resnet18_blocks-s2,0,0.28,0.24,S0063,80,false,"`in489g1`, 12 runs, ImageNet-489 | `in489g2`, 14 runs, ImageNet-489 | Full available curve retained; registered_horizon and in_registered_plateau5_window identify the primary endpoint. Epoch observations are not independent seeds.",accuracy percent; epoch is the raw zero-based epoch index
in489g1,resnet18_blocks,resnet18_blocks,2,in489g1-resnet18_blocks-s2,1,0.31,0.24,S0063,80,false,"`in489g1`, 12 runs, ImageNet-489 | `in489g2`, 14 runs, ImageNet-489 | Full available curve retained; registered_horizon and in_registered_plateau5_window identify the primary endpoint. Epoch observations are not independent seeds.",accuracy percent; epoch is the raw zero-based epoch index
in489g1,resnet18_blocks,resnet18_blocks,2,in489g1-resnet18_blocks-s2,2,0.51,0.3,S0063,80,false,"`in489g1`, 12 runs, ImageNet-489 | `in489g2`, 14 runs, ImageNet-489 | Full available curve retained; registered_horizon and in_registered_plateau5_window identify the primary endpoint. Epoch observations are not independent seeds.",accuracy percent; epoch is the raw zero-based epoch index
in489g1,resnet18_blocks,resnet18_blocks,2,in489g1-resnet18_blocks-s2,3,1.14,0.96,S0063,80,false,"`in489g1`, 12 runs, ImageNet-489 | `in489g2`, 14 runs, ImageNet-489 | Full available curve retained; registered_horizon and in_registered_plateau5_window identify the primary endpoint. Epoch observations are not independent seeds.",accuracy percent; epoch is the raw zero-based epoch index
in489g1,resnet18_blocks,resnet18_blocks,2,in489g1-resnet18_blocks-s2,4,1.2,1.22,S0063,80,false,"`in489g1`, 12 runs, ImageNet-489 | `in489g2`, 14 runs, ImageNet-489 | Full available curve retained; registered_horizon and in_registered_plateau5_window identify the primary endpoint. Epoch observations are not independent seeds.",accuracy percent; epoch is the raw zero-based epoch index
in489g1,resnet18_blocks,resnet18_blocks,2,in489g1-resnet18_blocks-s2,5,1.46,1.27,S0063,80,false,"`in489g1`, 12 runs, ImageNet-489 | `in489g2`, 14 runs, ImageNet-489 | Full available curve retained; registered_horizon and in_registered_plateau5_window identify the primary endpoint. Epoch observations are not independent seeds.",accuracy percent; epoch is the raw zero-based epoch index
in489g1,resnet18_blocks,resnet18_blocks,2,in489g1-resnet18_blocks-s2,6,1.35,1.31,S0063,80,false,"`in489g1`, 12 runs, ImageNet-489 | `in489g2`, 14 runs, ImageNet-489 | Full available curve retained; registered_horizon and in_registered_plateau5_window identify the primary endpoint. Epoch observations are not independent seeds.",accuracy percent; epoch is the raw zero-based epoch index
in489g1,resnet18_blocks,resnet18_blocks,2,in489g1-resnet18_blocks-s2,7,1.43,1.33,S0063,80,false,"`in489g1`, 12 runs, ImageNet-489 | `in489g2`, 14 runs, ImageNet-489 | Full available curve retained; registered_horizon and in_registered_plateau5_window identify the primary endpoint. Epoch observations are not independent seeds.",accuracy percent; epoch is the raw zero-based epoch index
in489g1,resnet18_blocks,resnet18_blocks,2,in489g1-resnet18_blocks-s2,8,1.42,1.42,S0063,80,false,"`in489g1`, 12 runs, ImageNet-489 | `in489g2`, 14 runs, ImageNet-489 | Full available curve retained; registered_horizon and in_registered_plateau5_window identify the primary endpoint. Epoch observations are not independent seeds.",accuracy percent; epoch is the raw zero-based epoch index
in489g1,resnet18_blocks,resnet18_blocks,2,in489g1-resnet18_blocks-s2,9,1.41,1.38,S0063,80,false,"`in489g1`, 12 runs, ImageNet-489 | `in489g2`, 14 runs, ImageNet-489 | Full available curve retained; registered_horizon and in_registered_plateau5_window identify the primary endpoint. Epoch observations are not independent seeds.",accuracy percent; epoch is the raw zero-based epoch index
in489g1,resnet18_blocks,resnet18_blocks,2,in489g1-resnet18_blocks-s2,10,1.32,1.4,S0063,80,false,"`in489g1`, 12 runs, ImageNet-489 | `in489g2`, 14 runs, ImageNet-489 | Full available curve retained; registered_horizon and in_registered_plateau5_window identify the primary endpoint. Epoch observations are not independent seeds.",accuracy percent; epoch is the raw zero-based epoch index
in489g1,resnet18_blocks,resnet18_blocks,2,in489g1-resnet18_blocks-s2,11,1.33,1.37,S0063,80,false,"`in489g1`, 12 runs, ImageNet-489 | `in489g2`, 14 runs, ImageNet-489 | Full available curve retained; registered_horizon and in_registered_plateau5_window identify the primary endpoint. Epoch observations are not independent seeds.",accuracy percent; epoch is the raw zero-based epoch index
in489g1,resnet18_blocks,resnet18_blocks,2,in489g1-resnet18_blocks-s2,12,1.39,1.4,S0063,80,false,"`in489g1`, 12 runs, ImageNet-489 | `in489g2`, 14 runs, ImageNet-489 | Full available curve retained; registered_horizon and in_registered_plateau5_window identify the primary endpoint. Epoch observations are not independent seeds.",accuracy percent; epoch is the raw zero-based epoch index
in489g1,resnet18_blocks,resnet18_blocks,2,in489g1-resnet18_blocks-s2,13,1.39,1.44,S0063,80,false,"`in489g1`, 12 runs, ImageNet-489 | `in489g2`, 14 runs, ImageNet-489 | Full available curve retained; registered_horizon and in_registered_plateau5_window identify the primary endpoint. Epoch observations are not independent seeds.",accuracy percent; epoch is the raw zero-based epoch index
in489g1,resnet18_blocks,resnet18_blocks,2,in489g1-resnet18_blocks-s2,14,1.4,1.36,S0063,80,false,"`in489g1`, 12 runs, ImageNet-489 | `in489g2`, 14 runs, ImageNet-489 | Full available curve retained; registered_horizon and in_registered_plateau5_window identify the primary endpoint. Epoch observations are not independent seeds.",accuracy percent; epoch is the raw zero-based epoch index
in489g1,resnet18_blocks,resnet18_blocks,2,in489g1-resnet18_blocks-s2,15,1.37,1.39,S0063,80,false,"`in489g1`, 12 runs, ImageNet-489 | `in489g2`, 14 runs, ImageNet-489 | Full available curve retained; registered_horizon and in_registered_plateau5_window identify the primary endpoint. Epoch observations are not independent seeds.",accuracy percent; epoch is the raw zero-based epoch index
in489g1,resnet18_blocks,resnet18_blocks,2,in489g1-resnet18_blocks-s2,16,1.39,1.4,S0063,80,false,"`in489g1`, 12 runs, ImageNet-489 | `in489g2`, 14 runs, ImageNet-489 | Full available curve retained; registered_horizon and in_registered_plateau5_window identify the primary endpoint. Epoch observations are not independent seeds.",accuracy percent; epoch is the raw zero-based epoch index
in489g1,resnet18_blocks,resnet18_blocks,2,in489g1-resnet18_blocks-s2,17,1.46,1.38,S0063,80,false,"`in489g1`, 12 runs, ImageNet-489 | `in489g2`, 14 runs, ImageNet-489 | Full available curve retained; registered_horizon and in_registered_plateau5_window identify the primary endpoint. Epoch observations are not independent seeds.",accuracy percent; epoch is the raw zero-based epoch index
in489g1,resnet18_blocks,resnet18_blocks,2,in489g1-resnet18_blocks-s2,18,1.35,1.4,S0063,80,false,"`in489g1`, 12 runs, ImageNet-489 | `in489g2`, 14 runs, ImageNet-489 | Full available curve retained; registered_horizon and in_registered_plateau5_window identify the primary endpoint. Epoch observations are not independent seeds.",accuracy percent; epoch is the raw zero-based epoch index
in489g1,resnet18_blocks,resnet18_blocks,2,in489g1-resnet18_blocks-s2,19,1.39,1.38,S0063,80,false,"`in489g1`, 12 runs, ImageNet-489 | `in489g2`, 14 runs, ImageNet-489 | Full available curve retained; registered_horizon and in_registered_plateau5_window identify the primary endpoint. Epoch observations are not independent seeds.",accuracy percent; epoch is the raw zero-based epoch index
in489g1,resnet18_blocks,resnet18_blocks,2,in489g1-resnet18_blocks-s2,20,1.41,1.41,S0063,80,false,"`in489g1`, 12 runs, ImageNet-489 | `in489g2`, 14 runs, ImageNet-489 | Full available curve retained; registered_horizon and in_registered_plateau5_window identify the primary endpoint. Epoch observations are not independent seeds.",accuracy percent; epoch is the raw zero-based epoch index
in489g1,resnet18_blocks,resnet18_blocks,2,in489g1-resnet18_blocks-s2,21,1.44,1.41,S0063,80,false,"`in489g1`, 12 runs, ImageNet-489 | `in489g2`, 14 runs, ImageNet-489 | Full available curve retained; registered_horizon and in_registered_plateau5_window identify the primary endpoint. Epoch observations are not independent seeds.",accuracy percent; epoch is the raw zero-based epoch index
in489g1,resnet18_blocks,resnet18_blocks,2,in489g1-resnet18_blocks-s2,22,1.44,1.41,S0063,80,false,"`in489g1`, 12 runs, ImageNet-489 | `in489g2`, 14 runs, ImageNet-489 | Full available curve retained; registered_horizon and in_registered_plateau5_window identify the primary endpoint. Epoch observations are not independent seeds.",accuracy percent; epoch is the raw zero-based epoch index
in489g1,resnet18_blocks,resnet18_blocks,2,in489g1-resnet18_blocks-s2,23,1.42,1.41,S0063,80,false,"`in489g1`, 12 runs, ImageNet-489 | `in489g2`, 14 runs, ImageNet-489 | Full available curve retained; registered_horizon and in_registered_plateau5_window identify the primary endpoint. Epoch observations are not independent seeds.",accuracy percent; epoch is the raw zero-based epoch index
in489g1,resnet18_blocks,resnet18_blocks,2,in489g1-resnet18_blocks-s2,24,1.39,1.37,S0063,80,false,"`in489g1`, 12 runs, ImageNet-489 | `in489g2`, 14 runs, ImageNet-489 | Full available curve retained; registered_horizon and in_registered_plateau5_window identify the primary endpoint. Epoch observations are not independent seeds.",accuracy percent; epoch is the raw zero-based epoch index
in489g1,resnet18_blocks,resnet18_blocks,2,in489g1-resnet18_blocks-s2,25,1.38,1.39,S0063,80,false,"`in489g1`, 12 runs, ImageNet-489 | `in489g2`, 14 runs, ImageNet-489 | Full available curve retained; registered_horizon and in_registered_plateau5_window identify the primary endpoint. Epoch observations are not independent seeds.",accuracy percent; epoch is the raw zero-based epoch index
in489g1,resnet18_blocks,resnet18_blocks,2,in489g1-resnet18_blocks-s2,26,1.42,1.41,S0063,80,false,"`in489g1`, 12 runs, ImageNet-489 | `in489g2`, 14 runs, ImageNet-489 | Full available curve retained; registered_horizon and in_registered_plateau5_window identify the primary endpoint. Epoch observations are not independent seeds.",accuracy percent; epoch is the raw zero-based epoch index
in489g1,resnet18_blocks,resnet18_blocks,2,in489g1-resnet18_blocks-s2,27,1.44,1.4,S0063,80,false,"`in489g1`, 12 runs, ImageNet-489 | `in489g2`, 14 runs, ImageNet-489 | Full available curve retained; registered_horizon and in_registered_plateau5_window identify the primary endpoint. Epoch observations are not independent seeds.",accuracy percent; epoch is the raw zero-based epoch index
in489g1,resnet18_blocks,resnet18_blocks,2,in489g1-resnet18_blocks-s2,28,1.42,1.42,S0063,80,false,"`in489g1`, 12 runs, ImageNet-489 | `in489g2`, 14 runs, ImageNet-489 | Full available curve retained; registered_horizon and in_registered_plateau5_window identify the primary endpoint. Epoch observations are not independent seeds.",accuracy percent; epoch is the raw zero-based epoch index
in489g1,resnet18_blocks,resnet18_blocks,2,in489g1-resnet18_blocks-s2,29,1.39,1.42,S0063,80,false,"`in489g1`, 12 runs, ImageNet-489 | `in489g2`, 14 runs, ImageNet-489 | Full available curve retained; registered_horizon and in_registered_plateau5_window identify the primary endpoint. Epoch observations are not independent seeds.",accuracy percent; epoch is the raw zero-based epoch index
in489g1,resnet18_blocks,resnet18_blocks,2,in489g1-resnet18_blocks-s2,30,1.42,1.4,S0063,80,false,"`in489g1`, 12 runs, ImageNet-489 | `in489g2`, 14 runs, ImageNet-489 | Full available curve retained; registered_horizon and in_registered_plateau5_window identify the primary endpoint. Epoch observations are not independent seeds.",accuracy percent; epoch is the raw zero-based epoch index
in489g1,resnet18_blocks,resnet18_blocks,2,in489g1-resnet18_blocks-s2,31,1.42,1.38,S0063,80,false,"`in489g1`, 12 runs, ImageNet-489 | `in489g2`, 14 runs, ImageNet-489 | Full available curve retained; registered_horizon and in_registered_plateau5_window identify the primary endpoint. Epoch observations are not independent seeds.",accuracy percent; epoch is the raw zero-based epoch index
in489g1,resnet18_blocks,resnet18_blocks,2,in489g1-resnet18_blocks-s2,32,1.39,1.39,S0063,80,false,"`in489g1`, 12 runs, ImageNet-489 | `in489g2`, 14 runs, ImageNet-489 | Full available curve retained; registered_horizon and in_registered_plateau5_window identify the primary endpoint. Epoch observations are not independent seeds.",accuracy percent; epoch is the raw zero-based epoch index
in489g1,resnet18_blocks,resnet18_blocks,2,in489g1-resnet18_blocks-s2,33,1.44,1.42,S0063,80,false,"`in489g1`, 12 runs, ImageNet-489 | `in489g2`, 14 runs, ImageNet-489 | Full available curve retained; registered_horizon and in_registered_plateau5_window identify the primary endpoint. Epoch observations are not independent seeds.",accuracy percent; epoch is the raw zero-based epoch index
in489g1,resnet18_blocks,resnet18_blocks,2,in489g1-resnet18_blocks-s2,34,1.38,1.4,S0063,80,false,"`in489g1`, 12 runs, ImageNet-489 | `in489g2`, 14 runs, ImageNet-489 | Full available curve retained; registered_horizon and in_registered_plateau5_window identify the primary endpoint. Epoch observations are not independent seeds.",accuracy percent; epoch is the raw zero-based epoch index
in489g1,resnet18_blocks,resnet18_blocks,2,in489g1-resnet18_blocks-s2,35,1.41,1.39,S0063,80,false,"`in489g1`, 12 runs, ImageNet-489 | `in489g2`, 14 runs, ImageNet-489 | Full available curve retained; registered_horizon and in_registered_plateau5_window identify the primary endpoint. Epoch observations are not independent seeds.",accuracy percent; epoch is the raw zero-based epoch index
in489g1,resnet18_blocks,resnet18_blocks,2,in489g1-resnet18_blocks-s2,36,1.41,1.43,S0063,80,false,"`in489g1`, 12 runs, ImageNet-489 | `in489g2`, 14 runs, ImageNet-489 | Full available curve retained; registered_horizon and in_registered_plateau5_window identify the primary endpoint. Epoch observations are not independent seeds.",accuracy percent; epoch is the raw zero-based epoch index
in489g1,resnet18_blocks,resnet18_blocks,2,in489g1-resnet18_blocks-s2,37,1.39,1.43,S0063,80,false,"`in489g1`, 12 runs, ImageNet-489 | `in489g2`, 14 runs, ImageNet-489 | Full available curve retained; registered_horizon and in_registered_plateau5_window identify the primary endpoint. Epoch observations are not independent seeds.",accuracy percent; epoch is the raw zero-based epoch index
in489g1,resnet18_blocks,resnet18_blocks,2,in489g1-resnet18_blocks-s2,38,1.39,1.42,S0063,80,false,"`in489g1`, 12 runs, ImageNet-489 | `in489g2`, 14 runs, ImageNet-489 | Full available curve retained; registered_horizon and in_registered_plateau5_window identify the primary endpoint. Epoch observations are not independent seeds.",accuracy percent; epoch is the raw zero-based epoch index
in489g1,resnet18_blocks,resnet18_blocks,2,in489g1-resnet18_blocks-s2,39,1.43,1.41,S0063,80,false,"`in489g1`, 12 runs, ImageNet-489 | `in489g2`, 14 runs, ImageNet-489 | Full available curve retained; registered_horizon and in_registered_plateau5_window identify the primary endpoint. Epoch observations are not independent seeds.",accuracy percent; epoch is the raw zero-based epoch index
in489g1,resnet18_blocks,resnet18_blocks,2,in489g1-resnet18_blocks-s2,40,1.45,1.4,S0063,80,false,"`in489g1`, 12 runs, ImageNet-489 | `in489g2`, 14 runs, ImageNet-489 | Full available curve retained; registered_horizon and in_registered_plateau5_window identify the primary endpoint. Epoch observations are not independent seeds.",accuracy percent; epoch is the raw zero-based epoch index
in489g1,resnet18_blocks,resnet18_blocks,2,in489g1-resnet18_blocks-s2,41,1.44,1.4,S0063,80,false,"`in489g1`, 12 runs, ImageNet-489 | `in489g2`, 14 runs, ImageNet-489 | Full available curve retained; registered_horizon and in_registered_plateau5_window identify the primary endpoint. Epoch observations are not independent seeds.",accuracy percent; epoch is the raw zero-based epoch index
in489g1,resnet18_blocks,resnet18_blocks,2,in489g1-resnet18_blocks-s2,42,1.49,1.42,S0063,80,false,"`in489g1`, 12 runs, ImageNet-489 | `in489g2`, 14 runs, ImageNet-489 | Full available curve retained; registered_horizon and in_registered_plateau5_window identify the primary endpoint. Epoch observations are not independent seeds.",accuracy percent; epoch is the raw zero-based epoch index
in489g1,resnet18_blocks,resnet18_blocks,2,in489g1-resnet18_blocks-s2,43,1.39,1.41,S0063,80,false,"`in489g1`, 12 runs, ImageNet-489 | `in489g2`, 14 runs, ImageNet-489 | Full available curve retained; registered_horizon and in_registered_plateau5_window identify the primary endpoint. Epoch observations are not independent seeds.",accuracy percent; epoch is the raw zero-based epoch index
in489g1,resnet18_blocks,resnet18_blocks,2,in489g1-resnet18_blocks-s2,44,1.43,1.42,S0063,80,false,"`in489g1`, 12 runs, ImageNet-489 | `in489g2`, 14 runs, ImageNet-489 | Full available curve retained; registered_horizon and in_registered_plateau5_window identify the primary endpoint. Epoch observations are not independent seeds.",accuracy percent; epoch is the raw zero-based epoch index
in489g1,resnet18_blocks,resnet18_blocks,2,in489g1-resnet18_blocks-s2,45,1.45,1.41,S0063,80,false,"`in489g1`, 12 runs, ImageNet-489 | `in489g2`, 14 runs, ImageNet-489 | Full available curve retained; registered_horizon and in_registered_plateau5_window identify the primary endpoint. Epoch observations are not independent seeds.",accuracy percent; epoch is the raw zero-based epoch index
in489g1,resnet18_blocks,resnet18_blocks,2,in489g1-resnet18_blocks-s2,46,1.42,1.41,S0063,80,false,"`in489g1`, 12 runs, ImageNet-489 | `in489g2`, 14 runs, ImageNet-489 | Full available curve retained; registered_horizon and in_registered_plateau5_window identify the primary endpoint. Epoch observations are not independent seeds.",accuracy percent; epoch is the raw zero-based epoch index
in489g1,resnet18_blocks,resnet18_blocks,2,in489g1-resnet18_blocks-s2,47,1.4,1.4,S0063,80,false,"`in489g1`, 12 runs, ImageNet-489 | `in489g2`, 14 runs, ImageNet-489 | Full available curve retained; registered_horizon and in_registered_plateau5_window identify the primary endpoint. Epoch observations are not independent seeds.",accuracy percent; epoch is the raw zero-based epoch index
in489g1,resnet18_blocks,resnet18_blocks,2,in489g1-resnet18_blocks-s2,48,1.5,1.41,S0063,80,false,"`in489g1`, 12 runs, ImageNet-489 | `in489g2`, 14 runs, ImageNet-489 | Full available curve retained; registered_horizon and in_registered_plateau5_window identify the primary endpoint. Epoch observations are not independent seeds.",accuracy percent; epoch is the raw zero-based epoch index
in489g1,resnet18_blocks,resnet18_blocks,2,in489g1-resnet18_blocks-s2,49,1.42,1.42,S0063,80,false,"`in489g1`, 12 runs, ImageNet-489 | `in489g2`, 14 runs, ImageNet-489 | Full available curve retained; registered_horizon and in_registered_plateau5_window identify the primary endpoint. Epoch observations are not independent seeds.",accuracy percent; epoch is the raw zero-based epoch index
in489g1,resnet18_blocks,resnet18_blocks,2,in489g1-resnet18_blocks-s2,50,1.46,1.4,S0063,80,false,"`in489g1`, 12 runs, ImageNet-489 | `in489g2`, 14 runs, ImageNet-489 | Full available curve retained; registered_horizon and in_registered_plateau5_window identify the primary endpoint. Epoch observations are not independent seeds.",accuracy percent; epoch is the raw zero-based epoch index
in489g1,resnet18_blocks,resnet18_blocks,2,in489g1-resnet18_blocks-s2,51,1.46,1.43,S0063,80,false,"`in489g1`, 12 runs, ImageNet-489 | `in489g2`, 14 runs, ImageNet-489 | Full available curve retained; registered_horizon and in_registered_plateau5_window identify the primary endpoint. Epoch observations are not independent seeds.",accuracy percent; epoch is the raw zero-based epoch index
in489g1,resnet18_blocks,resnet18_blocks,2,in489g1-resnet18_blocks-s2,52,1.44,1.43,S0063,80,false,"`in489g1`, 12 runs, ImageNet-489 | `in489g2`, 14 runs, ImageNet-489 | Full available curve retained; registered_horizon and in_registered_plateau5_window identify the primary endpoint. Epoch observations are not independent seeds.",accuracy percent; epoch is the raw zero-based epoch index
in489g1,resnet18_blocks,resnet18_blocks,2,in489g1-resnet18_blocks-s2,53,1.43,1.43,S0063,80,false,"`in489g1`, 12 runs, ImageNet-489 | `in489g2`, 14 runs, ImageNet-489 | Full available curve retained; registered_horizon and in_registered_plateau5_window identify the primary endpoint. Epoch observations are not independent seeds.",accuracy percent; epoch is the raw zero-based epoch index
in489g1,resnet18_blocks,resnet18_blocks,2,in489g1-resnet18_blocks-s2,54,1.44,1.41,S0063,80,false,"`in489g1`, 12 runs, ImageNet-489 | `in489g2`, 14 runs, ImageNet-489 | Full available curve retained; registered_horizon and in_registered_plateau5_window identify the primary endpoint. Epoch observations are not independent seeds.",accuracy percent; epoch is the raw zero-based epoch index
in489g1,resnet18_blocks,resnet18_blocks,2,in489g1-resnet18_blocks-s2,55,1.47,1.41,S0063,80,false,"`in489g1`, 12 runs, ImageNet-489 | `in489g2`, 14 runs, ImageNet-489 | Full available curve retained; registered_horizon and in_registered_plateau5_window identify the primary endpoint. Epoch observations are not independent seeds.",accuracy percent; epoch is the raw zero-based epoch index
in489g1,resnet18_blocks,resnet18_blocks,2,in489g1-resnet18_blocks-s2,56,1.39,1.41,S0063,80,false,"`in489g1`, 12 runs, ImageNet-489 | `in489g2`, 14 runs, ImageNet-489 | Full available curve retained; registered_horizon and in_registered_plateau5_window identify the primary endpoint. Epoch observations are not independent seeds.",accuracy percent; epoch is the raw zero-based epoch index
in489g1,resnet18_blocks,resnet18_blocks,2,in489g1-resnet18_blocks-s2,57,1.38,1.43,S0063,80,false,"`in489g1`, 12 runs, ImageNet-489 | `in489g2`, 14 runs, ImageNet-489 | Full available curve retained; registered_horizon and in_registered_plateau5_window identify the primary endpoint. Epoch observations are not independent seeds.",accuracy percent; epoch is the raw zero-based epoch index
in489g1,resnet18_blocks,resnet18_blocks,2,in489g1-resnet18_blocks-s2,58,1.37,1.42,S0063,80,false,"`in489g1`, 12 runs, ImageNet-489 | `in489g2`, 14 runs, ImageNet-489 | Full available curve retained; registered_horizon and in_registered_plateau5_window identify the primary endpoint. Epoch observations are not independent seeds.",accuracy percent; epoch is the raw zero-based epoch index
in489g1,resnet18_blocks,resnet18_blocks,2,in489g1-resnet18_blocks-s2,59,1.42,1.41,S0063,80,false,"`in489g1`, 12 runs, ImageNet-489 | `in489g2`, 14 runs, ImageNet-489 | Full available curve retained; registered_horizon and in_registered_plateau5_window identify the primary endpoint. Epoch observations are not independent seeds.",accuracy percent; epoch is the raw zero-based epoch index
in489g1,resnet18_blocks,resnet18_blocks,2,in489g1-resnet18_blocks-s2,60,1.41,1.41,S0063,80,false,"`in489g1`, 12 runs, ImageNet-489 | `in489g2`, 14 runs, ImageNet-489 | Full available curve retained; registered_horizon and in_registered_plateau5_window identify the primary endpoint. Epoch observations are not independent seeds.",accuracy percent; epoch is the raw zero-based epoch index
in489g1,resnet18_blocks,resnet18_blocks,2,in489g1-resnet18_blocks-s2,61,1.42,1.43,S0063,80,false,"`in489g1`, 12 runs, ImageNet-489 | `in489g2`, 14 runs, ImageNet-489 | Full available curve retained; registered_horizon and in_registered_plateau5_window identify the primary endpoint. Epoch observations are not independent seeds.",accuracy percent; epoch is the raw zero-based epoch index
in489g1,resnet18_blocks,resnet18_blocks,2,in489g1-resnet18_blocks-s2,62,1.41,1.4,S0063,80,false,"`in489g1`, 12 runs, ImageNet-489 | `in489g2`, 14 runs, ImageNet-489 | Full available curve retained; registered_horizon and in_registered_plateau5_window identify the primary endpoint. Epoch observations are not independent seeds.",accuracy percent; epoch is the raw zero-based epoch index
in489g1,resnet18_blocks,resnet18_blocks,2,in489g1-resnet18_blocks-s2,63,1.48,1.41,S0063,80,false,"`in489g1`, 12 runs, ImageNet-489 | `in489g2`, 14 runs, ImageNet-489 | Full available curve retained; registered_horizon and in_registered_plateau5_window identify the primary endpoint. Epoch observations are not independent seeds.",accuracy percent; epoch is the raw zero-based epoch index
in489g1,resnet18_blocks,resnet18_blocks,2,in489g1-resnet18_blocks-s2,64,1.41,1.44,S0063,80,false,"`in489g1`, 12 runs, ImageNet-489 | `in489g2`, 14 runs, ImageNet-489 | Full available curve retained; registered_horizon and in_registered_plateau5_window identify the primary endpoint. Epoch observations are not independent seeds.",accuracy percent; epoch is the raw zero-based epoch index
in489g1,resnet18_blocks,resnet18_blocks,2,in489g1-resnet18_blocks-s2,65,1.43,1.4,S0063,80,false,"`in489g1`, 12 runs, ImageNet-489 | `in489g2`, 14 runs, ImageNet-489 | Full available curve retained; registered_horizon and in_registered_plateau5_window identify the primary endpoint. Epoch observations are not independent seeds.",accuracy percent; epoch is the raw zero-based epoch index
in489g1,resnet18_blocks,resnet18_blocks,2,in489g1-resnet18_blocks-s2,66,1.42,1.42,S0063,80,false,"`in489g1`, 12 runs, ImageNet-489 | `in489g2`, 14 runs, ImageNet-489 | Full available curve retained; registered_horizon and in_registered_plateau5_window identify the primary endpoint. Epoch observations are not independent seeds.",accuracy percent; epoch is the raw zero-based epoch index
in489g1,resnet18_blocks,resnet18_blocks,2,in489g1-resnet18_blocks-s2,67,1.44,1.41,S0063,80,false,"`in489g1`, 12 runs, ImageNet-489 | `in489g2`, 14 runs, ImageNet-489 | Full available curve retained; registered_horizon and in_registered_plateau5_window identify the primary endpoint. Epoch observations are not independent seeds.",accuracy percent; epoch is the raw zero-based epoch index
in489g1,resnet18_blocks,resnet18_blocks,2,in489g1-resnet18_blocks-s2,68,1.44,1.43,S0063,80,false,"`in489g1`, 12 runs, ImageNet-489 | `in489g2`, 14 runs, ImageNet-489 | Full available curve retained; registered_horizon and in_registered_plateau5_window identify the primary endpoint. Epoch observations are not independent seeds.",accuracy percent; epoch is the raw zero-based epoch index
in489g1,resnet18_blocks,resnet18_blocks,2,in489g1-resnet18_blocks-s2,69,1.37,1.42,S0063,80,false,"`in489g1`, 12 runs, ImageNet-489 | `in489g2`, 14 runs, ImageNet-489 | Full available curve retained; registered_horizon and in_registered_plateau5_window identify the primary endpoint. Epoch observations are not independent seeds.",accuracy percent; epoch is the raw zero-based epoch index
in489g1,resnet18_blocks,resnet18_blocks,2,in489g1-resnet18_blocks-s2,70,1.42,1.42,S0063,80,false,"`in489g1`, 12 runs, ImageNet-489 | `in489g2`, 14 runs, ImageNet-489 | Full available curve retained; registered_horizon and in_registered_plateau5_window identify the primary endpoint. Epoch observations are not independent seeds.",accuracy percent; epoch is the raw zero-based epoch index
in489g1,resnet18_blocks,resnet18_blocks,2,in489g1-resnet18_blocks-s2,71,1.41,1.44,S0063,80,false,"`in489g1`, 12 runs, ImageNet-489 | `in489g2`, 14 runs, ImageNet-489 | Full available curve retained; registered_horizon and in_registered_plateau5_window identify the primary endpoint. Epoch observations are not independent seeds.",accuracy percent; epoch is the raw zero-based epoch index
in489g1,resnet18_blocks,resnet18_blocks,2,in489g1-resnet18_blocks-s2,72,1.45,1.44,S0063,80,false,"`in489g1`, 12 runs, ImageNet-489 | `in489g2`, 14 runs, ImageNet-489 | Full available curve retained; registered_horizon and in_registered_plateau5_window identify the primary endpoint. Epoch observations are not independent seeds.",accuracy percent; epoch is the raw zero-based epoch index
in489g1,resnet18_blocks,resnet18_blocks,2,in489g1-resnet18_blocks-s2,73,1.42,1.43,S0063,80,false,"`in489g1`, 12 runs, ImageNet-489 | `in489g2`, 14 runs, ImageNet-489 | Full available curve retained; registered_horizon and in_registered_plateau5_window identify the primary endpoint. Epoch observations are not independent seeds.",accuracy percent; epoch is the raw zero-based epoch index
in489g1,resnet18_blocks,resnet18_blocks,2,in489g1-resnet18_blocks-s2,74,1.44,1.4,S0063,80,false,"`in489g1`, 12 runs, ImageNet-489 | `in489g2`, 14 runs, ImageNet-489 | Full available curve retained; registered_horizon and in_registered_plateau5_window identify the primary endpoint. Epoch observations are not independent seeds.",accuracy percent; epoch is the raw zero-based epoch index
in489g1,resnet18_blocks,resnet18_blocks,2,in489g1-resnet18_blocks-s2,75,1.4,1.43,S0063,80,true,"`in489g1`, 12 runs, ImageNet-489 | `in489g2`, 14 runs, ImageNet-489 | Full available curve retained; registered_horizon and in_registered_plateau5_window identify the primary endpoint. Epoch observations are not independent seeds.",accuracy percent; epoch is the raw zero-based epoch index
in489g1,resnet18_blocks,resnet18_blocks,2,in489g1-resnet18_blocks-s2,76,1.43,1.41,S0063,80,true,"`in489g1`, 12 runs, ImageNet-489 | `in489g2`, 14 runs, ImageNet-489 | Full available curve retained; registered_horizon and in_registered_plateau5_window identify the primary endpoint. Epoch observations are not independent seeds.",accuracy percent; epoch is the raw zero-based epoch index
in489g1,resnet18_blocks,resnet18_blocks,2,in489g1-resnet18_blocks-s2,77,1.45,1.44,S0063,80,true,"`in489g1`, 12 runs, ImageNet-489 | `in489g2`, 14 runs, ImageNet-489 | Full available curve retained; registered_horizon and in_registered_plateau5_window identify the primary endpoint. Epoch observations are not independent seeds.",accuracy percent; epoch is the raw zero-based epoch index
in489g1,resnet18_blocks,resnet18_blocks,2,in489g1-resnet18_blocks-s2,78,1.45,1.42,S0063,80,true,"`in489g1`, 12 runs, ImageNet-489 | `in489g2`, 14 runs, ImageNet-489 | Full available curve retained; registered_horizon and in_registered_plateau5_window identify the primary endpoint. Epoch observations are not independent seeds.",accuracy percent; epoch is the raw zero-based epoch index
in489g1,resnet18_blocks,resnet18_blocks,2,in489g1-resnet18_blocks-s2,79,1.41,1.43,S0063,80,true,"`in489g1`, 12 runs, ImageNet-489 | `in489g2`, 14 runs, ImageNet-489 | Full available curve retained; registered_horizon and in_registered_plateau5_window identify the primary endpoint. Epoch observations are not independent seeds.",accuracy percent; epoch is the raw zero-based epoch index
in489g1,resnet18_blocks,resnet18_blocks,2,in489g1-resnet18_blocks-s2,80,1.45,1.41,S0063,80,false,"`in489g1`, 12 runs, ImageNet-489 | `in489g2`, 14 runs, ImageNet-489 | Full available curve retained; registered_horizon and in_registered_plateau5_window identify the primary endpoint. Epoch observations are not independent seeds.",accuracy percent; epoch is the raw zero-based epoch index
in489g1,resnet18_blocks,resnet18_blocks,2,in489g1-resnet18_blocks-s2,81,1.46,1.43,S0063,80,false,"`in489g1`, 12 runs, ImageNet-489 | `in489g2`, 14 runs, ImageNet-489 | Full available curve retained; registered_horizon and in_registered_plateau5_window identify the primary endpoint. Epoch observations are not independent seeds.",accuracy percent; epoch is the raw zero-based epoch index
in489g1,resnet18_blocks,resnet18_blocks,2,in489g1-resnet18_blocks-s2,82,1.38,1.43,S0063,80,false,"`in489g1`, 12 runs, ImageNet-489 | `in489g2`, 14 runs, ImageNet-489 | Full available curve retained; registered_horizon and in_registered_plateau5_window identify the primary endpoint. Epoch observations are not independent seeds.",accuracy percent; epoch is the raw zero-based epoch index
in489g1,resnet18_blocks,resnet18_blocks,2,in489g1-resnet18_blocks-s2,83,1.44,1.41,S0063,80,false,"`in489g1`, 12 runs, ImageNet-489 | `in489g2`, 14 runs, ImageNet-489 | Full available curve retained; registered_horizon and in_registered_plateau5_window identify the primary endpoint. Epoch observations are not independent seeds.",accuracy percent; epoch is the raw zero-based epoch index
in489g1,layerwise,layerwise,0,in489g1-layerwise-s0,0,0.27,0.27,S0064,80,false,"`in489g1`, 12 runs, ImageNet-489 | `in489g2`, 14 runs, ImageNet-489 | Full available curve retained; registered_horizon and in_registered_plateau5_window identify the primary endpoint. Epoch observations are not independent seeds.",accuracy percent; epoch is the raw zero-based epoch index
in489g1,layerwise,layerwise,0,in489g1-layerwise-s0,1,0.24,0.27,S0064,80,false,"`in489g1`, 12 runs, ImageNet-489 | `in489g2`, 14 runs, ImageNet-489 | Full available curve retained; registered_horizon and in_registered_plateau5_window identify the primary endpoint. Epoch observations are not independent seeds.",accuracy percent; epoch is the raw zero-based epoch index
in489g1,layerwise,layerwise,0,in489g1-layerwise-s0,2,0.52,0.32,S0064,80,false,"`in489g1`, 12 runs, ImageNet-489 | `in489g2`, 14 runs, ImageNet-489 | Full available curve retained; registered_horizon and in_registered_plateau5_window identify the primary endpoint. Epoch observations are not independent seeds.",accuracy percent; epoch is the raw zero-based epoch index
in489g1,layerwise,layerwise,0,in489g1-layerwise-s0,3,2.03,1.2,S0064,80,false,"`in489g1`, 12 runs, ImageNet-489 | `in489g2`, 14 runs, ImageNet-489 | Full available curve retained; registered_horizon and in_registered_plateau5_window identify the primary endpoint. Epoch observations are not independent seeds.",accuracy percent; epoch is the raw zero-based epoch index
in489g1,layerwise,layerwise,0,in489g1-layerwise-s0,4,7.06,4.43,S0064,80,false,"`in489g1`, 12 runs, ImageNet-489 | `in489g2`, 14 runs, ImageNet-489 | Full available curve retained; registered_horizon and in_registered_plateau5_window identify the primary endpoint. Epoch observations are not independent seeds.",accuracy percent; epoch is the raw zero-based epoch index
in489g1,layerwise,layerwise,0,in489g1-layerwise-s0,5,11.37,8.58,S0064,80,false,"`in489g1`, 12 runs, ImageNet-489 | `in489g2`, 14 runs, ImageNet-489 | Full available curve retained; registered_horizon and in_registered_plateau5_window identify the primary endpoint. Epoch observations are not independent seeds.",accuracy percent; epoch is the raw zero-based epoch index
in489g1,layerwise,layerwise,0,in489g1-layerwise-s0,6,13.86,11.72,S0064,80,false,"`in489g1`, 12 runs, ImageNet-489 | `in489g2`, 14 runs, ImageNet-489 | Full available curve retained; registered_horizon and in_registered_plateau5_window identify the primary endpoint. Epoch observations are not independent seeds.",accuracy percent; epoch is the raw zero-based epoch index
in489g1,layerwise,layerwise,0,in489g1-layerwise-s0,7,17.23,14.29,S0064,80,false,"`in489g1`, 12 runs, ImageNet-489 | `in489g2`, 14 runs, ImageNet-489 | Full available curve retained; registered_horizon and in_registered_plateau5_window identify the primary endpoint. Epoch observations are not independent seeds.",accuracy percent; epoch is the raw zero-based epoch index
in489g1,layerwise,layerwise,0,in489g1-layerwise-s0,8,19.05,16.82,S0064,80,false,"`in489g1`, 12 runs, ImageNet-489 | `in489g2`, 14 runs, ImageNet-489 | Full available curve retained; registered_horizon and in_registered_plateau5_window identify the primary endpoint. Epoch observations are not independent seeds.",accuracy percent; epoch is the raw zero-based epoch index
in489g1,layerwise,layerwise,0,in489g1-layerwise-s0,9,21.84,19.09,S0064,80,false,"`in489g1`, 12 runs, ImageNet-489 | `in489g2`, 14 runs, ImageNet-489 | Full available curve retained; registered_horizon and in_registered_plateau5_window identify the primary endpoint. Epoch observations are not independent seeds.",accuracy percent; epoch is the raw zero-based epoch index
in489g1,layerwise,layerwise,0,in489g1-layerwise-s0,10,23.96,21.04,S0064,80,false,"`in489g1`, 12 runs, ImageNet-489 | `in489g2`, 14 runs, ImageNet-489 | Full available curve retained; registered_horizon and in_registered_plateau5_window identify the primary endpoint. Epoch observations are not independent seeds.",accuracy percent; epoch is the raw zero-based epoch index
in489g1,layerwise,layerwise,0,in489g1-layerwise-s0,11,25.57,22.77,S0064,80,false,"`in489g1`, 12 runs, ImageNet-489 | `in489g2`, 14 runs, ImageNet-489 | Full available curve retained; registered_horizon and in_registered_plateau5_window identify the primary endpoint. Epoch observations are not independent seeds.",accuracy percent; epoch is the raw zero-based epoch index
in489g1,layerwise,layerwise,0,in489g1-layerwise-s0,12,27.84,24.33,S0064,80,false,"`in489g1`, 12 runs, ImageNet-489 | `in489g2`, 14 runs, ImageNet-489 | Full available curve retained; registered_horizon and in_registered_plateau5_window identify the primary endpoint. Epoch observations are not independent seeds.",accuracy percent; epoch is the raw zero-based epoch index
in489g1,layerwise,layerwise,0,in489g1-layerwise-s0,13,28.38,25.7,S0064,80,false,"`in489g1`, 12 runs, ImageNet-489 | `in489g2`, 14 runs, ImageNet-489 | Full available curve retained; registered_horizon and in_registered_plateau5_window identify the primary endpoint. Epoch observations are not independent seeds.",accuracy percent; epoch is the raw zero-based epoch index
in489g1,layerwise,layerwise,0,in489g1-layerwise-s0,14,30.1,27.09,S0064,80,false,"`in489g1`, 12 runs, ImageNet-489 | `in489g2`, 14 runs, ImageNet-489 | Full available curve retained; registered_horizon and in_registered_plateau5_window identify the primary endpoint. Epoch observations are not independent seeds.",accuracy percent; epoch is the raw zero-based epoch index
in489g1,layerwise,layerwise,0,in489g1-layerwise-s0,15,31.36,28.15,S0064,80,false,"`in489g1`, 12 runs, ImageNet-489 | `in489g2`, 14 runs, ImageNet-489 | Full available curve retained; registered_horizon and in_registered_plateau5_window identify the primary endpoint. Epoch observations are not independent seeds.",accuracy percent; epoch is the raw zero-based epoch index
in489g1,layerwise,layerwise,0,in489g1-layerwise-s0,16,33.14,29.24,S0064,80,false,"`in489g1`, 12 runs, ImageNet-489 | `in489g2`, 14 runs, ImageNet-489 | Full available curve retained; registered_horizon and in_registered_plateau5_window identify the primary endpoint. Epoch observations are not independent seeds.",accuracy percent; epoch is the raw zero-based epoch index
in489g1,layerwise,layerwise,0,in489g1-layerwise-s0,17,33.27,30.01,S0064,80,false,"`in489g1`, 12 runs, ImageNet-489 | `in489g2`, 14 runs, ImageNet-489 | Full available curve retained; registered_horizon and in_registered_plateau5_window identify the primary endpoint. Epoch observations are not independent seeds.",accuracy percent; epoch is the raw zero-based epoch index
in489g1,layerwise,layerwise,0,in489g1-layerwise-s0,18,34.89,30.86,S0064,80,false,"`in489g1`, 12 runs, ImageNet-489 | `in489g2`, 14 runs, ImageNet-489 | Full available curve retained; registered_horizon and in_registered_plateau5_window identify the primary endpoint. Epoch observations are not independent seeds.",accuracy percent; epoch is the raw zero-based epoch index
in489g1,layerwise,layerwise,0,in489g1-layerwise-s0,19,35.34,31.69,S0064,80,false,"`in489g1`, 12 runs, ImageNet-489 | `in489g2`, 14 runs, ImageNet-489 | Full available curve retained; registered_horizon and in_registered_plateau5_window identify the primary endpoint. Epoch observations are not independent seeds.",accuracy percent; epoch is the raw zero-based epoch index
in489g1,layerwise,layerwise,0,in489g1-layerwise-s0,20,35.97,32.35,S0064,80,false,"`in489g1`, 12 runs, ImageNet-489 | `in489g2`, 14 runs, ImageNet-489 | Full available curve retained; registered_horizon and in_registered_plateau5_window identify the primary endpoint. Epoch observations are not independent seeds.",accuracy percent; epoch is the raw zero-based epoch index
in489g1,layerwise,layerwise,0,in489g1-layerwise-s0,21,36.48,32.94,S0064,80,false,"`in489g1`, 12 runs, ImageNet-489 | `in489g2`, 14 runs, ImageNet-489 | Full available curve retained; registered_horizon and in_registered_plateau5_window identify the primary endpoint. Epoch observations are not independent seeds.",accuracy percent; epoch is the raw zero-based epoch index
in489g1,layerwise,layerwise,0,in489g1-layerwise-s0,22,37.2,33.5,S0064,80,false,"`in489g1`, 12 runs, ImageNet-489 | `in489g2`, 14 runs, ImageNet-489 | Full available curve retained; registered_horizon and in_registered_plateau5_window identify the primary endpoint. Epoch observations are not independent seeds.",accuracy percent; epoch is the raw zero-based epoch index
in489g1,layerwise,layerwise,0,in489g1-layerwise-s0,23,38.03,34.08,S0064,80,false,"`in489g1`, 12 runs, ImageNet-489 | `in489g2`, 14 runs, ImageNet-489 | Full available curve retained; registered_horizon and in_registered_plateau5_window identify the primary endpoint. Epoch observations are not independent seeds.",accuracy percent; epoch is the raw zero-based epoch index
in489g1,layerwise,layerwise,0,in489g1-layerwise-s0,24,38.45,34.51,S0064,80,false,"`in489g1`, 12 runs, ImageNet-489 | `in489g2`, 14 runs, ImageNet-489 | Full available curve retained; registered_horizon and in_registered_plateau5_window identify the primary endpoint. Epoch observations are not independent seeds.",accuracy percent; epoch is the raw zero-based epoch index
in489g1,layerwise,layerwise,0,in489g1-layerwise-s0,25,39.16,35,S0064,80,false,"`in489g1`, 12 runs, ImageNet-489 | `in489g2`, 14 runs, ImageNet-489 | Full available curve retained; registered_horizon and in_registered_plateau5_window identify the primary endpoint. Epoch observations are not independent seeds.",accuracy percent; epoch is the raw zero-based epoch index
in489g1,layerwise,layerwise,0,in489g1-layerwise-s0,26,39.05,35.39,S0064,80,false,"`in489g1`, 12 runs, ImageNet-489 | `in489g2`, 14 runs, ImageNet-489 | Full available curve retained; registered_horizon and in_registered_plateau5_window identify the primary endpoint. Epoch observations are not independent seeds.",accuracy percent; epoch is the raw zero-based epoch index
in489g1,layerwise,layerwise,0,in489g1-layerwise-s0,27,39.77,35.87,S0064,80,false,"`in489g1`, 12 runs, ImageNet-489 | `in489g2`, 14 runs, ImageNet-489 | Full available curve retained; registered_horizon and in_registered_plateau5_window identify the primary endpoint. Epoch observations are not independent seeds.",accuracy percent; epoch is the raw zero-based epoch index
in489g1,layerwise,layerwise,0,in489g1-layerwise-s0,28,40.41,36.21,S0064,80,false,"`in489g1`, 12 runs, ImageNet-489 | `in489g2`, 14 runs, ImageNet-489 | Full available curve retained; registered_horizon and in_registered_plateau5_window identify the primary endpoint. Epoch observations are not independent seeds.",accuracy percent; epoch is the raw zero-based epoch index
in489g1,layerwise,layerwise,0,in489g1-layerwise-s0,29,40.36,36.62,S0064,80,false,"`in489g1`, 12 runs, ImageNet-489 | `in489g2`, 14 runs, ImageNet-489 | Full available curve retained; registered_horizon and in_registered_plateau5_window identify the primary endpoint. Epoch observations are not independent seeds.",accuracy percent; epoch is the raw zero-based epoch index
in489g1,layerwise,layerwise,0,in489g1-layerwise-s0,30,40.91,36.96,S0064,80,false,"`in489g1`, 12 runs, ImageNet-489 | `in489g2`, 14 runs, ImageNet-489 | Full available curve retained; registered_horizon and in_registered_plateau5_window identify the primary endpoint. Epoch observations are not independent seeds.",accuracy percent; epoch is the raw zero-based epoch index
in489g1,layerwise,layerwise,0,in489g1-layerwise-s0,31,41.05,37.25,S0064,80,false,"`in489g1`, 12 runs, ImageNet-489 | `in489g2`, 14 runs, ImageNet-489 | Full available curve retained; registered_horizon and in_registered_plateau5_window identify the primary endpoint. Epoch observations are not independent seeds.",accuracy percent; epoch is the raw zero-based epoch index
in489g1,layerwise,layerwise,0,in489g1-layerwise-s0,32,41.45,37.52,S0064,80,false,"`in489g1`, 12 runs, ImageNet-489 | `in489g2`, 14 runs, ImageNet-489 | Full available curve retained; registered_horizon and in_registered_plateau5_window identify the primary endpoint. Epoch observations are not independent seeds.",accuracy percent; epoch is the raw zero-based epoch index
in489g1,layerwise,layerwise,0,in489g1-layerwise-s0,33,42.25,37.89,S0064,80,false,"`in489g1`, 12 runs, ImageNet-489 | `in489g2`, 14 runs, ImageNet-489 | Full available curve retained; registered_horizon and in_registered_plateau5_window identify the primary endpoint. Epoch observations are not independent seeds.",accuracy percent; epoch is the raw zero-based epoch index
in489g1,layerwise,layerwise,0,in489g1-layerwise-s0,34,42.41,38.14,S0064,80,false,"`in489g1`, 12 runs, ImageNet-489 | `in489g2`, 14 runs, ImageNet-489 | Full available curve retained; registered_horizon and in_registered_plateau5_window identify the primary endpoint. Epoch observations are not independent seeds.",accuracy percent; epoch is the raw zero-based epoch index
in489g1,layerwise,layerwise,0,in489g1-layerwise-s0,35,42.8,38.37,S0064,80,false,"`in489g1`, 12 runs, ImageNet-489 | `in489g2`, 14 runs, ImageNet-489 | Full available curve retained; registered_horizon and in_registered_plateau5_window identify the primary endpoint. Epoch observations are not independent seeds.",accuracy percent; epoch is the raw zero-based epoch index
in489g1,layerwise,layerwise,0,in489g1-layerwise-s0,36,43.05,38.64,S0064,80,false,"`in489g1`, 12 runs, ImageNet-489 | `in489g2`, 14 runs, ImageNet-489 | Full available curve retained; registered_horizon and in_registered_plateau5_window identify the primary endpoint. Epoch observations are not independent seeds.",accuracy percent; epoch is the raw zero-based epoch index
in489g1,layerwise,layerwise,0,in489g1-layerwise-s0,37,42.59,38.88,S0064,80,false,"`in489g1`, 12 runs, ImageNet-489 | `in489g2`, 14 runs, ImageNet-489 | Full available curve retained; registered_horizon and in_registered_plateau5_window identify the primary endpoint. Epoch observations are not independent seeds.",accuracy percent; epoch is the raw zero-based epoch index
in489g1,layerwise,layerwise,0,in489g1-layerwise-s0,38,43.26,39.14,S0064,80,false,"`in489g1`, 12 runs, ImageNet-489 | `in489g2`, 14 runs, ImageNet-489 | Full available curve retained; registered_horizon and in_registered_plateau5_window identify the primary endpoint. Epoch observations are not independent seeds.",accuracy percent; epoch is the raw zero-based epoch index
in489g1,layerwise,layerwise,0,in489g1-layerwise-s0,39,43.7,39.37,S0064,80,false,"`in489g1`, 12 runs, ImageNet-489 | `in489g2`, 14 runs, ImageNet-489 | Full available curve retained; registered_horizon and in_registered_plateau5_window identify the primary endpoint. Epoch observations are not independent seeds.",accuracy percent; epoch is the raw zero-based epoch index
in489g1,layerwise,layerwise,0,in489g1-layerwise-s0,40,43.48,39.54,S0064,80,false,"`in489g1`, 12 runs, ImageNet-489 | `in489g2`, 14 runs, ImageNet-489 | Full available curve retained; registered_horizon and in_registered_plateau5_window identify the primary endpoint. Epoch observations are not independent seeds.",accuracy percent; epoch is the raw zero-based epoch index
in489g1,layerwise,layerwise,0,in489g1-layerwise-s0,41,44.01,39.83,S0064,80,false,"`in489g1`, 12 runs, ImageNet-489 | `in489g2`, 14 runs, ImageNet-489 | Full available curve retained; registered_horizon and in_registered_plateau5_window identify the primary endpoint. Epoch observations are not independent seeds.",accuracy percent; epoch is the raw zero-based epoch index
in489g1,layerwise,layerwise,0,in489g1-layerwise-s0,42,44.06,39.99,S0064,80,false,"`in489g1`, 12 runs, ImageNet-489 | `in489g2`, 14 runs, ImageNet-489 | Full available curve retained; registered_horizon and in_registered_plateau5_window identify the primary endpoint. Epoch observations are not independent seeds.",accuracy percent; epoch is the raw zero-based epoch index
in489g1,layerwise,layerwise,0,in489g1-layerwise-s0,43,44.69,40.22,S0064,80,false,"`in489g1`, 12 runs, ImageNet-489 | `in489g2`, 14 runs, ImageNet-489 | Full available curve retained; registered_horizon and in_registered_plateau5_window identify the primary endpoint. Epoch observations are not independent seeds.",accuracy percent; epoch is the raw zero-based epoch index
in489g1,layerwise,layerwise,0,in489g1-layerwise-s0,44,44.47,40.41,S0064,80,false,"`in489g1`, 12 runs, ImageNet-489 | `in489g2`, 14 runs, ImageNet-489 | Full available curve retained; registered_horizon and in_registered_plateau5_window identify the primary endpoint. Epoch observations are not independent seeds.",accuracy percent; epoch is the raw zero-based epoch index
in489g1,layerwise,layerwise,0,in489g1-layerwise-s0,45,44.82,40.62,S0064,80,false,"`in489g1`, 12 runs, ImageNet-489 | `in489g2`, 14 runs, ImageNet-489 | Full available curve retained; registered_horizon and in_registered_plateau5_window identify the primary endpoint. Epoch observations are not independent seeds.",accuracy percent; epoch is the raw zero-based epoch index
in489g1,layerwise,layerwise,0,in489g1-layerwise-s0,46,45.04,40.8,S0064,80,false,"`in489g1`, 12 runs, ImageNet-489 | `in489g2`, 14 runs, ImageNet-489 | Full available curve retained; registered_horizon and in_registered_plateau5_window identify the primary endpoint. Epoch observations are not independent seeds.",accuracy percent; epoch is the raw zero-based epoch index
in489g1,layerwise,layerwise,0,in489g1-layerwise-s0,47,45.73,40.93,S0064,80,false,"`in489g1`, 12 runs, ImageNet-489 | `in489g2`, 14 runs, ImageNet-489 | Full available curve retained; registered_horizon and in_registered_plateau5_window identify the primary endpoint. Epoch observations are not independent seeds.",accuracy percent; epoch is the raw zero-based epoch index
in489g1,layerwise,layerwise,0,in489g1-layerwise-s0,48,45.66,41.1,S0064,80,false,"`in489g1`, 12 runs, ImageNet-489 | `in489g2`, 14 runs, ImageNet-489 | Full available curve retained; registered_horizon and in_registered_plateau5_window identify the primary endpoint. Epoch observations are not independent seeds.",accuracy percent; epoch is the raw zero-based epoch index
in489g1,layerwise,layerwise,0,in489g1-layerwise-s0,49,45.4,41.26,S0064,80,false,"`in489g1`, 12 runs, ImageNet-489 | `in489g2`, 14 runs, ImageNet-489 | Full available curve retained; registered_horizon and in_registered_plateau5_window identify the primary endpoint. Epoch observations are not independent seeds.",accuracy percent; epoch is the raw zero-based epoch index
in489g1,layerwise,layerwise,0,in489g1-layerwise-s0,50,45.68,41.49,S0064,80,false,"`in489g1`, 12 runs, ImageNet-489 | `in489g2`, 14 runs, ImageNet-489 | Full available curve retained; registered_horizon and in_registered_plateau5_window identify the primary endpoint. Epoch observations are not independent seeds.",accuracy percent; epoch is the raw zero-based epoch index
in489g1,layerwise,layerwise,0,in489g1-layerwise-s0,51,45.68,41.63,S0064,80,false,"`in489g1`, 12 runs, ImageNet-489 | `in489g2`, 14 runs, ImageNet-489 | Full available curve retained; registered_horizon and in_registered_plateau5_window identify the primary endpoint. Epoch observations are not independent seeds.",accuracy percent; epoch is the raw zero-based epoch index
in489g1,layerwise,layerwise,0,in489g1-layerwise-s0,52,45.83,41.73,S0064,80,false,"`in489g1`, 12 runs, ImageNet-489 | `in489g2`, 14 runs, ImageNet-489 | Full available curve retained; registered_horizon and in_registered_plateau5_window identify the primary endpoint. Epoch observations are not independent seeds.",accuracy percent; epoch is the raw zero-based epoch index
in489g1,layerwise,layerwise,0,in489g1-layerwise-s0,53,46.38,41.92,S0064,80,false,"`in489g1`, 12 runs, ImageNet-489 | `in489g2`, 14 runs, ImageNet-489 | Full available curve retained; registered_horizon and in_registered_plateau5_window identify the primary endpoint. Epoch observations are not independent seeds.",accuracy percent; epoch is the raw zero-based epoch index
in489g1,layerwise,layerwise,0,in489g1-layerwise-s0,54,46.45,42.05,S0064,80,false,"`in489g1`, 12 runs, ImageNet-489 | `in489g2`, 14 runs, ImageNet-489 | Full available curve retained; registered_horizon and in_registered_plateau5_window identify the primary endpoint. Epoch observations are not independent seeds.",accuracy percent; epoch is the raw zero-based epoch index
in489g1,layerwise,layerwise,0,in489g1-layerwise-s0,55,46.11,42.14,S0064,80,false,"`in489g1`, 12 runs, ImageNet-489 | `in489g2`, 14 runs, ImageNet-489 | Full available curve retained; registered_horizon and in_registered_plateau5_window identify the primary endpoint. Epoch observations are not independent seeds.",accuracy percent; epoch is the raw zero-based epoch index
in489g1,layerwise,layerwise,0,in489g1-layerwise-s0,56,46.36,42.35,S0064,80,false,"`in489g1`, 12 runs, ImageNet-489 | `in489g2`, 14 runs, ImageNet-489 | Full available curve retained; registered_horizon and in_registered_plateau5_window identify the primary endpoint. Epoch observations are not independent seeds.",accuracy percent; epoch is the raw zero-based epoch index
in489g1,layerwise,layerwise,0,in489g1-layerwise-s0,57,46.53,42.51,S0064,80,false,"`in489g1`, 12 runs, ImageNet-489 | `in489g2`, 14 runs, ImageNet-489 | Full available curve retained; registered_horizon and in_registered_plateau5_window identify the primary endpoint. Epoch observations are not independent seeds.",accuracy percent; epoch is the raw zero-based epoch index
in489g1,layerwise,layerwise,0,in489g1-layerwise-s0,58,47.13,42.61,S0064,80,false,"`in489g1`, 12 runs, ImageNet-489 | `in489g2`, 14 runs, ImageNet-489 | Full available curve retained; registered_horizon and in_registered_plateau5_window identify the primary endpoint. Epoch observations are not independent seeds.",accuracy percent; epoch is the raw zero-based epoch index
in489g1,layerwise,layerwise,0,in489g1-layerwise-s0,59,46.99,42.69,S0064,80,false,"`in489g1`, 12 runs, ImageNet-489 | `in489g2`, 14 runs, ImageNet-489 | Full available curve retained; registered_horizon and in_registered_plateau5_window identify the primary endpoint. Epoch observations are not independent seeds.",accuracy percent; epoch is the raw zero-based epoch index
in489g1,layerwise,layerwise,0,in489g1-layerwise-s0,60,46.97,42.89,S0064,80,false,"`in489g1`, 12 runs, ImageNet-489 | `in489g2`, 14 runs, ImageNet-489 | Full available curve retained; registered_horizon and in_registered_plateau5_window identify the primary endpoint. Epoch observations are not independent seeds.",accuracy percent; epoch is the raw zero-based epoch index
in489g1,layerwise,layerwise,0,in489g1-layerwise-s0,61,47.42,42.93,S0064,80,false,"`in489g1`, 12 runs, ImageNet-489 | `in489g2`, 14 runs, ImageNet-489 | Full available curve retained; registered_horizon and in_registered_plateau5_window identify the primary endpoint. Epoch observations are not independent seeds.",accuracy percent; epoch is the raw zero-based epoch index
in489g1,layerwise,layerwise,0,in489g1-layerwise-s0,62,47.64,43.08,S0064,80,false,"`in489g1`, 12 runs, ImageNet-489 | `in489g2`, 14 runs, ImageNet-489 | Full available curve retained; registered_horizon and in_registered_plateau5_window identify the primary endpoint. Epoch observations are not independent seeds.",accuracy percent; epoch is the raw zero-based epoch index
in489g1,layerwise,layerwise,0,in489g1-layerwise-s0,63,48.01,43.19,S0064,80,false,"`in489g1`, 12 runs, ImageNet-489 | `in489g2`, 14 runs, ImageNet-489 | Full available curve retained; registered_horizon and in_registered_plateau5_window identify the primary endpoint. Epoch observations are not independent seeds.",accuracy percent; epoch is the raw zero-based epoch index
in489g1,layerwise,layerwise,0,in489g1-layerwise-s0,64,47.57,43.32,S0064,80,false,"`in489g1`, 12 runs, ImageNet-489 | `in489g2`, 14 runs, ImageNet-489 | Full available curve retained; registered_horizon and in_registered_plateau5_window identify the primary endpoint. Epoch observations are not independent seeds.",accuracy percent; epoch is the raw zero-based epoch index
in489g1,layerwise,layerwise,0,in489g1-layerwise-s0,65,47.52,43.36,S0064,80,false,"`in489g1`, 12 runs, ImageNet-489 | `in489g2`, 14 runs, ImageNet-489 | Full available curve retained; registered_horizon and in_registered_plateau5_window identify the primary endpoint. Epoch observations are not independent seeds.",accuracy percent; epoch is the raw zero-based epoch index
in489g1,layerwise,layerwise,0,in489g1-layerwise-s0,66,47.59,43.48,S0064,80,false,"`in489g1`, 12 runs, ImageNet-489 | `in489g2`, 14 runs, ImageNet-489 | Full available curve retained; registered_horizon and in_registered_plateau5_window identify the primary endpoint. Epoch observations are not independent seeds.",accuracy percent; epoch is the raw zero-based epoch index
in489g1,layerwise,layerwise,0,in489g1-layerwise-s0,67,48.05,43.65,S0064,80,false,"`in489g1`, 12 runs, ImageNet-489 | `in489g2`, 14 runs, ImageNet-489 | Full available curve retained; registered_horizon and in_registered_plateau5_window identify the primary endpoint. Epoch observations are not independent seeds.",accuracy percent; epoch is the raw zero-based epoch index
in489g1,layerwise,layerwise,0,in489g1-layerwise-s0,68,48.13,43.68,S0064,80,false,"`in489g1`, 12 runs, ImageNet-489 | `in489g2`, 14 runs, ImageNet-489 | Full available curve retained; registered_horizon and in_registered_plateau5_window identify the primary endpoint. Epoch observations are not independent seeds.",accuracy percent; epoch is the raw zero-based epoch index
in489g1,layerwise,layerwise,0,in489g1-layerwise-s0,69,48.23,43.78,S0064,80,false,"`in489g1`, 12 runs, ImageNet-489 | `in489g2`, 14 runs, ImageNet-489 | Full available curve retained; registered_horizon and in_registered_plateau5_window identify the primary endpoint. Epoch observations are not independent seeds.",accuracy percent; epoch is the raw zero-based epoch index
in489g1,layerwise,layerwise,0,in489g1-layerwise-s0,70,48.31,43.95,S0064,80,false,"`in489g1`, 12 runs, ImageNet-489 | `in489g2`, 14 runs, ImageNet-489 | Full available curve retained; registered_horizon and in_registered_plateau5_window identify the primary endpoint. Epoch observations are not independent seeds.",accuracy percent; epoch is the raw zero-based epoch index
in489g1,layerwise,layerwise,0,in489g1-layerwise-s0,71,48.43,44.03,S0064,80,false,"`in489g1`, 12 runs, ImageNet-489 | `in489g2`, 14 runs, ImageNet-489 | Full available curve retained; registered_horizon and in_registered_plateau5_window identify the primary endpoint. Epoch observations are not independent seeds.",accuracy percent; epoch is the raw zero-based epoch index
in489g1,layerwise,layerwise,0,in489g1-layerwise-s0,72,48.99,44.05,S0064,80,false,"`in489g1`, 12 runs, ImageNet-489 | `in489g2`, 14 runs, ImageNet-489 | Full available curve retained; registered_horizon and in_registered_plateau5_window identify the primary endpoint. Epoch observations are not independent seeds.",accuracy percent; epoch is the raw zero-based epoch index
in489g1,layerwise,layerwise,0,in489g1-layerwise-s0,73,48.54,44.25,S0064,80,false,"`in489g1`, 12 runs, ImageNet-489 | `in489g2`, 14 runs, ImageNet-489 | Full available curve retained; registered_horizon and in_registered_plateau5_window identify the primary endpoint. Epoch observations are not independent seeds.",accuracy percent; epoch is the raw zero-based epoch index
in489g1,layerwise,layerwise,0,in489g1-layerwise-s0,74,48.57,44.29,S0064,80,false,"`in489g1`, 12 runs, ImageNet-489 | `in489g2`, 14 runs, ImageNet-489 | Full available curve retained; registered_horizon and in_registered_plateau5_window identify the primary endpoint. Epoch observations are not independent seeds.",accuracy percent; epoch is the raw zero-based epoch index
in489g1,layerwise,layerwise,0,in489g1-layerwise-s0,75,48.79,44.36,S0064,80,true,"`in489g1`, 12 runs, ImageNet-489 | `in489g2`, 14 runs, ImageNet-489 | Full available curve retained; registered_horizon and in_registered_plateau5_window identify the primary endpoint. Epoch observations are not independent seeds.",accuracy percent; epoch is the raw zero-based epoch index
in489g1,layerwise,layerwise,0,in489g1-layerwise-s0,76,48.62,44.49,S0064,80,true,"`in489g1`, 12 runs, ImageNet-489 | `in489g2`, 14 runs, ImageNet-489 | Full available curve retained; registered_horizon and in_registered_plateau5_window identify the primary endpoint. Epoch observations are not independent seeds.",accuracy percent; epoch is the raw zero-based epoch index
in489g1,layerwise,layerwise,0,in489g1-layerwise-s0,77,48.97,44.62,S0064,80,true,"`in489g1`, 12 runs, ImageNet-489 | `in489g2`, 14 runs, ImageNet-489 | Full available curve retained; registered_horizon and in_registered_plateau5_window identify the primary endpoint. Epoch observations are not independent seeds.",accuracy percent; epoch is the raw zero-based epoch index
in489g1,layerwise,layerwise,0,in489g1-layerwise-s0,78,49.08,44.71,S0064,80,true,"`in489g1`, 12 runs, ImageNet-489 | `in489g2`, 14 runs, ImageNet-489 | Full available curve retained; registered_horizon and in_registered_plateau5_window identify the primary endpoint. Epoch observations are not independent seeds.",accuracy percent; epoch is the raw zero-based epoch index
in489g1,layerwise,layerwise,0,in489g1-layerwise-s0,79,49.48,44.67,S0064,80,true,"`in489g1`, 12 runs, ImageNet-489 | `in489g2`, 14 runs, ImageNet-489 | Full available curve retained; registered_horizon and in_registered_plateau5_window identify the primary endpoint. Epoch observations are not independent seeds.",accuracy percent; epoch is the raw zero-based epoch index
in489g1,layerwise,layerwise,0,in489g1-layerwise-s0,80,49.08,44.83,S0064,80,false,"`in489g1`, 12 runs, ImageNet-489 | `in489g2`, 14 runs, ImageNet-489 | Full available curve retained; registered_horizon and in_registered_plateau5_window identify the primary endpoint. Epoch observations are not independent seeds.",accuracy percent; epoch is the raw zero-based epoch index
in489g1,layerwise,layerwise,0,in489g1-layerwise-s0,81,49.31,44.95,S0064,80,false,"`in489g1`, 12 runs, ImageNet-489 | `in489g2`, 14 runs, ImageNet-489 | Full available curve retained; registered_horizon and in_registered_plateau5_window identify the primary endpoint. Epoch observations are not independent seeds.",accuracy percent; epoch is the raw zero-based epoch index
in489g1,layerwise,layerwise,0,in489g1-layerwise-s0,82,49.17,45.03,S0064,80,false,"`in489g1`, 12 runs, ImageNet-489 | `in489g2`, 14 runs, ImageNet-489 | Full available curve retained; registered_horizon and in_registered_plateau5_window identify the primary endpoint. Epoch observations are not independent seeds.",accuracy percent; epoch is the raw zero-based epoch index
in489g1,layerwise,layerwise,0,in489g1-layerwise-s0,83,49.63,45.02,S0064,80,false,"`in489g1`, 12 runs, ImageNet-489 | `in489g2`, 14 runs, ImageNet-489 | Full available curve retained; registered_horizon and in_registered_plateau5_window identify the primary endpoint. Epoch observations are not independent seeds.",accuracy percent; epoch is the raw zero-based epoch index
in489g1,layerwise,layerwise,1,in489g1-layerwise-s1,0,0.26,0.23,S0065,80,false,"`in489g1`, 12 runs, ImageNet-489 | `in489g2`, 14 runs, ImageNet-489 | Full available curve retained; registered_horizon and in_registered_plateau5_window identify the primary endpoint. Epoch observations are not independent seeds.",accuracy percent; epoch is the raw zero-based epoch index
in489g1,layerwise,layerwise,1,in489g1-layerwise-s1,1,0.24,0.23,S0065,80,false,"`in489g1`, 12 runs, ImageNet-489 | `in489g2`, 14 runs, ImageNet-489 | Full available curve retained; registered_horizon and in_registered_plateau5_window identify the primary endpoint. Epoch observations are not independent seeds.",accuracy percent; epoch is the raw zero-based epoch index
in489g1,layerwise,layerwise,1,in489g1-layerwise-s1,2,0.51,0.3,S0065,80,false,"`in489g1`, 12 runs, ImageNet-489 | `in489g2`, 14 runs, ImageNet-489 | Full available curve retained; registered_horizon and in_registered_plateau5_window identify the primary endpoint. Epoch observations are not independent seeds.",accuracy percent; epoch is the raw zero-based epoch index
in489g1,layerwise,layerwise,1,in489g1-layerwise-s1,3,2,1.21,S0065,80,false,"`in489g1`, 12 runs, ImageNet-489 | `in489g2`, 14 runs, ImageNet-489 | Full available curve retained; registered_horizon and in_registered_plateau5_window identify the primary endpoint. Epoch observations are not independent seeds.",accuracy percent; epoch is the raw zero-based epoch index
in489g1,layerwise,layerwise,1,in489g1-layerwise-s1,4,7.33,4.32,S0065,80,false,"`in489g1`, 12 runs, ImageNet-489 | `in489g2`, 14 runs, ImageNet-489 | Full available curve retained; registered_horizon and in_registered_plateau5_window identify the primary endpoint. Epoch observations are not independent seeds.",accuracy percent; epoch is the raw zero-based epoch index
in489g1,layerwise,layerwise,1,in489g1-layerwise-s1,5,11.23,8.48,S0065,80,false,"`in489g1`, 12 runs, ImageNet-489 | `in489g2`, 14 runs, ImageNet-489 | Full available curve retained; registered_horizon and in_registered_plateau5_window identify the primary endpoint. Epoch observations are not independent seeds.",accuracy percent; epoch is the raw zero-based epoch index
in489g1,layerwise,layerwise,1,in489g1-layerwise-s1,6,13.39,11.32,S0065,80,false,"`in489g1`, 12 runs, ImageNet-489 | `in489g2`, 14 runs, ImageNet-489 | Full available curve retained; registered_horizon and in_registered_plateau5_window identify the primary endpoint. Epoch observations are not independent seeds.",accuracy percent; epoch is the raw zero-based epoch index
in489g1,layerwise,layerwise,1,in489g1-layerwise-s1,7,16.7,13.86,S0065,80,false,"`in489g1`, 12 runs, ImageNet-489 | `in489g2`, 14 runs, ImageNet-489 | Full available curve retained; registered_horizon and in_registered_plateau5_window identify the primary endpoint. Epoch observations are not independent seeds.",accuracy percent; epoch is the raw zero-based epoch index
in489g1,layerwise,layerwise,1,in489g1-layerwise-s1,8,17.82,16.27,S0065,80,false,"`in489g1`, 12 runs, ImageNet-489 | `in489g2`, 14 runs, ImageNet-489 | Full available curve retained; registered_horizon and in_registered_plateau5_window identify the primary endpoint. Epoch observations are not independent seeds.",accuracy percent; epoch is the raw zero-based epoch index
in489g1,layerwise,layerwise,1,in489g1-layerwise-s1,9,21.94,18.56,S0065,80,false,"`in489g1`, 12 runs, ImageNet-489 | `in489g2`, 14 runs, ImageNet-489 | Full available curve retained; registered_horizon and in_registered_plateau5_window identify the primary endpoint. Epoch observations are not independent seeds.",accuracy percent; epoch is the raw zero-based epoch index
in489g1,layerwise,layerwise,1,in489g1-layerwise-s1,10,24.05,20.66,S0065,80,false,"`in489g1`, 12 runs, ImageNet-489 | `in489g2`, 14 runs, ImageNet-489 | Full available curve retained; registered_horizon and in_registered_plateau5_window identify the primary endpoint. Epoch observations are not independent seeds.",accuracy percent; epoch is the raw zero-based epoch index
in489g1,layerwise,layerwise,1,in489g1-layerwise-s1,11,25.91,22.52,S0065,80,false,"`in489g1`, 12 runs, ImageNet-489 | `in489g2`, 14 runs, ImageNet-489 | Full available curve retained; registered_horizon and in_registered_plateau5_window identify the primary endpoint. Epoch observations are not independent seeds.",accuracy percent; epoch is the raw zero-based epoch index
in489g1,layerwise,layerwise,1,in489g1-layerwise-s1,12,27.73,24.11,S0065,80,false,"`in489g1`, 12 runs, ImageNet-489 | `in489g2`, 14 runs, ImageNet-489 | Full available curve retained; registered_horizon and in_registered_plateau5_window identify the primary endpoint. Epoch observations are not independent seeds.",accuracy percent; epoch is the raw zero-based epoch index
in489g1,layerwise,layerwise,1,in489g1-layerwise-s1,13,28.2,25.53,S0065,80,false,"`in489g1`, 12 runs, ImageNet-489 | `in489g2`, 14 runs, ImageNet-489 | Full available curve retained; registered_horizon and in_registered_plateau5_window identify the primary endpoint. Epoch observations are not independent seeds.",accuracy percent; epoch is the raw zero-based epoch index
in489g1,layerwise,layerwise,1,in489g1-layerwise-s1,14,30.25,26.75,S0065,80,false,"`in489g1`, 12 runs, ImageNet-489 | `in489g2`, 14 runs, ImageNet-489 | Full available curve retained; registered_horizon and in_registered_plateau5_window identify the primary endpoint. Epoch observations are not independent seeds.",accuracy percent; epoch is the raw zero-based epoch index
in489g1,layerwise,layerwise,1,in489g1-layerwise-s1,15,30.7,27.95,S0065,80,false,"`in489g1`, 12 runs, ImageNet-489 | `in489g2`, 14 runs, ImageNet-489 | Full available curve retained; registered_horizon and in_registered_plateau5_window identify the primary endpoint. Epoch observations are not independent seeds.",accuracy percent; epoch is the raw zero-based epoch index
in489g1,layerwise,layerwise,1,in489g1-layerwise-s1,16,33.16,28.97,S0065,80,false,"`in489g1`, 12 runs, ImageNet-489 | `in489g2`, 14 runs, ImageNet-489 | Full available curve retained; registered_horizon and in_registered_plateau5_window identify the primary endpoint. Epoch observations are not independent seeds.",accuracy percent; epoch is the raw zero-based epoch index
in489g1,layerwise,layerwise,1,in489g1-layerwise-s1,17,34.05,29.92,S0065,80,false,"`in489g1`, 12 runs, ImageNet-489 | `in489g2`, 14 runs, ImageNet-489 | Full available curve retained; registered_horizon and in_registered_plateau5_window identify the primary endpoint. Epoch observations are not independent seeds.",accuracy percent; epoch is the raw zero-based epoch index
in489g1,layerwise,layerwise,1,in489g1-layerwise-s1,18,34.33,30.77,S0065,80,false,"`in489g1`, 12 runs, ImageNet-489 | `in489g2`, 14 runs, ImageNet-489 | Full available curve retained; registered_horizon and in_registered_plateau5_window identify the primary endpoint. Epoch observations are not independent seeds.",accuracy percent; epoch is the raw zero-based epoch index
in489g1,layerwise,layerwise,1,in489g1-layerwise-s1,19,34.95,31.54,S0065,80,false,"`in489g1`, 12 runs, ImageNet-489 | `in489g2`, 14 runs, ImageNet-489 | Full available curve retained; registered_horizon and in_registered_plateau5_window identify the primary endpoint. Epoch observations are not independent seeds.",accuracy percent; epoch is the raw zero-based epoch index
in489g1,layerwise,layerwise,1,in489g1-layerwise-s1,20,36.4,32.31,S0065,80,false,"`in489g1`, 12 runs, ImageNet-489 | `in489g2`, 14 runs, ImageNet-489 | Full available curve retained; registered_horizon and in_registered_plateau5_window identify the primary endpoint. Epoch observations are not independent seeds.",accuracy percent; epoch is the raw zero-based epoch index
in489g1,layerwise,layerwise,1,in489g1-layerwise-s1,21,36.75,32.97,S0065,80,false,"`in489g1`, 12 runs, ImageNet-489 | `in489g2`, 14 runs, ImageNet-489 | Full available curve retained; registered_horizon and in_registered_plateau5_window identify the primary endpoint. Epoch observations are not independent seeds.",accuracy percent; epoch is the raw zero-based epoch index
in489g1,layerwise,layerwise,1,in489g1-layerwise-s1,22,37.45,33.52,S0065,80,false,"`in489g1`, 12 runs, ImageNet-489 | `in489g2`, 14 runs, ImageNet-489 | Full available curve retained; registered_horizon and in_registered_plateau5_window identify the primary endpoint. Epoch observations are not independent seeds.",accuracy percent; epoch is the raw zero-based epoch index
in489g1,layerwise,layerwise,1,in489g1-layerwise-s1,23,38.49,34.07,S0065,80,false,"`in489g1`, 12 runs, ImageNet-489 | `in489g2`, 14 runs, ImageNet-489 | Full available curve retained; registered_horizon and in_registered_plateau5_window identify the primary endpoint. Epoch observations are not independent seeds.",accuracy percent; epoch is the raw zero-based epoch index
in489g1,layerwise,layerwise,1,in489g1-layerwise-s1,24,38.66,34.63,S0065,80,false,"`in489g1`, 12 runs, ImageNet-489 | `in489g2`, 14 runs, ImageNet-489 | Full available curve retained; registered_horizon and in_registered_plateau5_window identify the primary endpoint. Epoch observations are not independent seeds.",accuracy percent; epoch is the raw zero-based epoch index
in489g1,layerwise,layerwise,1,in489g1-layerwise-s1,25,38.71,35.19,S0065,80,false,"`in489g1`, 12 runs, ImageNet-489 | `in489g2`, 14 runs, ImageNet-489 | Full available curve retained; registered_horizon and in_registered_plateau5_window identify the primary endpoint. Epoch observations are not independent seeds.",accuracy percent; epoch is the raw zero-based epoch index
in489g1,layerwise,layerwise,1,in489g1-layerwise-s1,26,39.6,35.56,S0065,80,false,"`in489g1`, 12 runs, ImageNet-489 | `in489g2`, 14 runs, ImageNet-489 | Full available curve retained; registered_horizon and in_registered_plateau5_window identify the primary endpoint. Epoch observations are not independent seeds.",accuracy percent; epoch is the raw zero-based epoch index
in489g1,layerwise,layerwise,1,in489g1-layerwise-s1,27,40.31,35.96,S0065,80,false,"`in489g1`, 12 runs, ImageNet-489 | `in489g2`, 14 runs, ImageNet-489 | Full available curve retained; registered_horizon and in_registered_plateau5_window identify the primary endpoint. Epoch observations are not independent seeds.",accuracy percent; epoch is the raw zero-based epoch index
in489g1,layerwise,layerwise,1,in489g1-layerwise-s1,28,40.25,36.37,S0065,80,false,"`in489g1`, 12 runs, ImageNet-489 | `in489g2`, 14 runs, ImageNet-489 | Full available curve retained; registered_horizon and in_registered_plateau5_window identify the primary endpoint. Epoch observations are not independent seeds.",accuracy percent; epoch is the raw zero-based epoch index
in489g1,layerwise,layerwise,1,in489g1-layerwise-s1,29,40.79,36.71,S0065,80,false,"`in489g1`, 12 runs, ImageNet-489 | `in489g2`, 14 runs, ImageNet-489 | Full available curve retained; registered_horizon and in_registered_plateau5_window identify the primary endpoint. Epoch observations are not independent seeds.",accuracy percent; epoch is the raw zero-based epoch index
in489g1,layerwise,layerwise,1,in489g1-layerwise-s1,30,41.48,37.12,S0065,80,false,"`in489g1`, 12 runs, ImageNet-489 | `in489g2`, 14 runs, ImageNet-489 | Full available curve retained; registered_horizon and in_registered_plateau5_window identify the primary endpoint. Epoch observations are not independent seeds.",accuracy percent; epoch is the raw zero-based epoch index
in489g1,layerwise,layerwise,1,in489g1-layerwise-s1,31,41.52,37.36,S0065,80,false,"`in489g1`, 12 runs, ImageNet-489 | `in489g2`, 14 runs, ImageNet-489 | Full available curve retained; registered_horizon and in_registered_plateau5_window identify the primary endpoint. Epoch observations are not independent seeds.",accuracy percent; epoch is the raw zero-based epoch index
in489g1,layerwise,layerwise,1,in489g1-layerwise-s1,32,42.1,37.74,S0065,80,false,"`in489g1`, 12 runs, ImageNet-489 | `in489g2`, 14 runs, ImageNet-489 | Full available curve retained; registered_horizon and in_registered_plateau5_window identify the primary endpoint. Epoch observations are not independent seeds.",accuracy percent; epoch is the raw zero-based epoch index
in489g1,layerwise,layerwise,1,in489g1-layerwise-s1,33,42.27,38.01,S0065,80,false,"`in489g1`, 12 runs, ImageNet-489 | `in489g2`, 14 runs, ImageNet-489 | Full available curve retained; registered_horizon and in_registered_plateau5_window identify the primary endpoint. Epoch observations are not independent seeds.",accuracy percent; epoch is the raw zero-based epoch index
in489g1,layerwise,layerwise,1,in489g1-layerwise-s1,34,41.91,38.31,S0065,80,false,"`in489g1`, 12 runs, ImageNet-489 | `in489g2`, 14 runs, ImageNet-489 | Full available curve retained; registered_horizon and in_registered_plateau5_window identify the primary endpoint. Epoch observations are not independent seeds.",accuracy percent; epoch is the raw zero-based epoch index
in489g1,layerwise,layerwise,1,in489g1-layerwise-s1,35,43.22,38.55,S0065,80,false,"`in489g1`, 12 runs, ImageNet-489 | `in489g2`, 14 runs, ImageNet-489 | Full available curve retained; registered_horizon and in_registered_plateau5_window identify the primary endpoint. Epoch observations are not independent seeds.",accuracy percent; epoch is the raw zero-based epoch index
in489g1,layerwise,layerwise,1,in489g1-layerwise-s1,36,42.84,38.83,S0065,80,false,"`in489g1`, 12 runs, ImageNet-489 | `in489g2`, 14 runs, ImageNet-489 | Full available curve retained; registered_horizon and in_registered_plateau5_window identify the primary endpoint. Epoch observations are not independent seeds.",accuracy percent; epoch is the raw zero-based epoch index
in489g1,layerwise,layerwise,1,in489g1-layerwise-s1,37,43.53,38.98,S0065,80,false,"`in489g1`, 12 runs, ImageNet-489 | `in489g2`, 14 runs, ImageNet-489 | Full available curve retained; registered_horizon and in_registered_plateau5_window identify the primary endpoint. Epoch observations are not independent seeds.",accuracy percent; epoch is the raw zero-based epoch index
in489g1,layerwise,layerwise,1,in489g1-layerwise-s1,38,43.41,39.26,S0065,80,false,"`in489g1`, 12 runs, ImageNet-489 | `in489g2`, 14 runs, ImageNet-489 | Full available curve retained; registered_horizon and in_registered_plateau5_window identify the primary endpoint. Epoch observations are not independent seeds.",accuracy percent; epoch is the raw zero-based epoch index
in489g1,layerwise,layerwise,1,in489g1-layerwise-s1,39,43.02,39.46,S0065,80,false,"`in489g1`, 12 runs, ImageNet-489 | `in489g2`, 14 runs, ImageNet-489 | Full available curve retained; registered_horizon and in_registered_plateau5_window identify the primary endpoint. Epoch observations are not independent seeds.",accuracy percent; epoch is the raw zero-based epoch index
in489g1,layerwise,layerwise,1,in489g1-layerwise-s1,40,44.09,39.65,S0065,80,false,"`in489g1`, 12 runs, ImageNet-489 | `in489g2`, 14 runs, ImageNet-489 | Full available curve retained; registered_horizon and in_registered_plateau5_window identify the primary endpoint. Epoch observations are not independent seeds.",accuracy percent; epoch is the raw zero-based epoch index
in489g1,layerwise,layerwise,1,in489g1-layerwise-s1,41,43.81,39.89,S0065,80,false,"`in489g1`, 12 runs, ImageNet-489 | `in489g2`, 14 runs, ImageNet-489 | Full available curve retained; registered_horizon and in_registered_plateau5_window identify the primary endpoint. Epoch observations are not independent seeds.",accuracy percent; epoch is the raw zero-based epoch index
in489g1,layerwise,layerwise,1,in489g1-layerwise-s1,42,43.88,40.15,S0065,80,false,"`in489g1`, 12 runs, ImageNet-489 | `in489g2`, 14 runs, ImageNet-489 | Full available curve retained; registered_horizon and in_registered_plateau5_window identify the primary endpoint. Epoch observations are not independent seeds.",accuracy percent; epoch is the raw zero-based epoch index
in489g1,layerwise,layerwise,1,in489g1-layerwise-s1,43,44.34,40.26,S0065,80,false,"`in489g1`, 12 runs, ImageNet-489 | `in489g2`, 14 runs, ImageNet-489 | Full available curve retained; registered_horizon and in_registered_plateau5_window identify the primary endpoint. Epoch observations are not independent seeds.",accuracy percent; epoch is the raw zero-based epoch index
in489g1,layerwise,layerwise,1,in489g1-layerwise-s1,44,45.04,40.45,S0065,80,false,"`in489g1`, 12 runs, ImageNet-489 | `in489g2`, 14 runs, ImageNet-489 | Full available curve retained; registered_horizon and in_registered_plateau5_window identify the primary endpoint. Epoch observations are not independent seeds.",accuracy percent; epoch is the raw zero-based epoch index
in489g1,layerwise,layerwise,1,in489g1-layerwise-s1,45,45.22,40.72,S0065,80,false,"`in489g1`, 12 runs, ImageNet-489 | `in489g2`, 14 runs, ImageNet-489 | Full available curve retained; registered_horizon and in_registered_plateau5_window identify the primary endpoint. Epoch observations are not independent seeds.",accuracy percent; epoch is the raw zero-based epoch index
in489g1,layerwise,layerwise,1,in489g1-layerwise-s1,46,45.39,40.88,S0065,80,false,"`in489g1`, 12 runs, ImageNet-489 | `in489g2`, 14 runs, ImageNet-489 | Full available curve retained; registered_horizon and in_registered_plateau5_window identify the primary endpoint. Epoch observations are not independent seeds.",accuracy percent; epoch is the raw zero-based epoch index
in489g1,layerwise,layerwise,1,in489g1-layerwise-s1,47,45.57,40.95,S0065,80,false,"`in489g1`, 12 runs, ImageNet-489 | `in489g2`, 14 runs, ImageNet-489 | Full available curve retained; registered_horizon and in_registered_plateau5_window identify the primary endpoint. Epoch observations are not independent seeds.",accuracy percent; epoch is the raw zero-based epoch index
in489g1,layerwise,layerwise,1,in489g1-layerwise-s1,48,45.35,41.25,S0065,80,false,"`in489g1`, 12 runs, ImageNet-489 | `in489g2`, 14 runs, ImageNet-489 | Full available curve retained; registered_horizon and in_registered_plateau5_window identify the primary endpoint. Epoch observations are not independent seeds.",accuracy percent; epoch is the raw zero-based epoch index
in489g1,layerwise,layerwise,1,in489g1-layerwise-s1,49,45.75,41.3,S0065,80,false,"`in489g1`, 12 runs, ImageNet-489 | `in489g2`, 14 runs, ImageNet-489 | Full available curve retained; registered_horizon and in_registered_plateau5_window identify the primary endpoint. Epoch observations are not independent seeds.",accuracy percent; epoch is the raw zero-based epoch index
in489g1,layerwise,layerwise,1,in489g1-layerwise-s1,50,45.91,41.54,S0065,80,false,"`in489g1`, 12 runs, ImageNet-489 | `in489g2`, 14 runs, ImageNet-489 | Full available curve retained; registered_horizon and in_registered_plateau5_window identify the primary endpoint. Epoch observations are not independent seeds.",accuracy percent; epoch is the raw zero-based epoch index
in489g1,layerwise,layerwise,1,in489g1-layerwise-s1,51,45.84,41.71,S0065,80,false,"`in489g1`, 12 runs, ImageNet-489 | `in489g2`, 14 runs, ImageNet-489 | Full available curve retained; registered_horizon and in_registered_plateau5_window identify the primary endpoint. Epoch observations are not independent seeds.",accuracy percent; epoch is the raw zero-based epoch index
in489g1,layerwise,layerwise,1,in489g1-layerwise-s1,52,46.14,41.77,S0065,80,false,"`in489g1`, 12 runs, ImageNet-489 | `in489g2`, 14 runs, ImageNet-489 | Full available curve retained; registered_horizon and in_registered_plateau5_window identify the primary endpoint. Epoch observations are not independent seeds.",accuracy percent; epoch is the raw zero-based epoch index
in489g1,layerwise,layerwise,1,in489g1-layerwise-s1,53,46.49,41.97,S0065,80,false,"`in489g1`, 12 runs, ImageNet-489 | `in489g2`, 14 runs, ImageNet-489 | Full available curve retained; registered_horizon and in_registered_plateau5_window identify the primary endpoint. Epoch observations are not independent seeds.",accuracy percent; epoch is the raw zero-based epoch index
in489g1,layerwise,layerwise,1,in489g1-layerwise-s1,54,46.55,42.08,S0065,80,false,"`in489g1`, 12 runs, ImageNet-489 | `in489g2`, 14 runs, ImageNet-489 | Full available curve retained; registered_horizon and in_registered_plateau5_window identify the primary endpoint. Epoch observations are not independent seeds.",accuracy percent; epoch is the raw zero-based epoch index
in489g1,layerwise,layerwise,1,in489g1-layerwise-s1,55,46.28,42.22,S0065,80,false,"`in489g1`, 12 runs, ImageNet-489 | `in489g2`, 14 runs, ImageNet-489 | Full available curve retained; registered_horizon and in_registered_plateau5_window identify the primary endpoint. Epoch observations are not independent seeds.",accuracy percent; epoch is the raw zero-based epoch index
in489g1,layerwise,layerwise,1,in489g1-layerwise-s1,56,46.6,42.36,S0065,80,false,"`in489g1`, 12 runs, ImageNet-489 | `in489g2`, 14 runs, ImageNet-489 | Full available curve retained; registered_horizon and in_registered_plateau5_window identify the primary endpoint. Epoch observations are not independent seeds.",accuracy percent; epoch is the raw zero-based epoch index
in489g1,layerwise,layerwise,1,in489g1-layerwise-s1,57,46.55,42.37,S0065,80,false,"`in489g1`, 12 runs, ImageNet-489 | `in489g2`, 14 runs, ImageNet-489 | Full available curve retained; registered_horizon and in_registered_plateau5_window identify the primary endpoint. Epoch observations are not independent seeds.",accuracy percent; epoch is the raw zero-based epoch index
in489g1,layerwise,layerwise,1,in489g1-layerwise-s1,58,46.62,42.63,S0065,80,false,"`in489g1`, 12 runs, ImageNet-489 | `in489g2`, 14 runs, ImageNet-489 | Full available curve retained; registered_horizon and in_registered_plateau5_window identify the primary endpoint. Epoch observations are not independent seeds.",accuracy percent; epoch is the raw zero-based epoch index
in489g1,layerwise,layerwise,1,in489g1-layerwise-s1,59,46.93,42.64,S0065,80,false,"`in489g1`, 12 runs, ImageNet-489 | `in489g2`, 14 runs, ImageNet-489 | Full available curve retained; registered_horizon and in_registered_plateau5_window identify the primary endpoint. Epoch observations are not independent seeds.",accuracy percent; epoch is the raw zero-based epoch index
in489g1,layerwise,layerwise,1,in489g1-layerwise-s1,60,46.67,42.85,S0065,80,false,"`in489g1`, 12 runs, ImageNet-489 | `in489g2`, 14 runs, ImageNet-489 | Full available curve retained; registered_horizon and in_registered_plateau5_window identify the primary endpoint. Epoch observations are not independent seeds.",accuracy percent; epoch is the raw zero-based epoch index
in489g1,layerwise,layerwise,1,in489g1-layerwise-s1,61,47.36,42.92,S0065,80,false,"`in489g1`, 12 runs, ImageNet-489 | `in489g2`, 14 runs, ImageNet-489 | Full available curve retained; registered_horizon and in_registered_plateau5_window identify the primary endpoint. Epoch observations are not independent seeds.",accuracy percent; epoch is the raw zero-based epoch index
in489g1,layerwise,layerwise,1,in489g1-layerwise-s1,62,46.87,43.04,S0065,80,false,"`in489g1`, 12 runs, ImageNet-489 | `in489g2`, 14 runs, ImageNet-489 | Full available curve retained; registered_horizon and in_registered_plateau5_window identify the primary endpoint. Epoch observations are not independent seeds.",accuracy percent; epoch is the raw zero-based epoch index
in489g1,layerwise,layerwise,1,in489g1-layerwise-s1,63,47.28,43.21,S0065,80,false,"`in489g1`, 12 runs, ImageNet-489 | `in489g2`, 14 runs, ImageNet-489 | Full available curve retained; registered_horizon and in_registered_plateau5_window identify the primary endpoint. Epoch observations are not independent seeds.",accuracy percent; epoch is the raw zero-based epoch index
in489g1,layerwise,layerwise,1,in489g1-layerwise-s1,64,47.57,43.26,S0065,80,false,"`in489g1`, 12 runs, ImageNet-489 | `in489g2`, 14 runs, ImageNet-489 | Full available curve retained; registered_horizon and in_registered_plateau5_window identify the primary endpoint. Epoch observations are not independent seeds.",accuracy percent; epoch is the raw zero-based epoch index
in489g1,layerwise,layerwise,1,in489g1-layerwise-s1,65,47.88,43.44,S0065,80,false,"`in489g1`, 12 runs, ImageNet-489 | `in489g2`, 14 runs, ImageNet-489 | Full available curve retained; registered_horizon and in_registered_plateau5_window identify the primary endpoint. Epoch observations are not independent seeds.",accuracy percent; epoch is the raw zero-based epoch index
in489g1,layerwise,layerwise,1,in489g1-layerwise-s1,66,47.91,43.51,S0065,80,false,"`in489g1`, 12 runs, ImageNet-489 | `in489g2`, 14 runs, ImageNet-489 | Full available curve retained; registered_horizon and in_registered_plateau5_window identify the primary endpoint. Epoch observations are not independent seeds.",accuracy percent; epoch is the raw zero-based epoch index
in489g1,layerwise,layerwise,1,in489g1-layerwise-s1,67,48.03,43.56,S0065,80,false,"`in489g1`, 12 runs, ImageNet-489 | `in489g2`, 14 runs, ImageNet-489 | Full available curve retained; registered_horizon and in_registered_plateau5_window identify the primary endpoint. Epoch observations are not independent seeds.",accuracy percent; epoch is the raw zero-based epoch index
in489g1,layerwise,layerwise,1,in489g1-layerwise-s1,68,48.3,43.71,S0065,80,false,"`in489g1`, 12 runs, ImageNet-489 | `in489g2`, 14 runs, ImageNet-489 | Full available curve retained; registered_horizon and in_registered_plateau5_window identify the primary endpoint. Epoch observations are not independent seeds.",accuracy percent; epoch is the raw zero-based epoch index
in489g1,layerwise,layerwise,1,in489g1-layerwise-s1,69,47.98,43.8,S0065,80,false,"`in489g1`, 12 runs, ImageNet-489 | `in489g2`, 14 runs, ImageNet-489 | Full available curve retained; registered_horizon and in_registered_plateau5_window identify the primary endpoint. Epoch observations are not independent seeds.",accuracy percent; epoch is the raw zero-based epoch index
in489g1,layerwise,layerwise,1,in489g1-layerwise-s1,70,47.64,43.83,S0065,80,false,"`in489g1`, 12 runs, ImageNet-489 | `in489g2`, 14 runs, ImageNet-489 | Full available curve retained; registered_horizon and in_registered_plateau5_window identify the primary endpoint. Epoch observations are not independent seeds.",accuracy percent; epoch is the raw zero-based epoch index
in489g1,layerwise,layerwise,1,in489g1-layerwise-s1,71,48.02,43.99,S0065,80,false,"`in489g1`, 12 runs, ImageNet-489 | `in489g2`, 14 runs, ImageNet-489 | Full available curve retained; registered_horizon and in_registered_plateau5_window identify the primary endpoint. Epoch observations are not independent seeds.",accuracy percent; epoch is the raw zero-based epoch index
in489g1,layerwise,layerwise,1,in489g1-layerwise-s1,72,48.18,44.1,S0065,80,false,"`in489g1`, 12 runs, ImageNet-489 | `in489g2`, 14 runs, ImageNet-489 | Full available curve retained; registered_horizon and in_registered_plateau5_window identify the primary endpoint. Epoch observations are not independent seeds.",accuracy percent; epoch is the raw zero-based epoch index
in489g1,layerwise,layerwise,1,in489g1-layerwise-s1,73,48.01,44.09,S0065,80,false,"`in489g1`, 12 runs, ImageNet-489 | `in489g2`, 14 runs, ImageNet-489 | Full available curve retained; registered_horizon and in_registered_plateau5_window identify the primary endpoint. Epoch observations are not independent seeds.",accuracy percent; epoch is the raw zero-based epoch index
in489g1,layerwise,layerwise,1,in489g1-layerwise-s1,74,48.84,44.21,S0065,80,false,"`in489g1`, 12 runs, ImageNet-489 | `in489g2`, 14 runs, ImageNet-489 | Full available curve retained; registered_horizon and in_registered_plateau5_window identify the primary endpoint. Epoch observations are not independent seeds.",accuracy percent; epoch is the raw zero-based epoch index
in489g1,layerwise,layerwise,1,in489g1-layerwise-s1,75,48.55,44.36,S0065,80,true,"`in489g1`, 12 runs, ImageNet-489 | `in489g2`, 14 runs, ImageNet-489 | Full available curve retained; registered_horizon and in_registered_plateau5_window identify the primary endpoint. Epoch observations are not independent seeds.",accuracy percent; epoch is the raw zero-based epoch index
in489g1,layerwise,layerwise,1,in489g1-layerwise-s1,76,48.52,44.41,S0065,80,true,"`in489g1`, 12 runs, ImageNet-489 | `in489g2`, 14 runs, ImageNet-489 | Full available curve retained; registered_horizon and in_registered_plateau5_window identify the primary endpoint. Epoch observations are not independent seeds.",accuracy percent; epoch is the raw zero-based epoch index
in489g1,layerwise,layerwise,1,in489g1-layerwise-s1,77,49,44.42,S0065,80,true,"`in489g1`, 12 runs, ImageNet-489 | `in489g2`, 14 runs, ImageNet-489 | Full available curve retained; registered_horizon and in_registered_plateau5_window identify the primary endpoint. Epoch observations are not independent seeds.",accuracy percent; epoch is the raw zero-based epoch index
in489g1,layerwise,layerwise,1,in489g1-layerwise-s1,78,48.95,44.54,S0065,80,true,"`in489g1`, 12 runs, ImageNet-489 | `in489g2`, 14 runs, ImageNet-489 | Full available curve retained; registered_horizon and in_registered_plateau5_window identify the primary endpoint. Epoch observations are not independent seeds.",accuracy percent; epoch is the raw zero-based epoch index
in489g1,layerwise,layerwise,1,in489g1-layerwise-s1,79,48.94,44.7,S0065,80,true,"`in489g1`, 12 runs, ImageNet-489 | `in489g2`, 14 runs, ImageNet-489 | Full available curve retained; registered_horizon and in_registered_plateau5_window identify the primary endpoint. Epoch observations are not independent seeds.",accuracy percent; epoch is the raw zero-based epoch index
in489g1,layerwise,layerwise,1,in489g1-layerwise-s1,80,48.88,44.77,S0065,80,false,"`in489g1`, 12 runs, ImageNet-489 | `in489g2`, 14 runs, ImageNet-489 | Full available curve retained; registered_horizon and in_registered_plateau5_window identify the primary endpoint. Epoch observations are not independent seeds.",accuracy percent; epoch is the raw zero-based epoch index
in489g1,layerwise,layerwise,1,in489g1-layerwise-s1,81,48.96,44.86,S0065,80,false,"`in489g1`, 12 runs, ImageNet-489 | `in489g2`, 14 runs, ImageNet-489 | Full available curve retained; registered_horizon and in_registered_plateau5_window identify the primary endpoint. Epoch observations are not independent seeds.",accuracy percent; epoch is the raw zero-based epoch index
in489g1,layerwise,layerwise,1,in489g1-layerwise-s1,82,49.09,44.94,S0065,80,false,"`in489g1`, 12 runs, ImageNet-489 | `in489g2`, 14 runs, ImageNet-489 | Full available curve retained; registered_horizon and in_registered_plateau5_window identify the primary endpoint. Epoch observations are not independent seeds.",accuracy percent; epoch is the raw zero-based epoch index
in489g1,layerwise,layerwise,1,in489g1-layerwise-s1,83,49.05,44.89,S0065,80,false,"`in489g1`, 12 runs, ImageNet-489 | `in489g2`, 14 runs, ImageNet-489 | Full available curve retained; registered_horizon and in_registered_plateau5_window identify the primary endpoint. Epoch observations are not independent seeds.",accuracy percent; epoch is the raw zero-based epoch index
in489g1,layerwise,layerwise,2,in489g1-layerwise-s2,0,0.28,0.24,S0066,80,false,"`in489g1`, 12 runs, ImageNet-489 | `in489g2`, 14 runs, ImageNet-489 | Full available curve retained; registered_horizon and in_registered_plateau5_window identify the primary endpoint. Epoch observations are not independent seeds.",accuracy percent; epoch is the raw zero-based epoch index
in489g1,layerwise,layerwise,2,in489g1-layerwise-s2,1,0.28,0.24,S0066,80,false,"`in489g1`, 12 runs, ImageNet-489 | `in489g2`, 14 runs, ImageNet-489 | Full available curve retained; registered_horizon and in_registered_plateau5_window identify the primary endpoint. Epoch observations are not independent seeds.",accuracy percent; epoch is the raw zero-based epoch index
in489g1,layerwise,layerwise,2,in489g1-layerwise-s2,2,0.47,0.3,S0066,80,false,"`in489g1`, 12 runs, ImageNet-489 | `in489g2`, 14 runs, ImageNet-489 | Full available curve retained; registered_horizon and in_registered_plateau5_window identify the primary endpoint. Epoch observations are not independent seeds.",accuracy percent; epoch is the raw zero-based epoch index
in489g1,layerwise,layerwise,2,in489g1-layerwise-s2,3,2.39,1.23,S0066,80,false,"`in489g1`, 12 runs, ImageNet-489 | `in489g2`, 14 runs, ImageNet-489 | Full available curve retained; registered_horizon and in_registered_plateau5_window identify the primary endpoint. Epoch observations are not independent seeds.",accuracy percent; epoch is the raw zero-based epoch index
in489g1,layerwise,layerwise,2,in489g1-layerwise-s2,4,7.53,4.3,S0066,80,false,"`in489g1`, 12 runs, ImageNet-489 | `in489g2`, 14 runs, ImageNet-489 | Full available curve retained; registered_horizon and in_registered_plateau5_window identify the primary endpoint. Epoch observations are not independent seeds.",accuracy percent; epoch is the raw zero-based epoch index
in489g1,layerwise,layerwise,2,in489g1-layerwise-s2,5,10.39,8.51,S0066,80,false,"`in489g1`, 12 runs, ImageNet-489 | `in489g2`, 14 runs, ImageNet-489 | Full available curve retained; registered_horizon and in_registered_plateau5_window identify the primary endpoint. Epoch observations are not independent seeds.",accuracy percent; epoch is the raw zero-based epoch index
in489g1,layerwise,layerwise,2,in489g1-layerwise-s2,6,14,11.34,S0066,80,false,"`in489g1`, 12 runs, ImageNet-489 | `in489g2`, 14 runs, ImageNet-489 | Full available curve retained; registered_horizon and in_registered_plateau5_window identify the primary endpoint. Epoch observations are not independent seeds.",accuracy percent; epoch is the raw zero-based epoch index
in489g1,layerwise,layerwise,2,in489g1-layerwise-s2,7,16.44,13.91,S0066,80,false,"`in489g1`, 12 runs, ImageNet-489 | `in489g2`, 14 runs, ImageNet-489 | Full available curve retained; registered_horizon and in_registered_plateau5_window identify the primary endpoint. Epoch observations are not independent seeds.",accuracy percent; epoch is the raw zero-based epoch index
in489g1,layerwise,layerwise,2,in489g1-layerwise-s2,8,19.46,16.33,S0066,80,false,"`in489g1`, 12 runs, ImageNet-489 | `in489g2`, 14 runs, ImageNet-489 | Full available curve retained; registered_horizon and in_registered_plateau5_window identify the primary endpoint. Epoch observations are not independent seeds.",accuracy percent; epoch is the raw zero-based epoch index
in489g1,layerwise,layerwise,2,in489g1-layerwise-s2,9,22.14,18.56,S0066,80,false,"`in489g1`, 12 runs, ImageNet-489 | `in489g2`, 14 runs, ImageNet-489 | Full available curve retained; registered_horizon and in_registered_plateau5_window identify the primary endpoint. Epoch observations are not independent seeds.",accuracy percent; epoch is the raw zero-based epoch index
in489g1,layerwise,layerwise,2,in489g1-layerwise-s2,10,24.45,20.54,S0066,80,false,"`in489g1`, 12 runs, ImageNet-489 | `in489g2`, 14 runs, ImageNet-489 | Full available curve retained; registered_horizon and in_registered_plateau5_window identify the primary endpoint. Epoch observations are not independent seeds.",accuracy percent; epoch is the raw zero-based epoch index
in489g1,layerwise,layerwise,2,in489g1-layerwise-s2,11,25.66,22.37,S0066,80,false,"`in489g1`, 12 runs, ImageNet-489 | `in489g2`, 14 runs, ImageNet-489 | Full available curve retained; registered_horizon and in_registered_plateau5_window identify the primary endpoint. Epoch observations are not independent seeds.",accuracy percent; epoch is the raw zero-based epoch index
in489g1,layerwise,layerwise,2,in489g1-layerwise-s2,12,27.45,24.02,S0066,80,false,"`in489g1`, 12 runs, ImageNet-489 | `in489g2`, 14 runs, ImageNet-489 | Full available curve retained; registered_horizon and in_registered_plateau5_window identify the primary endpoint. Epoch observations are not independent seeds.",accuracy percent; epoch is the raw zero-based epoch index
in489g1,layerwise,layerwise,2,in489g1-layerwise-s2,13,28.91,25.5,S0066,80,false,"`in489g1`, 12 runs, ImageNet-489 | `in489g2`, 14 runs, ImageNet-489 | Full available curve retained; registered_horizon and in_registered_plateau5_window identify the primary endpoint. Epoch observations are not independent seeds.",accuracy percent; epoch is the raw zero-based epoch index
in489g1,layerwise,layerwise,2,in489g1-layerwise-s2,14,30.54,26.75,S0066,80,false,"`in489g1`, 12 runs, ImageNet-489 | `in489g2`, 14 runs, ImageNet-489 | Full available curve retained; registered_horizon and in_registered_plateau5_window identify the primary endpoint. Epoch observations are not independent seeds.",accuracy percent; epoch is the raw zero-based epoch index
in489g1,layerwise,layerwise,2,in489g1-layerwise-s2,15,31.21,28,S0066,80,false,"`in489g1`, 12 runs, ImageNet-489 | `in489g2`, 14 runs, ImageNet-489 | Full available curve retained; registered_horizon and in_registered_plateau5_window identify the primary endpoint. Epoch observations are not independent seeds.",accuracy percent; epoch is the raw zero-based epoch index
in489g1,layerwise,layerwise,2,in489g1-layerwise-s2,16,32.19,29.06,S0066,80,false,"`in489g1`, 12 runs, ImageNet-489 | `in489g2`, 14 runs, ImageNet-489 | Full available curve retained; registered_horizon and in_registered_plateau5_window identify the primary endpoint. Epoch observations are not independent seeds.",accuracy percent; epoch is the raw zero-based epoch index
in489g1,layerwise,layerwise,2,in489g1-layerwise-s2,17,33.63,30.06,S0066,80,false,"`in489g1`, 12 runs, ImageNet-489 | `in489g2`, 14 runs, ImageNet-489 | Full available curve retained; registered_horizon and in_registered_plateau5_window identify the primary endpoint. Epoch observations are not independent seeds.",accuracy percent; epoch is the raw zero-based epoch index
in489g1,layerwise,layerwise,2,in489g1-layerwise-s2,18,34.61,30.81,S0066,80,false,"`in489g1`, 12 runs, ImageNet-489 | `in489g2`, 14 runs, ImageNet-489 | Full available curve retained; registered_horizon and in_registered_plateau5_window identify the primary endpoint. Epoch observations are not independent seeds.",accuracy percent; epoch is the raw zero-based epoch index
in489g1,layerwise,layerwise,2,in489g1-layerwise-s2,19,35.23,31.58,S0066,80,false,"`in489g1`, 12 runs, ImageNet-489 | `in489g2`, 14 runs, ImageNet-489 | Full available curve retained; registered_horizon and in_registered_plateau5_window identify the primary endpoint. Epoch observations are not independent seeds.",accuracy percent; epoch is the raw zero-based epoch index
in489g1,layerwise,layerwise,2,in489g1-layerwise-s2,20,35.99,32.39,S0066,80,false,"`in489g1`, 12 runs, ImageNet-489 | `in489g2`, 14 runs, ImageNet-489 | Full available curve retained; registered_horizon and in_registered_plateau5_window identify the primary endpoint. Epoch observations are not independent seeds.",accuracy percent; epoch is the raw zero-based epoch index
in489g1,layerwise,layerwise,2,in489g1-layerwise-s2,21,36.47,33.05,S0066,80,false,"`in489g1`, 12 runs, ImageNet-489 | `in489g2`, 14 runs, ImageNet-489 | Full available curve retained; registered_horizon and in_registered_plateau5_window identify the primary endpoint. Epoch observations are not independent seeds.",accuracy percent; epoch is the raw zero-based epoch index
in489g1,layerwise,layerwise,2,in489g1-layerwise-s2,22,37.52,33.62,S0066,80,false,"`in489g1`, 12 runs, ImageNet-489 | `in489g2`, 14 runs, ImageNet-489 | Full available curve retained; registered_horizon and in_registered_plateau5_window identify the primary endpoint. Epoch observations are not independent seeds.",accuracy percent; epoch is the raw zero-based epoch index
in489g1,layerwise,layerwise,2,in489g1-layerwise-s2,23,37.77,34.18,S0066,80,false,"`in489g1`, 12 runs, ImageNet-489 | `in489g2`, 14 runs, ImageNet-489 | Full available curve retained; registered_horizon and in_registered_plateau5_window identify the primary endpoint. Epoch observations are not independent seeds.",accuracy percent; epoch is the raw zero-based epoch index
in489g1,layerwise,layerwise,2,in489g1-layerwise-s2,24,38.62,34.7,S0066,80,false,"`in489g1`, 12 runs, ImageNet-489 | `in489g2`, 14 runs, ImageNet-489 | Full available curve retained; registered_horizon and in_registered_plateau5_window identify the primary endpoint. Epoch observations are not independent seeds.",accuracy percent; epoch is the raw zero-based epoch index
in489g1,layerwise,layerwise,2,in489g1-layerwise-s2,25,38.82,35.25,S0066,80,false,"`in489g1`, 12 runs, ImageNet-489 | `in489g2`, 14 runs, ImageNet-489 | Full available curve retained; registered_horizon and in_registered_plateau5_window identify the primary endpoint. Epoch observations are not independent seeds.",accuracy percent; epoch is the raw zero-based epoch index
in489g1,layerwise,layerwise,2,in489g1-layerwise-s2,26,39.78,35.64,S0066,80,false,"`in489g1`, 12 runs, ImageNet-489 | `in489g2`, 14 runs, ImageNet-489 | Full available curve retained; registered_horizon and in_registered_plateau5_window identify the primary endpoint. Epoch observations are not independent seeds.",accuracy percent; epoch is the raw zero-based epoch index
in489g1,layerwise,layerwise,2,in489g1-layerwise-s2,27,40.19,36.06,S0066,80,false,"`in489g1`, 12 runs, ImageNet-489 | `in489g2`, 14 runs, ImageNet-489 | Full available curve retained; registered_horizon and in_registered_plateau5_window identify the primary endpoint. Epoch observations are not independent seeds.",accuracy percent; epoch is the raw zero-based epoch index
in489g1,layerwise,layerwise,2,in489g1-layerwise-s2,28,40.47,36.45,S0066,80,false,"`in489g1`, 12 runs, ImageNet-489 | `in489g2`, 14 runs, ImageNet-489 | Full available curve retained; registered_horizon and in_registered_plateau5_window identify the primary endpoint. Epoch observations are not independent seeds.",accuracy percent; epoch is the raw zero-based epoch index
in489g1,layerwise,layerwise,2,in489g1-layerwise-s2,29,40.99,36.95,S0066,80,false,"`in489g1`, 12 runs, ImageNet-489 | `in489g2`, 14 runs, ImageNet-489 | Full available curve retained; registered_horizon and in_registered_plateau5_window identify the primary endpoint. Epoch observations are not independent seeds.",accuracy percent; epoch is the raw zero-based epoch index
in489g1,layerwise,layerwise,2,in489g1-layerwise-s2,30,40.9,37.11,S0066,80,false,"`in489g1`, 12 runs, ImageNet-489 | `in489g2`, 14 runs, ImageNet-489 | Full available curve retained; registered_horizon and in_registered_plateau5_window identify the primary endpoint. Epoch observations are not independent seeds.",accuracy percent; epoch is the raw zero-based epoch index
in489g1,layerwise,layerwise,2,in489g1-layerwise-s2,31,40.94,37.49,S0066,80,false,"`in489g1`, 12 runs, ImageNet-489 | `in489g2`, 14 runs, ImageNet-489 | Full available curve retained; registered_horizon and in_registered_plateau5_window identify the primary endpoint. Epoch observations are not independent seeds.",accuracy percent; epoch is the raw zero-based epoch index
in489g1,layerwise,layerwise,2,in489g1-layerwise-s2,32,41.78,37.74,S0066,80,false,"`in489g1`, 12 runs, ImageNet-489 | `in489g2`, 14 runs, ImageNet-489 | Full available curve retained; registered_horizon and in_registered_plateau5_window identify the primary endpoint. Epoch observations are not independent seeds.",accuracy percent; epoch is the raw zero-based epoch index
in489g1,layerwise,layerwise,2,in489g1-layerwise-s2,33,42.56,38.04,S0066,80,false,"`in489g1`, 12 runs, ImageNet-489 | `in489g2`, 14 runs, ImageNet-489 | Full available curve retained; registered_horizon and in_registered_plateau5_window identify the primary endpoint. Epoch observations are not independent seeds.",accuracy percent; epoch is the raw zero-based epoch index
in489g1,layerwise,layerwise,2,in489g1-layerwise-s2,34,42.54,38.4,S0066,80,false,"`in489g1`, 12 runs, ImageNet-489 | `in489g2`, 14 runs, ImageNet-489 | Full available curve retained; registered_horizon and in_registered_plateau5_window identify the primary endpoint. Epoch observations are not independent seeds.",accuracy percent; epoch is the raw zero-based epoch index
in489g1,layerwise,layerwise,2,in489g1-layerwise-s2,35,42.09,38.71,S0066,80,false,"`in489g1`, 12 runs, ImageNet-489 | `in489g2`, 14 runs, ImageNet-489 | Full available curve retained; registered_horizon and in_registered_plateau5_window identify the primary endpoint. Epoch observations are not independent seeds.",accuracy percent; epoch is the raw zero-based epoch index
in489g1,layerwise,layerwise,2,in489g1-layerwise-s2,36,43.1,38.77,S0066,80,false,"`in489g1`, 12 runs, ImageNet-489 | `in489g2`, 14 runs, ImageNet-489 | Full available curve retained; registered_horizon and in_registered_plateau5_window identify the primary endpoint. Epoch observations are not independent seeds.",accuracy percent; epoch is the raw zero-based epoch index
in489g1,layerwise,layerwise,2,in489g1-layerwise-s2,37,43.07,39.12,S0066,80,false,"`in489g1`, 12 runs, ImageNet-489 | `in489g2`, 14 runs, ImageNet-489 | Full available curve retained; registered_horizon and in_registered_plateau5_window identify the primary endpoint. Epoch observations are not independent seeds.",accuracy percent; epoch is the raw zero-based epoch index
in489g1,layerwise,layerwise,2,in489g1-layerwise-s2,38,43.17,39.42,S0066,80,false,"`in489g1`, 12 runs, ImageNet-489 | `in489g2`, 14 runs, ImageNet-489 | Full available curve retained; registered_horizon and in_registered_plateau5_window identify the primary endpoint. Epoch observations are not independent seeds.",accuracy percent; epoch is the raw zero-based epoch index
in489g1,layerwise,layerwise,2,in489g1-layerwise-s2,39,44.19,39.58,S0066,80,false,"`in489g1`, 12 runs, ImageNet-489 | `in489g2`, 14 runs, ImageNet-489 | Full available curve retained; registered_horizon and in_registered_plateau5_window identify the primary endpoint. Epoch observations are not independent seeds.",accuracy percent; epoch is the raw zero-based epoch index
in489g1,layerwise,layerwise,2,in489g1-layerwise-s2,40,44.02,39.79,S0066,80,false,"`in489g1`, 12 runs, ImageNet-489 | `in489g2`, 14 runs, ImageNet-489 | Full available curve retained; registered_horizon and in_registered_plateau5_window identify the primary endpoint. Epoch observations are not independent seeds.",accuracy percent; epoch is the raw zero-based epoch index
in489g1,layerwise,layerwise,2,in489g1-layerwise-s2,41,44.28,39.9,S0066,80,false,"`in489g1`, 12 runs, ImageNet-489 | `in489g2`, 14 runs, ImageNet-489 | Full available curve retained; registered_horizon and in_registered_plateau5_window identify the primary endpoint. Epoch observations are not independent seeds.",accuracy percent; epoch is the raw zero-based epoch index
in489g1,layerwise,layerwise,2,in489g1-layerwise-s2,42,44.9,40.18,S0066,80,false,"`in489g1`, 12 runs, ImageNet-489 | `in489g2`, 14 runs, ImageNet-489 | Full available curve retained; registered_horizon and in_registered_plateau5_window identify the primary endpoint. Epoch observations are not independent seeds.",accuracy percent; epoch is the raw zero-based epoch index
in489g1,layerwise,layerwise,2,in489g1-layerwise-s2,43,44.75,40.39,S0066,80,false,"`in489g1`, 12 runs, ImageNet-489 | `in489g2`, 14 runs, ImageNet-489 | Full available curve retained; registered_horizon and in_registered_plateau5_window identify the primary endpoint. Epoch observations are not independent seeds.",accuracy percent; epoch is the raw zero-based epoch index
in489g1,layerwise,layerwise,2,in489g1-layerwise-s2,44,44.68,40.57,S0066,80,false,"`in489g1`, 12 runs, ImageNet-489 | `in489g2`, 14 runs, ImageNet-489 | Full available curve retained; registered_horizon and in_registered_plateau5_window identify the primary endpoint. Epoch observations are not independent seeds.",accuracy percent; epoch is the raw zero-based epoch index
in489g1,layerwise,layerwise,2,in489g1-layerwise-s2,45,45.03,40.73,S0066,80,false,"`in489g1`, 12 runs, ImageNet-489 | `in489g2`, 14 runs, ImageNet-489 | Full available curve retained; registered_horizon and in_registered_plateau5_window identify the primary endpoint. Epoch observations are not independent seeds.",accuracy percent; epoch is the raw zero-based epoch index
in489g1,layerwise,layerwise,2,in489g1-layerwise-s2,46,45.16,40.89,S0066,80,false,"`in489g1`, 12 runs, ImageNet-489 | `in489g2`, 14 runs, ImageNet-489 | Full available curve retained; registered_horizon and in_registered_plateau5_window identify the primary endpoint. Epoch observations are not independent seeds.",accuracy percent; epoch is the raw zero-based epoch index
in489g1,layerwise,layerwise,2,in489g1-layerwise-s2,47,45.54,41.06,S0066,80,false,"`in489g1`, 12 runs, ImageNet-489 | `in489g2`, 14 runs, ImageNet-489 | Full available curve retained; registered_horizon and in_registered_plateau5_window identify the primary endpoint. Epoch observations are not independent seeds.",accuracy percent; epoch is the raw zero-based epoch index
in489g1,layerwise,layerwise,2,in489g1-layerwise-s2,48,45.57,41.19,S0066,80,false,"`in489g1`, 12 runs, ImageNet-489 | `in489g2`, 14 runs, ImageNet-489 | Full available curve retained; registered_horizon and in_registered_plateau5_window identify the primary endpoint. Epoch observations are not independent seeds.",accuracy percent; epoch is the raw zero-based epoch index
in489g1,layerwise,layerwise,2,in489g1-layerwise-s2,49,45.9,41.38,S0066,80,false,"`in489g1`, 12 runs, ImageNet-489 | `in489g2`, 14 runs, ImageNet-489 | Full available curve retained; registered_horizon and in_registered_plateau5_window identify the primary endpoint. Epoch observations are not independent seeds.",accuracy percent; epoch is the raw zero-based epoch index
in489g1,layerwise,layerwise,2,in489g1-layerwise-s2,50,46.04,41.53,S0066,80,false,"`in489g1`, 12 runs, ImageNet-489 | `in489g2`, 14 runs, ImageNet-489 | Full available curve retained; registered_horizon and in_registered_plateau5_window identify the primary endpoint. Epoch observations are not independent seeds.",accuracy percent; epoch is the raw zero-based epoch index
in489g1,layerwise,layerwise,2,in489g1-layerwise-s2,51,45.82,41.7,S0066,80,false,"`in489g1`, 12 runs, ImageNet-489 | `in489g2`, 14 runs, ImageNet-489 | Full available curve retained; registered_horizon and in_registered_plateau5_window identify the primary endpoint. Epoch observations are not independent seeds.",accuracy percent; epoch is the raw zero-based epoch index
in489g1,layerwise,layerwise,2,in489g1-layerwise-s2,52,46.66,41.79,S0066,80,false,"`in489g1`, 12 runs, ImageNet-489 | `in489g2`, 14 runs, ImageNet-489 | Full available curve retained; registered_horizon and in_registered_plateau5_window identify the primary endpoint. Epoch observations are not independent seeds.",accuracy percent; epoch is the raw zero-based epoch index
in489g1,layerwise,layerwise,2,in489g1-layerwise-s2,53,46.25,41.99,S0066,80,false,"`in489g1`, 12 runs, ImageNet-489 | `in489g2`, 14 runs, ImageNet-489 | Full available curve retained; registered_horizon and in_registered_plateau5_window identify the primary endpoint. Epoch observations are not independent seeds.",accuracy percent; epoch is the raw zero-based epoch index
in489g1,layerwise,layerwise,2,in489g1-layerwise-s2,54,46.56,42.08,S0066,80,false,"`in489g1`, 12 runs, ImageNet-489 | `in489g2`, 14 runs, ImageNet-489 | Full available curve retained; registered_horizon and in_registered_plateau5_window identify the primary endpoint. Epoch observations are not independent seeds.",accuracy percent; epoch is the raw zero-based epoch index
in489g1,layerwise,layerwise,2,in489g1-layerwise-s2,55,46.67,42.22,S0066,80,false,"`in489g1`, 12 runs, ImageNet-489 | `in489g2`, 14 runs, ImageNet-489 | Full available curve retained; registered_horizon and in_registered_plateau5_window identify the primary endpoint. Epoch observations are not independent seeds.",accuracy percent; epoch is the raw zero-based epoch index
in489g1,layerwise,layerwise,2,in489g1-layerwise-s2,56,46.9,42.39,S0066,80,false,"`in489g1`, 12 runs, ImageNet-489 | `in489g2`, 14 runs, ImageNet-489 | Full available curve retained; registered_horizon and in_registered_plateau5_window identify the primary endpoint. Epoch observations are not independent seeds.",accuracy percent; epoch is the raw zero-based epoch index
in489g1,layerwise,layerwise,2,in489g1-layerwise-s2,57,46.79,42.55,S0066,80,false,"`in489g1`, 12 runs, ImageNet-489 | `in489g2`, 14 runs, ImageNet-489 | Full available curve retained; registered_horizon and in_registered_plateau5_window identify the primary endpoint. Epoch observations are not independent seeds.",accuracy percent; epoch is the raw zero-based epoch index
in489g1,layerwise,layerwise,2,in489g1-layerwise-s2,58,46.54,42.67,S0066,80,false,"`in489g1`, 12 runs, ImageNet-489 | `in489g2`, 14 runs, ImageNet-489 | Full available curve retained; registered_horizon and in_registered_plateau5_window identify the primary endpoint. Epoch observations are not independent seeds.",accuracy percent; epoch is the raw zero-based epoch index
in489g1,layerwise,layerwise,2,in489g1-layerwise-s2,59,47.14,42.69,S0066,80,false,"`in489g1`, 12 runs, ImageNet-489 | `in489g2`, 14 runs, ImageNet-489 | Full available curve retained; registered_horizon and in_registered_plateau5_window identify the primary endpoint. Epoch observations are not independent seeds.",accuracy percent; epoch is the raw zero-based epoch index
in489g1,layerwise,layerwise,2,in489g1-layerwise-s2,60,46.78,42.89,S0066,80,false,"`in489g1`, 12 runs, ImageNet-489 | `in489g2`, 14 runs, ImageNet-489 | Full available curve retained; registered_horizon and in_registered_plateau5_window identify the primary endpoint. Epoch observations are not independent seeds.",accuracy percent; epoch is the raw zero-based epoch index
in489g1,layerwise,layerwise,2,in489g1-layerwise-s2,61,47.32,43,S0066,80,false,"`in489g1`, 12 runs, ImageNet-489 | `in489g2`, 14 runs, ImageNet-489 | Full available curve retained; registered_horizon and in_registered_plateau5_window identify the primary endpoint. Epoch observations are not independent seeds.",accuracy percent; epoch is the raw zero-based epoch index
in489g1,layerwise,layerwise,2,in489g1-layerwise-s2,62,47.3,43.14,S0066,80,false,"`in489g1`, 12 runs, ImageNet-489 | `in489g2`, 14 runs, ImageNet-489 | Full available curve retained; registered_horizon and in_registered_plateau5_window identify the primary endpoint. Epoch observations are not independent seeds.",accuracy percent; epoch is the raw zero-based epoch index
in489g1,layerwise,layerwise,2,in489g1-layerwise-s2,63,47.55,43.17,S0066,80,false,"`in489g1`, 12 runs, ImageNet-489 | `in489g2`, 14 runs, ImageNet-489 | Full available curve retained; registered_horizon and in_registered_plateau5_window identify the primary endpoint. Epoch observations are not independent seeds.",accuracy percent; epoch is the raw zero-based epoch index
in489g1,layerwise,layerwise,2,in489g1-layerwise-s2,64,47.8,43.32,S0066,80,false,"`in489g1`, 12 runs, ImageNet-489 | `in489g2`, 14 runs, ImageNet-489 | Full available curve retained; registered_horizon and in_registered_plateau5_window identify the primary endpoint. Epoch observations are not independent seeds.",accuracy percent; epoch is the raw zero-based epoch index
in489g1,layerwise,layerwise,2,in489g1-layerwise-s2,65,47.9,43.33,S0066,80,false,"`in489g1`, 12 runs, ImageNet-489 | `in489g2`, 14 runs, ImageNet-489 | Full available curve retained; registered_horizon and in_registered_plateau5_window identify the primary endpoint. Epoch observations are not independent seeds.",accuracy percent; epoch is the raw zero-based epoch index
in489g1,layerwise,layerwise,2,in489g1-layerwise-s2,66,47.48,43.51,S0066,80,false,"`in489g1`, 12 runs, ImageNet-489 | `in489g2`, 14 runs, ImageNet-489 | Full available curve retained; registered_horizon and in_registered_plateau5_window identify the primary endpoint. Epoch observations are not independent seeds.",accuracy percent; epoch is the raw zero-based epoch index
in489g1,layerwise,layerwise,2,in489g1-layerwise-s2,67,47.69,43.6,S0066,80,false,"`in489g1`, 12 runs, ImageNet-489 | `in489g2`, 14 runs, ImageNet-489 | Full available curve retained; registered_horizon and in_registered_plateau5_window identify the primary endpoint. Epoch observations are not independent seeds.",accuracy percent; epoch is the raw zero-based epoch index
in489g1,layerwise,layerwise,2,in489g1-layerwise-s2,68,48.21,43.65,S0066,80,false,"`in489g1`, 12 runs, ImageNet-489 | `in489g2`, 14 runs, ImageNet-489 | Full available curve retained; registered_horizon and in_registered_plateau5_window identify the primary endpoint. Epoch observations are not independent seeds.",accuracy percent; epoch is the raw zero-based epoch index
in489g1,layerwise,layerwise,2,in489g1-layerwise-s2,69,48.48,43.85,S0066,80,false,"`in489g1`, 12 runs, ImageNet-489 | `in489g2`, 14 runs, ImageNet-489 | Full available curve retained; registered_horizon and in_registered_plateau5_window identify the primary endpoint. Epoch observations are not independent seeds.",accuracy percent; epoch is the raw zero-based epoch index
in489g1,layerwise,layerwise,2,in489g1-layerwise-s2,70,48.48,43.86,S0066,80,false,"`in489g1`, 12 runs, ImageNet-489 | `in489g2`, 14 runs, ImageNet-489 | Full available curve retained; registered_horizon and in_registered_plateau5_window identify the primary endpoint. Epoch observations are not independent seeds.",accuracy percent; epoch is the raw zero-based epoch index
in489g1,layerwise,layerwise,2,in489g1-layerwise-s2,71,48.37,44,S0066,80,false,"`in489g1`, 12 runs, ImageNet-489 | `in489g2`, 14 runs, ImageNet-489 | Full available curve retained; registered_horizon and in_registered_plateau5_window identify the primary endpoint. Epoch observations are not independent seeds.",accuracy percent; epoch is the raw zero-based epoch index
in489g1,layerwise,layerwise,2,in489g1-layerwise-s2,72,48.45,44.13,S0066,80,false,"`in489g1`, 12 runs, ImageNet-489 | `in489g2`, 14 runs, ImageNet-489 | Full available curve retained; registered_horizon and in_registered_plateau5_window identify the primary endpoint. Epoch observations are not independent seeds.",accuracy percent; epoch is the raw zero-based epoch index
in489g1,layerwise,layerwise,2,in489g1-layerwise-s2,73,48.82,44.14,S0066,80,false,"`in489g1`, 12 runs, ImageNet-489 | `in489g2`, 14 runs, ImageNet-489 | Full available curve retained; registered_horizon and in_registered_plateau5_window identify the primary endpoint. Epoch observations are not independent seeds.",accuracy percent; epoch is the raw zero-based epoch index
in489g1,layerwise,layerwise,2,in489g1-layerwise-s2,74,48.9,44.31,S0066,80,false,"`in489g1`, 12 runs, ImageNet-489 | `in489g2`, 14 runs, ImageNet-489 | Full available curve retained; registered_horizon and in_registered_plateau5_window identify the primary endpoint. Epoch observations are not independent seeds.",accuracy percent; epoch is the raw zero-based epoch index
in489g1,layerwise,layerwise,2,in489g1-layerwise-s2,75,48.77,44.36,S0066,80,true,"`in489g1`, 12 runs, ImageNet-489 | `in489g2`, 14 runs, ImageNet-489 | Full available curve retained; registered_horizon and in_registered_plateau5_window identify the primary endpoint. Epoch observations are not independent seeds.",accuracy percent; epoch is the raw zero-based epoch index
in489g1,layerwise,layerwise,2,in489g1-layerwise-s2,76,48.79,44.39,S0066,80,true,"`in489g1`, 12 runs, ImageNet-489 | `in489g2`, 14 runs, ImageNet-489 | Full available curve retained; registered_horizon and in_registered_plateau5_window identify the primary endpoint. Epoch observations are not independent seeds.",accuracy percent; epoch is the raw zero-based epoch index
in489g1,layerwise,layerwise,2,in489g1-layerwise-s2,77,48.75,44.54,S0066,80,true,"`in489g1`, 12 runs, ImageNet-489 | `in489g2`, 14 runs, ImageNet-489 | Full available curve retained; registered_horizon and in_registered_plateau5_window identify the primary endpoint. Epoch observations are not independent seeds.",accuracy percent; epoch is the raw zero-based epoch index
in489g1,layerwise,layerwise,2,in489g1-layerwise-s2,78,48.87,44.53,S0066,80,true,"`in489g1`, 12 runs, ImageNet-489 | `in489g2`, 14 runs, ImageNet-489 | Full available curve retained; registered_horizon and in_registered_plateau5_window identify the primary endpoint. Epoch observations are not independent seeds.",accuracy percent; epoch is the raw zero-based epoch index
in489g1,layerwise,layerwise,2,in489g1-layerwise-s2,79,49.09,44.58,S0066,80,true,"`in489g1`, 12 runs, ImageNet-489 | `in489g2`, 14 runs, ImageNet-489 | Full available curve retained; registered_horizon and in_registered_plateau5_window identify the primary endpoint. Epoch observations are not independent seeds.",accuracy percent; epoch is the raw zero-based epoch index
in489g1,layerwise,layerwise,2,in489g1-layerwise-s2,80,49.13,44.73,S0066,80,false,"`in489g1`, 12 runs, ImageNet-489 | `in489g2`, 14 runs, ImageNet-489 | Full available curve retained; registered_horizon and in_registered_plateau5_window identify the primary endpoint. Epoch observations are not independent seeds.",accuracy percent; epoch is the raw zero-based epoch index
in489g1,layerwise,layerwise,2,in489g1-layerwise-s2,81,49.43,44.81,S0066,80,false,"`in489g1`, 12 runs, ImageNet-489 | `in489g2`, 14 runs, ImageNet-489 | Full available curve retained; registered_horizon and in_registered_plateau5_window identify the primary endpoint. Epoch observations are not independent seeds.",accuracy percent; epoch is the raw zero-based epoch index
in489g1,layerwise,layerwise,2,in489g1-layerwise-s2,82,49.09,44.89,S0066,80,false,"`in489g1`, 12 runs, ImageNet-489 | `in489g2`, 14 runs, ImageNet-489 | Full available curve retained; registered_horizon and in_registered_plateau5_window identify the primary endpoint. Epoch observations are not independent seeds.",accuracy percent; epoch is the raw zero-based epoch index
in489g1,layerwise,layerwise,2,in489g1-layerwise-s2,83,49.43,44.95,S0066,80,false,"`in489g1`, 12 runs, ImageNet-489 | `in489g2`, 14 runs, ImageNet-489 | Full available curve retained; registered_horizon and in_registered_plateau5_window identify the primary endpoint. Epoch observations are not independent seeds.",accuracy percent; epoch is the raw zero-based epoch index
in489g1,nodewise,nodewise,0,in489g1-nodewise-s0,0,0.27,0.27,S0067,80,false,"`in489g1`, 12 runs, ImageNet-489 | `in489g2`, 14 runs, ImageNet-489 | Full available curve retained; registered_horizon and in_registered_plateau5_window identify the primary endpoint. Epoch observations are not independent seeds.",accuracy percent; epoch is the raw zero-based epoch index
in489g1,nodewise,nodewise,0,in489g1-nodewise-s0,1,0.27,0.27,S0067,80,false,"`in489g1`, 12 runs, ImageNet-489 | `in489g2`, 14 runs, ImageNet-489 | Full available curve retained; registered_horizon and in_registered_plateau5_window identify the primary endpoint. Epoch observations are not independent seeds.",accuracy percent; epoch is the raw zero-based epoch index
in489g1,nodewise,nodewise,0,in489g1-nodewise-s0,2,0.47,0.32,S0067,80,false,"`in489g1`, 12 runs, ImageNet-489 | `in489g2`, 14 runs, ImageNet-489 | Full available curve retained; registered_horizon and in_registered_plateau5_window identify the primary endpoint. Epoch observations are not independent seeds.",accuracy percent; epoch is the raw zero-based epoch index
in489g1,nodewise,nodewise,0,in489g1-nodewise-s0,3,2.04,0.95,S0067,80,false,"`in489g1`, 12 runs, ImageNet-489 | `in489g2`, 14 runs, ImageNet-489 | Full available curve retained; registered_horizon and in_registered_plateau5_window identify the primary endpoint. Epoch observations are not independent seeds.",accuracy percent; epoch is the raw zero-based epoch index
in489g1,nodewise,nodewise,0,in489g1-nodewise-s0,4,7.84,4.43,S0067,80,false,"`in489g1`, 12 runs, ImageNet-489 | `in489g2`, 14 runs, ImageNet-489 | Full available curve retained; registered_horizon and in_registered_plateau5_window identify the primary endpoint. Epoch observations are not independent seeds.",accuracy percent; epoch is the raw zero-based epoch index
in489g1,nodewise,nodewise,0,in489g1-nodewise-s0,5,12.8,9.75,S0067,80,false,"`in489g1`, 12 runs, ImageNet-489 | `in489g2`, 14 runs, ImageNet-489 | Full available curve retained; registered_horizon and in_registered_plateau5_window identify the primary endpoint. Epoch observations are not independent seeds.",accuracy percent; epoch is the raw zero-based epoch index
in489g1,nodewise,nodewise,0,in489g1-nodewise-s0,6,18.02,14.76,S0067,80,false,"`in489g1`, 12 runs, ImageNet-489 | `in489g2`, 14 runs, ImageNet-489 | Full available curve retained; registered_horizon and in_registered_plateau5_window identify the primary endpoint. Epoch observations are not independent seeds.",accuracy percent; epoch is the raw zero-based epoch index
in489g1,nodewise,nodewise,0,in489g1-nodewise-s0,7,21.32,18.46,S0067,80,false,"`in489g1`, 12 runs, ImageNet-489 | `in489g2`, 14 runs, ImageNet-489 | Full available curve retained; registered_horizon and in_registered_plateau5_window identify the primary endpoint. Epoch observations are not independent seeds.",accuracy percent; epoch is the raw zero-based epoch index
in489g1,nodewise,nodewise,0,in489g1-nodewise-s0,8,24.43,21.49,S0067,80,false,"`in489g1`, 12 runs, ImageNet-489 | `in489g2`, 14 runs, ImageNet-489 | Full available curve retained; registered_horizon and in_registered_plateau5_window identify the primary endpoint. Epoch observations are not independent seeds.",accuracy percent; epoch is the raw zero-based epoch index
in489g1,nodewise,nodewise,0,in489g1-nodewise-s0,9,27.4,23.88,S0067,80,false,"`in489g1`, 12 runs, ImageNet-489 | `in489g2`, 14 runs, ImageNet-489 | Full available curve retained; registered_horizon and in_registered_plateau5_window identify the primary endpoint. Epoch observations are not independent seeds.",accuracy percent; epoch is the raw zero-based epoch index
in489g1,nodewise,nodewise,0,in489g1-nodewise-s0,10,29.79,25.96,S0067,80,false,"`in489g1`, 12 runs, ImageNet-489 | `in489g2`, 14 runs, ImageNet-489 | Full available curve retained; registered_horizon and in_registered_plateau5_window identify the primary endpoint. Epoch observations are not independent seeds.",accuracy percent; epoch is the raw zero-based epoch index
in489g1,nodewise,nodewise,0,in489g1-nodewise-s0,11,30.33,27.67,S0067,80,false,"`in489g1`, 12 runs, ImageNet-489 | `in489g2`, 14 runs, ImageNet-489 | Full available curve retained; registered_horizon and in_registered_plateau5_window identify the primary endpoint. Epoch observations are not independent seeds.",accuracy percent; epoch is the raw zero-based epoch index
in489g1,nodewise,nodewise,0,in489g1-nodewise-s0,12,32.58,29.1,S0067,80,false,"`in489g1`, 12 runs, ImageNet-489 | `in489g2`, 14 runs, ImageNet-489 | Full available curve retained; registered_horizon and in_registered_plateau5_window identify the primary endpoint. Epoch observations are not independent seeds.",accuracy percent; epoch is the raw zero-based epoch index
in489g1,nodewise,nodewise,0,in489g1-nodewise-s0,13,33.16,30.36,S0067,80,false,"`in489g1`, 12 runs, ImageNet-489 | `in489g2`, 14 runs, ImageNet-489 | Full available curve retained; registered_horizon and in_registered_plateau5_window identify the primary endpoint. Epoch observations are not independent seeds.",accuracy percent; epoch is the raw zero-based epoch index
in489g1,nodewise,nodewise,0,in489g1-nodewise-s0,14,34.74,31.46,S0067,80,false,"`in489g1`, 12 runs, ImageNet-489 | `in489g2`, 14 runs, ImageNet-489 | Full available curve retained; registered_horizon and in_registered_plateau5_window identify the primary endpoint. Epoch observations are not independent seeds.",accuracy percent; epoch is the raw zero-based epoch index
in489g1,nodewise,nodewise,0,in489g1-nodewise-s0,15,35.82,32.46,S0067,80,false,"`in489g1`, 12 runs, ImageNet-489 | `in489g2`, 14 runs, ImageNet-489 | Full available curve retained; registered_horizon and in_registered_plateau5_window identify the primary endpoint. Epoch observations are not independent seeds.",accuracy percent; epoch is the raw zero-based epoch index
in489g1,nodewise,nodewise,0,in489g1-nodewise-s0,16,36.61,33.4,S0067,80,false,"`in489g1`, 12 runs, ImageNet-489 | `in489g2`, 14 runs, ImageNet-489 | Full available curve retained; registered_horizon and in_registered_plateau5_window identify the primary endpoint. Epoch observations are not independent seeds.",accuracy percent; epoch is the raw zero-based epoch index
in489g1,nodewise,nodewise,0,in489g1-nodewise-s0,17,37.17,34.22,S0067,80,false,"`in489g1`, 12 runs, ImageNet-489 | `in489g2`, 14 runs, ImageNet-489 | Full available curve retained; registered_horizon and in_registered_plateau5_window identify the primary endpoint. Epoch observations are not independent seeds.",accuracy percent; epoch is the raw zero-based epoch index
in489g1,nodewise,nodewise,0,in489g1-nodewise-s0,18,38.25,34.94,S0067,80,false,"`in489g1`, 12 runs, ImageNet-489 | `in489g2`, 14 runs, ImageNet-489 | Full available curve retained; registered_horizon and in_registered_plateau5_window identify the primary endpoint. Epoch observations are not independent seeds.",accuracy percent; epoch is the raw zero-based epoch index
in489g1,nodewise,nodewise,0,in489g1-nodewise-s0,19,39.59,35.67,S0067,80,false,"`in489g1`, 12 runs, ImageNet-489 | `in489g2`, 14 runs, ImageNet-489 | Full available curve retained; registered_horizon and in_registered_plateau5_window identify the primary endpoint. Epoch observations are not independent seeds.",accuracy percent; epoch is the raw zero-based epoch index
in489g1,nodewise,nodewise,0,in489g1-nodewise-s0,20,39.43,36.28,S0067,80,false,"`in489g1`, 12 runs, ImageNet-489 | `in489g2`, 14 runs, ImageNet-489 | Full available curve retained; registered_horizon and in_registered_plateau5_window identify the primary endpoint. Epoch observations are not independent seeds.",accuracy percent; epoch is the raw zero-based epoch index
in489g1,nodewise,nodewise,0,in489g1-nodewise-s0,21,40.3,36.76,S0067,80,false,"`in489g1`, 12 runs, ImageNet-489 | `in489g2`, 14 runs, ImageNet-489 | Full available curve retained; registered_horizon and in_registered_plateau5_window identify the primary endpoint. Epoch observations are not independent seeds.",accuracy percent; epoch is the raw zero-based epoch index
in489g1,nodewise,nodewise,0,in489g1-nodewise-s0,22,41.08,37.38,S0067,80,false,"`in489g1`, 12 runs, ImageNet-489 | `in489g2`, 14 runs, ImageNet-489 | Full available curve retained; registered_horizon and in_registered_plateau5_window identify the primary endpoint. Epoch observations are not independent seeds.",accuracy percent; epoch is the raw zero-based epoch index
in489g1,nodewise,nodewise,0,in489g1-nodewise-s0,23,41.39,37.91,S0067,80,false,"`in489g1`, 12 runs, ImageNet-489 | `in489g2`, 14 runs, ImageNet-489 | Full available curve retained; registered_horizon and in_registered_plateau5_window identify the primary endpoint. Epoch observations are not independent seeds.",accuracy percent; epoch is the raw zero-based epoch index
in489g1,nodewise,nodewise,0,in489g1-nodewise-s0,24,41.65,38.32,S0067,80,false,"`in489g1`, 12 runs, ImageNet-489 | `in489g2`, 14 runs, ImageNet-489 | Full available curve retained; registered_horizon and in_registered_plateau5_window identify the primary endpoint. Epoch observations are not independent seeds.",accuracy percent; epoch is the raw zero-based epoch index
in489g1,nodewise,nodewise,0,in489g1-nodewise-s0,25,42.42,38.89,S0067,80,false,"`in489g1`, 12 runs, ImageNet-489 | `in489g2`, 14 runs, ImageNet-489 | Full available curve retained; registered_horizon and in_registered_plateau5_window identify the primary endpoint. Epoch observations are not independent seeds.",accuracy percent; epoch is the raw zero-based epoch index
in489g1,nodewise,nodewise,0,in489g1-nodewise-s0,26,43.08,39.23,S0067,80,false,"`in489g1`, 12 runs, ImageNet-489 | `in489g2`, 14 runs, ImageNet-489 | Full available curve retained; registered_horizon and in_registered_plateau5_window identify the primary endpoint. Epoch observations are not independent seeds.",accuracy percent; epoch is the raw zero-based epoch index
in489g1,nodewise,nodewise,0,in489g1-nodewise-s0,27,42.98,39.62,S0067,80,false,"`in489g1`, 12 runs, ImageNet-489 | `in489g2`, 14 runs, ImageNet-489 | Full available curve retained; registered_horizon and in_registered_plateau5_window identify the primary endpoint. Epoch observations are not independent seeds.",accuracy percent; epoch is the raw zero-based epoch index
in489g1,nodewise,nodewise,0,in489g1-nodewise-s0,28,43.46,39.97,S0067,80,false,"`in489g1`, 12 runs, ImageNet-489 | `in489g2`, 14 runs, ImageNet-489 | Full available curve retained; registered_horizon and in_registered_plateau5_window identify the primary endpoint. Epoch observations are not independent seeds.",accuracy percent; epoch is the raw zero-based epoch index
in489g1,nodewise,nodewise,0,in489g1-nodewise-s0,29,44.09,40.35,S0067,80,false,"`in489g1`, 12 runs, ImageNet-489 | `in489g2`, 14 runs, ImageNet-489 | Full available curve retained; registered_horizon and in_registered_plateau5_window identify the primary endpoint. Epoch observations are not independent seeds.",accuracy percent; epoch is the raw zero-based epoch index
in489g1,nodewise,nodewise,0,in489g1-nodewise-s0,30,44.3,40.72,S0067,80,false,"`in489g1`, 12 runs, ImageNet-489 | `in489g2`, 14 runs, ImageNet-489 | Full available curve retained; registered_horizon and in_registered_plateau5_window identify the primary endpoint. Epoch observations are not independent seeds.",accuracy percent; epoch is the raw zero-based epoch index
in489g1,nodewise,nodewise,0,in489g1-nodewise-s0,31,44.59,41.02,S0067,80,false,"`in489g1`, 12 runs, ImageNet-489 | `in489g2`, 14 runs, ImageNet-489 | Full available curve retained; registered_horizon and in_registered_plateau5_window identify the primary endpoint. Epoch observations are not independent seeds.",accuracy percent; epoch is the raw zero-based epoch index
in489g1,nodewise,nodewise,0,in489g1-nodewise-s0,32,44.87,41.3,S0067,80,false,"`in489g1`, 12 runs, ImageNet-489 | `in489g2`, 14 runs, ImageNet-489 | Full available curve retained; registered_horizon and in_registered_plateau5_window identify the primary endpoint. Epoch observations are not independent seeds.",accuracy percent; epoch is the raw zero-based epoch index
in489g1,nodewise,nodewise,0,in489g1-nodewise-s0,33,45.22,41.62,S0067,80,false,"`in489g1`, 12 runs, ImageNet-489 | `in489g2`, 14 runs, ImageNet-489 | Full available curve retained; registered_horizon and in_registered_plateau5_window identify the primary endpoint. Epoch observations are not independent seeds.",accuracy percent; epoch is the raw zero-based epoch index
in489g1,nodewise,nodewise,0,in489g1-nodewise-s0,34,45.55,41.9,S0067,80,false,"`in489g1`, 12 runs, ImageNet-489 | `in489g2`, 14 runs, ImageNet-489 | Full available curve retained; registered_horizon and in_registered_plateau5_window identify the primary endpoint. Epoch observations are not independent seeds.",accuracy percent; epoch is the raw zero-based epoch index
in489g1,nodewise,nodewise,0,in489g1-nodewise-s0,35,45.86,42.13,S0067,80,false,"`in489g1`, 12 runs, ImageNet-489 | `in489g2`, 14 runs, ImageNet-489 | Full available curve retained; registered_horizon and in_registered_plateau5_window identify the primary endpoint. Epoch observations are not independent seeds.",accuracy percent; epoch is the raw zero-based epoch index
in489g1,nodewise,nodewise,0,in489g1-nodewise-s0,36,46.48,42.37,S0067,80,false,"`in489g1`, 12 runs, ImageNet-489 | `in489g2`, 14 runs, ImageNet-489 | Full available curve retained; registered_horizon and in_registered_plateau5_window identify the primary endpoint. Epoch observations are not independent seeds.",accuracy percent; epoch is the raw zero-based epoch index
in489g1,nodewise,nodewise,0,in489g1-nodewise-s0,37,46.43,42.64,S0067,80,false,"`in489g1`, 12 runs, ImageNet-489 | `in489g2`, 14 runs, ImageNet-489 | Full available curve retained; registered_horizon and in_registered_plateau5_window identify the primary endpoint. Epoch observations are not independent seeds.",accuracy percent; epoch is the raw zero-based epoch index
in489g1,nodewise,nodewise,0,in489g1-nodewise-s0,38,46.27,42.83,S0067,80,false,"`in489g1`, 12 runs, ImageNet-489 | `in489g2`, 14 runs, ImageNet-489 | Full available curve retained; registered_horizon and in_registered_plateau5_window identify the primary endpoint. Epoch observations are not independent seeds.",accuracy percent; epoch is the raw zero-based epoch index
in489g1,nodewise,nodewise,0,in489g1-nodewise-s0,39,46.99,43.12,S0067,80,false,"`in489g1`, 12 runs, ImageNet-489 | `in489g2`, 14 runs, ImageNet-489 | Full available curve retained; registered_horizon and in_registered_plateau5_window identify the primary endpoint. Epoch observations are not independent seeds.",accuracy percent; epoch is the raw zero-based epoch index
in489g1,nodewise,nodewise,0,in489g1-nodewise-s0,40,46.9,43.22,S0067,80,false,"`in489g1`, 12 runs, ImageNet-489 | `in489g2`, 14 runs, ImageNet-489 | Full available curve retained; registered_horizon and in_registered_plateau5_window identify the primary endpoint. Epoch observations are not independent seeds.",accuracy percent; epoch is the raw zero-based epoch index
in489g1,nodewise,nodewise,0,in489g1-nodewise-s0,41,47.43,43.41,S0067,80,false,"`in489g1`, 12 runs, ImageNet-489 | `in489g2`, 14 runs, ImageNet-489 | Full available curve retained; registered_horizon and in_registered_plateau5_window identify the primary endpoint. Epoch observations are not independent seeds.",accuracy percent; epoch is the raw zero-based epoch index
in489g1,nodewise,nodewise,0,in489g1-nodewise-s0,42,47.39,43.63,S0067,80,false,"`in489g1`, 12 runs, ImageNet-489 | `in489g2`, 14 runs, ImageNet-489 | Full available curve retained; registered_horizon and in_registered_plateau5_window identify the primary endpoint. Epoch observations are not independent seeds.",accuracy percent; epoch is the raw zero-based epoch index
in489g1,nodewise,nodewise,0,in489g1-nodewise-s0,43,47.69,43.88,S0067,80,false,"`in489g1`, 12 runs, ImageNet-489 | `in489g2`, 14 runs, ImageNet-489 | Full available curve retained; registered_horizon and in_registered_plateau5_window identify the primary endpoint. Epoch observations are not independent seeds.",accuracy percent; epoch is the raw zero-based epoch index
in489g1,nodewise,nodewise,0,in489g1-nodewise-s0,44,47.9,43.97,S0067,80,false,"`in489g1`, 12 runs, ImageNet-489 | `in489g2`, 14 runs, ImageNet-489 | Full available curve retained; registered_horizon and in_registered_plateau5_window identify the primary endpoint. Epoch observations are not independent seeds.",accuracy percent; epoch is the raw zero-based epoch index
in489g1,nodewise,nodewise,0,in489g1-nodewise-s0,45,47.55,44.18,S0067,80,false,"`in489g1`, 12 runs, ImageNet-489 | `in489g2`, 14 runs, ImageNet-489 | Full available curve retained; registered_horizon and in_registered_plateau5_window identify the primary endpoint. Epoch observations are not independent seeds.",accuracy percent; epoch is the raw zero-based epoch index
in489g1,nodewise,nodewise,0,in489g1-nodewise-s0,46,48.46,44.4,S0067,80,false,"`in489g1`, 12 runs, ImageNet-489 | `in489g2`, 14 runs, ImageNet-489 | Full available curve retained; registered_horizon and in_registered_plateau5_window identify the primary endpoint. Epoch observations are not independent seeds.",accuracy percent; epoch is the raw zero-based epoch index
in489g1,nodewise,nodewise,0,in489g1-nodewise-s0,47,48.61,44.53,S0067,80,false,"`in489g1`, 12 runs, ImageNet-489 | `in489g2`, 14 runs, ImageNet-489 | Full available curve retained; registered_horizon and in_registered_plateau5_window identify the primary endpoint. Epoch observations are not independent seeds.",accuracy percent; epoch is the raw zero-based epoch index
in489g1,nodewise,nodewise,0,in489g1-nodewise-s0,48,48.51,44.59,S0067,80,false,"`in489g1`, 12 runs, ImageNet-489 | `in489g2`, 14 runs, ImageNet-489 | Full available curve retained; registered_horizon and in_registered_plateau5_window identify the primary endpoint. Epoch observations are not independent seeds.",accuracy percent; epoch is the raw zero-based epoch index
in489g1,nodewise,nodewise,0,in489g1-nodewise-s0,49,48.51,44.76,S0067,80,false,"`in489g1`, 12 runs, ImageNet-489 | `in489g2`, 14 runs, ImageNet-489 | Full available curve retained; registered_horizon and in_registered_plateau5_window identify the primary endpoint. Epoch observations are not independent seeds.",accuracy percent; epoch is the raw zero-based epoch index
in489g1,nodewise,nodewise,0,in489g1-nodewise-s0,50,48.93,44.88,S0067,80,false,"`in489g1`, 12 runs, ImageNet-489 | `in489g2`, 14 runs, ImageNet-489 | Full available curve retained; registered_horizon and in_registered_plateau5_window identify the primary endpoint. Epoch observations are not independent seeds.",accuracy percent; epoch is the raw zero-based epoch index
in489g1,nodewise,nodewise,0,in489g1-nodewise-s0,51,48.72,45.12,S0067,80,false,"`in489g1`, 12 runs, ImageNet-489 | `in489g2`, 14 runs, ImageNet-489 | Full available curve retained; registered_horizon and in_registered_plateau5_window identify the primary endpoint. Epoch observations are not independent seeds.",accuracy percent; epoch is the raw zero-based epoch index
in489g1,nodewise,nodewise,0,in489g1-nodewise-s0,52,49.11,45.12,S0067,80,false,"`in489g1`, 12 runs, ImageNet-489 | `in489g2`, 14 runs, ImageNet-489 | Full available curve retained; registered_horizon and in_registered_plateau5_window identify the primary endpoint. Epoch observations are not independent seeds.",accuracy percent; epoch is the raw zero-based epoch index
in489g1,nodewise,nodewise,0,in489g1-nodewise-s0,53,49.28,45.32,S0067,80,false,"`in489g1`, 12 runs, ImageNet-489 | `in489g2`, 14 runs, ImageNet-489 | Full available curve retained; registered_horizon and in_registered_plateau5_window identify the primary endpoint. Epoch observations are not independent seeds.",accuracy percent; epoch is the raw zero-based epoch index
in489g1,nodewise,nodewise,0,in489g1-nodewise-s0,54,49.17,45.39,S0067,80,false,"`in489g1`, 12 runs, ImageNet-489 | `in489g2`, 14 runs, ImageNet-489 | Full available curve retained; registered_horizon and in_registered_plateau5_window identify the primary endpoint. Epoch observations are not independent seeds.",accuracy percent; epoch is the raw zero-based epoch index
in489g1,nodewise,nodewise,0,in489g1-nodewise-s0,55,49.16,45.63,S0067,80,false,"`in489g1`, 12 runs, ImageNet-489 | `in489g2`, 14 runs, ImageNet-489 | Full available curve retained; registered_horizon and in_registered_plateau5_window identify the primary endpoint. Epoch observations are not independent seeds.",accuracy percent; epoch is the raw zero-based epoch index
in489g1,nodewise,nodewise,0,in489g1-nodewise-s0,56,49.73,45.74,S0067,80,false,"`in489g1`, 12 runs, ImageNet-489 | `in489g2`, 14 runs, ImageNet-489 | Full available curve retained; registered_horizon and in_registered_plateau5_window identify the primary endpoint. Epoch observations are not independent seeds.",accuracy percent; epoch is the raw zero-based epoch index
in489g1,nodewise,nodewise,0,in489g1-nodewise-s0,57,49.61,45.84,S0067,80,false,"`in489g1`, 12 runs, ImageNet-489 | `in489g2`, 14 runs, ImageNet-489 | Full available curve retained; registered_horizon and in_registered_plateau5_window identify the primary endpoint. Epoch observations are not independent seeds.",accuracy percent; epoch is the raw zero-based epoch index
in489g1,nodewise,nodewise,0,in489g1-nodewise-s0,58,50.1,45.94,S0067,80,false,"`in489g1`, 12 runs, ImageNet-489 | `in489g2`, 14 runs, ImageNet-489 | Full available curve retained; registered_horizon and in_registered_plateau5_window identify the primary endpoint. Epoch observations are not independent seeds.",accuracy percent; epoch is the raw zero-based epoch index
in489g1,nodewise,nodewise,0,in489g1-nodewise-s0,59,50.01,46.11,S0067,80,false,"`in489g1`, 12 runs, ImageNet-489 | `in489g2`, 14 runs, ImageNet-489 | Full available curve retained; registered_horizon and in_registered_plateau5_window identify the primary endpoint. Epoch observations are not independent seeds.",accuracy percent; epoch is the raw zero-based epoch index
in489g1,nodewise,nodewise,0,in489g1-nodewise-s0,60,50.06,46.08,S0067,80,false,"`in489g1`, 12 runs, ImageNet-489 | `in489g2`, 14 runs, ImageNet-489 | Full available curve retained; registered_horizon and in_registered_plateau5_window identify the primary endpoint. Epoch observations are not independent seeds.",accuracy percent; epoch is the raw zero-based epoch index
in489g1,nodewise,nodewise,0,in489g1-nodewise-s0,61,50.46,46.23,S0067,80,false,"`in489g1`, 12 runs, ImageNet-489 | `in489g2`, 14 runs, ImageNet-489 | Full available curve retained; registered_horizon and in_registered_plateau5_window identify the primary endpoint. Epoch observations are not independent seeds.",accuracy percent; epoch is the raw zero-based epoch index
in489g1,nodewise,nodewise,0,in489g1-nodewise-s0,62,50.46,46.33,S0067,80,false,"`in489g1`, 12 runs, ImageNet-489 | `in489g2`, 14 runs, ImageNet-489 | Full available curve retained; registered_horizon and in_registered_plateau5_window identify the primary endpoint. Epoch observations are not independent seeds.",accuracy percent; epoch is the raw zero-based epoch index
in489g1,nodewise,nodewise,0,in489g1-nodewise-s0,63,50.43,46.4,S0067,80,false,"`in489g1`, 12 runs, ImageNet-489 | `in489g2`, 14 runs, ImageNet-489 | Full available curve retained; registered_horizon and in_registered_plateau5_window identify the primary endpoint. Epoch observations are not independent seeds.",accuracy percent; epoch is the raw zero-based epoch index
in489g1,nodewise,nodewise,0,in489g1-nodewise-s0,64,50.36,46.54,S0067,80,false,"`in489g1`, 12 runs, ImageNet-489 | `in489g2`, 14 runs, ImageNet-489 | Full available curve retained; registered_horizon and in_registered_plateau5_window identify the primary endpoint. Epoch observations are not independent seeds.",accuracy percent; epoch is the raw zero-based epoch index
in489g1,nodewise,nodewise,0,in489g1-nodewise-s0,65,50.55,46.68,S0067,80,false,"`in489g1`, 12 runs, ImageNet-489 | `in489g2`, 14 runs, ImageNet-489 | Full available curve retained; registered_horizon and in_registered_plateau5_window identify the primary endpoint. Epoch observations are not independent seeds.",accuracy percent; epoch is the raw zero-based epoch index
in489g1,nodewise,nodewise,0,in489g1-nodewise-s0,66,50.44,46.75,S0067,80,false,"`in489g1`, 12 runs, ImageNet-489 | `in489g2`, 14 runs, ImageNet-489 | Full available curve retained; registered_horizon and in_registered_plateau5_window identify the primary endpoint. Epoch observations are not independent seeds.",accuracy percent; epoch is the raw zero-based epoch index
in489g1,nodewise,nodewise,0,in489g1-nodewise-s0,67,50.39,46.72,S0067,80,false,"`in489g1`, 12 runs, ImageNet-489 | `in489g2`, 14 runs, ImageNet-489 | Full available curve retained; registered_horizon and in_registered_plateau5_window identify the primary endpoint. Epoch observations are not independent seeds.",accuracy percent; epoch is the raw zero-based epoch index
in489g1,nodewise,nodewise,0,in489g1-nodewise-s0,68,50.98,47,S0067,80,false,"`in489g1`, 12 runs, ImageNet-489 | `in489g2`, 14 runs, ImageNet-489 | Full available curve retained; registered_horizon and in_registered_plateau5_window identify the primary endpoint. Epoch observations are not independent seeds.",accuracy percent; epoch is the raw zero-based epoch index
in489g1,nodewise,nodewise,0,in489g1-nodewise-s0,69,50.83,46.96,S0067,80,false,"`in489g1`, 12 runs, ImageNet-489 | `in489g2`, 14 runs, ImageNet-489 | Full available curve retained; registered_horizon and in_registered_plateau5_window identify the primary endpoint. Epoch observations are not independent seeds.",accuracy percent; epoch is the raw zero-based epoch index
in489g1,nodewise,nodewise,0,in489g1-nodewise-s0,70,50.89,47.05,S0067,80,false,"`in489g1`, 12 runs, ImageNet-489 | `in489g2`, 14 runs, ImageNet-489 | Full available curve retained; registered_horizon and in_registered_plateau5_window identify the primary endpoint. Epoch observations are not independent seeds.",accuracy percent; epoch is the raw zero-based epoch index
in489g1,nodewise,nodewise,0,in489g1-nodewise-s0,71,50.85,47.12,S0067,80,false,"`in489g1`, 12 runs, ImageNet-489 | `in489g2`, 14 runs, ImageNet-489 | Full available curve retained; registered_horizon and in_registered_plateau5_window identify the primary endpoint. Epoch observations are not independent seeds.",accuracy percent; epoch is the raw zero-based epoch index
in489g1,nodewise,nodewise,0,in489g1-nodewise-s0,72,50.84,47.2,S0067,80,false,"`in489g1`, 12 runs, ImageNet-489 | `in489g2`, 14 runs, ImageNet-489 | Full available curve retained; registered_horizon and in_registered_plateau5_window identify the primary endpoint. Epoch observations are not independent seeds.",accuracy percent; epoch is the raw zero-based epoch index
in489g1,nodewise,nodewise,0,in489g1-nodewise-s0,73,51.24,47.25,S0067,80,false,"`in489g1`, 12 runs, ImageNet-489 | `in489g2`, 14 runs, ImageNet-489 | Full available curve retained; registered_horizon and in_registered_plateau5_window identify the primary endpoint. Epoch observations are not independent seeds.",accuracy percent; epoch is the raw zero-based epoch index
in489g1,nodewise,nodewise,0,in489g1-nodewise-s0,74,51.07,47.32,S0067,80,false,"`in489g1`, 12 runs, ImageNet-489 | `in489g2`, 14 runs, ImageNet-489 | Full available curve retained; registered_horizon and in_registered_plateau5_window identify the primary endpoint. Epoch observations are not independent seeds.",accuracy percent; epoch is the raw zero-based epoch index
in489g1,nodewise,nodewise,0,in489g1-nodewise-s0,75,51.27,47.47,S0067,80,true,"`in489g1`, 12 runs, ImageNet-489 | `in489g2`, 14 runs, ImageNet-489 | Full available curve retained; registered_horizon and in_registered_plateau5_window identify the primary endpoint. Epoch observations are not independent seeds.",accuracy percent; epoch is the raw zero-based epoch index
in489g1,nodewise,nodewise,0,in489g1-nodewise-s0,76,51.41,47.56,S0067,80,true,"`in489g1`, 12 runs, ImageNet-489 | `in489g2`, 14 runs, ImageNet-489 | Full available curve retained; registered_horizon and in_registered_plateau5_window identify the primary endpoint. Epoch observations are not independent seeds.",accuracy percent; epoch is the raw zero-based epoch index
in489g1,nodewise,nodewise,0,in489g1-nodewise-s0,77,51.49,47.62,S0067,80,true,"`in489g1`, 12 runs, ImageNet-489 | `in489g2`, 14 runs, ImageNet-489 | Full available curve retained; registered_horizon and in_registered_plateau5_window identify the primary endpoint. Epoch observations are not independent seeds.",accuracy percent; epoch is the raw zero-based epoch index
in489g1,nodewise,nodewise,0,in489g1-nodewise-s0,78,51.35,47.72,S0067,80,true,"`in489g1`, 12 runs, ImageNet-489 | `in489g2`, 14 runs, ImageNet-489 | Full available curve retained; registered_horizon and in_registered_plateau5_window identify the primary endpoint. Epoch observations are not independent seeds.",accuracy percent; epoch is the raw zero-based epoch index
in489g1,nodewise,nodewise,0,in489g1-nodewise-s0,79,51.43,47.65,S0067,80,true,"`in489g1`, 12 runs, ImageNet-489 | `in489g2`, 14 runs, ImageNet-489 | Full available curve retained; registered_horizon and in_registered_plateau5_window identify the primary endpoint. Epoch observations are not independent seeds.",accuracy percent; epoch is the raw zero-based epoch index
in489g1,nodewise,nodewise,0,in489g1-nodewise-s0,80,51.75,47.79,S0067,80,false,"`in489g1`, 12 runs, ImageNet-489 | `in489g2`, 14 runs, ImageNet-489 | Full available curve retained; registered_horizon and in_registered_plateau5_window identify the primary endpoint. Epoch observations are not independent seeds.",accuracy percent; epoch is the raw zero-based epoch index
in489g1,nodewise,nodewise,0,in489g1-nodewise-s0,81,51.58,47.83,S0067,80,false,"`in489g1`, 12 runs, ImageNet-489 | `in489g2`, 14 runs, ImageNet-489 | Full available curve retained; registered_horizon and in_registered_plateau5_window identify the primary endpoint. Epoch observations are not independent seeds.",accuracy percent; epoch is the raw zero-based epoch index
in489g1,nodewise,nodewise,0,in489g1-nodewise-s0,82,51.64,47.93,S0067,80,false,"`in489g1`, 12 runs, ImageNet-489 | `in489g2`, 14 runs, ImageNet-489 | Full available curve retained; registered_horizon and in_registered_plateau5_window identify the primary endpoint. Epoch observations are not independent seeds.",accuracy percent; epoch is the raw zero-based epoch index
in489g1,nodewise,nodewise,0,in489g1-nodewise-s0,83,51.78,47.89,S0067,80,false,"`in489g1`, 12 runs, ImageNet-489 | `in489g2`, 14 runs, ImageNet-489 | Full available curve retained; registered_horizon and in_registered_plateau5_window identify the primary endpoint. Epoch observations are not independent seeds.",accuracy percent; epoch is the raw zero-based epoch index
in489g1,nodewise,nodewise,1,in489g1-nodewise-s1,0,0.26,0.23,S0068,80,false,"`in489g1`, 12 runs, ImageNet-489 | `in489g2`, 14 runs, ImageNet-489 | Full available curve retained; registered_horizon and in_registered_plateau5_window identify the primary endpoint. Epoch observations are not independent seeds.",accuracy percent; epoch is the raw zero-based epoch index
in489g1,nodewise,nodewise,1,in489g1-nodewise-s1,1,0.25,0.23,S0068,80,false,"`in489g1`, 12 runs, ImageNet-489 | `in489g2`, 14 runs, ImageNet-489 | Full available curve retained; registered_horizon and in_registered_plateau5_window identify the primary endpoint. Epoch observations are not independent seeds.",accuracy percent; epoch is the raw zero-based epoch index
in489g1,nodewise,nodewise,1,in489g1-nodewise-s1,2,0.45,0.29,S0068,80,false,"`in489g1`, 12 runs, ImageNet-489 | `in489g2`, 14 runs, ImageNet-489 | Full available curve retained; registered_horizon and in_registered_plateau5_window identify the primary endpoint. Epoch observations are not independent seeds.",accuracy percent; epoch is the raw zero-based epoch index
in489g1,nodewise,nodewise,1,in489g1-nodewise-s1,3,2.27,1.09,S0068,80,false,"`in489g1`, 12 runs, ImageNet-489 | `in489g2`, 14 runs, ImageNet-489 | Full available curve retained; registered_horizon and in_registered_plateau5_window identify the primary endpoint. Epoch observations are not independent seeds.",accuracy percent; epoch is the raw zero-based epoch index
in489g1,nodewise,nodewise,1,in489g1-nodewise-s1,4,6.54,4.1,S0068,80,false,"`in489g1`, 12 runs, ImageNet-489 | `in489g2`, 14 runs, ImageNet-489 | Full available curve retained; registered_horizon and in_registered_plateau5_window identify the primary endpoint. Epoch observations are not independent seeds.",accuracy percent; epoch is the raw zero-based epoch index
in489g1,nodewise,nodewise,1,in489g1-nodewise-s1,5,12.13,9.22,S0068,80,false,"`in489g1`, 12 runs, ImageNet-489 | `in489g2`, 14 runs, ImageNet-489 | Full available curve retained; registered_horizon and in_registered_plateau5_window identify the primary endpoint. Epoch observations are not independent seeds.",accuracy percent; epoch is the raw zero-based epoch index
in489g1,nodewise,nodewise,1,in489g1-nodewise-s1,6,18.2,14.12,S0068,80,false,"`in489g1`, 12 runs, ImageNet-489 | `in489g2`, 14 runs, ImageNet-489 | Full available curve retained; registered_horizon and in_registered_plateau5_window identify the primary endpoint. Epoch observations are not independent seeds.",accuracy percent; epoch is the raw zero-based epoch index
in489g1,nodewise,nodewise,1,in489g1-nodewise-s1,7,21.49,17.92,S0068,80,false,"`in489g1`, 12 runs, ImageNet-489 | `in489g2`, 14 runs, ImageNet-489 | Full available curve retained; registered_horizon and in_registered_plateau5_window identify the primary endpoint. Epoch observations are not independent seeds.",accuracy percent; epoch is the raw zero-based epoch index
in489g1,nodewise,nodewise,1,in489g1-nodewise-s1,8,23.59,21.04,S0068,80,false,"`in489g1`, 12 runs, ImageNet-489 | `in489g2`, 14 runs, ImageNet-489 | Full available curve retained; registered_horizon and in_registered_plateau5_window identify the primary endpoint. Epoch observations are not independent seeds.",accuracy percent; epoch is the raw zero-based epoch index
in489g1,nodewise,nodewise,1,in489g1-nodewise-s1,9,26.74,23.61,S0068,80,false,"`in489g1`, 12 runs, ImageNet-489 | `in489g2`, 14 runs, ImageNet-489 | Full available curve retained; registered_horizon and in_registered_plateau5_window identify the primary endpoint. Epoch observations are not independent seeds.",accuracy percent; epoch is the raw zero-based epoch index
in489g1,nodewise,nodewise,1,in489g1-nodewise-s1,10,29.93,25.59,S0068,80,false,"`in489g1`, 12 runs, ImageNet-489 | `in489g2`, 14 runs, ImageNet-489 | Full available curve retained; registered_horizon and in_registered_plateau5_window identify the primary endpoint. Epoch observations are not independent seeds.",accuracy percent; epoch is the raw zero-based epoch index
in489g1,nodewise,nodewise,1,in489g1-nodewise-s1,11,31.3,27.39,S0068,80,false,"`in489g1`, 12 runs, ImageNet-489 | `in489g2`, 14 runs, ImageNet-489 | Full available curve retained; registered_horizon and in_registered_plateau5_window identify the primary endpoint. Epoch observations are not independent seeds.",accuracy percent; epoch is the raw zero-based epoch index
in489g1,nodewise,nodewise,1,in489g1-nodewise-s1,12,32.34,28.88,S0068,80,false,"`in489g1`, 12 runs, ImageNet-489 | `in489g2`, 14 runs, ImageNet-489 | Full available curve retained; registered_horizon and in_registered_plateau5_window identify the primary endpoint. Epoch observations are not independent seeds.",accuracy percent; epoch is the raw zero-based epoch index
in489g1,nodewise,nodewise,1,in489g1-nodewise-s1,13,33.42,30.3,S0068,80,false,"`in489g1`, 12 runs, ImageNet-489 | `in489g2`, 14 runs, ImageNet-489 | Full available curve retained; registered_horizon and in_registered_plateau5_window identify the primary endpoint. Epoch observations are not independent seeds.",accuracy percent; epoch is the raw zero-based epoch index
in489g1,nodewise,nodewise,1,in489g1-nodewise-s1,14,35.22,31.45,S0068,80,false,"`in489g1`, 12 runs, ImageNet-489 | `in489g2`, 14 runs, ImageNet-489 | Full available curve retained; registered_horizon and in_registered_plateau5_window identify the primary endpoint. Epoch observations are not independent seeds.",accuracy percent; epoch is the raw zero-based epoch index
in489g1,nodewise,nodewise,1,in489g1-nodewise-s1,15,35.97,32.44,S0068,80,false,"`in489g1`, 12 runs, ImageNet-489 | `in489g2`, 14 runs, ImageNet-489 | Full available curve retained; registered_horizon and in_registered_plateau5_window identify the primary endpoint. Epoch observations are not independent seeds.",accuracy percent; epoch is the raw zero-based epoch index
in489g1,nodewise,nodewise,1,in489g1-nodewise-s1,16,36.07,33.34,S0068,80,false,"`in489g1`, 12 runs, ImageNet-489 | `in489g2`, 14 runs, ImageNet-489 | Full available curve retained; registered_horizon and in_registered_plateau5_window identify the primary endpoint. Epoch observations are not independent seeds.",accuracy percent; epoch is the raw zero-based epoch index
in489g1,nodewise,nodewise,1,in489g1-nodewise-s1,17,37.95,34.28,S0068,80,false,"`in489g1`, 12 runs, ImageNet-489 | `in489g2`, 14 runs, ImageNet-489 | Full available curve retained; registered_horizon and in_registered_plateau5_window identify the primary endpoint. Epoch observations are not independent seeds.",accuracy percent; epoch is the raw zero-based epoch index
in489g1,nodewise,nodewise,1,in489g1-nodewise-s1,18,39.65,35.04,S0068,80,false,"`in489g1`, 12 runs, ImageNet-489 | `in489g2`, 14 runs, ImageNet-489 | Full available curve retained; registered_horizon and in_registered_plateau5_window identify the primary endpoint. Epoch observations are not independent seeds.",accuracy percent; epoch is the raw zero-based epoch index
in489g1,nodewise,nodewise,1,in489g1-nodewise-s1,19,39.21,35.77,S0068,80,false,"`in489g1`, 12 runs, ImageNet-489 | `in489g2`, 14 runs, ImageNet-489 | Full available curve retained; registered_horizon and in_registered_plateau5_window identify the primary endpoint. Epoch observations are not independent seeds.",accuracy percent; epoch is the raw zero-based epoch index
in489g1,nodewise,nodewise,1,in489g1-nodewise-s1,20,40.25,36.32,S0068,80,false,"`in489g1`, 12 runs, ImageNet-489 | `in489g2`, 14 runs, ImageNet-489 | Full available curve retained; registered_horizon and in_registered_plateau5_window identify the primary endpoint. Epoch observations are not independent seeds.",accuracy percent; epoch is the raw zero-based epoch index
in489g1,nodewise,nodewise,1,in489g1-nodewise-s1,21,40.64,36.95,S0068,80,false,"`in489g1`, 12 runs, ImageNet-489 | `in489g2`, 14 runs, ImageNet-489 | Full available curve retained; registered_horizon and in_registered_plateau5_window identify the primary endpoint. Epoch observations are not independent seeds.",accuracy percent; epoch is the raw zero-based epoch index
in489g1,nodewise,nodewise,1,in489g1-nodewise-s1,22,41.79,37.5,S0068,80,false,"`in489g1`, 12 runs, ImageNet-489 | `in489g2`, 14 runs, ImageNet-489 | Full available curve retained; registered_horizon and in_registered_plateau5_window identify the primary endpoint. Epoch observations are not independent seeds.",accuracy percent; epoch is the raw zero-based epoch index
in489g1,nodewise,nodewise,1,in489g1-nodewise-s1,23,42.13,37.93,S0068,80,false,"`in489g1`, 12 runs, ImageNet-489 | `in489g2`, 14 runs, ImageNet-489 | Full available curve retained; registered_horizon and in_registered_plateau5_window identify the primary endpoint. Epoch observations are not independent seeds.",accuracy percent; epoch is the raw zero-based epoch index
in489g1,nodewise,nodewise,1,in489g1-nodewise-s1,24,42.41,38.56,S0068,80,false,"`in489g1`, 12 runs, ImageNet-489 | `in489g2`, 14 runs, ImageNet-489 | Full available curve retained; registered_horizon and in_registered_plateau5_window identify the primary endpoint. Epoch observations are not independent seeds.",accuracy percent; epoch is the raw zero-based epoch index
in489g1,nodewise,nodewise,1,in489g1-nodewise-s1,25,43.1,38.93,S0068,80,false,"`in489g1`, 12 runs, ImageNet-489 | `in489g2`, 14 runs, ImageNet-489 | Full available curve retained; registered_horizon and in_registered_plateau5_window identify the primary endpoint. Epoch observations are not independent seeds.",accuracy percent; epoch is the raw zero-based epoch index
in489g1,nodewise,nodewise,1,in489g1-nodewise-s1,26,43.37,39.29,S0068,80,false,"`in489g1`, 12 runs, ImageNet-489 | `in489g2`, 14 runs, ImageNet-489 | Full available curve retained; registered_horizon and in_registered_plateau5_window identify the primary endpoint. Epoch observations are not independent seeds.",accuracy percent; epoch is the raw zero-based epoch index
in489g1,nodewise,nodewise,1,in489g1-nodewise-s1,27,44.16,39.79,S0068,80,false,"`in489g1`, 12 runs, ImageNet-489 | `in489g2`, 14 runs, ImageNet-489 | Full available curve retained; registered_horizon and in_registered_plateau5_window identify the primary endpoint. Epoch observations are not independent seeds.",accuracy percent; epoch is the raw zero-based epoch index
in489g1,nodewise,nodewise,1,in489g1-nodewise-s1,28,43.76,40.11,S0068,80,false,"`in489g1`, 12 runs, ImageNet-489 | `in489g2`, 14 runs, ImageNet-489 | Full available curve retained; registered_horizon and in_registered_plateau5_window identify the primary endpoint. Epoch observations are not independent seeds.",accuracy percent; epoch is the raw zero-based epoch index
in489g1,nodewise,nodewise,1,in489g1-nodewise-s1,29,44.4,40.52,S0068,80,false,"`in489g1`, 12 runs, ImageNet-489 | `in489g2`, 14 runs, ImageNet-489 | Full available curve retained; registered_horizon and in_registered_plateau5_window identify the primary endpoint. Epoch observations are not independent seeds.",accuracy percent; epoch is the raw zero-based epoch index
in489g1,nodewise,nodewise,1,in489g1-nodewise-s1,30,45.01,40.79,S0068,80,false,"`in489g1`, 12 runs, ImageNet-489 | `in489g2`, 14 runs, ImageNet-489 | Full available curve retained; registered_horizon and in_registered_plateau5_window identify the primary endpoint. Epoch observations are not independent seeds.",accuracy percent; epoch is the raw zero-based epoch index
in489g1,nodewise,nodewise,1,in489g1-nodewise-s1,31,45.14,41.05,S0068,80,false,"`in489g1`, 12 runs, ImageNet-489 | `in489g2`, 14 runs, ImageNet-489 | Full available curve retained; registered_horizon and in_registered_plateau5_window identify the primary endpoint. Epoch observations are not independent seeds.",accuracy percent; epoch is the raw zero-based epoch index
in489g1,nodewise,nodewise,1,in489g1-nodewise-s1,32,45.33,41.44,S0068,80,false,"`in489g1`, 12 runs, ImageNet-489 | `in489g2`, 14 runs, ImageNet-489 | Full available curve retained; registered_horizon and in_registered_plateau5_window identify the primary endpoint. Epoch observations are not independent seeds.",accuracy percent; epoch is the raw zero-based epoch index
in489g1,nodewise,nodewise,1,in489g1-nodewise-s1,33,45.69,41.73,S0068,80,false,"`in489g1`, 12 runs, ImageNet-489 | `in489g2`, 14 runs, ImageNet-489 | Full available curve retained; registered_horizon and in_registered_plateau5_window identify the primary endpoint. Epoch observations are not independent seeds.",accuracy percent; epoch is the raw zero-based epoch index
in489g1,nodewise,nodewise,1,in489g1-nodewise-s1,34,45.93,42.01,S0068,80,false,"`in489g1`, 12 runs, ImageNet-489 | `in489g2`, 14 runs, ImageNet-489 | Full available curve retained; registered_horizon and in_registered_plateau5_window identify the primary endpoint. Epoch observations are not independent seeds.",accuracy percent; epoch is the raw zero-based epoch index
in489g1,nodewise,nodewise,1,in489g1-nodewise-s1,35,46.29,42.32,S0068,80,false,"`in489g1`, 12 runs, ImageNet-489 | `in489g2`, 14 runs, ImageNet-489 | Full available curve retained; registered_horizon and in_registered_plateau5_window identify the primary endpoint. Epoch observations are not independent seeds.",accuracy percent; epoch is the raw zero-based epoch index
in489g1,nodewise,nodewise,1,in489g1-nodewise-s1,36,46.47,42.55,S0068,80,false,"`in489g1`, 12 runs, ImageNet-489 | `in489g2`, 14 runs, ImageNet-489 | Full available curve retained; registered_horizon and in_registered_plateau5_window identify the primary endpoint. Epoch observations are not independent seeds.",accuracy percent; epoch is the raw zero-based epoch index
in489g1,nodewise,nodewise,1,in489g1-nodewise-s1,37,47.03,42.76,S0068,80,false,"`in489g1`, 12 runs, ImageNet-489 | `in489g2`, 14 runs, ImageNet-489 | Full available curve retained; registered_horizon and in_registered_plateau5_window identify the primary endpoint. Epoch observations are not independent seeds.",accuracy percent; epoch is the raw zero-based epoch index
in489g1,nodewise,nodewise,1,in489g1-nodewise-s1,38,46.8,42.98,S0068,80,false,"`in489g1`, 12 runs, ImageNet-489 | `in489g2`, 14 runs, ImageNet-489 | Full available curve retained; registered_horizon and in_registered_plateau5_window identify the primary endpoint. Epoch observations are not independent seeds.",accuracy percent; epoch is the raw zero-based epoch index
in489g1,nodewise,nodewise,1,in489g1-nodewise-s1,39,46.96,43.22,S0068,80,false,"`in489g1`, 12 runs, ImageNet-489 | `in489g2`, 14 runs, ImageNet-489 | Full available curve retained; registered_horizon and in_registered_plateau5_window identify the primary endpoint. Epoch observations are not independent seeds.",accuracy percent; epoch is the raw zero-based epoch index
in489g1,nodewise,nodewise,1,in489g1-nodewise-s1,40,47.31,43.39,S0068,80,false,"`in489g1`, 12 runs, ImageNet-489 | `in489g2`, 14 runs, ImageNet-489 | Full available curve retained; registered_horizon and in_registered_plateau5_window identify the primary endpoint. Epoch observations are not independent seeds.",accuracy percent; epoch is the raw zero-based epoch index
in489g1,nodewise,nodewise,1,in489g1-nodewise-s1,41,47.39,43.65,S0068,80,false,"`in489g1`, 12 runs, ImageNet-489 | `in489g2`, 14 runs, ImageNet-489 | Full available curve retained; registered_horizon and in_registered_plateau5_window identify the primary endpoint. Epoch observations are not independent seeds.",accuracy percent; epoch is the raw zero-based epoch index
in489g1,nodewise,nodewise,1,in489g1-nodewise-s1,42,47.2,43.75,S0068,80,false,"`in489g1`, 12 runs, ImageNet-489 | `in489g2`, 14 runs, ImageNet-489 | Full available curve retained; registered_horizon and in_registered_plateau5_window identify the primary endpoint. Epoch observations are not independent seeds.",accuracy percent; epoch is the raw zero-based epoch index
in489g1,nodewise,nodewise,1,in489g1-nodewise-s1,43,47.62,43.98,S0068,80,false,"`in489g1`, 12 runs, ImageNet-489 | `in489g2`, 14 runs, ImageNet-489 | Full available curve retained; registered_horizon and in_registered_plateau5_window identify the primary endpoint. Epoch observations are not independent seeds.",accuracy percent; epoch is the raw zero-based epoch index
in489g1,nodewise,nodewise,1,in489g1-nodewise-s1,44,48.2,44.14,S0068,80,false,"`in489g1`, 12 runs, ImageNet-489 | `in489g2`, 14 runs, ImageNet-489 | Full available curve retained; registered_horizon and in_registered_plateau5_window identify the primary endpoint. Epoch observations are not independent seeds.",accuracy percent; epoch is the raw zero-based epoch index
in489g1,nodewise,nodewise,1,in489g1-nodewise-s1,45,48.35,44.35,S0068,80,false,"`in489g1`, 12 runs, ImageNet-489 | `in489g2`, 14 runs, ImageNet-489 | Full available curve retained; registered_horizon and in_registered_plateau5_window identify the primary endpoint. Epoch observations are not independent seeds.",accuracy percent; epoch is the raw zero-based epoch index
in489g1,nodewise,nodewise,1,in489g1-nodewise-s1,46,48.47,44.45,S0068,80,false,"`in489g1`, 12 runs, ImageNet-489 | `in489g2`, 14 runs, ImageNet-489 | Full available curve retained; registered_horizon and in_registered_plateau5_window identify the primary endpoint. Epoch observations are not independent seeds.",accuracy percent; epoch is the raw zero-based epoch index
in489g1,nodewise,nodewise,1,in489g1-nodewise-s1,47,48.62,44.66,S0068,80,false,"`in489g1`, 12 runs, ImageNet-489 | `in489g2`, 14 runs, ImageNet-489 | Full available curve retained; registered_horizon and in_registered_plateau5_window identify the primary endpoint. Epoch observations are not independent seeds.",accuracy percent; epoch is the raw zero-based epoch index
in489g1,nodewise,nodewise,1,in489g1-nodewise-s1,48,48.35,44.78,S0068,80,false,"`in489g1`, 12 runs, ImageNet-489 | `in489g2`, 14 runs, ImageNet-489 | Full available curve retained; registered_horizon and in_registered_plateau5_window identify the primary endpoint. Epoch observations are not independent seeds.",accuracy percent; epoch is the raw zero-based epoch index
in489g1,nodewise,nodewise,1,in489g1-nodewise-s1,49,48.57,44.94,S0068,80,false,"`in489g1`, 12 runs, ImageNet-489 | `in489g2`, 14 runs, ImageNet-489 | Full available curve retained; registered_horizon and in_registered_plateau5_window identify the primary endpoint. Epoch observations are not independent seeds.",accuracy percent; epoch is the raw zero-based epoch index
in489g1,nodewise,nodewise,1,in489g1-nodewise-s1,50,49.09,45.15,S0068,80,false,"`in489g1`, 12 runs, ImageNet-489 | `in489g2`, 14 runs, ImageNet-489 | Full available curve retained; registered_horizon and in_registered_plateau5_window identify the primary endpoint. Epoch observations are not independent seeds.",accuracy percent; epoch is the raw zero-based epoch index
in489g1,nodewise,nodewise,1,in489g1-nodewise-s1,51,49.42,45.28,S0068,80,false,"`in489g1`, 12 runs, ImageNet-489 | `in489g2`, 14 runs, ImageNet-489 | Full available curve retained; registered_horizon and in_registered_plateau5_window identify the primary endpoint. Epoch observations are not independent seeds.",accuracy percent; epoch is the raw zero-based epoch index
in489g1,nodewise,nodewise,1,in489g1-nodewise-s1,52,49.12,45.33,S0068,80,false,"`in489g1`, 12 runs, ImageNet-489 | `in489g2`, 14 runs, ImageNet-489 | Full available curve retained; registered_horizon and in_registered_plateau5_window identify the primary endpoint. Epoch observations are not independent seeds.",accuracy percent; epoch is the raw zero-based epoch index
in489g1,nodewise,nodewise,1,in489g1-nodewise-s1,53,49.39,45.58,S0068,80,false,"`in489g1`, 12 runs, ImageNet-489 | `in489g2`, 14 runs, ImageNet-489 | Full available curve retained; registered_horizon and in_registered_plateau5_window identify the primary endpoint. Epoch observations are not independent seeds.",accuracy percent; epoch is the raw zero-based epoch index
in489g1,nodewise,nodewise,1,in489g1-nodewise-s1,54,49.4,45.57,S0068,80,false,"`in489g1`, 12 runs, ImageNet-489 | `in489g2`, 14 runs, ImageNet-489 | Full available curve retained; registered_horizon and in_registered_plateau5_window identify the primary endpoint. Epoch observations are not independent seeds.",accuracy percent; epoch is the raw zero-based epoch index
in489g1,nodewise,nodewise,1,in489g1-nodewise-s1,55,49.23,45.7,S0068,80,false,"`in489g1`, 12 runs, ImageNet-489 | `in489g2`, 14 runs, ImageNet-489 | Full available curve retained; registered_horizon and in_registered_plateau5_window identify the primary endpoint. Epoch observations are not independent seeds.",accuracy percent; epoch is the raw zero-based epoch index
in489g1,nodewise,nodewise,1,in489g1-nodewise-s1,56,49.59,45.86,S0068,80,false,"`in489g1`, 12 runs, ImageNet-489 | `in489g2`, 14 runs, ImageNet-489 | Full available curve retained; registered_horizon and in_registered_plateau5_window identify the primary endpoint. Epoch observations are not independent seeds.",accuracy percent; epoch is the raw zero-based epoch index
in489g1,nodewise,nodewise,1,in489g1-nodewise-s1,57,50.51,45.9,S0068,80,false,"`in489g1`, 12 runs, ImageNet-489 | `in489g2`, 14 runs, ImageNet-489 | Full available curve retained; registered_horizon and in_registered_plateau5_window identify the primary endpoint. Epoch observations are not independent seeds.",accuracy percent; epoch is the raw zero-based epoch index
in489g1,nodewise,nodewise,1,in489g1-nodewise-s1,58,50.01,46.13,S0068,80,false,"`in489g1`, 12 runs, ImageNet-489 | `in489g2`, 14 runs, ImageNet-489 | Full available curve retained; registered_horizon and in_registered_plateau5_window identify the primary endpoint. Epoch observations are not independent seeds.",accuracy percent; epoch is the raw zero-based epoch index
in489g1,nodewise,nodewise,1,in489g1-nodewise-s1,59,50.32,46.24,S0068,80,false,"`in489g1`, 12 runs, ImageNet-489 | `in489g2`, 14 runs, ImageNet-489 | Full available curve retained; registered_horizon and in_registered_plateau5_window identify the primary endpoint. Epoch observations are not independent seeds.",accuracy percent; epoch is the raw zero-based epoch index
in489g1,nodewise,nodewise,1,in489g1-nodewise-s1,60,50.1,46.28,S0068,80,false,"`in489g1`, 12 runs, ImageNet-489 | `in489g2`, 14 runs, ImageNet-489 | Full available curve retained; registered_horizon and in_registered_plateau5_window identify the primary endpoint. Epoch observations are not independent seeds.",accuracy percent; epoch is the raw zero-based epoch index
in489g1,nodewise,nodewise,1,in489g1-nodewise-s1,61,50.55,46.39,S0068,80,false,"`in489g1`, 12 runs, ImageNet-489 | `in489g2`, 14 runs, ImageNet-489 | Full available curve retained; registered_horizon and in_registered_plateau5_window identify the primary endpoint. Epoch observations are not independent seeds.",accuracy percent; epoch is the raw zero-based epoch index
in489g1,nodewise,nodewise,1,in489g1-nodewise-s1,62,50.25,46.51,S0068,80,false,"`in489g1`, 12 runs, ImageNet-489 | `in489g2`, 14 runs, ImageNet-489 | Full available curve retained; registered_horizon and in_registered_plateau5_window identify the primary endpoint. Epoch observations are not independent seeds.",accuracy percent; epoch is the raw zero-based epoch index
in489g1,nodewise,nodewise,1,in489g1-nodewise-s1,63,50.67,46.61,S0068,80,false,"`in489g1`, 12 runs, ImageNet-489 | `in489g2`, 14 runs, ImageNet-489 | Full available curve retained; registered_horizon and in_registered_plateau5_window identify the primary endpoint. Epoch observations are not independent seeds.",accuracy percent; epoch is the raw zero-based epoch index
in489g1,nodewise,nodewise,1,in489g1-nodewise-s1,64,50.83,46.73,S0068,80,false,"`in489g1`, 12 runs, ImageNet-489 | `in489g2`, 14 runs, ImageNet-489 | Full available curve retained; registered_horizon and in_registered_plateau5_window identify the primary endpoint. Epoch observations are not independent seeds.",accuracy percent; epoch is the raw zero-based epoch index
in489g1,nodewise,nodewise,1,in489g1-nodewise-s1,65,50.39,46.79,S0068,80,false,"`in489g1`, 12 runs, ImageNet-489 | `in489g2`, 14 runs, ImageNet-489 | Full available curve retained; registered_horizon and in_registered_plateau5_window identify the primary endpoint. Epoch observations are not independent seeds.",accuracy percent; epoch is the raw zero-based epoch index
in489g1,nodewise,nodewise,1,in489g1-nodewise-s1,66,51.15,46.84,S0068,80,false,"`in489g1`, 12 runs, ImageNet-489 | `in489g2`, 14 runs, ImageNet-489 | Full available curve retained; registered_horizon and in_registered_plateau5_window identify the primary endpoint. Epoch observations are not independent seeds.",accuracy percent; epoch is the raw zero-based epoch index
in489g1,nodewise,nodewise,1,in489g1-nodewise-s1,67,50.95,47.03,S0068,80,false,"`in489g1`, 12 runs, ImageNet-489 | `in489g2`, 14 runs, ImageNet-489 | Full available curve retained; registered_horizon and in_registered_plateau5_window identify the primary endpoint. Epoch observations are not independent seeds.",accuracy percent; epoch is the raw zero-based epoch index
in489g1,nodewise,nodewise,1,in489g1-nodewise-s1,68,51.04,47.05,S0068,80,false,"`in489g1`, 12 runs, ImageNet-489 | `in489g2`, 14 runs, ImageNet-489 | Full available curve retained; registered_horizon and in_registered_plateau5_window identify the primary endpoint. Epoch observations are not independent seeds.",accuracy percent; epoch is the raw zero-based epoch index
in489g1,nodewise,nodewise,1,in489g1-nodewise-s1,69,50.83,47.17,S0068,80,false,"`in489g1`, 12 runs, ImageNet-489 | `in489g2`, 14 runs, ImageNet-489 | Full available curve retained; registered_horizon and in_registered_plateau5_window identify the primary endpoint. Epoch observations are not independent seeds.",accuracy percent; epoch is the raw zero-based epoch index
in489g1,nodewise,nodewise,1,in489g1-nodewise-s1,70,50.95,47.27,S0068,80,false,"`in489g1`, 12 runs, ImageNet-489 | `in489g2`, 14 runs, ImageNet-489 | Full available curve retained; registered_horizon and in_registered_plateau5_window identify the primary endpoint. Epoch observations are not independent seeds.",accuracy percent; epoch is the raw zero-based epoch index
in489g1,nodewise,nodewise,1,in489g1-nodewise-s1,71,51.16,47.3,S0068,80,false,"`in489g1`, 12 runs, ImageNet-489 | `in489g2`, 14 runs, ImageNet-489 | Full available curve retained; registered_horizon and in_registered_plateau5_window identify the primary endpoint. Epoch observations are not independent seeds.",accuracy percent; epoch is the raw zero-based epoch index
in489g1,nodewise,nodewise,1,in489g1-nodewise-s1,72,51.55,47.5,S0068,80,false,"`in489g1`, 12 runs, ImageNet-489 | `in489g2`, 14 runs, ImageNet-489 | Full available curve retained; registered_horizon and in_registered_plateau5_window identify the primary endpoint. Epoch observations are not independent seeds.",accuracy percent; epoch is the raw zero-based epoch index
in489g1,nodewise,nodewise,1,in489g1-nodewise-s1,73,51.56,47.44,S0068,80,false,"`in489g1`, 12 runs, ImageNet-489 | `in489g2`, 14 runs, ImageNet-489 | Full available curve retained; registered_horizon and in_registered_plateau5_window identify the primary endpoint. Epoch observations are not independent seeds.",accuracy percent; epoch is the raw zero-based epoch index
in489g1,nodewise,nodewise,1,in489g1-nodewise-s1,74,51.78,47.45,S0068,80,false,"`in489g1`, 12 runs, ImageNet-489 | `in489g2`, 14 runs, ImageNet-489 | Full available curve retained; registered_horizon and in_registered_plateau5_window identify the primary endpoint. Epoch observations are not independent seeds.",accuracy percent; epoch is the raw zero-based epoch index
in489g1,nodewise,nodewise,1,in489g1-nodewise-s1,75,51.55,47.64,S0068,80,true,"`in489g1`, 12 runs, ImageNet-489 | `in489g2`, 14 runs, ImageNet-489 | Full available curve retained; registered_horizon and in_registered_plateau5_window identify the primary endpoint. Epoch observations are not independent seeds.",accuracy percent; epoch is the raw zero-based epoch index
in489g1,nodewise,nodewise,1,in489g1-nodewise-s1,76,51.51,47.74,S0068,80,true,"`in489g1`, 12 runs, ImageNet-489 | `in489g2`, 14 runs, ImageNet-489 | Full available curve retained; registered_horizon and in_registered_plateau5_window identify the primary endpoint. Epoch observations are not independent seeds.",accuracy percent; epoch is the raw zero-based epoch index
in489g1,nodewise,nodewise,1,in489g1-nodewise-s1,77,51.48,47.76,S0068,80,true,"`in489g1`, 12 runs, ImageNet-489 | `in489g2`, 14 runs, ImageNet-489 | Full available curve retained; registered_horizon and in_registered_plateau5_window identify the primary endpoint. Epoch observations are not independent seeds.",accuracy percent; epoch is the raw zero-based epoch index
in489g1,nodewise,nodewise,1,in489g1-nodewise-s1,78,51.33,47.82,S0068,80,true,"`in489g1`, 12 runs, ImageNet-489 | `in489g2`, 14 runs, ImageNet-489 | Full available curve retained; registered_horizon and in_registered_plateau5_window identify the primary endpoint. Epoch observations are not independent seeds.",accuracy percent; epoch is the raw zero-based epoch index
in489g1,nodewise,nodewise,1,in489g1-nodewise-s1,79,51.93,48,S0068,80,true,"`in489g1`, 12 runs, ImageNet-489 | `in489g2`, 14 runs, ImageNet-489 | Full available curve retained; registered_horizon and in_registered_plateau5_window identify the primary endpoint. Epoch observations are not independent seeds.",accuracy percent; epoch is the raw zero-based epoch index
in489g1,nodewise,nodewise,1,in489g1-nodewise-s1,80,51.82,47.97,S0068,80,false,"`in489g1`, 12 runs, ImageNet-489 | `in489g2`, 14 runs, ImageNet-489 | Full available curve retained; registered_horizon and in_registered_plateau5_window identify the primary endpoint. Epoch observations are not independent seeds.",accuracy percent; epoch is the raw zero-based epoch index
in489g1,nodewise,nodewise,2,in489g1-nodewise-s2,0,0.28,0.24,S0069,80,false,"`in489g1`, 12 runs, ImageNet-489 | `in489g2`, 14 runs, ImageNet-489 | Full available curve retained; registered_horizon and in_registered_plateau5_window identify the primary endpoint. Epoch observations are not independent seeds.",accuracy percent; epoch is the raw zero-based epoch index
in489g1,nodewise,nodewise,2,in489g1-nodewise-s2,1,0.28,0.24,S0069,80,false,"`in489g1`, 12 runs, ImageNet-489 | `in489g2`, 14 runs, ImageNet-489 | Full available curve retained; registered_horizon and in_registered_plateau5_window identify the primary endpoint. Epoch observations are not independent seeds.",accuracy percent; epoch is the raw zero-based epoch index
in489g1,nodewise,nodewise,2,in489g1-nodewise-s2,2,0.27,0.28,S0069,80,false,"`in489g1`, 12 runs, ImageNet-489 | `in489g2`, 14 runs, ImageNet-489 | Full available curve retained; registered_horizon and in_registered_plateau5_window identify the primary endpoint. Epoch observations are not independent seeds.",accuracy percent; epoch is the raw zero-based epoch index
in489g1,nodewise,nodewise,2,in489g1-nodewise-s2,3,2.48,0.97,S0069,80,false,"`in489g1`, 12 runs, ImageNet-489 | `in489g2`, 14 runs, ImageNet-489 | Full available curve retained; registered_horizon and in_registered_plateau5_window identify the primary endpoint. Epoch observations are not independent seeds.",accuracy percent; epoch is the raw zero-based epoch index
in489g1,nodewise,nodewise,2,in489g1-nodewise-s2,4,6.81,4.32,S0069,80,false,"`in489g1`, 12 runs, ImageNet-489 | `in489g2`, 14 runs, ImageNet-489 | Full available curve retained; registered_horizon and in_registered_plateau5_window identify the primary endpoint. Epoch observations are not independent seeds.",accuracy percent; epoch is the raw zero-based epoch index
in489g1,nodewise,nodewise,2,in489g1-nodewise-s2,5,13.06,9.51,S0069,80,false,"`in489g1`, 12 runs, ImageNet-489 | `in489g2`, 14 runs, ImageNet-489 | Full available curve retained; registered_horizon and in_registered_plateau5_window identify the primary endpoint. Epoch observations are not independent seeds.",accuracy percent; epoch is the raw zero-based epoch index
in489g1,nodewise,nodewise,2,in489g1-nodewise-s2,6,16.83,14.31,S0069,80,false,"`in489g1`, 12 runs, ImageNet-489 | `in489g2`, 14 runs, ImageNet-489 | Full available curve retained; registered_horizon and in_registered_plateau5_window identify the primary endpoint. Epoch observations are not independent seeds.",accuracy percent; epoch is the raw zero-based epoch index
in489g1,nodewise,nodewise,2,in489g1-nodewise-s2,7,21.08,18.3,S0069,80,false,"`in489g1`, 12 runs, ImageNet-489 | `in489g2`, 14 runs, ImageNet-489 | Full available curve retained; registered_horizon and in_registered_plateau5_window identify the primary endpoint. Epoch observations are not independent seeds.",accuracy percent; epoch is the raw zero-based epoch index
in489g1,nodewise,nodewise,2,in489g1-nodewise-s2,8,25.13,21.34,S0069,80,false,"`in489g1`, 12 runs, ImageNet-489 | `in489g2`, 14 runs, ImageNet-489 | Full available curve retained; registered_horizon and in_registered_plateau5_window identify the primary endpoint. Epoch observations are not independent seeds.",accuracy percent; epoch is the raw zero-based epoch index
in489g1,nodewise,nodewise,2,in489g1-nodewise-s2,9,27.07,23.83,S0069,80,false,"`in489g1`, 12 runs, ImageNet-489 | `in489g2`, 14 runs, ImageNet-489 | Full available curve retained; registered_horizon and in_registered_plateau5_window identify the primary endpoint. Epoch observations are not independent seeds.",accuracy percent; epoch is the raw zero-based epoch index
in489g1,nodewise,nodewise,2,in489g1-nodewise-s2,10,29.62,25.97,S0069,80,false,"`in489g1`, 12 runs, ImageNet-489 | `in489g2`, 14 runs, ImageNet-489 | Full available curve retained; registered_horizon and in_registered_plateau5_window identify the primary endpoint. Epoch observations are not independent seeds.",accuracy percent; epoch is the raw zero-based epoch index
in489g1,nodewise,nodewise,2,in489g1-nodewise-s2,11,30.48,27.66,S0069,80,false,"`in489g1`, 12 runs, ImageNet-489 | `in489g2`, 14 runs, ImageNet-489 | Full available curve retained; registered_horizon and in_registered_plateau5_window identify the primary endpoint. Epoch observations are not independent seeds.",accuracy percent; epoch is the raw zero-based epoch index
in489g1,nodewise,nodewise,2,in489g1-nodewise-s2,12,32.43,29.11,S0069,80,false,"`in489g1`, 12 runs, ImageNet-489 | `in489g2`, 14 runs, ImageNet-489 | Full available curve retained; registered_horizon and in_registered_plateau5_window identify the primary endpoint. Epoch observations are not independent seeds.",accuracy percent; epoch is the raw zero-based epoch index
in489g1,nodewise,nodewise,2,in489g1-nodewise-s2,13,33.92,30.36,S0069,80,false,"`in489g1`, 12 runs, ImageNet-489 | `in489g2`, 14 runs, ImageNet-489 | Full available curve retained; registered_horizon and in_registered_plateau5_window identify the primary endpoint. Epoch observations are not independent seeds.",accuracy percent; epoch is the raw zero-based epoch index
in489g1,nodewise,nodewise,2,in489g1-nodewise-s2,14,35.18,31.36,S0069,80,false,"`in489g1`, 12 runs, ImageNet-489 | `in489g2`, 14 runs, ImageNet-489 | Full available curve retained; registered_horizon and in_registered_plateau5_window identify the primary endpoint. Epoch observations are not independent seeds.",accuracy percent; epoch is the raw zero-based epoch index
in489g1,nodewise,nodewise,2,in489g1-nodewise-s2,15,36.05,32.41,S0069,80,false,"`in489g1`, 12 runs, ImageNet-489 | `in489g2`, 14 runs, ImageNet-489 | Full available curve retained; registered_horizon and in_registered_plateau5_window identify the primary endpoint. Epoch observations are not independent seeds.",accuracy percent; epoch is the raw zero-based epoch index
in489g1,nodewise,nodewise,2,in489g1-nodewise-s2,16,36.83,33.33,S0069,80,false,"`in489g1`, 12 runs, ImageNet-489 | `in489g2`, 14 runs, ImageNet-489 | Full available curve retained; registered_horizon and in_registered_plateau5_window identify the primary endpoint. Epoch observations are not independent seeds.",accuracy percent; epoch is the raw zero-based epoch index
in489g1,nodewise,nodewise,2,in489g1-nodewise-s2,17,37.44,34.14,S0069,80,false,"`in489g1`, 12 runs, ImageNet-489 | `in489g2`, 14 runs, ImageNet-489 | Full available curve retained; registered_horizon and in_registered_plateau5_window identify the primary endpoint. Epoch observations are not independent seeds.",accuracy percent; epoch is the raw zero-based epoch index
in489g1,nodewise,nodewise,2,in489g1-nodewise-s2,18,38.86,34.86,S0069,80,false,"`in489g1`, 12 runs, ImageNet-489 | `in489g2`, 14 runs, ImageNet-489 | Full available curve retained; registered_horizon and in_registered_plateau5_window identify the primary endpoint. Epoch observations are not independent seeds.",accuracy percent; epoch is the raw zero-based epoch index
in489g1,nodewise,nodewise,2,in489g1-nodewise-s2,19,39.63,35.48,S0069,80,false,"`in489g1`, 12 runs, ImageNet-489 | `in489g2`, 14 runs, ImageNet-489 | Full available curve retained; registered_horizon and in_registered_plateau5_window identify the primary endpoint. Epoch observations are not independent seeds.",accuracy percent; epoch is the raw zero-based epoch index
in489g1,nodewise,nodewise,2,in489g1-nodewise-s2,20,40.11,36.22,S0069,80,false,"`in489g1`, 12 runs, ImageNet-489 | `in489g2`, 14 runs, ImageNet-489 | Full available curve retained; registered_horizon and in_registered_plateau5_window identify the primary endpoint. Epoch observations are not independent seeds.",accuracy percent; epoch is the raw zero-based epoch index
in489g1,nodewise,nodewise,2,in489g1-nodewise-s2,21,40.47,36.8,S0069,80,false,"`in489g1`, 12 runs, ImageNet-489 | `in489g2`, 14 runs, ImageNet-489 | Full available curve retained; registered_horizon and in_registered_plateau5_window identify the primary endpoint. Epoch observations are not independent seeds.",accuracy percent; epoch is the raw zero-based epoch index
in489g1,nodewise,nodewise,2,in489g1-nodewise-s2,22,40.46,37.25,S0069,80,false,"`in489g1`, 12 runs, ImageNet-489 | `in489g2`, 14 runs, ImageNet-489 | Full available curve retained; registered_horizon and in_registered_plateau5_window identify the primary endpoint. Epoch observations are not independent seeds.",accuracy percent; epoch is the raw zero-based epoch index
in489g1,nodewise,nodewise,2,in489g1-nodewise-s2,23,41.05,37.86,S0069,80,false,"`in489g1`, 12 runs, ImageNet-489 | `in489g2`, 14 runs, ImageNet-489 | Full available curve retained; registered_horizon and in_registered_plateau5_window identify the primary endpoint. Epoch observations are not independent seeds.",accuracy percent; epoch is the raw zero-based epoch index
in489g1,nodewise,nodewise,2,in489g1-nodewise-s2,24,41.94,38.31,S0069,80,false,"`in489g1`, 12 runs, ImageNet-489 | `in489g2`, 14 runs, ImageNet-489 | Full available curve retained; registered_horizon and in_registered_plateau5_window identify the primary endpoint. Epoch observations are not independent seeds.",accuracy percent; epoch is the raw zero-based epoch index
in489g1,nodewise,nodewise,2,in489g1-nodewise-s2,25,42.5,38.78,S0069,80,false,"`in489g1`, 12 runs, ImageNet-489 | `in489g2`, 14 runs, ImageNet-489 | Full available curve retained; registered_horizon and in_registered_plateau5_window identify the primary endpoint. Epoch observations are not independent seeds.",accuracy percent; epoch is the raw zero-based epoch index
in489g1,nodewise,nodewise,2,in489g1-nodewise-s2,26,42.91,39.06,S0069,80,false,"`in489g1`, 12 runs, ImageNet-489 | `in489g2`, 14 runs, ImageNet-489 | Full available curve retained; registered_horizon and in_registered_plateau5_window identify the primary endpoint. Epoch observations are not independent seeds.",accuracy percent; epoch is the raw zero-based epoch index
in489g1,nodewise,nodewise,2,in489g1-nodewise-s2,27,43.37,39.49,S0069,80,false,"`in489g1`, 12 runs, ImageNet-489 | `in489g2`, 14 runs, ImageNet-489 | Full available curve retained; registered_horizon and in_registered_plateau5_window identify the primary endpoint. Epoch observations are not independent seeds.",accuracy percent; epoch is the raw zero-based epoch index
in489g1,nodewise,nodewise,2,in489g1-nodewise-s2,28,43.85,39.88,S0069,80,false,"`in489g1`, 12 runs, ImageNet-489 | `in489g2`, 14 runs, ImageNet-489 | Full available curve retained; registered_horizon and in_registered_plateau5_window identify the primary endpoint. Epoch observations are not independent seeds.",accuracy percent; epoch is the raw zero-based epoch index
in489g1,nodewise,nodewise,2,in489g1-nodewise-s2,29,44.16,40.29,S0069,80,false,"`in489g1`, 12 runs, ImageNet-489 | `in489g2`, 14 runs, ImageNet-489 | Full available curve retained; registered_horizon and in_registered_plateau5_window identify the primary endpoint. Epoch observations are not independent seeds.",accuracy percent; epoch is the raw zero-based epoch index
in489g1,nodewise,nodewise,2,in489g1-nodewise-s2,30,44.47,40.57,S0069,80,false,"`in489g1`, 12 runs, ImageNet-489 | `in489g2`, 14 runs, ImageNet-489 | Full available curve retained; registered_horizon and in_registered_plateau5_window identify the primary endpoint. Epoch observations are not independent seeds.",accuracy percent; epoch is the raw zero-based epoch index
in489g1,nodewise,nodewise,2,in489g1-nodewise-s2,31,44.38,40.77,S0069,80,false,"`in489g1`, 12 runs, ImageNet-489 | `in489g2`, 14 runs, ImageNet-489 | Full available curve retained; registered_horizon and in_registered_plateau5_window identify the primary endpoint. Epoch observations are not independent seeds.",accuracy percent; epoch is the raw zero-based epoch index
in489g1,nodewise,nodewise,2,in489g1-nodewise-s2,32,44.97,41.17,S0069,80,false,"`in489g1`, 12 runs, ImageNet-489 | `in489g2`, 14 runs, ImageNet-489 | Full available curve retained; registered_horizon and in_registered_plateau5_window identify the primary endpoint. Epoch observations are not independent seeds.",accuracy percent; epoch is the raw zero-based epoch index
in489g1,nodewise,nodewise,2,in489g1-nodewise-s2,33,45.55,41.48,S0069,80,false,"`in489g1`, 12 runs, ImageNet-489 | `in489g2`, 14 runs, ImageNet-489 | Full available curve retained; registered_horizon and in_registered_plateau5_window identify the primary endpoint. Epoch observations are not independent seeds.",accuracy percent; epoch is the raw zero-based epoch index
in489g1,nodewise,nodewise,2,in489g1-nodewise-s2,34,45.83,41.68,S0069,80,false,"`in489g1`, 12 runs, ImageNet-489 | `in489g2`, 14 runs, ImageNet-489 | Full available curve retained; registered_horizon and in_registered_plateau5_window identify the primary endpoint. Epoch observations are not independent seeds.",accuracy percent; epoch is the raw zero-based epoch index
in489g1,nodewise,nodewise,2,in489g1-nodewise-s2,35,45.53,42.05,S0069,80,false,"`in489g1`, 12 runs, ImageNet-489 | `in489g2`, 14 runs, ImageNet-489 | Full available curve retained; registered_horizon and in_registered_plateau5_window identify the primary endpoint. Epoch observations are not independent seeds.",accuracy percent; epoch is the raw zero-based epoch index
in489g1,nodewise,nodewise,2,in489g1-nodewise-s2,36,46.24,42.18,S0069,80,false,"`in489g1`, 12 runs, ImageNet-489 | `in489g2`, 14 runs, ImageNet-489 | Full available curve retained; registered_horizon and in_registered_plateau5_window identify the primary endpoint. Epoch observations are not independent seeds.",accuracy percent; epoch is the raw zero-based epoch index
in489g1,nodewise,nodewise,2,in489g1-nodewise-s2,37,46.47,42.55,S0069,80,false,"`in489g1`, 12 runs, ImageNet-489 | `in489g2`, 14 runs, ImageNet-489 | Full available curve retained; registered_horizon and in_registered_plateau5_window identify the primary endpoint. Epoch observations are not independent seeds.",accuracy percent; epoch is the raw zero-based epoch index
in489g1,nodewise,nodewise,2,in489g1-nodewise-s2,38,45.98,42.75,S0069,80,false,"`in489g1`, 12 runs, ImageNet-489 | `in489g2`, 14 runs, ImageNet-489 | Full available curve retained; registered_horizon and in_registered_plateau5_window identify the primary endpoint. Epoch observations are not independent seeds.",accuracy percent; epoch is the raw zero-based epoch index
in489g1,nodewise,nodewise,2,in489g1-nodewise-s2,39,47.14,42.93,S0069,80,false,"`in489g1`, 12 runs, ImageNet-489 | `in489g2`, 14 runs, ImageNet-489 | Full available curve retained; registered_horizon and in_registered_plateau5_window identify the primary endpoint. Epoch observations are not independent seeds.",accuracy percent; epoch is the raw zero-based epoch index
in489g1,nodewise,nodewise,2,in489g1-nodewise-s2,40,47.17,43.04,S0069,80,false,"`in489g1`, 12 runs, ImageNet-489 | `in489g2`, 14 runs, ImageNet-489 | Full available curve retained; registered_horizon and in_registered_plateau5_window identify the primary endpoint. Epoch observations are not independent seeds.",accuracy percent; epoch is the raw zero-based epoch index
in489g1,nodewise,nodewise,2,in489g1-nodewise-s2,41,47.57,43.33,S0069,80,false,"`in489g1`, 12 runs, ImageNet-489 | `in489g2`, 14 runs, ImageNet-489 | Full available curve retained; registered_horizon and in_registered_plateau5_window identify the primary endpoint. Epoch observations are not independent seeds.",accuracy percent; epoch is the raw zero-based epoch index
in489g1,nodewise,nodewise,2,in489g1-nodewise-s2,42,47.83,43.42,S0069,80,false,"`in489g1`, 12 runs, ImageNet-489 | `in489g2`, 14 runs, ImageNet-489 | Full available curve retained; registered_horizon and in_registered_plateau5_window identify the primary endpoint. Epoch observations are not independent seeds.",accuracy percent; epoch is the raw zero-based epoch index
in489g1,nodewise,nodewise,2,in489g1-nodewise-s2,43,47.46,43.71,S0069,80,false,"`in489g1`, 12 runs, ImageNet-489 | `in489g2`, 14 runs, ImageNet-489 | Full available curve retained; registered_horizon and in_registered_plateau5_window identify the primary endpoint. Epoch observations are not independent seeds.",accuracy percent; epoch is the raw zero-based epoch index
in489g1,nodewise,nodewise,2,in489g1-nodewise-s2,44,47.92,43.81,S0069,80,false,"`in489g1`, 12 runs, ImageNet-489 | `in489g2`, 14 runs, ImageNet-489 | Full available curve retained; registered_horizon and in_registered_plateau5_window identify the primary endpoint. Epoch observations are not independent seeds.",accuracy percent; epoch is the raw zero-based epoch index
in489g1,nodewise,nodewise,2,in489g1-nodewise-s2,45,48.2,43.97,S0069,80,false,"`in489g1`, 12 runs, ImageNet-489 | `in489g2`, 14 runs, ImageNet-489 | Full available curve retained; registered_horizon and in_registered_plateau5_window identify the primary endpoint. Epoch observations are not independent seeds.",accuracy percent; epoch is the raw zero-based epoch index
in489g1,nodewise,nodewise,2,in489g1-nodewise-s2,46,48.2,44.1,S0069,80,false,"`in489g1`, 12 runs, ImageNet-489 | `in489g2`, 14 runs, ImageNet-489 | Full available curve retained; registered_horizon and in_registered_plateau5_window identify the primary endpoint. Epoch observations are not independent seeds.",accuracy percent; epoch is the raw zero-based epoch index
in489g1,nodewise,nodewise,2,in489g1-nodewise-s2,47,48.23,44.36,S0069,80,false,"`in489g1`, 12 runs, ImageNet-489 | `in489g2`, 14 runs, ImageNet-489 | Full available curve retained; registered_horizon and in_registered_plateau5_window identify the primary endpoint. Epoch observations are not independent seeds.",accuracy percent; epoch is the raw zero-based epoch index
in489g1,nodewise,nodewise,2,in489g1-nodewise-s2,48,48.36,44.59,S0069,80,false,"`in489g1`, 12 runs, ImageNet-489 | `in489g2`, 14 runs, ImageNet-489 | Full available curve retained; registered_horizon and in_registered_plateau5_window identify the primary endpoint. Epoch observations are not independent seeds.",accuracy percent; epoch is the raw zero-based epoch index
in489g1,nodewise,nodewise,2,in489g1-nodewise-s2,49,48.58,44.55,S0069,80,false,"`in489g1`, 12 runs, ImageNet-489 | `in489g2`, 14 runs, ImageNet-489 | Full available curve retained; registered_horizon and in_registered_plateau5_window identify the primary endpoint. Epoch observations are not independent seeds.",accuracy percent; epoch is the raw zero-based epoch index
in489g1,nodewise,nodewise,2,in489g1-nodewise-s2,50,48.75,44.76,S0069,80,false,"`in489g1`, 12 runs, ImageNet-489 | `in489g2`, 14 runs, ImageNet-489 | Full available curve retained; registered_horizon and in_registered_plateau5_window identify the primary endpoint. Epoch observations are not independent seeds.",accuracy percent; epoch is the raw zero-based epoch index
in489g1,nodewise,nodewise,2,in489g1-nodewise-s2,51,49.09,44.85,S0069,80,false,"`in489g1`, 12 runs, ImageNet-489 | `in489g2`, 14 runs, ImageNet-489 | Full available curve retained; registered_horizon and in_registered_plateau5_window identify the primary endpoint. Epoch observations are not independent seeds.",accuracy percent; epoch is the raw zero-based epoch index
in489g1,nodewise,nodewise,2,in489g1-nodewise-s2,52,49.05,45.1,S0069,80,false,"`in489g1`, 12 runs, ImageNet-489 | `in489g2`, 14 runs, ImageNet-489 | Full available curve retained; registered_horizon and in_registered_plateau5_window identify the primary endpoint. Epoch observations are not independent seeds.",accuracy percent; epoch is the raw zero-based epoch index
in489g1,nodewise,nodewise,2,in489g1-nodewise-s2,53,48.89,45.23,S0069,80,false,"`in489g1`, 12 runs, ImageNet-489 | `in489g2`, 14 runs, ImageNet-489 | Full available curve retained; registered_horizon and in_registered_plateau5_window identify the primary endpoint. Epoch observations are not independent seeds.",accuracy percent; epoch is the raw zero-based epoch index
in489g1,nodewise,nodewise,2,in489g1-nodewise-s2,54,49.46,45.29,S0069,80,false,"`in489g1`, 12 runs, ImageNet-489 | `in489g2`, 14 runs, ImageNet-489 | Full available curve retained; registered_horizon and in_registered_plateau5_window identify the primary endpoint. Epoch observations are not independent seeds.",accuracy percent; epoch is the raw zero-based epoch index
in489g1,nodewise,nodewise,2,in489g1-nodewise-s2,55,49.11,45.44,S0069,80,false,"`in489g1`, 12 runs, ImageNet-489 | `in489g2`, 14 runs, ImageNet-489 | Full available curve retained; registered_horizon and in_registered_plateau5_window identify the primary endpoint. Epoch observations are not independent seeds.",accuracy percent; epoch is the raw zero-based epoch index
in489g1,nodewise,nodewise,2,in489g1-nodewise-s2,56,49.47,45.59,S0069,80,false,"`in489g1`, 12 runs, ImageNet-489 | `in489g2`, 14 runs, ImageNet-489 | Full available curve retained; registered_horizon and in_registered_plateau5_window identify the primary endpoint. Epoch observations are not independent seeds.",accuracy percent; epoch is the raw zero-based epoch index
in489g1,nodewise,nodewise,2,in489g1-nodewise-s2,57,49.53,45.67,S0069,80,false,"`in489g1`, 12 runs, ImageNet-489 | `in489g2`, 14 runs, ImageNet-489 | Full available curve retained; registered_horizon and in_registered_plateau5_window identify the primary endpoint. Epoch observations are not independent seeds.",accuracy percent; epoch is the raw zero-based epoch index
in489g1,nodewise,nodewise,2,in489g1-nodewise-s2,58,49.12,45.91,S0069,80,false,"`in489g1`, 12 runs, ImageNet-489 | `in489g2`, 14 runs, ImageNet-489 | Full available curve retained; registered_horizon and in_registered_plateau5_window identify the primary endpoint. Epoch observations are not independent seeds.",accuracy percent; epoch is the raw zero-based epoch index
in489g1,nodewise,nodewise,2,in489g1-nodewise-s2,59,49.96,45.98,S0069,80,false,"`in489g1`, 12 runs, ImageNet-489 | `in489g2`, 14 runs, ImageNet-489 | Full available curve retained; registered_horizon and in_registered_plateau5_window identify the primary endpoint. Epoch observations are not independent seeds.",accuracy percent; epoch is the raw zero-based epoch index
in489g1,nodewise,nodewise,2,in489g1-nodewise-s2,60,49.53,46.05,S0069,80,false,"`in489g1`, 12 runs, ImageNet-489 | `in489g2`, 14 runs, ImageNet-489 | Full available curve retained; registered_horizon and in_registered_plateau5_window identify the primary endpoint. Epoch observations are not independent seeds.",accuracy percent; epoch is the raw zero-based epoch index
in489g1,nodewise,nodewise,2,in489g1-nodewise-s2,61,49.56,46.19,S0069,80,false,"`in489g1`, 12 runs, ImageNet-489 | `in489g2`, 14 runs, ImageNet-489 | Full available curve retained; registered_horizon and in_registered_plateau5_window identify the primary endpoint. Epoch observations are not independent seeds.",accuracy percent; epoch is the raw zero-based epoch index
in489g1,nodewise,nodewise,2,in489g1-nodewise-s2,62,49.86,46.25,S0069,80,false,"`in489g1`, 12 runs, ImageNet-489 | `in489g2`, 14 runs, ImageNet-489 | Full available curve retained; registered_horizon and in_registered_plateau5_window identify the primary endpoint. Epoch observations are not independent seeds.",accuracy percent; epoch is the raw zero-based epoch index
in489g1,nodewise,nodewise,2,in489g1-nodewise-s2,63,50.33,46.27,S0069,80,false,"`in489g1`, 12 runs, ImageNet-489 | `in489g2`, 14 runs, ImageNet-489 | Full available curve retained; registered_horizon and in_registered_plateau5_window identify the primary endpoint. Epoch observations are not independent seeds.",accuracy percent; epoch is the raw zero-based epoch index
in489g1,nodewise,nodewise,2,in489g1-nodewise-s2,64,50.11,46.43,S0069,80,false,"`in489g1`, 12 runs, ImageNet-489 | `in489g2`, 14 runs, ImageNet-489 | Full available curve retained; registered_horizon and in_registered_plateau5_window identify the primary endpoint. Epoch observations are not independent seeds.",accuracy percent; epoch is the raw zero-based epoch index
in489g1,nodewise,nodewise,2,in489g1-nodewise-s2,65,50.36,46.48,S0069,80,false,"`in489g1`, 12 runs, ImageNet-489 | `in489g2`, 14 runs, ImageNet-489 | Full available curve retained; registered_horizon and in_registered_plateau5_window identify the primary endpoint. Epoch observations are not independent seeds.",accuracy percent; epoch is the raw zero-based epoch index
in489g1,nodewise,nodewise,2,in489g1-nodewise-s2,66,50.31,46.66,S0069,80,false,"`in489g1`, 12 runs, ImageNet-489 | `in489g2`, 14 runs, ImageNet-489 | Full available curve retained; registered_horizon and in_registered_plateau5_window identify the primary endpoint. Epoch observations are not independent seeds.",accuracy percent; epoch is the raw zero-based epoch index
in489g1,nodewise,nodewise,2,in489g1-nodewise-s2,67,50.72,46.63,S0069,80,false,"`in489g1`, 12 runs, ImageNet-489 | `in489g2`, 14 runs, ImageNet-489 | Full available curve retained; registered_horizon and in_registered_plateau5_window identify the primary endpoint. Epoch observations are not independent seeds.",accuracy percent; epoch is the raw zero-based epoch index
in489g1,nodewise,nodewise,2,in489g1-nodewise-s2,68,50.75,46.84,S0069,80,false,"`in489g1`, 12 runs, ImageNet-489 | `in489g2`, 14 runs, ImageNet-489 | Full available curve retained; registered_horizon and in_registered_plateau5_window identify the primary endpoint. Epoch observations are not independent seeds.",accuracy percent; epoch is the raw zero-based epoch index
in489g1,nodewise,nodewise,2,in489g1-nodewise-s2,69,50.5,46.84,S0069,80,false,"`in489g1`, 12 runs, ImageNet-489 | `in489g2`, 14 runs, ImageNet-489 | Full available curve retained; registered_horizon and in_registered_plateau5_window identify the primary endpoint. Epoch observations are not independent seeds.",accuracy percent; epoch is the raw zero-based epoch index
in489g1,nodewise,nodewise,2,in489g1-nodewise-s2,70,50.67,46.95,S0069,80,false,"`in489g1`, 12 runs, ImageNet-489 | `in489g2`, 14 runs, ImageNet-489 | Full available curve retained; registered_horizon and in_registered_plateau5_window identify the primary endpoint. Epoch observations are not independent seeds.",accuracy percent; epoch is the raw zero-based epoch index
in489g1,nodewise,nodewise,2,in489g1-nodewise-s2,71,50.87,46.96,S0069,80,false,"`in489g1`, 12 runs, ImageNet-489 | `in489g2`, 14 runs, ImageNet-489 | Full available curve retained; registered_horizon and in_registered_plateau5_window identify the primary endpoint. Epoch observations are not independent seeds.",accuracy percent; epoch is the raw zero-based epoch index
in489g1,nodewise,nodewise,2,in489g1-nodewise-s2,72,50.82,47.09,S0069,80,false,"`in489g1`, 12 runs, ImageNet-489 | `in489g2`, 14 runs, ImageNet-489 | Full available curve retained; registered_horizon and in_registered_plateau5_window identify the primary endpoint. Epoch observations are not independent seeds.",accuracy percent; epoch is the raw zero-based epoch index
in489g1,nodewise,nodewise,2,in489g1-nodewise-s2,73,50.95,47.22,S0069,80,false,"`in489g1`, 12 runs, ImageNet-489 | `in489g2`, 14 runs, ImageNet-489 | Full available curve retained; registered_horizon and in_registered_plateau5_window identify the primary endpoint. Epoch observations are not independent seeds.",accuracy percent; epoch is the raw zero-based epoch index
in489g1,nodewise,nodewise,2,in489g1-nodewise-s2,74,51.27,47.26,S0069,80,false,"`in489g1`, 12 runs, ImageNet-489 | `in489g2`, 14 runs, ImageNet-489 | Full available curve retained; registered_horizon and in_registered_plateau5_window identify the primary endpoint. Epoch observations are not independent seeds.",accuracy percent; epoch is the raw zero-based epoch index
in489g1,nodewise,nodewise,2,in489g1-nodewise-s2,75,51.18,47.37,S0069,80,true,"`in489g1`, 12 runs, ImageNet-489 | `in489g2`, 14 runs, ImageNet-489 | Full available curve retained; registered_horizon and in_registered_plateau5_window identify the primary endpoint. Epoch observations are not independent seeds.",accuracy percent; epoch is the raw zero-based epoch index
in489g1,nodewise,nodewise,2,in489g1-nodewise-s2,76,51.11,47.36,S0069,80,true,"`in489g1`, 12 runs, ImageNet-489 | `in489g2`, 14 runs, ImageNet-489 | Full available curve retained; registered_horizon and in_registered_plateau5_window identify the primary endpoint. Epoch observations are not independent seeds.",accuracy percent; epoch is the raw zero-based epoch index
in489g1,nodewise,nodewise,2,in489g1-nodewise-s2,77,51.42,47.54,S0069,80,true,"`in489g1`, 12 runs, ImageNet-489 | `in489g2`, 14 runs, ImageNet-489 | Full available curve retained; registered_horizon and in_registered_plateau5_window identify the primary endpoint. Epoch observations are not independent seeds.",accuracy percent; epoch is the raw zero-based epoch index
in489g1,nodewise,nodewise,2,in489g1-nodewise-s2,78,50.93,47.55,S0069,80,true,"`in489g1`, 12 runs, ImageNet-489 | `in489g2`, 14 runs, ImageNet-489 | Full available curve retained; registered_horizon and in_registered_plateau5_window identify the primary endpoint. Epoch observations are not independent seeds.",accuracy percent; epoch is the raw zero-based epoch index
in489g1,nodewise,nodewise,2,in489g1-nodewise-s2,79,51.41,47.65,S0069,80,true,"`in489g1`, 12 runs, ImageNet-489 | `in489g2`, 14 runs, ImageNet-489 | Full available curve retained; registered_horizon and in_registered_plateau5_window identify the primary endpoint. Epoch observations are not independent seeds.",accuracy percent; epoch is the raw zero-based epoch index
in489g1,nodewise,nodewise,2,in489g1-nodewise-s2,80,51.24,47.75,S0069,80,false,"`in489g1`, 12 runs, ImageNet-489 | `in489g2`, 14 runs, ImageNet-489 | Full available curve retained; registered_horizon and in_registered_plateau5_window identify the primary endpoint. Epoch observations are not independent seeds.",accuracy percent; epoch is the raw zero-based epoch index
in489g1,nodewise,nodewise,2,in489g1-nodewise-s2,81,51.82,47.81,S0069,80,false,"`in489g1`, 12 runs, ImageNet-489 | `in489g2`, 14 runs, ImageNet-489 | Full available curve retained; registered_horizon and in_registered_plateau5_window identify the primary endpoint. Epoch observations are not independent seeds.",accuracy percent; epoch is the raw zero-based epoch index
in489g1,nodewise,nodewise,2,in489g1-nodewise-s2,82,51.4,47.83,S0069,80,false,"`in489g1`, 12 runs, ImageNet-489 | `in489g2`, 14 runs, ImageNet-489 | Full available curve retained; registered_horizon and in_registered_plateau5_window identify the primary endpoint. Epoch observations are not independent seeds.",accuracy percent; epoch is the raw zero-based epoch index
in489g1,nodewise,nodewise,2,in489g1-nodewise-s2,83,51.84,47.84,S0069,80,false,"`in489g1`, 12 runs, ImageNet-489 | `in489g2`, 14 runs, ImageNet-489 | Full available curve retained; registered_horizon and in_registered_plateau5_window identify the primary endpoint. Epoch observations are not independent seeds.",accuracy percent; epoch is the raw zero-based epoch index
in489g2,g01,g01,0,in489g2-g01-s0,0,0.27,0.27,S0070,84,false,"`in489g1`, 12 runs, ImageNet-489 | `in489g2`, 14 runs, ImageNet-489 | Full available curve retained; registered_horizon and in_registered_plateau5_window identify the primary endpoint. Epoch observations are not independent seeds.",accuracy percent; epoch is the raw zero-based epoch index
in489g2,g01,g01,0,in489g2-g01-s0,1,0.23,0.27,S0070,84,false,"`in489g1`, 12 runs, ImageNet-489 | `in489g2`, 14 runs, ImageNet-489 | Full available curve retained; registered_horizon and in_registered_plateau5_window identify the primary endpoint. Epoch observations are not independent seeds.",accuracy percent; epoch is the raw zero-based epoch index
in489g2,g01,g01,0,in489g2-g01-s0,2,0.61,0.34,S0070,84,false,"`in489g1`, 12 runs, ImageNet-489 | `in489g2`, 14 runs, ImageNet-489 | Full available curve retained; registered_horizon and in_registered_plateau5_window identify the primary endpoint. Epoch observations are not independent seeds.",accuracy percent; epoch is the raw zero-based epoch index
in489g2,g01,g01,0,in489g2-g01-s0,3,0.98,0.98,S0070,84,false,"`in489g1`, 12 runs, ImageNet-489 | `in489g2`, 14 runs, ImageNet-489 | Full available curve retained; registered_horizon and in_registered_plateau5_window identify the primary endpoint. Epoch observations are not independent seeds.",accuracy percent; epoch is the raw zero-based epoch index
in489g2,g01,g01,0,in489g2-g01-s0,4,0.92,0.91,S0070,84,false,"`in489g1`, 12 runs, ImageNet-489 | `in489g2`, 14 runs, ImageNet-489 | Full available curve retained; registered_horizon and in_registered_plateau5_window identify the primary endpoint. Epoch observations are not independent seeds.",accuracy percent; epoch is the raw zero-based epoch index
in489g2,g01,g01,0,in489g2-g01-s0,5,0.86,0.88,S0070,84,false,"`in489g1`, 12 runs, ImageNet-489 | `in489g2`, 14 runs, ImageNet-489 | Full available curve retained; registered_horizon and in_registered_plateau5_window identify the primary endpoint. Epoch observations are not independent seeds.",accuracy percent; epoch is the raw zero-based epoch index
in489g2,g01,g01,0,in489g2-g01-s0,6,0.85,0.87,S0070,84,false,"`in489g1`, 12 runs, ImageNet-489 | `in489g2`, 14 runs, ImageNet-489 | Full available curve retained; registered_horizon and in_registered_plateau5_window identify the primary endpoint. Epoch observations are not independent seeds.",accuracy percent; epoch is the raw zero-based epoch index
in489g2,g01,g01,0,in489g2-g01-s0,7,0.86,0.87,S0070,84,false,"`in489g1`, 12 runs, ImageNet-489 | `in489g2`, 14 runs, ImageNet-489 | Full available curve retained; registered_horizon and in_registered_plateau5_window identify the primary endpoint. Epoch observations are not independent seeds.",accuracy percent; epoch is the raw zero-based epoch index
in489g2,g01,g01,0,in489g2-g01-s0,8,0.85,0.87,S0070,84,false,"`in489g1`, 12 runs, ImageNet-489 | `in489g2`, 14 runs, ImageNet-489 | Full available curve retained; registered_horizon and in_registered_plateau5_window identify the primary endpoint. Epoch observations are not independent seeds.",accuracy percent; epoch is the raw zero-based epoch index
in489g2,g01,g01,0,in489g2-g01-s0,9,0.86,0.87,S0070,84,false,"`in489g1`, 12 runs, ImageNet-489 | `in489g2`, 14 runs, ImageNet-489 | Full available curve retained; registered_horizon and in_registered_plateau5_window identify the primary endpoint. Epoch observations are not independent seeds.",accuracy percent; epoch is the raw zero-based epoch index
in489g2,g01,g01,0,in489g2-g01-s0,10,0.86,0.87,S0070,84,false,"`in489g1`, 12 runs, ImageNet-489 | `in489g2`, 14 runs, ImageNet-489 | Full available curve retained; registered_horizon and in_registered_plateau5_window identify the primary endpoint. Epoch observations are not independent seeds.",accuracy percent; epoch is the raw zero-based epoch index
in489g2,g01,g01,0,in489g2-g01-s0,11,0.87,0.87,S0070,84,false,"`in489g1`, 12 runs, ImageNet-489 | `in489g2`, 14 runs, ImageNet-489 | Full available curve retained; registered_horizon and in_registered_plateau5_window identify the primary endpoint. Epoch observations are not independent seeds.",accuracy percent; epoch is the raw zero-based epoch index
in489g2,g01,g01,0,in489g2-g01-s0,12,0.86,0.87,S0070,84,false,"`in489g1`, 12 runs, ImageNet-489 | `in489g2`, 14 runs, ImageNet-489 | Full available curve retained; registered_horizon and in_registered_plateau5_window identify the primary endpoint. Epoch observations are not independent seeds.",accuracy percent; epoch is the raw zero-based epoch index
in489g2,g01,g01,0,in489g2-g01-s0,13,0.86,0.87,S0070,84,false,"`in489g1`, 12 runs, ImageNet-489 | `in489g2`, 14 runs, ImageNet-489 | Full available curve retained; registered_horizon and in_registered_plateau5_window identify the primary endpoint. Epoch observations are not independent seeds.",accuracy percent; epoch is the raw zero-based epoch index
in489g2,g01,g01,0,in489g2-g01-s0,14,0.86,0.87,S0070,84,false,"`in489g1`, 12 runs, ImageNet-489 | `in489g2`, 14 runs, ImageNet-489 | Full available curve retained; registered_horizon and in_registered_plateau5_window identify the primary endpoint. Epoch observations are not independent seeds.",accuracy percent; epoch is the raw zero-based epoch index
in489g2,g01,g01,0,in489g2-g01-s0,15,0.85,0.87,S0070,84,false,"`in489g1`, 12 runs, ImageNet-489 | `in489g2`, 14 runs, ImageNet-489 | Full available curve retained; registered_horizon and in_registered_plateau5_window identify the primary endpoint. Epoch observations are not independent seeds.",accuracy percent; epoch is the raw zero-based epoch index
in489g2,g01,g01,0,in489g2-g01-s0,16,0.85,0.87,S0070,84,false,"`in489g1`, 12 runs, ImageNet-489 | `in489g2`, 14 runs, ImageNet-489 | Full available curve retained; registered_horizon and in_registered_plateau5_window identify the primary endpoint. Epoch observations are not independent seeds.",accuracy percent; epoch is the raw zero-based epoch index
in489g2,g01,g01,0,in489g2-g01-s0,17,0.88,0.87,S0070,84,false,"`in489g1`, 12 runs, ImageNet-489 | `in489g2`, 14 runs, ImageNet-489 | Full available curve retained; registered_horizon and in_registered_plateau5_window identify the primary endpoint. Epoch observations are not independent seeds.",accuracy percent; epoch is the raw zero-based epoch index
in489g2,g01,g01,0,in489g2-g01-s0,18,0.87,0.87,S0070,84,false,"`in489g1`, 12 runs, ImageNet-489 | `in489g2`, 14 runs, ImageNet-489 | Full available curve retained; registered_horizon and in_registered_plateau5_window identify the primary endpoint. Epoch observations are not independent seeds.",accuracy percent; epoch is the raw zero-based epoch index
in489g2,g01,g01,0,in489g2-g01-s0,19,0.87,0.87,S0070,84,false,"`in489g1`, 12 runs, ImageNet-489 | `in489g2`, 14 runs, ImageNet-489 | Full available curve retained; registered_horizon and in_registered_plateau5_window identify the primary endpoint. Epoch observations are not independent seeds.",accuracy percent; epoch is the raw zero-based epoch index
in489g2,g01,g01,0,in489g2-g01-s0,20,0.88,0.87,S0070,84,false,"`in489g1`, 12 runs, ImageNet-489 | `in489g2`, 14 runs, ImageNet-489 | Full available curve retained; registered_horizon and in_registered_plateau5_window identify the primary endpoint. Epoch observations are not independent seeds.",accuracy percent; epoch is the raw zero-based epoch index
in489g2,g01,g01,0,in489g2-g01-s0,21,0.87,0.87,S0070,84,false,"`in489g1`, 12 runs, ImageNet-489 | `in489g2`, 14 runs, ImageNet-489 | Full available curve retained; registered_horizon and in_registered_plateau5_window identify the primary endpoint. Epoch observations are not independent seeds.",accuracy percent; epoch is the raw zero-based epoch index
in489g2,g01,g01,0,in489g2-g01-s0,22,0.85,0.87,S0070,84,false,"`in489g1`, 12 runs, ImageNet-489 | `in489g2`, 14 runs, ImageNet-489 | Full available curve retained; registered_horizon and in_registered_plateau5_window identify the primary endpoint. Epoch observations are not independent seeds.",accuracy percent; epoch is the raw zero-based epoch index
in489g2,g01,g01,0,in489g2-g01-s0,23,0.84,0.88,S0070,84,false,"`in489g1`, 12 runs, ImageNet-489 | `in489g2`, 14 runs, ImageNet-489 | Full available curve retained; registered_horizon and in_registered_plateau5_window identify the primary endpoint. Epoch observations are not independent seeds.",accuracy percent; epoch is the raw zero-based epoch index
in489g2,g01,g01,0,in489g2-g01-s0,24,0.87,0.87,S0070,84,false,"`in489g1`, 12 runs, ImageNet-489 | `in489g2`, 14 runs, ImageNet-489 | Full available curve retained; registered_horizon and in_registered_plateau5_window identify the primary endpoint. Epoch observations are not independent seeds.",accuracy percent; epoch is the raw zero-based epoch index
in489g2,g01,g01,0,in489g2-g01-s0,25,0.85,0.88,S0070,84,false,"`in489g1`, 12 runs, ImageNet-489 | `in489g2`, 14 runs, ImageNet-489 | Full available curve retained; registered_horizon and in_registered_plateau5_window identify the primary endpoint. Epoch observations are not independent seeds.",accuracy percent; epoch is the raw zero-based epoch index
in489g2,g01,g01,0,in489g2-g01-s0,26,0.85,0.87,S0070,84,false,"`in489g1`, 12 runs, ImageNet-489 | `in489g2`, 14 runs, ImageNet-489 | Full available curve retained; registered_horizon and in_registered_plateau5_window identify the primary endpoint. Epoch observations are not independent seeds.",accuracy percent; epoch is the raw zero-based epoch index
in489g2,g01,g01,0,in489g2-g01-s0,27,0.86,0.87,S0070,84,false,"`in489g1`, 12 runs, ImageNet-489 | `in489g2`, 14 runs, ImageNet-489 | Full available curve retained; registered_horizon and in_registered_plateau5_window identify the primary endpoint. Epoch observations are not independent seeds.",accuracy percent; epoch is the raw zero-based epoch index
in489g2,g01,g01,0,in489g2-g01-s0,28,0.85,0.87,S0070,84,false,"`in489g1`, 12 runs, ImageNet-489 | `in489g2`, 14 runs, ImageNet-489 | Full available curve retained; registered_horizon and in_registered_plateau5_window identify the primary endpoint. Epoch observations are not independent seeds.",accuracy percent; epoch is the raw zero-based epoch index
in489g2,g01,g01,0,in489g2-g01-s0,29,0.87,0.87,S0070,84,false,"`in489g1`, 12 runs, ImageNet-489 | `in489g2`, 14 runs, ImageNet-489 | Full available curve retained; registered_horizon and in_registered_plateau5_window identify the primary endpoint. Epoch observations are not independent seeds.",accuracy percent; epoch is the raw zero-based epoch index
in489g2,g01,g01,0,in489g2-g01-s0,30,0.86,0.87,S0070,84,false,"`in489g1`, 12 runs, ImageNet-489 | `in489g2`, 14 runs, ImageNet-489 | Full available curve retained; registered_horizon and in_registered_plateau5_window identify the primary endpoint. Epoch observations are not independent seeds.",accuracy percent; epoch is the raw zero-based epoch index
in489g2,g01,g01,0,in489g2-g01-s0,31,0.85,0.87,S0070,84,false,"`in489g1`, 12 runs, ImageNet-489 | `in489g2`, 14 runs, ImageNet-489 | Full available curve retained; registered_horizon and in_registered_plateau5_window identify the primary endpoint. Epoch observations are not independent seeds.",accuracy percent; epoch is the raw zero-based epoch index
in489g2,g01,g01,0,in489g2-g01-s0,32,0.86,0.87,S0070,84,false,"`in489g1`, 12 runs, ImageNet-489 | `in489g2`, 14 runs, ImageNet-489 | Full available curve retained; registered_horizon and in_registered_plateau5_window identify the primary endpoint. Epoch observations are not independent seeds.",accuracy percent; epoch is the raw zero-based epoch index
in489g2,g01,g01,0,in489g2-g01-s0,33,0.86,0.87,S0070,84,false,"`in489g1`, 12 runs, ImageNet-489 | `in489g2`, 14 runs, ImageNet-489 | Full available curve retained; registered_horizon and in_registered_plateau5_window identify the primary endpoint. Epoch observations are not independent seeds.",accuracy percent; epoch is the raw zero-based epoch index
in489g2,g01,g01,0,in489g2-g01-s0,34,0.85,0.87,S0070,84,false,"`in489g1`, 12 runs, ImageNet-489 | `in489g2`, 14 runs, ImageNet-489 | Full available curve retained; registered_horizon and in_registered_plateau5_window identify the primary endpoint. Epoch observations are not independent seeds.",accuracy percent; epoch is the raw zero-based epoch index
in489g2,g01,g01,0,in489g2-g01-s0,35,0.87,0.87,S0070,84,false,"`in489g1`, 12 runs, ImageNet-489 | `in489g2`, 14 runs, ImageNet-489 | Full available curve retained; registered_horizon and in_registered_plateau5_window identify the primary endpoint. Epoch observations are not independent seeds.",accuracy percent; epoch is the raw zero-based epoch index
in489g2,g01,g01,0,in489g2-g01-s0,36,0.86,0.86,S0070,84,false,"`in489g1`, 12 runs, ImageNet-489 | `in489g2`, 14 runs, ImageNet-489 | Full available curve retained; registered_horizon and in_registered_plateau5_window identify the primary endpoint. Epoch observations are not independent seeds.",accuracy percent; epoch is the raw zero-based epoch index
in489g2,g01,g01,0,in489g2-g01-s0,37,0.86,0.87,S0070,84,false,"`in489g1`, 12 runs, ImageNet-489 | `in489g2`, 14 runs, ImageNet-489 | Full available curve retained; registered_horizon and in_registered_plateau5_window identify the primary endpoint. Epoch observations are not independent seeds.",accuracy percent; epoch is the raw zero-based epoch index
in489g2,g01,g01,0,in489g2-g01-s0,38,0.84,0.88,S0070,84,false,"`in489g1`, 12 runs, ImageNet-489 | `in489g2`, 14 runs, ImageNet-489 | Full available curve retained; registered_horizon and in_registered_plateau5_window identify the primary endpoint. Epoch observations are not independent seeds.",accuracy percent; epoch is the raw zero-based epoch index
in489g2,g01,g01,0,in489g2-g01-s0,39,0.87,0.87,S0070,84,false,"`in489g1`, 12 runs, ImageNet-489 | `in489g2`, 14 runs, ImageNet-489 | Full available curve retained; registered_horizon and in_registered_plateau5_window identify the primary endpoint. Epoch observations are not independent seeds.",accuracy percent; epoch is the raw zero-based epoch index
in489g2,g01,g01,0,in489g2-g01-s0,40,0.87,0.87,S0070,84,false,"`in489g1`, 12 runs, ImageNet-489 | `in489g2`, 14 runs, ImageNet-489 | Full available curve retained; registered_horizon and in_registered_plateau5_window identify the primary endpoint. Epoch observations are not independent seeds.",accuracy percent; epoch is the raw zero-based epoch index
in489g2,g01,g01,0,in489g2-g01-s0,41,0.85,0.87,S0070,84,false,"`in489g1`, 12 runs, ImageNet-489 | `in489g2`, 14 runs, ImageNet-489 | Full available curve retained; registered_horizon and in_registered_plateau5_window identify the primary endpoint. Epoch observations are not independent seeds.",accuracy percent; epoch is the raw zero-based epoch index
in489g2,g01,g01,0,in489g2-g01-s0,42,0.85,0.87,S0070,84,false,"`in489g1`, 12 runs, ImageNet-489 | `in489g2`, 14 runs, ImageNet-489 | Full available curve retained; registered_horizon and in_registered_plateau5_window identify the primary endpoint. Epoch observations are not independent seeds.",accuracy percent; epoch is the raw zero-based epoch index
in489g2,g01,g01,0,in489g2-g01-s0,43,0.86,0.87,S0070,84,false,"`in489g1`, 12 runs, ImageNet-489 | `in489g2`, 14 runs, ImageNet-489 | Full available curve retained; registered_horizon and in_registered_plateau5_window identify the primary endpoint. Epoch observations are not independent seeds.",accuracy percent; epoch is the raw zero-based epoch index
in489g2,g01,g01,0,in489g2-g01-s0,44,0.85,0.87,S0070,84,false,"`in489g1`, 12 runs, ImageNet-489 | `in489g2`, 14 runs, ImageNet-489 | Full available curve retained; registered_horizon and in_registered_plateau5_window identify the primary endpoint. Epoch observations are not independent seeds.",accuracy percent; epoch is the raw zero-based epoch index
in489g2,g01,g01,0,in489g2-g01-s0,45,0.86,0.87,S0070,84,false,"`in489g1`, 12 runs, ImageNet-489 | `in489g2`, 14 runs, ImageNet-489 | Full available curve retained; registered_horizon and in_registered_plateau5_window identify the primary endpoint. Epoch observations are not independent seeds.",accuracy percent; epoch is the raw zero-based epoch index
in489g2,g01,g01,0,in489g2-g01-s0,46,0.86,0.86,S0070,84,false,"`in489g1`, 12 runs, ImageNet-489 | `in489g2`, 14 runs, ImageNet-489 | Full available curve retained; registered_horizon and in_registered_plateau5_window identify the primary endpoint. Epoch observations are not independent seeds.",accuracy percent; epoch is the raw zero-based epoch index
in489g2,g01,g01,0,in489g2-g01-s0,47,0.86,0.86,S0070,84,false,"`in489g1`, 12 runs, ImageNet-489 | `in489g2`, 14 runs, ImageNet-489 | Full available curve retained; registered_horizon and in_registered_plateau5_window identify the primary endpoint. Epoch observations are not independent seeds.",accuracy percent; epoch is the raw zero-based epoch index
in489g2,g01,g01,0,in489g2-g01-s0,48,0.86,0.88,S0070,84,false,"`in489g1`, 12 runs, ImageNet-489 | `in489g2`, 14 runs, ImageNet-489 | Full available curve retained; registered_horizon and in_registered_plateau5_window identify the primary endpoint. Epoch observations are not independent seeds.",accuracy percent; epoch is the raw zero-based epoch index
in489g2,g01,g01,0,in489g2-g01-s0,49,0.87,0.86,S0070,84,false,"`in489g1`, 12 runs, ImageNet-489 | `in489g2`, 14 runs, ImageNet-489 | Full available curve retained; registered_horizon and in_registered_plateau5_window identify the primary endpoint. Epoch observations are not independent seeds.",accuracy percent; epoch is the raw zero-based epoch index
in489g2,g01,g01,0,in489g2-g01-s0,50,0.86,0.87,S0070,84,false,"`in489g1`, 12 runs, ImageNet-489 | `in489g2`, 14 runs, ImageNet-489 | Full available curve retained; registered_horizon and in_registered_plateau5_window identify the primary endpoint. Epoch observations are not independent seeds.",accuracy percent; epoch is the raw zero-based epoch index
in489g2,g01,g01,0,in489g2-g01-s0,51,0.87,0.87,S0070,84,false,"`in489g1`, 12 runs, ImageNet-489 | `in489g2`, 14 runs, ImageNet-489 | Full available curve retained; registered_horizon and in_registered_plateau5_window identify the primary endpoint. Epoch observations are not independent seeds.",accuracy percent; epoch is the raw zero-based epoch index
in489g2,g01,g01,0,in489g2-g01-s0,52,0.86,0.86,S0070,84,false,"`in489g1`, 12 runs, ImageNet-489 | `in489g2`, 14 runs, ImageNet-489 | Full available curve retained; registered_horizon and in_registered_plateau5_window identify the primary endpoint. Epoch observations are not independent seeds.",accuracy percent; epoch is the raw zero-based epoch index
in489g2,g01,g01,0,in489g2-g01-s0,53,0.85,0.87,S0070,84,false,"`in489g1`, 12 runs, ImageNet-489 | `in489g2`, 14 runs, ImageNet-489 | Full available curve retained; registered_horizon and in_registered_plateau5_window identify the primary endpoint. Epoch observations are not independent seeds.",accuracy percent; epoch is the raw zero-based epoch index
in489g2,g01,g01,0,in489g2-g01-s0,54,0.86,0.87,S0070,84,false,"`in489g1`, 12 runs, ImageNet-489 | `in489g2`, 14 runs, ImageNet-489 | Full available curve retained; registered_horizon and in_registered_plateau5_window identify the primary endpoint. Epoch observations are not independent seeds.",accuracy percent; epoch is the raw zero-based epoch index
in489g2,g01,g01,0,in489g2-g01-s0,55,0.88,0.88,S0070,84,false,"`in489g1`, 12 runs, ImageNet-489 | `in489g2`, 14 runs, ImageNet-489 | Full available curve retained; registered_horizon and in_registered_plateau5_window identify the primary endpoint. Epoch observations are not independent seeds.",accuracy percent; epoch is the raw zero-based epoch index
in489g2,g01,g01,0,in489g2-g01-s0,56,0.85,0.88,S0070,84,false,"`in489g1`, 12 runs, ImageNet-489 | `in489g2`, 14 runs, ImageNet-489 | Full available curve retained; registered_horizon and in_registered_plateau5_window identify the primary endpoint. Epoch observations are not independent seeds.",accuracy percent; epoch is the raw zero-based epoch index
in489g2,g01,g01,0,in489g2-g01-s0,57,0.85,0.87,S0070,84,false,"`in489g1`, 12 runs, ImageNet-489 | `in489g2`, 14 runs, ImageNet-489 | Full available curve retained; registered_horizon and in_registered_plateau5_window identify the primary endpoint. Epoch observations are not independent seeds.",accuracy percent; epoch is the raw zero-based epoch index
in489g2,g01,g01,0,in489g2-g01-s0,58,0.86,0.87,S0070,84,false,"`in489g1`, 12 runs, ImageNet-489 | `in489g2`, 14 runs, ImageNet-489 | Full available curve retained; registered_horizon and in_registered_plateau5_window identify the primary endpoint. Epoch observations are not independent seeds.",accuracy percent; epoch is the raw zero-based epoch index
in489g2,g01,g01,0,in489g2-g01-s0,59,0.87,0.87,S0070,84,false,"`in489g1`, 12 runs, ImageNet-489 | `in489g2`, 14 runs, ImageNet-489 | Full available curve retained; registered_horizon and in_registered_plateau5_window identify the primary endpoint. Epoch observations are not independent seeds.",accuracy percent; epoch is the raw zero-based epoch index
in489g2,g01,g01,0,in489g2-g01-s0,60,0.87,0.87,S0070,84,false,"`in489g1`, 12 runs, ImageNet-489 | `in489g2`, 14 runs, ImageNet-489 | Full available curve retained; registered_horizon and in_registered_plateau5_window identify the primary endpoint. Epoch observations are not independent seeds.",accuracy percent; epoch is the raw zero-based epoch index
in489g2,g01,g01,0,in489g2-g01-s0,61,0.85,0.88,S0070,84,false,"`in489g1`, 12 runs, ImageNet-489 | `in489g2`, 14 runs, ImageNet-489 | Full available curve retained; registered_horizon and in_registered_plateau5_window identify the primary endpoint. Epoch observations are not independent seeds.",accuracy percent; epoch is the raw zero-based epoch index
in489g2,g01,g01,0,in489g2-g01-s0,62,0.87,0.88,S0070,84,false,"`in489g1`, 12 runs, ImageNet-489 | `in489g2`, 14 runs, ImageNet-489 | Full available curve retained; registered_horizon and in_registered_plateau5_window identify the primary endpoint. Epoch observations are not independent seeds.",accuracy percent; epoch is the raw zero-based epoch index
in489g2,g01,g01,0,in489g2-g01-s0,63,0.86,0.87,S0070,84,false,"`in489g1`, 12 runs, ImageNet-489 | `in489g2`, 14 runs, ImageNet-489 | Full available curve retained; registered_horizon and in_registered_plateau5_window identify the primary endpoint. Epoch observations are not independent seeds.",accuracy percent; epoch is the raw zero-based epoch index
in489g2,g01,g01,0,in489g2-g01-s0,64,0.86,0.87,S0070,84,false,"`in489g1`, 12 runs, ImageNet-489 | `in489g2`, 14 runs, ImageNet-489 | Full available curve retained; registered_horizon and in_registered_plateau5_window identify the primary endpoint. Epoch observations are not independent seeds.",accuracy percent; epoch is the raw zero-based epoch index
in489g2,g01,g01,0,in489g2-g01-s0,65,0.88,0.87,S0070,84,false,"`in489g1`, 12 runs, ImageNet-489 | `in489g2`, 14 runs, ImageNet-489 | Full available curve retained; registered_horizon and in_registered_plateau5_window identify the primary endpoint. Epoch observations are not independent seeds.",accuracy percent; epoch is the raw zero-based epoch index
in489g2,g01,g01,0,in489g2-g01-s0,66,0.86,0.88,S0070,84,false,"`in489g1`, 12 runs, ImageNet-489 | `in489g2`, 14 runs, ImageNet-489 | Full available curve retained; registered_horizon and in_registered_plateau5_window identify the primary endpoint. Epoch observations are not independent seeds.",accuracy percent; epoch is the raw zero-based epoch index
in489g2,g01,g01,0,in489g2-g01-s0,67,0.86,0.87,S0070,84,false,"`in489g1`, 12 runs, ImageNet-489 | `in489g2`, 14 runs, ImageNet-489 | Full available curve retained; registered_horizon and in_registered_plateau5_window identify the primary endpoint. Epoch observations are not independent seeds.",accuracy percent; epoch is the raw zero-based epoch index
in489g2,g01,g01,0,in489g2-g01-s0,68,0.85,0.87,S0070,84,false,"`in489g1`, 12 runs, ImageNet-489 | `in489g2`, 14 runs, ImageNet-489 | Full available curve retained; registered_horizon and in_registered_plateau5_window identify the primary endpoint. Epoch observations are not independent seeds.",accuracy percent; epoch is the raw zero-based epoch index
in489g2,g01,g01,0,in489g2-g01-s0,69,0.86,0.88,S0070,84,false,"`in489g1`, 12 runs, ImageNet-489 | `in489g2`, 14 runs, ImageNet-489 | Full available curve retained; registered_horizon and in_registered_plateau5_window identify the primary endpoint. Epoch observations are not independent seeds.",accuracy percent; epoch is the raw zero-based epoch index
in489g2,g01,g01,0,in489g2-g01-s0,70,0.87,0.87,S0070,84,false,"`in489g1`, 12 runs, ImageNet-489 | `in489g2`, 14 runs, ImageNet-489 | Full available curve retained; registered_horizon and in_registered_plateau5_window identify the primary endpoint. Epoch observations are not independent seeds.",accuracy percent; epoch is the raw zero-based epoch index
in489g2,g01,g01,0,in489g2-g01-s0,71,0.86,0.87,S0070,84,false,"`in489g1`, 12 runs, ImageNet-489 | `in489g2`, 14 runs, ImageNet-489 | Full available curve retained; registered_horizon and in_registered_plateau5_window identify the primary endpoint. Epoch observations are not independent seeds.",accuracy percent; epoch is the raw zero-based epoch index
in489g2,g01,g01,0,in489g2-g01-s0,72,0.85,0.87,S0070,84,false,"`in489g1`, 12 runs, ImageNet-489 | `in489g2`, 14 runs, ImageNet-489 | Full available curve retained; registered_horizon and in_registered_plateau5_window identify the primary endpoint. Epoch observations are not independent seeds.",accuracy percent; epoch is the raw zero-based epoch index
in489g2,g01,g01,0,in489g2-g01-s0,73,0.86,0.87,S0070,84,false,"`in489g1`, 12 runs, ImageNet-489 | `in489g2`, 14 runs, ImageNet-489 | Full available curve retained; registered_horizon and in_registered_plateau5_window identify the primary endpoint. Epoch observations are not independent seeds.",accuracy percent; epoch is the raw zero-based epoch index
in489g2,g01,g01,0,in489g2-g01-s0,74,0.87,0.87,S0070,84,false,"`in489g1`, 12 runs, ImageNet-489 | `in489g2`, 14 runs, ImageNet-489 | Full available curve retained; registered_horizon and in_registered_plateau5_window identify the primary endpoint. Epoch observations are not independent seeds.",accuracy percent; epoch is the raw zero-based epoch index
in489g2,g01,g01,0,in489g2-g01-s0,75,0.85,0.88,S0070,84,false,"`in489g1`, 12 runs, ImageNet-489 | `in489g2`, 14 runs, ImageNet-489 | Full available curve retained; registered_horizon and in_registered_plateau5_window identify the primary endpoint. Epoch observations are not independent seeds.",accuracy percent; epoch is the raw zero-based epoch index
in489g2,g01,g01,0,in489g2-g01-s0,76,0.87,0.87,S0070,84,false,"`in489g1`, 12 runs, ImageNet-489 | `in489g2`, 14 runs, ImageNet-489 | Full available curve retained; registered_horizon and in_registered_plateau5_window identify the primary endpoint. Epoch observations are not independent seeds.",accuracy percent; epoch is the raw zero-based epoch index
in489g2,g01,g01,0,in489g2-g01-s0,77,0.86,0.88,S0070,84,false,"`in489g1`, 12 runs, ImageNet-489 | `in489g2`, 14 runs, ImageNet-489 | Full available curve retained; registered_horizon and in_registered_plateau5_window identify the primary endpoint. Epoch observations are not independent seeds.",accuracy percent; epoch is the raw zero-based epoch index
in489g2,g01,g01,0,in489g2-g01-s0,78,0.85,0.87,S0070,84,false,"`in489g1`, 12 runs, ImageNet-489 | `in489g2`, 14 runs, ImageNet-489 | Full available curve retained; registered_horizon and in_registered_plateau5_window identify the primary endpoint. Epoch observations are not independent seeds.",accuracy percent; epoch is the raw zero-based epoch index
in489g2,g01,g01,0,in489g2-g01-s0,79,0.87,0.88,S0070,84,true,"`in489g1`, 12 runs, ImageNet-489 | `in489g2`, 14 runs, ImageNet-489 | Full available curve retained; registered_horizon and in_registered_plateau5_window identify the primary endpoint. Epoch observations are not independent seeds.",accuracy percent; epoch is the raw zero-based epoch index
in489g2,g01,g01,0,in489g2-g01-s0,80,0.88,0.88,S0070,84,true,"`in489g1`, 12 runs, ImageNet-489 | `in489g2`, 14 runs, ImageNet-489 | Full available curve retained; registered_horizon and in_registered_plateau5_window identify the primary endpoint. Epoch observations are not independent seeds.",accuracy percent; epoch is the raw zero-based epoch index
in489g2,g01,g01,0,in489g2-g01-s0,81,0.87,0.87,S0070,84,true,"`in489g1`, 12 runs, ImageNet-489 | `in489g2`, 14 runs, ImageNet-489 | Full available curve retained; registered_horizon and in_registered_plateau5_window identify the primary endpoint. Epoch observations are not independent seeds.",accuracy percent; epoch is the raw zero-based epoch index
in489g2,g01,g01,0,in489g2-g01-s0,82,0.86,0.86,S0070,84,true,"`in489g1`, 12 runs, ImageNet-489 | `in489g2`, 14 runs, ImageNet-489 | Full available curve retained; registered_horizon and in_registered_plateau5_window identify the primary endpoint. Epoch observations are not independent seeds.",accuracy percent; epoch is the raw zero-based epoch index
in489g2,g01,g01,0,in489g2-g01-s0,83,0.86,0.87,S0070,84,true,"`in489g1`, 12 runs, ImageNet-489 | `in489g2`, 14 runs, ImageNet-489 | Full available curve retained; registered_horizon and in_registered_plateau5_window identify the primary endpoint. Epoch observations are not independent seeds.",accuracy percent; epoch is the raw zero-based epoch index
in489g2,g01,g01,1,in489g2-g01-s1,0,0.27,0.23,S0071,84,false,"`in489g1`, 12 runs, ImageNet-489 | `in489g2`, 14 runs, ImageNet-489 | Full available curve retained; registered_horizon and in_registered_plateau5_window identify the primary endpoint. Epoch observations are not independent seeds.",accuracy percent; epoch is the raw zero-based epoch index
in489g2,g01,g01,1,in489g2-g01-s1,1,0.26,0.22,S0071,84,false,"`in489g1`, 12 runs, ImageNet-489 | `in489g2`, 14 runs, ImageNet-489 | Full available curve retained; registered_horizon and in_registered_plateau5_window identify the primary endpoint. Epoch observations are not independent seeds.",accuracy percent; epoch is the raw zero-based epoch index
in489g2,g01,g01,1,in489g2-g01-s1,2,0.53,0.31,S0071,84,false,"`in489g1`, 12 runs, ImageNet-489 | `in489g2`, 14 runs, ImageNet-489 | Full available curve retained; registered_horizon and in_registered_plateau5_window identify the primary endpoint. Epoch observations are not independent seeds.",accuracy percent; epoch is the raw zero-based epoch index
in489g2,g01,g01,1,in489g2-g01-s1,3,1.21,0.95,S0071,84,false,"`in489g1`, 12 runs, ImageNet-489 | `in489g2`, 14 runs, ImageNet-489 | Full available curve retained; registered_horizon and in_registered_plateau5_window identify the primary endpoint. Epoch observations are not independent seeds.",accuracy percent; epoch is the raw zero-based epoch index
in489g2,g01,g01,1,in489g2-g01-s1,4,1.09,1.1,S0071,84,false,"`in489g1`, 12 runs, ImageNet-489 | `in489g2`, 14 runs, ImageNet-489 | Full available curve retained; registered_horizon and in_registered_plateau5_window identify the primary endpoint. Epoch observations are not independent seeds.",accuracy percent; epoch is the raw zero-based epoch index
in489g2,g01,g01,1,in489g2-g01-s1,5,1.06,1.12,S0071,84,false,"`in489g1`, 12 runs, ImageNet-489 | `in489g2`, 14 runs, ImageNet-489 | Full available curve retained; registered_horizon and in_registered_plateau5_window identify the primary endpoint. Epoch observations are not independent seeds.",accuracy percent; epoch is the raw zero-based epoch index
in489g2,g01,g01,1,in489g2-g01-s1,6,1.09,1.11,S0071,84,false,"`in489g1`, 12 runs, ImageNet-489 | `in489g2`, 14 runs, ImageNet-489 | Full available curve retained; registered_horizon and in_registered_plateau5_window identify the primary endpoint. Epoch observations are not independent seeds.",accuracy percent; epoch is the raw zero-based epoch index
in489g2,g01,g01,1,in489g2-g01-s1,7,1.07,1.12,S0071,84,false,"`in489g1`, 12 runs, ImageNet-489 | `in489g2`, 14 runs, ImageNet-489 | Full available curve retained; registered_horizon and in_registered_plateau5_window identify the primary endpoint. Epoch observations are not independent seeds.",accuracy percent; epoch is the raw zero-based epoch index
in489g2,g01,g01,1,in489g2-g01-s1,8,1.06,1.11,S0071,84,false,"`in489g1`, 12 runs, ImageNet-489 | `in489g2`, 14 runs, ImageNet-489 | Full available curve retained; registered_horizon and in_registered_plateau5_window identify the primary endpoint. Epoch observations are not independent seeds.",accuracy percent; epoch is the raw zero-based epoch index
in489g2,g01,g01,1,in489g2-g01-s1,9,1.07,1.12,S0071,84,false,"`in489g1`, 12 runs, ImageNet-489 | `in489g2`, 14 runs, ImageNet-489 | Full available curve retained; registered_horizon and in_registered_plateau5_window identify the primary endpoint. Epoch observations are not independent seeds.",accuracy percent; epoch is the raw zero-based epoch index
in489g2,g01,g01,1,in489g2-g01-s1,10,1.04,1.13,S0071,84,false,"`in489g1`, 12 runs, ImageNet-489 | `in489g2`, 14 runs, ImageNet-489 | Full available curve retained; registered_horizon and in_registered_plateau5_window identify the primary endpoint. Epoch observations are not independent seeds.",accuracy percent; epoch is the raw zero-based epoch index
in489g2,g01,g01,1,in489g2-g01-s1,11,1.09,1.12,S0071,84,false,"`in489g1`, 12 runs, ImageNet-489 | `in489g2`, 14 runs, ImageNet-489 | Full available curve retained; registered_horizon and in_registered_plateau5_window identify the primary endpoint. Epoch observations are not independent seeds.",accuracy percent; epoch is the raw zero-based epoch index
in489g2,g01,g01,1,in489g2-g01-s1,12,1.06,1.12,S0071,84,false,"`in489g1`, 12 runs, ImageNet-489 | `in489g2`, 14 runs, ImageNet-489 | Full available curve retained; registered_horizon and in_registered_plateau5_window identify the primary endpoint. Epoch observations are not independent seeds.",accuracy percent; epoch is the raw zero-based epoch index
in489g2,g01,g01,1,in489g2-g01-s1,13,1.06,1.13,S0071,84,false,"`in489g1`, 12 runs, ImageNet-489 | `in489g2`, 14 runs, ImageNet-489 | Full available curve retained; registered_horizon and in_registered_plateau5_window identify the primary endpoint. Epoch observations are not independent seeds.",accuracy percent; epoch is the raw zero-based epoch index
in489g2,g01,g01,1,in489g2-g01-s1,14,1.08,1.13,S0071,84,false,"`in489g1`, 12 runs, ImageNet-489 | `in489g2`, 14 runs, ImageNet-489 | Full available curve retained; registered_horizon and in_registered_plateau5_window identify the primary endpoint. Epoch observations are not independent seeds.",accuracy percent; epoch is the raw zero-based epoch index
in489g2,g01,g01,1,in489g2-g01-s1,15,1.07,1.13,S0071,84,false,"`in489g1`, 12 runs, ImageNet-489 | `in489g2`, 14 runs, ImageNet-489 | Full available curve retained; registered_horizon and in_registered_plateau5_window identify the primary endpoint. Epoch observations are not independent seeds.",accuracy percent; epoch is the raw zero-based epoch index
in489g2,g01,g01,1,in489g2-g01-s1,16,1.07,1.11,S0071,84,false,"`in489g1`, 12 runs, ImageNet-489 | `in489g2`, 14 runs, ImageNet-489 | Full available curve retained; registered_horizon and in_registered_plateau5_window identify the primary endpoint. Epoch observations are not independent seeds.",accuracy percent; epoch is the raw zero-based epoch index
in489g2,g01,g01,1,in489g2-g01-s1,17,1.06,1.12,S0071,84,false,"`in489g1`, 12 runs, ImageNet-489 | `in489g2`, 14 runs, ImageNet-489 | Full available curve retained; registered_horizon and in_registered_plateau5_window identify the primary endpoint. Epoch observations are not independent seeds.",accuracy percent; epoch is the raw zero-based epoch index
in489g2,g01,g01,1,in489g2-g01-s1,18,1.06,1.12,S0071,84,false,"`in489g1`, 12 runs, ImageNet-489 | `in489g2`, 14 runs, ImageNet-489 | Full available curve retained; registered_horizon and in_registered_plateau5_window identify the primary endpoint. Epoch observations are not independent seeds.",accuracy percent; epoch is the raw zero-based epoch index
in489g2,g01,g01,1,in489g2-g01-s1,19,1.08,1.11,S0071,84,false,"`in489g1`, 12 runs, ImageNet-489 | `in489g2`, 14 runs, ImageNet-489 | Full available curve retained; registered_horizon and in_registered_plateau5_window identify the primary endpoint. Epoch observations are not independent seeds.",accuracy percent; epoch is the raw zero-based epoch index
in489g2,g01,g01,1,in489g2-g01-s1,20,1.05,1.12,S0071,84,false,"`in489g1`, 12 runs, ImageNet-489 | `in489g2`, 14 runs, ImageNet-489 | Full available curve retained; registered_horizon and in_registered_plateau5_window identify the primary endpoint. Epoch observations are not independent seeds.",accuracy percent; epoch is the raw zero-based epoch index
in489g2,g01,g01,1,in489g2-g01-s1,21,1.08,1.12,S0071,84,false,"`in489g1`, 12 runs, ImageNet-489 | `in489g2`, 14 runs, ImageNet-489 | Full available curve retained; registered_horizon and in_registered_plateau5_window identify the primary endpoint. Epoch observations are not independent seeds.",accuracy percent; epoch is the raw zero-based epoch index
in489g2,g01,g01,1,in489g2-g01-s1,22,1.06,1.12,S0071,84,false,"`in489g1`, 12 runs, ImageNet-489 | `in489g2`, 14 runs, ImageNet-489 | Full available curve retained; registered_horizon and in_registered_plateau5_window identify the primary endpoint. Epoch observations are not independent seeds.",accuracy percent; epoch is the raw zero-based epoch index
in489g2,g01,g01,1,in489g2-g01-s1,23,1.06,1.12,S0071,84,false,"`in489g1`, 12 runs, ImageNet-489 | `in489g2`, 14 runs, ImageNet-489 | Full available curve retained; registered_horizon and in_registered_plateau5_window identify the primary endpoint. Epoch observations are not independent seeds.",accuracy percent; epoch is the raw zero-based epoch index
in489g2,g01,g01,1,in489g2-g01-s1,24,1.08,1.11,S0071,84,false,"`in489g1`, 12 runs, ImageNet-489 | `in489g2`, 14 runs, ImageNet-489 | Full available curve retained; registered_horizon and in_registered_plateau5_window identify the primary endpoint. Epoch observations are not independent seeds.",accuracy percent; epoch is the raw zero-based epoch index
in489g2,g01,g01,1,in489g2-g01-s1,25,1.07,1.12,S0071,84,false,"`in489g1`, 12 runs, ImageNet-489 | `in489g2`, 14 runs, ImageNet-489 | Full available curve retained; registered_horizon and in_registered_plateau5_window identify the primary endpoint. Epoch observations are not independent seeds.",accuracy percent; epoch is the raw zero-based epoch index
in489g2,g01,g01,1,in489g2-g01-s1,26,1.06,1.12,S0071,84,false,"`in489g1`, 12 runs, ImageNet-489 | `in489g2`, 14 runs, ImageNet-489 | Full available curve retained; registered_horizon and in_registered_plateau5_window identify the primary endpoint. Epoch observations are not independent seeds.",accuracy percent; epoch is the raw zero-based epoch index
in489g2,g01,g01,1,in489g2-g01-s1,27,1.03,1.11,S0071,84,false,"`in489g1`, 12 runs, ImageNet-489 | `in489g2`, 14 runs, ImageNet-489 | Full available curve retained; registered_horizon and in_registered_plateau5_window identify the primary endpoint. Epoch observations are not independent seeds.",accuracy percent; epoch is the raw zero-based epoch index
in489g2,g01,g01,1,in489g2-g01-s1,28,1.08,1.11,S0071,84,false,"`in489g1`, 12 runs, ImageNet-489 | `in489g2`, 14 runs, ImageNet-489 | Full available curve retained; registered_horizon and in_registered_plateau5_window identify the primary endpoint. Epoch observations are not independent seeds.",accuracy percent; epoch is the raw zero-based epoch index
in489g2,g01,g01,1,in489g2-g01-s1,29,1.08,1.12,S0071,84,false,"`in489g1`, 12 runs, ImageNet-489 | `in489g2`, 14 runs, ImageNet-489 | Full available curve retained; registered_horizon and in_registered_plateau5_window identify the primary endpoint. Epoch observations are not independent seeds.",accuracy percent; epoch is the raw zero-based epoch index
in489g2,g01,g01,1,in489g2-g01-s1,30,1.07,1.13,S0071,84,false,"`in489g1`, 12 runs, ImageNet-489 | `in489g2`, 14 runs, ImageNet-489 | Full available curve retained; registered_horizon and in_registered_plateau5_window identify the primary endpoint. Epoch observations are not independent seeds.",accuracy percent; epoch is the raw zero-based epoch index
in489g2,g01,g01,1,in489g2-g01-s1,31,1.08,1.12,S0071,84,false,"`in489g1`, 12 runs, ImageNet-489 | `in489g2`, 14 runs, ImageNet-489 | Full available curve retained; registered_horizon and in_registered_plateau5_window identify the primary endpoint. Epoch observations are not independent seeds.",accuracy percent; epoch is the raw zero-based epoch index
in489g2,g01,g01,1,in489g2-g01-s1,32,1.08,1.12,S0071,84,false,"`in489g1`, 12 runs, ImageNet-489 | `in489g2`, 14 runs, ImageNet-489 | Full available curve retained; registered_horizon and in_registered_plateau5_window identify the primary endpoint. Epoch observations are not independent seeds.",accuracy percent; epoch is the raw zero-based epoch index
in489g2,g01,g01,1,in489g2-g01-s1,33,1.07,1.13,S0071,84,false,"`in489g1`, 12 runs, ImageNet-489 | `in489g2`, 14 runs, ImageNet-489 | Full available curve retained; registered_horizon and in_registered_plateau5_window identify the primary endpoint. Epoch observations are not independent seeds.",accuracy percent; epoch is the raw zero-based epoch index
in489g2,g01,g01,1,in489g2-g01-s1,34,1.06,1.12,S0071,84,false,"`in489g1`, 12 runs, ImageNet-489 | `in489g2`, 14 runs, ImageNet-489 | Full available curve retained; registered_horizon and in_registered_plateau5_window identify the primary endpoint. Epoch observations are not independent seeds.",accuracy percent; epoch is the raw zero-based epoch index
in489g2,g01,g01,1,in489g2-g01-s1,35,1.06,1.13,S0071,84,false,"`in489g1`, 12 runs, ImageNet-489 | `in489g2`, 14 runs, ImageNet-489 | Full available curve retained; registered_horizon and in_registered_plateau5_window identify the primary endpoint. Epoch observations are not independent seeds.",accuracy percent; epoch is the raw zero-based epoch index
in489g2,g01,g01,1,in489g2-g01-s1,36,1.06,1.12,S0071,84,false,"`in489g1`, 12 runs, ImageNet-489 | `in489g2`, 14 runs, ImageNet-489 | Full available curve retained; registered_horizon and in_registered_plateau5_window identify the primary endpoint. Epoch observations are not independent seeds.",accuracy percent; epoch is the raw zero-based epoch index
in489g2,g01,g01,1,in489g2-g01-s1,37,1.07,1.11,S0071,84,false,"`in489g1`, 12 runs, ImageNet-489 | `in489g2`, 14 runs, ImageNet-489 | Full available curve retained; registered_horizon and in_registered_plateau5_window identify the primary endpoint. Epoch observations are not independent seeds.",accuracy percent; epoch is the raw zero-based epoch index
in489g2,g01,g01,1,in489g2-g01-s1,38,1.05,1.12,S0071,84,false,"`in489g1`, 12 runs, ImageNet-489 | `in489g2`, 14 runs, ImageNet-489 | Full available curve retained; registered_horizon and in_registered_plateau5_window identify the primary endpoint. Epoch observations are not independent seeds.",accuracy percent; epoch is the raw zero-based epoch index
in489g2,g01,g01,1,in489g2-g01-s1,39,1.07,1.13,S0071,84,false,"`in489g1`, 12 runs, ImageNet-489 | `in489g2`, 14 runs, ImageNet-489 | Full available curve retained; registered_horizon and in_registered_plateau5_window identify the primary endpoint. Epoch observations are not independent seeds.",accuracy percent; epoch is the raw zero-based epoch index
in489g2,g01,g01,1,in489g2-g01-s1,40,1.06,1.12,S0071,84,false,"`in489g1`, 12 runs, ImageNet-489 | `in489g2`, 14 runs, ImageNet-489 | Full available curve retained; registered_horizon and in_registered_plateau5_window identify the primary endpoint. Epoch observations are not independent seeds.",accuracy percent; epoch is the raw zero-based epoch index
in489g2,g01,g01,1,in489g2-g01-s1,41,1.04,1.12,S0071,84,false,"`in489g1`, 12 runs, ImageNet-489 | `in489g2`, 14 runs, ImageNet-489 | Full available curve retained; registered_horizon and in_registered_plateau5_window identify the primary endpoint. Epoch observations are not independent seeds.",accuracy percent; epoch is the raw zero-based epoch index
in489g2,g01,g01,1,in489g2-g01-s1,42,1.07,1.14,S0071,84,false,"`in489g1`, 12 runs, ImageNet-489 | `in489g2`, 14 runs, ImageNet-489 | Full available curve retained; registered_horizon and in_registered_plateau5_window identify the primary endpoint. Epoch observations are not independent seeds.",accuracy percent; epoch is the raw zero-based epoch index
in489g2,g01,g01,1,in489g2-g01-s1,43,1.06,1.12,S0071,84,false,"`in489g1`, 12 runs, ImageNet-489 | `in489g2`, 14 runs, ImageNet-489 | Full available curve retained; registered_horizon and in_registered_plateau5_window identify the primary endpoint. Epoch observations are not independent seeds.",accuracy percent; epoch is the raw zero-based epoch index
in489g2,g01,g01,1,in489g2-g01-s1,44,1.07,1.13,S0071,84,false,"`in489g1`, 12 runs, ImageNet-489 | `in489g2`, 14 runs, ImageNet-489 | Full available curve retained; registered_horizon and in_registered_plateau5_window identify the primary endpoint. Epoch observations are not independent seeds.",accuracy percent; epoch is the raw zero-based epoch index
in489g2,g01,g01,1,in489g2-g01-s1,45,1.07,1.11,S0071,84,false,"`in489g1`, 12 runs, ImageNet-489 | `in489g2`, 14 runs, ImageNet-489 | Full available curve retained; registered_horizon and in_registered_plateau5_window identify the primary endpoint. Epoch observations are not independent seeds.",accuracy percent; epoch is the raw zero-based epoch index
in489g2,g01,g01,1,in489g2-g01-s1,46,1.07,1.12,S0071,84,false,"`in489g1`, 12 runs, ImageNet-489 | `in489g2`, 14 runs, ImageNet-489 | Full available curve retained; registered_horizon and in_registered_plateau5_window identify the primary endpoint. Epoch observations are not independent seeds.",accuracy percent; epoch is the raw zero-based epoch index
in489g2,g01,g01,1,in489g2-g01-s1,47,1.04,1.12,S0071,84,false,"`in489g1`, 12 runs, ImageNet-489 | `in489g2`, 14 runs, ImageNet-489 | Full available curve retained; registered_horizon and in_registered_plateau5_window identify the primary endpoint. Epoch observations are not independent seeds.",accuracy percent; epoch is the raw zero-based epoch index
in489g2,g01,g01,1,in489g2-g01-s1,48,1.09,1.12,S0071,84,false,"`in489g1`, 12 runs, ImageNet-489 | `in489g2`, 14 runs, ImageNet-489 | Full available curve retained; registered_horizon and in_registered_plateau5_window identify the primary endpoint. Epoch observations are not independent seeds.",accuracy percent; epoch is the raw zero-based epoch index
in489g2,g01,g01,1,in489g2-g01-s1,49,1.09,1.11,S0071,84,false,"`in489g1`, 12 runs, ImageNet-489 | `in489g2`, 14 runs, ImageNet-489 | Full available curve retained; registered_horizon and in_registered_plateau5_window identify the primary endpoint. Epoch observations are not independent seeds.",accuracy percent; epoch is the raw zero-based epoch index
in489g2,g01,g01,1,in489g2-g01-s1,50,1.08,1.13,S0071,84,false,"`in489g1`, 12 runs, ImageNet-489 | `in489g2`, 14 runs, ImageNet-489 | Full available curve retained; registered_horizon and in_registered_plateau5_window identify the primary endpoint. Epoch observations are not independent seeds.",accuracy percent; epoch is the raw zero-based epoch index
in489g2,g01,g01,1,in489g2-g01-s1,51,1.08,1.12,S0071,84,false,"`in489g1`, 12 runs, ImageNet-489 | `in489g2`, 14 runs, ImageNet-489 | Full available curve retained; registered_horizon and in_registered_plateau5_window identify the primary endpoint. Epoch observations are not independent seeds.",accuracy percent; epoch is the raw zero-based epoch index
in489g2,g01,g01,1,in489g2-g01-s1,52,1.07,1.12,S0071,84,false,"`in489g1`, 12 runs, ImageNet-489 | `in489g2`, 14 runs, ImageNet-489 | Full available curve retained; registered_horizon and in_registered_plateau5_window identify the primary endpoint. Epoch observations are not independent seeds.",accuracy percent; epoch is the raw zero-based epoch index
in489g2,g01,g01,1,in489g2-g01-s1,53,1.08,1.12,S0071,84,false,"`in489g1`, 12 runs, ImageNet-489 | `in489g2`, 14 runs, ImageNet-489 | Full available curve retained; registered_horizon and in_registered_plateau5_window identify the primary endpoint. Epoch observations are not independent seeds.",accuracy percent; epoch is the raw zero-based epoch index
in489g2,g01,g01,1,in489g2-g01-s1,54,1.06,1.12,S0071,84,false,"`in489g1`, 12 runs, ImageNet-489 | `in489g2`, 14 runs, ImageNet-489 | Full available curve retained; registered_horizon and in_registered_plateau5_window identify the primary endpoint. Epoch observations are not independent seeds.",accuracy percent; epoch is the raw zero-based epoch index
in489g2,g01,g01,1,in489g2-g01-s1,55,1.08,1.12,S0071,84,false,"`in489g1`, 12 runs, ImageNet-489 | `in489g2`, 14 runs, ImageNet-489 | Full available curve retained; registered_horizon and in_registered_plateau5_window identify the primary endpoint. Epoch observations are not independent seeds.",accuracy percent; epoch is the raw zero-based epoch index
in489g2,g01,g01,1,in489g2-g01-s1,56,1.07,1.12,S0071,84,false,"`in489g1`, 12 runs, ImageNet-489 | `in489g2`, 14 runs, ImageNet-489 | Full available curve retained; registered_horizon and in_registered_plateau5_window identify the primary endpoint. Epoch observations are not independent seeds.",accuracy percent; epoch is the raw zero-based epoch index
in489g2,g01,g01,1,in489g2-g01-s1,57,1.07,1.11,S0071,84,false,"`in489g1`, 12 runs, ImageNet-489 | `in489g2`, 14 runs, ImageNet-489 | Full available curve retained; registered_horizon and in_registered_plateau5_window identify the primary endpoint. Epoch observations are not independent seeds.",accuracy percent; epoch is the raw zero-based epoch index
in489g2,g01,g01,1,in489g2-g01-s1,58,1.06,1.11,S0071,84,false,"`in489g1`, 12 runs, ImageNet-489 | `in489g2`, 14 runs, ImageNet-489 | Full available curve retained; registered_horizon and in_registered_plateau5_window identify the primary endpoint. Epoch observations are not independent seeds.",accuracy percent; epoch is the raw zero-based epoch index
in489g2,g01,g01,1,in489g2-g01-s1,59,1.06,1.12,S0071,84,false,"`in489g1`, 12 runs, ImageNet-489 | `in489g2`, 14 runs, ImageNet-489 | Full available curve retained; registered_horizon and in_registered_plateau5_window identify the primary endpoint. Epoch observations are not independent seeds.",accuracy percent; epoch is the raw zero-based epoch index
in489g2,g01,g01,1,in489g2-g01-s1,60,1.07,1.13,S0071,84,false,"`in489g1`, 12 runs, ImageNet-489 | `in489g2`, 14 runs, ImageNet-489 | Full available curve retained; registered_horizon and in_registered_plateau5_window identify the primary endpoint. Epoch observations are not independent seeds.",accuracy percent; epoch is the raw zero-based epoch index
in489g2,g01,g01,1,in489g2-g01-s1,61,1.05,1.11,S0071,84,false,"`in489g1`, 12 runs, ImageNet-489 | `in489g2`, 14 runs, ImageNet-489 | Full available curve retained; registered_horizon and in_registered_plateau5_window identify the primary endpoint. Epoch observations are not independent seeds.",accuracy percent; epoch is the raw zero-based epoch index
in489g2,g01,g01,1,in489g2-g01-s1,62,1.06,1.12,S0071,84,false,"`in489g1`, 12 runs, ImageNet-489 | `in489g2`, 14 runs, ImageNet-489 | Full available curve retained; registered_horizon and in_registered_plateau5_window identify the primary endpoint. Epoch observations are not independent seeds.",accuracy percent; epoch is the raw zero-based epoch index
in489g2,g01,g01,1,in489g2-g01-s1,63,1.06,1.12,S0071,84,false,"`in489g1`, 12 runs, ImageNet-489 | `in489g2`, 14 runs, ImageNet-489 | Full available curve retained; registered_horizon and in_registered_plateau5_window identify the primary endpoint. Epoch observations are not independent seeds.",accuracy percent; epoch is the raw zero-based epoch index
in489g2,g01,g01,1,in489g2-g01-s1,64,1.06,1.13,S0071,84,false,"`in489g1`, 12 runs, ImageNet-489 | `in489g2`, 14 runs, ImageNet-489 | Full available curve retained; registered_horizon and in_registered_plateau5_window identify the primary endpoint. Epoch observations are not independent seeds.",accuracy percent; epoch is the raw zero-based epoch index
in489g2,g01,g01,1,in489g2-g01-s1,65,1.1,1.12,S0071,84,false,"`in489g1`, 12 runs, ImageNet-489 | `in489g2`, 14 runs, ImageNet-489 | Full available curve retained; registered_horizon and in_registered_plateau5_window identify the primary endpoint. Epoch observations are not independent seeds.",accuracy percent; epoch is the raw zero-based epoch index
in489g2,g01,g01,1,in489g2-g01-s1,66,1.09,1.11,S0071,84,false,"`in489g1`, 12 runs, ImageNet-489 | `in489g2`, 14 runs, ImageNet-489 | Full available curve retained; registered_horizon and in_registered_plateau5_window identify the primary endpoint. Epoch observations are not independent seeds.",accuracy percent; epoch is the raw zero-based epoch index
in489g2,g01,g01,1,in489g2-g01-s1,67,1.06,1.13,S0071,84,false,"`in489g1`, 12 runs, ImageNet-489 | `in489g2`, 14 runs, ImageNet-489 | Full available curve retained; registered_horizon and in_registered_plateau5_window identify the primary endpoint. Epoch observations are not independent seeds.",accuracy percent; epoch is the raw zero-based epoch index
in489g2,g01,g01,1,in489g2-g01-s1,68,1.06,1.13,S0071,84,false,"`in489g1`, 12 runs, ImageNet-489 | `in489g2`, 14 runs, ImageNet-489 | Full available curve retained; registered_horizon and in_registered_plateau5_window identify the primary endpoint. Epoch observations are not independent seeds.",accuracy percent; epoch is the raw zero-based epoch index
in489g2,g01,g01,1,in489g2-g01-s1,69,1.09,1.12,S0071,84,false,"`in489g1`, 12 runs, ImageNet-489 | `in489g2`, 14 runs, ImageNet-489 | Full available curve retained; registered_horizon and in_registered_plateau5_window identify the primary endpoint. Epoch observations are not independent seeds.",accuracy percent; epoch is the raw zero-based epoch index
in489g2,g01,g01,1,in489g2-g01-s1,70,1.06,1.12,S0071,84,false,"`in489g1`, 12 runs, ImageNet-489 | `in489g2`, 14 runs, ImageNet-489 | Full available curve retained; registered_horizon and in_registered_plateau5_window identify the primary endpoint. Epoch observations are not independent seeds.",accuracy percent; epoch is the raw zero-based epoch index
in489g2,g01,g01,1,in489g2-g01-s1,71,1.04,1.13,S0071,84,false,"`in489g1`, 12 runs, ImageNet-489 | `in489g2`, 14 runs, ImageNet-489 | Full available curve retained; registered_horizon and in_registered_plateau5_window identify the primary endpoint. Epoch observations are not independent seeds.",accuracy percent; epoch is the raw zero-based epoch index
in489g2,g01,g01,1,in489g2-g01-s1,72,1.04,1.12,S0071,84,false,"`in489g1`, 12 runs, ImageNet-489 | `in489g2`, 14 runs, ImageNet-489 | Full available curve retained; registered_horizon and in_registered_plateau5_window identify the primary endpoint. Epoch observations are not independent seeds.",accuracy percent; epoch is the raw zero-based epoch index
in489g2,g01,g01,1,in489g2-g01-s1,73,1.07,1.12,S0071,84,false,"`in489g1`, 12 runs, ImageNet-489 | `in489g2`, 14 runs, ImageNet-489 | Full available curve retained; registered_horizon and in_registered_plateau5_window identify the primary endpoint. Epoch observations are not independent seeds.",accuracy percent; epoch is the raw zero-based epoch index
in489g2,g01,g01,1,in489g2-g01-s1,74,1.07,1.12,S0071,84,false,"`in489g1`, 12 runs, ImageNet-489 | `in489g2`, 14 runs, ImageNet-489 | Full available curve retained; registered_horizon and in_registered_plateau5_window identify the primary endpoint. Epoch observations are not independent seeds.",accuracy percent; epoch is the raw zero-based epoch index
in489g2,g01,g01,1,in489g2-g01-s1,75,1.07,1.12,S0071,84,false,"`in489g1`, 12 runs, ImageNet-489 | `in489g2`, 14 runs, ImageNet-489 | Full available curve retained; registered_horizon and in_registered_plateau5_window identify the primary endpoint. Epoch observations are not independent seeds.",accuracy percent; epoch is the raw zero-based epoch index
in489g2,g01,g01,1,in489g2-g01-s1,76,1.07,1.12,S0071,84,false,"`in489g1`, 12 runs, ImageNet-489 | `in489g2`, 14 runs, ImageNet-489 | Full available curve retained; registered_horizon and in_registered_plateau5_window identify the primary endpoint. Epoch observations are not independent seeds.",accuracy percent; epoch is the raw zero-based epoch index
in489g2,g01,g01,1,in489g2-g01-s1,77,1.1,1.12,S0071,84,false,"`in489g1`, 12 runs, ImageNet-489 | `in489g2`, 14 runs, ImageNet-489 | Full available curve retained; registered_horizon and in_registered_plateau5_window identify the primary endpoint. Epoch observations are not independent seeds.",accuracy percent; epoch is the raw zero-based epoch index
in489g2,g01,g01,1,in489g2-g01-s1,78,1.06,1.12,S0071,84,false,"`in489g1`, 12 runs, ImageNet-489 | `in489g2`, 14 runs, ImageNet-489 | Full available curve retained; registered_horizon and in_registered_plateau5_window identify the primary endpoint. Epoch observations are not independent seeds.",accuracy percent; epoch is the raw zero-based epoch index
in489g2,g01,g01,1,in489g2-g01-s1,79,1.04,1.13,S0071,84,true,"`in489g1`, 12 runs, ImageNet-489 | `in489g2`, 14 runs, ImageNet-489 | Full available curve retained; registered_horizon and in_registered_plateau5_window identify the primary endpoint. Epoch observations are not independent seeds.",accuracy percent; epoch is the raw zero-based epoch index
in489g2,g01,g01,1,in489g2-g01-s1,80,1.06,1.12,S0071,84,true,"`in489g1`, 12 runs, ImageNet-489 | `in489g2`, 14 runs, ImageNet-489 | Full available curve retained; registered_horizon and in_registered_plateau5_window identify the primary endpoint. Epoch observations are not independent seeds.",accuracy percent; epoch is the raw zero-based epoch index
in489g2,g01,g01,1,in489g2-g01-s1,81,1.05,1.12,S0071,84,true,"`in489g1`, 12 runs, ImageNet-489 | `in489g2`, 14 runs, ImageNet-489 | Full available curve retained; registered_horizon and in_registered_plateau5_window identify the primary endpoint. Epoch observations are not independent seeds.",accuracy percent; epoch is the raw zero-based epoch index
in489g2,g01,g01,1,in489g2-g01-s1,82,1.06,1.12,S0071,84,true,"`in489g1`, 12 runs, ImageNet-489 | `in489g2`, 14 runs, ImageNet-489 | Full available curve retained; registered_horizon and in_registered_plateau5_window identify the primary endpoint. Epoch observations are not independent seeds.",accuracy percent; epoch is the raw zero-based epoch index
in489g2,g01,g01,1,in489g2-g01-s1,83,1.06,1.11,S0071,84,true,"`in489g1`, 12 runs, ImageNet-489 | `in489g2`, 14 runs, ImageNet-489 | Full available curve retained; registered_horizon and in_registered_plateau5_window identify the primary endpoint. Epoch observations are not independent seeds.",accuracy percent; epoch is the raw zero-based epoch index
in489g2,g08,g08,0,in489g2-g08-s0,0,0.27,0.27,S0072,84,false,"`in489g1`, 12 runs, ImageNet-489 | `in489g2`, 14 runs, ImageNet-489 | Full available curve retained; registered_horizon and in_registered_plateau5_window identify the primary endpoint. Epoch observations are not independent seeds.",accuracy percent; epoch is the raw zero-based epoch index
in489g2,g08,g08,0,in489g2-g08-s0,1,0.25,0.27,S0072,84,false,"`in489g1`, 12 runs, ImageNet-489 | `in489g2`, 14 runs, ImageNet-489 | Full available curve retained; registered_horizon and in_registered_plateau5_window identify the primary endpoint. Epoch observations are not independent seeds.",accuracy percent; epoch is the raw zero-based epoch index
in489g2,g08,g08,0,in489g2-g08-s0,2,0.63,0.33,S0072,84,false,"`in489g1`, 12 runs, ImageNet-489 | `in489g2`, 14 runs, ImageNet-489 | Full available curve retained; registered_horizon and in_registered_plateau5_window identify the primary endpoint. Epoch observations are not independent seeds.",accuracy percent; epoch is the raw zero-based epoch index
in489g2,g08,g08,0,in489g2-g08-s0,3,1.36,0.98,S0072,84,false,"`in489g1`, 12 runs, ImageNet-489 | `in489g2`, 14 runs, ImageNet-489 | Full available curve retained; registered_horizon and in_registered_plateau5_window identify the primary endpoint. Epoch observations are not independent seeds.",accuracy percent; epoch is the raw zero-based epoch index
in489g2,g08,g08,0,in489g2-g08-s0,4,1.39,1.39,S0072,84,false,"`in489g1`, 12 runs, ImageNet-489 | `in489g2`, 14 runs, ImageNet-489 | Full available curve retained; registered_horizon and in_registered_plateau5_window identify the primary endpoint. Epoch observations are not independent seeds.",accuracy percent; epoch is the raw zero-based epoch index
in489g2,g08,g08,0,in489g2-g08-s0,5,1.37,1.41,S0072,84,false,"`in489g1`, 12 runs, ImageNet-489 | `in489g2`, 14 runs, ImageNet-489 | Full available curve retained; registered_horizon and in_registered_plateau5_window identify the primary endpoint. Epoch observations are not independent seeds.",accuracy percent; epoch is the raw zero-based epoch index
in489g2,g08,g08,0,in489g2-g08-s0,6,1.4,1.42,S0072,84,false,"`in489g1`, 12 runs, ImageNet-489 | `in489g2`, 14 runs, ImageNet-489 | Full available curve retained; registered_horizon and in_registered_plateau5_window identify the primary endpoint. Epoch observations are not independent seeds.",accuracy percent; epoch is the raw zero-based epoch index
in489g2,g08,g08,0,in489g2-g08-s0,7,1.41,1.42,S0072,84,false,"`in489g1`, 12 runs, ImageNet-489 | `in489g2`, 14 runs, ImageNet-489 | Full available curve retained; registered_horizon and in_registered_plateau5_window identify the primary endpoint. Epoch observations are not independent seeds.",accuracy percent; epoch is the raw zero-based epoch index
in489g2,g08,g08,0,in489g2-g08-s0,8,1.37,1.42,S0072,84,false,"`in489g1`, 12 runs, ImageNet-489 | `in489g2`, 14 runs, ImageNet-489 | Full available curve retained; registered_horizon and in_registered_plateau5_window identify the primary endpoint. Epoch observations are not independent seeds.",accuracy percent; epoch is the raw zero-based epoch index
in489g2,g08,g08,0,in489g2-g08-s0,9,1.36,1.43,S0072,84,false,"`in489g1`, 12 runs, ImageNet-489 | `in489g2`, 14 runs, ImageNet-489 | Full available curve retained; registered_horizon and in_registered_plateau5_window identify the primary endpoint. Epoch observations are not independent seeds.",accuracy percent; epoch is the raw zero-based epoch index
in489g2,g08,g08,0,in489g2-g08-s0,10,1.42,1.42,S0072,84,false,"`in489g1`, 12 runs, ImageNet-489 | `in489g2`, 14 runs, ImageNet-489 | Full available curve retained; registered_horizon and in_registered_plateau5_window identify the primary endpoint. Epoch observations are not independent seeds.",accuracy percent; epoch is the raw zero-based epoch index
in489g2,g08,g08,0,in489g2-g08-s0,11,1.41,1.43,S0072,84,false,"`in489g1`, 12 runs, ImageNet-489 | `in489g2`, 14 runs, ImageNet-489 | Full available curve retained; registered_horizon and in_registered_plateau5_window identify the primary endpoint. Epoch observations are not independent seeds.",accuracy percent; epoch is the raw zero-based epoch index
in489g2,g08,g08,0,in489g2-g08-s0,12,1.37,1.42,S0072,84,false,"`in489g1`, 12 runs, ImageNet-489 | `in489g2`, 14 runs, ImageNet-489 | Full available curve retained; registered_horizon and in_registered_plateau5_window identify the primary endpoint. Epoch observations are not independent seeds.",accuracy percent; epoch is the raw zero-based epoch index
in489g2,g08,g08,0,in489g2-g08-s0,13,1.38,1.43,S0072,84,false,"`in489g1`, 12 runs, ImageNet-489 | `in489g2`, 14 runs, ImageNet-489 | Full available curve retained; registered_horizon and in_registered_plateau5_window identify the primary endpoint. Epoch observations are not independent seeds.",accuracy percent; epoch is the raw zero-based epoch index
in489g2,g08,g08,0,in489g2-g08-s0,14,1.37,1.43,S0072,84,false,"`in489g1`, 12 runs, ImageNet-489 | `in489g2`, 14 runs, ImageNet-489 | Full available curve retained; registered_horizon and in_registered_plateau5_window identify the primary endpoint. Epoch observations are not independent seeds.",accuracy percent; epoch is the raw zero-based epoch index
in489g2,g08,g08,0,in489g2-g08-s0,15,1.4,1.42,S0072,84,false,"`in489g1`, 12 runs, ImageNet-489 | `in489g2`, 14 runs, ImageNet-489 | Full available curve retained; registered_horizon and in_registered_plateau5_window identify the primary endpoint. Epoch observations are not independent seeds.",accuracy percent; epoch is the raw zero-based epoch index
in489g2,g08,g08,0,in489g2-g08-s0,16,1.33,1.43,S0072,84,false,"`in489g1`, 12 runs, ImageNet-489 | `in489g2`, 14 runs, ImageNet-489 | Full available curve retained; registered_horizon and in_registered_plateau5_window identify the primary endpoint. Epoch observations are not independent seeds.",accuracy percent; epoch is the raw zero-based epoch index
in489g2,g08,g08,0,in489g2-g08-s0,17,1.37,1.43,S0072,84,false,"`in489g1`, 12 runs, ImageNet-489 | `in489g2`, 14 runs, ImageNet-489 | Full available curve retained; registered_horizon and in_registered_plateau5_window identify the primary endpoint. Epoch observations are not independent seeds.",accuracy percent; epoch is the raw zero-based epoch index
in489g2,g08,g08,0,in489g2-g08-s0,18,1.38,1.43,S0072,84,false,"`in489g1`, 12 runs, ImageNet-489 | `in489g2`, 14 runs, ImageNet-489 | Full available curve retained; registered_horizon and in_registered_plateau5_window identify the primary endpoint. Epoch observations are not independent seeds.",accuracy percent; epoch is the raw zero-based epoch index
in489g2,g08,g08,0,in489g2-g08-s0,19,1.39,1.42,S0072,84,false,"`in489g1`, 12 runs, ImageNet-489 | `in489g2`, 14 runs, ImageNet-489 | Full available curve retained; registered_horizon and in_registered_plateau5_window identify the primary endpoint. Epoch observations are not independent seeds.",accuracy percent; epoch is the raw zero-based epoch index
in489g2,g08,g08,0,in489g2-g08-s0,20,1.36,1.43,S0072,84,false,"`in489g1`, 12 runs, ImageNet-489 | `in489g2`, 14 runs, ImageNet-489 | Full available curve retained; registered_horizon and in_registered_plateau5_window identify the primary endpoint. Epoch observations are not independent seeds.",accuracy percent; epoch is the raw zero-based epoch index
in489g2,g08,g08,0,in489g2-g08-s0,21,1.37,1.43,S0072,84,false,"`in489g1`, 12 runs, ImageNet-489 | `in489g2`, 14 runs, ImageNet-489 | Full available curve retained; registered_horizon and in_registered_plateau5_window identify the primary endpoint. Epoch observations are not independent seeds.",accuracy percent; epoch is the raw zero-based epoch index
in489g2,g08,g08,0,in489g2-g08-s0,22,1.36,1.42,S0072,84,false,"`in489g1`, 12 runs, ImageNet-489 | `in489g2`, 14 runs, ImageNet-489 | Full available curve retained; registered_horizon and in_registered_plateau5_window identify the primary endpoint. Epoch observations are not independent seeds.",accuracy percent; epoch is the raw zero-based epoch index
in489g2,g08,g08,0,in489g2-g08-s0,23,1.37,1.44,S0072,84,false,"`in489g1`, 12 runs, ImageNet-489 | `in489g2`, 14 runs, ImageNet-489 | Full available curve retained; registered_horizon and in_registered_plateau5_window identify the primary endpoint. Epoch observations are not independent seeds.",accuracy percent; epoch is the raw zero-based epoch index
in489g2,g08,g08,0,in489g2-g08-s0,24,1.39,1.43,S0072,84,false,"`in489g1`, 12 runs, ImageNet-489 | `in489g2`, 14 runs, ImageNet-489 | Full available curve retained; registered_horizon and in_registered_plateau5_window identify the primary endpoint. Epoch observations are not independent seeds.",accuracy percent; epoch is the raw zero-based epoch index
in489g2,g08,g08,0,in489g2-g08-s0,25,1.37,1.44,S0072,84,false,"`in489g1`, 12 runs, ImageNet-489 | `in489g2`, 14 runs, ImageNet-489 | Full available curve retained; registered_horizon and in_registered_plateau5_window identify the primary endpoint. Epoch observations are not independent seeds.",accuracy percent; epoch is the raw zero-based epoch index
in489g2,g08,g08,0,in489g2-g08-s0,26,1.42,1.42,S0072,84,false,"`in489g1`, 12 runs, ImageNet-489 | `in489g2`, 14 runs, ImageNet-489 | Full available curve retained; registered_horizon and in_registered_plateau5_window identify the primary endpoint. Epoch observations are not independent seeds.",accuracy percent; epoch is the raw zero-based epoch index
in489g2,g08,g08,0,in489g2-g08-s0,27,1.38,1.43,S0072,84,false,"`in489g1`, 12 runs, ImageNet-489 | `in489g2`, 14 runs, ImageNet-489 | Full available curve retained; registered_horizon and in_registered_plateau5_window identify the primary endpoint. Epoch observations are not independent seeds.",accuracy percent; epoch is the raw zero-based epoch index
in489g2,g08,g08,0,in489g2-g08-s0,28,1.32,1.44,S0072,84,false,"`in489g1`, 12 runs, ImageNet-489 | `in489g2`, 14 runs, ImageNet-489 | Full available curve retained; registered_horizon and in_registered_plateau5_window identify the primary endpoint. Epoch observations are not independent seeds.",accuracy percent; epoch is the raw zero-based epoch index
in489g2,g08,g08,0,in489g2-g08-s0,29,1.37,1.44,S0072,84,false,"`in489g1`, 12 runs, ImageNet-489 | `in489g2`, 14 runs, ImageNet-489 | Full available curve retained; registered_horizon and in_registered_plateau5_window identify the primary endpoint. Epoch observations are not independent seeds.",accuracy percent; epoch is the raw zero-based epoch index
in489g2,g08,g08,0,in489g2-g08-s0,30,1.37,1.43,S0072,84,false,"`in489g1`, 12 runs, ImageNet-489 | `in489g2`, 14 runs, ImageNet-489 | Full available curve retained; registered_horizon and in_registered_plateau5_window identify the primary endpoint. Epoch observations are not independent seeds.",accuracy percent; epoch is the raw zero-based epoch index
in489g2,g08,g08,0,in489g2-g08-s0,31,1.35,1.42,S0072,84,false,"`in489g1`, 12 runs, ImageNet-489 | `in489g2`, 14 runs, ImageNet-489 | Full available curve retained; registered_horizon and in_registered_plateau5_window identify the primary endpoint. Epoch observations are not independent seeds.",accuracy percent; epoch is the raw zero-based epoch index
in489g2,g08,g08,0,in489g2-g08-s0,32,1.38,1.44,S0072,84,false,"`in489g1`, 12 runs, ImageNet-489 | `in489g2`, 14 runs, ImageNet-489 | Full available curve retained; registered_horizon and in_registered_plateau5_window identify the primary endpoint. Epoch observations are not independent seeds.",accuracy percent; epoch is the raw zero-based epoch index
in489g2,g08,g08,0,in489g2-g08-s0,33,1.39,1.44,S0072,84,false,"`in489g1`, 12 runs, ImageNet-489 | `in489g2`, 14 runs, ImageNet-489 | Full available curve retained; registered_horizon and in_registered_plateau5_window identify the primary endpoint. Epoch observations are not independent seeds.",accuracy percent; epoch is the raw zero-based epoch index
in489g2,g08,g08,0,in489g2-g08-s0,34,1.34,1.43,S0072,84,false,"`in489g1`, 12 runs, ImageNet-489 | `in489g2`, 14 runs, ImageNet-489 | Full available curve retained; registered_horizon and in_registered_plateau5_window identify the primary endpoint. Epoch observations are not independent seeds.",accuracy percent; epoch is the raw zero-based epoch index
in489g2,g08,g08,0,in489g2-g08-s0,35,1.33,1.43,S0072,84,false,"`in489g1`, 12 runs, ImageNet-489 | `in489g2`, 14 runs, ImageNet-489 | Full available curve retained; registered_horizon and in_registered_plateau5_window identify the primary endpoint. Epoch observations are not independent seeds.",accuracy percent; epoch is the raw zero-based epoch index
in489g2,g08,g08,0,in489g2-g08-s0,36,1.35,1.44,S0072,84,false,"`in489g1`, 12 runs, ImageNet-489 | `in489g2`, 14 runs, ImageNet-489 | Full available curve retained; registered_horizon and in_registered_plateau5_window identify the primary endpoint. Epoch observations are not independent seeds.",accuracy percent; epoch is the raw zero-based epoch index
in489g2,g08,g08,0,in489g2-g08-s0,37,1.41,1.43,S0072,84,false,"`in489g1`, 12 runs, ImageNet-489 | `in489g2`, 14 runs, ImageNet-489 | Full available curve retained; registered_horizon and in_registered_plateau5_window identify the primary endpoint. Epoch observations are not independent seeds.",accuracy percent; epoch is the raw zero-based epoch index
in489g2,g08,g08,0,in489g2-g08-s0,38,1.39,1.43,S0072,84,false,"`in489g1`, 12 runs, ImageNet-489 | `in489g2`, 14 runs, ImageNet-489 | Full available curve retained; registered_horizon and in_registered_plateau5_window identify the primary endpoint. Epoch observations are not independent seeds.",accuracy percent; epoch is the raw zero-based epoch index
in489g2,g08,g08,0,in489g2-g08-s0,39,1.38,1.44,S0072,84,false,"`in489g1`, 12 runs, ImageNet-489 | `in489g2`, 14 runs, ImageNet-489 | Full available curve retained; registered_horizon and in_registered_plateau5_window identify the primary endpoint. Epoch observations are not independent seeds.",accuracy percent; epoch is the raw zero-based epoch index
in489g2,g08,g08,0,in489g2-g08-s0,40,1.37,1.44,S0072,84,false,"`in489g1`, 12 runs, ImageNet-489 | `in489g2`, 14 runs, ImageNet-489 | Full available curve retained; registered_horizon and in_registered_plateau5_window identify the primary endpoint. Epoch observations are not independent seeds.",accuracy percent; epoch is the raw zero-based epoch index
in489g2,g08,g08,0,in489g2-g08-s0,41,1.39,1.43,S0072,84,false,"`in489g1`, 12 runs, ImageNet-489 | `in489g2`, 14 runs, ImageNet-489 | Full available curve retained; registered_horizon and in_registered_plateau5_window identify the primary endpoint. Epoch observations are not independent seeds.",accuracy percent; epoch is the raw zero-based epoch index
in489g2,g08,g08,0,in489g2-g08-s0,42,1.35,1.42,S0072,84,false,"`in489g1`, 12 runs, ImageNet-489 | `in489g2`, 14 runs, ImageNet-489 | Full available curve retained; registered_horizon and in_registered_plateau5_window identify the primary endpoint. Epoch observations are not independent seeds.",accuracy percent; epoch is the raw zero-based epoch index
in489g2,g08,g08,0,in489g2-g08-s0,43,1.35,1.43,S0072,84,false,"`in489g1`, 12 runs, ImageNet-489 | `in489g2`, 14 runs, ImageNet-489 | Full available curve retained; registered_horizon and in_registered_plateau5_window identify the primary endpoint. Epoch observations are not independent seeds.",accuracy percent; epoch is the raw zero-based epoch index
in489g2,g08,g08,0,in489g2-g08-s0,44,1.39,1.42,S0072,84,false,"`in489g1`, 12 runs, ImageNet-489 | `in489g2`, 14 runs, ImageNet-489 | Full available curve retained; registered_horizon and in_registered_plateau5_window identify the primary endpoint. Epoch observations are not independent seeds.",accuracy percent; epoch is the raw zero-based epoch index
in489g2,g08,g08,0,in489g2-g08-s0,45,1.39,1.43,S0072,84,false,"`in489g1`, 12 runs, ImageNet-489 | `in489g2`, 14 runs, ImageNet-489 | Full available curve retained; registered_horizon and in_registered_plateau5_window identify the primary endpoint. Epoch observations are not independent seeds.",accuracy percent; epoch is the raw zero-based epoch index
in489g2,g08,g08,0,in489g2-g08-s0,46,1.37,1.43,S0072,84,false,"`in489g1`, 12 runs, ImageNet-489 | `in489g2`, 14 runs, ImageNet-489 | Full available curve retained; registered_horizon and in_registered_plateau5_window identify the primary endpoint. Epoch observations are not independent seeds.",accuracy percent; epoch is the raw zero-based epoch index
in489g2,g08,g08,0,in489g2-g08-s0,47,1.38,1.43,S0072,84,false,"`in489g1`, 12 runs, ImageNet-489 | `in489g2`, 14 runs, ImageNet-489 | Full available curve retained; registered_horizon and in_registered_plateau5_window identify the primary endpoint. Epoch observations are not independent seeds.",accuracy percent; epoch is the raw zero-based epoch index
in489g2,g08,g08,0,in489g2-g08-s0,48,1.38,1.44,S0072,84,false,"`in489g1`, 12 runs, ImageNet-489 | `in489g2`, 14 runs, ImageNet-489 | Full available curve retained; registered_horizon and in_registered_plateau5_window identify the primary endpoint. Epoch observations are not independent seeds.",accuracy percent; epoch is the raw zero-based epoch index
in489g2,g08,g08,0,in489g2-g08-s0,49,1.36,1.43,S0072,84,false,"`in489g1`, 12 runs, ImageNet-489 | `in489g2`, 14 runs, ImageNet-489 | Full available curve retained; registered_horizon and in_registered_plateau5_window identify the primary endpoint. Epoch observations are not independent seeds.",accuracy percent; epoch is the raw zero-based epoch index
in489g2,g08,g08,0,in489g2-g08-s0,50,1.39,1.44,S0072,84,false,"`in489g1`, 12 runs, ImageNet-489 | `in489g2`, 14 runs, ImageNet-489 | Full available curve retained; registered_horizon and in_registered_plateau5_window identify the primary endpoint. Epoch observations are not independent seeds.",accuracy percent; epoch is the raw zero-based epoch index
in489g2,g08,g08,0,in489g2-g08-s0,51,1.38,1.45,S0072,84,false,"`in489g1`, 12 runs, ImageNet-489 | `in489g2`, 14 runs, ImageNet-489 | Full available curve retained; registered_horizon and in_registered_plateau5_window identify the primary endpoint. Epoch observations are not independent seeds.",accuracy percent; epoch is the raw zero-based epoch index
in489g2,g08,g08,0,in489g2-g08-s0,52,1.37,1.43,S0072,84,false,"`in489g1`, 12 runs, ImageNet-489 | `in489g2`, 14 runs, ImageNet-489 | Full available curve retained; registered_horizon and in_registered_plateau5_window identify the primary endpoint. Epoch observations are not independent seeds.",accuracy percent; epoch is the raw zero-based epoch index
in489g2,g08,g08,0,in489g2-g08-s0,53,1.35,1.44,S0072,84,false,"`in489g1`, 12 runs, ImageNet-489 | `in489g2`, 14 runs, ImageNet-489 | Full available curve retained; registered_horizon and in_registered_plateau5_window identify the primary endpoint. Epoch observations are not independent seeds.",accuracy percent; epoch is the raw zero-based epoch index
in489g2,g08,g08,0,in489g2-g08-s0,54,1.38,1.44,S0072,84,false,"`in489g1`, 12 runs, ImageNet-489 | `in489g2`, 14 runs, ImageNet-489 | Full available curve retained; registered_horizon and in_registered_plateau5_window identify the primary endpoint. Epoch observations are not independent seeds.",accuracy percent; epoch is the raw zero-based epoch index
in489g2,g08,g08,0,in489g2-g08-s0,55,1.36,1.42,S0072,84,false,"`in489g1`, 12 runs, ImageNet-489 | `in489g2`, 14 runs, ImageNet-489 | Full available curve retained; registered_horizon and in_registered_plateau5_window identify the primary endpoint. Epoch observations are not independent seeds.",accuracy percent; epoch is the raw zero-based epoch index
in489g2,g08,g08,0,in489g2-g08-s0,56,1.36,1.43,S0072,84,false,"`in489g1`, 12 runs, ImageNet-489 | `in489g2`, 14 runs, ImageNet-489 | Full available curve retained; registered_horizon and in_registered_plateau5_window identify the primary endpoint. Epoch observations are not independent seeds.",accuracy percent; epoch is the raw zero-based epoch index
in489g2,g08,g08,0,in489g2-g08-s0,57,1.35,1.43,S0072,84,false,"`in489g1`, 12 runs, ImageNet-489 | `in489g2`, 14 runs, ImageNet-489 | Full available curve retained; registered_horizon and in_registered_plateau5_window identify the primary endpoint. Epoch observations are not independent seeds.",accuracy percent; epoch is the raw zero-based epoch index
in489g2,g08,g08,0,in489g2-g08-s0,58,1.35,1.43,S0072,84,false,"`in489g1`, 12 runs, ImageNet-489 | `in489g2`, 14 runs, ImageNet-489 | Full available curve retained; registered_horizon and in_registered_plateau5_window identify the primary endpoint. Epoch observations are not independent seeds.",accuracy percent; epoch is the raw zero-based epoch index
in489g2,g08,g08,0,in489g2-g08-s0,59,1.36,1.43,S0072,84,false,"`in489g1`, 12 runs, ImageNet-489 | `in489g2`, 14 runs, ImageNet-489 | Full available curve retained; registered_horizon and in_registered_plateau5_window identify the primary endpoint. Epoch observations are not independent seeds.",accuracy percent; epoch is the raw zero-based epoch index
in489g2,g08,g08,0,in489g2-g08-s0,60,1.37,1.43,S0072,84,false,"`in489g1`, 12 runs, ImageNet-489 | `in489g2`, 14 runs, ImageNet-489 | Full available curve retained; registered_horizon and in_registered_plateau5_window identify the primary endpoint. Epoch observations are not independent seeds.",accuracy percent; epoch is the raw zero-based epoch index
in489g2,g08,g08,0,in489g2-g08-s0,61,1.4,1.44,S0072,84,false,"`in489g1`, 12 runs, ImageNet-489 | `in489g2`, 14 runs, ImageNet-489 | Full available curve retained; registered_horizon and in_registered_plateau5_window identify the primary endpoint. Epoch observations are not independent seeds.",accuracy percent; epoch is the raw zero-based epoch index
in489g2,g08,g08,0,in489g2-g08-s0,62,1.35,1.43,S0072,84,false,"`in489g1`, 12 runs, ImageNet-489 | `in489g2`, 14 runs, ImageNet-489 | Full available curve retained; registered_horizon and in_registered_plateau5_window identify the primary endpoint. Epoch observations are not independent seeds.",accuracy percent; epoch is the raw zero-based epoch index
in489g2,g08,g08,0,in489g2-g08-s0,63,1.39,1.43,S0072,84,false,"`in489g1`, 12 runs, ImageNet-489 | `in489g2`, 14 runs, ImageNet-489 | Full available curve retained; registered_horizon and in_registered_plateau5_window identify the primary endpoint. Epoch observations are not independent seeds.",accuracy percent; epoch is the raw zero-based epoch index
in489g2,g08,g08,0,in489g2-g08-s0,64,1.4,1.45,S0072,84,false,"`in489g1`, 12 runs, ImageNet-489 | `in489g2`, 14 runs, ImageNet-489 | Full available curve retained; registered_horizon and in_registered_plateau5_window identify the primary endpoint. Epoch observations are not independent seeds.",accuracy percent; epoch is the raw zero-based epoch index
in489g2,g08,g08,0,in489g2-g08-s0,65,1.38,1.43,S0072,84,false,"`in489g1`, 12 runs, ImageNet-489 | `in489g2`, 14 runs, ImageNet-489 | Full available curve retained; registered_horizon and in_registered_plateau5_window identify the primary endpoint. Epoch observations are not independent seeds.",accuracy percent; epoch is the raw zero-based epoch index
in489g2,g08,g08,0,in489g2-g08-s0,66,1.39,1.42,S0072,84,false,"`in489g1`, 12 runs, ImageNet-489 | `in489g2`, 14 runs, ImageNet-489 | Full available curve retained; registered_horizon and in_registered_plateau5_window identify the primary endpoint. Epoch observations are not independent seeds.",accuracy percent; epoch is the raw zero-based epoch index
in489g2,g08,g08,0,in489g2-g08-s0,67,1.35,1.43,S0072,84,false,"`in489g1`, 12 runs, ImageNet-489 | `in489g2`, 14 runs, ImageNet-489 | Full available curve retained; registered_horizon and in_registered_plateau5_window identify the primary endpoint. Epoch observations are not independent seeds.",accuracy percent; epoch is the raw zero-based epoch index
in489g2,g08,g08,0,in489g2-g08-s0,68,1.35,1.44,S0072,84,false,"`in489g1`, 12 runs, ImageNet-489 | `in489g2`, 14 runs, ImageNet-489 | Full available curve retained; registered_horizon and in_registered_plateau5_window identify the primary endpoint. Epoch observations are not independent seeds.",accuracy percent; epoch is the raw zero-based epoch index
in489g2,g08,g08,0,in489g2-g08-s0,69,1.36,1.43,S0072,84,false,"`in489g1`, 12 runs, ImageNet-489 | `in489g2`, 14 runs, ImageNet-489 | Full available curve retained; registered_horizon and in_registered_plateau5_window identify the primary endpoint. Epoch observations are not independent seeds.",accuracy percent; epoch is the raw zero-based epoch index
in489g2,g08,g08,0,in489g2-g08-s0,70,1.39,1.43,S0072,84,false,"`in489g1`, 12 runs, ImageNet-489 | `in489g2`, 14 runs, ImageNet-489 | Full available curve retained; registered_horizon and in_registered_plateau5_window identify the primary endpoint. Epoch observations are not independent seeds.",accuracy percent; epoch is the raw zero-based epoch index
in489g2,g08,g08,0,in489g2-g08-s0,71,1.37,1.44,S0072,84,false,"`in489g1`, 12 runs, ImageNet-489 | `in489g2`, 14 runs, ImageNet-489 | Full available curve retained; registered_horizon and in_registered_plateau5_window identify the primary endpoint. Epoch observations are not independent seeds.",accuracy percent; epoch is the raw zero-based epoch index
in489g2,g08,g08,0,in489g2-g08-s0,72,1.39,1.42,S0072,84,false,"`in489g1`, 12 runs, ImageNet-489 | `in489g2`, 14 runs, ImageNet-489 | Full available curve retained; registered_horizon and in_registered_plateau5_window identify the primary endpoint. Epoch observations are not independent seeds.",accuracy percent; epoch is the raw zero-based epoch index
in489g2,g08,g08,0,in489g2-g08-s0,73,1.39,1.43,S0072,84,false,"`in489g1`, 12 runs, ImageNet-489 | `in489g2`, 14 runs, ImageNet-489 | Full available curve retained; registered_horizon and in_registered_plateau5_window identify the primary endpoint. Epoch observations are not independent seeds.",accuracy percent; epoch is the raw zero-based epoch index
in489g2,g08,g08,0,in489g2-g08-s0,74,1.38,1.44,S0072,84,false,"`in489g1`, 12 runs, ImageNet-489 | `in489g2`, 14 runs, ImageNet-489 | Full available curve retained; registered_horizon and in_registered_plateau5_window identify the primary endpoint. Epoch observations are not independent seeds.",accuracy percent; epoch is the raw zero-based epoch index
in489g2,g08,g08,0,in489g2-g08-s0,75,1.39,1.44,S0072,84,false,"`in489g1`, 12 runs, ImageNet-489 | `in489g2`, 14 runs, ImageNet-489 | Full available curve retained; registered_horizon and in_registered_plateau5_window identify the primary endpoint. Epoch observations are not independent seeds.",accuracy percent; epoch is the raw zero-based epoch index
in489g2,g08,g08,0,in489g2-g08-s0,76,1.38,1.43,S0072,84,false,"`in489g1`, 12 runs, ImageNet-489 | `in489g2`, 14 runs, ImageNet-489 | Full available curve retained; registered_horizon and in_registered_plateau5_window identify the primary endpoint. Epoch observations are not independent seeds.",accuracy percent; epoch is the raw zero-based epoch index
in489g2,g08,g08,0,in489g2-g08-s0,77,1.39,1.44,S0072,84,false,"`in489g1`, 12 runs, ImageNet-489 | `in489g2`, 14 runs, ImageNet-489 | Full available curve retained; registered_horizon and in_registered_plateau5_window identify the primary endpoint. Epoch observations are not independent seeds.",accuracy percent; epoch is the raw zero-based epoch index
in489g2,g08,g08,0,in489g2-g08-s0,78,1.37,1.43,S0072,84,false,"`in489g1`, 12 runs, ImageNet-489 | `in489g2`, 14 runs, ImageNet-489 | Full available curve retained; registered_horizon and in_registered_plateau5_window identify the primary endpoint. Epoch observations are not independent seeds.",accuracy percent; epoch is the raw zero-based epoch index
in489g2,g08,g08,0,in489g2-g08-s0,79,1.36,1.44,S0072,84,true,"`in489g1`, 12 runs, ImageNet-489 | `in489g2`, 14 runs, ImageNet-489 | Full available curve retained; registered_horizon and in_registered_plateau5_window identify the primary endpoint. Epoch observations are not independent seeds.",accuracy percent; epoch is the raw zero-based epoch index
in489g2,g08,g08,0,in489g2-g08-s0,80,1.39,1.44,S0072,84,true,"`in489g1`, 12 runs, ImageNet-489 | `in489g2`, 14 runs, ImageNet-489 | Full available curve retained; registered_horizon and in_registered_plateau5_window identify the primary endpoint. Epoch observations are not independent seeds.",accuracy percent; epoch is the raw zero-based epoch index
in489g2,g08,g08,0,in489g2-g08-s0,81,1.36,1.43,S0072,84,true,"`in489g1`, 12 runs, ImageNet-489 | `in489g2`, 14 runs, ImageNet-489 | Full available curve retained; registered_horizon and in_registered_plateau5_window identify the primary endpoint. Epoch observations are not independent seeds.",accuracy percent; epoch is the raw zero-based epoch index
in489g2,g08,g08,0,in489g2-g08-s0,82,1.36,1.43,S0072,84,true,"`in489g1`, 12 runs, ImageNet-489 | `in489g2`, 14 runs, ImageNet-489 | Full available curve retained; registered_horizon and in_registered_plateau5_window identify the primary endpoint. Epoch observations are not independent seeds.",accuracy percent; epoch is the raw zero-based epoch index
in489g2,g08,g08,0,in489g2-g08-s0,83,1.37,1.43,S0072,84,true,"`in489g1`, 12 runs, ImageNet-489 | `in489g2`, 14 runs, ImageNet-489 | Full available curve retained; registered_horizon and in_registered_plateau5_window identify the primary endpoint. Epoch observations are not independent seeds.",accuracy percent; epoch is the raw zero-based epoch index
in489g2,g08,g08,1,in489g2-g08-s1,0,0.27,0.23,S0073,84,false,"`in489g1`, 12 runs, ImageNet-489 | `in489g2`, 14 runs, ImageNet-489 | Full available curve retained; registered_horizon and in_registered_plateau5_window identify the primary endpoint. Epoch observations are not independent seeds.",accuracy percent; epoch is the raw zero-based epoch index
in489g2,g08,g08,1,in489g2-g08-s1,1,0.25,0.23,S0073,84,false,"`in489g1`, 12 runs, ImageNet-489 | `in489g2`, 14 runs, ImageNet-489 | Full available curve retained; registered_horizon and in_registered_plateau5_window identify the primary endpoint. Epoch observations are not independent seeds.",accuracy percent; epoch is the raw zero-based epoch index
in489g2,g08,g08,1,in489g2-g08-s1,2,0.52,0.3,S0073,84,false,"`in489g1`, 12 runs, ImageNet-489 | `in489g2`, 14 runs, ImageNet-489 | Full available curve retained; registered_horizon and in_registered_plateau5_window identify the primary endpoint. Epoch observations are not independent seeds.",accuracy percent; epoch is the raw zero-based epoch index
in489g2,g08,g08,1,in489g2-g08-s1,3,1.27,0.94,S0073,84,false,"`in489g1`, 12 runs, ImageNet-489 | `in489g2`, 14 runs, ImageNet-489 | Full available curve retained; registered_horizon and in_registered_plateau5_window identify the primary endpoint. Epoch observations are not independent seeds.",accuracy percent; epoch is the raw zero-based epoch index
in489g2,g08,g08,1,in489g2-g08-s1,4,1.27,1.31,S0073,84,false,"`in489g1`, 12 runs, ImageNet-489 | `in489g2`, 14 runs, ImageNet-489 | Full available curve retained; registered_horizon and in_registered_plateau5_window identify the primary endpoint. Epoch observations are not independent seeds.",accuracy percent; epoch is the raw zero-based epoch index
in489g2,g08,g08,1,in489g2-g08-s1,5,1.37,1.34,S0073,84,false,"`in489g1`, 12 runs, ImageNet-489 | `in489g2`, 14 runs, ImageNet-489 | Full available curve retained; registered_horizon and in_registered_plateau5_window identify the primary endpoint. Epoch observations are not independent seeds.",accuracy percent; epoch is the raw zero-based epoch index
in489g2,g08,g08,1,in489g2-g08-s1,6,1.36,1.36,S0073,84,false,"`in489g1`, 12 runs, ImageNet-489 | `in489g2`, 14 runs, ImageNet-489 | Full available curve retained; registered_horizon and in_registered_plateau5_window identify the primary endpoint. Epoch observations are not independent seeds.",accuracy percent; epoch is the raw zero-based epoch index
in489g2,g08,g08,1,in489g2-g08-s1,7,1.35,1.38,S0073,84,false,"`in489g1`, 12 runs, ImageNet-489 | `in489g2`, 14 runs, ImageNet-489 | Full available curve retained; registered_horizon and in_registered_plateau5_window identify the primary endpoint. Epoch observations are not independent seeds.",accuracy percent; epoch is the raw zero-based epoch index
in489g2,g08,g08,1,in489g2-g08-s1,8,1.31,1.36,S0073,84,false,"`in489g1`, 12 runs, ImageNet-489 | `in489g2`, 14 runs, ImageNet-489 | Full available curve retained; registered_horizon and in_registered_plateau5_window identify the primary endpoint. Epoch observations are not independent seeds.",accuracy percent; epoch is the raw zero-based epoch index
in489g2,g08,g08,1,in489g2-g08-s1,9,1.39,1.36,S0073,84,false,"`in489g1`, 12 runs, ImageNet-489 | `in489g2`, 14 runs, ImageNet-489 | Full available curve retained; registered_horizon and in_registered_plateau5_window identify the primary endpoint. Epoch observations are not independent seeds.",accuracy percent; epoch is the raw zero-based epoch index
in489g2,g08,g08,1,in489g2-g08-s1,10,1.39,1.36,S0073,84,false,"`in489g1`, 12 runs, ImageNet-489 | `in489g2`, 14 runs, ImageNet-489 | Full available curve retained; registered_horizon and in_registered_plateau5_window identify the primary endpoint. Epoch observations are not independent seeds.",accuracy percent; epoch is the raw zero-based epoch index
in489g2,g08,g08,1,in489g2-g08-s1,11,1.33,1.37,S0073,84,false,"`in489g1`, 12 runs, ImageNet-489 | `in489g2`, 14 runs, ImageNet-489 | Full available curve retained; registered_horizon and in_registered_plateau5_window identify the primary endpoint. Epoch observations are not independent seeds.",accuracy percent; epoch is the raw zero-based epoch index
in489g2,g08,g08,1,in489g2-g08-s1,12,1.28,1.38,S0073,84,false,"`in489g1`, 12 runs, ImageNet-489 | `in489g2`, 14 runs, ImageNet-489 | Full available curve retained; registered_horizon and in_registered_plateau5_window identify the primary endpoint. Epoch observations are not independent seeds.",accuracy percent; epoch is the raw zero-based epoch index
in489g2,g08,g08,1,in489g2-g08-s1,13,1.3,1.36,S0073,84,false,"`in489g1`, 12 runs, ImageNet-489 | `in489g2`, 14 runs, ImageNet-489 | Full available curve retained; registered_horizon and in_registered_plateau5_window identify the primary endpoint. Epoch observations are not independent seeds.",accuracy percent; epoch is the raw zero-based epoch index
in489g2,g08,g08,1,in489g2-g08-s1,14,1.34,1.37,S0073,84,false,"`in489g1`, 12 runs, ImageNet-489 | `in489g2`, 14 runs, ImageNet-489 | Full available curve retained; registered_horizon and in_registered_plateau5_window identify the primary endpoint. Epoch observations are not independent seeds.",accuracy percent; epoch is the raw zero-based epoch index
in489g2,g08,g08,1,in489g2-g08-s1,15,1.29,1.38,S0073,84,false,"`in489g1`, 12 runs, ImageNet-489 | `in489g2`, 14 runs, ImageNet-489 | Full available curve retained; registered_horizon and in_registered_plateau5_window identify the primary endpoint. Epoch observations are not independent seeds.",accuracy percent; epoch is the raw zero-based epoch index
in489g2,g08,g08,1,in489g2-g08-s1,16,1.38,1.37,S0073,84,false,"`in489g1`, 12 runs, ImageNet-489 | `in489g2`, 14 runs, ImageNet-489 | Full available curve retained; registered_horizon and in_registered_plateau5_window identify the primary endpoint. Epoch observations are not independent seeds.",accuracy percent; epoch is the raw zero-based epoch index
in489g2,g08,g08,1,in489g2-g08-s1,17,1.26,1.38,S0073,84,false,"`in489g1`, 12 runs, ImageNet-489 | `in489g2`, 14 runs, ImageNet-489 | Full available curve retained; registered_horizon and in_registered_plateau5_window identify the primary endpoint. Epoch observations are not independent seeds.",accuracy percent; epoch is the raw zero-based epoch index
in489g2,g08,g08,1,in489g2-g08-s1,18,1.31,1.36,S0073,84,false,"`in489g1`, 12 runs, ImageNet-489 | `in489g2`, 14 runs, ImageNet-489 | Full available curve retained; registered_horizon and in_registered_plateau5_window identify the primary endpoint. Epoch observations are not independent seeds.",accuracy percent; epoch is the raw zero-based epoch index
in489g2,g08,g08,1,in489g2-g08-s1,19,1.37,1.35,S0073,84,false,"`in489g1`, 12 runs, ImageNet-489 | `in489g2`, 14 runs, ImageNet-489 | Full available curve retained; registered_horizon and in_registered_plateau5_window identify the primary endpoint. Epoch observations are not independent seeds.",accuracy percent; epoch is the raw zero-based epoch index
in489g2,g08,g08,1,in489g2-g08-s1,20,1.36,1.37,S0073,84,false,"`in489g1`, 12 runs, ImageNet-489 | `in489g2`, 14 runs, ImageNet-489 | Full available curve retained; registered_horizon and in_registered_plateau5_window identify the primary endpoint. Epoch observations are not independent seeds.",accuracy percent; epoch is the raw zero-based epoch index
in489g2,g08,g08,1,in489g2-g08-s1,21,1.29,1.38,S0073,84,false,"`in489g1`, 12 runs, ImageNet-489 | `in489g2`, 14 runs, ImageNet-489 | Full available curve retained; registered_horizon and in_registered_plateau5_window identify the primary endpoint. Epoch observations are not independent seeds.",accuracy percent; epoch is the raw zero-based epoch index
in489g2,g08,g08,1,in489g2-g08-s1,22,1.33,1.38,S0073,84,false,"`in489g1`, 12 runs, ImageNet-489 | `in489g2`, 14 runs, ImageNet-489 | Full available curve retained; registered_horizon and in_registered_plateau5_window identify the primary endpoint. Epoch observations are not independent seeds.",accuracy percent; epoch is the raw zero-based epoch index
in489g2,g08,g08,1,in489g2-g08-s1,23,1.34,1.38,S0073,84,false,"`in489g1`, 12 runs, ImageNet-489 | `in489g2`, 14 runs, ImageNet-489 | Full available curve retained; registered_horizon and in_registered_plateau5_window identify the primary endpoint. Epoch observations are not independent seeds.",accuracy percent; epoch is the raw zero-based epoch index
in489g2,g08,g08,1,in489g2-g08-s1,24,1.29,1.37,S0073,84,false,"`in489g1`, 12 runs, ImageNet-489 | `in489g2`, 14 runs, ImageNet-489 | Full available curve retained; registered_horizon and in_registered_plateau5_window identify the primary endpoint. Epoch observations are not independent seeds.",accuracy percent; epoch is the raw zero-based epoch index
in489g2,g08,g08,1,in489g2-g08-s1,25,1.35,1.39,S0073,84,false,"`in489g1`, 12 runs, ImageNet-489 | `in489g2`, 14 runs, ImageNet-489 | Full available curve retained; registered_horizon and in_registered_plateau5_window identify the primary endpoint. Epoch observations are not independent seeds.",accuracy percent; epoch is the raw zero-based epoch index
in489g2,g08,g08,1,in489g2-g08-s1,26,1.29,1.37,S0073,84,false,"`in489g1`, 12 runs, ImageNet-489 | `in489g2`, 14 runs, ImageNet-489 | Full available curve retained; registered_horizon and in_registered_plateau5_window identify the primary endpoint. Epoch observations are not independent seeds.",accuracy percent; epoch is the raw zero-based epoch index
in489g2,g08,g08,1,in489g2-g08-s1,27,1.29,1.38,S0073,84,false,"`in489g1`, 12 runs, ImageNet-489 | `in489g2`, 14 runs, ImageNet-489 | Full available curve retained; registered_horizon and in_registered_plateau5_window identify the primary endpoint. Epoch observations are not independent seeds.",accuracy percent; epoch is the raw zero-based epoch index
in489g2,g08,g08,1,in489g2-g08-s1,28,1.35,1.37,S0073,84,false,"`in489g1`, 12 runs, ImageNet-489 | `in489g2`, 14 runs, ImageNet-489 | Full available curve retained; registered_horizon and in_registered_plateau5_window identify the primary endpoint. Epoch observations are not independent seeds.",accuracy percent; epoch is the raw zero-based epoch index
in489g2,g08,g08,1,in489g2-g08-s1,29,1.4,1.37,S0073,84,false,"`in489g1`, 12 runs, ImageNet-489 | `in489g2`, 14 runs, ImageNet-489 | Full available curve retained; registered_horizon and in_registered_plateau5_window identify the primary endpoint. Epoch observations are not independent seeds.",accuracy percent; epoch is the raw zero-based epoch index
in489g2,g08,g08,1,in489g2-g08-s1,30,1.36,1.39,S0073,84,false,"`in489g1`, 12 runs, ImageNet-489 | `in489g2`, 14 runs, ImageNet-489 | Full available curve retained; registered_horizon and in_registered_plateau5_window identify the primary endpoint. Epoch observations are not independent seeds.",accuracy percent; epoch is the raw zero-based epoch index
in489g2,g08,g08,1,in489g2-g08-s1,31,1.33,1.38,S0073,84,false,"`in489g1`, 12 runs, ImageNet-489 | `in489g2`, 14 runs, ImageNet-489 | Full available curve retained; registered_horizon and in_registered_plateau5_window identify the primary endpoint. Epoch observations are not independent seeds.",accuracy percent; epoch is the raw zero-based epoch index
in489g2,g08,g08,1,in489g2-g08-s1,32,1.32,1.39,S0073,84,false,"`in489g1`, 12 runs, ImageNet-489 | `in489g2`, 14 runs, ImageNet-489 | Full available curve retained; registered_horizon and in_registered_plateau5_window identify the primary endpoint. Epoch observations are not independent seeds.",accuracy percent; epoch is the raw zero-based epoch index
in489g2,g08,g08,1,in489g2-g08-s1,33,1.28,1.38,S0073,84,false,"`in489g1`, 12 runs, ImageNet-489 | `in489g2`, 14 runs, ImageNet-489 | Full available curve retained; registered_horizon and in_registered_plateau5_window identify the primary endpoint. Epoch observations are not independent seeds.",accuracy percent; epoch is the raw zero-based epoch index
in489g2,g08,g08,1,in489g2-g08-s1,34,1.32,1.38,S0073,84,false,"`in489g1`, 12 runs, ImageNet-489 | `in489g2`, 14 runs, ImageNet-489 | Full available curve retained; registered_horizon and in_registered_plateau5_window identify the primary endpoint. Epoch observations are not independent seeds.",accuracy percent; epoch is the raw zero-based epoch index
in489g2,g08,g08,1,in489g2-g08-s1,35,1.34,1.38,S0073,84,false,"`in489g1`, 12 runs, ImageNet-489 | `in489g2`, 14 runs, ImageNet-489 | Full available curve retained; registered_horizon and in_registered_plateau5_window identify the primary endpoint. Epoch observations are not independent seeds.",accuracy percent; epoch is the raw zero-based epoch index
in489g2,g08,g08,1,in489g2-g08-s1,36,1.31,1.37,S0073,84,false,"`in489g1`, 12 runs, ImageNet-489 | `in489g2`, 14 runs, ImageNet-489 | Full available curve retained; registered_horizon and in_registered_plateau5_window identify the primary endpoint. Epoch observations are not independent seeds.",accuracy percent; epoch is the raw zero-based epoch index
in489g2,g08,g08,1,in489g2-g08-s1,37,1.3,1.37,S0073,84,false,"`in489g1`, 12 runs, ImageNet-489 | `in489g2`, 14 runs, ImageNet-489 | Full available curve retained; registered_horizon and in_registered_plateau5_window identify the primary endpoint. Epoch observations are not independent seeds.",accuracy percent; epoch is the raw zero-based epoch index
in489g2,g08,g08,1,in489g2-g08-s1,38,1.31,1.39,S0073,84,false,"`in489g1`, 12 runs, ImageNet-489 | `in489g2`, 14 runs, ImageNet-489 | Full available curve retained; registered_horizon and in_registered_plateau5_window identify the primary endpoint. Epoch observations are not independent seeds.",accuracy percent; epoch is the raw zero-based epoch index
in489g2,g08,g08,1,in489g2-g08-s1,39,1.32,1.37,S0073,84,false,"`in489g1`, 12 runs, ImageNet-489 | `in489g2`, 14 runs, ImageNet-489 | Full available curve retained; registered_horizon and in_registered_plateau5_window identify the primary endpoint. Epoch observations are not independent seeds.",accuracy percent; epoch is the raw zero-based epoch index
in489g2,g08,g08,1,in489g2-g08-s1,40,1.33,1.37,S0073,84,false,"`in489g1`, 12 runs, ImageNet-489 | `in489g2`, 14 runs, ImageNet-489 | Full available curve retained; registered_horizon and in_registered_plateau5_window identify the primary endpoint. Epoch observations are not independent seeds.",accuracy percent; epoch is the raw zero-based epoch index
in489g2,g08,g08,1,in489g2-g08-s1,41,1.32,1.38,S0073,84,false,"`in489g1`, 12 runs, ImageNet-489 | `in489g2`, 14 runs, ImageNet-489 | Full available curve retained; registered_horizon and in_registered_plateau5_window identify the primary endpoint. Epoch observations are not independent seeds.",accuracy percent; epoch is the raw zero-based epoch index
in489g2,g08,g08,1,in489g2-g08-s1,42,1.32,1.38,S0073,84,false,"`in489g1`, 12 runs, ImageNet-489 | `in489g2`, 14 runs, ImageNet-489 | Full available curve retained; registered_horizon and in_registered_plateau5_window identify the primary endpoint. Epoch observations are not independent seeds.",accuracy percent; epoch is the raw zero-based epoch index
in489g2,g08,g08,1,in489g2-g08-s1,43,1.32,1.38,S0073,84,false,"`in489g1`, 12 runs, ImageNet-489 | `in489g2`, 14 runs, ImageNet-489 | Full available curve retained; registered_horizon and in_registered_plateau5_window identify the primary endpoint. Epoch observations are not independent seeds.",accuracy percent; epoch is the raw zero-based epoch index
in489g2,g08,g08,1,in489g2-g08-s1,44,1.34,1.38,S0073,84,false,"`in489g1`, 12 runs, ImageNet-489 | `in489g2`, 14 runs, ImageNet-489 | Full available curve retained; registered_horizon and in_registered_plateau5_window identify the primary endpoint. Epoch observations are not independent seeds.",accuracy percent; epoch is the raw zero-based epoch index
in489g2,g08,g08,1,in489g2-g08-s1,45,1.33,1.36,S0073,84,false,"`in489g1`, 12 runs, ImageNet-489 | `in489g2`, 14 runs, ImageNet-489 | Full available curve retained; registered_horizon and in_registered_plateau5_window identify the primary endpoint. Epoch observations are not independent seeds.",accuracy percent; epoch is the raw zero-based epoch index
in489g2,g08,g08,1,in489g2-g08-s1,46,1.32,1.36,S0073,84,false,"`in489g1`, 12 runs, ImageNet-489 | `in489g2`, 14 runs, ImageNet-489 | Full available curve retained; registered_horizon and in_registered_plateau5_window identify the primary endpoint. Epoch observations are not independent seeds.",accuracy percent; epoch is the raw zero-based epoch index
in489g2,g08,g08,1,in489g2-g08-s1,47,1.32,1.38,S0073,84,false,"`in489g1`, 12 runs, ImageNet-489 | `in489g2`, 14 runs, ImageNet-489 | Full available curve retained; registered_horizon and in_registered_plateau5_window identify the primary endpoint. Epoch observations are not independent seeds.",accuracy percent; epoch is the raw zero-based epoch index
in489g2,g08,g08,1,in489g2-g08-s1,48,1.33,1.37,S0073,84,false,"`in489g1`, 12 runs, ImageNet-489 | `in489g2`, 14 runs, ImageNet-489 | Full available curve retained; registered_horizon and in_registered_plateau5_window identify the primary endpoint. Epoch observations are not independent seeds.",accuracy percent; epoch is the raw zero-based epoch index
in489g2,g08,g08,1,in489g2-g08-s1,49,1.31,1.37,S0073,84,false,"`in489g1`, 12 runs, ImageNet-489 | `in489g2`, 14 runs, ImageNet-489 | Full available curve retained; registered_horizon and in_registered_plateau5_window identify the primary endpoint. Epoch observations are not independent seeds.",accuracy percent; epoch is the raw zero-based epoch index
in489g2,g08,g08,1,in489g2-g08-s1,50,1.34,1.38,S0073,84,false,"`in489g1`, 12 runs, ImageNet-489 | `in489g2`, 14 runs, ImageNet-489 | Full available curve retained; registered_horizon and in_registered_plateau5_window identify the primary endpoint. Epoch observations are not independent seeds.",accuracy percent; epoch is the raw zero-based epoch index
in489g2,g08,g08,1,in489g2-g08-s1,51,1.3,1.38,S0073,84,false,"`in489g1`, 12 runs, ImageNet-489 | `in489g2`, 14 runs, ImageNet-489 | Full available curve retained; registered_horizon and in_registered_plateau5_window identify the primary endpoint. Epoch observations are not independent seeds.",accuracy percent; epoch is the raw zero-based epoch index
in489g2,g08,g08,1,in489g2-g08-s1,52,1.33,1.38,S0073,84,false,"`in489g1`, 12 runs, ImageNet-489 | `in489g2`, 14 runs, ImageNet-489 | Full available curve retained; registered_horizon and in_registered_plateau5_window identify the primary endpoint. Epoch observations are not independent seeds.",accuracy percent; epoch is the raw zero-based epoch index
in489g2,g08,g08,1,in489g2-g08-s1,53,1.32,1.37,S0073,84,false,"`in489g1`, 12 runs, ImageNet-489 | `in489g2`, 14 runs, ImageNet-489 | Full available curve retained; registered_horizon and in_registered_plateau5_window identify the primary endpoint. Epoch observations are not independent seeds.",accuracy percent; epoch is the raw zero-based epoch index
in489g2,g08,g08,1,in489g2-g08-s1,54,1.31,1.38,S0073,84,false,"`in489g1`, 12 runs, ImageNet-489 | `in489g2`, 14 runs, ImageNet-489 | Full available curve retained; registered_horizon and in_registered_plateau5_window identify the primary endpoint. Epoch observations are not independent seeds.",accuracy percent; epoch is the raw zero-based epoch index
in489g2,g08,g08,1,in489g2-g08-s1,55,1.33,1.37,S0073,84,false,"`in489g1`, 12 runs, ImageNet-489 | `in489g2`, 14 runs, ImageNet-489 | Full available curve retained; registered_horizon and in_registered_plateau5_window identify the primary endpoint. Epoch observations are not independent seeds.",accuracy percent; epoch is the raw zero-based epoch index
in489g2,g08,g08,1,in489g2-g08-s1,56,1.32,1.37,S0073,84,false,"`in489g1`, 12 runs, ImageNet-489 | `in489g2`, 14 runs, ImageNet-489 | Full available curve retained; registered_horizon and in_registered_plateau5_window identify the primary endpoint. Epoch observations are not independent seeds.",accuracy percent; epoch is the raw zero-based epoch index
in489g2,g08,g08,1,in489g2-g08-s1,57,1.34,1.37,S0073,84,false,"`in489g1`, 12 runs, ImageNet-489 | `in489g2`, 14 runs, ImageNet-489 | Full available curve retained; registered_horizon and in_registered_plateau5_window identify the primary endpoint. Epoch observations are not independent seeds.",accuracy percent; epoch is the raw zero-based epoch index
in489g2,g08,g08,1,in489g2-g08-s1,58,1.31,1.37,S0073,84,false,"`in489g1`, 12 runs, ImageNet-489 | `in489g2`, 14 runs, ImageNet-489 | Full available curve retained; registered_horizon and in_registered_plateau5_window identify the primary endpoint. Epoch observations are not independent seeds.",accuracy percent; epoch is the raw zero-based epoch index
in489g2,g08,g08,1,in489g2-g08-s1,59,1.33,1.38,S0073,84,false,"`in489g1`, 12 runs, ImageNet-489 | `in489g2`, 14 runs, ImageNet-489 | Full available curve retained; registered_horizon and in_registered_plateau5_window identify the primary endpoint. Epoch observations are not independent seeds.",accuracy percent; epoch is the raw zero-based epoch index
in489g2,g08,g08,1,in489g2-g08-s1,60,1.31,1.38,S0073,84,false,"`in489g1`, 12 runs, ImageNet-489 | `in489g2`, 14 runs, ImageNet-489 | Full available curve retained; registered_horizon and in_registered_plateau5_window identify the primary endpoint. Epoch observations are not independent seeds.",accuracy percent; epoch is the raw zero-based epoch index
in489g2,g08,g08,1,in489g2-g08-s1,61,1.33,1.38,S0073,84,false,"`in489g1`, 12 runs, ImageNet-489 | `in489g2`, 14 runs, ImageNet-489 | Full available curve retained; registered_horizon and in_registered_plateau5_window identify the primary endpoint. Epoch observations are not independent seeds.",accuracy percent; epoch is the raw zero-based epoch index
in489g2,g08,g08,1,in489g2-g08-s1,62,1.33,1.37,S0073,84,false,"`in489g1`, 12 runs, ImageNet-489 | `in489g2`, 14 runs, ImageNet-489 | Full available curve retained; registered_horizon and in_registered_plateau5_window identify the primary endpoint. Epoch observations are not independent seeds.",accuracy percent; epoch is the raw zero-based epoch index
in489g2,g08,g08,1,in489g2-g08-s1,63,1.32,1.38,S0073,84,false,"`in489g1`, 12 runs, ImageNet-489 | `in489g2`, 14 runs, ImageNet-489 | Full available curve retained; registered_horizon and in_registered_plateau5_window identify the primary endpoint. Epoch observations are not independent seeds.",accuracy percent; epoch is the raw zero-based epoch index
in489g2,g08,g08,1,in489g2-g08-s1,64,1.33,1.38,S0073,84,false,"`in489g1`, 12 runs, ImageNet-489 | `in489g2`, 14 runs, ImageNet-489 | Full available curve retained; registered_horizon and in_registered_plateau5_window identify the primary endpoint. Epoch observations are not independent seeds.",accuracy percent; epoch is the raw zero-based epoch index
in489g2,g08,g08,1,in489g2-g08-s1,65,1.32,1.37,S0073,84,false,"`in489g1`, 12 runs, ImageNet-489 | `in489g2`, 14 runs, ImageNet-489 | Full available curve retained; registered_horizon and in_registered_plateau5_window identify the primary endpoint. Epoch observations are not independent seeds.",accuracy percent; epoch is the raw zero-based epoch index
in489g2,g08,g08,1,in489g2-g08-s1,66,1.33,1.37,S0073,84,false,"`in489g1`, 12 runs, ImageNet-489 | `in489g2`, 14 runs, ImageNet-489 | Full available curve retained; registered_horizon and in_registered_plateau5_window identify the primary endpoint. Epoch observations are not independent seeds.",accuracy percent; epoch is the raw zero-based epoch index
in489g2,g08,g08,1,in489g2-g08-s1,67,1.32,1.37,S0073,84,false,"`in489g1`, 12 runs, ImageNet-489 | `in489g2`, 14 runs, ImageNet-489 | Full available curve retained; registered_horizon and in_registered_plateau5_window identify the primary endpoint. Epoch observations are not independent seeds.",accuracy percent; epoch is the raw zero-based epoch index
in489g2,g08,g08,1,in489g2-g08-s1,68,1.33,1.37,S0073,84,false,"`in489g1`, 12 runs, ImageNet-489 | `in489g2`, 14 runs, ImageNet-489 | Full available curve retained; registered_horizon and in_registered_plateau5_window identify the primary endpoint. Epoch observations are not independent seeds.",accuracy percent; epoch is the raw zero-based epoch index
in489g2,g08,g08,1,in489g2-g08-s1,69,1.3,1.37,S0073,84,false,"`in489g1`, 12 runs, ImageNet-489 | `in489g2`, 14 runs, ImageNet-489 | Full available curve retained; registered_horizon and in_registered_plateau5_window identify the primary endpoint. Epoch observations are not independent seeds.",accuracy percent; epoch is the raw zero-based epoch index
in489g2,g08,g08,1,in489g2-g08-s1,70,1.33,1.38,S0073,84,false,"`in489g1`, 12 runs, ImageNet-489 | `in489g2`, 14 runs, ImageNet-489 | Full available curve retained; registered_horizon and in_registered_plateau5_window identify the primary endpoint. Epoch observations are not independent seeds.",accuracy percent; epoch is the raw zero-based epoch index
in489g2,g08,g08,1,in489g2-g08-s1,71,1.31,1.38,S0073,84,false,"`in489g1`, 12 runs, ImageNet-489 | `in489g2`, 14 runs, ImageNet-489 | Full available curve retained; registered_horizon and in_registered_plateau5_window identify the primary endpoint. Epoch observations are not independent seeds.",accuracy percent; epoch is the raw zero-based epoch index
in489g2,g08,g08,1,in489g2-g08-s1,72,1.3,1.39,S0073,84,false,"`in489g1`, 12 runs, ImageNet-489 | `in489g2`, 14 runs, ImageNet-489 | Full available curve retained; registered_horizon and in_registered_plateau5_window identify the primary endpoint. Epoch observations are not independent seeds.",accuracy percent; epoch is the raw zero-based epoch index
in489g2,g08,g08,1,in489g2-g08-s1,73,1.3,1.39,S0073,84,false,"`in489g1`, 12 runs, ImageNet-489 | `in489g2`, 14 runs, ImageNet-489 | Full available curve retained; registered_horizon and in_registered_plateau5_window identify the primary endpoint. Epoch observations are not independent seeds.",accuracy percent; epoch is the raw zero-based epoch index
in489g2,g08,g08,1,in489g2-g08-s1,74,1.34,1.37,S0073,84,false,"`in489g1`, 12 runs, ImageNet-489 | `in489g2`, 14 runs, ImageNet-489 | Full available curve retained; registered_horizon and in_registered_plateau5_window identify the primary endpoint. Epoch observations are not independent seeds.",accuracy percent; epoch is the raw zero-based epoch index
in489g2,g08,g08,1,in489g2-g08-s1,75,1.31,1.37,S0073,84,false,"`in489g1`, 12 runs, ImageNet-489 | `in489g2`, 14 runs, ImageNet-489 | Full available curve retained; registered_horizon and in_registered_plateau5_window identify the primary endpoint. Epoch observations are not independent seeds.",accuracy percent; epoch is the raw zero-based epoch index
in489g2,g08,g08,1,in489g2-g08-s1,76,1.33,1.37,S0073,84,false,"`in489g1`, 12 runs, ImageNet-489 | `in489g2`, 14 runs, ImageNet-489 | Full available curve retained; registered_horizon and in_registered_plateau5_window identify the primary endpoint. Epoch observations are not independent seeds.",accuracy percent; epoch is the raw zero-based epoch index
in489g2,g08,g08,1,in489g2-g08-s1,77,1.35,1.37,S0073,84,false,"`in489g1`, 12 runs, ImageNet-489 | `in489g2`, 14 runs, ImageNet-489 | Full available curve retained; registered_horizon and in_registered_plateau5_window identify the primary endpoint. Epoch observations are not independent seeds.",accuracy percent; epoch is the raw zero-based epoch index
in489g2,g08,g08,1,in489g2-g08-s1,78,1.34,1.38,S0073,84,false,"`in489g1`, 12 runs, ImageNet-489 | `in489g2`, 14 runs, ImageNet-489 | Full available curve retained; registered_horizon and in_registered_plateau5_window identify the primary endpoint. Epoch observations are not independent seeds.",accuracy percent; epoch is the raw zero-based epoch index
in489g2,g08,g08,1,in489g2-g08-s1,79,1.32,1.37,S0073,84,true,"`in489g1`, 12 runs, ImageNet-489 | `in489g2`, 14 runs, ImageNet-489 | Full available curve retained; registered_horizon and in_registered_plateau5_window identify the primary endpoint. Epoch observations are not independent seeds.",accuracy percent; epoch is the raw zero-based epoch index
in489g2,g08,g08,1,in489g2-g08-s1,80,1.34,1.38,S0073,84,true,"`in489g1`, 12 runs, ImageNet-489 | `in489g2`, 14 runs, ImageNet-489 | Full available curve retained; registered_horizon and in_registered_plateau5_window identify the primary endpoint. Epoch observations are not independent seeds.",accuracy percent; epoch is the raw zero-based epoch index
in489g2,g08,g08,1,in489g2-g08-s1,81,1.3,1.38,S0073,84,true,"`in489g1`, 12 runs, ImageNet-489 | `in489g2`, 14 runs, ImageNet-489 | Full available curve retained; registered_horizon and in_registered_plateau5_window identify the primary endpoint. Epoch observations are not independent seeds.",accuracy percent; epoch is the raw zero-based epoch index
in489g2,g08,g08,1,in489g2-g08-s1,82,1.34,1.38,S0073,84,true,"`in489g1`, 12 runs, ImageNet-489 | `in489g2`, 14 runs, ImageNet-489 | Full available curve retained; registered_horizon and in_registered_plateau5_window identify the primary endpoint. Epoch observations are not independent seeds.",accuracy percent; epoch is the raw zero-based epoch index
in489g2,g08,g08,1,in489g2-g08-s1,83,1.31,1.38,S0073,84,true,"`in489g1`, 12 runs, ImageNet-489 | `in489g2`, 14 runs, ImageNet-489 | Full available curve retained; registered_horizon and in_registered_plateau5_window identify the primary endpoint. Epoch observations are not independent seeds.",accuracy percent; epoch is the raw zero-based epoch index
in489g2,g16,g16,0,in489g2-g16-s0,0,0.27,0.27,S0074,84,false,"`in489g1`, 12 runs, ImageNet-489 | `in489g2`, 14 runs, ImageNet-489 | Full available curve retained; registered_horizon and in_registered_plateau5_window identify the primary endpoint. Epoch observations are not independent seeds.",accuracy percent; epoch is the raw zero-based epoch index
in489g2,g16,g16,0,in489g2-g16-s0,1,0.24,0.27,S0074,84,false,"`in489g1`, 12 runs, ImageNet-489 | `in489g2`, 14 runs, ImageNet-489 | Full available curve retained; registered_horizon and in_registered_plateau5_window identify the primary endpoint. Epoch observations are not independent seeds.",accuracy percent; epoch is the raw zero-based epoch index
in489g2,g16,g16,0,in489g2-g16-s0,2,0.58,0.33,S0074,84,false,"`in489g1`, 12 runs, ImageNet-489 | `in489g2`, 14 runs, ImageNet-489 | Full available curve retained; registered_horizon and in_registered_plateau5_window identify the primary endpoint. Epoch observations are not independent seeds.",accuracy percent; epoch is the raw zero-based epoch index
in489g2,g16,g16,0,in489g2-g16-s0,3,1.1,0.95,S0074,84,false,"`in489g1`, 12 runs, ImageNet-489 | `in489g2`, 14 runs, ImageNet-489 | Full available curve retained; registered_horizon and in_registered_plateau5_window identify the primary endpoint. Epoch observations are not independent seeds.",accuracy percent; epoch is the raw zero-based epoch index
in489g2,g16,g16,0,in489g2-g16-s0,4,1.54,1.46,S0074,84,false,"`in489g1`, 12 runs, ImageNet-489 | `in489g2`, 14 runs, ImageNet-489 | Full available curve retained; registered_horizon and in_registered_plateau5_window identify the primary endpoint. Epoch observations are not independent seeds.",accuracy percent; epoch is the raw zero-based epoch index
in489g2,g16,g16,0,in489g2-g16-s0,5,1.95,1.78,S0074,84,false,"`in489g1`, 12 runs, ImageNet-489 | `in489g2`, 14 runs, ImageNet-489 | Full available curve retained; registered_horizon and in_registered_plateau5_window identify the primary endpoint. Epoch observations are not independent seeds.",accuracy percent; epoch is the raw zero-based epoch index
in489g2,g16,g16,0,in489g2-g16-s0,6,1.99,1.9,S0074,84,false,"`in489g1`, 12 runs, ImageNet-489 | `in489g2`, 14 runs, ImageNet-489 | Full available curve retained; registered_horizon and in_registered_plateau5_window identify the primary endpoint. Epoch observations are not independent seeds.",accuracy percent; epoch is the raw zero-based epoch index
in489g2,g16,g16,0,in489g2-g16-s0,7,2.09,2,S0074,84,false,"`in489g1`, 12 runs, ImageNet-489 | `in489g2`, 14 runs, ImageNet-489 | Full available curve retained; registered_horizon and in_registered_plateau5_window identify the primary endpoint. Epoch observations are not independent seeds.",accuracy percent; epoch is the raw zero-based epoch index
in489g2,g16,g16,0,in489g2-g16-s0,8,2.1,2.04,S0074,84,false,"`in489g1`, 12 runs, ImageNet-489 | `in489g2`, 14 runs, ImageNet-489 | Full available curve retained; registered_horizon and in_registered_plateau5_window identify the primary endpoint. Epoch observations are not independent seeds.",accuracy percent; epoch is the raw zero-based epoch index
in489g2,g16,g16,0,in489g2-g16-s0,9,2.23,2.07,S0074,84,false,"`in489g1`, 12 runs, ImageNet-489 | `in489g2`, 14 runs, ImageNet-489 | Full available curve retained; registered_horizon and in_registered_plateau5_window identify the primary endpoint. Epoch observations are not independent seeds.",accuracy percent; epoch is the raw zero-based epoch index
in489g2,g16,g16,0,in489g2-g16-s0,10,2.18,2.11,S0074,84,false,"`in489g1`, 12 runs, ImageNet-489 | `in489g2`, 14 runs, ImageNet-489 | Full available curve retained; registered_horizon and in_registered_plateau5_window identify the primary endpoint. Epoch observations are not independent seeds.",accuracy percent; epoch is the raw zero-based epoch index
in489g2,g16,g16,0,in489g2-g16-s0,11,1.99,2.13,S0074,84,false,"`in489g1`, 12 runs, ImageNet-489 | `in489g2`, 14 runs, ImageNet-489 | Full available curve retained; registered_horizon and in_registered_plateau5_window identify the primary endpoint. Epoch observations are not independent seeds.",accuracy percent; epoch is the raw zero-based epoch index
in489g2,g16,g16,0,in489g2-g16-s0,12,2.13,2.13,S0074,84,false,"`in489g1`, 12 runs, ImageNet-489 | `in489g2`, 14 runs, ImageNet-489 | Full available curve retained; registered_horizon and in_registered_plateau5_window identify the primary endpoint. Epoch observations are not independent seeds.",accuracy percent; epoch is the raw zero-based epoch index
in489g2,g16,g16,0,in489g2-g16-s0,13,2.2,2.17,S0074,84,false,"`in489g1`, 12 runs, ImageNet-489 | `in489g2`, 14 runs, ImageNet-489 | Full available curve retained; registered_horizon and in_registered_plateau5_window identify the primary endpoint. Epoch observations are not independent seeds.",accuracy percent; epoch is the raw zero-based epoch index
in489g2,g16,g16,0,in489g2-g16-s0,14,2.17,2.15,S0074,84,false,"`in489g1`, 12 runs, ImageNet-489 | `in489g2`, 14 runs, ImageNet-489 | Full available curve retained; registered_horizon and in_registered_plateau5_window identify the primary endpoint. Epoch observations are not independent seeds.",accuracy percent; epoch is the raw zero-based epoch index
in489g2,g16,g16,0,in489g2-g16-s0,15,2.16,2.19,S0074,84,false,"`in489g1`, 12 runs, ImageNet-489 | `in489g2`, 14 runs, ImageNet-489 | Full available curve retained; registered_horizon and in_registered_plateau5_window identify the primary endpoint. Epoch observations are not independent seeds.",accuracy percent; epoch is the raw zero-based epoch index
in489g2,g16,g16,0,in489g2-g16-s0,16,2.21,2.22,S0074,84,false,"`in489g1`, 12 runs, ImageNet-489 | `in489g2`, 14 runs, ImageNet-489 | Full available curve retained; registered_horizon and in_registered_plateau5_window identify the primary endpoint. Epoch observations are not independent seeds.",accuracy percent; epoch is the raw zero-based epoch index
in489g2,g16,g16,0,in489g2-g16-s0,17,2.29,2.19,S0074,84,false,"`in489g1`, 12 runs, ImageNet-489 | `in489g2`, 14 runs, ImageNet-489 | Full available curve retained; registered_horizon and in_registered_plateau5_window identify the primary endpoint. Epoch observations are not independent seeds.",accuracy percent; epoch is the raw zero-based epoch index
in489g2,g16,g16,0,in489g2-g16-s0,18,2.35,2.18,S0074,84,false,"`in489g1`, 12 runs, ImageNet-489 | `in489g2`, 14 runs, ImageNet-489 | Full available curve retained; registered_horizon and in_registered_plateau5_window identify the primary endpoint. Epoch observations are not independent seeds.",accuracy percent; epoch is the raw zero-based epoch index
in489g2,g16,g16,0,in489g2-g16-s0,19,2.18,2.2,S0074,84,false,"`in489g1`, 12 runs, ImageNet-489 | `in489g2`, 14 runs, ImageNet-489 | Full available curve retained; registered_horizon and in_registered_plateau5_window identify the primary endpoint. Epoch observations are not independent seeds.",accuracy percent; epoch is the raw zero-based epoch index
in489g2,g16,g16,0,in489g2-g16-s0,20,2.3,2.25,S0074,84,false,"`in489g1`, 12 runs, ImageNet-489 | `in489g2`, 14 runs, ImageNet-489 | Full available curve retained; registered_horizon and in_registered_plateau5_window identify the primary endpoint. Epoch observations are not independent seeds.",accuracy percent; epoch is the raw zero-based epoch index
in489g2,g16,g16,0,in489g2-g16-s0,21,2.31,2.23,S0074,84,false,"`in489g1`, 12 runs, ImageNet-489 | `in489g2`, 14 runs, ImageNet-489 | Full available curve retained; registered_horizon and in_registered_plateau5_window identify the primary endpoint. Epoch observations are not independent seeds.",accuracy percent; epoch is the raw zero-based epoch index
in489g2,g16,g16,0,in489g2-g16-s0,22,2.35,2.23,S0074,84,false,"`in489g1`, 12 runs, ImageNet-489 | `in489g2`, 14 runs, ImageNet-489 | Full available curve retained; registered_horizon and in_registered_plateau5_window identify the primary endpoint. Epoch observations are not independent seeds.",accuracy percent; epoch is the raw zero-based epoch index
in489g2,g16,g16,0,in489g2-g16-s0,23,2.43,2.23,S0074,84,false,"`in489g1`, 12 runs, ImageNet-489 | `in489g2`, 14 runs, ImageNet-489 | Full available curve retained; registered_horizon and in_registered_plateau5_window identify the primary endpoint. Epoch observations are not independent seeds.",accuracy percent; epoch is the raw zero-based epoch index
in489g2,g16,g16,0,in489g2-g16-s0,24,2.4,2.28,S0074,84,false,"`in489g1`, 12 runs, ImageNet-489 | `in489g2`, 14 runs, ImageNet-489 | Full available curve retained; registered_horizon and in_registered_plateau5_window identify the primary endpoint. Epoch observations are not independent seeds.",accuracy percent; epoch is the raw zero-based epoch index
in489g2,g16,g16,0,in489g2-g16-s0,25,2.36,2.26,S0074,84,false,"`in489g1`, 12 runs, ImageNet-489 | `in489g2`, 14 runs, ImageNet-489 | Full available curve retained; registered_horizon and in_registered_plateau5_window identify the primary endpoint. Epoch observations are not independent seeds.",accuracy percent; epoch is the raw zero-based epoch index
in489g2,g16,g16,0,in489g2-g16-s0,26,2.38,2.27,S0074,84,false,"`in489g1`, 12 runs, ImageNet-489 | `in489g2`, 14 runs, ImageNet-489 | Full available curve retained; registered_horizon and in_registered_plateau5_window identify the primary endpoint. Epoch observations are not independent seeds.",accuracy percent; epoch is the raw zero-based epoch index
in489g2,g16,g16,0,in489g2-g16-s0,27,2.15,2.26,S0074,84,false,"`in489g1`, 12 runs, ImageNet-489 | `in489g2`, 14 runs, ImageNet-489 | Full available curve retained; registered_horizon and in_registered_plateau5_window identify the primary endpoint. Epoch observations are not independent seeds.",accuracy percent; epoch is the raw zero-based epoch index
in489g2,g16,g16,0,in489g2-g16-s0,28,2.27,2.25,S0074,84,false,"`in489g1`, 12 runs, ImageNet-489 | `in489g2`, 14 runs, ImageNet-489 | Full available curve retained; registered_horizon and in_registered_plateau5_window identify the primary endpoint. Epoch observations are not independent seeds.",accuracy percent; epoch is the raw zero-based epoch index
in489g2,g16,g16,0,in489g2-g16-s0,29,2.37,2.31,S0074,84,false,"`in489g1`, 12 runs, ImageNet-489 | `in489g2`, 14 runs, ImageNet-489 | Full available curve retained; registered_horizon and in_registered_plateau5_window identify the primary endpoint. Epoch observations are not independent seeds.",accuracy percent; epoch is the raw zero-based epoch index
in489g2,g16,g16,0,in489g2-g16-s0,30,2.43,2.3,S0074,84,false,"`in489g1`, 12 runs, ImageNet-489 | `in489g2`, 14 runs, ImageNet-489 | Full available curve retained; registered_horizon and in_registered_plateau5_window identify the primary endpoint. Epoch observations are not independent seeds.",accuracy percent; epoch is the raw zero-based epoch index
in489g2,g16,g16,0,in489g2-g16-s0,31,2.36,2.25,S0074,84,false,"`in489g1`, 12 runs, ImageNet-489 | `in489g2`, 14 runs, ImageNet-489 | Full available curve retained; registered_horizon and in_registered_plateau5_window identify the primary endpoint. Epoch observations are not independent seeds.",accuracy percent; epoch is the raw zero-based epoch index
in489g2,g16,g16,0,in489g2-g16-s0,32,2.29,2.32,S0074,84,false,"`in489g1`, 12 runs, ImageNet-489 | `in489g2`, 14 runs, ImageNet-489 | Full available curve retained; registered_horizon and in_registered_plateau5_window identify the primary endpoint. Epoch observations are not independent seeds.",accuracy percent; epoch is the raw zero-based epoch index
in489g2,g16,g16,0,in489g2-g16-s0,33,2.35,2.24,S0074,84,false,"`in489g1`, 12 runs, ImageNet-489 | `in489g2`, 14 runs, ImageNet-489 | Full available curve retained; registered_horizon and in_registered_plateau5_window identify the primary endpoint. Epoch observations are not independent seeds.",accuracy percent; epoch is the raw zero-based epoch index
in489g2,g16,g16,0,in489g2-g16-s0,34,2.49,2.32,S0074,84,false,"`in489g1`, 12 runs, ImageNet-489 | `in489g2`, 14 runs, ImageNet-489 | Full available curve retained; registered_horizon and in_registered_plateau5_window identify the primary endpoint. Epoch observations are not independent seeds.",accuracy percent; epoch is the raw zero-based epoch index
in489g2,g16,g16,0,in489g2-g16-s0,35,2.37,2.35,S0074,84,false,"`in489g1`, 12 runs, ImageNet-489 | `in489g2`, 14 runs, ImageNet-489 | Full available curve retained; registered_horizon and in_registered_plateau5_window identify the primary endpoint. Epoch observations are not independent seeds.",accuracy percent; epoch is the raw zero-based epoch index
in489g2,g16,g16,0,in489g2-g16-s0,36,2.39,2.27,S0074,84,false,"`in489g1`, 12 runs, ImageNet-489 | `in489g2`, 14 runs, ImageNet-489 | Full available curve retained; registered_horizon and in_registered_plateau5_window identify the primary endpoint. Epoch observations are not independent seeds.",accuracy percent; epoch is the raw zero-based epoch index
in489g2,g16,g16,0,in489g2-g16-s0,37,2.22,2.36,S0074,84,false,"`in489g1`, 12 runs, ImageNet-489 | `in489g2`, 14 runs, ImageNet-489 | Full available curve retained; registered_horizon and in_registered_plateau5_window identify the primary endpoint. Epoch observations are not independent seeds.",accuracy percent; epoch is the raw zero-based epoch index
in489g2,g16,g16,0,in489g2-g16-s0,38,2.34,2.32,S0074,84,false,"`in489g1`, 12 runs, ImageNet-489 | `in489g2`, 14 runs, ImageNet-489 | Full available curve retained; registered_horizon and in_registered_plateau5_window identify the primary endpoint. Epoch observations are not independent seeds.",accuracy percent; epoch is the raw zero-based epoch index
in489g2,g16,g16,0,in489g2-g16-s0,39,2.31,2.27,S0074,84,false,"`in489g1`, 12 runs, ImageNet-489 | `in489g2`, 14 runs, ImageNet-489 | Full available curve retained; registered_horizon and in_registered_plateau5_window identify the primary endpoint. Epoch observations are not independent seeds.",accuracy percent; epoch is the raw zero-based epoch index
in489g2,g16,g16,0,in489g2-g16-s0,40,2.43,2.32,S0074,84,false,"`in489g1`, 12 runs, ImageNet-489 | `in489g2`, 14 runs, ImageNet-489 | Full available curve retained; registered_horizon and in_registered_plateau5_window identify the primary endpoint. Epoch observations are not independent seeds.",accuracy percent; epoch is the raw zero-based epoch index
in489g2,g16,g16,0,in489g2-g16-s0,41,2.4,2.34,S0074,84,false,"`in489g1`, 12 runs, ImageNet-489 | `in489g2`, 14 runs, ImageNet-489 | Full available curve retained; registered_horizon and in_registered_plateau5_window identify the primary endpoint. Epoch observations are not independent seeds.",accuracy percent; epoch is the raw zero-based epoch index
in489g2,g16,g16,0,in489g2-g16-s0,42,2.38,2.38,S0074,84,false,"`in489g1`, 12 runs, ImageNet-489 | `in489g2`, 14 runs, ImageNet-489 | Full available curve retained; registered_horizon and in_registered_plateau5_window identify the primary endpoint. Epoch observations are not independent seeds.",accuracy percent; epoch is the raw zero-based epoch index
in489g2,g16,g16,0,in489g2-g16-s0,43,2.37,2.35,S0074,84,false,"`in489g1`, 12 runs, ImageNet-489 | `in489g2`, 14 runs, ImageNet-489 | Full available curve retained; registered_horizon and in_registered_plateau5_window identify the primary endpoint. Epoch observations are not independent seeds.",accuracy percent; epoch is the raw zero-based epoch index
in489g2,g16,g16,0,in489g2-g16-s0,44,2.34,2.38,S0074,84,false,"`in489g1`, 12 runs, ImageNet-489 | `in489g2`, 14 runs, ImageNet-489 | Full available curve retained; registered_horizon and in_registered_plateau5_window identify the primary endpoint. Epoch observations are not independent seeds.",accuracy percent; epoch is the raw zero-based epoch index
in489g2,g16,g16,0,in489g2-g16-s0,45,2.22,2.3,S0074,84,false,"`in489g1`, 12 runs, ImageNet-489 | `in489g2`, 14 runs, ImageNet-489 | Full available curve retained; registered_horizon and in_registered_plateau5_window identify the primary endpoint. Epoch observations are not independent seeds.",accuracy percent; epoch is the raw zero-based epoch index
in489g2,g16,g16,0,in489g2-g16-s0,46,2.51,2.33,S0074,84,false,"`in489g1`, 12 runs, ImageNet-489 | `in489g2`, 14 runs, ImageNet-489 | Full available curve retained; registered_horizon and in_registered_plateau5_window identify the primary endpoint. Epoch observations are not independent seeds.",accuracy percent; epoch is the raw zero-based epoch index
in489g2,g16,g16,0,in489g2-g16-s0,47,2.31,2.39,S0074,84,false,"`in489g1`, 12 runs, ImageNet-489 | `in489g2`, 14 runs, ImageNet-489 | Full available curve retained; registered_horizon and in_registered_plateau5_window identify the primary endpoint. Epoch observations are not independent seeds.",accuracy percent; epoch is the raw zero-based epoch index
in489g2,g16,g16,0,in489g2-g16-s0,48,2.39,2.37,S0074,84,false,"`in489g1`, 12 runs, ImageNet-489 | `in489g2`, 14 runs, ImageNet-489 | Full available curve retained; registered_horizon and in_registered_plateau5_window identify the primary endpoint. Epoch observations are not independent seeds.",accuracy percent; epoch is the raw zero-based epoch index
in489g2,g16,g16,0,in489g2-g16-s0,49,2.36,2.39,S0074,84,false,"`in489g1`, 12 runs, ImageNet-489 | `in489g2`, 14 runs, ImageNet-489 | Full available curve retained; registered_horizon and in_registered_plateau5_window identify the primary endpoint. Epoch observations are not independent seeds.",accuracy percent; epoch is the raw zero-based epoch index
in489g2,g16,g16,0,in489g2-g16-s0,50,2.4,2.43,S0074,84,false,"`in489g1`, 12 runs, ImageNet-489 | `in489g2`, 14 runs, ImageNet-489 | Full available curve retained; registered_horizon and in_registered_plateau5_window identify the primary endpoint. Epoch observations are not independent seeds.",accuracy percent; epoch is the raw zero-based epoch index
in489g2,g16,g16,0,in489g2-g16-s0,51,2.31,2.39,S0074,84,false,"`in489g1`, 12 runs, ImageNet-489 | `in489g2`, 14 runs, ImageNet-489 | Full available curve retained; registered_horizon and in_registered_plateau5_window identify the primary endpoint. Epoch observations are not independent seeds.",accuracy percent; epoch is the raw zero-based epoch index
in489g2,g16,g16,0,in489g2-g16-s0,52,2.45,2.35,S0074,84,false,"`in489g1`, 12 runs, ImageNet-489 | `in489g2`, 14 runs, ImageNet-489 | Full available curve retained; registered_horizon and in_registered_plateau5_window identify the primary endpoint. Epoch observations are not independent seeds.",accuracy percent; epoch is the raw zero-based epoch index
in489g2,g16,g16,0,in489g2-g16-s0,53,2.42,2.35,S0074,84,false,"`in489g1`, 12 runs, ImageNet-489 | `in489g2`, 14 runs, ImageNet-489 | Full available curve retained; registered_horizon and in_registered_plateau5_window identify the primary endpoint. Epoch observations are not independent seeds.",accuracy percent; epoch is the raw zero-based epoch index
in489g2,g16,g16,0,in489g2-g16-s0,54,2.44,2.42,S0074,84,false,"`in489g1`, 12 runs, ImageNet-489 | `in489g2`, 14 runs, ImageNet-489 | Full available curve retained; registered_horizon and in_registered_plateau5_window identify the primary endpoint. Epoch observations are not independent seeds.",accuracy percent; epoch is the raw zero-based epoch index
in489g2,g16,g16,0,in489g2-g16-s0,55,2.41,2.35,S0074,84,false,"`in489g1`, 12 runs, ImageNet-489 | `in489g2`, 14 runs, ImageNet-489 | Full available curve retained; registered_horizon and in_registered_plateau5_window identify the primary endpoint. Epoch observations are not independent seeds.",accuracy percent; epoch is the raw zero-based epoch index
in489g2,g16,g16,0,in489g2-g16-s0,56,2.51,2.34,S0074,84,false,"`in489g1`, 12 runs, ImageNet-489 | `in489g2`, 14 runs, ImageNet-489 | Full available curve retained; registered_horizon and in_registered_plateau5_window identify the primary endpoint. Epoch observations are not independent seeds.",accuracy percent; epoch is the raw zero-based epoch index
in489g2,g16,g16,0,in489g2-g16-s0,57,2.44,2.43,S0074,84,false,"`in489g1`, 12 runs, ImageNet-489 | `in489g2`, 14 runs, ImageNet-489 | Full available curve retained; registered_horizon and in_registered_plateau5_window identify the primary endpoint. Epoch observations are not independent seeds.",accuracy percent; epoch is the raw zero-based epoch index
in489g2,g16,g16,0,in489g2-g16-s0,58,2.36,2.45,S0074,84,false,"`in489g1`, 12 runs, ImageNet-489 | `in489g2`, 14 runs, ImageNet-489 | Full available curve retained; registered_horizon and in_registered_plateau5_window identify the primary endpoint. Epoch observations are not independent seeds.",accuracy percent; epoch is the raw zero-based epoch index
in489g2,g16,g16,0,in489g2-g16-s0,59,2.36,2.36,S0074,84,false,"`in489g1`, 12 runs, ImageNet-489 | `in489g2`, 14 runs, ImageNet-489 | Full available curve retained; registered_horizon and in_registered_plateau5_window identify the primary endpoint. Epoch observations are not independent seeds.",accuracy percent; epoch is the raw zero-based epoch index
in489g2,g16,g16,0,in489g2-g16-s0,60,2.48,2.42,S0074,84,false,"`in489g1`, 12 runs, ImageNet-489 | `in489g2`, 14 runs, ImageNet-489 | Full available curve retained; registered_horizon and in_registered_plateau5_window identify the primary endpoint. Epoch observations are not independent seeds.",accuracy percent; epoch is the raw zero-based epoch index
in489g2,g16,g16,0,in489g2-g16-s0,61,2.34,2.41,S0074,84,false,"`in489g1`, 12 runs, ImageNet-489 | `in489g2`, 14 runs, ImageNet-489 | Full available curve retained; registered_horizon and in_registered_plateau5_window identify the primary endpoint. Epoch observations are not independent seeds.",accuracy percent; epoch is the raw zero-based epoch index
in489g2,g16,g16,0,in489g2-g16-s0,62,2.54,2.38,S0074,84,false,"`in489g1`, 12 runs, ImageNet-489 | `in489g2`, 14 runs, ImageNet-489 | Full available curve retained; registered_horizon and in_registered_plateau5_window identify the primary endpoint. Epoch observations are not independent seeds.",accuracy percent; epoch is the raw zero-based epoch index
in489g2,g16,g16,0,in489g2-g16-s0,63,2.49,2.42,S0074,84,false,"`in489g1`, 12 runs, ImageNet-489 | `in489g2`, 14 runs, ImageNet-489 | Full available curve retained; registered_horizon and in_registered_plateau5_window identify the primary endpoint. Epoch observations are not independent seeds.",accuracy percent; epoch is the raw zero-based epoch index
in489g2,g16,g16,0,in489g2-g16-s0,64,2.43,2.43,S0074,84,false,"`in489g1`, 12 runs, ImageNet-489 | `in489g2`, 14 runs, ImageNet-489 | Full available curve retained; registered_horizon and in_registered_plateau5_window identify the primary endpoint. Epoch observations are not independent seeds.",accuracy percent; epoch is the raw zero-based epoch index
in489g2,g16,g16,0,in489g2-g16-s0,65,2.33,2.45,S0074,84,false,"`in489g1`, 12 runs, ImageNet-489 | `in489g2`, 14 runs, ImageNet-489 | Full available curve retained; registered_horizon and in_registered_plateau5_window identify the primary endpoint. Epoch observations are not independent seeds.",accuracy percent; epoch is the raw zero-based epoch index
in489g2,g16,g16,0,in489g2-g16-s0,66,2.4,2.45,S0074,84,false,"`in489g1`, 12 runs, ImageNet-489 | `in489g2`, 14 runs, ImageNet-489 | Full available curve retained; registered_horizon and in_registered_plateau5_window identify the primary endpoint. Epoch observations are not independent seeds.",accuracy percent; epoch is the raw zero-based epoch index
in489g2,g16,g16,0,in489g2-g16-s0,67,2.34,2.37,S0074,84,false,"`in489g1`, 12 runs, ImageNet-489 | `in489g2`, 14 runs, ImageNet-489 | Full available curve retained; registered_horizon and in_registered_plateau5_window identify the primary endpoint. Epoch observations are not independent seeds.",accuracy percent; epoch is the raw zero-based epoch index
in489g2,g16,g16,0,in489g2-g16-s0,68,2.38,2.41,S0074,84,false,"`in489g1`, 12 runs, ImageNet-489 | `in489g2`, 14 runs, ImageNet-489 | Full available curve retained; registered_horizon and in_registered_plateau5_window identify the primary endpoint. Epoch observations are not independent seeds.",accuracy percent; epoch is the raw zero-based epoch index
in489g2,g16,g16,0,in489g2-g16-s0,69,2.33,2.43,S0074,84,false,"`in489g1`, 12 runs, ImageNet-489 | `in489g2`, 14 runs, ImageNet-489 | Full available curve retained; registered_horizon and in_registered_plateau5_window identify the primary endpoint. Epoch observations are not independent seeds.",accuracy percent; epoch is the raw zero-based epoch index
in489g2,g16,g16,0,in489g2-g16-s0,70,2.45,2.39,S0074,84,false,"`in489g1`, 12 runs, ImageNet-489 | `in489g2`, 14 runs, ImageNet-489 | Full available curve retained; registered_horizon and in_registered_plateau5_window identify the primary endpoint. Epoch observations are not independent seeds.",accuracy percent; epoch is the raw zero-based epoch index
in489g2,g16,g16,0,in489g2-g16-s0,71,2.45,2.41,S0074,84,false,"`in489g1`, 12 runs, ImageNet-489 | `in489g2`, 14 runs, ImageNet-489 | Full available curve retained; registered_horizon and in_registered_plateau5_window identify the primary endpoint. Epoch observations are not independent seeds.",accuracy percent; epoch is the raw zero-based epoch index
in489g2,g16,g16,0,in489g2-g16-s0,72,2.45,2.45,S0074,84,false,"`in489g1`, 12 runs, ImageNet-489 | `in489g2`, 14 runs, ImageNet-489 | Full available curve retained; registered_horizon and in_registered_plateau5_window identify the primary endpoint. Epoch observations are not independent seeds.",accuracy percent; epoch is the raw zero-based epoch index
in489g2,g16,g16,0,in489g2-g16-s0,73,2.39,2.41,S0074,84,false,"`in489g1`, 12 runs, ImageNet-489 | `in489g2`, 14 runs, ImageNet-489 | Full available curve retained; registered_horizon and in_registered_plateau5_window identify the primary endpoint. Epoch observations are not independent seeds.",accuracy percent; epoch is the raw zero-based epoch index
in489g2,g16,g16,0,in489g2-g16-s0,74,2.43,2.39,S0074,84,false,"`in489g1`, 12 runs, ImageNet-489 | `in489g2`, 14 runs, ImageNet-489 | Full available curve retained; registered_horizon and in_registered_plateau5_window identify the primary endpoint. Epoch observations are not independent seeds.",accuracy percent; epoch is the raw zero-based epoch index
in489g2,g16,g16,0,in489g2-g16-s0,75,2.36,2.43,S0074,84,false,"`in489g1`, 12 runs, ImageNet-489 | `in489g2`, 14 runs, ImageNet-489 | Full available curve retained; registered_horizon and in_registered_plateau5_window identify the primary endpoint. Epoch observations are not independent seeds.",accuracy percent; epoch is the raw zero-based epoch index
in489g2,g16,g16,0,in489g2-g16-s0,76,2.36,2.44,S0074,84,false,"`in489g1`, 12 runs, ImageNet-489 | `in489g2`, 14 runs, ImageNet-489 | Full available curve retained; registered_horizon and in_registered_plateau5_window identify the primary endpoint. Epoch observations are not independent seeds.",accuracy percent; epoch is the raw zero-based epoch index
in489g2,g16,g16,0,in489g2-g16-s0,77,2.42,2.42,S0074,84,false,"`in489g1`, 12 runs, ImageNet-489 | `in489g2`, 14 runs, ImageNet-489 | Full available curve retained; registered_horizon and in_registered_plateau5_window identify the primary endpoint. Epoch observations are not independent seeds.",accuracy percent; epoch is the raw zero-based epoch index
in489g2,g16,g16,0,in489g2-g16-s0,78,2.51,2.39,S0074,84,false,"`in489g1`, 12 runs, ImageNet-489 | `in489g2`, 14 runs, ImageNet-489 | Full available curve retained; registered_horizon and in_registered_plateau5_window identify the primary endpoint. Epoch observations are not independent seeds.",accuracy percent; epoch is the raw zero-based epoch index
in489g2,g16,g16,0,in489g2-g16-s0,79,2.42,2.44,S0074,84,true,"`in489g1`, 12 runs, ImageNet-489 | `in489g2`, 14 runs, ImageNet-489 | Full available curve retained; registered_horizon and in_registered_plateau5_window identify the primary endpoint. Epoch observations are not independent seeds.",accuracy percent; epoch is the raw zero-based epoch index
in489g2,g16,g16,0,in489g2-g16-s0,80,2.32,2.41,S0074,84,true,"`in489g1`, 12 runs, ImageNet-489 | `in489g2`, 14 runs, ImageNet-489 | Full available curve retained; registered_horizon and in_registered_plateau5_window identify the primary endpoint. Epoch observations are not independent seeds.",accuracy percent; epoch is the raw zero-based epoch index
in489g2,g16,g16,0,in489g2-g16-s0,81,2.36,2.41,S0074,84,true,"`in489g1`, 12 runs, ImageNet-489 | `in489g2`, 14 runs, ImageNet-489 | Full available curve retained; registered_horizon and in_registered_plateau5_window identify the primary endpoint. Epoch observations are not independent seeds.",accuracy percent; epoch is the raw zero-based epoch index
in489g2,g16,g16,0,in489g2-g16-s0,82,2.4,2.45,S0074,84,true,"`in489g1`, 12 runs, ImageNet-489 | `in489g2`, 14 runs, ImageNet-489 | Full available curve retained; registered_horizon and in_registered_plateau5_window identify the primary endpoint. Epoch observations are not independent seeds.",accuracy percent; epoch is the raw zero-based epoch index
in489g2,g16,g16,0,in489g2-g16-s0,83,2.41,2.43,S0074,84,true,"`in489g1`, 12 runs, ImageNet-489 | `in489g2`, 14 runs, ImageNet-489 | Full available curve retained; registered_horizon and in_registered_plateau5_window identify the primary endpoint. Epoch observations are not independent seeds.",accuracy percent; epoch is the raw zero-based epoch index
in489g2,g16,g16,1,in489g2-g16-s1,0,0.27,0.23,S0075,84,false,"`in489g1`, 12 runs, ImageNet-489 | `in489g2`, 14 runs, ImageNet-489 | Full available curve retained; registered_horizon and in_registered_plateau5_window identify the primary endpoint. Epoch observations are not independent seeds.",accuracy percent; epoch is the raw zero-based epoch index
in489g2,g16,g16,1,in489g2-g16-s1,1,0.25,0.23,S0075,84,false,"`in489g1`, 12 runs, ImageNet-489 | `in489g2`, 14 runs, ImageNet-489 | Full available curve retained; registered_horizon and in_registered_plateau5_window identify the primary endpoint. Epoch observations are not independent seeds.",accuracy percent; epoch is the raw zero-based epoch index
in489g2,g16,g16,1,in489g2-g16-s1,2,0.58,0.31,S0075,84,false,"`in489g1`, 12 runs, ImageNet-489 | `in489g2`, 14 runs, ImageNet-489 | Full available curve retained; registered_horizon and in_registered_plateau5_window identify the primary endpoint. Epoch observations are not independent seeds.",accuracy percent; epoch is the raw zero-based epoch index
in489g2,g16,g16,1,in489g2-g16-s1,3,1.46,0.95,S0075,84,false,"`in489g1`, 12 runs, ImageNet-489 | `in489g2`, 14 runs, ImageNet-489 | Full available curve retained; registered_horizon and in_registered_plateau5_window identify the primary endpoint. Epoch observations are not independent seeds.",accuracy percent; epoch is the raw zero-based epoch index
in489g2,g16,g16,1,in489g2-g16-s1,4,1.44,1.39,S0075,84,false,"`in489g1`, 12 runs, ImageNet-489 | `in489g2`, 14 runs, ImageNet-489 | Full available curve retained; registered_horizon and in_registered_plateau5_window identify the primary endpoint. Epoch observations are not independent seeds.",accuracy percent; epoch is the raw zero-based epoch index
in489g2,g16,g16,1,in489g2-g16-s1,5,1.8,1.67,S0075,84,false,"`in489g1`, 12 runs, ImageNet-489 | `in489g2`, 14 runs, ImageNet-489 | Full available curve retained; registered_horizon and in_registered_plateau5_window identify the primary endpoint. Epoch observations are not independent seeds.",accuracy percent; epoch is the raw zero-based epoch index
in489g2,g16,g16,1,in489g2-g16-s1,6,1.7,1.79,S0075,84,false,"`in489g1`, 12 runs, ImageNet-489 | `in489g2`, 14 runs, ImageNet-489 | Full available curve retained; registered_horizon and in_registered_plateau5_window identify the primary endpoint. Epoch observations are not independent seeds.",accuracy percent; epoch is the raw zero-based epoch index
in489g2,g16,g16,1,in489g2-g16-s1,7,1.76,1.85,S0075,84,false,"`in489g1`, 12 runs, ImageNet-489 | `in489g2`, 14 runs, ImageNet-489 | Full available curve retained; registered_horizon and in_registered_plateau5_window identify the primary endpoint. Epoch observations are not independent seeds.",accuracy percent; epoch is the raw zero-based epoch index
in489g2,g16,g16,1,in489g2-g16-s1,8,2,1.86,S0075,84,false,"`in489g1`, 12 runs, ImageNet-489 | `in489g2`, 14 runs, ImageNet-489 | Full available curve retained; registered_horizon and in_registered_plateau5_window identify the primary endpoint. Epoch observations are not independent seeds.",accuracy percent; epoch is the raw zero-based epoch index
in489g2,g16,g16,1,in489g2-g16-s1,9,2.02,1.89,S0075,84,false,"`in489g1`, 12 runs, ImageNet-489 | `in489g2`, 14 runs, ImageNet-489 | Full available curve retained; registered_horizon and in_registered_plateau5_window identify the primary endpoint. Epoch observations are not independent seeds.",accuracy percent; epoch is the raw zero-based epoch index
in489g2,g16,g16,1,in489g2-g16-s1,10,1.8,1.9,S0075,84,false,"`in489g1`, 12 runs, ImageNet-489 | `in489g2`, 14 runs, ImageNet-489 | Full available curve retained; registered_horizon and in_registered_plateau5_window identify the primary endpoint. Epoch observations are not independent seeds.",accuracy percent; epoch is the raw zero-based epoch index
in489g2,g16,g16,1,in489g2-g16-s1,11,1.91,1.92,S0075,84,false,"`in489g1`, 12 runs, ImageNet-489 | `in489g2`, 14 runs, ImageNet-489 | Full available curve retained; registered_horizon and in_registered_plateau5_window identify the primary endpoint. Epoch observations are not independent seeds.",accuracy percent; epoch is the raw zero-based epoch index
in489g2,g16,g16,1,in489g2-g16-s1,12,1.87,1.94,S0075,84,false,"`in489g1`, 12 runs, ImageNet-489 | `in489g2`, 14 runs, ImageNet-489 | Full available curve retained; registered_horizon and in_registered_plateau5_window identify the primary endpoint. Epoch observations are not independent seeds.",accuracy percent; epoch is the raw zero-based epoch index
in489g2,g16,g16,1,in489g2-g16-s1,13,1.84,1.94,S0075,84,false,"`in489g1`, 12 runs, ImageNet-489 | `in489g2`, 14 runs, ImageNet-489 | Full available curve retained; registered_horizon and in_registered_plateau5_window identify the primary endpoint. Epoch observations are not independent seeds.",accuracy percent; epoch is the raw zero-based epoch index
in489g2,g16,g16,1,in489g2-g16-s1,14,2.07,1.94,S0075,84,false,"`in489g1`, 12 runs, ImageNet-489 | `in489g2`, 14 runs, ImageNet-489 | Full available curve retained; registered_horizon and in_registered_plateau5_window identify the primary endpoint. Epoch observations are not independent seeds.",accuracy percent; epoch is the raw zero-based epoch index
in489g2,g16,g16,1,in489g2-g16-s1,15,1.8,1.92,S0075,84,false,"`in489g1`, 12 runs, ImageNet-489 | `in489g2`, 14 runs, ImageNet-489 | Full available curve retained; registered_horizon and in_registered_plateau5_window identify the primary endpoint. Epoch observations are not independent seeds.",accuracy percent; epoch is the raw zero-based epoch index
in489g2,g16,g16,1,in489g2-g16-s1,16,1.87,1.92,S0075,84,false,"`in489g1`, 12 runs, ImageNet-489 | `in489g2`, 14 runs, ImageNet-489 | Full available curve retained; registered_horizon and in_registered_plateau5_window identify the primary endpoint. Epoch observations are not independent seeds.",accuracy percent; epoch is the raw zero-based epoch index
in489g2,g16,g16,1,in489g2-g16-s1,17,1.98,1.92,S0075,84,false,"`in489g1`, 12 runs, ImageNet-489 | `in489g2`, 14 runs, ImageNet-489 | Full available curve retained; registered_horizon and in_registered_plateau5_window identify the primary endpoint. Epoch observations are not independent seeds.",accuracy percent; epoch is the raw zero-based epoch index
in489g2,g16,g16,1,in489g2-g16-s1,18,1.98,1.95,S0075,84,false,"`in489g1`, 12 runs, ImageNet-489 | `in489g2`, 14 runs, ImageNet-489 | Full available curve retained; registered_horizon and in_registered_plateau5_window identify the primary endpoint. Epoch observations are not independent seeds.",accuracy percent; epoch is the raw zero-based epoch index
in489g2,g16,g16,1,in489g2-g16-s1,19,2.12,1.95,S0075,84,false,"`in489g1`, 12 runs, ImageNet-489 | `in489g2`, 14 runs, ImageNet-489 | Full available curve retained; registered_horizon and in_registered_plateau5_window identify the primary endpoint. Epoch observations are not independent seeds.",accuracy percent; epoch is the raw zero-based epoch index
in489g2,g16,g16,1,in489g2-g16-s1,20,1.95,1.96,S0075,84,false,"`in489g1`, 12 runs, ImageNet-489 | `in489g2`, 14 runs, ImageNet-489 | Full available curve retained; registered_horizon and in_registered_plateau5_window identify the primary endpoint. Epoch observations are not independent seeds.",accuracy percent; epoch is the raw zero-based epoch index
in489g2,g16,g16,1,in489g2-g16-s1,21,1.89,1.95,S0075,84,false,"`in489g1`, 12 runs, ImageNet-489 | `in489g2`, 14 runs, ImageNet-489 | Full available curve retained; registered_horizon and in_registered_plateau5_window identify the primary endpoint. Epoch observations are not independent seeds.",accuracy percent; epoch is the raw zero-based epoch index
in489g2,g16,g16,1,in489g2-g16-s1,22,1.99,1.96,S0075,84,false,"`in489g1`, 12 runs, ImageNet-489 | `in489g2`, 14 runs, ImageNet-489 | Full available curve retained; registered_horizon and in_registered_plateau5_window identify the primary endpoint. Epoch observations are not independent seeds.",accuracy percent; epoch is the raw zero-based epoch index
in489g2,g16,g16,1,in489g2-g16-s1,23,1.97,1.95,S0075,84,false,"`in489g1`, 12 runs, ImageNet-489 | `in489g2`, 14 runs, ImageNet-489 | Full available curve retained; registered_horizon and in_registered_plateau5_window identify the primary endpoint. Epoch observations are not independent seeds.",accuracy percent; epoch is the raw zero-based epoch index
in489g2,g16,g16,1,in489g2-g16-s1,24,1.98,1.97,S0075,84,false,"`in489g1`, 12 runs, ImageNet-489 | `in489g2`, 14 runs, ImageNet-489 | Full available curve retained; registered_horizon and in_registered_plateau5_window identify the primary endpoint. Epoch observations are not independent seeds.",accuracy percent; epoch is the raw zero-based epoch index
in489g2,g16,g16,1,in489g2-g16-s1,25,1.92,1.95,S0075,84,false,"`in489g1`, 12 runs, ImageNet-489 | `in489g2`, 14 runs, ImageNet-489 | Full available curve retained; registered_horizon and in_registered_plateau5_window identify the primary endpoint. Epoch observations are not independent seeds.",accuracy percent; epoch is the raw zero-based epoch index
in489g2,g16,g16,1,in489g2-g16-s1,26,2.08,1.94,S0075,84,false,"`in489g1`, 12 runs, ImageNet-489 | `in489g2`, 14 runs, ImageNet-489 | Full available curve retained; registered_horizon and in_registered_plateau5_window identify the primary endpoint. Epoch observations are not independent seeds.",accuracy percent; epoch is the raw zero-based epoch index
in489g2,g16,g16,1,in489g2-g16-s1,27,1.94,1.98,S0075,84,false,"`in489g1`, 12 runs, ImageNet-489 | `in489g2`, 14 runs, ImageNet-489 | Full available curve retained; registered_horizon and in_registered_plateau5_window identify the primary endpoint. Epoch observations are not independent seeds.",accuracy percent; epoch is the raw zero-based epoch index
in489g2,g16,g16,1,in489g2-g16-s1,28,2.15,1.93,S0075,84,false,"`in489g1`, 12 runs, ImageNet-489 | `in489g2`, 14 runs, ImageNet-489 | Full available curve retained; registered_horizon and in_registered_plateau5_window identify the primary endpoint. Epoch observations are not independent seeds.",accuracy percent; epoch is the raw zero-based epoch index
in489g2,g16,g16,1,in489g2-g16-s1,29,2.06,1.99,S0075,84,false,"`in489g1`, 12 runs, ImageNet-489 | `in489g2`, 14 runs, ImageNet-489 | Full available curve retained; registered_horizon and in_registered_plateau5_window identify the primary endpoint. Epoch observations are not independent seeds.",accuracy percent; epoch is the raw zero-based epoch index
in489g2,g16,g16,1,in489g2-g16-s1,30,1.99,1.95,S0075,84,false,"`in489g1`, 12 runs, ImageNet-489 | `in489g2`, 14 runs, ImageNet-489 | Full available curve retained; registered_horizon and in_registered_plateau5_window identify the primary endpoint. Epoch observations are not independent seeds.",accuracy percent; epoch is the raw zero-based epoch index
in489g2,g16,g16,1,in489g2-g16-s1,31,1.91,1.98,S0075,84,false,"`in489g1`, 12 runs, ImageNet-489 | `in489g2`, 14 runs, ImageNet-489 | Full available curve retained; registered_horizon and in_registered_plateau5_window identify the primary endpoint. Epoch observations are not independent seeds.",accuracy percent; epoch is the raw zero-based epoch index
in489g2,g16,g16,1,in489g2-g16-s1,32,2.08,1.92,S0075,84,false,"`in489g1`, 12 runs, ImageNet-489 | `in489g2`, 14 runs, ImageNet-489 | Full available curve retained; registered_horizon and in_registered_plateau5_window identify the primary endpoint. Epoch observations are not independent seeds.",accuracy percent; epoch is the raw zero-based epoch index
in489g2,g16,g16,1,in489g2-g16-s1,33,2,2.01,S0075,84,false,"`in489g1`, 12 runs, ImageNet-489 | `in489g2`, 14 runs, ImageNet-489 | Full available curve retained; registered_horizon and in_registered_plateau5_window identify the primary endpoint. Epoch observations are not independent seeds.",accuracy percent; epoch is the raw zero-based epoch index
in489g2,g16,g16,1,in489g2-g16-s1,34,1.98,2.01,S0075,84,false,"`in489g1`, 12 runs, ImageNet-489 | `in489g2`, 14 runs, ImageNet-489 | Full available curve retained; registered_horizon and in_registered_plateau5_window identify the primary endpoint. Epoch observations are not independent seeds.",accuracy percent; epoch is the raw zero-based epoch index
in489g2,g16,g16,1,in489g2-g16-s1,35,2.17,1.96,S0075,84,false,"`in489g1`, 12 runs, ImageNet-489 | `in489g2`, 14 runs, ImageNet-489 | Full available curve retained; registered_horizon and in_registered_plateau5_window identify the primary endpoint. Epoch observations are not independent seeds.",accuracy percent; epoch is the raw zero-based epoch index
in489g2,g16,g16,1,in489g2-g16-s1,36,2.02,2.02,S0075,84,false,"`in489g1`, 12 runs, ImageNet-489 | `in489g2`, 14 runs, ImageNet-489 | Full available curve retained; registered_horizon and in_registered_plateau5_window identify the primary endpoint. Epoch observations are not independent seeds.",accuracy percent; epoch is the raw zero-based epoch index
in489g2,g16,g16,1,in489g2-g16-s1,37,1.93,2.03,S0075,84,false,"`in489g1`, 12 runs, ImageNet-489 | `in489g2`, 14 runs, ImageNet-489 | Full available curve retained; registered_horizon and in_registered_plateau5_window identify the primary endpoint. Epoch observations are not independent seeds.",accuracy percent; epoch is the raw zero-based epoch index
in489g2,g16,g16,1,in489g2-g16-s1,38,2,1.98,S0075,84,false,"`in489g1`, 12 runs, ImageNet-489 | `in489g2`, 14 runs, ImageNet-489 | Full available curve retained; registered_horizon and in_registered_plateau5_window identify the primary endpoint. Epoch observations are not independent seeds.",accuracy percent; epoch is the raw zero-based epoch index
in489g2,g16,g16,1,in489g2-g16-s1,39,1.93,2.01,S0075,84,false,"`in489g1`, 12 runs, ImageNet-489 | `in489g2`, 14 runs, ImageNet-489 | Full available curve retained; registered_horizon and in_registered_plateau5_window identify the primary endpoint. Epoch observations are not independent seeds.",accuracy percent; epoch is the raw zero-based epoch index
in489g2,g16,g16,1,in489g2-g16-s1,40,1.93,1.99,S0075,84,false,"`in489g1`, 12 runs, ImageNet-489 | `in489g2`, 14 runs, ImageNet-489 | Full available curve retained; registered_horizon and in_registered_plateau5_window identify the primary endpoint. Epoch observations are not independent seeds.",accuracy percent; epoch is the raw zero-based epoch index
in489g2,g16,g16,1,in489g2-g16-s1,41,1.99,2,S0075,84,false,"`in489g1`, 12 runs, ImageNet-489 | `in489g2`, 14 runs, ImageNet-489 | Full available curve retained; registered_horizon and in_registered_plateau5_window identify the primary endpoint. Epoch observations are not independent seeds.",accuracy percent; epoch is the raw zero-based epoch index
in489g2,g16,g16,1,in489g2-g16-s1,42,1.98,2.02,S0075,84,false,"`in489g1`, 12 runs, ImageNet-489 | `in489g2`, 14 runs, ImageNet-489 | Full available curve retained; registered_horizon and in_registered_plateau5_window identify the primary endpoint. Epoch observations are not independent seeds.",accuracy percent; epoch is the raw zero-based epoch index
in489g2,g16,g16,1,in489g2-g16-s1,43,1.86,2.04,S0075,84,false,"`in489g1`, 12 runs, ImageNet-489 | `in489g2`, 14 runs, ImageNet-489 | Full available curve retained; registered_horizon and in_registered_plateau5_window identify the primary endpoint. Epoch observations are not independent seeds.",accuracy percent; epoch is the raw zero-based epoch index
in489g2,g16,g16,1,in489g2-g16-s1,44,1.97,1.98,S0075,84,false,"`in489g1`, 12 runs, ImageNet-489 | `in489g2`, 14 runs, ImageNet-489 | Full available curve retained; registered_horizon and in_registered_plateau5_window identify the primary endpoint. Epoch observations are not independent seeds.",accuracy percent; epoch is the raw zero-based epoch index
in489g2,g16,g16,1,in489g2-g16-s1,45,1.99,2.01,S0075,84,false,"`in489g1`, 12 runs, ImageNet-489 | `in489g2`, 14 runs, ImageNet-489 | Full available curve retained; registered_horizon and in_registered_plateau5_window identify the primary endpoint. Epoch observations are not independent seeds.",accuracy percent; epoch is the raw zero-based epoch index
in489g2,g16,g16,1,in489g2-g16-s1,46,1.98,2.01,S0075,84,false,"`in489g1`, 12 runs, ImageNet-489 | `in489g2`, 14 runs, ImageNet-489 | Full available curve retained; registered_horizon and in_registered_plateau5_window identify the primary endpoint. Epoch observations are not independent seeds.",accuracy percent; epoch is the raw zero-based epoch index
in489g2,g16,g16,1,in489g2-g16-s1,47,1.98,2.05,S0075,84,false,"`in489g1`, 12 runs, ImageNet-489 | `in489g2`, 14 runs, ImageNet-489 | Full available curve retained; registered_horizon and in_registered_plateau5_window identify the primary endpoint. Epoch observations are not independent seeds.",accuracy percent; epoch is the raw zero-based epoch index
in489g2,g16,g16,1,in489g2-g16-s1,48,2,2.01,S0075,84,false,"`in489g1`, 12 runs, ImageNet-489 | `in489g2`, 14 runs, ImageNet-489 | Full available curve retained; registered_horizon and in_registered_plateau5_window identify the primary endpoint. Epoch observations are not independent seeds.",accuracy percent; epoch is the raw zero-based epoch index
in489g2,g16,g16,1,in489g2-g16-s1,49,2.09,2.05,S0075,84,false,"`in489g1`, 12 runs, ImageNet-489 | `in489g2`, 14 runs, ImageNet-489 | Full available curve retained; registered_horizon and in_registered_plateau5_window identify the primary endpoint. Epoch observations are not independent seeds.",accuracy percent; epoch is the raw zero-based epoch index
in489g2,g16,g16,1,in489g2-g16-s1,50,2.1,1.99,S0075,84,false,"`in489g1`, 12 runs, ImageNet-489 | `in489g2`, 14 runs, ImageNet-489 | Full available curve retained; registered_horizon and in_registered_plateau5_window identify the primary endpoint. Epoch observations are not independent seeds.",accuracy percent; epoch is the raw zero-based epoch index
in489g2,g16,g16,1,in489g2-g16-s1,51,1.9,2.03,S0075,84,false,"`in489g1`, 12 runs, ImageNet-489 | `in489g2`, 14 runs, ImageNet-489 | Full available curve retained; registered_horizon and in_registered_plateau5_window identify the primary endpoint. Epoch observations are not independent seeds.",accuracy percent; epoch is the raw zero-based epoch index
in489g2,g16,g16,1,in489g2-g16-s1,52,1.99,2.02,S0075,84,false,"`in489g1`, 12 runs, ImageNet-489 | `in489g2`, 14 runs, ImageNet-489 | Full available curve retained; registered_horizon and in_registered_plateau5_window identify the primary endpoint. Epoch observations are not independent seeds.",accuracy percent; epoch is the raw zero-based epoch index
in489g2,g16,g16,1,in489g2-g16-s1,53,2.02,2.02,S0075,84,false,"`in489g1`, 12 runs, ImageNet-489 | `in489g2`, 14 runs, ImageNet-489 | Full available curve retained; registered_horizon and in_registered_plateau5_window identify the primary endpoint. Epoch observations are not independent seeds.",accuracy percent; epoch is the raw zero-based epoch index
in489g2,g16,g16,1,in489g2-g16-s1,54,1.94,2,S0075,84,false,"`in489g1`, 12 runs, ImageNet-489 | `in489g2`, 14 runs, ImageNet-489 | Full available curve retained; registered_horizon and in_registered_plateau5_window identify the primary endpoint. Epoch observations are not independent seeds.",accuracy percent; epoch is the raw zero-based epoch index
in489g2,g16,g16,1,in489g2-g16-s1,55,2.02,2.01,S0075,84,false,"`in489g1`, 12 runs, ImageNet-489 | `in489g2`, 14 runs, ImageNet-489 | Full available curve retained; registered_horizon and in_registered_plateau5_window identify the primary endpoint. Epoch observations are not independent seeds.",accuracy percent; epoch is the raw zero-based epoch index
in489g2,g16,g16,1,in489g2-g16-s1,56,2.01,2.05,S0075,84,false,"`in489g1`, 12 runs, ImageNet-489 | `in489g2`, 14 runs, ImageNet-489 | Full available curve retained; registered_horizon and in_registered_plateau5_window identify the primary endpoint. Epoch observations are not independent seeds.",accuracy percent; epoch is the raw zero-based epoch index
in489g2,g16,g16,1,in489g2-g16-s1,57,1.95,2.03,S0075,84,false,"`in489g1`, 12 runs, ImageNet-489 | `in489g2`, 14 runs, ImageNet-489 | Full available curve retained; registered_horizon and in_registered_plateau5_window identify the primary endpoint. Epoch observations are not independent seeds.",accuracy percent; epoch is the raw zero-based epoch index
in489g2,g16,g16,1,in489g2-g16-s1,58,1.95,1.99,S0075,84,false,"`in489g1`, 12 runs, ImageNet-489 | `in489g2`, 14 runs, ImageNet-489 | Full available curve retained; registered_horizon and in_registered_plateau5_window identify the primary endpoint. Epoch observations are not independent seeds.",accuracy percent; epoch is the raw zero-based epoch index
in489g2,g16,g16,1,in489g2-g16-s1,59,1.99,1.97,S0075,84,false,"`in489g1`, 12 runs, ImageNet-489 | `in489g2`, 14 runs, ImageNet-489 | Full available curve retained; registered_horizon and in_registered_plateau5_window identify the primary endpoint. Epoch observations are not independent seeds.",accuracy percent; epoch is the raw zero-based epoch index
in489g2,g16,g16,1,in489g2-g16-s1,60,2.02,2.02,S0075,84,false,"`in489g1`, 12 runs, ImageNet-489 | `in489g2`, 14 runs, ImageNet-489 | Full available curve retained; registered_horizon and in_registered_plateau5_window identify the primary endpoint. Epoch observations are not independent seeds.",accuracy percent; epoch is the raw zero-based epoch index
in489g2,g16,g16,1,in489g2-g16-s1,61,1.98,2.04,S0075,84,false,"`in489g1`, 12 runs, ImageNet-489 | `in489g2`, 14 runs, ImageNet-489 | Full available curve retained; registered_horizon and in_registered_plateau5_window identify the primary endpoint. Epoch observations are not independent seeds.",accuracy percent; epoch is the raw zero-based epoch index
in489g2,g16,g16,1,in489g2-g16-s1,62,1.97,2.02,S0075,84,false,"`in489g1`, 12 runs, ImageNet-489 | `in489g2`, 14 runs, ImageNet-489 | Full available curve retained; registered_horizon and in_registered_plateau5_window identify the primary endpoint. Epoch observations are not independent seeds.",accuracy percent; epoch is the raw zero-based epoch index
in489g2,g16,g16,1,in489g2-g16-s1,63,1.9,2.04,S0075,84,false,"`in489g1`, 12 runs, ImageNet-489 | `in489g2`, 14 runs, ImageNet-489 | Full available curve retained; registered_horizon and in_registered_plateau5_window identify the primary endpoint. Epoch observations are not independent seeds.",accuracy percent; epoch is the raw zero-based epoch index
in489g2,g16,g16,1,in489g2-g16-s1,64,2.08,2.02,S0075,84,false,"`in489g1`, 12 runs, ImageNet-489 | `in489g2`, 14 runs, ImageNet-489 | Full available curve retained; registered_horizon and in_registered_plateau5_window identify the primary endpoint. Epoch observations are not independent seeds.",accuracy percent; epoch is the raw zero-based epoch index
in489g2,g16,g16,1,in489g2-g16-s1,65,2.02,2.06,S0075,84,false,"`in489g1`, 12 runs, ImageNet-489 | `in489g2`, 14 runs, ImageNet-489 | Full available curve retained; registered_horizon and in_registered_plateau5_window identify the primary endpoint. Epoch observations are not independent seeds.",accuracy percent; epoch is the raw zero-based epoch index
in489g2,g16,g16,1,in489g2-g16-s1,66,2.12,2,S0075,84,false,"`in489g1`, 12 runs, ImageNet-489 | `in489g2`, 14 runs, ImageNet-489 | Full available curve retained; registered_horizon and in_registered_plateau5_window identify the primary endpoint. Epoch observations are not independent seeds.",accuracy percent; epoch is the raw zero-based epoch index
in489g2,g16,g16,1,in489g2-g16-s1,67,2.08,2.04,S0075,84,false,"`in489g1`, 12 runs, ImageNet-489 | `in489g2`, 14 runs, ImageNet-489 | Full available curve retained; registered_horizon and in_registered_plateau5_window identify the primary endpoint. Epoch observations are not independent seeds.",accuracy percent; epoch is the raw zero-based epoch index
in489g2,g16,g16,1,in489g2-g16-s1,68,1.94,2.06,S0075,84,false,"`in489g1`, 12 runs, ImageNet-489 | `in489g2`, 14 runs, ImageNet-489 | Full available curve retained; registered_horizon and in_registered_plateau5_window identify the primary endpoint. Epoch observations are not independent seeds.",accuracy percent; epoch is the raw zero-based epoch index
in489g2,g16,g16,1,in489g2-g16-s1,69,2.02,2.05,S0075,84,false,"`in489g1`, 12 runs, ImageNet-489 | `in489g2`, 14 runs, ImageNet-489 | Full available curve retained; registered_horizon and in_registered_plateau5_window identify the primary endpoint. Epoch observations are not independent seeds.",accuracy percent; epoch is the raw zero-based epoch index
in489g2,g16,g16,1,in489g2-g16-s1,70,1.96,2.04,S0075,84,false,"`in489g1`, 12 runs, ImageNet-489 | `in489g2`, 14 runs, ImageNet-489 | Full available curve retained; registered_horizon and in_registered_plateau5_window identify the primary endpoint. Epoch observations are not independent seeds.",accuracy percent; epoch is the raw zero-based epoch index
in489g2,g16,g16,1,in489g2-g16-s1,71,2.03,2.05,S0075,84,false,"`in489g1`, 12 runs, ImageNet-489 | `in489g2`, 14 runs, ImageNet-489 | Full available curve retained; registered_horizon and in_registered_plateau5_window identify the primary endpoint. Epoch observations are not independent seeds.",accuracy percent; epoch is the raw zero-based epoch index
in489g2,g16,g16,1,in489g2-g16-s1,72,2.1,2.03,S0075,84,false,"`in489g1`, 12 runs, ImageNet-489 | `in489g2`, 14 runs, ImageNet-489 | Full available curve retained; registered_horizon and in_registered_plateau5_window identify the primary endpoint. Epoch observations are not independent seeds.",accuracy percent; epoch is the raw zero-based epoch index
in489g2,g16,g16,1,in489g2-g16-s1,73,1.93,2.04,S0075,84,false,"`in489g1`, 12 runs, ImageNet-489 | `in489g2`, 14 runs, ImageNet-489 | Full available curve retained; registered_horizon and in_registered_plateau5_window identify the primary endpoint. Epoch observations are not independent seeds.",accuracy percent; epoch is the raw zero-based epoch index
in489g2,g16,g16,1,in489g2-g16-s1,74,2.15,2.04,S0075,84,false,"`in489g1`, 12 runs, ImageNet-489 | `in489g2`, 14 runs, ImageNet-489 | Full available curve retained; registered_horizon and in_registered_plateau5_window identify the primary endpoint. Epoch observations are not independent seeds.",accuracy percent; epoch is the raw zero-based epoch index
in489g2,g16,g16,1,in489g2-g16-s1,75,2.04,2.06,S0075,84,false,"`in489g1`, 12 runs, ImageNet-489 | `in489g2`, 14 runs, ImageNet-489 | Full available curve retained; registered_horizon and in_registered_plateau5_window identify the primary endpoint. Epoch observations are not independent seeds.",accuracy percent; epoch is the raw zero-based epoch index
in489g2,g16,g16,1,in489g2-g16-s1,76,1.96,2.03,S0075,84,false,"`in489g1`, 12 runs, ImageNet-489 | `in489g2`, 14 runs, ImageNet-489 | Full available curve retained; registered_horizon and in_registered_plateau5_window identify the primary endpoint. Epoch observations are not independent seeds.",accuracy percent; epoch is the raw zero-based epoch index
in489g2,g16,g16,1,in489g2-g16-s1,77,2.01,2.05,S0075,84,false,"`in489g1`, 12 runs, ImageNet-489 | `in489g2`, 14 runs, ImageNet-489 | Full available curve retained; registered_horizon and in_registered_plateau5_window identify the primary endpoint. Epoch observations are not independent seeds.",accuracy percent; epoch is the raw zero-based epoch index
in489g2,g16,g16,1,in489g2-g16-s1,78,1.97,2.01,S0075,84,false,"`in489g1`, 12 runs, ImageNet-489 | `in489g2`, 14 runs, ImageNet-489 | Full available curve retained; registered_horizon and in_registered_plateau5_window identify the primary endpoint. Epoch observations are not independent seeds.",accuracy percent; epoch is the raw zero-based epoch index
in489g2,g16,g16,1,in489g2-g16-s1,79,1.97,2.03,S0075,84,true,"`in489g1`, 12 runs, ImageNet-489 | `in489g2`, 14 runs, ImageNet-489 | Full available curve retained; registered_horizon and in_registered_plateau5_window identify the primary endpoint. Epoch observations are not independent seeds.",accuracy percent; epoch is the raw zero-based epoch index
in489g2,g16,g16,1,in489g2-g16-s1,80,1.93,2.04,S0075,84,true,"`in489g1`, 12 runs, ImageNet-489 | `in489g2`, 14 runs, ImageNet-489 | Full available curve retained; registered_horizon and in_registered_plateau5_window identify the primary endpoint. Epoch observations are not independent seeds.",accuracy percent; epoch is the raw zero-based epoch index
in489g2,g16,g16,1,in489g2-g16-s1,81,1.92,2.05,S0075,84,true,"`in489g1`, 12 runs, ImageNet-489 | `in489g2`, 14 runs, ImageNet-489 | Full available curve retained; registered_horizon and in_registered_plateau5_window identify the primary endpoint. Epoch observations are not independent seeds.",accuracy percent; epoch is the raw zero-based epoch index
in489g2,g16,g16,1,in489g2-g16-s1,82,2,2.04,S0075,84,true,"`in489g1`, 12 runs, ImageNet-489 | `in489g2`, 14 runs, ImageNet-489 | Full available curve retained; registered_horizon and in_registered_plateau5_window identify the primary endpoint. Epoch observations are not independent seeds.",accuracy percent; epoch is the raw zero-based epoch index
in489g2,g16,g16,1,in489g2-g16-s1,83,1.96,2.01,S0075,84,true,"`in489g1`, 12 runs, ImageNet-489 | `in489g2`, 14 runs, ImageNet-489 | Full available curve retained; registered_horizon and in_registered_plateau5_window identify the primary endpoint. Epoch observations are not independent seeds.",accuracy percent; epoch is the raw zero-based epoch index
in489g2,g32,g32,0,in489g2-g32-s0,0,0.27,0.27,S0076,84,false,"`in489g1`, 12 runs, ImageNet-489 | `in489g2`, 14 runs, ImageNet-489 | Full available curve retained; registered_horizon and in_registered_plateau5_window identify the primary endpoint. Epoch observations are not independent seeds.",accuracy percent; epoch is the raw zero-based epoch index
in489g2,g32,g32,0,in489g2-g32-s0,1,0.23,0.27,S0076,84,false,"`in489g1`, 12 runs, ImageNet-489 | `in489g2`, 14 runs, ImageNet-489 | Full available curve retained; registered_horizon and in_registered_plateau5_window identify the primary endpoint. Epoch observations are not independent seeds.",accuracy percent; epoch is the raw zero-based epoch index
in489g2,g32,g32,0,in489g2-g32-s0,2,0.58,0.33,S0076,84,false,"`in489g1`, 12 runs, ImageNet-489 | `in489g2`, 14 runs, ImageNet-489 | Full available curve retained; registered_horizon and in_registered_plateau5_window identify the primary endpoint. Epoch observations are not independent seeds.",accuracy percent; epoch is the raw zero-based epoch index
in489g2,g32,g32,0,in489g2-g32-s0,3,1.93,1.09,S0076,84,false,"`in489g1`, 12 runs, ImageNet-489 | `in489g2`, 14 runs, ImageNet-489 | Full available curve retained; registered_horizon and in_registered_plateau5_window identify the primary endpoint. Epoch observations are not independent seeds.",accuracy percent; epoch is the raw zero-based epoch index
in489g2,g32,g32,0,in489g2-g32-s0,4,5.2,3.57,S0076,84,false,"`in489g1`, 12 runs, ImageNet-489 | `in489g2`, 14 runs, ImageNet-489 | Full available curve retained; registered_horizon and in_registered_plateau5_window identify the primary endpoint. Epoch observations are not independent seeds.",accuracy percent; epoch is the raw zero-based epoch index
in489g2,g32,g32,0,in489g2-g32-s0,5,7.95,6.42,S0076,84,false,"`in489g1`, 12 runs, ImageNet-489 | `in489g2`, 14 runs, ImageNet-489 | Full available curve retained; registered_horizon and in_registered_plateau5_window identify the primary endpoint. Epoch observations are not independent seeds.",accuracy percent; epoch is the raw zero-based epoch index
in489g2,g32,g32,0,in489g2-g32-s0,6,10.2,8.54,S0076,84,false,"`in489g1`, 12 runs, ImageNet-489 | `in489g2`, 14 runs, ImageNet-489 | Full available curve retained; registered_horizon and in_registered_plateau5_window identify the primary endpoint. Epoch observations are not independent seeds.",accuracy percent; epoch is the raw zero-based epoch index
in489g2,g32,g32,0,in489g2-g32-s0,7,11.8,10.02,S0076,84,false,"`in489g1`, 12 runs, ImageNet-489 | `in489g2`, 14 runs, ImageNet-489 | Full available curve retained; registered_horizon and in_registered_plateau5_window identify the primary endpoint. Epoch observations are not independent seeds.",accuracy percent; epoch is the raw zero-based epoch index
in489g2,g32,g32,0,in489g2-g32-s0,8,12.49,11.14,S0076,84,false,"`in489g1`, 12 runs, ImageNet-489 | `in489g2`, 14 runs, ImageNet-489 | Full available curve retained; registered_horizon and in_registered_plateau5_window identify the primary endpoint. Epoch observations are not independent seeds.",accuracy percent; epoch is the raw zero-based epoch index
in489g2,g32,g32,0,in489g2-g32-s0,9,13.63,12.07,S0076,84,false,"`in489g1`, 12 runs, ImageNet-489 | `in489g2`, 14 runs, ImageNet-489 | Full available curve retained; registered_horizon and in_registered_plateau5_window identify the primary endpoint. Epoch observations are not independent seeds.",accuracy percent; epoch is the raw zero-based epoch index
in489g2,g32,g32,0,in489g2-g32-s0,10,14.07,12.85,S0076,84,false,"`in489g1`, 12 runs, ImageNet-489 | `in489g2`, 14 runs, ImageNet-489 | Full available curve retained; registered_horizon and in_registered_plateau5_window identify the primary endpoint. Epoch observations are not independent seeds.",accuracy percent; epoch is the raw zero-based epoch index
in489g2,g32,g32,0,in489g2-g32-s0,11,15.19,13.32,S0076,84,false,"`in489g1`, 12 runs, ImageNet-489 | `in489g2`, 14 runs, ImageNet-489 | Full available curve retained; registered_horizon and in_registered_plateau5_window identify the primary endpoint. Epoch observations are not independent seeds.",accuracy percent; epoch is the raw zero-based epoch index
in489g2,g32,g32,0,in489g2-g32-s0,12,15.58,13.9,S0076,84,false,"`in489g1`, 12 runs, ImageNet-489 | `in489g2`, 14 runs, ImageNet-489 | Full available curve retained; registered_horizon and in_registered_plateau5_window identify the primary endpoint. Epoch observations are not independent seeds.",accuracy percent; epoch is the raw zero-based epoch index
in489g2,g32,g32,0,in489g2-g32-s0,13,16.01,14.47,S0076,84,false,"`in489g1`, 12 runs, ImageNet-489 | `in489g2`, 14 runs, ImageNet-489 | Full available curve retained; registered_horizon and in_registered_plateau5_window identify the primary endpoint. Epoch observations are not independent seeds.",accuracy percent; epoch is the raw zero-based epoch index
in489g2,g32,g32,0,in489g2-g32-s0,14,16.42,14.88,S0076,84,false,"`in489g1`, 12 runs, ImageNet-489 | `in489g2`, 14 runs, ImageNet-489 | Full available curve retained; registered_horizon and in_registered_plateau5_window identify the primary endpoint. Epoch observations are not independent seeds.",accuracy percent; epoch is the raw zero-based epoch index
in489g2,g32,g32,0,in489g2-g32-s0,15,17,15.32,S0076,84,false,"`in489g1`, 12 runs, ImageNet-489 | `in489g2`, 14 runs, ImageNet-489 | Full available curve retained; registered_horizon and in_registered_plateau5_window identify the primary endpoint. Epoch observations are not independent seeds.",accuracy percent; epoch is the raw zero-based epoch index
in489g2,g32,g32,0,in489g2-g32-s0,16,17.55,15.71,S0076,84,false,"`in489g1`, 12 runs, ImageNet-489 | `in489g2`, 14 runs, ImageNet-489 | Full available curve retained; registered_horizon and in_registered_plateau5_window identify the primary endpoint. Epoch observations are not independent seeds.",accuracy percent; epoch is the raw zero-based epoch index
in489g2,g32,g32,0,in489g2-g32-s0,17,17.44,16,S0076,84,false,"`in489g1`, 12 runs, ImageNet-489 | `in489g2`, 14 runs, ImageNet-489 | Full available curve retained; registered_horizon and in_registered_plateau5_window identify the primary endpoint. Epoch observations are not independent seeds.",accuracy percent; epoch is the raw zero-based epoch index
in489g2,g32,g32,0,in489g2-g32-s0,18,18.09,16.32,S0076,84,false,"`in489g1`, 12 runs, ImageNet-489 | `in489g2`, 14 runs, ImageNet-489 | Full available curve retained; registered_horizon and in_registered_plateau5_window identify the primary endpoint. Epoch observations are not independent seeds.",accuracy percent; epoch is the raw zero-based epoch index
in489g2,g32,g32,0,in489g2-g32-s0,19,18.19,16.53,S0076,84,false,"`in489g1`, 12 runs, ImageNet-489 | `in489g2`, 14 runs, ImageNet-489 | Full available curve retained; registered_horizon and in_registered_plateau5_window identify the primary endpoint. Epoch observations are not independent seeds.",accuracy percent; epoch is the raw zero-based epoch index
in489g2,g32,g32,0,in489g2-g32-s0,20,18.42,16.78,S0076,84,false,"`in489g1`, 12 runs, ImageNet-489 | `in489g2`, 14 runs, ImageNet-489 | Full available curve retained; registered_horizon and in_registered_plateau5_window identify the primary endpoint. Epoch observations are not independent seeds.",accuracy percent; epoch is the raw zero-based epoch index
in489g2,g32,g32,0,in489g2-g32-s0,21,18.45,17.02,S0076,84,false,"`in489g1`, 12 runs, ImageNet-489 | `in489g2`, 14 runs, ImageNet-489 | Full available curve retained; registered_horizon and in_registered_plateau5_window identify the primary endpoint. Epoch observations are not independent seeds.",accuracy percent; epoch is the raw zero-based epoch index
in489g2,g32,g32,0,in489g2-g32-s0,22,18.65,17.17,S0076,84,false,"`in489g1`, 12 runs, ImageNet-489 | `in489g2`, 14 runs, ImageNet-489 | Full available curve retained; registered_horizon and in_registered_plateau5_window identify the primary endpoint. Epoch observations are not independent seeds.",accuracy percent; epoch is the raw zero-based epoch index
in489g2,g32,g32,0,in489g2-g32-s0,23,18.97,17.28,S0076,84,false,"`in489g1`, 12 runs, ImageNet-489 | `in489g2`, 14 runs, ImageNet-489 | Full available curve retained; registered_horizon and in_registered_plateau5_window identify the primary endpoint. Epoch observations are not independent seeds.",accuracy percent; epoch is the raw zero-based epoch index
in489g2,g32,g32,0,in489g2-g32-s0,24,18.97,17.41,S0076,84,false,"`in489g1`, 12 runs, ImageNet-489 | `in489g2`, 14 runs, ImageNet-489 | Full available curve retained; registered_horizon and in_registered_plateau5_window identify the primary endpoint. Epoch observations are not independent seeds.",accuracy percent; epoch is the raw zero-based epoch index
in489g2,g32,g32,0,in489g2-g32-s0,25,19.14,17.66,S0076,84,false,"`in489g1`, 12 runs, ImageNet-489 | `in489g2`, 14 runs, ImageNet-489 | Full available curve retained; registered_horizon and in_registered_plateau5_window identify the primary endpoint. Epoch observations are not independent seeds.",accuracy percent; epoch is the raw zero-based epoch index
in489g2,g32,g32,0,in489g2-g32-s0,26,19.57,17.68,S0076,84,false,"`in489g1`, 12 runs, ImageNet-489 | `in489g2`, 14 runs, ImageNet-489 | Full available curve retained; registered_horizon and in_registered_plateau5_window identify the primary endpoint. Epoch observations are not independent seeds.",accuracy percent; epoch is the raw zero-based epoch index
in489g2,g32,g32,0,in489g2-g32-s0,27,19.8,17.84,S0076,84,false,"`in489g1`, 12 runs, ImageNet-489 | `in489g2`, 14 runs, ImageNet-489 | Full available curve retained; registered_horizon and in_registered_plateau5_window identify the primary endpoint. Epoch observations are not independent seeds.",accuracy percent; epoch is the raw zero-based epoch index
in489g2,g32,g32,0,in489g2-g32-s0,28,19.46,18.04,S0076,84,false,"`in489g1`, 12 runs, ImageNet-489 | `in489g2`, 14 runs, ImageNet-489 | Full available curve retained; registered_horizon and in_registered_plateau5_window identify the primary endpoint. Epoch observations are not independent seeds.",accuracy percent; epoch is the raw zero-based epoch index
in489g2,g32,g32,0,in489g2-g32-s0,29,20.13,18.11,S0076,84,false,"`in489g1`, 12 runs, ImageNet-489 | `in489g2`, 14 runs, ImageNet-489 | Full available curve retained; registered_horizon and in_registered_plateau5_window identify the primary endpoint. Epoch observations are not independent seeds.",accuracy percent; epoch is the raw zero-based epoch index
in489g2,g32,g32,0,in489g2-g32-s0,30,19.92,18.24,S0076,84,false,"`in489g1`, 12 runs, ImageNet-489 | `in489g2`, 14 runs, ImageNet-489 | Full available curve retained; registered_horizon and in_registered_plateau5_window identify the primary endpoint. Epoch observations are not independent seeds.",accuracy percent; epoch is the raw zero-based epoch index
in489g2,g32,g32,0,in489g2-g32-s0,31,20.03,18.34,S0076,84,false,"`in489g1`, 12 runs, ImageNet-489 | `in489g2`, 14 runs, ImageNet-489 | Full available curve retained; registered_horizon and in_registered_plateau5_window identify the primary endpoint. Epoch observations are not independent seeds.",accuracy percent; epoch is the raw zero-based epoch index
in489g2,g32,g32,0,in489g2-g32-s0,32,20.25,18.41,S0076,84,false,"`in489g1`, 12 runs, ImageNet-489 | `in489g2`, 14 runs, ImageNet-489 | Full available curve retained; registered_horizon and in_registered_plateau5_window identify the primary endpoint. Epoch observations are not independent seeds.",accuracy percent; epoch is the raw zero-based epoch index
in489g2,g32,g32,0,in489g2-g32-s0,33,20.37,18.45,S0076,84,false,"`in489g1`, 12 runs, ImageNet-489 | `in489g2`, 14 runs, ImageNet-489 | Full available curve retained; registered_horizon and in_registered_plateau5_window identify the primary endpoint. Epoch observations are not independent seeds.",accuracy percent; epoch is the raw zero-based epoch index
in489g2,g32,g32,0,in489g2-g32-s0,34,20.56,18.65,S0076,84,false,"`in489g1`, 12 runs, ImageNet-489 | `in489g2`, 14 runs, ImageNet-489 | Full available curve retained; registered_horizon and in_registered_plateau5_window identify the primary endpoint. Epoch observations are not independent seeds.",accuracy percent; epoch is the raw zero-based epoch index
in489g2,g32,g32,0,in489g2-g32-s0,35,20.57,18.65,S0076,84,false,"`in489g1`, 12 runs, ImageNet-489 | `in489g2`, 14 runs, ImageNet-489 | Full available curve retained; registered_horizon and in_registered_plateau5_window identify the primary endpoint. Epoch observations are not independent seeds.",accuracy percent; epoch is the raw zero-based epoch index
in489g2,g32,g32,0,in489g2-g32-s0,36,20.45,18.72,S0076,84,false,"`in489g1`, 12 runs, ImageNet-489 | `in489g2`, 14 runs, ImageNet-489 | Full available curve retained; registered_horizon and in_registered_plateau5_window identify the primary endpoint. Epoch observations are not independent seeds.",accuracy percent; epoch is the raw zero-based epoch index
in489g2,g32,g32,0,in489g2-g32-s0,37,20.72,18.9,S0076,84,false,"`in489g1`, 12 runs, ImageNet-489 | `in489g2`, 14 runs, ImageNet-489 | Full available curve retained; registered_horizon and in_registered_plateau5_window identify the primary endpoint. Epoch observations are not independent seeds.",accuracy percent; epoch is the raw zero-based epoch index
in489g2,g32,g32,0,in489g2-g32-s0,38,20.63,19.01,S0076,84,false,"`in489g1`, 12 runs, ImageNet-489 | `in489g2`, 14 runs, ImageNet-489 | Full available curve retained; registered_horizon and in_registered_plateau5_window identify the primary endpoint. Epoch observations are not independent seeds.",accuracy percent; epoch is the raw zero-based epoch index
in489g2,g32,g32,0,in489g2-g32-s0,39,20.72,18.97,S0076,84,false,"`in489g1`, 12 runs, ImageNet-489 | `in489g2`, 14 runs, ImageNet-489 | Full available curve retained; registered_horizon and in_registered_plateau5_window identify the primary endpoint. Epoch observations are not independent seeds.",accuracy percent; epoch is the raw zero-based epoch index
in489g2,g32,g32,0,in489g2-g32-s0,40,20.8,19,S0076,84,false,"`in489g1`, 12 runs, ImageNet-489 | `in489g2`, 14 runs, ImageNet-489 | Full available curve retained; registered_horizon and in_registered_plateau5_window identify the primary endpoint. Epoch observations are not independent seeds.",accuracy percent; epoch is the raw zero-based epoch index
in489g2,g32,g32,0,in489g2-g32-s0,41,21.1,19.12,S0076,84,false,"`in489g1`, 12 runs, ImageNet-489 | `in489g2`, 14 runs, ImageNet-489 | Full available curve retained; registered_horizon and in_registered_plateau5_window identify the primary endpoint. Epoch observations are not independent seeds.",accuracy percent; epoch is the raw zero-based epoch index
in489g2,g32,g32,0,in489g2-g32-s0,42,21.13,19.18,S0076,84,false,"`in489g1`, 12 runs, ImageNet-489 | `in489g2`, 14 runs, ImageNet-489 | Full available curve retained; registered_horizon and in_registered_plateau5_window identify the primary endpoint. Epoch observations are not independent seeds.",accuracy percent; epoch is the raw zero-based epoch index
in489g2,g32,g32,0,in489g2-g32-s0,43,20.95,19.28,S0076,84,false,"`in489g1`, 12 runs, ImageNet-489 | `in489g2`, 14 runs, ImageNet-489 | Full available curve retained; registered_horizon and in_registered_plateau5_window identify the primary endpoint. Epoch observations are not independent seeds.",accuracy percent; epoch is the raw zero-based epoch index
in489g2,g32,g32,0,in489g2-g32-s0,44,21.41,19.27,S0076,84,false,"`in489g1`, 12 runs, ImageNet-489 | `in489g2`, 14 runs, ImageNet-489 | Full available curve retained; registered_horizon and in_registered_plateau5_window identify the primary endpoint. Epoch observations are not independent seeds.",accuracy percent; epoch is the raw zero-based epoch index
in489g2,g32,g32,0,in489g2-g32-s0,45,21.1,19.38,S0076,84,false,"`in489g1`, 12 runs, ImageNet-489 | `in489g2`, 14 runs, ImageNet-489 | Full available curve retained; registered_horizon and in_registered_plateau5_window identify the primary endpoint. Epoch observations are not independent seeds.",accuracy percent; epoch is the raw zero-based epoch index
in489g2,g32,g32,0,in489g2-g32-s0,46,21.25,19.51,S0076,84,false,"`in489g1`, 12 runs, ImageNet-489 | `in489g2`, 14 runs, ImageNet-489 | Full available curve retained; registered_horizon and in_registered_plateau5_window identify the primary endpoint. Epoch observations are not independent seeds.",accuracy percent; epoch is the raw zero-based epoch index
in489g2,g32,g32,0,in489g2-g32-s0,47,21.46,19.4,S0076,84,false,"`in489g1`, 12 runs, ImageNet-489 | `in489g2`, 14 runs, ImageNet-489 | Full available curve retained; registered_horizon and in_registered_plateau5_window identify the primary endpoint. Epoch observations are not independent seeds.",accuracy percent; epoch is the raw zero-based epoch index
in489g2,g32,g32,0,in489g2-g32-s0,48,21.38,19.59,S0076,84,false,"`in489g1`, 12 runs, ImageNet-489 | `in489g2`, 14 runs, ImageNet-489 | Full available curve retained; registered_horizon and in_registered_plateau5_window identify the primary endpoint. Epoch observations are not independent seeds.",accuracy percent; epoch is the raw zero-based epoch index
in489g2,g32,g32,0,in489g2-g32-s0,49,21.68,19.62,S0076,84,false,"`in489g1`, 12 runs, ImageNet-489 | `in489g2`, 14 runs, ImageNet-489 | Full available curve retained; registered_horizon and in_registered_plateau5_window identify the primary endpoint. Epoch observations are not independent seeds.",accuracy percent; epoch is the raw zero-based epoch index
in489g2,g32,g32,0,in489g2-g32-s0,50,21.55,19.66,S0076,84,false,"`in489g1`, 12 runs, ImageNet-489 | `in489g2`, 14 runs, ImageNet-489 | Full available curve retained; registered_horizon and in_registered_plateau5_window identify the primary endpoint. Epoch observations are not independent seeds.",accuracy percent; epoch is the raw zero-based epoch index
in489g2,g32,g32,0,in489g2-g32-s0,51,21.71,19.63,S0076,84,false,"`in489g1`, 12 runs, ImageNet-489 | `in489g2`, 14 runs, ImageNet-489 | Full available curve retained; registered_horizon and in_registered_plateau5_window identify the primary endpoint. Epoch observations are not independent seeds.",accuracy percent; epoch is the raw zero-based epoch index
in489g2,g32,g32,0,in489g2-g32-s0,52,21.72,19.74,S0076,84,false,"`in489g1`, 12 runs, ImageNet-489 | `in489g2`, 14 runs, ImageNet-489 | Full available curve retained; registered_horizon and in_registered_plateau5_window identify the primary endpoint. Epoch observations are not independent seeds.",accuracy percent; epoch is the raw zero-based epoch index
in489g2,g32,g32,0,in489g2-g32-s0,53,21.76,19.8,S0076,84,false,"`in489g1`, 12 runs, ImageNet-489 | `in489g2`, 14 runs, ImageNet-489 | Full available curve retained; registered_horizon and in_registered_plateau5_window identify the primary endpoint. Epoch observations are not independent seeds.",accuracy percent; epoch is the raw zero-based epoch index
in489g2,g32,g32,0,in489g2-g32-s0,54,22.08,19.87,S0076,84,false,"`in489g1`, 12 runs, ImageNet-489 | `in489g2`, 14 runs, ImageNet-489 | Full available curve retained; registered_horizon and in_registered_plateau5_window identify the primary endpoint. Epoch observations are not independent seeds.",accuracy percent; epoch is the raw zero-based epoch index
in489g2,g32,g32,0,in489g2-g32-s0,55,21.77,19.9,S0076,84,false,"`in489g1`, 12 runs, ImageNet-489 | `in489g2`, 14 runs, ImageNet-489 | Full available curve retained; registered_horizon and in_registered_plateau5_window identify the primary endpoint. Epoch observations are not independent seeds.",accuracy percent; epoch is the raw zero-based epoch index
in489g2,g32,g32,0,in489g2-g32-s0,56,21.84,19.97,S0076,84,false,"`in489g1`, 12 runs, ImageNet-489 | `in489g2`, 14 runs, ImageNet-489 | Full available curve retained; registered_horizon and in_registered_plateau5_window identify the primary endpoint. Epoch observations are not independent seeds.",accuracy percent; epoch is the raw zero-based epoch index
in489g2,g32,g32,0,in489g2-g32-s0,57,21.77,20.01,S0076,84,false,"`in489g1`, 12 runs, ImageNet-489 | `in489g2`, 14 runs, ImageNet-489 | Full available curve retained; registered_horizon and in_registered_plateau5_window identify the primary endpoint. Epoch observations are not independent seeds.",accuracy percent; epoch is the raw zero-based epoch index
in489g2,g32,g32,0,in489g2-g32-s0,58,21.92,20.05,S0076,84,false,"`in489g1`, 12 runs, ImageNet-489 | `in489g2`, 14 runs, ImageNet-489 | Full available curve retained; registered_horizon and in_registered_plateau5_window identify the primary endpoint. Epoch observations are not independent seeds.",accuracy percent; epoch is the raw zero-based epoch index
in489g2,g32,g32,0,in489g2-g32-s0,59,22.07,20.09,S0076,84,false,"`in489g1`, 12 runs, ImageNet-489 | `in489g2`, 14 runs, ImageNet-489 | Full available curve retained; registered_horizon and in_registered_plateau5_window identify the primary endpoint. Epoch observations are not independent seeds.",accuracy percent; epoch is the raw zero-based epoch index
in489g2,g32,g32,0,in489g2-g32-s0,60,22.22,20.14,S0076,84,false,"`in489g1`, 12 runs, ImageNet-489 | `in489g2`, 14 runs, ImageNet-489 | Full available curve retained; registered_horizon and in_registered_plateau5_window identify the primary endpoint. Epoch observations are not independent seeds.",accuracy percent; epoch is the raw zero-based epoch index
in489g2,g32,g32,0,in489g2-g32-s0,61,22.18,20.1,S0076,84,false,"`in489g1`, 12 runs, ImageNet-489 | `in489g2`, 14 runs, ImageNet-489 | Full available curve retained; registered_horizon and in_registered_plateau5_window identify the primary endpoint. Epoch observations are not independent seeds.",accuracy percent; epoch is the raw zero-based epoch index
in489g2,g32,g32,0,in489g2-g32-s0,62,22.27,20.17,S0076,84,false,"`in489g1`, 12 runs, ImageNet-489 | `in489g2`, 14 runs, ImageNet-489 | Full available curve retained; registered_horizon and in_registered_plateau5_window identify the primary endpoint. Epoch observations are not independent seeds.",accuracy percent; epoch is the raw zero-based epoch index
in489g2,g32,g32,0,in489g2-g32-s0,63,22.16,20.19,S0076,84,false,"`in489g1`, 12 runs, ImageNet-489 | `in489g2`, 14 runs, ImageNet-489 | Full available curve retained; registered_horizon and in_registered_plateau5_window identify the primary endpoint. Epoch observations are not independent seeds.",accuracy percent; epoch is the raw zero-based epoch index
in489g2,g32,g32,0,in489g2-g32-s0,64,22.05,20.25,S0076,84,false,"`in489g1`, 12 runs, ImageNet-489 | `in489g2`, 14 runs, ImageNet-489 | Full available curve retained; registered_horizon and in_registered_plateau5_window identify the primary endpoint. Epoch observations are not independent seeds.",accuracy percent; epoch is the raw zero-based epoch index
in489g2,g32,g32,0,in489g2-g32-s0,65,21.95,20.25,S0076,84,false,"`in489g1`, 12 runs, ImageNet-489 | `in489g2`, 14 runs, ImageNet-489 | Full available curve retained; registered_horizon and in_registered_plateau5_window identify the primary endpoint. Epoch observations are not independent seeds.",accuracy percent; epoch is the raw zero-based epoch index
in489g2,g32,g32,0,in489g2-g32-s0,66,22.33,20.3,S0076,84,false,"`in489g1`, 12 runs, ImageNet-489 | `in489g2`, 14 runs, ImageNet-489 | Full available curve retained; registered_horizon and in_registered_plateau5_window identify the primary endpoint. Epoch observations are not independent seeds.",accuracy percent; epoch is the raw zero-based epoch index
in489g2,g32,g32,0,in489g2-g32-s0,67,22.27,20.42,S0076,84,false,"`in489g1`, 12 runs, ImageNet-489 | `in489g2`, 14 runs, ImageNet-489 | Full available curve retained; registered_horizon and in_registered_plateau5_window identify the primary endpoint. Epoch observations are not independent seeds.",accuracy percent; epoch is the raw zero-based epoch index
in489g2,g32,g32,0,in489g2-g32-s0,68,22.34,20.46,S0076,84,false,"`in489g1`, 12 runs, ImageNet-489 | `in489g2`, 14 runs, ImageNet-489 | Full available curve retained; registered_horizon and in_registered_plateau5_window identify the primary endpoint. Epoch observations are not independent seeds.",accuracy percent; epoch is the raw zero-based epoch index
in489g2,g32,g32,0,in489g2-g32-s0,69,22.63,20.44,S0076,84,false,"`in489g1`, 12 runs, ImageNet-489 | `in489g2`, 14 runs, ImageNet-489 | Full available curve retained; registered_horizon and in_registered_plateau5_window identify the primary endpoint. Epoch observations are not independent seeds.",accuracy percent; epoch is the raw zero-based epoch index
in489g2,g32,g32,0,in489g2-g32-s0,70,22.25,20.5,S0076,84,false,"`in489g1`, 12 runs, ImageNet-489 | `in489g2`, 14 runs, ImageNet-489 | Full available curve retained; registered_horizon and in_registered_plateau5_window identify the primary endpoint. Epoch observations are not independent seeds.",accuracy percent; epoch is the raw zero-based epoch index
in489g2,g32,g32,0,in489g2-g32-s0,71,22.71,20.54,S0076,84,false,"`in489g1`, 12 runs, ImageNet-489 | `in489g2`, 14 runs, ImageNet-489 | Full available curve retained; registered_horizon and in_registered_plateau5_window identify the primary endpoint. Epoch observations are not independent seeds.",accuracy percent; epoch is the raw zero-based epoch index
in489g2,g32,g32,0,in489g2-g32-s0,72,22.63,20.63,S0076,84,false,"`in489g1`, 12 runs, ImageNet-489 | `in489g2`, 14 runs, ImageNet-489 | Full available curve retained; registered_horizon and in_registered_plateau5_window identify the primary endpoint. Epoch observations are not independent seeds.",accuracy percent; epoch is the raw zero-based epoch index
in489g2,g32,g32,0,in489g2-g32-s0,73,22.69,20.57,S0076,84,false,"`in489g1`, 12 runs, ImageNet-489 | `in489g2`, 14 runs, ImageNet-489 | Full available curve retained; registered_horizon and in_registered_plateau5_window identify the primary endpoint. Epoch observations are not independent seeds.",accuracy percent; epoch is the raw zero-based epoch index
in489g2,g32,g32,0,in489g2-g32-s0,74,22.53,20.57,S0076,84,false,"`in489g1`, 12 runs, ImageNet-489 | `in489g2`, 14 runs, ImageNet-489 | Full available curve retained; registered_horizon and in_registered_plateau5_window identify the primary endpoint. Epoch observations are not independent seeds.",accuracy percent; epoch is the raw zero-based epoch index
in489g2,g32,g32,0,in489g2-g32-s0,75,22.65,20.63,S0076,84,false,"`in489g1`, 12 runs, ImageNet-489 | `in489g2`, 14 runs, ImageNet-489 | Full available curve retained; registered_horizon and in_registered_plateau5_window identify the primary endpoint. Epoch observations are not independent seeds.",accuracy percent; epoch is the raw zero-based epoch index
in489g2,g32,g32,0,in489g2-g32-s0,76,22.51,20.71,S0076,84,false,"`in489g1`, 12 runs, ImageNet-489 | `in489g2`, 14 runs, ImageNet-489 | Full available curve retained; registered_horizon and in_registered_plateau5_window identify the primary endpoint. Epoch observations are not independent seeds.",accuracy percent; epoch is the raw zero-based epoch index
in489g2,g32,g32,0,in489g2-g32-s0,77,22.89,20.68,S0076,84,false,"`in489g1`, 12 runs, ImageNet-489 | `in489g2`, 14 runs, ImageNet-489 | Full available curve retained; registered_horizon and in_registered_plateau5_window identify the primary endpoint. Epoch observations are not independent seeds.",accuracy percent; epoch is the raw zero-based epoch index
in489g2,g32,g32,0,in489g2-g32-s0,78,22.85,20.7,S0076,84,false,"`in489g1`, 12 runs, ImageNet-489 | `in489g2`, 14 runs, ImageNet-489 | Full available curve retained; registered_horizon and in_registered_plateau5_window identify the primary endpoint. Epoch observations are not independent seeds.",accuracy percent; epoch is the raw zero-based epoch index
in489g2,g32,g32,0,in489g2-g32-s0,79,22.86,20.78,S0076,84,true,"`in489g1`, 12 runs, ImageNet-489 | `in489g2`, 14 runs, ImageNet-489 | Full available curve retained; registered_horizon and in_registered_plateau5_window identify the primary endpoint. Epoch observations are not independent seeds.",accuracy percent; epoch is the raw zero-based epoch index
in489g2,g32,g32,0,in489g2-g32-s0,80,22.79,20.92,S0076,84,true,"`in489g1`, 12 runs, ImageNet-489 | `in489g2`, 14 runs, ImageNet-489 | Full available curve retained; registered_horizon and in_registered_plateau5_window identify the primary endpoint. Epoch observations are not independent seeds.",accuracy percent; epoch is the raw zero-based epoch index
in489g2,g32,g32,0,in489g2-g32-s0,81,22.83,20.83,S0076,84,true,"`in489g1`, 12 runs, ImageNet-489 | `in489g2`, 14 runs, ImageNet-489 | Full available curve retained; registered_horizon and in_registered_plateau5_window identify the primary endpoint. Epoch observations are not independent seeds.",accuracy percent; epoch is the raw zero-based epoch index
in489g2,g32,g32,0,in489g2-g32-s0,82,22.87,20.95,S0076,84,true,"`in489g1`, 12 runs, ImageNet-489 | `in489g2`, 14 runs, ImageNet-489 | Full available curve retained; registered_horizon and in_registered_plateau5_window identify the primary endpoint. Epoch observations are not independent seeds.",accuracy percent; epoch is the raw zero-based epoch index
in489g2,g32,g32,0,in489g2-g32-s0,83,22.74,20.93,S0076,84,true,"`in489g1`, 12 runs, ImageNet-489 | `in489g2`, 14 runs, ImageNet-489 | Full available curve retained; registered_horizon and in_registered_plateau5_window identify the primary endpoint. Epoch observations are not independent seeds.",accuracy percent; epoch is the raw zero-based epoch index
in489g2,g32,g32,1,in489g2-g32-s1,0,0.27,0.23,S0077,84,false,"`in489g1`, 12 runs, ImageNet-489 | `in489g2`, 14 runs, ImageNet-489 | Full available curve retained; registered_horizon and in_registered_plateau5_window identify the primary endpoint. Epoch observations are not independent seeds.",accuracy percent; epoch is the raw zero-based epoch index
in489g2,g32,g32,1,in489g2-g32-s1,1,0.24,0.23,S0077,84,false,"`in489g1`, 12 runs, ImageNet-489 | `in489g2`, 14 runs, ImageNet-489 | Full available curve retained; registered_horizon and in_registered_plateau5_window identify the primary endpoint. Epoch observations are not independent seeds.",accuracy percent; epoch is the raw zero-based epoch index
in489g2,g32,g32,1,in489g2-g32-s1,2,0.57,0.31,S0077,84,false,"`in489g1`, 12 runs, ImageNet-489 | `in489g2`, 14 runs, ImageNet-489 | Full available curve retained; registered_horizon and in_registered_plateau5_window identify the primary endpoint. Epoch observations are not independent seeds.",accuracy percent; epoch is the raw zero-based epoch index
in489g2,g32,g32,1,in489g2-g32-s1,3,1.67,1.12,S0077,84,false,"`in489g1`, 12 runs, ImageNet-489 | `in489g2`, 14 runs, ImageNet-489 | Full available curve retained; registered_horizon and in_registered_plateau5_window identify the primary endpoint. Epoch observations are not independent seeds.",accuracy percent; epoch is the raw zero-based epoch index
in489g2,g32,g32,1,in489g2-g32-s1,4,4.92,3.36,S0077,84,false,"`in489g1`, 12 runs, ImageNet-489 | `in489g2`, 14 runs, ImageNet-489 | Full available curve retained; registered_horizon and in_registered_plateau5_window identify the primary endpoint. Epoch observations are not independent seeds.",accuracy percent; epoch is the raw zero-based epoch index
in489g2,g32,g32,1,in489g2-g32-s1,5,8.24,6.2,S0077,84,false,"`in489g1`, 12 runs, ImageNet-489 | `in489g2`, 14 runs, ImageNet-489 | Full available curve retained; registered_horizon and in_registered_plateau5_window identify the primary endpoint. Epoch observations are not independent seeds.",accuracy percent; epoch is the raw zero-based epoch index
in489g2,g32,g32,1,in489g2-g32-s1,6,9.82,8.23,S0077,84,false,"`in489g1`, 12 runs, ImageNet-489 | `in489g2`, 14 runs, ImageNet-489 | Full available curve retained; registered_horizon and in_registered_plateau5_window identify the primary endpoint. Epoch observations are not independent seeds.",accuracy percent; epoch is the raw zero-based epoch index
in489g2,g32,g32,1,in489g2-g32-s1,7,11.1,9.75,S0077,84,false,"`in489g1`, 12 runs, ImageNet-489 | `in489g2`, 14 runs, ImageNet-489 | Full available curve retained; registered_horizon and in_registered_plateau5_window identify the primary endpoint. Epoch observations are not independent seeds.",accuracy percent; epoch is the raw zero-based epoch index
in489g2,g32,g32,1,in489g2-g32-s1,8,12.32,11.02,S0077,84,false,"`in489g1`, 12 runs, ImageNet-489 | `in489g2`, 14 runs, ImageNet-489 | Full available curve retained; registered_horizon and in_registered_plateau5_window identify the primary endpoint. Epoch observations are not independent seeds.",accuracy percent; epoch is the raw zero-based epoch index
in489g2,g32,g32,1,in489g2-g32-s1,9,13.7,11.97,S0077,84,false,"`in489g1`, 12 runs, ImageNet-489 | `in489g2`, 14 runs, ImageNet-489 | Full available curve retained; registered_horizon and in_registered_plateau5_window identify the primary endpoint. Epoch observations are not independent seeds.",accuracy percent; epoch is the raw zero-based epoch index
in489g2,g32,g32,1,in489g2-g32-s1,10,14.25,12.86,S0077,84,false,"`in489g1`, 12 runs, ImageNet-489 | `in489g2`, 14 runs, ImageNet-489 | Full available curve retained; registered_horizon and in_registered_plateau5_window identify the primary endpoint. Epoch observations are not independent seeds.",accuracy percent; epoch is the raw zero-based epoch index
in489g2,g32,g32,1,in489g2-g32-s1,11,15.64,13.58,S0077,84,false,"`in489g1`, 12 runs, ImageNet-489 | `in489g2`, 14 runs, ImageNet-489 | Full available curve retained; registered_horizon and in_registered_plateau5_window identify the primary endpoint. Epoch observations are not independent seeds.",accuracy percent; epoch is the raw zero-based epoch index
in489g2,g32,g32,1,in489g2-g32-s1,12,15.95,14.03,S0077,84,false,"`in489g1`, 12 runs, ImageNet-489 | `in489g2`, 14 runs, ImageNet-489 | Full available curve retained; registered_horizon and in_registered_plateau5_window identify the primary endpoint. Epoch observations are not independent seeds.",accuracy percent; epoch is the raw zero-based epoch index
in489g2,g32,g32,1,in489g2-g32-s1,13,16.61,14.58,S0077,84,false,"`in489g1`, 12 runs, ImageNet-489 | `in489g2`, 14 runs, ImageNet-489 | Full available curve retained; registered_horizon and in_registered_plateau5_window identify the primary endpoint. Epoch observations are not independent seeds.",accuracy percent; epoch is the raw zero-based epoch index
in489g2,g32,g32,1,in489g2-g32-s1,14,16.54,14.95,S0077,84,false,"`in489g1`, 12 runs, ImageNet-489 | `in489g2`, 14 runs, ImageNet-489 | Full available curve retained; registered_horizon and in_registered_plateau5_window identify the primary endpoint. Epoch observations are not independent seeds.",accuracy percent; epoch is the raw zero-based epoch index
in489g2,g32,g32,1,in489g2-g32-s1,15,16.74,15.25,S0077,84,false,"`in489g1`, 12 runs, ImageNet-489 | `in489g2`, 14 runs, ImageNet-489 | Full available curve retained; registered_horizon and in_registered_plateau5_window identify the primary endpoint. Epoch observations are not independent seeds.",accuracy percent; epoch is the raw zero-based epoch index
in489g2,g32,g32,1,in489g2-g32-s1,16,17.54,15.61,S0077,84,false,"`in489g1`, 12 runs, ImageNet-489 | `in489g2`, 14 runs, ImageNet-489 | Full available curve retained; registered_horizon and in_registered_plateau5_window identify the primary endpoint. Epoch observations are not independent seeds.",accuracy percent; epoch is the raw zero-based epoch index
in489g2,g32,g32,1,in489g2-g32-s1,17,18.04,15.84,S0077,84,false,"`in489g1`, 12 runs, ImageNet-489 | `in489g2`, 14 runs, ImageNet-489 | Full available curve retained; registered_horizon and in_registered_plateau5_window identify the primary endpoint. Epoch observations are not independent seeds.",accuracy percent; epoch is the raw zero-based epoch index
in489g2,g32,g32,1,in489g2-g32-s1,18,17.91,16.27,S0077,84,false,"`in489g1`, 12 runs, ImageNet-489 | `in489g2`, 14 runs, ImageNet-489 | Full available curve retained; registered_horizon and in_registered_plateau5_window identify the primary endpoint. Epoch observations are not independent seeds.",accuracy percent; epoch is the raw zero-based epoch index
in489g2,g32,g32,1,in489g2-g32-s1,19,17.78,16.38,S0077,84,false,"`in489g1`, 12 runs, ImageNet-489 | `in489g2`, 14 runs, ImageNet-489 | Full available curve retained; registered_horizon and in_registered_plateau5_window identify the primary endpoint. Epoch observations are not independent seeds.",accuracy percent; epoch is the raw zero-based epoch index
in489g2,g32,g32,1,in489g2-g32-s1,20,18.06,16.53,S0077,84,false,"`in489g1`, 12 runs, ImageNet-489 | `in489g2`, 14 runs, ImageNet-489 | Full available curve retained; registered_horizon and in_registered_plateau5_window identify the primary endpoint. Epoch observations are not independent seeds.",accuracy percent; epoch is the raw zero-based epoch index
in489g2,g32,g32,1,in489g2-g32-s1,21,18.57,16.73,S0077,84,false,"`in489g1`, 12 runs, ImageNet-489 | `in489g2`, 14 runs, ImageNet-489 | Full available curve retained; registered_horizon and in_registered_plateau5_window identify the primary endpoint. Epoch observations are not independent seeds.",accuracy percent; epoch is the raw zero-based epoch index
in489g2,g32,g32,1,in489g2-g32-s1,22,18.63,16.93,S0077,84,false,"`in489g1`, 12 runs, ImageNet-489 | `in489g2`, 14 runs, ImageNet-489 | Full available curve retained; registered_horizon and in_registered_plateau5_window identify the primary endpoint. Epoch observations are not independent seeds.",accuracy percent; epoch is the raw zero-based epoch index
in489g2,g32,g32,1,in489g2-g32-s1,23,18.92,17.12,S0077,84,false,"`in489g1`, 12 runs, ImageNet-489 | `in489g2`, 14 runs, ImageNet-489 | Full available curve retained; registered_horizon and in_registered_plateau5_window identify the primary endpoint. Epoch observations are not independent seeds.",accuracy percent; epoch is the raw zero-based epoch index
in489g2,g32,g32,1,in489g2-g32-s1,24,18.83,17.28,S0077,84,false,"`in489g1`, 12 runs, ImageNet-489 | `in489g2`, 14 runs, ImageNet-489 | Full available curve retained; registered_horizon and in_registered_plateau5_window identify the primary endpoint. Epoch observations are not independent seeds.",accuracy percent; epoch is the raw zero-based epoch index
in489g2,g32,g32,1,in489g2-g32-s1,25,19.14,17.41,S0077,84,false,"`in489g1`, 12 runs, ImageNet-489 | `in489g2`, 14 runs, ImageNet-489 | Full available curve retained; registered_horizon and in_registered_plateau5_window identify the primary endpoint. Epoch observations are not independent seeds.",accuracy percent; epoch is the raw zero-based epoch index
in489g2,g32,g32,1,in489g2-g32-s1,26,19.5,17.51,S0077,84,false,"`in489g1`, 12 runs, ImageNet-489 | `in489g2`, 14 runs, ImageNet-489 | Full available curve retained; registered_horizon and in_registered_plateau5_window identify the primary endpoint. Epoch observations are not independent seeds.",accuracy percent; epoch is the raw zero-based epoch index
in489g2,g32,g32,1,in489g2-g32-s1,27,19.9,17.61,S0077,84,false,"`in489g1`, 12 runs, ImageNet-489 | `in489g2`, 14 runs, ImageNet-489 | Full available curve retained; registered_horizon and in_registered_plateau5_window identify the primary endpoint. Epoch observations are not independent seeds.",accuracy percent; epoch is the raw zero-based epoch index
in489g2,g32,g32,1,in489g2-g32-s1,28,19.35,17.73,S0077,84,false,"`in489g1`, 12 runs, ImageNet-489 | `in489g2`, 14 runs, ImageNet-489 | Full available curve retained; registered_horizon and in_registered_plateau5_window identify the primary endpoint. Epoch observations are not independent seeds.",accuracy percent; epoch is the raw zero-based epoch index
in489g2,g32,g32,1,in489g2-g32-s1,29,19.37,17.95,S0077,84,false,"`in489g1`, 12 runs, ImageNet-489 | `in489g2`, 14 runs, ImageNet-489 | Full available curve retained; registered_horizon and in_registered_plateau5_window identify the primary endpoint. Epoch observations are not independent seeds.",accuracy percent; epoch is the raw zero-based epoch index
in489g2,g32,g32,1,in489g2-g32-s1,30,20.27,17.98,S0077,84,false,"`in489g1`, 12 runs, ImageNet-489 | `in489g2`, 14 runs, ImageNet-489 | Full available curve retained; registered_horizon and in_registered_plateau5_window identify the primary endpoint. Epoch observations are not independent seeds.",accuracy percent; epoch is the raw zero-based epoch index
in489g2,g32,g32,1,in489g2-g32-s1,31,20.02,18.09,S0077,84,false,"`in489g1`, 12 runs, ImageNet-489 | `in489g2`, 14 runs, ImageNet-489 | Full available curve retained; registered_horizon and in_registered_plateau5_window identify the primary endpoint. Epoch observations are not independent seeds.",accuracy percent; epoch is the raw zero-based epoch index
in489g2,g32,g32,1,in489g2-g32-s1,32,20.24,18.2,S0077,84,false,"`in489g1`, 12 runs, ImageNet-489 | `in489g2`, 14 runs, ImageNet-489 | Full available curve retained; registered_horizon and in_registered_plateau5_window identify the primary endpoint. Epoch observations are not independent seeds.",accuracy percent; epoch is the raw zero-based epoch index
in489g2,g32,g32,1,in489g2-g32-s1,33,20.64,18.23,S0077,84,false,"`in489g1`, 12 runs, ImageNet-489 | `in489g2`, 14 runs, ImageNet-489 | Full available curve retained; registered_horizon and in_registered_plateau5_window identify the primary endpoint. Epoch observations are not independent seeds.",accuracy percent; epoch is the raw zero-based epoch index
in489g2,g32,g32,1,in489g2-g32-s1,34,20.11,18.39,S0077,84,false,"`in489g1`, 12 runs, ImageNet-489 | `in489g2`, 14 runs, ImageNet-489 | Full available curve retained; registered_horizon and in_registered_plateau5_window identify the primary endpoint. Epoch observations are not independent seeds.",accuracy percent; epoch is the raw zero-based epoch index
in489g2,g32,g32,1,in489g2-g32-s1,35,20.57,18.46,S0077,84,false,"`in489g1`, 12 runs, ImageNet-489 | `in489g2`, 14 runs, ImageNet-489 | Full available curve retained; registered_horizon and in_registered_plateau5_window identify the primary endpoint. Epoch observations are not independent seeds.",accuracy percent; epoch is the raw zero-based epoch index
in489g2,g32,g32,1,in489g2-g32-s1,36,20.79,18.59,S0077,84,false,"`in489g1`, 12 runs, ImageNet-489 | `in489g2`, 14 runs, ImageNet-489 | Full available curve retained; registered_horizon and in_registered_plateau5_window identify the primary endpoint. Epoch observations are not independent seeds.",accuracy percent; epoch is the raw zero-based epoch index
in489g2,g32,g32,1,in489g2-g32-s1,37,20.64,18.58,S0077,84,false,"`in489g1`, 12 runs, ImageNet-489 | `in489g2`, 14 runs, ImageNet-489 | Full available curve retained; registered_horizon and in_registered_plateau5_window identify the primary endpoint. Epoch observations are not independent seeds.",accuracy percent; epoch is the raw zero-based epoch index
in489g2,g32,g32,1,in489g2-g32-s1,38,20.23,18.68,S0077,84,false,"`in489g1`, 12 runs, ImageNet-489 | `in489g2`, 14 runs, ImageNet-489 | Full available curve retained; registered_horizon and in_registered_plateau5_window identify the primary endpoint. Epoch observations are not independent seeds.",accuracy percent; epoch is the raw zero-based epoch index
in489g2,g32,g32,1,in489g2-g32-s1,39,20.66,18.86,S0077,84,false,"`in489g1`, 12 runs, ImageNet-489 | `in489g2`, 14 runs, ImageNet-489 | Full available curve retained; registered_horizon and in_registered_plateau5_window identify the primary endpoint. Epoch observations are not independent seeds.",accuracy percent; epoch is the raw zero-based epoch index
in489g2,g32,g32,1,in489g2-g32-s1,40,20.82,18.78,S0077,84,false,"`in489g1`, 12 runs, ImageNet-489 | `in489g2`, 14 runs, ImageNet-489 | Full available curve retained; registered_horizon and in_registered_plateau5_window identify the primary endpoint. Epoch observations are not independent seeds.",accuracy percent; epoch is the raw zero-based epoch index
in489g2,g32,g32,1,in489g2-g32-s1,41,21.25,18.93,S0077,84,false,"`in489g1`, 12 runs, ImageNet-489 | `in489g2`, 14 runs, ImageNet-489 | Full available curve retained; registered_horizon and in_registered_plateau5_window identify the primary endpoint. Epoch observations are not independent seeds.",accuracy percent; epoch is the raw zero-based epoch index
in489g2,g32,g32,1,in489g2-g32-s1,42,21.15,18.97,S0077,84,false,"`in489g1`, 12 runs, ImageNet-489 | `in489g2`, 14 runs, ImageNet-489 | Full available curve retained; registered_horizon and in_registered_plateau5_window identify the primary endpoint. Epoch observations are not independent seeds.",accuracy percent; epoch is the raw zero-based epoch index
in489g2,g32,g32,1,in489g2-g32-s1,43,21.4,19.05,S0077,84,false,"`in489g1`, 12 runs, ImageNet-489 | `in489g2`, 14 runs, ImageNet-489 | Full available curve retained; registered_horizon and in_registered_plateau5_window identify the primary endpoint. Epoch observations are not independent seeds.",accuracy percent; epoch is the raw zero-based epoch index
in489g2,g32,g32,1,in489g2-g32-s1,44,21.13,19.12,S0077,84,false,"`in489g1`, 12 runs, ImageNet-489 | `in489g2`, 14 runs, ImageNet-489 | Full available curve retained; registered_horizon and in_registered_plateau5_window identify the primary endpoint. Epoch observations are not independent seeds.",accuracy percent; epoch is the raw zero-based epoch index
in489g2,g32,g32,1,in489g2-g32-s1,45,21.27,19.26,S0077,84,false,"`in489g1`, 12 runs, ImageNet-489 | `in489g2`, 14 runs, ImageNet-489 | Full available curve retained; registered_horizon and in_registered_plateau5_window identify the primary endpoint. Epoch observations are not independent seeds.",accuracy percent; epoch is the raw zero-based epoch index
in489g2,g32,g32,1,in489g2-g32-s1,46,21.3,19.25,S0077,84,false,"`in489g1`, 12 runs, ImageNet-489 | `in489g2`, 14 runs, ImageNet-489 | Full available curve retained; registered_horizon and in_registered_plateau5_window identify the primary endpoint. Epoch observations are not independent seeds.",accuracy percent; epoch is the raw zero-based epoch index
in489g2,g32,g32,1,in489g2-g32-s1,47,21.53,19.24,S0077,84,false,"`in489g1`, 12 runs, ImageNet-489 | `in489g2`, 14 runs, ImageNet-489 | Full available curve retained; registered_horizon and in_registered_plateau5_window identify the primary endpoint. Epoch observations are not independent seeds.",accuracy percent; epoch is the raw zero-based epoch index
in489g2,g32,g32,1,in489g2-g32-s1,48,21.6,19.46,S0077,84,false,"`in489g1`, 12 runs, ImageNet-489 | `in489g2`, 14 runs, ImageNet-489 | Full available curve retained; registered_horizon and in_registered_plateau5_window identify the primary endpoint. Epoch observations are not independent seeds.",accuracy percent; epoch is the raw zero-based epoch index
in489g2,g32,g32,1,in489g2-g32-s1,49,21.61,19.48,S0077,84,false,"`in489g1`, 12 runs, ImageNet-489 | `in489g2`, 14 runs, ImageNet-489 | Full available curve retained; registered_horizon and in_registered_plateau5_window identify the primary endpoint. Epoch observations are not independent seeds.",accuracy percent; epoch is the raw zero-based epoch index
in489g2,g32,g32,1,in489g2-g32-s1,50,21.42,19.54,S0077,84,false,"`in489g1`, 12 runs, ImageNet-489 | `in489g2`, 14 runs, ImageNet-489 | Full available curve retained; registered_horizon and in_registered_plateau5_window identify the primary endpoint. Epoch observations are not independent seeds.",accuracy percent; epoch is the raw zero-based epoch index
in489g2,g32,g32,1,in489g2-g32-s1,51,21.66,19.52,S0077,84,false,"`in489g1`, 12 runs, ImageNet-489 | `in489g2`, 14 runs, ImageNet-489 | Full available curve retained; registered_horizon and in_registered_plateau5_window identify the primary endpoint. Epoch observations are not independent seeds.",accuracy percent; epoch is the raw zero-based epoch index
in489g2,g32,g32,1,in489g2-g32-s1,52,21.74,19.67,S0077,84,false,"`in489g1`, 12 runs, ImageNet-489 | `in489g2`, 14 runs, ImageNet-489 | Full available curve retained; registered_horizon and in_registered_plateau5_window identify the primary endpoint. Epoch observations are not independent seeds.",accuracy percent; epoch is the raw zero-based epoch index
in489g2,g32,g32,1,in489g2-g32-s1,53,21.58,19.7,S0077,84,false,"`in489g1`, 12 runs, ImageNet-489 | `in489g2`, 14 runs, ImageNet-489 | Full available curve retained; registered_horizon and in_registered_plateau5_window identify the primary endpoint. Epoch observations are not independent seeds.",accuracy percent; epoch is the raw zero-based epoch index
in489g2,g32,g32,1,in489g2-g32-s1,54,21.74,19.76,S0077,84,false,"`in489g1`, 12 runs, ImageNet-489 | `in489g2`, 14 runs, ImageNet-489 | Full available curve retained; registered_horizon and in_registered_plateau5_window identify the primary endpoint. Epoch observations are not independent seeds.",accuracy percent; epoch is the raw zero-based epoch index
in489g2,g32,g32,1,in489g2-g32-s1,55,22.04,19.9,S0077,84,false,"`in489g1`, 12 runs, ImageNet-489 | `in489g2`, 14 runs, ImageNet-489 | Full available curve retained; registered_horizon and in_registered_plateau5_window identify the primary endpoint. Epoch observations are not independent seeds.",accuracy percent; epoch is the raw zero-based epoch index
in489g2,g32,g32,1,in489g2-g32-s1,56,21.91,19.93,S0077,84,false,"`in489g1`, 12 runs, ImageNet-489 | `in489g2`, 14 runs, ImageNet-489 | Full available curve retained; registered_horizon and in_registered_plateau5_window identify the primary endpoint. Epoch observations are not independent seeds.",accuracy percent; epoch is the raw zero-based epoch index
in489g2,g32,g32,1,in489g2-g32-s1,57,21.84,19.88,S0077,84,false,"`in489g1`, 12 runs, ImageNet-489 | `in489g2`, 14 runs, ImageNet-489 | Full available curve retained; registered_horizon and in_registered_plateau5_window identify the primary endpoint. Epoch observations are not independent seeds.",accuracy percent; epoch is the raw zero-based epoch index
in489g2,g32,g32,1,in489g2-g32-s1,58,22.21,19.98,S0077,84,false,"`in489g1`, 12 runs, ImageNet-489 | `in489g2`, 14 runs, ImageNet-489 | Full available curve retained; registered_horizon and in_registered_plateau5_window identify the primary endpoint. Epoch observations are not independent seeds.",accuracy percent; epoch is the raw zero-based epoch index
in489g2,g32,g32,1,in489g2-g32-s1,59,22.27,20,S0077,84,false,"`in489g1`, 12 runs, ImageNet-489 | `in489g2`, 14 runs, ImageNet-489 | Full available curve retained; registered_horizon and in_registered_plateau5_window identify the primary endpoint. Epoch observations are not independent seeds.",accuracy percent; epoch is the raw zero-based epoch index
in489g2,g32,g32,1,in489g2-g32-s1,60,22.38,20.13,S0077,84,false,"`in489g1`, 12 runs, ImageNet-489 | `in489g2`, 14 runs, ImageNet-489 | Full available curve retained; registered_horizon and in_registered_plateau5_window identify the primary endpoint. Epoch observations are not independent seeds.",accuracy percent; epoch is the raw zero-based epoch index
in489g2,g32,g32,1,in489g2-g32-s1,61,22.23,20.13,S0077,84,false,"`in489g1`, 12 runs, ImageNet-489 | `in489g2`, 14 runs, ImageNet-489 | Full available curve retained; registered_horizon and in_registered_plateau5_window identify the primary endpoint. Epoch observations are not independent seeds.",accuracy percent; epoch is the raw zero-based epoch index
in489g2,g32,g32,1,in489g2-g32-s1,62,22.72,20.18,S0077,84,false,"`in489g1`, 12 runs, ImageNet-489 | `in489g2`, 14 runs, ImageNet-489 | Full available curve retained; registered_horizon and in_registered_plateau5_window identify the primary endpoint. Epoch observations are not independent seeds.",accuracy percent; epoch is the raw zero-based epoch index
in489g2,g32,g32,1,in489g2-g32-s1,63,22.09,20.24,S0077,84,false,"`in489g1`, 12 runs, ImageNet-489 | `in489g2`, 14 runs, ImageNet-489 | Full available curve retained; registered_horizon and in_registered_plateau5_window identify the primary endpoint. Epoch observations are not independent seeds.",accuracy percent; epoch is the raw zero-based epoch index
in489g2,g32,g32,1,in489g2-g32-s1,64,22.4,20.27,S0077,84,false,"`in489g1`, 12 runs, ImageNet-489 | `in489g2`, 14 runs, ImageNet-489 | Full available curve retained; registered_horizon and in_registered_plateau5_window identify the primary endpoint. Epoch observations are not independent seeds.",accuracy percent; epoch is the raw zero-based epoch index
in489g2,g32,g32,1,in489g2-g32-s1,65,22.36,20.34,S0077,84,false,"`in489g1`, 12 runs, ImageNet-489 | `in489g2`, 14 runs, ImageNet-489 | Full available curve retained; registered_horizon and in_registered_plateau5_window identify the primary endpoint. Epoch observations are not independent seeds.",accuracy percent; epoch is the raw zero-based epoch index
in489g2,g32,g32,1,in489g2-g32-s1,66,22.49,20.41,S0077,84,false,"`in489g1`, 12 runs, ImageNet-489 | `in489g2`, 14 runs, ImageNet-489 | Full available curve retained; registered_horizon and in_registered_plateau5_window identify the primary endpoint. Epoch observations are not independent seeds.",accuracy percent; epoch is the raw zero-based epoch index
in489g2,g32,g32,1,in489g2-g32-s1,67,22.37,20.38,S0077,84,false,"`in489g1`, 12 runs, ImageNet-489 | `in489g2`, 14 runs, ImageNet-489 | Full available curve retained; registered_horizon and in_registered_plateau5_window identify the primary endpoint. Epoch observations are not independent seeds.",accuracy percent; epoch is the raw zero-based epoch index
in489g2,g32,g32,1,in489g2-g32-s1,68,22.54,20.37,S0077,84,false,"`in489g1`, 12 runs, ImageNet-489 | `in489g2`, 14 runs, ImageNet-489 | Full available curve retained; registered_horizon and in_registered_plateau5_window identify the primary endpoint. Epoch observations are not independent seeds.",accuracy percent; epoch is the raw zero-based epoch index
in489g2,g32,g32,1,in489g2-g32-s1,69,22.49,20.57,S0077,84,false,"`in489g1`, 12 runs, ImageNet-489 | `in489g2`, 14 runs, ImageNet-489 | Full available curve retained; registered_horizon and in_registered_plateau5_window identify the primary endpoint. Epoch observations are not independent seeds.",accuracy percent; epoch is the raw zero-based epoch index
in489g2,g32,g32,1,in489g2-g32-s1,70,22.61,20.47,S0077,84,false,"`in489g1`, 12 runs, ImageNet-489 | `in489g2`, 14 runs, ImageNet-489 | Full available curve retained; registered_horizon and in_registered_plateau5_window identify the primary endpoint. Epoch observations are not independent seeds.",accuracy percent; epoch is the raw zero-based epoch index
in489g2,g32,g32,1,in489g2-g32-s1,71,22.77,20.66,S0077,84,false,"`in489g1`, 12 runs, ImageNet-489 | `in489g2`, 14 runs, ImageNet-489 | Full available curve retained; registered_horizon and in_registered_plateau5_window identify the primary endpoint. Epoch observations are not independent seeds.",accuracy percent; epoch is the raw zero-based epoch index
in489g2,g32,g32,1,in489g2-g32-s1,72,22.55,20.57,S0077,84,false,"`in489g1`, 12 runs, ImageNet-489 | `in489g2`, 14 runs, ImageNet-489 | Full available curve retained; registered_horizon and in_registered_plateau5_window identify the primary endpoint. Epoch observations are not independent seeds.",accuracy percent; epoch is the raw zero-based epoch index
in489g2,g32,g32,1,in489g2-g32-s1,73,22.46,20.63,S0077,84,false,"`in489g1`, 12 runs, ImageNet-489 | `in489g2`, 14 runs, ImageNet-489 | Full available curve retained; registered_horizon and in_registered_plateau5_window identify the primary endpoint. Epoch observations are not independent seeds.",accuracy percent; epoch is the raw zero-based epoch index
in489g2,g32,g32,1,in489g2-g32-s1,74,22.79,20.58,S0077,84,false,"`in489g1`, 12 runs, ImageNet-489 | `in489g2`, 14 runs, ImageNet-489 | Full available curve retained; registered_horizon and in_registered_plateau5_window identify the primary endpoint. Epoch observations are not independent seeds.",accuracy percent; epoch is the raw zero-based epoch index
in489g2,g32,g32,1,in489g2-g32-s1,75,22.99,20.64,S0077,84,false,"`in489g1`, 12 runs, ImageNet-489 | `in489g2`, 14 runs, ImageNet-489 | Full available curve retained; registered_horizon and in_registered_plateau5_window identify the primary endpoint. Epoch observations are not independent seeds.",accuracy percent; epoch is the raw zero-based epoch index
in489g2,g32,g32,1,in489g2-g32-s1,76,22.9,20.74,S0077,84,false,"`in489g1`, 12 runs, ImageNet-489 | `in489g2`, 14 runs, ImageNet-489 | Full available curve retained; registered_horizon and in_registered_plateau5_window identify the primary endpoint. Epoch observations are not independent seeds.",accuracy percent; epoch is the raw zero-based epoch index
in489g2,g32,g32,1,in489g2-g32-s1,77,22.88,20.84,S0077,84,false,"`in489g1`, 12 runs, ImageNet-489 | `in489g2`, 14 runs, ImageNet-489 | Full available curve retained; registered_horizon and in_registered_plateau5_window identify the primary endpoint. Epoch observations are not independent seeds.",accuracy percent; epoch is the raw zero-based epoch index
in489g2,g32,g32,1,in489g2-g32-s1,78,23,20.84,S0077,84,false,"`in489g1`, 12 runs, ImageNet-489 | `in489g2`, 14 runs, ImageNet-489 | Full available curve retained; registered_horizon and in_registered_plateau5_window identify the primary endpoint. Epoch observations are not independent seeds.",accuracy percent; epoch is the raw zero-based epoch index
in489g2,g32,g32,1,in489g2-g32-s1,79,23.24,20.78,S0077,84,true,"`in489g1`, 12 runs, ImageNet-489 | `in489g2`, 14 runs, ImageNet-489 | Full available curve retained; registered_horizon and in_registered_plateau5_window identify the primary endpoint. Epoch observations are not independent seeds.",accuracy percent; epoch is the raw zero-based epoch index
in489g2,g32,g32,1,in489g2-g32-s1,80,23.19,20.93,S0077,84,true,"`in489g1`, 12 runs, ImageNet-489 | `in489g2`, 14 runs, ImageNet-489 | Full available curve retained; registered_horizon and in_registered_plateau5_window identify the primary endpoint. Epoch observations are not independent seeds.",accuracy percent; epoch is the raw zero-based epoch index
in489g2,g32,g32,1,in489g2-g32-s1,81,22.95,20.83,S0077,84,true,"`in489g1`, 12 runs, ImageNet-489 | `in489g2`, 14 runs, ImageNet-489 | Full available curve retained; registered_horizon and in_registered_plateau5_window identify the primary endpoint. Epoch observations are not independent seeds.",accuracy percent; epoch is the raw zero-based epoch index
in489g2,g32,g32,1,in489g2-g32-s1,82,23.3,21.03,S0077,84,true,"`in489g1`, 12 runs, ImageNet-489 | `in489g2`, 14 runs, ImageNet-489 | Full available curve retained; registered_horizon and in_registered_plateau5_window identify the primary endpoint. Epoch observations are not independent seeds.",accuracy percent; epoch is the raw zero-based epoch index
in489g2,g32,g32,1,in489g2-g32-s1,83,23.32,21.03,S0077,84,true,"`in489g1`, 12 runs, ImageNet-489 | `in489g2`, 14 runs, ImageNet-489 | Full available curve retained; registered_horizon and in_registered_plateau5_window identify the primary endpoint. Epoch observations are not independent seeds.",accuracy percent; epoch is the raw zero-based epoch index
in489g2,g45,g45,0,in489g2-g45-s0,0,0.27,0.27,S0078,84,false,"`in489g1`, 12 runs, ImageNet-489 | `in489g2`, 14 runs, ImageNet-489 | Full available curve retained; registered_horizon and in_registered_plateau5_window identify the primary endpoint. Epoch observations are not independent seeds.",accuracy percent; epoch is the raw zero-based epoch index
in489g2,g45,g45,0,in489g2-g45-s0,1,0.25,0.27,S0078,84,false,"`in489g1`, 12 runs, ImageNet-489 | `in489g2`, 14 runs, ImageNet-489 | Full available curve retained; registered_horizon and in_registered_plateau5_window identify the primary endpoint. Epoch observations are not independent seeds.",accuracy percent; epoch is the raw zero-based epoch index
in489g2,g45,g45,0,in489g2-g45-s0,2,0.57,0.33,S0078,84,false,"`in489g1`, 12 runs, ImageNet-489 | `in489g2`, 14 runs, ImageNet-489 | Full available curve retained; registered_horizon and in_registered_plateau5_window identify the primary endpoint. Epoch observations are not independent seeds.",accuracy percent; epoch is the raw zero-based epoch index
in489g2,g45,g45,0,in489g2-g45-s0,3,2.31,1.18,S0078,84,false,"`in489g1`, 12 runs, ImageNet-489 | `in489g2`, 14 runs, ImageNet-489 | Full available curve retained; registered_horizon and in_registered_plateau5_window identify the primary endpoint. Epoch observations are not independent seeds.",accuracy percent; epoch is the raw zero-based epoch index
in489g2,g45,g45,0,in489g2-g45-s0,4,7.19,4.45,S0078,84,false,"`in489g1`, 12 runs, ImageNet-489 | `in489g2`, 14 runs, ImageNet-489 | Full available curve retained; registered_horizon and in_registered_plateau5_window identify the primary endpoint. Epoch observations are not independent seeds.",accuracy percent; epoch is the raw zero-based epoch index
in489g2,g45,g45,0,in489g2-g45-s0,5,11.02,8.66,S0078,84,false,"`in489g1`, 12 runs, ImageNet-489 | `in489g2`, 14 runs, ImageNet-489 | Full available curve retained; registered_horizon and in_registered_plateau5_window identify the primary endpoint. Epoch observations are not independent seeds.",accuracy percent; epoch is the raw zero-based epoch index
in489g2,g45,g45,0,in489g2-g45-s0,6,13.79,11.75,S0078,84,false,"`in489g1`, 12 runs, ImageNet-489 | `in489g2`, 14 runs, ImageNet-489 | Full available curve retained; registered_horizon and in_registered_plateau5_window identify the primary endpoint. Epoch observations are not independent seeds.",accuracy percent; epoch is the raw zero-based epoch index
in489g2,g45,g45,0,in489g2-g45-s0,7,16.1,14.13,S0078,84,false,"`in489g1`, 12 runs, ImageNet-489 | `in489g2`, 14 runs, ImageNet-489 | Full available curve retained; registered_horizon and in_registered_plateau5_window identify the primary endpoint. Epoch observations are not independent seeds.",accuracy percent; epoch is the raw zero-based epoch index
in489g2,g45,g45,0,in489g2-g45-s0,8,19.46,16.45,S0078,84,false,"`in489g1`, 12 runs, ImageNet-489 | `in489g2`, 14 runs, ImageNet-489 | Full available curve retained; registered_horizon and in_registered_plateau5_window identify the primary endpoint. Epoch observations are not independent seeds.",accuracy percent; epoch is the raw zero-based epoch index
in489g2,g45,g45,0,in489g2-g45-s0,9,20.97,18.76,S0078,84,false,"`in489g1`, 12 runs, ImageNet-489 | `in489g2`, 14 runs, ImageNet-489 | Full available curve retained; registered_horizon and in_registered_plateau5_window identify the primary endpoint. Epoch observations are not independent seeds.",accuracy percent; epoch is the raw zero-based epoch index
in489g2,g45,g45,0,in489g2-g45-s0,10,22.82,20.46,S0078,84,false,"`in489g1`, 12 runs, ImageNet-489 | `in489g2`, 14 runs, ImageNet-489 | Full available curve retained; registered_horizon and in_registered_plateau5_window identify the primary endpoint. Epoch observations are not independent seeds.",accuracy percent; epoch is the raw zero-based epoch index
in489g2,g45,g45,0,in489g2-g45-s0,11,24.4,21.82,S0078,84,false,"`in489g1`, 12 runs, ImageNet-489 | `in489g2`, 14 runs, ImageNet-489 | Full available curve retained; registered_horizon and in_registered_plateau5_window identify the primary endpoint. Epoch observations are not independent seeds.",accuracy percent; epoch is the raw zero-based epoch index
in489g2,g45,g45,0,in489g2-g45-s0,12,26.23,23.22,S0078,84,false,"`in489g1`, 12 runs, ImageNet-489 | `in489g2`, 14 runs, ImageNet-489 | Full available curve retained; registered_horizon and in_registered_plateau5_window identify the primary endpoint. Epoch observations are not independent seeds.",accuracy percent; epoch is the raw zero-based epoch index
in489g2,g45,g45,0,in489g2-g45-s0,13,27.33,24.43,S0078,84,false,"`in489g1`, 12 runs, ImageNet-489 | `in489g2`, 14 runs, ImageNet-489 | Full available curve retained; registered_horizon and in_registered_plateau5_window identify the primary endpoint. Epoch observations are not independent seeds.",accuracy percent; epoch is the raw zero-based epoch index
in489g2,g45,g45,0,in489g2-g45-s0,14,28.13,25.59,S0078,84,false,"`in489g1`, 12 runs, ImageNet-489 | `in489g2`, 14 runs, ImageNet-489 | Full available curve retained; registered_horizon and in_registered_plateau5_window identify the primary endpoint. Epoch observations are not independent seeds.",accuracy percent; epoch is the raw zero-based epoch index
in489g2,g45,g45,0,in489g2-g45-s0,15,29.35,26.45,S0078,84,false,"`in489g1`, 12 runs, ImageNet-489 | `in489g2`, 14 runs, ImageNet-489 | Full available curve retained; registered_horizon and in_registered_plateau5_window identify the primary endpoint. Epoch observations are not independent seeds.",accuracy percent; epoch is the raw zero-based epoch index
in489g2,g45,g45,0,in489g2-g45-s0,16,30.56,27.46,S0078,84,false,"`in489g1`, 12 runs, ImageNet-489 | `in489g2`, 14 runs, ImageNet-489 | Full available curve retained; registered_horizon and in_registered_plateau5_window identify the primary endpoint. Epoch observations are not independent seeds.",accuracy percent; epoch is the raw zero-based epoch index
in489g2,g45,g45,0,in489g2-g45-s0,17,30.83,28.09,S0078,84,false,"`in489g1`, 12 runs, ImageNet-489 | `in489g2`, 14 runs, ImageNet-489 | Full available curve retained; registered_horizon and in_registered_plateau5_window identify the primary endpoint. Epoch observations are not independent seeds.",accuracy percent; epoch is the raw zero-based epoch index
in489g2,g45,g45,0,in489g2-g45-s0,18,31.71,28.9,S0078,84,false,"`in489g1`, 12 runs, ImageNet-489 | `in489g2`, 14 runs, ImageNet-489 | Full available curve retained; registered_horizon and in_registered_plateau5_window identify the primary endpoint. Epoch observations are not independent seeds.",accuracy percent; epoch is the raw zero-based epoch index
in489g2,g45,g45,0,in489g2-g45-s0,19,32.52,29.44,S0078,84,false,"`in489g1`, 12 runs, ImageNet-489 | `in489g2`, 14 runs, ImageNet-489 | Full available curve retained; registered_horizon and in_registered_plateau5_window identify the primary endpoint. Epoch observations are not independent seeds.",accuracy percent; epoch is the raw zero-based epoch index
in489g2,g45,g45,0,in489g2-g45-s0,20,33.3,30.02,S0078,84,false,"`in489g1`, 12 runs, ImageNet-489 | `in489g2`, 14 runs, ImageNet-489 | Full available curve retained; registered_horizon and in_registered_plateau5_window identify the primary endpoint. Epoch observations are not independent seeds.",accuracy percent; epoch is the raw zero-based epoch index
in489g2,g45,g45,0,in489g2-g45-s0,21,33.53,30.44,S0078,84,false,"`in489g1`, 12 runs, ImageNet-489 | `in489g2`, 14 runs, ImageNet-489 | Full available curve retained; registered_horizon and in_registered_plateau5_window identify the primary endpoint. Epoch observations are not independent seeds.",accuracy percent; epoch is the raw zero-based epoch index
in489g2,g45,g45,0,in489g2-g45-s0,22,33.93,31.03,S0078,84,false,"`in489g1`, 12 runs, ImageNet-489 | `in489g2`, 14 runs, ImageNet-489 | Full available curve retained; registered_horizon and in_registered_plateau5_window identify the primary endpoint. Epoch observations are not independent seeds.",accuracy percent; epoch is the raw zero-based epoch index
in489g2,g45,g45,0,in489g2-g45-s0,23,35.12,31.28,S0078,84,false,"`in489g1`, 12 runs, ImageNet-489 | `in489g2`, 14 runs, ImageNet-489 | Full available curve retained; registered_horizon and in_registered_plateau5_window identify the primary endpoint. Epoch observations are not independent seeds.",accuracy percent; epoch is the raw zero-based epoch index
in489g2,g45,g45,0,in489g2-g45-s0,24,34.56,31.69,S0078,84,false,"`in489g1`, 12 runs, ImageNet-489 | `in489g2`, 14 runs, ImageNet-489 | Full available curve retained; registered_horizon and in_registered_plateau5_window identify the primary endpoint. Epoch observations are not independent seeds.",accuracy percent; epoch is the raw zero-based epoch index
in489g2,g45,g45,0,in489g2-g45-s0,25,35.34,32.16,S0078,84,false,"`in489g1`, 12 runs, ImageNet-489 | `in489g2`, 14 runs, ImageNet-489 | Full available curve retained; registered_horizon and in_registered_plateau5_window identify the primary endpoint. Epoch observations are not independent seeds.",accuracy percent; epoch is the raw zero-based epoch index
in489g2,g45,g45,0,in489g2-g45-s0,26,35.81,32.48,S0078,84,false,"`in489g1`, 12 runs, ImageNet-489 | `in489g2`, 14 runs, ImageNet-489 | Full available curve retained; registered_horizon and in_registered_plateau5_window identify the primary endpoint. Epoch observations are not independent seeds.",accuracy percent; epoch is the raw zero-based epoch index
in489g2,g45,g45,0,in489g2-g45-s0,27,36.24,32.84,S0078,84,false,"`in489g1`, 12 runs, ImageNet-489 | `in489g2`, 14 runs, ImageNet-489 | Full available curve retained; registered_horizon and in_registered_plateau5_window identify the primary endpoint. Epoch observations are not independent seeds.",accuracy percent; epoch is the raw zero-based epoch index
in489g2,g45,g45,0,in489g2-g45-s0,28,36.84,33.1,S0078,84,false,"`in489g1`, 12 runs, ImageNet-489 | `in489g2`, 14 runs, ImageNet-489 | Full available curve retained; registered_horizon and in_registered_plateau5_window identify the primary endpoint. Epoch observations are not independent seeds.",accuracy percent; epoch is the raw zero-based epoch index
in489g2,g45,g45,0,in489g2-g45-s0,29,36.82,33.48,S0078,84,false,"`in489g1`, 12 runs, ImageNet-489 | `in489g2`, 14 runs, ImageNet-489 | Full available curve retained; registered_horizon and in_registered_plateau5_window identify the primary endpoint. Epoch observations are not independent seeds.",accuracy percent; epoch is the raw zero-based epoch index
in489g2,g45,g45,0,in489g2-g45-s0,30,37,33.71,S0078,84,false,"`in489g1`, 12 runs, ImageNet-489 | `in489g2`, 14 runs, ImageNet-489 | Full available curve retained; registered_horizon and in_registered_plateau5_window identify the primary endpoint. Epoch observations are not independent seeds.",accuracy percent; epoch is the raw zero-based epoch index
in489g2,g45,g45,0,in489g2-g45-s0,31,36.89,33.93,S0078,84,false,"`in489g1`, 12 runs, ImageNet-489 | `in489g2`, 14 runs, ImageNet-489 | Full available curve retained; registered_horizon and in_registered_plateau5_window identify the primary endpoint. Epoch observations are not independent seeds.",accuracy percent; epoch is the raw zero-based epoch index
in489g2,g45,g45,0,in489g2-g45-s0,32,37.72,34.12,S0078,84,false,"`in489g1`, 12 runs, ImageNet-489 | `in489g2`, 14 runs, ImageNet-489 | Full available curve retained; registered_horizon and in_registered_plateau5_window identify the primary endpoint. Epoch observations are not independent seeds.",accuracy percent; epoch is the raw zero-based epoch index
in489g2,g45,g45,0,in489g2-g45-s0,33,37.91,34.5,S0078,84,false,"`in489g1`, 12 runs, ImageNet-489 | `in489g2`, 14 runs, ImageNet-489 | Full available curve retained; registered_horizon and in_registered_plateau5_window identify the primary endpoint. Epoch observations are not independent seeds.",accuracy percent; epoch is the raw zero-based epoch index
in489g2,g45,g45,0,in489g2-g45-s0,34,38.11,34.68,S0078,84,false,"`in489g1`, 12 runs, ImageNet-489 | `in489g2`, 14 runs, ImageNet-489 | Full available curve retained; registered_horizon and in_registered_plateau5_window identify the primary endpoint. Epoch observations are not independent seeds.",accuracy percent; epoch is the raw zero-based epoch index
in489g2,g45,g45,0,in489g2-g45-s0,35,38.58,34.89,S0078,84,false,"`in489g1`, 12 runs, ImageNet-489 | `in489g2`, 14 runs, ImageNet-489 | Full available curve retained; registered_horizon and in_registered_plateau5_window identify the primary endpoint. Epoch observations are not independent seeds.",accuracy percent; epoch is the raw zero-based epoch index
in489g2,g45,g45,0,in489g2-g45-s0,36,38.83,34.97,S0078,84,false,"`in489g1`, 12 runs, ImageNet-489 | `in489g2`, 14 runs, ImageNet-489 | Full available curve retained; registered_horizon and in_registered_plateau5_window identify the primary endpoint. Epoch observations are not independent seeds.",accuracy percent; epoch is the raw zero-based epoch index
in489g2,g45,g45,0,in489g2-g45-s0,37,38.6,35.35,S0078,84,false,"`in489g1`, 12 runs, ImageNet-489 | `in489g2`, 14 runs, ImageNet-489 | Full available curve retained; registered_horizon and in_registered_plateau5_window identify the primary endpoint. Epoch observations are not independent seeds.",accuracy percent; epoch is the raw zero-based epoch index
in489g2,g45,g45,0,in489g2-g45-s0,38,38.61,35.47,S0078,84,false,"`in489g1`, 12 runs, ImageNet-489 | `in489g2`, 14 runs, ImageNet-489 | Full available curve retained; registered_horizon and in_registered_plateau5_window identify the primary endpoint. Epoch observations are not independent seeds.",accuracy percent; epoch is the raw zero-based epoch index
in489g2,g45,g45,0,in489g2-g45-s0,39,39.61,35.69,S0078,84,false,"`in489g1`, 12 runs, ImageNet-489 | `in489g2`, 14 runs, ImageNet-489 | Full available curve retained; registered_horizon and in_registered_plateau5_window identify the primary endpoint. Epoch observations are not independent seeds.",accuracy percent; epoch is the raw zero-based epoch index
in489g2,g45,g45,0,in489g2-g45-s0,40,39.35,35.81,S0078,84,false,"`in489g1`, 12 runs, ImageNet-489 | `in489g2`, 14 runs, ImageNet-489 | Full available curve retained; registered_horizon and in_registered_plateau5_window identify the primary endpoint. Epoch observations are not independent seeds.",accuracy percent; epoch is the raw zero-based epoch index
in489g2,g45,g45,0,in489g2-g45-s0,41,39.76,35.99,S0078,84,false,"`in489g1`, 12 runs, ImageNet-489 | `in489g2`, 14 runs, ImageNet-489 | Full available curve retained; registered_horizon and in_registered_plateau5_window identify the primary endpoint. Epoch observations are not independent seeds.",accuracy percent; epoch is the raw zero-based epoch index
in489g2,g45,g45,0,in489g2-g45-s0,42,39.64,36.13,S0078,84,false,"`in489g1`, 12 runs, ImageNet-489 | `in489g2`, 14 runs, ImageNet-489 | Full available curve retained; registered_horizon and in_registered_plateau5_window identify the primary endpoint. Epoch observations are not independent seeds.",accuracy percent; epoch is the raw zero-based epoch index
in489g2,g45,g45,0,in489g2-g45-s0,43,40.35,36.34,S0078,84,false,"`in489g1`, 12 runs, ImageNet-489 | `in489g2`, 14 runs, ImageNet-489 | Full available curve retained; registered_horizon and in_registered_plateau5_window identify the primary endpoint. Epoch observations are not independent seeds.",accuracy percent; epoch is the raw zero-based epoch index
in489g2,g45,g45,0,in489g2-g45-s0,44,40.05,36.36,S0078,84,false,"`in489g1`, 12 runs, ImageNet-489 | `in489g2`, 14 runs, ImageNet-489 | Full available curve retained; registered_horizon and in_registered_plateau5_window identify the primary endpoint. Epoch observations are not independent seeds.",accuracy percent; epoch is the raw zero-based epoch index
in489g2,g45,g45,0,in489g2-g45-s0,45,39.86,36.5,S0078,84,false,"`in489g1`, 12 runs, ImageNet-489 | `in489g2`, 14 runs, ImageNet-489 | Full available curve retained; registered_horizon and in_registered_plateau5_window identify the primary endpoint. Epoch observations are not independent seeds.",accuracy percent; epoch is the raw zero-based epoch index
in489g2,g45,g45,0,in489g2-g45-s0,46,40.39,36.76,S0078,84,false,"`in489g1`, 12 runs, ImageNet-489 | `in489g2`, 14 runs, ImageNet-489 | Full available curve retained; registered_horizon and in_registered_plateau5_window identify the primary endpoint. Epoch observations are not independent seeds.",accuracy percent; epoch is the raw zero-based epoch index
in489g2,g45,g45,0,in489g2-g45-s0,47,40.46,36.67,S0078,84,false,"`in489g1`, 12 runs, ImageNet-489 | `in489g2`, 14 runs, ImageNet-489 | Full available curve retained; registered_horizon and in_registered_plateau5_window identify the primary endpoint. Epoch observations are not independent seeds.",accuracy percent; epoch is the raw zero-based epoch index
in489g2,g45,g45,0,in489g2-g45-s0,48,40.42,36.92,S0078,84,false,"`in489g1`, 12 runs, ImageNet-489 | `in489g2`, 14 runs, ImageNet-489 | Full available curve retained; registered_horizon and in_registered_plateau5_window identify the primary endpoint. Epoch observations are not independent seeds.",accuracy percent; epoch is the raw zero-based epoch index
in489g2,g45,g45,0,in489g2-g45-s0,49,40.62,37.12,S0078,84,false,"`in489g1`, 12 runs, ImageNet-489 | `in489g2`, 14 runs, ImageNet-489 | Full available curve retained; registered_horizon and in_registered_plateau5_window identify the primary endpoint. Epoch observations are not independent seeds.",accuracy percent; epoch is the raw zero-based epoch index
in489g2,g45,g45,0,in489g2-g45-s0,50,40.73,37.19,S0078,84,false,"`in489g1`, 12 runs, ImageNet-489 | `in489g2`, 14 runs, ImageNet-489 | Full available curve retained; registered_horizon and in_registered_plateau5_window identify the primary endpoint. Epoch observations are not independent seeds.",accuracy percent; epoch is the raw zero-based epoch index
in489g2,g45,g45,0,in489g2-g45-s0,51,40.68,37.35,S0078,84,false,"`in489g1`, 12 runs, ImageNet-489 | `in489g2`, 14 runs, ImageNet-489 | Full available curve retained; registered_horizon and in_registered_plateau5_window identify the primary endpoint. Epoch observations are not independent seeds.",accuracy percent; epoch is the raw zero-based epoch index
in489g2,g45,g45,0,in489g2-g45-s0,52,41.1,37.35,S0078,84,false,"`in489g1`, 12 runs, ImageNet-489 | `in489g2`, 14 runs, ImageNet-489 | Full available curve retained; registered_horizon and in_registered_plateau5_window identify the primary endpoint. Epoch observations are not independent seeds.",accuracy percent; epoch is the raw zero-based epoch index
in489g2,g45,g45,0,in489g2-g45-s0,53,41.15,37.57,S0078,84,false,"`in489g1`, 12 runs, ImageNet-489 | `in489g2`, 14 runs, ImageNet-489 | Full available curve retained; registered_horizon and in_registered_plateau5_window identify the primary endpoint. Epoch observations are not independent seeds.",accuracy percent; epoch is the raw zero-based epoch index
in489g2,g45,g45,0,in489g2-g45-s0,54,41.37,37.58,S0078,84,false,"`in489g1`, 12 runs, ImageNet-489 | `in489g2`, 14 runs, ImageNet-489 | Full available curve retained; registered_horizon and in_registered_plateau5_window identify the primary endpoint. Epoch observations are not independent seeds.",accuracy percent; epoch is the raw zero-based epoch index
in489g2,g45,g45,0,in489g2-g45-s0,55,40.94,37.68,S0078,84,false,"`in489g1`, 12 runs, ImageNet-489 | `in489g2`, 14 runs, ImageNet-489 | Full available curve retained; registered_horizon and in_registered_plateau5_window identify the primary endpoint. Epoch observations are not independent seeds.",accuracy percent; epoch is the raw zero-based epoch index
in489g2,g45,g45,0,in489g2-g45-s0,56,41.28,37.84,S0078,84,false,"`in489g1`, 12 runs, ImageNet-489 | `in489g2`, 14 runs, ImageNet-489 | Full available curve retained; registered_horizon and in_registered_plateau5_window identify the primary endpoint. Epoch observations are not independent seeds.",accuracy percent; epoch is the raw zero-based epoch index
in489g2,g45,g45,0,in489g2-g45-s0,57,41.54,37.88,S0078,84,false,"`in489g1`, 12 runs, ImageNet-489 | `in489g2`, 14 runs, ImageNet-489 | Full available curve retained; registered_horizon and in_registered_plateau5_window identify the primary endpoint. Epoch observations are not independent seeds.",accuracy percent; epoch is the raw zero-based epoch index
in489g2,g45,g45,0,in489g2-g45-s0,58,41.71,38.09,S0078,84,false,"`in489g1`, 12 runs, ImageNet-489 | `in489g2`, 14 runs, ImageNet-489 | Full available curve retained; registered_horizon and in_registered_plateau5_window identify the primary endpoint. Epoch observations are not independent seeds.",accuracy percent; epoch is the raw zero-based epoch index
in489g2,g45,g45,0,in489g2-g45-s0,59,41.73,38.1,S0078,84,false,"`in489g1`, 12 runs, ImageNet-489 | `in489g2`, 14 runs, ImageNet-489 | Full available curve retained; registered_horizon and in_registered_plateau5_window identify the primary endpoint. Epoch observations are not independent seeds.",accuracy percent; epoch is the raw zero-based epoch index
in489g2,g45,g45,0,in489g2-g45-s0,60,42.09,38.2,S0078,84,false,"`in489g1`, 12 runs, ImageNet-489 | `in489g2`, 14 runs, ImageNet-489 | Full available curve retained; registered_horizon and in_registered_plateau5_window identify the primary endpoint. Epoch observations are not independent seeds.",accuracy percent; epoch is the raw zero-based epoch index
in489g2,g45,g45,0,in489g2-g45-s0,61,41.86,38.2,S0078,84,false,"`in489g1`, 12 runs, ImageNet-489 | `in489g2`, 14 runs, ImageNet-489 | Full available curve retained; registered_horizon and in_registered_plateau5_window identify the primary endpoint. Epoch observations are not independent seeds.",accuracy percent; epoch is the raw zero-based epoch index
in489g2,g45,g45,0,in489g2-g45-s0,62,42.18,38.32,S0078,84,false,"`in489g1`, 12 runs, ImageNet-489 | `in489g2`, 14 runs, ImageNet-489 | Full available curve retained; registered_horizon and in_registered_plateau5_window identify the primary endpoint. Epoch observations are not independent seeds.",accuracy percent; epoch is the raw zero-based epoch index
in489g2,g45,g45,0,in489g2-g45-s0,63,42.13,38.4,S0078,84,false,"`in489g1`, 12 runs, ImageNet-489 | `in489g2`, 14 runs, ImageNet-489 | Full available curve retained; registered_horizon and in_registered_plateau5_window identify the primary endpoint. Epoch observations are not independent seeds.",accuracy percent; epoch is the raw zero-based epoch index
in489g2,g45,g45,0,in489g2-g45-s0,64,42.24,38.54,S0078,84,false,"`in489g1`, 12 runs, ImageNet-489 | `in489g2`, 14 runs, ImageNet-489 | Full available curve retained; registered_horizon and in_registered_plateau5_window identify the primary endpoint. Epoch observations are not independent seeds.",accuracy percent; epoch is the raw zero-based epoch index
in489g2,g45,g45,0,in489g2-g45-s0,65,42.08,38.61,S0078,84,false,"`in489g1`, 12 runs, ImageNet-489 | `in489g2`, 14 runs, ImageNet-489 | Full available curve retained; registered_horizon and in_registered_plateau5_window identify the primary endpoint. Epoch observations are not independent seeds.",accuracy percent; epoch is the raw zero-based epoch index
in489g2,g45,g45,0,in489g2-g45-s0,66,42.52,38.63,S0078,84,false,"`in489g1`, 12 runs, ImageNet-489 | `in489g2`, 14 runs, ImageNet-489 | Full available curve retained; registered_horizon and in_registered_plateau5_window identify the primary endpoint. Epoch observations are not independent seeds.",accuracy percent; epoch is the raw zero-based epoch index
in489g2,g45,g45,0,in489g2-g45-s0,67,42.39,38.79,S0078,84,false,"`in489g1`, 12 runs, ImageNet-489 | `in489g2`, 14 runs, ImageNet-489 | Full available curve retained; registered_horizon and in_registered_plateau5_window identify the primary endpoint. Epoch observations are not independent seeds.",accuracy percent; epoch is the raw zero-based epoch index
in489g2,g45,g45,0,in489g2-g45-s0,68,42.4,38.88,S0078,84,false,"`in489g1`, 12 runs, ImageNet-489 | `in489g2`, 14 runs, ImageNet-489 | Full available curve retained; registered_horizon and in_registered_plateau5_window identify the primary endpoint. Epoch observations are not independent seeds.",accuracy percent; epoch is the raw zero-based epoch index
in489g2,g45,g45,0,in489g2-g45-s0,69,42.91,38.94,S0078,84,false,"`in489g1`, 12 runs, ImageNet-489 | `in489g2`, 14 runs, ImageNet-489 | Full available curve retained; registered_horizon and in_registered_plateau5_window identify the primary endpoint. Epoch observations are not independent seeds.",accuracy percent; epoch is the raw zero-based epoch index
in489g2,g45,g45,0,in489g2-g45-s0,70,42.58,39.01,S0078,84,false,"`in489g1`, 12 runs, ImageNet-489 | `in489g2`, 14 runs, ImageNet-489 | Full available curve retained; registered_horizon and in_registered_plateau5_window identify the primary endpoint. Epoch observations are not independent seeds.",accuracy percent; epoch is the raw zero-based epoch index
in489g2,g45,g45,0,in489g2-g45-s0,71,42.95,39.03,S0078,84,false,"`in489g1`, 12 runs, ImageNet-489 | `in489g2`, 14 runs, ImageNet-489 | Full available curve retained; registered_horizon and in_registered_plateau5_window identify the primary endpoint. Epoch observations are not independent seeds.",accuracy percent; epoch is the raw zero-based epoch index
in489g2,g45,g45,0,in489g2-g45-s0,72,43.02,39.07,S0078,84,false,"`in489g1`, 12 runs, ImageNet-489 | `in489g2`, 14 runs, ImageNet-489 | Full available curve retained; registered_horizon and in_registered_plateau5_window identify the primary endpoint. Epoch observations are not independent seeds.",accuracy percent; epoch is the raw zero-based epoch index
in489g2,g45,g45,0,in489g2-g45-s0,73,42.9,39.19,S0078,84,false,"`in489g1`, 12 runs, ImageNet-489 | `in489g2`, 14 runs, ImageNet-489 | Full available curve retained; registered_horizon and in_registered_plateau5_window identify the primary endpoint. Epoch observations are not independent seeds.",accuracy percent; epoch is the raw zero-based epoch index
in489g2,g45,g45,0,in489g2-g45-s0,74,42.9,39.23,S0078,84,false,"`in489g1`, 12 runs, ImageNet-489 | `in489g2`, 14 runs, ImageNet-489 | Full available curve retained; registered_horizon and in_registered_plateau5_window identify the primary endpoint. Epoch observations are not independent seeds.",accuracy percent; epoch is the raw zero-based epoch index
in489g2,g45,g45,0,in489g2-g45-s0,75,43.05,39.3,S0078,84,false,"`in489g1`, 12 runs, ImageNet-489 | `in489g2`, 14 runs, ImageNet-489 | Full available curve retained; registered_horizon and in_registered_plateau5_window identify the primary endpoint. Epoch observations are not independent seeds.",accuracy percent; epoch is the raw zero-based epoch index
in489g2,g45,g45,0,in489g2-g45-s0,76,43.24,39.49,S0078,84,false,"`in489g1`, 12 runs, ImageNet-489 | `in489g2`, 14 runs, ImageNet-489 | Full available curve retained; registered_horizon and in_registered_plateau5_window identify the primary endpoint. Epoch observations are not independent seeds.",accuracy percent; epoch is the raw zero-based epoch index
in489g2,g45,g45,0,in489g2-g45-s0,77,43.15,39.5,S0078,84,false,"`in489g1`, 12 runs, ImageNet-489 | `in489g2`, 14 runs, ImageNet-489 | Full available curve retained; registered_horizon and in_registered_plateau5_window identify the primary endpoint. Epoch observations are not independent seeds.",accuracy percent; epoch is the raw zero-based epoch index
in489g2,g45,g45,0,in489g2-g45-s0,78,42.98,39.54,S0078,84,false,"`in489g1`, 12 runs, ImageNet-489 | `in489g2`, 14 runs, ImageNet-489 | Full available curve retained; registered_horizon and in_registered_plateau5_window identify the primary endpoint. Epoch observations are not independent seeds.",accuracy percent; epoch is the raw zero-based epoch index
in489g2,g45,g45,0,in489g2-g45-s0,79,43.55,39.51,S0078,84,true,"`in489g1`, 12 runs, ImageNet-489 | `in489g2`, 14 runs, ImageNet-489 | Full available curve retained; registered_horizon and in_registered_plateau5_window identify the primary endpoint. Epoch observations are not independent seeds.",accuracy percent; epoch is the raw zero-based epoch index
in489g2,g45,g45,0,in489g2-g45-s0,80,43.35,39.68,S0078,84,true,"`in489g1`, 12 runs, ImageNet-489 | `in489g2`, 14 runs, ImageNet-489 | Full available curve retained; registered_horizon and in_registered_plateau5_window identify the primary endpoint. Epoch observations are not independent seeds.",accuracy percent; epoch is the raw zero-based epoch index
in489g2,g45,g45,0,in489g2-g45-s0,81,43.32,39.71,S0078,84,true,"`in489g1`, 12 runs, ImageNet-489 | `in489g2`, 14 runs, ImageNet-489 | Full available curve retained; registered_horizon and in_registered_plateau5_window identify the primary endpoint. Epoch observations are not independent seeds.",accuracy percent; epoch is the raw zero-based epoch index
in489g2,g45,g45,0,in489g2-g45-s0,82,43.24,39.75,S0078,84,true,"`in489g1`, 12 runs, ImageNet-489 | `in489g2`, 14 runs, ImageNet-489 | Full available curve retained; registered_horizon and in_registered_plateau5_window identify the primary endpoint. Epoch observations are not independent seeds.",accuracy percent; epoch is the raw zero-based epoch index
in489g2,g45,g45,0,in489g2-g45-s0,83,43.66,39.7,S0078,84,true,"`in489g1`, 12 runs, ImageNet-489 | `in489g2`, 14 runs, ImageNet-489 | Full available curve retained; registered_horizon and in_registered_plateau5_window identify the primary endpoint. Epoch observations are not independent seeds.",accuracy percent; epoch is the raw zero-based epoch index
in489g2,g45,g45,1,in489g2-g45-s1,0,0.27,0.23,S0079,84,false,"`in489g1`, 12 runs, ImageNet-489 | `in489g2`, 14 runs, ImageNet-489 | Full available curve retained; registered_horizon and in_registered_plateau5_window identify the primary endpoint. Epoch observations are not independent seeds.",accuracy percent; epoch is the raw zero-based epoch index
in489g2,g45,g45,1,in489g2-g45-s1,1,0.25,0.23,S0079,84,false,"`in489g1`, 12 runs, ImageNet-489 | `in489g2`, 14 runs, ImageNet-489 | Full available curve retained; registered_horizon and in_registered_plateau5_window identify the primary endpoint. Epoch observations are not independent seeds.",accuracy percent; epoch is the raw zero-based epoch index
in489g2,g45,g45,1,in489g2-g45-s1,2,0.51,0.3,S0079,84,false,"`in489g1`, 12 runs, ImageNet-489 | `in489g2`, 14 runs, ImageNet-489 | Full available curve retained; registered_horizon and in_registered_plateau5_window identify the primary endpoint. Epoch observations are not independent seeds.",accuracy percent; epoch is the raw zero-based epoch index
in489g2,g45,g45,1,in489g2-g45-s1,3,2.19,1.17,S0079,84,false,"`in489g1`, 12 runs, ImageNet-489 | `in489g2`, 14 runs, ImageNet-489 | Full available curve retained; registered_horizon and in_registered_plateau5_window identify the primary endpoint. Epoch observations are not independent seeds.",accuracy percent; epoch is the raw zero-based epoch index
in489g2,g45,g45,1,in489g2-g45-s1,4,7.33,4.26,S0079,84,false,"`in489g1`, 12 runs, ImageNet-489 | `in489g2`, 14 runs, ImageNet-489 | Full available curve retained; registered_horizon and in_registered_plateau5_window identify the primary endpoint. Epoch observations are not independent seeds.",accuracy percent; epoch is the raw zero-based epoch index
in489g2,g45,g45,1,in489g2-g45-s1,5,10.86,8.31,S0079,84,false,"`in489g1`, 12 runs, ImageNet-489 | `in489g2`, 14 runs, ImageNet-489 | Full available curve retained; registered_horizon and in_registered_plateau5_window identify the primary endpoint. Epoch observations are not independent seeds.",accuracy percent; epoch is the raw zero-based epoch index
in489g2,g45,g45,1,in489g2-g45-s1,6,13.13,11.05,S0079,84,false,"`in489g1`, 12 runs, ImageNet-489 | `in489g2`, 14 runs, ImageNet-489 | Full available curve retained; registered_horizon and in_registered_plateau5_window identify the primary endpoint. Epoch observations are not independent seeds.",accuracy percent; epoch is the raw zero-based epoch index
in489g2,g45,g45,1,in489g2-g45-s1,7,15.89,13.29,S0079,84,false,"`in489g1`, 12 runs, ImageNet-489 | `in489g2`, 14 runs, ImageNet-489 | Full available curve retained; registered_horizon and in_registered_plateau5_window identify the primary endpoint. Epoch observations are not independent seeds.",accuracy percent; epoch is the raw zero-based epoch index
in489g2,g45,g45,1,in489g2-g45-s1,8,18.15,15.3,S0079,84,false,"`in489g1`, 12 runs, ImageNet-489 | `in489g2`, 14 runs, ImageNet-489 | Full available curve retained; registered_horizon and in_registered_plateau5_window identify the primary endpoint. Epoch observations are not independent seeds.",accuracy percent; epoch is the raw zero-based epoch index
in489g2,g45,g45,1,in489g2-g45-s1,9,19.01,17.24,S0079,84,false,"`in489g1`, 12 runs, ImageNet-489 | `in489g2`, 14 runs, ImageNet-489 | Full available curve retained; registered_horizon and in_registered_plateau5_window identify the primary endpoint. Epoch observations are not independent seeds.",accuracy percent; epoch is the raw zero-based epoch index
in489g2,g45,g45,1,in489g2-g45-s1,10,21.48,19.01,S0079,84,false,"`in489g1`, 12 runs, ImageNet-489 | `in489g2`, 14 runs, ImageNet-489 | Full available curve retained; registered_horizon and in_registered_plateau5_window identify the primary endpoint. Epoch observations are not independent seeds.",accuracy percent; epoch is the raw zero-based epoch index
in489g2,g45,g45,1,in489g2-g45-s1,11,24.27,20.96,S0079,84,false,"`in489g1`, 12 runs, ImageNet-489 | `in489g2`, 14 runs, ImageNet-489 | Full available curve retained; registered_horizon and in_registered_plateau5_window identify the primary endpoint. Epoch observations are not independent seeds.",accuracy percent; epoch is the raw zero-based epoch index
in489g2,g45,g45,1,in489g2-g45-s1,12,25.6,22.46,S0079,84,false,"`in489g1`, 12 runs, ImageNet-489 | `in489g2`, 14 runs, ImageNet-489 | Full available curve retained; registered_horizon and in_registered_plateau5_window identify the primary endpoint. Epoch observations are not independent seeds.",accuracy percent; epoch is the raw zero-based epoch index
in489g2,g45,g45,1,in489g2-g45-s1,13,26.73,23.89,S0079,84,false,"`in489g1`, 12 runs, ImageNet-489 | `in489g2`, 14 runs, ImageNet-489 | Full available curve retained; registered_horizon and in_registered_plateau5_window identify the primary endpoint. Epoch observations are not independent seeds.",accuracy percent; epoch is the raw zero-based epoch index
in489g2,g45,g45,1,in489g2-g45-s1,14,27.58,25.06,S0079,84,false,"`in489g1`, 12 runs, ImageNet-489 | `in489g2`, 14 runs, ImageNet-489 | Full available curve retained; registered_horizon and in_registered_plateau5_window identify the primary endpoint. Epoch observations are not independent seeds.",accuracy percent; epoch is the raw zero-based epoch index
in489g2,g45,g45,1,in489g2-g45-s1,15,29.05,25.95,S0079,84,false,"`in489g1`, 12 runs, ImageNet-489 | `in489g2`, 14 runs, ImageNet-489 | Full available curve retained; registered_horizon and in_registered_plateau5_window identify the primary endpoint. Epoch observations are not independent seeds.",accuracy percent; epoch is the raw zero-based epoch index
in489g2,g45,g45,1,in489g2-g45-s1,16,30.34,26.88,S0079,84,false,"`in489g1`, 12 runs, ImageNet-489 | `in489g2`, 14 runs, ImageNet-489 | Full available curve retained; registered_horizon and in_registered_plateau5_window identify the primary endpoint. Epoch observations are not independent seeds.",accuracy percent; epoch is the raw zero-based epoch index
in489g2,g45,g45,1,in489g2-g45-s1,17,31.02,27.72,S0079,84,false,"`in489g1`, 12 runs, ImageNet-489 | `in489g2`, 14 runs, ImageNet-489 | Full available curve retained; registered_horizon and in_registered_plateau5_window identify the primary endpoint. Epoch observations are not independent seeds.",accuracy percent; epoch is the raw zero-based epoch index
in489g2,g45,g45,1,in489g2-g45-s1,18,31.36,28.41,S0079,84,false,"`in489g1`, 12 runs, ImageNet-489 | `in489g2`, 14 runs, ImageNet-489 | Full available curve retained; registered_horizon and in_registered_plateau5_window identify the primary endpoint. Epoch observations are not independent seeds.",accuracy percent; epoch is the raw zero-based epoch index
in489g2,g45,g45,1,in489g2-g45-s1,19,32.24,29.01,S0079,84,false,"`in489g1`, 12 runs, ImageNet-489 | `in489g2`, 14 runs, ImageNet-489 | Full available curve retained; registered_horizon and in_registered_plateau5_window identify the primary endpoint. Epoch observations are not independent seeds.",accuracy percent; epoch is the raw zero-based epoch index
in489g2,g45,g45,1,in489g2-g45-s1,20,32.84,29.55,S0079,84,false,"`in489g1`, 12 runs, ImageNet-489 | `in489g2`, 14 runs, ImageNet-489 | Full available curve retained; registered_horizon and in_registered_plateau5_window identify the primary endpoint. Epoch observations are not independent seeds.",accuracy percent; epoch is the raw zero-based epoch index
in489g2,g45,g45,1,in489g2-g45-s1,21,33.26,30.12,S0079,84,false,"`in489g1`, 12 runs, ImageNet-489 | `in489g2`, 14 runs, ImageNet-489 | Full available curve retained; registered_horizon and in_registered_plateau5_window identify the primary endpoint. Epoch observations are not independent seeds.",accuracy percent; epoch is the raw zero-based epoch index
in489g2,g45,g45,1,in489g2-g45-s1,22,34.13,30.52,S0079,84,false,"`in489g1`, 12 runs, ImageNet-489 | `in489g2`, 14 runs, ImageNet-489 | Full available curve retained; registered_horizon and in_registered_plateau5_window identify the primary endpoint. Epoch observations are not independent seeds.",accuracy percent; epoch is the raw zero-based epoch index
in489g2,g45,g45,1,in489g2-g45-s1,23,34.31,30.99,S0079,84,false,"`in489g1`, 12 runs, ImageNet-489 | `in489g2`, 14 runs, ImageNet-489 | Full available curve retained; registered_horizon and in_registered_plateau5_window identify the primary endpoint. Epoch observations are not independent seeds.",accuracy percent; epoch is the raw zero-based epoch index
in489g2,g45,g45,1,in489g2-g45-s1,24,34.46,31.51,S0079,84,false,"`in489g1`, 12 runs, ImageNet-489 | `in489g2`, 14 runs, ImageNet-489 | Full available curve retained; registered_horizon and in_registered_plateau5_window identify the primary endpoint. Epoch observations are not independent seeds.",accuracy percent; epoch is the raw zero-based epoch index
in489g2,g45,g45,1,in489g2-g45-s1,25,35.2,31.77,S0079,84,false,"`in489g1`, 12 runs, ImageNet-489 | `in489g2`, 14 runs, ImageNet-489 | Full available curve retained; registered_horizon and in_registered_plateau5_window identify the primary endpoint. Epoch observations are not independent seeds.",accuracy percent; epoch is the raw zero-based epoch index
in489g2,g45,g45,1,in489g2-g45-s1,26,35.73,32.18,S0079,84,false,"`in489g1`, 12 runs, ImageNet-489 | `in489g2`, 14 runs, ImageNet-489 | Full available curve retained; registered_horizon and in_registered_plateau5_window identify the primary endpoint. Epoch observations are not independent seeds.",accuracy percent; epoch is the raw zero-based epoch index
in489g2,g45,g45,1,in489g2-g45-s1,27,36.56,32.48,S0079,84,false,"`in489g1`, 12 runs, ImageNet-489 | `in489g2`, 14 runs, ImageNet-489 | Full available curve retained; registered_horizon and in_registered_plateau5_window identify the primary endpoint. Epoch observations are not independent seeds.",accuracy percent; epoch is the raw zero-based epoch index
in489g2,g45,g45,1,in489g2-g45-s1,28,36.18,32.85,S0079,84,false,"`in489g1`, 12 runs, ImageNet-489 | `in489g2`, 14 runs, ImageNet-489 | Full available curve retained; registered_horizon and in_registered_plateau5_window identify the primary endpoint. Epoch observations are not independent seeds.",accuracy percent; epoch is the raw zero-based epoch index
in489g2,g45,g45,1,in489g2-g45-s1,29,36.29,33.1,S0079,84,false,"`in489g1`, 12 runs, ImageNet-489 | `in489g2`, 14 runs, ImageNet-489 | Full available curve retained; registered_horizon and in_registered_plateau5_window identify the primary endpoint. Epoch observations are not independent seeds.",accuracy percent; epoch is the raw zero-based epoch index
in489g2,g45,g45,1,in489g2-g45-s1,30,37.22,33.4,S0079,84,false,"`in489g1`, 12 runs, ImageNet-489 | `in489g2`, 14 runs, ImageNet-489 | Full available curve retained; registered_horizon and in_registered_plateau5_window identify the primary endpoint. Epoch observations are not independent seeds.",accuracy percent; epoch is the raw zero-based epoch index
in489g2,g45,g45,1,in489g2-g45-s1,31,36.86,33.56,S0079,84,false,"`in489g1`, 12 runs, ImageNet-489 | `in489g2`, 14 runs, ImageNet-489 | Full available curve retained; registered_horizon and in_registered_plateau5_window identify the primary endpoint. Epoch observations are not independent seeds.",accuracy percent; epoch is the raw zero-based epoch index
in489g2,g45,g45,1,in489g2-g45-s1,32,37.52,33.87,S0079,84,false,"`in489g1`, 12 runs, ImageNet-489 | `in489g2`, 14 runs, ImageNet-489 | Full available curve retained; registered_horizon and in_registered_plateau5_window identify the primary endpoint. Epoch observations are not independent seeds.",accuracy percent; epoch is the raw zero-based epoch index
in489g2,g45,g45,1,in489g2-g45-s1,33,38.14,34.09,S0079,84,false,"`in489g1`, 12 runs, ImageNet-489 | `in489g2`, 14 runs, ImageNet-489 | Full available curve retained; registered_horizon and in_registered_plateau5_window identify the primary endpoint. Epoch observations are not independent seeds.",accuracy percent; epoch is the raw zero-based epoch index
in489g2,g45,g45,1,in489g2-g45-s1,34,37.61,34.32,S0079,84,false,"`in489g1`, 12 runs, ImageNet-489 | `in489g2`, 14 runs, ImageNet-489 | Full available curve retained; registered_horizon and in_registered_plateau5_window identify the primary endpoint. Epoch observations are not independent seeds.",accuracy percent; epoch is the raw zero-based epoch index
in489g2,g45,g45,1,in489g2-g45-s1,35,38.07,34.57,S0079,84,false,"`in489g1`, 12 runs, ImageNet-489 | `in489g2`, 14 runs, ImageNet-489 | Full available curve retained; registered_horizon and in_registered_plateau5_window identify the primary endpoint. Epoch observations are not independent seeds.",accuracy percent; epoch is the raw zero-based epoch index
in489g2,g45,g45,1,in489g2-g45-s1,36,38.18,34.68,S0079,84,false,"`in489g1`, 12 runs, ImageNet-489 | `in489g2`, 14 runs, ImageNet-489 | Full available curve retained; registered_horizon and in_registered_plateau5_window identify the primary endpoint. Epoch observations are not independent seeds.",accuracy percent; epoch is the raw zero-based epoch index
in489g2,g45,g45,1,in489g2-g45-s1,37,38.82,34.87,S0079,84,false,"`in489g1`, 12 runs, ImageNet-489 | `in489g2`, 14 runs, ImageNet-489 | Full available curve retained; registered_horizon and in_registered_plateau5_window identify the primary endpoint. Epoch observations are not independent seeds.",accuracy percent; epoch is the raw zero-based epoch index
in489g2,g45,g45,1,in489g2-g45-s1,38,38.55,35.13,S0079,84,false,"`in489g1`, 12 runs, ImageNet-489 | `in489g2`, 14 runs, ImageNet-489 | Full available curve retained; registered_horizon and in_registered_plateau5_window identify the primary endpoint. Epoch observations are not independent seeds.",accuracy percent; epoch is the raw zero-based epoch index
in489g2,g45,g45,1,in489g2-g45-s1,39,38.52,35.29,S0079,84,false,"`in489g1`, 12 runs, ImageNet-489 | `in489g2`, 14 runs, ImageNet-489 | Full available curve retained; registered_horizon and in_registered_plateau5_window identify the primary endpoint. Epoch observations are not independent seeds.",accuracy percent; epoch is the raw zero-based epoch index
in489g2,g45,g45,1,in489g2-g45-s1,40,39.33,35.37,S0079,84,false,"`in489g1`, 12 runs, ImageNet-489 | `in489g2`, 14 runs, ImageNet-489 | Full available curve retained; registered_horizon and in_registered_plateau5_window identify the primary endpoint. Epoch observations are not independent seeds.",accuracy percent; epoch is the raw zero-based epoch index
in489g2,g45,g45,1,in489g2-g45-s1,41,39.12,35.57,S0079,84,false,"`in489g1`, 12 runs, ImageNet-489 | `in489g2`, 14 runs, ImageNet-489 | Full available curve retained; registered_horizon and in_registered_plateau5_window identify the primary endpoint. Epoch observations are not independent seeds.",accuracy percent; epoch is the raw zero-based epoch index
in489g2,g45,g45,1,in489g2-g45-s1,42,39.26,35.8,S0079,84,false,"`in489g1`, 12 runs, ImageNet-489 | `in489g2`, 14 runs, ImageNet-489 | Full available curve retained; registered_horizon and in_registered_plateau5_window identify the primary endpoint. Epoch observations are not independent seeds.",accuracy percent; epoch is the raw zero-based epoch index
in489g2,g45,g45,1,in489g2-g45-s1,43,39.68,35.9,S0079,84,false,"`in489g1`, 12 runs, ImageNet-489 | `in489g2`, 14 runs, ImageNet-489 | Full available curve retained; registered_horizon and in_registered_plateau5_window identify the primary endpoint. Epoch observations are not independent seeds.",accuracy percent; epoch is the raw zero-based epoch index
in489g2,g45,g45,1,in489g2-g45-s1,44,40.02,35.99,S0079,84,false,"`in489g1`, 12 runs, ImageNet-489 | `in489g2`, 14 runs, ImageNet-489 | Full available curve retained; registered_horizon and in_registered_plateau5_window identify the primary endpoint. Epoch observations are not independent seeds.",accuracy percent; epoch is the raw zero-based epoch index
in489g2,g45,g45,1,in489g2-g45-s1,45,39.69,36.27,S0079,84,false,"`in489g1`, 12 runs, ImageNet-489 | `in489g2`, 14 runs, ImageNet-489 | Full available curve retained; registered_horizon and in_registered_plateau5_window identify the primary endpoint. Epoch observations are not independent seeds.",accuracy percent; epoch is the raw zero-based epoch index
in489g2,g45,g45,1,in489g2-g45-s1,46,39.82,36.41,S0079,84,false,"`in489g1`, 12 runs, ImageNet-489 | `in489g2`, 14 runs, ImageNet-489 | Full available curve retained; registered_horizon and in_registered_plateau5_window identify the primary endpoint. Epoch observations are not independent seeds.",accuracy percent; epoch is the raw zero-based epoch index
in489g2,g45,g45,1,in489g2-g45-s1,47,40.08,36.42,S0079,84,false,"`in489g1`, 12 runs, ImageNet-489 | `in489g2`, 14 runs, ImageNet-489 | Full available curve retained; registered_horizon and in_registered_plateau5_window identify the primary endpoint. Epoch observations are not independent seeds.",accuracy percent; epoch is the raw zero-based epoch index
in489g2,g45,g45,1,in489g2-g45-s1,48,40.35,36.59,S0079,84,false,"`in489g1`, 12 runs, ImageNet-489 | `in489g2`, 14 runs, ImageNet-489 | Full available curve retained; registered_horizon and in_registered_plateau5_window identify the primary endpoint. Epoch observations are not independent seeds.",accuracy percent; epoch is the raw zero-based epoch index
in489g2,g45,g45,1,in489g2-g45-s1,49,40.4,36.74,S0079,84,false,"`in489g1`, 12 runs, ImageNet-489 | `in489g2`, 14 runs, ImageNet-489 | Full available curve retained; registered_horizon and in_registered_plateau5_window identify the primary endpoint. Epoch observations are not independent seeds.",accuracy percent; epoch is the raw zero-based epoch index
in489g2,g45,g45,1,in489g2-g45-s1,50,40.35,36.86,S0079,84,false,"`in489g1`, 12 runs, ImageNet-489 | `in489g2`, 14 runs, ImageNet-489 | Full available curve retained; registered_horizon and in_registered_plateau5_window identify the primary endpoint. Epoch observations are not independent seeds.",accuracy percent; epoch is the raw zero-based epoch index
in489g2,g45,g45,1,in489g2-g45-s1,51,40.65,36.9,S0079,84,false,"`in489g1`, 12 runs, ImageNet-489 | `in489g2`, 14 runs, ImageNet-489 | Full available curve retained; registered_horizon and in_registered_plateau5_window identify the primary endpoint. Epoch observations are not independent seeds.",accuracy percent; epoch is the raw zero-based epoch index
in489g2,g45,g45,1,in489g2-g45-s1,52,40.81,37.05,S0079,84,false,"`in489g1`, 12 runs, ImageNet-489 | `in489g2`, 14 runs, ImageNet-489 | Full available curve retained; registered_horizon and in_registered_plateau5_window identify the primary endpoint. Epoch observations are not independent seeds.",accuracy percent; epoch is the raw zero-based epoch index
in489g2,g45,g45,1,in489g2-g45-s1,53,40.74,37.16,S0079,84,false,"`in489g1`, 12 runs, ImageNet-489 | `in489g2`, 14 runs, ImageNet-489 | Full available curve retained; registered_horizon and in_registered_plateau5_window identify the primary endpoint. Epoch observations are not independent seeds.",accuracy percent; epoch is the raw zero-based epoch index
in489g2,g45,g45,1,in489g2-g45-s1,54,40.78,37.34,S0079,84,false,"`in489g1`, 12 runs, ImageNet-489 | `in489g2`, 14 runs, ImageNet-489 | Full available curve retained; registered_horizon and in_registered_plateau5_window identify the primary endpoint. Epoch observations are not independent seeds.",accuracy percent; epoch is the raw zero-based epoch index
in489g2,g45,g45,1,in489g2-g45-s1,55,41.15,37.38,S0079,84,false,"`in489g1`, 12 runs, ImageNet-489 | `in489g2`, 14 runs, ImageNet-489 | Full available curve retained; registered_horizon and in_registered_plateau5_window identify the primary endpoint. Epoch observations are not independent seeds.",accuracy percent; epoch is the raw zero-based epoch index
in489g2,g45,g45,1,in489g2-g45-s1,56,41.04,37.54,S0079,84,false,"`in489g1`, 12 runs, ImageNet-489 | `in489g2`, 14 runs, ImageNet-489 | Full available curve retained; registered_horizon and in_registered_plateau5_window identify the primary endpoint. Epoch observations are not independent seeds.",accuracy percent; epoch is the raw zero-based epoch index
in489g2,g45,g45,1,in489g2-g45-s1,57,40.77,37.61,S0079,84,false,"`in489g1`, 12 runs, ImageNet-489 | `in489g2`, 14 runs, ImageNet-489 | Full available curve retained; registered_horizon and in_registered_plateau5_window identify the primary endpoint. Epoch observations are not independent seeds.",accuracy percent; epoch is the raw zero-based epoch index
in489g2,g45,g45,1,in489g2-g45-s1,58,40.97,37.73,S0079,84,false,"`in489g1`, 12 runs, ImageNet-489 | `in489g2`, 14 runs, ImageNet-489 | Full available curve retained; registered_horizon and in_registered_plateau5_window identify the primary endpoint. Epoch observations are not independent seeds.",accuracy percent; epoch is the raw zero-based epoch index
in489g2,g45,g45,1,in489g2-g45-s1,59,41.33,37.77,S0079,84,false,"`in489g1`, 12 runs, ImageNet-489 | `in489g2`, 14 runs, ImageNet-489 | Full available curve retained; registered_horizon and in_registered_plateau5_window identify the primary endpoint. Epoch observations are not independent seeds.",accuracy percent; epoch is the raw zero-based epoch index
in489g2,g45,g45,1,in489g2-g45-s1,60,41.51,37.93,S0079,84,false,"`in489g1`, 12 runs, ImageNet-489 | `in489g2`, 14 runs, ImageNet-489 | Full available curve retained; registered_horizon and in_registered_plateau5_window identify the primary endpoint. Epoch observations are not independent seeds.",accuracy percent; epoch is the raw zero-based epoch index
in489g2,g45,g45,1,in489g2-g45-s1,61,41.71,37.96,S0079,84,false,"`in489g1`, 12 runs, ImageNet-489 | `in489g2`, 14 runs, ImageNet-489 | Full available curve retained; registered_horizon and in_registered_plateau5_window identify the primary endpoint. Epoch observations are not independent seeds.",accuracy percent; epoch is the raw zero-based epoch index
in489g2,g45,g45,1,in489g2-g45-s1,62,41.59,38.02,S0079,84,false,"`in489g1`, 12 runs, ImageNet-489 | `in489g2`, 14 runs, ImageNet-489 | Full available curve retained; registered_horizon and in_registered_plateau5_window identify the primary endpoint. Epoch observations are not independent seeds.",accuracy percent; epoch is the raw zero-based epoch index
in489g2,g45,g45,1,in489g2-g45-s1,63,41.85,38.14,S0079,84,false,"`in489g1`, 12 runs, ImageNet-489 | `in489g2`, 14 runs, ImageNet-489 | Full available curve retained; registered_horizon and in_registered_plateau5_window identify the primary endpoint. Epoch observations are not independent seeds.",accuracy percent; epoch is the raw zero-based epoch index
in489g2,g45,g45,1,in489g2-g45-s1,64,41.93,38.26,S0079,84,false,"`in489g1`, 12 runs, ImageNet-489 | `in489g2`, 14 runs, ImageNet-489 | Full available curve retained; registered_horizon and in_registered_plateau5_window identify the primary endpoint. Epoch observations are not independent seeds.",accuracy percent; epoch is the raw zero-based epoch index
in489g2,g45,g45,1,in489g2-g45-s1,65,42.03,38.36,S0079,84,false,"`in489g1`, 12 runs, ImageNet-489 | `in489g2`, 14 runs, ImageNet-489 | Full available curve retained; registered_horizon and in_registered_plateau5_window identify the primary endpoint. Epoch observations are not independent seeds.",accuracy percent; epoch is the raw zero-based epoch index
in489g2,g45,g45,1,in489g2-g45-s1,66,41.89,38.32,S0079,84,false,"`in489g1`, 12 runs, ImageNet-489 | `in489g2`, 14 runs, ImageNet-489 | Full available curve retained; registered_horizon and in_registered_plateau5_window identify the primary endpoint. Epoch observations are not independent seeds.",accuracy percent; epoch is the raw zero-based epoch index
in489g2,g45,g45,1,in489g2-g45-s1,67,42.11,38.48,S0079,84,false,"`in489g1`, 12 runs, ImageNet-489 | `in489g2`, 14 runs, ImageNet-489 | Full available curve retained; registered_horizon and in_registered_plateau5_window identify the primary endpoint. Epoch observations are not independent seeds.",accuracy percent; epoch is the raw zero-based epoch index
in489g2,g45,g45,1,in489g2-g45-s1,68,42.25,38.45,S0079,84,false,"`in489g1`, 12 runs, ImageNet-489 | `in489g2`, 14 runs, ImageNet-489 | Full available curve retained; registered_horizon and in_registered_plateau5_window identify the primary endpoint. Epoch observations are not independent seeds.",accuracy percent; epoch is the raw zero-based epoch index
in489g2,g45,g45,1,in489g2-g45-s1,69,42.01,38.61,S0079,84,false,"`in489g1`, 12 runs, ImageNet-489 | `in489g2`, 14 runs, ImageNet-489 | Full available curve retained; registered_horizon and in_registered_plateau5_window identify the primary endpoint. Epoch observations are not independent seeds.",accuracy percent; epoch is the raw zero-based epoch index
in489g2,g45,g45,1,in489g2-g45-s1,70,42.22,38.6,S0079,84,false,"`in489g1`, 12 runs, ImageNet-489 | `in489g2`, 14 runs, ImageNet-489 | Full available curve retained; registered_horizon and in_registered_plateau5_window identify the primary endpoint. Epoch observations are not independent seeds.",accuracy percent; epoch is the raw zero-based epoch index
in489g2,g45,g45,1,in489g2-g45-s1,71,42.26,38.86,S0079,84,false,"`in489g1`, 12 runs, ImageNet-489 | `in489g2`, 14 runs, ImageNet-489 | Full available curve retained; registered_horizon and in_registered_plateau5_window identify the primary endpoint. Epoch observations are not independent seeds.",accuracy percent; epoch is the raw zero-based epoch index
in489g2,g45,g45,1,in489g2-g45-s1,72,42.38,38.79,S0079,84,false,"`in489g1`, 12 runs, ImageNet-489 | `in489g2`, 14 runs, ImageNet-489 | Full available curve retained; registered_horizon and in_registered_plateau5_window identify the primary endpoint. Epoch observations are not independent seeds.",accuracy percent; epoch is the raw zero-based epoch index
in489g2,g45,g45,1,in489g2-g45-s1,73,42.52,38.85,S0079,84,false,"`in489g1`, 12 runs, ImageNet-489 | `in489g2`, 14 runs, ImageNet-489 | Full available curve retained; registered_horizon and in_registered_plateau5_window identify the primary endpoint. Epoch observations are not independent seeds.",accuracy percent; epoch is the raw zero-based epoch index
in489g2,g45,g45,1,in489g2-g45-s1,74,42.8,38.88,S0079,84,false,"`in489g1`, 12 runs, ImageNet-489 | `in489g2`, 14 runs, ImageNet-489 | Full available curve retained; registered_horizon and in_registered_plateau5_window identify the primary endpoint. Epoch observations are not independent seeds.",accuracy percent; epoch is the raw zero-based epoch index
in489g2,g45,g45,1,in489g2-g45-s1,75,42.52,39.04,S0079,84,false,"`in489g1`, 12 runs, ImageNet-489 | `in489g2`, 14 runs, ImageNet-489 | Full available curve retained; registered_horizon and in_registered_plateau5_window identify the primary endpoint. Epoch observations are not independent seeds.",accuracy percent; epoch is the raw zero-based epoch index
in489g2,g45,g45,1,in489g2-g45-s1,76,42.71,39.12,S0079,84,false,"`in489g1`, 12 runs, ImageNet-489 | `in489g2`, 14 runs, ImageNet-489 | Full available curve retained; registered_horizon and in_registered_plateau5_window identify the primary endpoint. Epoch observations are not independent seeds.",accuracy percent; epoch is the raw zero-based epoch index
in489g2,g45,g45,1,in489g2-g45-s1,77,42.75,39.15,S0079,84,false,"`in489g1`, 12 runs, ImageNet-489 | `in489g2`, 14 runs, ImageNet-489 | Full available curve retained; registered_horizon and in_registered_plateau5_window identify the primary endpoint. Epoch observations are not independent seeds.",accuracy percent; epoch is the raw zero-based epoch index
in489g2,g45,g45,1,in489g2-g45-s1,78,42.68,39.22,S0079,84,false,"`in489g1`, 12 runs, ImageNet-489 | `in489g2`, 14 runs, ImageNet-489 | Full available curve retained; registered_horizon and in_registered_plateau5_window identify the primary endpoint. Epoch observations are not independent seeds.",accuracy percent; epoch is the raw zero-based epoch index
in489g2,g45,g45,1,in489g2-g45-s1,79,42.9,39.32,S0079,84,true,"`in489g1`, 12 runs, ImageNet-489 | `in489g2`, 14 runs, ImageNet-489 | Full available curve retained; registered_horizon and in_registered_plateau5_window identify the primary endpoint. Epoch observations are not independent seeds.",accuracy percent; epoch is the raw zero-based epoch index
in489g2,g45,g45,1,in489g2-g45-s1,80,42.94,39.38,S0079,84,true,"`in489g1`, 12 runs, ImageNet-489 | `in489g2`, 14 runs, ImageNet-489 | Full available curve retained; registered_horizon and in_registered_plateau5_window identify the primary endpoint. Epoch observations are not independent seeds.",accuracy percent; epoch is the raw zero-based epoch index
in489g2,g45,g45,1,in489g2-g45-s1,81,43.39,39.38,S0079,84,true,"`in489g1`, 12 runs, ImageNet-489 | `in489g2`, 14 runs, ImageNet-489 | Full available curve retained; registered_horizon and in_registered_plateau5_window identify the primary endpoint. Epoch observations are not independent seeds.",accuracy percent; epoch is the raw zero-based epoch index
in489g2,g45,g45,1,in489g2-g45-s1,82,43.16,39.54,S0079,84,true,"`in489g1`, 12 runs, ImageNet-489 | `in489g2`, 14 runs, ImageNet-489 | Full available curve retained; registered_horizon and in_registered_plateau5_window identify the primary endpoint. Epoch observations are not independent seeds.",accuracy percent; epoch is the raw zero-based epoch index
in489g2,g45,g45,1,in489g2-g45-s1,83,43.19,39.46,S0079,84,true,"`in489g1`, 12 runs, ImageNet-489 | `in489g2`, 14 runs, ImageNet-489 | Full available curve retained; registered_horizon and in_registered_plateau5_window identify the primary endpoint. Epoch observations are not independent seeds.",accuracy percent; epoch is the raw zero-based epoch index
in489g2,g62,g62,0,in489g2-g62-s0,0,0.27,0.27,S0080,84,false,"`in489g1`, 12 runs, ImageNet-489 | `in489g2`, 14 runs, ImageNet-489 | Full available curve retained; registered_horizon and in_registered_plateau5_window identify the primary endpoint. Epoch observations are not independent seeds.",accuracy percent; epoch is the raw zero-based epoch index
in489g2,g62,g62,0,in489g2-g62-s0,1,0.24,0.27,S0080,84,false,"`in489g1`, 12 runs, ImageNet-489 | `in489g2`, 14 runs, ImageNet-489 | Full available curve retained; registered_horizon and in_registered_plateau5_window identify the primary endpoint. Epoch observations are not independent seeds.",accuracy percent; epoch is the raw zero-based epoch index
in489g2,g62,g62,0,in489g2-g62-s0,2,0.55,0.33,S0080,84,false,"`in489g1`, 12 runs, ImageNet-489 | `in489g2`, 14 runs, ImageNet-489 | Full available curve retained; registered_horizon and in_registered_plateau5_window identify the primary endpoint. Epoch observations are not independent seeds.",accuracy percent; epoch is the raw zero-based epoch index
in489g2,g62,g62,0,in489g2-g62-s0,3,2.17,1.22,S0080,84,false,"`in489g1`, 12 runs, ImageNet-489 | `in489g2`, 14 runs, ImageNet-489 | Full available curve retained; registered_horizon and in_registered_plateau5_window identify the primary endpoint. Epoch observations are not independent seeds.",accuracy percent; epoch is the raw zero-based epoch index
in489g2,g62,g62,0,in489g2-g62-s0,4,6.92,4.45,S0080,84,false,"`in489g1`, 12 runs, ImageNet-489 | `in489g2`, 14 runs, ImageNet-489 | Full available curve retained; registered_horizon and in_registered_plateau5_window identify the primary endpoint. Epoch observations are not independent seeds.",accuracy percent; epoch is the raw zero-based epoch index
in489g2,g62,g62,0,in489g2-g62-s0,5,10.8,8.69,S0080,84,false,"`in489g1`, 12 runs, ImageNet-489 | `in489g2`, 14 runs, ImageNet-489 | Full available curve retained; registered_horizon and in_registered_plateau5_window identify the primary endpoint. Epoch observations are not independent seeds.",accuracy percent; epoch is the raw zero-based epoch index
in489g2,g62,g62,0,in489g2-g62-s0,6,14.45,11.81,S0080,84,false,"`in489g1`, 12 runs, ImageNet-489 | `in489g2`, 14 runs, ImageNet-489 | Full available curve retained; registered_horizon and in_registered_plateau5_window identify the primary endpoint. Epoch observations are not independent seeds.",accuracy percent; epoch is the raw zero-based epoch index
in489g2,g62,g62,0,in489g2-g62-s0,7,17.41,14.49,S0080,84,false,"`in489g1`, 12 runs, ImageNet-489 | `in489g2`, 14 runs, ImageNet-489 | Full available curve retained; registered_horizon and in_registered_plateau5_window identify the primary endpoint. Epoch observations are not independent seeds.",accuracy percent; epoch is the raw zero-based epoch index
in489g2,g62,g62,0,in489g2-g62-s0,8,20.06,16.99,S0080,84,false,"`in489g1`, 12 runs, ImageNet-489 | `in489g2`, 14 runs, ImageNet-489 | Full available curve retained; registered_horizon and in_registered_plateau5_window identify the primary endpoint. Epoch observations are not independent seeds.",accuracy percent; epoch is the raw zero-based epoch index
in489g2,g62,g62,0,in489g2-g62-s0,9,22.33,19.26,S0080,84,false,"`in489g1`, 12 runs, ImageNet-489 | `in489g2`, 14 runs, ImageNet-489 | Full available curve retained; registered_horizon and in_registered_plateau5_window identify the primary endpoint. Epoch observations are not independent seeds.",accuracy percent; epoch is the raw zero-based epoch index
in489g2,g62,g62,0,in489g2-g62-s0,10,24.31,21.35,S0080,84,false,"`in489g1`, 12 runs, ImageNet-489 | `in489g2`, 14 runs, ImageNet-489 | Full available curve retained; registered_horizon and in_registered_plateau5_window identify the primary endpoint. Epoch observations are not independent seeds.",accuracy percent; epoch is the raw zero-based epoch index
in489g2,g62,g62,0,in489g2-g62-s0,11,26.16,23.03,S0080,84,false,"`in489g1`, 12 runs, ImageNet-489 | `in489g2`, 14 runs, ImageNet-489 | Full available curve retained; registered_horizon and in_registered_plateau5_window identify the primary endpoint. Epoch observations are not independent seeds.",accuracy percent; epoch is the raw zero-based epoch index
in489g2,g62,g62,0,in489g2-g62-s0,12,28.03,24.64,S0080,84,false,"`in489g1`, 12 runs, ImageNet-489 | `in489g2`, 14 runs, ImageNet-489 | Full available curve retained; registered_horizon and in_registered_plateau5_window identify the primary endpoint. Epoch observations are not independent seeds.",accuracy percent; epoch is the raw zero-based epoch index
in489g2,g62,g62,0,in489g2-g62-s0,13,29.87,26.05,S0080,84,false,"`in489g1`, 12 runs, ImageNet-489 | `in489g2`, 14 runs, ImageNet-489 | Full available curve retained; registered_horizon and in_registered_plateau5_window identify the primary endpoint. Epoch observations are not independent seeds.",accuracy percent; epoch is the raw zero-based epoch index
in489g2,g62,g62,0,in489g2-g62-s0,14,30.02,27.3,S0080,84,false,"`in489g1`, 12 runs, ImageNet-489 | `in489g2`, 14 runs, ImageNet-489 | Full available curve retained; registered_horizon and in_registered_plateau5_window identify the primary endpoint. Epoch observations are not independent seeds.",accuracy percent; epoch is the raw zero-based epoch index
in489g2,g62,g62,0,in489g2-g62-s0,15,31.76,28.33,S0080,84,false,"`in489g1`, 12 runs, ImageNet-489 | `in489g2`, 14 runs, ImageNet-489 | Full available curve retained; registered_horizon and in_registered_plateau5_window identify the primary endpoint. Epoch observations are not independent seeds.",accuracy percent; epoch is the raw zero-based epoch index
in489g2,g62,g62,0,in489g2-g62-s0,16,33.14,29.43,S0080,84,false,"`in489g1`, 12 runs, ImageNet-489 | `in489g2`, 14 runs, ImageNet-489 | Full available curve retained; registered_horizon and in_registered_plateau5_window identify the primary endpoint. Epoch observations are not independent seeds.",accuracy percent; epoch is the raw zero-based epoch index
in489g2,g62,g62,0,in489g2-g62-s0,17,33.37,30.22,S0080,84,false,"`in489g1`, 12 runs, ImageNet-489 | `in489g2`, 14 runs, ImageNet-489 | Full available curve retained; registered_horizon and in_registered_plateau5_window identify the primary endpoint. Epoch observations are not independent seeds.",accuracy percent; epoch is the raw zero-based epoch index
in489g2,g62,g62,0,in489g2-g62-s0,18,34.46,31.05,S0080,84,false,"`in489g1`, 12 runs, ImageNet-489 | `in489g2`, 14 runs, ImageNet-489 | Full available curve retained; registered_horizon and in_registered_plateau5_window identify the primary endpoint. Epoch observations are not independent seeds.",accuracy percent; epoch is the raw zero-based epoch index
in489g2,g62,g62,0,in489g2-g62-s0,19,35.3,31.78,S0080,84,false,"`in489g1`, 12 runs, ImageNet-489 | `in489g2`, 14 runs, ImageNet-489 | Full available curve retained; registered_horizon and in_registered_plateau5_window identify the primary endpoint. Epoch observations are not independent seeds.",accuracy percent; epoch is the raw zero-based epoch index
in489g2,g62,g62,0,in489g2-g62-s0,20,35.91,32.44,S0080,84,false,"`in489g1`, 12 runs, ImageNet-489 | `in489g2`, 14 runs, ImageNet-489 | Full available curve retained; registered_horizon and in_registered_plateau5_window identify the primary endpoint. Epoch observations are not independent seeds.",accuracy percent; epoch is the raw zero-based epoch index
in489g2,g62,g62,0,in489g2-g62-s0,21,36.66,33.09,S0080,84,false,"`in489g1`, 12 runs, ImageNet-489 | `in489g2`, 14 runs, ImageNet-489 | Full available curve retained; registered_horizon and in_registered_plateau5_window identify the primary endpoint. Epoch observations are not independent seeds.",accuracy percent; epoch is the raw zero-based epoch index
in489g2,g62,g62,0,in489g2-g62-s0,22,36.89,33.62,S0080,84,false,"`in489g1`, 12 runs, ImageNet-489 | `in489g2`, 14 runs, ImageNet-489 | Full available curve retained; registered_horizon and in_registered_plateau5_window identify the primary endpoint. Epoch observations are not independent seeds.",accuracy percent; epoch is the raw zero-based epoch index
in489g2,g62,g62,0,in489g2-g62-s0,23,38.48,34.16,S0080,84,false,"`in489g1`, 12 runs, ImageNet-489 | `in489g2`, 14 runs, ImageNet-489 | Full available curve retained; registered_horizon and in_registered_plateau5_window identify the primary endpoint. Epoch observations are not independent seeds.",accuracy percent; epoch is the raw zero-based epoch index
in489g2,g62,g62,0,in489g2-g62-s0,24,38.68,34.66,S0080,84,false,"`in489g1`, 12 runs, ImageNet-489 | `in489g2`, 14 runs, ImageNet-489 | Full available curve retained; registered_horizon and in_registered_plateau5_window identify the primary endpoint. Epoch observations are not independent seeds.",accuracy percent; epoch is the raw zero-based epoch index
in489g2,g62,g62,0,in489g2-g62-s0,25,39.08,35.22,S0080,84,false,"`in489g1`, 12 runs, ImageNet-489 | `in489g2`, 14 runs, ImageNet-489 | Full available curve retained; registered_horizon and in_registered_plateau5_window identify the primary endpoint. Epoch observations are not independent seeds.",accuracy percent; epoch is the raw zero-based epoch index
in489g2,g62,g62,0,in489g2-g62-s0,26,39.48,35.49,S0080,84,false,"`in489g1`, 12 runs, ImageNet-489 | `in489g2`, 14 runs, ImageNet-489 | Full available curve retained; registered_horizon and in_registered_plateau5_window identify the primary endpoint. Epoch observations are not independent seeds.",accuracy percent; epoch is the raw zero-based epoch index
in489g2,g62,g62,0,in489g2-g62-s0,27,40,36.01,S0080,84,false,"`in489g1`, 12 runs, ImageNet-489 | `in489g2`, 14 runs, ImageNet-489 | Full available curve retained; registered_horizon and in_registered_plateau5_window identify the primary endpoint. Epoch observations are not independent seeds.",accuracy percent; epoch is the raw zero-based epoch index
in489g2,g62,g62,0,in489g2-g62-s0,28,40.33,36.32,S0080,84,false,"`in489g1`, 12 runs, ImageNet-489 | `in489g2`, 14 runs, ImageNet-489 | Full available curve retained; registered_horizon and in_registered_plateau5_window identify the primary endpoint. Epoch observations are not independent seeds.",accuracy percent; epoch is the raw zero-based epoch index
in489g2,g62,g62,0,in489g2-g62-s0,29,40.3,36.77,S0080,84,false,"`in489g1`, 12 runs, ImageNet-489 | `in489g2`, 14 runs, ImageNet-489 | Full available curve retained; registered_horizon and in_registered_plateau5_window identify the primary endpoint. Epoch observations are not independent seeds.",accuracy percent; epoch is the raw zero-based epoch index
in489g2,g62,g62,0,in489g2-g62-s0,30,41.49,37.07,S0080,84,false,"`in489g1`, 12 runs, ImageNet-489 | `in489g2`, 14 runs, ImageNet-489 | Full available curve retained; registered_horizon and in_registered_plateau5_window identify the primary endpoint. Epoch observations are not independent seeds.",accuracy percent; epoch is the raw zero-based epoch index
in489g2,g62,g62,0,in489g2-g62-s0,31,41.37,37.38,S0080,84,false,"`in489g1`, 12 runs, ImageNet-489 | `in489g2`, 14 runs, ImageNet-489 | Full available curve retained; registered_horizon and in_registered_plateau5_window identify the primary endpoint. Epoch observations are not independent seeds.",accuracy percent; epoch is the raw zero-based epoch index
in489g2,g62,g62,0,in489g2-g62-s0,32,41.75,37.7,S0080,84,false,"`in489g1`, 12 runs, ImageNet-489 | `in489g2`, 14 runs, ImageNet-489 | Full available curve retained; registered_horizon and in_registered_plateau5_window identify the primary endpoint. Epoch observations are not independent seeds.",accuracy percent; epoch is the raw zero-based epoch index
in489g2,g62,g62,0,in489g2-g62-s0,33,42.29,38.07,S0080,84,false,"`in489g1`, 12 runs, ImageNet-489 | `in489g2`, 14 runs, ImageNet-489 | Full available curve retained; registered_horizon and in_registered_plateau5_window identify the primary endpoint. Epoch observations are not independent seeds.",accuracy percent; epoch is the raw zero-based epoch index
in489g2,g62,g62,0,in489g2-g62-s0,34,42.68,38.33,S0080,84,false,"`in489g1`, 12 runs, ImageNet-489 | `in489g2`, 14 runs, ImageNet-489 | Full available curve retained; registered_horizon and in_registered_plateau5_window identify the primary endpoint. Epoch observations are not independent seeds.",accuracy percent; epoch is the raw zero-based epoch index
in489g2,g62,g62,0,in489g2-g62-s0,35,42.8,38.62,S0080,84,false,"`in489g1`, 12 runs, ImageNet-489 | `in489g2`, 14 runs, ImageNet-489 | Full available curve retained; registered_horizon and in_registered_plateau5_window identify the primary endpoint. Epoch observations are not independent seeds.",accuracy percent; epoch is the raw zero-based epoch index
in489g2,g62,g62,0,in489g2-g62-s0,36,43.45,38.82,S0080,84,false,"`in489g1`, 12 runs, ImageNet-489 | `in489g2`, 14 runs, ImageNet-489 | Full available curve retained; registered_horizon and in_registered_plateau5_window identify the primary endpoint. Epoch observations are not independent seeds.",accuracy percent; epoch is the raw zero-based epoch index
in489g2,g62,g62,0,in489g2-g62-s0,37,43.32,39.11,S0080,84,false,"`in489g1`, 12 runs, ImageNet-489 | `in489g2`, 14 runs, ImageNet-489 | Full available curve retained; registered_horizon and in_registered_plateau5_window identify the primary endpoint. Epoch observations are not independent seeds.",accuracy percent; epoch is the raw zero-based epoch index
in489g2,g62,g62,0,in489g2-g62-s0,38,43.44,39.36,S0080,84,false,"`in489g1`, 12 runs, ImageNet-489 | `in489g2`, 14 runs, ImageNet-489 | Full available curve retained; registered_horizon and in_registered_plateau5_window identify the primary endpoint. Epoch observations are not independent seeds.",accuracy percent; epoch is the raw zero-based epoch index
in489g2,g62,g62,0,in489g2-g62-s0,39,43.78,39.56,S0080,84,false,"`in489g1`, 12 runs, ImageNet-489 | `in489g2`, 14 runs, ImageNet-489 | Full available curve retained; registered_horizon and in_registered_plateau5_window identify the primary endpoint. Epoch observations are not independent seeds.",accuracy percent; epoch is the raw zero-based epoch index
in489g2,g62,g62,0,in489g2-g62-s0,40,43.63,39.7,S0080,84,false,"`in489g1`, 12 runs, ImageNet-489 | `in489g2`, 14 runs, ImageNet-489 | Full available curve retained; registered_horizon and in_registered_plateau5_window identify the primary endpoint. Epoch observations are not independent seeds.",accuracy percent; epoch is the raw zero-based epoch index
in489g2,g62,g62,0,in489g2-g62-s0,41,44.46,40.07,S0080,84,false,"`in489g1`, 12 runs, ImageNet-489 | `in489g2`, 14 runs, ImageNet-489 | Full available curve retained; registered_horizon and in_registered_plateau5_window identify the primary endpoint. Epoch observations are not independent seeds.",accuracy percent; epoch is the raw zero-based epoch index
in489g2,g62,g62,0,in489g2-g62-s0,42,44.42,40.17,S0080,84,false,"`in489g1`, 12 runs, ImageNet-489 | `in489g2`, 14 runs, ImageNet-489 | Full available curve retained; registered_horizon and in_registered_plateau5_window identify the primary endpoint. Epoch observations are not independent seeds.",accuracy percent; epoch is the raw zero-based epoch index
in489g2,g62,g62,0,in489g2-g62-s0,43,44.45,40.41,S0080,84,false,"`in489g1`, 12 runs, ImageNet-489 | `in489g2`, 14 runs, ImageNet-489 | Full available curve retained; registered_horizon and in_registered_plateau5_window identify the primary endpoint. Epoch observations are not independent seeds.",accuracy percent; epoch is the raw zero-based epoch index
in489g2,g62,g62,0,in489g2-g62-s0,44,44.79,40.51,S0080,84,false,"`in489g1`, 12 runs, ImageNet-489 | `in489g2`, 14 runs, ImageNet-489 | Full available curve retained; registered_horizon and in_registered_plateau5_window identify the primary endpoint. Epoch observations are not independent seeds.",accuracy percent; epoch is the raw zero-based epoch index
in489g2,g62,g62,0,in489g2-g62-s0,45,45.03,40.83,S0080,84,false,"`in489g1`, 12 runs, ImageNet-489 | `in489g2`, 14 runs, ImageNet-489 | Full available curve retained; registered_horizon and in_registered_plateau5_window identify the primary endpoint. Epoch observations are not independent seeds.",accuracy percent; epoch is the raw zero-based epoch index
in489g2,g62,g62,0,in489g2-g62-s0,46,45.23,41.02,S0080,84,false,"`in489g1`, 12 runs, ImageNet-489 | `in489g2`, 14 runs, ImageNet-489 | Full available curve retained; registered_horizon and in_registered_plateau5_window identify the primary endpoint. Epoch observations are not independent seeds.",accuracy percent; epoch is the raw zero-based epoch index
in489g2,g62,g62,0,in489g2-g62-s0,47,45.73,41.01,S0080,84,false,"`in489g1`, 12 runs, ImageNet-489 | `in489g2`, 14 runs, ImageNet-489 | Full available curve retained; registered_horizon and in_registered_plateau5_window identify the primary endpoint. Epoch observations are not independent seeds.",accuracy percent; epoch is the raw zero-based epoch index
in489g2,g62,g62,0,in489g2-g62-s0,48,45.72,41.26,S0080,84,false,"`in489g1`, 12 runs, ImageNet-489 | `in489g2`, 14 runs, ImageNet-489 | Full available curve retained; registered_horizon and in_registered_plateau5_window identify the primary endpoint. Epoch observations are not independent seeds.",accuracy percent; epoch is the raw zero-based epoch index
in489g2,g62,g62,0,in489g2-g62-s0,49,45.88,41.46,S0080,84,false,"`in489g1`, 12 runs, ImageNet-489 | `in489g2`, 14 runs, ImageNet-489 | Full available curve retained; registered_horizon and in_registered_plateau5_window identify the primary endpoint. Epoch observations are not independent seeds.",accuracy percent; epoch is the raw zero-based epoch index
in489g2,g62,g62,0,in489g2-g62-s0,50,45.84,41.59,S0080,84,false,"`in489g1`, 12 runs, ImageNet-489 | `in489g2`, 14 runs, ImageNet-489 | Full available curve retained; registered_horizon and in_registered_plateau5_window identify the primary endpoint. Epoch observations are not independent seeds.",accuracy percent; epoch is the raw zero-based epoch index
in489g2,g62,g62,0,in489g2-g62-s0,51,46.06,41.8,S0080,84,false,"`in489g1`, 12 runs, ImageNet-489 | `in489g2`, 14 runs, ImageNet-489 | Full available curve retained; registered_horizon and in_registered_plateau5_window identify the primary endpoint. Epoch observations are not independent seeds.",accuracy percent; epoch is the raw zero-based epoch index
in489g2,g62,g62,0,in489g2-g62-s0,52,45.83,41.88,S0080,84,false,"`in489g1`, 12 runs, ImageNet-489 | `in489g2`, 14 runs, ImageNet-489 | Full available curve retained; registered_horizon and in_registered_plateau5_window identify the primary endpoint. Epoch observations are not independent seeds.",accuracy percent; epoch is the raw zero-based epoch index
in489g2,g62,g62,0,in489g2-g62-s0,53,46.37,42.05,S0080,84,false,"`in489g1`, 12 runs, ImageNet-489 | `in489g2`, 14 runs, ImageNet-489 | Full available curve retained; registered_horizon and in_registered_plateau5_window identify the primary endpoint. Epoch observations are not independent seeds.",accuracy percent; epoch is the raw zero-based epoch index
in489g2,g62,g62,0,in489g2-g62-s0,54,46.57,42.16,S0080,84,false,"`in489g1`, 12 runs, ImageNet-489 | `in489g2`, 14 runs, ImageNet-489 | Full available curve retained; registered_horizon and in_registered_plateau5_window identify the primary endpoint. Epoch observations are not independent seeds.",accuracy percent; epoch is the raw zero-based epoch index
in489g2,g62,g62,0,in489g2-g62-s0,55,46.43,42.31,S0080,84,false,"`in489g1`, 12 runs, ImageNet-489 | `in489g2`, 14 runs, ImageNet-489 | Full available curve retained; registered_horizon and in_registered_plateau5_window identify the primary endpoint. Epoch observations are not independent seeds.",accuracy percent; epoch is the raw zero-based epoch index
in489g2,g62,g62,0,in489g2-g62-s0,56,46.88,42.49,S0080,84,false,"`in489g1`, 12 runs, ImageNet-489 | `in489g2`, 14 runs, ImageNet-489 | Full available curve retained; registered_horizon and in_registered_plateau5_window identify the primary endpoint. Epoch observations are not independent seeds.",accuracy percent; epoch is the raw zero-based epoch index
in489g2,g62,g62,0,in489g2-g62-s0,57,46.75,42.58,S0080,84,false,"`in489g1`, 12 runs, ImageNet-489 | `in489g2`, 14 runs, ImageNet-489 | Full available curve retained; registered_horizon and in_registered_plateau5_window identify the primary endpoint. Epoch observations are not independent seeds.",accuracy percent; epoch is the raw zero-based epoch index
in489g2,g62,g62,0,in489g2-g62-s0,58,46.9,42.68,S0080,84,false,"`in489g1`, 12 runs, ImageNet-489 | `in489g2`, 14 runs, ImageNet-489 | Full available curve retained; registered_horizon and in_registered_plateau5_window identify the primary endpoint. Epoch observations are not independent seeds.",accuracy percent; epoch is the raw zero-based epoch index
in489g2,g62,g62,0,in489g2-g62-s0,59,47.16,42.8,S0080,84,false,"`in489g1`, 12 runs, ImageNet-489 | `in489g2`, 14 runs, ImageNet-489 | Full available curve retained; registered_horizon and in_registered_plateau5_window identify the primary endpoint. Epoch observations are not independent seeds.",accuracy percent; epoch is the raw zero-based epoch index
in489g2,g62,g62,0,in489g2-g62-s0,60,47.64,42.92,S0080,84,false,"`in489g1`, 12 runs, ImageNet-489 | `in489g2`, 14 runs, ImageNet-489 | Full available curve retained; registered_horizon and in_registered_plateau5_window identify the primary endpoint. Epoch observations are not independent seeds.",accuracy percent; epoch is the raw zero-based epoch index
in489g2,g62,g62,0,in489g2-g62-s0,61,47.42,43.08,S0080,84,false,"`in489g1`, 12 runs, ImageNet-489 | `in489g2`, 14 runs, ImageNet-489 | Full available curve retained; registered_horizon and in_registered_plateau5_window identify the primary endpoint. Epoch observations are not independent seeds.",accuracy percent; epoch is the raw zero-based epoch index
in489g2,g62,g62,0,in489g2-g62-s0,62,47.66,43.1,S0080,84,false,"`in489g1`, 12 runs, ImageNet-489 | `in489g2`, 14 runs, ImageNet-489 | Full available curve retained; registered_horizon and in_registered_plateau5_window identify the primary endpoint. Epoch observations are not independent seeds.",accuracy percent; epoch is the raw zero-based epoch index
in489g2,g62,g62,0,in489g2-g62-s0,63,47.82,43.2,S0080,84,false,"`in489g1`, 12 runs, ImageNet-489 | `in489g2`, 14 runs, ImageNet-489 | Full available curve retained; registered_horizon and in_registered_plateau5_window identify the primary endpoint. Epoch observations are not independent seeds.",accuracy percent; epoch is the raw zero-based epoch index
in489g2,g62,g62,0,in489g2-g62-s0,64,47.89,43.42,S0080,84,false,"`in489g1`, 12 runs, ImageNet-489 | `in489g2`, 14 runs, ImageNet-489 | Full available curve retained; registered_horizon and in_registered_plateau5_window identify the primary endpoint. Epoch observations are not independent seeds.",accuracy percent; epoch is the raw zero-based epoch index
in489g2,g62,g62,0,in489g2-g62-s0,65,47.35,43.5,S0080,84,false,"`in489g1`, 12 runs, ImageNet-489 | `in489g2`, 14 runs, ImageNet-489 | Full available curve retained; registered_horizon and in_registered_plateau5_window identify the primary endpoint. Epoch observations are not independent seeds.",accuracy percent; epoch is the raw zero-based epoch index
in489g2,g62,g62,0,in489g2-g62-s0,66,47.73,43.53,S0080,84,false,"`in489g1`, 12 runs, ImageNet-489 | `in489g2`, 14 runs, ImageNet-489 | Full available curve retained; registered_horizon and in_registered_plateau5_window identify the primary endpoint. Epoch observations are not independent seeds.",accuracy percent; epoch is the raw zero-based epoch index
in489g2,g62,g62,0,in489g2-g62-s0,67,47.81,43.72,S0080,84,false,"`in489g1`, 12 runs, ImageNet-489 | `in489g2`, 14 runs, ImageNet-489 | Full available curve retained; registered_horizon and in_registered_plateau5_window identify the primary endpoint. Epoch observations are not independent seeds.",accuracy percent; epoch is the raw zero-based epoch index
in489g2,g62,g62,0,in489g2-g62-s0,68,47.99,43.78,S0080,84,false,"`in489g1`, 12 runs, ImageNet-489 | `in489g2`, 14 runs, ImageNet-489 | Full available curve retained; registered_horizon and in_registered_plateau5_window identify the primary endpoint. Epoch observations are not independent seeds.",accuracy percent; epoch is the raw zero-based epoch index
in489g2,g62,g62,0,in489g2-g62-s0,69,48.3,43.85,S0080,84,false,"`in489g1`, 12 runs, ImageNet-489 | `in489g2`, 14 runs, ImageNet-489 | Full available curve retained; registered_horizon and in_registered_plateau5_window identify the primary endpoint. Epoch observations are not independent seeds.",accuracy percent; epoch is the raw zero-based epoch index
in489g2,g62,g62,0,in489g2-g62-s0,70,47.91,44.02,S0080,84,false,"`in489g1`, 12 runs, ImageNet-489 | `in489g2`, 14 runs, ImageNet-489 | Full available curve retained; registered_horizon and in_registered_plateau5_window identify the primary endpoint. Epoch observations are not independent seeds.",accuracy percent; epoch is the raw zero-based epoch index
in489g2,g62,g62,0,in489g2-g62-s0,71,48.56,44.05,S0080,84,false,"`in489g1`, 12 runs, ImageNet-489 | `in489g2`, 14 runs, ImageNet-489 | Full available curve retained; registered_horizon and in_registered_plateau5_window identify the primary endpoint. Epoch observations are not independent seeds.",accuracy percent; epoch is the raw zero-based epoch index
in489g2,g62,g62,0,in489g2-g62-s0,72,48.38,44.13,S0080,84,false,"`in489g1`, 12 runs, ImageNet-489 | `in489g2`, 14 runs, ImageNet-489 | Full available curve retained; registered_horizon and in_registered_plateau5_window identify the primary endpoint. Epoch observations are not independent seeds.",accuracy percent; epoch is the raw zero-based epoch index
in489g2,g62,g62,0,in489g2-g62-s0,73,48.49,44.26,S0080,84,false,"`in489g1`, 12 runs, ImageNet-489 | `in489g2`, 14 runs, ImageNet-489 | Full available curve retained; registered_horizon and in_registered_plateau5_window identify the primary endpoint. Epoch observations are not independent seeds.",accuracy percent; epoch is the raw zero-based epoch index
in489g2,g62,g62,0,in489g2-g62-s0,74,48.4,44.34,S0080,84,false,"`in489g1`, 12 runs, ImageNet-489 | `in489g2`, 14 runs, ImageNet-489 | Full available curve retained; registered_horizon and in_registered_plateau5_window identify the primary endpoint. Epoch observations are not independent seeds.",accuracy percent; epoch is the raw zero-based epoch index
in489g2,g62,g62,0,in489g2-g62-s0,75,48.97,44.44,S0080,84,false,"`in489g1`, 12 runs, ImageNet-489 | `in489g2`, 14 runs, ImageNet-489 | Full available curve retained; registered_horizon and in_registered_plateau5_window identify the primary endpoint. Epoch observations are not independent seeds.",accuracy percent; epoch is the raw zero-based epoch index
in489g2,g62,g62,0,in489g2-g62-s0,76,48.57,44.6,S0080,84,false,"`in489g1`, 12 runs, ImageNet-489 | `in489g2`, 14 runs, ImageNet-489 | Full available curve retained; registered_horizon and in_registered_plateau5_window identify the primary endpoint. Epoch observations are not independent seeds.",accuracy percent; epoch is the raw zero-based epoch index
in489g2,g62,g62,0,in489g2-g62-s0,77,48.75,44.59,S0080,84,false,"`in489g1`, 12 runs, ImageNet-489 | `in489g2`, 14 runs, ImageNet-489 | Full available curve retained; registered_horizon and in_registered_plateau5_window identify the primary endpoint. Epoch observations are not independent seeds.",accuracy percent; epoch is the raw zero-based epoch index
in489g2,g62,g62,0,in489g2-g62-s0,78,48.92,44.79,S0080,84,false,"`in489g1`, 12 runs, ImageNet-489 | `in489g2`, 14 runs, ImageNet-489 | Full available curve retained; registered_horizon and in_registered_plateau5_window identify the primary endpoint. Epoch observations are not independent seeds.",accuracy percent; epoch is the raw zero-based epoch index
in489g2,g62,g62,0,in489g2-g62-s0,79,49.34,44.74,S0080,84,true,"`in489g1`, 12 runs, ImageNet-489 | `in489g2`, 14 runs, ImageNet-489 | Full available curve retained; registered_horizon and in_registered_plateau5_window identify the primary endpoint. Epoch observations are not independent seeds.",accuracy percent; epoch is the raw zero-based epoch index
in489g2,g62,g62,0,in489g2-g62-s0,80,49.17,44.89,S0080,84,true,"`in489g1`, 12 runs, ImageNet-489 | `in489g2`, 14 runs, ImageNet-489 | Full available curve retained; registered_horizon and in_registered_plateau5_window identify the primary endpoint. Epoch observations are not independent seeds.",accuracy percent; epoch is the raw zero-based epoch index
in489g2,g62,g62,0,in489g2-g62-s0,81,49.15,44.93,S0080,84,true,"`in489g1`, 12 runs, ImageNet-489 | `in489g2`, 14 runs, ImageNet-489 | Full available curve retained; registered_horizon and in_registered_plateau5_window identify the primary endpoint. Epoch observations are not independent seeds.",accuracy percent; epoch is the raw zero-based epoch index
in489g2,g62,g62,0,in489g2-g62-s0,82,49.19,45.09,S0080,84,true,"`in489g1`, 12 runs, ImageNet-489 | `in489g2`, 14 runs, ImageNet-489 | Full available curve retained; registered_horizon and in_registered_plateau5_window identify the primary endpoint. Epoch observations are not independent seeds.",accuracy percent; epoch is the raw zero-based epoch index
in489g2,g62,g62,0,in489g2-g62-s0,83,49.48,45.09,S0080,84,true,"`in489g1`, 12 runs, ImageNet-489 | `in489g2`, 14 runs, ImageNet-489 | Full available curve retained; registered_horizon and in_registered_plateau5_window identify the primary endpoint. Epoch observations are not independent seeds.",accuracy percent; epoch is the raw zero-based epoch index
in489g2,g62,g62,1,in489g2-g62-s1,0,0.27,0.23,S0081,84,false,"`in489g1`, 12 runs, ImageNet-489 | `in489g2`, 14 runs, ImageNet-489 | Full available curve retained; registered_horizon and in_registered_plateau5_window identify the primary endpoint. Epoch observations are not independent seeds.",accuracy percent; epoch is the raw zero-based epoch index
in489g2,g62,g62,1,in489g2-g62-s1,1,0.25,0.23,S0081,84,false,"`in489g1`, 12 runs, ImageNet-489 | `in489g2`, 14 runs, ImageNet-489 | Full available curve retained; registered_horizon and in_registered_plateau5_window identify the primary endpoint. Epoch observations are not independent seeds.",accuracy percent; epoch is the raw zero-based epoch index
in489g2,g62,g62,1,in489g2-g62-s1,2,0.53,0.3,S0081,84,false,"`in489g1`, 12 runs, ImageNet-489 | `in489g2`, 14 runs, ImageNet-489 | Full available curve retained; registered_horizon and in_registered_plateau5_window identify the primary endpoint. Epoch observations are not independent seeds.",accuracy percent; epoch is the raw zero-based epoch index
in489g2,g62,g62,1,in489g2-g62-s1,3,2.35,1.23,S0081,84,false,"`in489g1`, 12 runs, ImageNet-489 | `in489g2`, 14 runs, ImageNet-489 | Full available curve retained; registered_horizon and in_registered_plateau5_window identify the primary endpoint. Epoch observations are not independent seeds.",accuracy percent; epoch is the raw zero-based epoch index
in489g2,g62,g62,1,in489g2-g62-s1,4,6.79,4.28,S0081,84,false,"`in489g1`, 12 runs, ImageNet-489 | `in489g2`, 14 runs, ImageNet-489 | Full available curve retained; registered_horizon and in_registered_plateau5_window identify the primary endpoint. Epoch observations are not independent seeds.",accuracy percent; epoch is the raw zero-based epoch index
in489g2,g62,g62,1,in489g2-g62-s1,5,11.48,8.36,S0081,84,false,"`in489g1`, 12 runs, ImageNet-489 | `in489g2`, 14 runs, ImageNet-489 | Full available curve retained; registered_horizon and in_registered_plateau5_window identify the primary endpoint. Epoch observations are not independent seeds.",accuracy percent; epoch is the raw zero-based epoch index
in489g2,g62,g62,1,in489g2-g62-s1,6,13.84,11.21,S0081,84,false,"`in489g1`, 12 runs, ImageNet-489 | `in489g2`, 14 runs, ImageNet-489 | Full available curve retained; registered_horizon and in_registered_plateau5_window identify the primary endpoint. Epoch observations are not independent seeds.",accuracy percent; epoch is the raw zero-based epoch index
in489g2,g62,g62,1,in489g2-g62-s1,7,16.94,13.75,S0081,84,false,"`in489g1`, 12 runs, ImageNet-489 | `in489g2`, 14 runs, ImageNet-489 | Full available curve retained; registered_horizon and in_registered_plateau5_window identify the primary endpoint. Epoch observations are not independent seeds.",accuracy percent; epoch is the raw zero-based epoch index
in489g2,g62,g62,1,in489g2-g62-s1,8,18.71,16.25,S0081,84,false,"`in489g1`, 12 runs, ImageNet-489 | `in489g2`, 14 runs, ImageNet-489 | Full available curve retained; registered_horizon and in_registered_plateau5_window identify the primary endpoint. Epoch observations are not independent seeds.",accuracy percent; epoch is the raw zero-based epoch index
in489g2,g62,g62,1,in489g2-g62-s1,9,21.36,18.46,S0081,84,false,"`in489g1`, 12 runs, ImageNet-489 | `in489g2`, 14 runs, ImageNet-489 | Full available curve retained; registered_horizon and in_registered_plateau5_window identify the primary endpoint. Epoch observations are not independent seeds.",accuracy percent; epoch is the raw zero-based epoch index
in489g2,g62,g62,1,in489g2-g62-s1,10,23.4,20.51,S0081,84,false,"`in489g1`, 12 runs, ImageNet-489 | `in489g2`, 14 runs, ImageNet-489 | Full available curve retained; registered_horizon and in_registered_plateau5_window identify the primary endpoint. Epoch observations are not independent seeds.",accuracy percent; epoch is the raw zero-based epoch index
in489g2,g62,g62,1,in489g2-g62-s1,11,25.2,22.46,S0081,84,false,"`in489g1`, 12 runs, ImageNet-489 | `in489g2`, 14 runs, ImageNet-489 | Full available curve retained; registered_horizon and in_registered_plateau5_window identify the primary endpoint. Epoch observations are not independent seeds.",accuracy percent; epoch is the raw zero-based epoch index
in489g2,g62,g62,1,in489g2-g62-s1,12,27.3,24.06,S0081,84,false,"`in489g1`, 12 runs, ImageNet-489 | `in489g2`, 14 runs, ImageNet-489 | Full available curve retained; registered_horizon and in_registered_plateau5_window identify the primary endpoint. Epoch observations are not independent seeds.",accuracy percent; epoch is the raw zero-based epoch index
in489g2,g62,g62,1,in489g2-g62-s1,13,29.1,25.56,S0081,84,false,"`in489g1`, 12 runs, ImageNet-489 | `in489g2`, 14 runs, ImageNet-489 | Full available curve retained; registered_horizon and in_registered_plateau5_window identify the primary endpoint. Epoch observations are not independent seeds.",accuracy percent; epoch is the raw zero-based epoch index
in489g2,g62,g62,1,in489g2-g62-s1,14,30.52,26.84,S0081,84,false,"`in489g1`, 12 runs, ImageNet-489 | `in489g2`, 14 runs, ImageNet-489 | Full available curve retained; registered_horizon and in_registered_plateau5_window identify the primary endpoint. Epoch observations are not independent seeds.",accuracy percent; epoch is the raw zero-based epoch index
in489g2,g62,g62,1,in489g2-g62-s1,15,30.8,27.97,S0081,84,false,"`in489g1`, 12 runs, ImageNet-489 | `in489g2`, 14 runs, ImageNet-489 | Full available curve retained; registered_horizon and in_registered_plateau5_window identify the primary endpoint. Epoch observations are not independent seeds.",accuracy percent; epoch is the raw zero-based epoch index
in489g2,g62,g62,1,in489g2-g62-s1,16,33.21,29.04,S0081,84,false,"`in489g1`, 12 runs, ImageNet-489 | `in489g2`, 14 runs, ImageNet-489 | Full available curve retained; registered_horizon and in_registered_plateau5_window identify the primary endpoint. Epoch observations are not independent seeds.",accuracy percent; epoch is the raw zero-based epoch index
in489g2,g62,g62,1,in489g2-g62-s1,17,33.8,30.02,S0081,84,false,"`in489g1`, 12 runs, ImageNet-489 | `in489g2`, 14 runs, ImageNet-489 | Full available curve retained; registered_horizon and in_registered_plateau5_window identify the primary endpoint. Epoch observations are not independent seeds.",accuracy percent; epoch is the raw zero-based epoch index
in489g2,g62,g62,1,in489g2-g62-s1,18,34.31,30.91,S0081,84,false,"`in489g1`, 12 runs, ImageNet-489 | `in489g2`, 14 runs, ImageNet-489 | Full available curve retained; registered_horizon and in_registered_plateau5_window identify the primary endpoint. Epoch observations are not independent seeds.",accuracy percent; epoch is the raw zero-based epoch index
in489g2,g62,g62,1,in489g2-g62-s1,19,35.44,31.64,S0081,84,false,"`in489g1`, 12 runs, ImageNet-489 | `in489g2`, 14 runs, ImageNet-489 | Full available curve retained; registered_horizon and in_registered_plateau5_window identify the primary endpoint. Epoch observations are not independent seeds.",accuracy percent; epoch is the raw zero-based epoch index
in489g2,g62,g62,1,in489g2-g62-s1,20,36.43,32.36,S0081,84,false,"`in489g1`, 12 runs, ImageNet-489 | `in489g2`, 14 runs, ImageNet-489 | Full available curve retained; registered_horizon and in_registered_plateau5_window identify the primary endpoint. Epoch observations are not independent seeds.",accuracy percent; epoch is the raw zero-based epoch index
in489g2,g62,g62,1,in489g2-g62-s1,21,37.31,32.99,S0081,84,false,"`in489g1`, 12 runs, ImageNet-489 | `in489g2`, 14 runs, ImageNet-489 | Full available curve retained; registered_horizon and in_registered_plateau5_window identify the primary endpoint. Epoch observations are not independent seeds.",accuracy percent; epoch is the raw zero-based epoch index
in489g2,g62,g62,1,in489g2-g62-s1,22,37.32,33.56,S0081,84,false,"`in489g1`, 12 runs, ImageNet-489 | `in489g2`, 14 runs, ImageNet-489 | Full available curve retained; registered_horizon and in_registered_plateau5_window identify the primary endpoint. Epoch observations are not independent seeds.",accuracy percent; epoch is the raw zero-based epoch index
in489g2,g62,g62,1,in489g2-g62-s1,23,38.24,34.15,S0081,84,false,"`in489g1`, 12 runs, ImageNet-489 | `in489g2`, 14 runs, ImageNet-489 | Full available curve retained; registered_horizon and in_registered_plateau5_window identify the primary endpoint. Epoch observations are not independent seeds.",accuracy percent; epoch is the raw zero-based epoch index
in489g2,g62,g62,1,in489g2-g62-s1,24,38.54,34.73,S0081,84,false,"`in489g1`, 12 runs, ImageNet-489 | `in489g2`, 14 runs, ImageNet-489 | Full available curve retained; registered_horizon and in_registered_plateau5_window identify the primary endpoint. Epoch observations are not independent seeds.",accuracy percent; epoch is the raw zero-based epoch index
in489g2,g62,g62,1,in489g2-g62-s1,25,39.18,35.24,S0081,84,false,"`in489g1`, 12 runs, ImageNet-489 | `in489g2`, 14 runs, ImageNet-489 | Full available curve retained; registered_horizon and in_registered_plateau5_window identify the primary endpoint. Epoch observations are not independent seeds.",accuracy percent; epoch is the raw zero-based epoch index
in489g2,g62,g62,1,in489g2-g62-s1,26,39.75,35.54,S0081,84,false,"`in489g1`, 12 runs, ImageNet-489 | `in489g2`, 14 runs, ImageNet-489 | Full available curve retained; registered_horizon and in_registered_plateau5_window identify the primary endpoint. Epoch observations are not independent seeds.",accuracy percent; epoch is the raw zero-based epoch index
in489g2,g62,g62,1,in489g2-g62-s1,27,40.16,36,S0081,84,false,"`in489g1`, 12 runs, ImageNet-489 | `in489g2`, 14 runs, ImageNet-489 | Full available curve retained; registered_horizon and in_registered_plateau5_window identify the primary endpoint. Epoch observations are not independent seeds.",accuracy percent; epoch is the raw zero-based epoch index
in489g2,g62,g62,1,in489g2-g62-s1,28,40.27,36.49,S0081,84,false,"`in489g1`, 12 runs, ImageNet-489 | `in489g2`, 14 runs, ImageNet-489 | Full available curve retained; registered_horizon and in_registered_plateau5_window identify the primary endpoint. Epoch observations are not independent seeds.",accuracy percent; epoch is the raw zero-based epoch index
in489g2,g62,g62,1,in489g2-g62-s1,29,41.05,36.72,S0081,84,false,"`in489g1`, 12 runs, ImageNet-489 | `in489g2`, 14 runs, ImageNet-489 | Full available curve retained; registered_horizon and in_registered_plateau5_window identify the primary endpoint. Epoch observations are not independent seeds.",accuracy percent; epoch is the raw zero-based epoch index
in489g2,g62,g62,1,in489g2-g62-s1,30,41.56,37.12,S0081,84,false,"`in489g1`, 12 runs, ImageNet-489 | `in489g2`, 14 runs, ImageNet-489 | Full available curve retained; registered_horizon and in_registered_plateau5_window identify the primary endpoint. Epoch observations are not independent seeds.",accuracy percent; epoch is the raw zero-based epoch index
in489g2,g62,g62,1,in489g2-g62-s1,31,41.34,37.41,S0081,84,false,"`in489g1`, 12 runs, ImageNet-489 | `in489g2`, 14 runs, ImageNet-489 | Full available curve retained; registered_horizon and in_registered_plateau5_window identify the primary endpoint. Epoch observations are not independent seeds.",accuracy percent; epoch is the raw zero-based epoch index
in489g2,g62,g62,1,in489g2-g62-s1,32,42.13,37.77,S0081,84,false,"`in489g1`, 12 runs, ImageNet-489 | `in489g2`, 14 runs, ImageNet-489 | Full available curve retained; registered_horizon and in_registered_plateau5_window identify the primary endpoint. Epoch observations are not independent seeds.",accuracy percent; epoch is the raw zero-based epoch index
in489g2,g62,g62,1,in489g2-g62-s1,33,42.94,38.05,S0081,84,false,"`in489g1`, 12 runs, ImageNet-489 | `in489g2`, 14 runs, ImageNet-489 | Full available curve retained; registered_horizon and in_registered_plateau5_window identify the primary endpoint. Epoch observations are not independent seeds.",accuracy percent; epoch is the raw zero-based epoch index
in489g2,g62,g62,1,in489g2-g62-s1,34,42.47,38.31,S0081,84,false,"`in489g1`, 12 runs, ImageNet-489 | `in489g2`, 14 runs, ImageNet-489 | Full available curve retained; registered_horizon and in_registered_plateau5_window identify the primary endpoint. Epoch observations are not independent seeds.",accuracy percent; epoch is the raw zero-based epoch index
in489g2,g62,g62,1,in489g2-g62-s1,35,43.16,38.64,S0081,84,false,"`in489g1`, 12 runs, ImageNet-489 | `in489g2`, 14 runs, ImageNet-489 | Full available curve retained; registered_horizon and in_registered_plateau5_window identify the primary endpoint. Epoch observations are not independent seeds.",accuracy percent; epoch is the raw zero-based epoch index
in489g2,g62,g62,1,in489g2-g62-s1,36,42.76,38.86,S0081,84,false,"`in489g1`, 12 runs, ImageNet-489 | `in489g2`, 14 runs, ImageNet-489 | Full available curve retained; registered_horizon and in_registered_plateau5_window identify the primary endpoint. Epoch observations are not independent seeds.",accuracy percent; epoch is the raw zero-based epoch index
in489g2,g62,g62,1,in489g2-g62-s1,37,43.72,39.03,S0081,84,false,"`in489g1`, 12 runs, ImageNet-489 | `in489g2`, 14 runs, ImageNet-489 | Full available curve retained; registered_horizon and in_registered_plateau5_window identify the primary endpoint. Epoch observations are not independent seeds.",accuracy percent; epoch is the raw zero-based epoch index
in489g2,g62,g62,1,in489g2-g62-s1,38,43.78,39.25,S0081,84,false,"`in489g1`, 12 runs, ImageNet-489 | `in489g2`, 14 runs, ImageNet-489 | Full available curve retained; registered_horizon and in_registered_plateau5_window identify the primary endpoint. Epoch observations are not independent seeds.",accuracy percent; epoch is the raw zero-based epoch index
in489g2,g62,g62,1,in489g2-g62-s1,39,43.33,39.53,S0081,84,false,"`in489g1`, 12 runs, ImageNet-489 | `in489g2`, 14 runs, ImageNet-489 | Full available curve retained; registered_horizon and in_registered_plateau5_window identify the primary endpoint. Epoch observations are not independent seeds.",accuracy percent; epoch is the raw zero-based epoch index
in489g2,g62,g62,1,in489g2-g62-s1,40,44.04,39.68,S0081,84,false,"`in489g1`, 12 runs, ImageNet-489 | `in489g2`, 14 runs, ImageNet-489 | Full available curve retained; registered_horizon and in_registered_plateau5_window identify the primary endpoint. Epoch observations are not independent seeds.",accuracy percent; epoch is the raw zero-based epoch index
in489g2,g62,g62,1,in489g2-g62-s1,41,44.1,39.91,S0081,84,false,"`in489g1`, 12 runs, ImageNet-489 | `in489g2`, 14 runs, ImageNet-489 | Full available curve retained; registered_horizon and in_registered_plateau5_window identify the primary endpoint. Epoch observations are not independent seeds.",accuracy percent; epoch is the raw zero-based epoch index
in489g2,g62,g62,1,in489g2-g62-s1,42,44.42,40.16,S0081,84,false,"`in489g1`, 12 runs, ImageNet-489 | `in489g2`, 14 runs, ImageNet-489 | Full available curve retained; registered_horizon and in_registered_plateau5_window identify the primary endpoint. Epoch observations are not independent seeds.",accuracy percent; epoch is the raw zero-based epoch index
in489g2,g62,g62,1,in489g2-g62-s1,43,44.42,40.27,S0081,84,false,"`in489g1`, 12 runs, ImageNet-489 | `in489g2`, 14 runs, ImageNet-489 | Full available curve retained; registered_horizon and in_registered_plateau5_window identify the primary endpoint. Epoch observations are not independent seeds.",accuracy percent; epoch is the raw zero-based epoch index
in489g2,g62,g62,1,in489g2-g62-s1,44,44.6,40.47,S0081,84,false,"`in489g1`, 12 runs, ImageNet-489 | `in489g2`, 14 runs, ImageNet-489 | Full available curve retained; registered_horizon and in_registered_plateau5_window identify the primary endpoint. Epoch observations are not independent seeds.",accuracy percent; epoch is the raw zero-based epoch index
in489g2,g62,g62,1,in489g2-g62-s1,45,45.08,40.71,S0081,84,false,"`in489g1`, 12 runs, ImageNet-489 | `in489g2`, 14 runs, ImageNet-489 | Full available curve retained; registered_horizon and in_registered_plateau5_window identify the primary endpoint. Epoch observations are not independent seeds.",accuracy percent; epoch is the raw zero-based epoch index
in489g2,g62,g62,1,in489g2-g62-s1,46,45.33,40.88,S0081,84,false,"`in489g1`, 12 runs, ImageNet-489 | `in489g2`, 14 runs, ImageNet-489 | Full available curve retained; registered_horizon and in_registered_plateau5_window identify the primary endpoint. Epoch observations are not independent seeds.",accuracy percent; epoch is the raw zero-based epoch index
in489g2,g62,g62,1,in489g2-g62-s1,47,45.71,40.93,S0081,84,false,"`in489g1`, 12 runs, ImageNet-489 | `in489g2`, 14 runs, ImageNet-489 | Full available curve retained; registered_horizon and in_registered_plateau5_window identify the primary endpoint. Epoch observations are not independent seeds.",accuracy percent; epoch is the raw zero-based epoch index
in489g2,g62,g62,1,in489g2-g62-s1,48,45.69,41.23,S0081,84,false,"`in489g1`, 12 runs, ImageNet-489 | `in489g2`, 14 runs, ImageNet-489 | Full available curve retained; registered_horizon and in_registered_plateau5_window identify the primary endpoint. Epoch observations are not independent seeds.",accuracy percent; epoch is the raw zero-based epoch index
in489g2,g62,g62,1,in489g2-g62-s1,49,45.28,41.34,S0081,84,false,"`in489g1`, 12 runs, ImageNet-489 | `in489g2`, 14 runs, ImageNet-489 | Full available curve retained; registered_horizon and in_registered_plateau5_window identify the primary endpoint. Epoch observations are not independent seeds.",accuracy percent; epoch is the raw zero-based epoch index
in489g2,g62,g62,1,in489g2-g62-s1,50,46.02,41.48,S0081,84,false,"`in489g1`, 12 runs, ImageNet-489 | `in489g2`, 14 runs, ImageNet-489 | Full available curve retained; registered_horizon and in_registered_plateau5_window identify the primary endpoint. Epoch observations are not independent seeds.",accuracy percent; epoch is the raw zero-based epoch index
in489g2,g62,g62,1,in489g2-g62-s1,51,46.04,41.57,S0081,84,false,"`in489g1`, 12 runs, ImageNet-489 | `in489g2`, 14 runs, ImageNet-489 | Full available curve retained; registered_horizon and in_registered_plateau5_window identify the primary endpoint. Epoch observations are not independent seeds.",accuracy percent; epoch is the raw zero-based epoch index
in489g2,g62,g62,1,in489g2-g62-s1,52,46.24,41.74,S0081,84,false,"`in489g1`, 12 runs, ImageNet-489 | `in489g2`, 14 runs, ImageNet-489 | Full available curve retained; registered_horizon and in_registered_plateau5_window identify the primary endpoint. Epoch observations are not independent seeds.",accuracy percent; epoch is the raw zero-based epoch index
in489g2,g62,g62,1,in489g2-g62-s1,53,46.47,41.96,S0081,84,false,"`in489g1`, 12 runs, ImageNet-489 | `in489g2`, 14 runs, ImageNet-489 | Full available curve retained; registered_horizon and in_registered_plateau5_window identify the primary endpoint. Epoch observations are not independent seeds.",accuracy percent; epoch is the raw zero-based epoch index
in489g2,g62,g62,1,in489g2-g62-s1,54,46.49,42.04,S0081,84,false,"`in489g1`, 12 runs, ImageNet-489 | `in489g2`, 14 runs, ImageNet-489 | Full available curve retained; registered_horizon and in_registered_plateau5_window identify the primary endpoint. Epoch observations are not independent seeds.",accuracy percent; epoch is the raw zero-based epoch index
in489g2,g62,g62,1,in489g2-g62-s1,55,46.41,42.15,S0081,84,false,"`in489g1`, 12 runs, ImageNet-489 | `in489g2`, 14 runs, ImageNet-489 | Full available curve retained; registered_horizon and in_registered_plateau5_window identify the primary endpoint. Epoch observations are not independent seeds.",accuracy percent; epoch is the raw zero-based epoch index
in489g2,g62,g62,1,in489g2-g62-s1,56,46.42,42.36,S0081,84,false,"`in489g1`, 12 runs, ImageNet-489 | `in489g2`, 14 runs, ImageNet-489 | Full available curve retained; registered_horizon and in_registered_plateau5_window identify the primary endpoint. Epoch observations are not independent seeds.",accuracy percent; epoch is the raw zero-based epoch index
in489g2,g62,g62,1,in489g2-g62-s1,57,46.77,42.48,S0081,84,false,"`in489g1`, 12 runs, ImageNet-489 | `in489g2`, 14 runs, ImageNet-489 | Full available curve retained; registered_horizon and in_registered_plateau5_window identify the primary endpoint. Epoch observations are not independent seeds.",accuracy percent; epoch is the raw zero-based epoch index
in489g2,g62,g62,1,in489g2-g62-s1,58,46.76,42.57,S0081,84,false,"`in489g1`, 12 runs, ImageNet-489 | `in489g2`, 14 runs, ImageNet-489 | Full available curve retained; registered_horizon and in_registered_plateau5_window identify the primary endpoint. Epoch observations are not independent seeds.",accuracy percent; epoch is the raw zero-based epoch index
in489g2,g62,g62,1,in489g2-g62-s1,59,46.87,42.65,S0081,84,false,"`in489g1`, 12 runs, ImageNet-489 | `in489g2`, 14 runs, ImageNet-489 | Full available curve retained; registered_horizon and in_registered_plateau5_window identify the primary endpoint. Epoch observations are not independent seeds.",accuracy percent; epoch is the raw zero-based epoch index
in489g2,g62,g62,1,in489g2-g62-s1,60,47.08,42.84,S0081,84,false,"`in489g1`, 12 runs, ImageNet-489 | `in489g2`, 14 runs, ImageNet-489 | Full available curve retained; registered_horizon and in_registered_plateau5_window identify the primary endpoint. Epoch observations are not independent seeds.",accuracy percent; epoch is the raw zero-based epoch index
in489g2,g62,g62,1,in489g2-g62-s1,61,47.62,42.87,S0081,84,false,"`in489g1`, 12 runs, ImageNet-489 | `in489g2`, 14 runs, ImageNet-489 | Full available curve retained; registered_horizon and in_registered_plateau5_window identify the primary endpoint. Epoch observations are not independent seeds.",accuracy percent; epoch is the raw zero-based epoch index
in489g2,g62,g62,1,in489g2-g62-s1,62,47.15,43.01,S0081,84,false,"`in489g1`, 12 runs, ImageNet-489 | `in489g2`, 14 runs, ImageNet-489 | Full available curve retained; registered_horizon and in_registered_plateau5_window identify the primary endpoint. Epoch observations are not independent seeds.",accuracy percent; epoch is the raw zero-based epoch index
in489g2,g62,g62,1,in489g2-g62-s1,63,47.42,43.17,S0081,84,false,"`in489g1`, 12 runs, ImageNet-489 | `in489g2`, 14 runs, ImageNet-489 | Full available curve retained; registered_horizon and in_registered_plateau5_window identify the primary endpoint. Epoch observations are not independent seeds.",accuracy percent; epoch is the raw zero-based epoch index
in489g2,g62,g62,1,in489g2-g62-s1,64,47.31,43.25,S0081,84,false,"`in489g1`, 12 runs, ImageNet-489 | `in489g2`, 14 runs, ImageNet-489 | Full available curve retained; registered_horizon and in_registered_plateau5_window identify the primary endpoint. Epoch observations are not independent seeds.",accuracy percent; epoch is the raw zero-based epoch index
in489g2,g62,g62,1,in489g2-g62-s1,65,47.75,43.38,S0081,84,false,"`in489g1`, 12 runs, ImageNet-489 | `in489g2`, 14 runs, ImageNet-489 | Full available curve retained; registered_horizon and in_registered_plateau5_window identify the primary endpoint. Epoch observations are not independent seeds.",accuracy percent; epoch is the raw zero-based epoch index
in489g2,g62,g62,1,in489g2-g62-s1,66,47.83,43.44,S0081,84,false,"`in489g1`, 12 runs, ImageNet-489 | `in489g2`, 14 runs, ImageNet-489 | Full available curve retained; registered_horizon and in_registered_plateau5_window identify the primary endpoint. Epoch observations are not independent seeds.",accuracy percent; epoch is the raw zero-based epoch index
in489g2,g62,g62,1,in489g2-g62-s1,67,48.16,43.53,S0081,84,false,"`in489g1`, 12 runs, ImageNet-489 | `in489g2`, 14 runs, ImageNet-489 | Full available curve retained; registered_horizon and in_registered_plateau5_window identify the primary endpoint. Epoch observations are not independent seeds.",accuracy percent; epoch is the raw zero-based epoch index
in489g2,g62,g62,1,in489g2-g62-s1,68,48.22,43.61,S0081,84,false,"`in489g1`, 12 runs, ImageNet-489 | `in489g2`, 14 runs, ImageNet-489 | Full available curve retained; registered_horizon and in_registered_plateau5_window identify the primary endpoint. Epoch observations are not independent seeds.",accuracy percent; epoch is the raw zero-based epoch index
in489g2,g62,g62,1,in489g2-g62-s1,69,48.02,43.8,S0081,84,false,"`in489g1`, 12 runs, ImageNet-489 | `in489g2`, 14 runs, ImageNet-489 | Full available curve retained; registered_horizon and in_registered_plateau5_window identify the primary endpoint. Epoch observations are not independent seeds.",accuracy percent; epoch is the raw zero-based epoch index
in489g2,g62,g62,1,in489g2-g62-s1,70,48.16,43.87,S0081,84,false,"`in489g1`, 12 runs, ImageNet-489 | `in489g2`, 14 runs, ImageNet-489 | Full available curve retained; registered_horizon and in_registered_plateau5_window identify the primary endpoint. Epoch observations are not independent seeds.",accuracy percent; epoch is the raw zero-based epoch index
in489g2,g62,g62,1,in489g2-g62-s1,71,48.2,43.98,S0081,84,false,"`in489g1`, 12 runs, ImageNet-489 | `in489g2`, 14 runs, ImageNet-489 | Full available curve retained; registered_horizon and in_registered_plateau5_window identify the primary endpoint. Epoch observations are not independent seeds.",accuracy percent; epoch is the raw zero-based epoch index
in489g2,g62,g62,1,in489g2-g62-s1,72,48.36,44.1,S0081,84,false,"`in489g1`, 12 runs, ImageNet-489 | `in489g2`, 14 runs, ImageNet-489 | Full available curve retained; registered_horizon and in_registered_plateau5_window identify the primary endpoint. Epoch observations are not independent seeds.",accuracy percent; epoch is the raw zero-based epoch index
in489g2,g62,g62,1,in489g2-g62-s1,73,48.47,44.07,S0081,84,false,"`in489g1`, 12 runs, ImageNet-489 | `in489g2`, 14 runs, ImageNet-489 | Full available curve retained; registered_horizon and in_registered_plateau5_window identify the primary endpoint. Epoch observations are not independent seeds.",accuracy percent; epoch is the raw zero-based epoch index
in489g2,g62,g62,1,in489g2-g62-s1,74,48.72,44.18,S0081,84,false,"`in489g1`, 12 runs, ImageNet-489 | `in489g2`, 14 runs, ImageNet-489 | Full available curve retained; registered_horizon and in_registered_plateau5_window identify the primary endpoint. Epoch observations are not independent seeds.",accuracy percent; epoch is the raw zero-based epoch index
in489g2,g62,g62,1,in489g2-g62-s1,75,48.55,44.34,S0081,84,false,"`in489g1`, 12 runs, ImageNet-489 | `in489g2`, 14 runs, ImageNet-489 | Full available curve retained; registered_horizon and in_registered_plateau5_window identify the primary endpoint. Epoch observations are not independent seeds.",accuracy percent; epoch is the raw zero-based epoch index
in489g2,g62,g62,1,in489g2-g62-s1,76,48.84,44.45,S0081,84,false,"`in489g1`, 12 runs, ImageNet-489 | `in489g2`, 14 runs, ImageNet-489 | Full available curve retained; registered_horizon and in_registered_plateau5_window identify the primary endpoint. Epoch observations are not independent seeds.",accuracy percent; epoch is the raw zero-based epoch index
in489g2,g62,g62,1,in489g2-g62-s1,77,48.83,44.49,S0081,84,false,"`in489g1`, 12 runs, ImageNet-489 | `in489g2`, 14 runs, ImageNet-489 | Full available curve retained; registered_horizon and in_registered_plateau5_window identify the primary endpoint. Epoch observations are not independent seeds.",accuracy percent; epoch is the raw zero-based epoch index
in489g2,g62,g62,1,in489g2-g62-s1,78,49.15,44.54,S0081,84,false,"`in489g1`, 12 runs, ImageNet-489 | `in489g2`, 14 runs, ImageNet-489 | Full available curve retained; registered_horizon and in_registered_plateau5_window identify the primary endpoint. Epoch observations are not independent seeds.",accuracy percent; epoch is the raw zero-based epoch index
in489g2,g62,g62,1,in489g2-g62-s1,79,49.37,44.59,S0081,84,true,"`in489g1`, 12 runs, ImageNet-489 | `in489g2`, 14 runs, ImageNet-489 | Full available curve retained; registered_horizon and in_registered_plateau5_window identify the primary endpoint. Epoch observations are not independent seeds.",accuracy percent; epoch is the raw zero-based epoch index
in489g2,g62,g62,1,in489g2-g62-s1,80,48.94,44.71,S0081,84,true,"`in489g1`, 12 runs, ImageNet-489 | `in489g2`, 14 runs, ImageNet-489 | Full available curve retained; registered_horizon and in_registered_plateau5_window identify the primary endpoint. Epoch observations are not independent seeds.",accuracy percent; epoch is the raw zero-based epoch index
in489g2,g62,g62,1,in489g2-g62-s1,81,49.21,44.76,S0081,84,true,"`in489g1`, 12 runs, ImageNet-489 | `in489g2`, 14 runs, ImageNet-489 | Full available curve retained; registered_horizon and in_registered_plateau5_window identify the primary endpoint. Epoch observations are not independent seeds.",accuracy percent; epoch is the raw zero-based epoch index
in489g2,g62,g62,1,in489g2-g62-s1,82,49.09,44.92,S0081,84,true,"`in489g1`, 12 runs, ImageNet-489 | `in489g2`, 14 runs, ImageNet-489 | Full available curve retained; registered_horizon and in_registered_plateau5_window identify the primary endpoint. Epoch observations are not independent seeds.",accuracy percent; epoch is the raw zero-based epoch index
in489g2,g62,g62,1,in489g2-g62-s1,83,49.52,44.84,S0081,84,true,"`in489g1`, 12 runs, ImageNet-489 | `in489g2`, 14 runs, ImageNet-489 | Full available curve retained; registered_horizon and in_registered_plateau5_window identify the primary endpoint. Epoch observations are not independent seeds.",accuracy percent; epoch is the raw zero-based epoch index
in489g2,p08,p08,0,in489g2-p08-s0,0,0.27,0.27,S0082,84,false,"`in489g1`, 12 runs, ImageNet-489 | `in489g2`, 14 runs, ImageNet-489 | Full available curve retained; registered_horizon and in_registered_plateau5_window identify the primary endpoint. Epoch observations are not independent seeds.",accuracy percent; epoch is the raw zero-based epoch index
in489g2,p08,p08,0,in489g2-p08-s0,1,0.23,0.27,S0082,84,false,"`in489g1`, 12 runs, ImageNet-489 | `in489g2`, 14 runs, ImageNet-489 | Full available curve retained; registered_horizon and in_registered_plateau5_window identify the primary endpoint. Epoch observations are not independent seeds.",accuracy percent; epoch is the raw zero-based epoch index
in489g2,p08,p08,0,in489g2-p08-s0,2,0.56,0.34,S0082,84,false,"`in489g1`, 12 runs, ImageNet-489 | `in489g2`, 14 runs, ImageNet-489 | Full available curve retained; registered_horizon and in_registered_plateau5_window identify the primary endpoint. Epoch observations are not independent seeds.",accuracy percent; epoch is the raw zero-based epoch index
in489g2,p08,p08,0,in489g2-p08-s0,3,1.61,1.1,S0082,84,false,"`in489g1`, 12 runs, ImageNet-489 | `in489g2`, 14 runs, ImageNet-489 | Full available curve retained; registered_horizon and in_registered_plateau5_window identify the primary endpoint. Epoch observations are not independent seeds.",accuracy percent; epoch is the raw zero-based epoch index
in489g2,p08,p08,0,in489g2-p08-s0,4,4.63,3.1,S0082,84,false,"`in489g1`, 12 runs, ImageNet-489 | `in489g2`, 14 runs, ImageNet-489 | Full available curve retained; registered_horizon and in_registered_plateau5_window identify the primary endpoint. Epoch observations are not independent seeds.",accuracy percent; epoch is the raw zero-based epoch index
in489g2,p08,p08,0,in489g2-p08-s0,5,6.54,5.29,S0082,84,false,"`in489g1`, 12 runs, ImageNet-489 | `in489g2`, 14 runs, ImageNet-489 | Full available curve retained; registered_horizon and in_registered_plateau5_window identify the primary endpoint. Epoch observations are not independent seeds.",accuracy percent; epoch is the raw zero-based epoch index
in489g2,p08,p08,0,in489g2-p08-s0,6,7.57,6.38,S0082,84,false,"`in489g1`, 12 runs, ImageNet-489 | `in489g2`, 14 runs, ImageNet-489 | Full available curve retained; registered_horizon and in_registered_plateau5_window identify the primary endpoint. Epoch observations are not independent seeds.",accuracy percent; epoch is the raw zero-based epoch index
in489g2,p08,p08,0,in489g2-p08-s0,7,7.54,6.83,S0082,84,false,"`in489g1`, 12 runs, ImageNet-489 | `in489g2`, 14 runs, ImageNet-489 | Full available curve retained; registered_horizon and in_registered_plateau5_window identify the primary endpoint. Epoch observations are not independent seeds.",accuracy percent; epoch is the raw zero-based epoch index
in489g2,p08,p08,0,in489g2-p08-s0,8,7.55,6.92,S0082,84,false,"`in489g1`, 12 runs, ImageNet-489 | `in489g2`, 14 runs, ImageNet-489 | Full available curve retained; registered_horizon and in_registered_plateau5_window identify the primary endpoint. Epoch observations are not independent seeds.",accuracy percent; epoch is the raw zero-based epoch index
in489g2,p08,p08,0,in489g2-p08-s0,9,7.81,6.99,S0082,84,false,"`in489g1`, 12 runs, ImageNet-489 | `in489g2`, 14 runs, ImageNet-489 | Full available curve retained; registered_horizon and in_registered_plateau5_window identify the primary endpoint. Epoch observations are not independent seeds.",accuracy percent; epoch is the raw zero-based epoch index
in489g2,p08,p08,0,in489g2-p08-s0,10,7.65,7.05,S0082,84,false,"`in489g1`, 12 runs, ImageNet-489 | `in489g2`, 14 runs, ImageNet-489 | Full available curve retained; registered_horizon and in_registered_plateau5_window identify the primary endpoint. Epoch observations are not independent seeds.",accuracy percent; epoch is the raw zero-based epoch index
in489g2,p08,p08,0,in489g2-p08-s0,11,7.79,7.1,S0082,84,false,"`in489g1`, 12 runs, ImageNet-489 | `in489g2`, 14 runs, ImageNet-489 | Full available curve retained; registered_horizon and in_registered_plateau5_window identify the primary endpoint. Epoch observations are not independent seeds.",accuracy percent; epoch is the raw zero-based epoch index
in489g2,p08,p08,0,in489g2-p08-s0,12,7.69,7.12,S0082,84,false,"`in489g1`, 12 runs, ImageNet-489 | `in489g2`, 14 runs, ImageNet-489 | Full available curve retained; registered_horizon and in_registered_plateau5_window identify the primary endpoint. Epoch observations are not independent seeds.",accuracy percent; epoch is the raw zero-based epoch index
in489g2,p08,p08,0,in489g2-p08-s0,13,7.63,7.12,S0082,84,false,"`in489g1`, 12 runs, ImageNet-489 | `in489g2`, 14 runs, ImageNet-489 | Full available curve retained; registered_horizon and in_registered_plateau5_window identify the primary endpoint. Epoch observations are not independent seeds.",accuracy percent; epoch is the raw zero-based epoch index
in489g2,p08,p08,0,in489g2-p08-s0,14,7.53,7.15,S0082,84,false,"`in489g1`, 12 runs, ImageNet-489 | `in489g2`, 14 runs, ImageNet-489 | Full available curve retained; registered_horizon and in_registered_plateau5_window identify the primary endpoint. Epoch observations are not independent seeds.",accuracy percent; epoch is the raw zero-based epoch index
in489g2,p08,p08,0,in489g2-p08-s0,15,7.7,7.13,S0082,84,false,"`in489g1`, 12 runs, ImageNet-489 | `in489g2`, 14 runs, ImageNet-489 | Full available curve retained; registered_horizon and in_registered_plateau5_window identify the primary endpoint. Epoch observations are not independent seeds.",accuracy percent; epoch is the raw zero-based epoch index
in489g2,p08,p08,0,in489g2-p08-s0,16,7.66,7.1,S0082,84,false,"`in489g1`, 12 runs, ImageNet-489 | `in489g2`, 14 runs, ImageNet-489 | Full available curve retained; registered_horizon and in_registered_plateau5_window identify the primary endpoint. Epoch observations are not independent seeds.",accuracy percent; epoch is the raw zero-based epoch index
in489g2,p08,p08,0,in489g2-p08-s0,17,7.73,7.2,S0082,84,false,"`in489g1`, 12 runs, ImageNet-489 | `in489g2`, 14 runs, ImageNet-489 | Full available curve retained; registered_horizon and in_registered_plateau5_window identify the primary endpoint. Epoch observations are not independent seeds.",accuracy percent; epoch is the raw zero-based epoch index
in489g2,p08,p08,0,in489g2-p08-s0,18,7.68,7.16,S0082,84,false,"`in489g1`, 12 runs, ImageNet-489 | `in489g2`, 14 runs, ImageNet-489 | Full available curve retained; registered_horizon and in_registered_plateau5_window identify the primary endpoint. Epoch observations are not independent seeds.",accuracy percent; epoch is the raw zero-based epoch index
in489g2,p08,p08,0,in489g2-p08-s0,19,7.6,7.14,S0082,84,false,"`in489g1`, 12 runs, ImageNet-489 | `in489g2`, 14 runs, ImageNet-489 | Full available curve retained; registered_horizon and in_registered_plateau5_window identify the primary endpoint. Epoch observations are not independent seeds.",accuracy percent; epoch is the raw zero-based epoch index
in489g2,p08,p08,0,in489g2-p08-s0,20,7.64,7.18,S0082,84,false,"`in489g1`, 12 runs, ImageNet-489 | `in489g2`, 14 runs, ImageNet-489 | Full available curve retained; registered_horizon and in_registered_plateau5_window identify the primary endpoint. Epoch observations are not independent seeds.",accuracy percent; epoch is the raw zero-based epoch index
in489g2,p08,p08,0,in489g2-p08-s0,21,7.73,7.15,S0082,84,false,"`in489g1`, 12 runs, ImageNet-489 | `in489g2`, 14 runs, ImageNet-489 | Full available curve retained; registered_horizon and in_registered_plateau5_window identify the primary endpoint. Epoch observations are not independent seeds.",accuracy percent; epoch is the raw zero-based epoch index
in489g2,p08,p08,0,in489g2-p08-s0,22,7.64,7.17,S0082,84,false,"`in489g1`, 12 runs, ImageNet-489 | `in489g2`, 14 runs, ImageNet-489 | Full available curve retained; registered_horizon and in_registered_plateau5_window identify the primary endpoint. Epoch observations are not independent seeds.",accuracy percent; epoch is the raw zero-based epoch index
in489g2,p08,p08,0,in489g2-p08-s0,23,7.55,7.17,S0082,84,false,"`in489g1`, 12 runs, ImageNet-489 | `in489g2`, 14 runs, ImageNet-489 | Full available curve retained; registered_horizon and in_registered_plateau5_window identify the primary endpoint. Epoch observations are not independent seeds.",accuracy percent; epoch is the raw zero-based epoch index
in489g2,p08,p08,0,in489g2-p08-s0,24,7.71,7.12,S0082,84,false,"`in489g1`, 12 runs, ImageNet-489 | `in489g2`, 14 runs, ImageNet-489 | Full available curve retained; registered_horizon and in_registered_plateau5_window identify the primary endpoint. Epoch observations are not independent seeds.",accuracy percent; epoch is the raw zero-based epoch index
in489g2,p08,p08,0,in489g2-p08-s0,25,7.62,7.16,S0082,84,false,"`in489g1`, 12 runs, ImageNet-489 | `in489g2`, 14 runs, ImageNet-489 | Full available curve retained; registered_horizon and in_registered_plateau5_window identify the primary endpoint. Epoch observations are not independent seeds.",accuracy percent; epoch is the raw zero-based epoch index
in489g2,p08,p08,0,in489g2-p08-s0,26,7.75,7.2,S0082,84,false,"`in489g1`, 12 runs, ImageNet-489 | `in489g2`, 14 runs, ImageNet-489 | Full available curve retained; registered_horizon and in_registered_plateau5_window identify the primary endpoint. Epoch observations are not independent seeds.",accuracy percent; epoch is the raw zero-based epoch index
in489g2,p08,p08,0,in489g2-p08-s0,27,7.64,7.17,S0082,84,false,"`in489g1`, 12 runs, ImageNet-489 | `in489g2`, 14 runs, ImageNet-489 | Full available curve retained; registered_horizon and in_registered_plateau5_window identify the primary endpoint. Epoch observations are not independent seeds.",accuracy percent; epoch is the raw zero-based epoch index
in489g2,p08,p08,0,in489g2-p08-s0,28,7.7,7.13,S0082,84,false,"`in489g1`, 12 runs, ImageNet-489 | `in489g2`, 14 runs, ImageNet-489 | Full available curve retained; registered_horizon and in_registered_plateau5_window identify the primary endpoint. Epoch observations are not independent seeds.",accuracy percent; epoch is the raw zero-based epoch index
in489g2,p08,p08,0,in489g2-p08-s0,29,7.59,7.19,S0082,84,false,"`in489g1`, 12 runs, ImageNet-489 | `in489g2`, 14 runs, ImageNet-489 | Full available curve retained; registered_horizon and in_registered_plateau5_window identify the primary endpoint. Epoch observations are not independent seeds.",accuracy percent; epoch is the raw zero-based epoch index
in489g2,p08,p08,0,in489g2-p08-s0,30,7.76,7.16,S0082,84,false,"`in489g1`, 12 runs, ImageNet-489 | `in489g2`, 14 runs, ImageNet-489 | Full available curve retained; registered_horizon and in_registered_plateau5_window identify the primary endpoint. Epoch observations are not independent seeds.",accuracy percent; epoch is the raw zero-based epoch index
in489g2,p08,p08,0,in489g2-p08-s0,31,7.69,7.18,S0082,84,false,"`in489g1`, 12 runs, ImageNet-489 | `in489g2`, 14 runs, ImageNet-489 | Full available curve retained; registered_horizon and in_registered_plateau5_window identify the primary endpoint. Epoch observations are not independent seeds.",accuracy percent; epoch is the raw zero-based epoch index
in489g2,p08,p08,0,in489g2-p08-s0,32,7.64,7.18,S0082,84,false,"`in489g1`, 12 runs, ImageNet-489 | `in489g2`, 14 runs, ImageNet-489 | Full available curve retained; registered_horizon and in_registered_plateau5_window identify the primary endpoint. Epoch observations are not independent seeds.",accuracy percent; epoch is the raw zero-based epoch index
in489g2,p08,p08,0,in489g2-p08-s0,33,7.68,7.17,S0082,84,false,"`in489g1`, 12 runs, ImageNet-489 | `in489g2`, 14 runs, ImageNet-489 | Full available curve retained; registered_horizon and in_registered_plateau5_window identify the primary endpoint. Epoch observations are not independent seeds.",accuracy percent; epoch is the raw zero-based epoch index
in489g2,p08,p08,0,in489g2-p08-s0,34,7.65,7.16,S0082,84,false,"`in489g1`, 12 runs, ImageNet-489 | `in489g2`, 14 runs, ImageNet-489 | Full available curve retained; registered_horizon and in_registered_plateau5_window identify the primary endpoint. Epoch observations are not independent seeds.",accuracy percent; epoch is the raw zero-based epoch index
in489g2,p08,p08,0,in489g2-p08-s0,35,7.66,7.18,S0082,84,false,"`in489g1`, 12 runs, ImageNet-489 | `in489g2`, 14 runs, ImageNet-489 | Full available curve retained; registered_horizon and in_registered_plateau5_window identify the primary endpoint. Epoch observations are not independent seeds.",accuracy percent; epoch is the raw zero-based epoch index
in489g2,p08,p08,0,in489g2-p08-s0,36,7.71,7.13,S0082,84,false,"`in489g1`, 12 runs, ImageNet-489 | `in489g2`, 14 runs, ImageNet-489 | Full available curve retained; registered_horizon and in_registered_plateau5_window identify the primary endpoint. Epoch observations are not independent seeds.",accuracy percent; epoch is the raw zero-based epoch index
in489g2,p08,p08,0,in489g2-p08-s0,37,7.69,7.17,S0082,84,false,"`in489g1`, 12 runs, ImageNet-489 | `in489g2`, 14 runs, ImageNet-489 | Full available curve retained; registered_horizon and in_registered_plateau5_window identify the primary endpoint. Epoch observations are not independent seeds.",accuracy percent; epoch is the raw zero-based epoch index
in489g2,p08,p08,0,in489g2-p08-s0,38,7.77,7.19,S0082,84,false,"`in489g1`, 12 runs, ImageNet-489 | `in489g2`, 14 runs, ImageNet-489 | Full available curve retained; registered_horizon and in_registered_plateau5_window identify the primary endpoint. Epoch observations are not independent seeds.",accuracy percent; epoch is the raw zero-based epoch index
in489g2,p08,p08,0,in489g2-p08-s0,39,7.67,7.14,S0082,84,false,"`in489g1`, 12 runs, ImageNet-489 | `in489g2`, 14 runs, ImageNet-489 | Full available curve retained; registered_horizon and in_registered_plateau5_window identify the primary endpoint. Epoch observations are not independent seeds.",accuracy percent; epoch is the raw zero-based epoch index
in489g2,p08,p08,0,in489g2-p08-s0,40,7.69,7.2,S0082,84,false,"`in489g1`, 12 runs, ImageNet-489 | `in489g2`, 14 runs, ImageNet-489 | Full available curve retained; registered_horizon and in_registered_plateau5_window identify the primary endpoint. Epoch observations are not independent seeds.",accuracy percent; epoch is the raw zero-based epoch index
in489g2,p08,p08,0,in489g2-p08-s0,41,7.69,7.2,S0082,84,false,"`in489g1`, 12 runs, ImageNet-489 | `in489g2`, 14 runs, ImageNet-489 | Full available curve retained; registered_horizon and in_registered_plateau5_window identify the primary endpoint. Epoch observations are not independent seeds.",accuracy percent; epoch is the raw zero-based epoch index
in489g2,p08,p08,0,in489g2-p08-s0,42,7.68,7.24,S0082,84,false,"`in489g1`, 12 runs, ImageNet-489 | `in489g2`, 14 runs, ImageNet-489 | Full available curve retained; registered_horizon and in_registered_plateau5_window identify the primary endpoint. Epoch observations are not independent seeds.",accuracy percent; epoch is the raw zero-based epoch index
in489g2,p08,p08,0,in489g2-p08-s0,43,7.71,7.17,S0082,84,false,"`in489g1`, 12 runs, ImageNet-489 | `in489g2`, 14 runs, ImageNet-489 | Full available curve retained; registered_horizon and in_registered_plateau5_window identify the primary endpoint. Epoch observations are not independent seeds.",accuracy percent; epoch is the raw zero-based epoch index
in489g2,p08,p08,0,in489g2-p08-s0,44,7.82,7.22,S0082,84,false,"`in489g1`, 12 runs, ImageNet-489 | `in489g2`, 14 runs, ImageNet-489 | Full available curve retained; registered_horizon and in_registered_plateau5_window identify the primary endpoint. Epoch observations are not independent seeds.",accuracy percent; epoch is the raw zero-based epoch index
in489g2,p08,p08,0,in489g2-p08-s0,45,7.69,7.22,S0082,84,false,"`in489g1`, 12 runs, ImageNet-489 | `in489g2`, 14 runs, ImageNet-489 | Full available curve retained; registered_horizon and in_registered_plateau5_window identify the primary endpoint. Epoch observations are not independent seeds.",accuracy percent; epoch is the raw zero-based epoch index
in489g2,p08,p08,0,in489g2-p08-s0,46,7.8,7.18,S0082,84,false,"`in489g1`, 12 runs, ImageNet-489 | `in489g2`, 14 runs, ImageNet-489 | Full available curve retained; registered_horizon and in_registered_plateau5_window identify the primary endpoint. Epoch observations are not independent seeds.",accuracy percent; epoch is the raw zero-based epoch index
in489g2,p08,p08,0,in489g2-p08-s0,47,7.73,7.19,S0082,84,false,"`in489g1`, 12 runs, ImageNet-489 | `in489g2`, 14 runs, ImageNet-489 | Full available curve retained; registered_horizon and in_registered_plateau5_window identify the primary endpoint. Epoch observations are not independent seeds.",accuracy percent; epoch is the raw zero-based epoch index
in489g2,p08,p08,0,in489g2-p08-s0,48,7.67,7.19,S0082,84,false,"`in489g1`, 12 runs, ImageNet-489 | `in489g2`, 14 runs, ImageNet-489 | Full available curve retained; registered_horizon and in_registered_plateau5_window identify the primary endpoint. Epoch observations are not independent seeds.",accuracy percent; epoch is the raw zero-based epoch index
in489g2,p08,p08,0,in489g2-p08-s0,49,7.73,7.19,S0082,84,false,"`in489g1`, 12 runs, ImageNet-489 | `in489g2`, 14 runs, ImageNet-489 | Full available curve retained; registered_horizon and in_registered_plateau5_window identify the primary endpoint. Epoch observations are not independent seeds.",accuracy percent; epoch is the raw zero-based epoch index
in489g2,p08,p08,0,in489g2-p08-s0,50,7.75,7.24,S0082,84,false,"`in489g1`, 12 runs, ImageNet-489 | `in489g2`, 14 runs, ImageNet-489 | Full available curve retained; registered_horizon and in_registered_plateau5_window identify the primary endpoint. Epoch observations are not independent seeds.",accuracy percent; epoch is the raw zero-based epoch index
in489g2,p08,p08,0,in489g2-p08-s0,51,7.74,7.27,S0082,84,false,"`in489g1`, 12 runs, ImageNet-489 | `in489g2`, 14 runs, ImageNet-489 | Full available curve retained; registered_horizon and in_registered_plateau5_window identify the primary endpoint. Epoch observations are not independent seeds.",accuracy percent; epoch is the raw zero-based epoch index
in489g2,p08,p08,0,in489g2-p08-s0,52,7.76,7.18,S0082,84,false,"`in489g1`, 12 runs, ImageNet-489 | `in489g2`, 14 runs, ImageNet-489 | Full available curve retained; registered_horizon and in_registered_plateau5_window identify the primary endpoint. Epoch observations are not independent seeds.",accuracy percent; epoch is the raw zero-based epoch index
in489g2,p08,p08,0,in489g2-p08-s0,53,7.69,7.25,S0082,84,false,"`in489g1`, 12 runs, ImageNet-489 | `in489g2`, 14 runs, ImageNet-489 | Full available curve retained; registered_horizon and in_registered_plateau5_window identify the primary endpoint. Epoch observations are not independent seeds.",accuracy percent; epoch is the raw zero-based epoch index
in489g2,p08,p08,0,in489g2-p08-s0,54,7.85,7.26,S0082,84,false,"`in489g1`, 12 runs, ImageNet-489 | `in489g2`, 14 runs, ImageNet-489 | Full available curve retained; registered_horizon and in_registered_plateau5_window identify the primary endpoint. Epoch observations are not independent seeds.",accuracy percent; epoch is the raw zero-based epoch index
in489g2,p08,p08,0,in489g2-p08-s0,55,7.77,7.23,S0082,84,false,"`in489g1`, 12 runs, ImageNet-489 | `in489g2`, 14 runs, ImageNet-489 | Full available curve retained; registered_horizon and in_registered_plateau5_window identify the primary endpoint. Epoch observations are not independent seeds.",accuracy percent; epoch is the raw zero-based epoch index
in489g2,p08,p08,0,in489g2-p08-s0,56,7.8,7.21,S0082,84,false,"`in489g1`, 12 runs, ImageNet-489 | `in489g2`, 14 runs, ImageNet-489 | Full available curve retained; registered_horizon and in_registered_plateau5_window identify the primary endpoint. Epoch observations are not independent seeds.",accuracy percent; epoch is the raw zero-based epoch index
in489g2,p08,p08,0,in489g2-p08-s0,57,7.68,7.23,S0082,84,false,"`in489g1`, 12 runs, ImageNet-489 | `in489g2`, 14 runs, ImageNet-489 | Full available curve retained; registered_horizon and in_registered_plateau5_window identify the primary endpoint. Epoch observations are not independent seeds.",accuracy percent; epoch is the raw zero-based epoch index
in489g2,p08,p08,0,in489g2-p08-s0,58,7.81,7.23,S0082,84,false,"`in489g1`, 12 runs, ImageNet-489 | `in489g2`, 14 runs, ImageNet-489 | Full available curve retained; registered_horizon and in_registered_plateau5_window identify the primary endpoint. Epoch observations are not independent seeds.",accuracy percent; epoch is the raw zero-based epoch index
in489g2,p08,p08,0,in489g2-p08-s0,59,7.78,7.23,S0082,84,false,"`in489g1`, 12 runs, ImageNet-489 | `in489g2`, 14 runs, ImageNet-489 | Full available curve retained; registered_horizon and in_registered_plateau5_window identify the primary endpoint. Epoch observations are not independent seeds.",accuracy percent; epoch is the raw zero-based epoch index
in489g2,p08,p08,0,in489g2-p08-s0,60,7.79,7.29,S0082,84,false,"`in489g1`, 12 runs, ImageNet-489 | `in489g2`, 14 runs, ImageNet-489 | Full available curve retained; registered_horizon and in_registered_plateau5_window identify the primary endpoint. Epoch observations are not independent seeds.",accuracy percent; epoch is the raw zero-based epoch index
in489g2,p08,p08,0,in489g2-p08-s0,61,7.73,7.22,S0082,84,false,"`in489g1`, 12 runs, ImageNet-489 | `in489g2`, 14 runs, ImageNet-489 | Full available curve retained; registered_horizon and in_registered_plateau5_window identify the primary endpoint. Epoch observations are not independent seeds.",accuracy percent; epoch is the raw zero-based epoch index
in489g2,p08,p08,0,in489g2-p08-s0,62,7.67,7.25,S0082,84,false,"`in489g1`, 12 runs, ImageNet-489 | `in489g2`, 14 runs, ImageNet-489 | Full available curve retained; registered_horizon and in_registered_plateau5_window identify the primary endpoint. Epoch observations are not independent seeds.",accuracy percent; epoch is the raw zero-based epoch index
in489g2,p08,p08,0,in489g2-p08-s0,63,7.68,7.19,S0082,84,false,"`in489g1`, 12 runs, ImageNet-489 | `in489g2`, 14 runs, ImageNet-489 | Full available curve retained; registered_horizon and in_registered_plateau5_window identify the primary endpoint. Epoch observations are not independent seeds.",accuracy percent; epoch is the raw zero-based epoch index
in489g2,p08,p08,0,in489g2-p08-s0,64,7.73,7.26,S0082,84,false,"`in489g1`, 12 runs, ImageNet-489 | `in489g2`, 14 runs, ImageNet-489 | Full available curve retained; registered_horizon and in_registered_plateau5_window identify the primary endpoint. Epoch observations are not independent seeds.",accuracy percent; epoch is the raw zero-based epoch index
in489g2,p08,p08,0,in489g2-p08-s0,65,7.75,7.23,S0082,84,false,"`in489g1`, 12 runs, ImageNet-489 | `in489g2`, 14 runs, ImageNet-489 | Full available curve retained; registered_horizon and in_registered_plateau5_window identify the primary endpoint. Epoch observations are not independent seeds.",accuracy percent; epoch is the raw zero-based epoch index
in489g2,p08,p08,0,in489g2-p08-s0,66,7.86,7.24,S0082,84,false,"`in489g1`, 12 runs, ImageNet-489 | `in489g2`, 14 runs, ImageNet-489 | Full available curve retained; registered_horizon and in_registered_plateau5_window identify the primary endpoint. Epoch observations are not independent seeds.",accuracy percent; epoch is the raw zero-based epoch index
in489g2,p08,p08,0,in489g2-p08-s0,67,7.78,7.2,S0082,84,false,"`in489g1`, 12 runs, ImageNet-489 | `in489g2`, 14 runs, ImageNet-489 | Full available curve retained; registered_horizon and in_registered_plateau5_window identify the primary endpoint. Epoch observations are not independent seeds.",accuracy percent; epoch is the raw zero-based epoch index
in489g2,p08,p08,0,in489g2-p08-s0,68,7.71,7.25,S0082,84,false,"`in489g1`, 12 runs, ImageNet-489 | `in489g2`, 14 runs, ImageNet-489 | Full available curve retained; registered_horizon and in_registered_plateau5_window identify the primary endpoint. Epoch observations are not independent seeds.",accuracy percent; epoch is the raw zero-based epoch index
in489g2,p08,p08,0,in489g2-p08-s0,69,7.77,7.22,S0082,84,false,"`in489g1`, 12 runs, ImageNet-489 | `in489g2`, 14 runs, ImageNet-489 | Full available curve retained; registered_horizon and in_registered_plateau5_window identify the primary endpoint. Epoch observations are not independent seeds.",accuracy percent; epoch is the raw zero-based epoch index
in489g2,p08,p08,0,in489g2-p08-s0,70,7.86,7.28,S0082,84,false,"`in489g1`, 12 runs, ImageNet-489 | `in489g2`, 14 runs, ImageNet-489 | Full available curve retained; registered_horizon and in_registered_plateau5_window identify the primary endpoint. Epoch observations are not independent seeds.",accuracy percent; epoch is the raw zero-based epoch index
in489g2,p08,p08,0,in489g2-p08-s0,71,7.83,7.23,S0082,84,false,"`in489g1`, 12 runs, ImageNet-489 | `in489g2`, 14 runs, ImageNet-489 | Full available curve retained; registered_horizon and in_registered_plateau5_window identify the primary endpoint. Epoch observations are not independent seeds.",accuracy percent; epoch is the raw zero-based epoch index
in489g2,p08,p08,0,in489g2-p08-s0,72,7.82,7.25,S0082,84,false,"`in489g1`, 12 runs, ImageNet-489 | `in489g2`, 14 runs, ImageNet-489 | Full available curve retained; registered_horizon and in_registered_plateau5_window identify the primary endpoint. Epoch observations are not independent seeds.",accuracy percent; epoch is the raw zero-based epoch index
in489g2,p08,p08,0,in489g2-p08-s0,73,7.78,7.26,S0082,84,false,"`in489g1`, 12 runs, ImageNet-489 | `in489g2`, 14 runs, ImageNet-489 | Full available curve retained; registered_horizon and in_registered_plateau5_window identify the primary endpoint. Epoch observations are not independent seeds.",accuracy percent; epoch is the raw zero-based epoch index
in489g2,p08,p08,0,in489g2-p08-s0,74,7.82,7.3,S0082,84,false,"`in489g1`, 12 runs, ImageNet-489 | `in489g2`, 14 runs, ImageNet-489 | Full available curve retained; registered_horizon and in_registered_plateau5_window identify the primary endpoint. Epoch observations are not independent seeds.",accuracy percent; epoch is the raw zero-based epoch index
in489g2,p08,p08,0,in489g2-p08-s0,75,7.73,7.26,S0082,84,false,"`in489g1`, 12 runs, ImageNet-489 | `in489g2`, 14 runs, ImageNet-489 | Full available curve retained; registered_horizon and in_registered_plateau5_window identify the primary endpoint. Epoch observations are not independent seeds.",accuracy percent; epoch is the raw zero-based epoch index
in489g2,p08,p08,0,in489g2-p08-s0,76,7.79,7.26,S0082,84,false,"`in489g1`, 12 runs, ImageNet-489 | `in489g2`, 14 runs, ImageNet-489 | Full available curve retained; registered_horizon and in_registered_plateau5_window identify the primary endpoint. Epoch observations are not independent seeds.",accuracy percent; epoch is the raw zero-based epoch index
in489g2,p08,p08,0,in489g2-p08-s0,77,7.8,7.26,S0082,84,false,"`in489g1`, 12 runs, ImageNet-489 | `in489g2`, 14 runs, ImageNet-489 | Full available curve retained; registered_horizon and in_registered_plateau5_window identify the primary endpoint. Epoch observations are not independent seeds.",accuracy percent; epoch is the raw zero-based epoch index
in489g2,p08,p08,0,in489g2-p08-s0,78,7.73,7.22,S0082,84,false,"`in489g1`, 12 runs, ImageNet-489 | `in489g2`, 14 runs, ImageNet-489 | Full available curve retained; registered_horizon and in_registered_plateau5_window identify the primary endpoint. Epoch observations are not independent seeds.",accuracy percent; epoch is the raw zero-based epoch index
in489g2,p08,p08,0,in489g2-p08-s0,79,7.82,7.26,S0082,84,true,"`in489g1`, 12 runs, ImageNet-489 | `in489g2`, 14 runs, ImageNet-489 | Full available curve retained; registered_horizon and in_registered_plateau5_window identify the primary endpoint. Epoch observations are not independent seeds.",accuracy percent; epoch is the raw zero-based epoch index
in489g2,p08,p08,0,in489g2-p08-s0,80,7.81,7.28,S0082,84,true,"`in489g1`, 12 runs, ImageNet-489 | `in489g2`, 14 runs, ImageNet-489 | Full available curve retained; registered_horizon and in_registered_plateau5_window identify the primary endpoint. Epoch observations are not independent seeds.",accuracy percent; epoch is the raw zero-based epoch index
in489g2,p08,p08,0,in489g2-p08-s0,81,7.8,7.23,S0082,84,true,"`in489g1`, 12 runs, ImageNet-489 | `in489g2`, 14 runs, ImageNet-489 | Full available curve retained; registered_horizon and in_registered_plateau5_window identify the primary endpoint. Epoch observations are not independent seeds.",accuracy percent; epoch is the raw zero-based epoch index
in489g2,p08,p08,0,in489g2-p08-s0,82,7.82,7.29,S0082,84,true,"`in489g1`, 12 runs, ImageNet-489 | `in489g2`, 14 runs, ImageNet-489 | Full available curve retained; registered_horizon and in_registered_plateau5_window identify the primary endpoint. Epoch observations are not independent seeds.",accuracy percent; epoch is the raw zero-based epoch index
in489g2,p08,p08,0,in489g2-p08-s0,83,7.86,7.26,S0082,84,true,"`in489g1`, 12 runs, ImageNet-489 | `in489g2`, 14 runs, ImageNet-489 | Full available curve retained; registered_horizon and in_registered_plateau5_window identify the primary endpoint. Epoch observations are not independent seeds.",accuracy percent; epoch is the raw zero-based epoch index
in489g2,p08,p08,1,in489g2-p08-s1,0,0.27,0.23,S0083,84,false,"`in489g1`, 12 runs, ImageNet-489 | `in489g2`, 14 runs, ImageNet-489 | Full available curve retained; registered_horizon and in_registered_plateau5_window identify the primary endpoint. Epoch observations are not independent seeds.",accuracy percent; epoch is the raw zero-based epoch index
in489g2,p08,p08,1,in489g2-p08-s1,1,0.24,0.23,S0083,84,false,"`in489g1`, 12 runs, ImageNet-489 | `in489g2`, 14 runs, ImageNet-489 | Full available curve retained; registered_horizon and in_registered_plateau5_window identify the primary endpoint. Epoch observations are not independent seeds.",accuracy percent; epoch is the raw zero-based epoch index
in489g2,p08,p08,1,in489g2-p08-s1,2,0.52,0.3,S0083,84,false,"`in489g1`, 12 runs, ImageNet-489 | `in489g2`, 14 runs, ImageNet-489 | Full available curve retained; registered_horizon and in_registered_plateau5_window identify the primary endpoint. Epoch observations are not independent seeds.",accuracy percent; epoch is the raw zero-based epoch index
in489g2,p08,p08,1,in489g2-p08-s1,3,1.86,1.08,S0083,84,false,"`in489g1`, 12 runs, ImageNet-489 | `in489g2`, 14 runs, ImageNet-489 | Full available curve retained; registered_horizon and in_registered_plateau5_window identify the primary endpoint. Epoch observations are not independent seeds.",accuracy percent; epoch is the raw zero-based epoch index
in489g2,p08,p08,1,in489g2-p08-s1,4,4.23,2.93,S0083,84,false,"`in489g1`, 12 runs, ImageNet-489 | `in489g2`, 14 runs, ImageNet-489 | Full available curve retained; registered_horizon and in_registered_plateau5_window identify the primary endpoint. Epoch observations are not independent seeds.",accuracy percent; epoch is the raw zero-based epoch index
in489g2,p08,p08,1,in489g2-p08-s1,5,6.09,4.99,S0083,84,false,"`in489g1`, 12 runs, ImageNet-489 | `in489g2`, 14 runs, ImageNet-489 | Full available curve retained; registered_horizon and in_registered_plateau5_window identify the primary endpoint. Epoch observations are not independent seeds.",accuracy percent; epoch is the raw zero-based epoch index
in489g2,p08,p08,1,in489g2-p08-s1,6,7.21,6.25,S0083,84,false,"`in489g1`, 12 runs, ImageNet-489 | `in489g2`, 14 runs, ImageNet-489 | Full available curve retained; registered_horizon and in_registered_plateau5_window identify the primary endpoint. Epoch observations are not independent seeds.",accuracy percent; epoch is the raw zero-based epoch index
in489g2,p08,p08,1,in489g2-p08-s1,7,7.71,6.95,S0083,84,false,"`in489g1`, 12 runs, ImageNet-489 | `in489g2`, 14 runs, ImageNet-489 | Full available curve retained; registered_horizon and in_registered_plateau5_window identify the primary endpoint. Epoch observations are not independent seeds.",accuracy percent; epoch is the raw zero-based epoch index
in489g2,p08,p08,1,in489g2-p08-s1,8,8.21,7.34,S0083,84,false,"`in489g1`, 12 runs, ImageNet-489 | `in489g2`, 14 runs, ImageNet-489 | Full available curve retained; registered_horizon and in_registered_plateau5_window identify the primary endpoint. Epoch observations are not independent seeds.",accuracy percent; epoch is the raw zero-based epoch index
in489g2,p08,p08,1,in489g2-p08-s1,9,8.17,7.52,S0083,84,false,"`in489g1`, 12 runs, ImageNet-489 | `in489g2`, 14 runs, ImageNet-489 | Full available curve retained; registered_horizon and in_registered_plateau5_window identify the primary endpoint. Epoch observations are not independent seeds.",accuracy percent; epoch is the raw zero-based epoch index
in489g2,p08,p08,1,in489g2-p08-s1,10,8.23,7.62,S0083,84,false,"`in489g1`, 12 runs, ImageNet-489 | `in489g2`, 14 runs, ImageNet-489 | Full available curve retained; registered_horizon and in_registered_plateau5_window identify the primary endpoint. Epoch observations are not independent seeds.",accuracy percent; epoch is the raw zero-based epoch index
in489g2,p08,p08,1,in489g2-p08-s1,11,8.28,7.71,S0083,84,false,"`in489g1`, 12 runs, ImageNet-489 | `in489g2`, 14 runs, ImageNet-489 | Full available curve retained; registered_horizon and in_registered_plateau5_window identify the primary endpoint. Epoch observations are not independent seeds.",accuracy percent; epoch is the raw zero-based epoch index
in489g2,p08,p08,1,in489g2-p08-s1,12,8.38,7.72,S0083,84,false,"`in489g1`, 12 runs, ImageNet-489 | `in489g2`, 14 runs, ImageNet-489 | Full available curve retained; registered_horizon and in_registered_plateau5_window identify the primary endpoint. Epoch observations are not independent seeds.",accuracy percent; epoch is the raw zero-based epoch index
in489g2,p08,p08,1,in489g2-p08-s1,13,8.43,7.76,S0083,84,false,"`in489g1`, 12 runs, ImageNet-489 | `in489g2`, 14 runs, ImageNet-489 | Full available curve retained; registered_horizon and in_registered_plateau5_window identify the primary endpoint. Epoch observations are not independent seeds.",accuracy percent; epoch is the raw zero-based epoch index
in489g2,p08,p08,1,in489g2-p08-s1,14,8.36,7.76,S0083,84,false,"`in489g1`, 12 runs, ImageNet-489 | `in489g2`, 14 runs, ImageNet-489 | Full available curve retained; registered_horizon and in_registered_plateau5_window identify the primary endpoint. Epoch observations are not independent seeds.",accuracy percent; epoch is the raw zero-based epoch index
in489g2,p08,p08,1,in489g2-p08-s1,15,8.27,7.79,S0083,84,false,"`in489g1`, 12 runs, ImageNet-489 | `in489g2`, 14 runs, ImageNet-489 | Full available curve retained; registered_horizon and in_registered_plateau5_window identify the primary endpoint. Epoch observations are not independent seeds.",accuracy percent; epoch is the raw zero-based epoch index
in489g2,p08,p08,1,in489g2-p08-s1,16,8.25,7.74,S0083,84,false,"`in489g1`, 12 runs, ImageNet-489 | `in489g2`, 14 runs, ImageNet-489 | Full available curve retained; registered_horizon and in_registered_plateau5_window identify the primary endpoint. Epoch observations are not independent seeds.",accuracy percent; epoch is the raw zero-based epoch index
in489g2,p08,p08,1,in489g2-p08-s1,17,8.37,7.81,S0083,84,false,"`in489g1`, 12 runs, ImageNet-489 | `in489g2`, 14 runs, ImageNet-489 | Full available curve retained; registered_horizon and in_registered_plateau5_window identify the primary endpoint. Epoch observations are not independent seeds.",accuracy percent; epoch is the raw zero-based epoch index
in489g2,p08,p08,1,in489g2-p08-s1,18,8.38,7.81,S0083,84,false,"`in489g1`, 12 runs, ImageNet-489 | `in489g2`, 14 runs, ImageNet-489 | Full available curve retained; registered_horizon and in_registered_plateau5_window identify the primary endpoint. Epoch observations are not independent seeds.",accuracy percent; epoch is the raw zero-based epoch index
in489g2,p08,p08,1,in489g2-p08-s1,19,8.41,7.79,S0083,84,false,"`in489g1`, 12 runs, ImageNet-489 | `in489g2`, 14 runs, ImageNet-489 | Full available curve retained; registered_horizon and in_registered_plateau5_window identify the primary endpoint. Epoch observations are not independent seeds.",accuracy percent; epoch is the raw zero-based epoch index
in489g2,p08,p08,1,in489g2-p08-s1,20,8.47,7.81,S0083,84,false,"`in489g1`, 12 runs, ImageNet-489 | `in489g2`, 14 runs, ImageNet-489 | Full available curve retained; registered_horizon and in_registered_plateau5_window identify the primary endpoint. Epoch observations are not independent seeds.",accuracy percent; epoch is the raw zero-based epoch index
in489g2,p08,p08,1,in489g2-p08-s1,21,8.36,7.8,S0083,84,false,"`in489g1`, 12 runs, ImageNet-489 | `in489g2`, 14 runs, ImageNet-489 | Full available curve retained; registered_horizon and in_registered_plateau5_window identify the primary endpoint. Epoch observations are not independent seeds.",accuracy percent; epoch is the raw zero-based epoch index
in489g2,p08,p08,1,in489g2-p08-s1,22,8.42,7.81,S0083,84,false,"`in489g1`, 12 runs, ImageNet-489 | `in489g2`, 14 runs, ImageNet-489 | Full available curve retained; registered_horizon and in_registered_plateau5_window identify the primary endpoint. Epoch observations are not independent seeds.",accuracy percent; epoch is the raw zero-based epoch index
in489g2,p08,p08,1,in489g2-p08-s1,23,8.47,7.78,S0083,84,false,"`in489g1`, 12 runs, ImageNet-489 | `in489g2`, 14 runs, ImageNet-489 | Full available curve retained; registered_horizon and in_registered_plateau5_window identify the primary endpoint. Epoch observations are not independent seeds.",accuracy percent; epoch is the raw zero-based epoch index
in489g2,p08,p08,1,in489g2-p08-s1,24,8.22,7.84,S0083,84,false,"`in489g1`, 12 runs, ImageNet-489 | `in489g2`, 14 runs, ImageNet-489 | Full available curve retained; registered_horizon and in_registered_plateau5_window identify the primary endpoint. Epoch observations are not independent seeds.",accuracy percent; epoch is the raw zero-based epoch index
in489g2,p08,p08,1,in489g2-p08-s1,25,8.39,7.79,S0083,84,false,"`in489g1`, 12 runs, ImageNet-489 | `in489g2`, 14 runs, ImageNet-489 | Full available curve retained; registered_horizon and in_registered_plateau5_window identify the primary endpoint. Epoch observations are not independent seeds.",accuracy percent; epoch is the raw zero-based epoch index
in489g2,p08,p08,1,in489g2-p08-s1,26,8.3,7.8,S0083,84,false,"`in489g1`, 12 runs, ImageNet-489 | `in489g2`, 14 runs, ImageNet-489 | Full available curve retained; registered_horizon and in_registered_plateau5_window identify the primary endpoint. Epoch observations are not independent seeds.",accuracy percent; epoch is the raw zero-based epoch index
in489g2,p08,p08,1,in489g2-p08-s1,27,8.44,7.84,S0083,84,false,"`in489g1`, 12 runs, ImageNet-489 | `in489g2`, 14 runs, ImageNet-489 | Full available curve retained; registered_horizon and in_registered_plateau5_window identify the primary endpoint. Epoch observations are not independent seeds.",accuracy percent; epoch is the raw zero-based epoch index
in489g2,p08,p08,1,in489g2-p08-s1,28,8.45,7.78,S0083,84,false,"`in489g1`, 12 runs, ImageNet-489 | `in489g2`, 14 runs, ImageNet-489 | Full available curve retained; registered_horizon and in_registered_plateau5_window identify the primary endpoint. Epoch observations are not independent seeds.",accuracy percent; epoch is the raw zero-based epoch index
in489g2,p08,p08,1,in489g2-p08-s1,29,8.39,7.82,S0083,84,false,"`in489g1`, 12 runs, ImageNet-489 | `in489g2`, 14 runs, ImageNet-489 | Full available curve retained; registered_horizon and in_registered_plateau5_window identify the primary endpoint. Epoch observations are not independent seeds.",accuracy percent; epoch is the raw zero-based epoch index
in489g2,p08,p08,1,in489g2-p08-s1,30,8.39,7.8,S0083,84,false,"`in489g1`, 12 runs, ImageNet-489 | `in489g2`, 14 runs, ImageNet-489 | Full available curve retained; registered_horizon and in_registered_plateau5_window identify the primary endpoint. Epoch observations are not independent seeds.",accuracy percent; epoch is the raw zero-based epoch index
in489g2,p08,p08,1,in489g2-p08-s1,31,8.43,7.78,S0083,84,false,"`in489g1`, 12 runs, ImageNet-489 | `in489g2`, 14 runs, ImageNet-489 | Full available curve retained; registered_horizon and in_registered_plateau5_window identify the primary endpoint. Epoch observations are not independent seeds.",accuracy percent; epoch is the raw zero-based epoch index
in489g2,p08,p08,1,in489g2-p08-s1,32,8.43,7.87,S0083,84,false,"`in489g1`, 12 runs, ImageNet-489 | `in489g2`, 14 runs, ImageNet-489 | Full available curve retained; registered_horizon and in_registered_plateau5_window identify the primary endpoint. Epoch observations are not independent seeds.",accuracy percent; epoch is the raw zero-based epoch index
in489g2,p08,p08,1,in489g2-p08-s1,33,8.38,7.87,S0083,84,false,"`in489g1`, 12 runs, ImageNet-489 | `in489g2`, 14 runs, ImageNet-489 | Full available curve retained; registered_horizon and in_registered_plateau5_window identify the primary endpoint. Epoch observations are not independent seeds.",accuracy percent; epoch is the raw zero-based epoch index
in489g2,p08,p08,1,in489g2-p08-s1,34,8.5,7.85,S0083,84,false,"`in489g1`, 12 runs, ImageNet-489 | `in489g2`, 14 runs, ImageNet-489 | Full available curve retained; registered_horizon and in_registered_plateau5_window identify the primary endpoint. Epoch observations are not independent seeds.",accuracy percent; epoch is the raw zero-based epoch index
in489g2,p08,p08,1,in489g2-p08-s1,35,8.43,7.81,S0083,84,false,"`in489g1`, 12 runs, ImageNet-489 | `in489g2`, 14 runs, ImageNet-489 | Full available curve retained; registered_horizon and in_registered_plateau5_window identify the primary endpoint. Epoch observations are not independent seeds.",accuracy percent; epoch is the raw zero-based epoch index
in489g2,p08,p08,1,in489g2-p08-s1,36,8.34,7.85,S0083,84,false,"`in489g1`, 12 runs, ImageNet-489 | `in489g2`, 14 runs, ImageNet-489 | Full available curve retained; registered_horizon and in_registered_plateau5_window identify the primary endpoint. Epoch observations are not independent seeds.",accuracy percent; epoch is the raw zero-based epoch index
in489g2,p08,p08,1,in489g2-p08-s1,37,8.43,7.83,S0083,84,false,"`in489g1`, 12 runs, ImageNet-489 | `in489g2`, 14 runs, ImageNet-489 | Full available curve retained; registered_horizon and in_registered_plateau5_window identify the primary endpoint. Epoch observations are not independent seeds.",accuracy percent; epoch is the raw zero-based epoch index
in489g2,p08,p08,1,in489g2-p08-s1,38,8.45,7.82,S0083,84,false,"`in489g1`, 12 runs, ImageNet-489 | `in489g2`, 14 runs, ImageNet-489 | Full available curve retained; registered_horizon and in_registered_plateau5_window identify the primary endpoint. Epoch observations are not independent seeds.",accuracy percent; epoch is the raw zero-based epoch index
in489g2,p08,p08,1,in489g2-p08-s1,39,8.41,7.78,S0083,84,false,"`in489g1`, 12 runs, ImageNet-489 | `in489g2`, 14 runs, ImageNet-489 | Full available curve retained; registered_horizon and in_registered_plateau5_window identify the primary endpoint. Epoch observations are not independent seeds.",accuracy percent; epoch is the raw zero-based epoch index
in489g2,p08,p08,1,in489g2-p08-s1,40,8.48,7.85,S0083,84,false,"`in489g1`, 12 runs, ImageNet-489 | `in489g2`, 14 runs, ImageNet-489 | Full available curve retained; registered_horizon and in_registered_plateau5_window identify the primary endpoint. Epoch observations are not independent seeds.",accuracy percent; epoch is the raw zero-based epoch index
in489g2,p08,p08,1,in489g2-p08-s1,41,8.47,7.89,S0083,84,false,"`in489g1`, 12 runs, ImageNet-489 | `in489g2`, 14 runs, ImageNet-489 | Full available curve retained; registered_horizon and in_registered_plateau5_window identify the primary endpoint. Epoch observations are not independent seeds.",accuracy percent; epoch is the raw zero-based epoch index
in489g2,p08,p08,1,in489g2-p08-s1,42,8.39,7.8,S0083,84,false,"`in489g1`, 12 runs, ImageNet-489 | `in489g2`, 14 runs, ImageNet-489 | Full available curve retained; registered_horizon and in_registered_plateau5_window identify the primary endpoint. Epoch observations are not independent seeds.",accuracy percent; epoch is the raw zero-based epoch index
in489g2,p08,p08,1,in489g2-p08-s1,43,8.34,7.87,S0083,84,false,"`in489g1`, 12 runs, ImageNet-489 | `in489g2`, 14 runs, ImageNet-489 | Full available curve retained; registered_horizon and in_registered_plateau5_window identify the primary endpoint. Epoch observations are not independent seeds.",accuracy percent; epoch is the raw zero-based epoch index
in489g2,p08,p08,1,in489g2-p08-s1,44,8.39,7.83,S0083,84,false,"`in489g1`, 12 runs, ImageNet-489 | `in489g2`, 14 runs, ImageNet-489 | Full available curve retained; registered_horizon and in_registered_plateau5_window identify the primary endpoint. Epoch observations are not independent seeds.",accuracy percent; epoch is the raw zero-based epoch index
in489g2,p08,p08,1,in489g2-p08-s1,45,8.45,7.89,S0083,84,false,"`in489g1`, 12 runs, ImageNet-489 | `in489g2`, 14 runs, ImageNet-489 | Full available curve retained; registered_horizon and in_registered_plateau5_window identify the primary endpoint. Epoch observations are not independent seeds.",accuracy percent; epoch is the raw zero-based epoch index
in489g2,p08,p08,1,in489g2-p08-s1,46,8.47,7.85,S0083,84,false,"`in489g1`, 12 runs, ImageNet-489 | `in489g2`, 14 runs, ImageNet-489 | Full available curve retained; registered_horizon and in_registered_plateau5_window identify the primary endpoint. Epoch observations are not independent seeds.",accuracy percent; epoch is the raw zero-based epoch index
in489g2,p08,p08,1,in489g2-p08-s1,47,8.48,7.82,S0083,84,false,"`in489g1`, 12 runs, ImageNet-489 | `in489g2`, 14 runs, ImageNet-489 | Full available curve retained; registered_horizon and in_registered_plateau5_window identify the primary endpoint. Epoch observations are not independent seeds.",accuracy percent; epoch is the raw zero-based epoch index
in489g2,p08,p08,1,in489g2-p08-s1,48,8.43,7.85,S0083,84,false,"`in489g1`, 12 runs, ImageNet-489 | `in489g2`, 14 runs, ImageNet-489 | Full available curve retained; registered_horizon and in_registered_plateau5_window identify the primary endpoint. Epoch observations are not independent seeds.",accuracy percent; epoch is the raw zero-based epoch index
in489g2,p08,p08,1,in489g2-p08-s1,49,8.49,7.85,S0083,84,false,"`in489g1`, 12 runs, ImageNet-489 | `in489g2`, 14 runs, ImageNet-489 | Full available curve retained; registered_horizon and in_registered_plateau5_window identify the primary endpoint. Epoch observations are not independent seeds.",accuracy percent; epoch is the raw zero-based epoch index
in489g2,p08,p08,1,in489g2-p08-s1,50,8.53,7.84,S0083,84,false,"`in489g1`, 12 runs, ImageNet-489 | `in489g2`, 14 runs, ImageNet-489 | Full available curve retained; registered_horizon and in_registered_plateau5_window identify the primary endpoint. Epoch observations are not independent seeds.",accuracy percent; epoch is the raw zero-based epoch index
in489g2,p08,p08,1,in489g2-p08-s1,51,8.4,7.83,S0083,84,false,"`in489g1`, 12 runs, ImageNet-489 | `in489g2`, 14 runs, ImageNet-489 | Full available curve retained; registered_horizon and in_registered_plateau5_window identify the primary endpoint. Epoch observations are not independent seeds.",accuracy percent; epoch is the raw zero-based epoch index
in489g2,p08,p08,1,in489g2-p08-s1,52,8.41,7.85,S0083,84,false,"`in489g1`, 12 runs, ImageNet-489 | `in489g2`, 14 runs, ImageNet-489 | Full available curve retained; registered_horizon and in_registered_plateau5_window identify the primary endpoint. Epoch observations are not independent seeds.",accuracy percent; epoch is the raw zero-based epoch index
in489g2,p08,p08,1,in489g2-p08-s1,53,8.44,7.89,S0083,84,false,"`in489g1`, 12 runs, ImageNet-489 | `in489g2`, 14 runs, ImageNet-489 | Full available curve retained; registered_horizon and in_registered_plateau5_window identify the primary endpoint. Epoch observations are not independent seeds.",accuracy percent; epoch is the raw zero-based epoch index
in489g2,p08,p08,1,in489g2-p08-s1,54,8.29,7.82,S0083,84,false,"`in489g1`, 12 runs, ImageNet-489 | `in489g2`, 14 runs, ImageNet-489 | Full available curve retained; registered_horizon and in_registered_plateau5_window identify the primary endpoint. Epoch observations are not independent seeds.",accuracy percent; epoch is the raw zero-based epoch index
in489g2,p08,p08,1,in489g2-p08-s1,55,8.4,7.83,S0083,84,false,"`in489g1`, 12 runs, ImageNet-489 | `in489g2`, 14 runs, ImageNet-489 | Full available curve retained; registered_horizon and in_registered_plateau5_window identify the primary endpoint. Epoch observations are not independent seeds.",accuracy percent; epoch is the raw zero-based epoch index
in489g2,p08,p08,1,in489g2-p08-s1,56,8.43,7.87,S0083,84,false,"`in489g1`, 12 runs, ImageNet-489 | `in489g2`, 14 runs, ImageNet-489 | Full available curve retained; registered_horizon and in_registered_plateau5_window identify the primary endpoint. Epoch observations are not independent seeds.",accuracy percent; epoch is the raw zero-based epoch index
in489g2,p08,p08,1,in489g2-p08-s1,57,8.38,7.86,S0083,84,false,"`in489g1`, 12 runs, ImageNet-489 | `in489g2`, 14 runs, ImageNet-489 | Full available curve retained; registered_horizon and in_registered_plateau5_window identify the primary endpoint. Epoch observations are not independent seeds.",accuracy percent; epoch is the raw zero-based epoch index
in489g2,p08,p08,1,in489g2-p08-s1,58,8.52,7.91,S0083,84,false,"`in489g1`, 12 runs, ImageNet-489 | `in489g2`, 14 runs, ImageNet-489 | Full available curve retained; registered_horizon and in_registered_plateau5_window identify the primary endpoint. Epoch observations are not independent seeds.",accuracy percent; epoch is the raw zero-based epoch index
in489g2,p08,p08,1,in489g2-p08-s1,59,8.38,7.82,S0083,84,false,"`in489g1`, 12 runs, ImageNet-489 | `in489g2`, 14 runs, ImageNet-489 | Full available curve retained; registered_horizon and in_registered_plateau5_window identify the primary endpoint. Epoch observations are not independent seeds.",accuracy percent; epoch is the raw zero-based epoch index
in489g2,p08,p08,1,in489g2-p08-s1,60,8.54,7.85,S0083,84,false,"`in489g1`, 12 runs, ImageNet-489 | `in489g2`, 14 runs, ImageNet-489 | Full available curve retained; registered_horizon and in_registered_plateau5_window identify the primary endpoint. Epoch observations are not independent seeds.",accuracy percent; epoch is the raw zero-based epoch index
in489g2,p08,p08,1,in489g2-p08-s1,61,8.5,7.87,S0083,84,false,"`in489g1`, 12 runs, ImageNet-489 | `in489g2`, 14 runs, ImageNet-489 | Full available curve retained; registered_horizon and in_registered_plateau5_window identify the primary endpoint. Epoch observations are not independent seeds.",accuracy percent; epoch is the raw zero-based epoch index
in489g2,p08,p08,1,in489g2-p08-s1,62,8.55,7.87,S0083,84,false,"`in489g1`, 12 runs, ImageNet-489 | `in489g2`, 14 runs, ImageNet-489 | Full available curve retained; registered_horizon and in_registered_plateau5_window identify the primary endpoint. Epoch observations are not independent seeds.",accuracy percent; epoch is the raw zero-based epoch index
in489g2,p08,p08,1,in489g2-p08-s1,63,8.39,7.86,S0083,84,false,"`in489g1`, 12 runs, ImageNet-489 | `in489g2`, 14 runs, ImageNet-489 | Full available curve retained; registered_horizon and in_registered_plateau5_window identify the primary endpoint. Epoch observations are not independent seeds.",accuracy percent; epoch is the raw zero-based epoch index
in489g2,p08,p08,1,in489g2-p08-s1,64,8.49,7.87,S0083,84,false,"`in489g1`, 12 runs, ImageNet-489 | `in489g2`, 14 runs, ImageNet-489 | Full available curve retained; registered_horizon and in_registered_plateau5_window identify the primary endpoint. Epoch observations are not independent seeds.",accuracy percent; epoch is the raw zero-based epoch index
in489g2,p08,p08,1,in489g2-p08-s1,65,8.3,7.9,S0083,84,false,"`in489g1`, 12 runs, ImageNet-489 | `in489g2`, 14 runs, ImageNet-489 | Full available curve retained; registered_horizon and in_registered_plateau5_window identify the primary endpoint. Epoch observations are not independent seeds.",accuracy percent; epoch is the raw zero-based epoch index
in489g2,p08,p08,1,in489g2-p08-s1,66,8.49,7.9,S0083,84,false,"`in489g1`, 12 runs, ImageNet-489 | `in489g2`, 14 runs, ImageNet-489 | Full available curve retained; registered_horizon and in_registered_plateau5_window identify the primary endpoint. Epoch observations are not independent seeds.",accuracy percent; epoch is the raw zero-based epoch index
in489g2,p08,p08,1,in489g2-p08-s1,67,8.45,7.88,S0083,84,false,"`in489g1`, 12 runs, ImageNet-489 | `in489g2`, 14 runs, ImageNet-489 | Full available curve retained; registered_horizon and in_registered_plateau5_window identify the primary endpoint. Epoch observations are not independent seeds.",accuracy percent; epoch is the raw zero-based epoch index
in489g2,p08,p08,1,in489g2-p08-s1,68,8.5,7.88,S0083,84,false,"`in489g1`, 12 runs, ImageNet-489 | `in489g2`, 14 runs, ImageNet-489 | Full available curve retained; registered_horizon and in_registered_plateau5_window identify the primary endpoint. Epoch observations are not independent seeds.",accuracy percent; epoch is the raw zero-based epoch index
in489g2,p08,p08,1,in489g2-p08-s1,69,8.53,7.91,S0083,84,false,"`in489g1`, 12 runs, ImageNet-489 | `in489g2`, 14 runs, ImageNet-489 | Full available curve retained; registered_horizon and in_registered_plateau5_window identify the primary endpoint. Epoch observations are not independent seeds.",accuracy percent; epoch is the raw zero-based epoch index
in489g2,p08,p08,1,in489g2-p08-s1,70,8.47,7.86,S0083,84,false,"`in489g1`, 12 runs, ImageNet-489 | `in489g2`, 14 runs, ImageNet-489 | Full available curve retained; registered_horizon and in_registered_plateau5_window identify the primary endpoint. Epoch observations are not independent seeds.",accuracy percent; epoch is the raw zero-based epoch index
in489g2,p08,p08,1,in489g2-p08-s1,71,8.43,7.88,S0083,84,false,"`in489g1`, 12 runs, ImageNet-489 | `in489g2`, 14 runs, ImageNet-489 | Full available curve retained; registered_horizon and in_registered_plateau5_window identify the primary endpoint. Epoch observations are not independent seeds.",accuracy percent; epoch is the raw zero-based epoch index
in489g2,p08,p08,1,in489g2-p08-s1,72,8.5,7.89,S0083,84,false,"`in489g1`, 12 runs, ImageNet-489 | `in489g2`, 14 runs, ImageNet-489 | Full available curve retained; registered_horizon and in_registered_plateau5_window identify the primary endpoint. Epoch observations are not independent seeds.",accuracy percent; epoch is the raw zero-based epoch index
in489g2,p08,p08,1,in489g2-p08-s1,73,8.5,7.89,S0083,84,false,"`in489g1`, 12 runs, ImageNet-489 | `in489g2`, 14 runs, ImageNet-489 | Full available curve retained; registered_horizon and in_registered_plateau5_window identify the primary endpoint. Epoch observations are not independent seeds.",accuracy percent; epoch is the raw zero-based epoch index
in489g2,p08,p08,1,in489g2-p08-s1,74,8.45,7.87,S0083,84,false,"`in489g1`, 12 runs, ImageNet-489 | `in489g2`, 14 runs, ImageNet-489 | Full available curve retained; registered_horizon and in_registered_plateau5_window identify the primary endpoint. Epoch observations are not independent seeds.",accuracy percent; epoch is the raw zero-based epoch index
in489g2,p08,p08,1,in489g2-p08-s1,75,8.49,7.88,S0083,84,false,"`in489g1`, 12 runs, ImageNet-489 | `in489g2`, 14 runs, ImageNet-489 | Full available curve retained; registered_horizon and in_registered_plateau5_window identify the primary endpoint. Epoch observations are not independent seeds.",accuracy percent; epoch is the raw zero-based epoch index
in489g2,p08,p08,1,in489g2-p08-s1,76,8.45,7.87,S0083,84,false,"`in489g1`, 12 runs, ImageNet-489 | `in489g2`, 14 runs, ImageNet-489 | Full available curve retained; registered_horizon and in_registered_plateau5_window identify the primary endpoint. Epoch observations are not independent seeds.",accuracy percent; epoch is the raw zero-based epoch index
in489g2,p08,p08,1,in489g2-p08-s1,77,8.39,7.91,S0083,84,false,"`in489g1`, 12 runs, ImageNet-489 | `in489g2`, 14 runs, ImageNet-489 | Full available curve retained; registered_horizon and in_registered_plateau5_window identify the primary endpoint. Epoch observations are not independent seeds.",accuracy percent; epoch is the raw zero-based epoch index
in489g2,p08,p08,1,in489g2-p08-s1,78,8.43,7.89,S0083,84,false,"`in489g1`, 12 runs, ImageNet-489 | `in489g2`, 14 runs, ImageNet-489 | Full available curve retained; registered_horizon and in_registered_plateau5_window identify the primary endpoint. Epoch observations are not independent seeds.",accuracy percent; epoch is the raw zero-based epoch index
in489g2,p08,p08,1,in489g2-p08-s1,79,8.52,7.88,S0083,84,true,"`in489g1`, 12 runs, ImageNet-489 | `in489g2`, 14 runs, ImageNet-489 | Full available curve retained; registered_horizon and in_registered_plateau5_window identify the primary endpoint. Epoch observations are not independent seeds.",accuracy percent; epoch is the raw zero-based epoch index
in489g2,p08,p08,1,in489g2-p08-s1,80,8.54,7.89,S0083,84,true,"`in489g1`, 12 runs, ImageNet-489 | `in489g2`, 14 runs, ImageNet-489 | Full available curve retained; registered_horizon and in_registered_plateau5_window identify the primary endpoint. Epoch observations are not independent seeds.",accuracy percent; epoch is the raw zero-based epoch index
in489g2,p08,p08,1,in489g2-p08-s1,81,8.52,7.86,S0083,84,true,"`in489g1`, 12 runs, ImageNet-489 | `in489g2`, 14 runs, ImageNet-489 | Full available curve retained; registered_horizon and in_registered_plateau5_window identify the primary endpoint. Epoch observations are not independent seeds.",accuracy percent; epoch is the raw zero-based epoch index
in489g2,p08,p08,1,in489g2-p08-s1,82,8.55,7.92,S0083,84,true,"`in489g1`, 12 runs, ImageNet-489 | `in489g2`, 14 runs, ImageNet-489 | Full available curve retained; registered_horizon and in_registered_plateau5_window identify the primary endpoint. Epoch observations are not independent seeds.",accuracy percent; epoch is the raw zero-based epoch index
in489g2,p08,p08,1,in489g2-p08-s1,83,8.63,7.91,S0083,84,true,"`in489g1`, 12 runs, ImageNet-489 | `in489g2`, 14 runs, ImageNet-489 | Full available curve retained; registered_horizon and in_registered_plateau5_window identify the primary endpoint. Epoch observations are not independent seeds.",accuracy percent; epoch is the raw zero-based epoch index
