arm,seed,n_probe_records,source_ids,index_1based,name,numel,carrier,originally_named,phase,n_records,mean_signed_L,mean_absolute_L,median_absolute_L,down_vote_fraction,up_vote_fraction,scope,units
sc,18,500,S0587,1,conv1.weight,1728,false,false,all,500,-0.00426336915190543,0.00929635233185488,0.00721365482313558,0.304,0.696,"`ctd1`, 6 runs, 100 ep | Scalar all/pinned/unpinned phases are retained. Layerwise exports all records only: the input's duplicate 'unpinned' alias is not a physical layerwise phase. Positive L lowers beta.",Lion direction units; vote fractions; record counts
sc,18,500,S0587,1,conv1.weight,1728,false,false,pinned,314,-0.00567107239037761,0.0112269253995541,0.0091013279510662,0.340764331210191,0.659235668789809,"`ctd1`, 6 runs, 100 ep | Scalar all/pinned/unpinned phases are retained. Layerwise exports all records only: the input's duplicate 'unpinned' alias is not a physical layerwise phase. Positive L lowers beta.",Lion direction units; vote fractions; record counts
sc,18,500,S0587,1,conv1.weight,1728,false,false,unpinned,186,-0.00188692389986101,0.00603721285197557,0.00252770367078483,0.241935483870968,0.758064516129032,"`ctd1`, 6 runs, 100 ep | Scalar all/pinned/unpinned phases are retained. Layerwise exports all records only: the input's duplicate 'unpinned' alias is not a physical layerwise phase. Positive L lowers beta.",Lion direction units; vote fractions; record counts
sc,18,500,S0587,2,bn1.weight,64,false,false,all,500,-0.00573979202956236,0.00596014426828676,0.00554119993466884,0.098,0.902,"`ctd1`, 6 runs, 100 ep | Scalar all/pinned/unpinned phases are retained. Layerwise exports all records only: the input's duplicate 'unpinned' alias is not a physical layerwise phase. Positive L lowers beta.",Lion direction units; vote fractions; record counts
sc,18,500,S0587,2,bn1.weight,64,false,false,pinned,314,-0.00744704934731811,0.00755639884436506,0.00684529473073781,0.0477707006369427,0.952229299363057,"`ctd1`, 6 runs, 100 ep | Scalar all/pinned/unpinned phases are retained. Layerwise exports all records only: the input's duplicate 'unpinned' alias is not a physical layerwise phase. Positive L lowers beta.",Lion direction units; vote fractions; record counts
sc,18,500,S0587,2,bn1.weight,64,false,false,unpinned,186,-0.00285764795550157,0.00326539191942339,0.0017287403868977,0.182795698924731,0.817204301075269,"`ctd1`, 6 runs, 100 ep | Scalar all/pinned/unpinned phases are retained. Layerwise exports all records only: the input's duplicate 'unpinned' alias is not a physical layerwise phase. Positive L lowers beta.",Lion direction units; vote fractions; record counts
sc,18,500,S0587,3,bn1.bias,64,false,false,all,500,1.00902366708157e-05,5.78578156397965e-05,4.14884139900096e-05,0.488,0.51,"`ctd1`, 6 runs, 100 ep | Scalar all/pinned/unpinned phases are retained. Layerwise exports all records only: the input's duplicate 'unpinned' alias is not a physical layerwise phase. Positive L lowers beta.",Lion direction units; vote fractions; record counts
sc,18,500,S0587,3,bn1.bias,64,false,false,pinned,314,2.74728063707779e-05,6.21510892111114e-05,5.11531755364558e-05,0.652866242038217,0.347133757961783,"`ctd1`, 6 runs, 100 ep | Scalar all/pinned/unpinned phases are retained. Layerwise exports all records only: the input's duplicate 'unpinned' alias is not a physical layerwise phase. Positive L lowers beta.",Lion direction units; vote fractions; record counts
sc,18,500,S0587,3,bn1.bias,64,false,false,unpinned,186,-1.92545315323464e-05,5.06100312237057e-05,1.87475856364472e-05,0.209677419354839,0.78494623655914,"`ctd1`, 6 runs, 100 ep | Scalar all/pinned/unpinned phases are retained. Layerwise exports all records only: the input's duplicate 'unpinned' alias is not a physical layerwise phase. Positive L lowers beta.",Lion direction units; vote fractions; record counts
sc,18,500,S0587,4,layer1.0.conv1.weight,36864,false,false,all,500,-0.0130553313636678,0.0138419914628137,0.0148012726567686,0.054,0.946,"`ctd1`, 6 runs, 100 ep | Scalar all/pinned/unpinned phases are retained. Layerwise exports all records only: the input's duplicate 'unpinned' alias is not a physical layerwise phase. Positive L lowers beta.",Lion direction units; vote fractions; record counts
sc,18,500,S0587,4,layer1.0.conv1.weight,36864,false,false,pinned,314,-0.016792282126666,0.0168716757347701,0.0169194920919836,0.0127388535031847,0.987261146496815,"`ctd1`, 6 runs, 100 ep | Scalar all/pinned/unpinned phases are retained. Layerwise exports all records only: the input's duplicate 'unpinned' alias is not a physical layerwise phase. Positive L lowers beta.",Lion direction units; vote fractions; record counts
sc,18,500,S0587,4,layer1.0.conv1.weight,36864,false,false,unpinned,186,-0.0067467155594665,0.00872736317574766,0.00653511418495327,0.123655913978495,0.876344086021505,"`ctd1`, 6 runs, 100 ep | Scalar all/pinned/unpinned phases are retained. Layerwise exports all records only: the input's duplicate 'unpinned' alias is not a physical layerwise phase. Positive L lowers beta.",Lion direction units; vote fractions; record counts
sc,18,500,S0587,5,layer1.0.bn1.weight,64,false,false,all,500,-3.74023484142076e-05,6.24556481710674e-05,4.93384396577312e-05,0.236,0.764,"`ctd1`, 6 runs, 100 ep | Scalar all/pinned/unpinned phases are retained. Layerwise exports all records only: the input's duplicate 'unpinned' alias is not a physical layerwise phase. Positive L lowers beta.",Lion direction units; vote fractions; record counts
sc,18,500,S0587,5,layer1.0.bn1.weight,64,false,false,pinned,314,-4.34663316957829e-05,7.62700725538194e-05,6.54025750009168e-05,0.292993630573248,0.707006369426752,"`ctd1`, 6 runs, 100 ep | Scalar all/pinned/unpinned phases are retained. Layerwise exports all records only: the input's duplicate 'unpinned' alias is not a physical layerwise phase. Positive L lowers beta.",Lion direction units; vote fractions; record counts
sc,18,500,S0587,5,layer1.0.bn1.weight,64,false,false,unpinned,186,-2.71653013689676e-05,3.91345231378194e-05,1.05811290836755e-05,0.139784946236559,0.860215053763441,"`ctd1`, 6 runs, 100 ep | Scalar all/pinned/unpinned phases are retained. Layerwise exports all records only: the input's duplicate 'unpinned' alias is not a physical layerwise phase. Positive L lowers beta.",Lion direction units; vote fractions; record counts
sc,18,500,S0587,6,layer1.0.bn1.bias,64,false,false,all,500,-1.27548123208049e-05,1.80359636547361e-05,1.26019583149173e-05,0.208,0.79,"`ctd1`, 6 runs, 100 ep | Scalar all/pinned/unpinned phases are retained. Layerwise exports all records only: the input's duplicate 'unpinned' alias is not a physical layerwise phase. Positive L lowers beta.",Lion direction units; vote fractions; record counts
sc,18,500,S0587,6,layer1.0.bn1.bias,64,false,false,pinned,314,-1.63095155603427e-05,2.22153708647334e-05,1.92176463997384e-05,0.226114649681529,0.773885350318471,"`ctd1`, 6 runs, 100 ep | Scalar all/pinned/unpinned phases are retained. Layerwise exports all records only: the input's duplicate 'unpinned' alias is not a physical layerwise phase. Positive L lowers beta.",Lion direction units; vote fractions; record counts
sc,18,500,S0587,6,layer1.0.bn1.bias,64,false,false,unpinned,186,-6.75386169061726e-06,1.09804052464611e-05,4.03480422050961e-06,0.17741935483871,0.817204301075269,"`ctd1`, 6 runs, 100 ep | Scalar all/pinned/unpinned phases are retained. Layerwise exports all records only: the input's duplicate 'unpinned' alias is not a physical layerwise phase. Positive L lowers beta.",Lion direction units; vote fractions; record counts
sc,18,500,S0587,7,layer1.0.conv2.weight,36864,false,false,all,500,-0.0135939139474189,0.0138132891683321,0.0152291561011225,0.032,0.968,"`ctd1`, 6 runs, 100 ep | Scalar all/pinned/unpinned phases are retained. Layerwise exports all records only: the input's duplicate 'unpinned' alias is not a physical layerwise phase. Positive L lowers beta.",Lion direction units; vote fractions; record counts
sc,18,500,S0587,7,layer1.0.conv2.weight,36864,false,false,pinned,314,-0.0172855767873739,0.0172855767873739,0.0172923182137311,0,1,"`ctd1`, 6 runs, 100 ep | Scalar all/pinned/unpinned phases are retained. Layerwise exports all records only: the input's duplicate 'unpinned' alias is not a physical layerwise phase. Positive L lowers beta.",Lion direction units; vote fractions; record counts
sc,18,500,S0587,7,layer1.0.conv2.weight,36864,false,false,unpinned,186,-0.00736175194878524,0.00795147028457343,0.00520601911703125,0.0860215053763441,0.913978494623656,"`ctd1`, 6 runs, 100 ep | Scalar all/pinned/unpinned phases are retained. Layerwise exports all records only: the input's duplicate 'unpinned' alias is not a physical layerwise phase. Positive L lowers beta.",Lion direction units; vote fractions; record counts
sc,18,500,S0587,8,layer1.0.bn2.weight,64,false,false,all,500,0.0007980863231123,0.00284885635768422,0.00225445803371258,0.546,0.454,"`ctd1`, 6 runs, 100 ep | Scalar all/pinned/unpinned phases are retained. Layerwise exports all records only: the input's duplicate 'unpinned' alias is not a physical layerwise phase. Positive L lowers beta.",Lion direction units; vote fractions; record counts
sc,18,500,S0587,8,layer1.0.bn2.weight,64,false,false,pinned,314,0.00124086688472883,0.00356003759114486,0.00304288498591632,0.598726114649682,0.401273885350318,"`ctd1`, 6 runs, 100 ep | Scalar all/pinned/unpinned phases are retained. Layerwise exports all records only: the input's duplicate 'unpinned' alias is not a physical layerwise phase. Positive L lowers beta.",Lion direction units; vote fractions; record counts
sc,18,500,S0587,8,layer1.0.bn2.weight,64,false,false,unpinned,186,5.05965578026754e-05,0.00164826008184206,0.000554526553605683,0.456989247311828,0.543010752688172,"`ctd1`, 6 runs, 100 ep | Scalar all/pinned/unpinned phases are retained. Layerwise exports all records only: the input's duplicate 'unpinned' alias is not a physical layerwise phase. Positive L lowers beta.",Lion direction units; vote fractions; record counts
sc,18,500,S0587,9,layer1.0.bn2.bias,64,false,false,all,500,-4.79831107626316e-06,7.65187098556669e-06,5.96106661987505e-06,0.258,0.74,"`ctd1`, 6 runs, 100 ep | Scalar all/pinned/unpinned phases are retained. Layerwise exports all records only: the input's duplicate 'unpinned' alias is not a physical layerwise phase. Positive L lowers beta.",Lion direction units; vote fractions; record counts
sc,18,500,S0587,9,layer1.0.bn2.bias,64,false,false,pinned,314,-5.95710859612342e-06,8.87130407725626e-06,7.45007631621775e-06,0.299363057324841,0.700636942675159,"`ctd1`, 6 runs, 100 ep | Scalar all/pinned/unpinned phases are retained. Layerwise exports all records only: the input's duplicate 'unpinned' alias is not a physical layerwise phase. Positive L lowers beta.",Lion direction units; vote fractions; record counts
sc,18,500,S0587,9,layer1.0.bn2.bias,64,false,false,unpinned,186,-2.84206149972486e-06,5.5932581318542e-06,2.33982373174513e-06,0.188172043010753,0.806451612903226,"`ctd1`, 6 runs, 100 ep | Scalar all/pinned/unpinned phases are retained. Layerwise exports all records only: the input's duplicate 'unpinned' alias is not a physical layerwise phase. Positive L lowers beta.",Lion direction units; vote fractions; record counts
sc,18,500,S0587,10,layer1.1.conv1.weight,36864,false,false,all,500,-0.0101965248043757,0.0104357754921649,0.0113757057581097,0.046,0.954,"`ctd1`, 6 runs, 100 ep | Scalar all/pinned/unpinned phases are retained. Layerwise exports all records only: the input's duplicate 'unpinned' alias is not a physical layerwise phase. Positive L lowers beta.",Lion direction units; vote fractions; record counts
sc,18,500,S0587,10,layer1.1.conv1.weight,36864,false,false,pinned,314,-0.0132665211451981,0.0132665211451981,0.0130118959117681,0,1,"`ctd1`, 6 runs, 100 ep | Scalar all/pinned/unpinned phases are retained. Layerwise exports all records only: the input's duplicate 'unpinned' alias is not a physical layerwise phase. Positive L lowers beta.",Lion direction units; vote fractions; record counts
sc,18,500,S0587,10,layer1.1.conv1.weight,36864,false,false,unpinned,186,-0.00501384280965394,0.00565698981983995,0.00330916508100927,0.123655913978495,0.876344086021505,"`ctd1`, 6 runs, 100 ep | Scalar all/pinned/unpinned phases are retained. Layerwise exports all records only: the input's duplicate 'unpinned' alias is not a physical layerwise phase. Positive L lowers beta.",Lion direction units; vote fractions; record counts
sc,18,500,S0587,11,layer1.1.bn1.weight,64,false,false,all,500,1.62879897334273e-05,2.90302175925723e-05,2.16470453324291e-05,0.574,0.426,"`ctd1`, 6 runs, 100 ep | Scalar all/pinned/unpinned phases are retained. Layerwise exports all records only: the input's duplicate 'unpinned' alias is not a physical layerwise phase. Positive L lowers beta.",Lion direction units; vote fractions; record counts
sc,18,500,S0587,11,layer1.1.bn1.weight,64,false,false,pinned,314,2.0423630584063e-05,3.57096822350108e-05,2.89862778117822e-05,0.684713375796178,0.315286624203822,"`ctd1`, 6 runs, 100 ep | Scalar all/pinned/unpinned phases are retained. Layerwise exports all records only: the input's duplicate 'unpinned' alias is not a physical layerwise phase. Positive L lowers beta.",Lion direction units; vote fractions; record counts
sc,18,500,S0587,11,layer1.1.bn1.weight,64,false,false,unpinned,186,9.30631646945079e-06,1.77541321209288e-05,4.93372446044304e-06,0.387096774193548,0.612903225806452,"`ctd1`, 6 runs, 100 ep | Scalar all/pinned/unpinned phases are retained. Layerwise exports all records only: the input's duplicate 'unpinned' alias is not a physical layerwise phase. Positive L lowers beta.",Lion direction units; vote fractions; record counts
sc,18,500,S0587,12,layer1.1.bn1.bias,64,false,false,all,500,-4.11510996649266e-06,6.98130214763398e-06,5.08127652096846e-06,0.274,0.724,"`ctd1`, 6 runs, 100 ep | Scalar all/pinned/unpinned phases are retained. Layerwise exports all records only: the input's duplicate 'unpinned' alias is not a physical layerwise phase. Positive L lowers beta.",Lion direction units; vote fractions; record counts
sc,18,500,S0587,12,layer1.1.bn1.bias,64,false,false,pinned,314,-5.12933601064553e-06,8.40857625168927e-06,7.22903575933742e-06,0.315286624203822,0.684713375796178,"`ctd1`, 6 runs, 100 ep | Scalar all/pinned/unpinned phases are retained. Layerwise exports all records only: the input's duplicate 'unpinned' alias is not a physical layerwise phase. Positive L lowers beta.",Lion direction units; vote fractions; record counts
sc,18,500,S0587,12,layer1.1.bn1.bias,64,false,false,unpinned,186,-2.4029219134604e-06,4.57181790745461e-06,2.0096852495044e-06,0.204301075268817,0.790322580645161,"`ctd1`, 6 runs, 100 ep | Scalar all/pinned/unpinned phases are retained. Layerwise exports all records only: the input's duplicate 'unpinned' alias is not a physical layerwise phase. Positive L lowers beta.",Lion direction units; vote fractions; record counts
sc,18,500,S0587,13,layer1.1.conv2.weight,36864,false,false,all,500,-0.00964605794302384,0.0098182987950529,0.0111022401135415,0.038,0.962,"`ctd1`, 6 runs, 100 ep | Scalar all/pinned/unpinned phases are retained. Layerwise exports all records only: the input's duplicate 'unpinned' alias is not a physical layerwise phase. Positive L lowers beta.",Lion direction units; vote fractions; record counts
sc,18,500,S0587,13,layer1.1.conv2.weight,36864,false,false,pinned,314,-0.0124638054691919,0.0124638054691919,0.0125654592178762,0,1,"`ctd1`, 6 runs, 100 ep | Scalar all/pinned/unpinned phases are retained. Layerwise exports all records only: the input's duplicate 'unpinned' alias is not a physical layerwise phase. Positive L lowers beta.",Lion direction units; vote fractions; record counts
sc,18,500,S0587,13,layer1.1.conv2.weight,36864,false,false,unpinned,186,-0.00488921534508412,0.005352228388173,0.00331045812927186,0.102150537634409,0.897849462365591,"`ctd1`, 6 runs, 100 ep | Scalar all/pinned/unpinned phases are retained. Layerwise exports all records only: the input's duplicate 'unpinned' alias is not a physical layerwise phase. Positive L lowers beta.",Lion direction units; vote fractions; record counts
sc,18,500,S0587,14,layer1.1.bn2.weight,64,false,false,all,500,0.00479427747670425,0.00494156713108161,0.00482406159862876,0.912,0.088,"`ctd1`, 6 runs, 100 ep | Scalar all/pinned/unpinned phases are retained. Layerwise exports all records only: the input's duplicate 'unpinned' alias is not a physical layerwise phase. Positive L lowers beta.",Lion direction units; vote fractions; record counts
sc,18,500,S0587,14,layer1.1.bn2.weight,64,false,false,pinned,314,0.00606873814306877,0.00617463395148175,0.00609626083169132,0.955414012738854,0.0445859872611465,"`ctd1`, 6 runs, 100 ep | Scalar all/pinned/unpinned phases are retained. Layerwise exports all records only: the input's duplicate 'unpinned' alias is not a physical layerwise phase. Positive L lowers beta.",Lion direction units; vote fractions; record counts
sc,18,500,S0587,14,layer1.1.bn2.weight,64,false,false,unpinned,186,0.00264276860983081,0.00285993819771794,0.000671176076866686,0.838709677419355,0.161290322580645,"`ctd1`, 6 runs, 100 ep | Scalar all/pinned/unpinned phases are retained. Layerwise exports all records only: the input's duplicate 'unpinned' alias is not a physical layerwise phase. Positive L lowers beta.",Lion direction units; vote fractions; record counts
sc,18,500,S0587,15,layer1.1.bn2.bias,64,false,false,all,500,-1.98543615662188e-06,2.92725760526073e-06,2.14187653568842e-06,0.22,0.778,"`ctd1`, 6 runs, 100 ep | Scalar all/pinned/unpinned phases are retained. Layerwise exports all records only: the input's duplicate 'unpinned' alias is not a physical layerwise phase. Positive L lowers beta.",Lion direction units; vote fractions; record counts
sc,18,500,S0587,15,layer1.1.bn2.bias,64,false,false,pinned,314,-2.46447772477408e-06,3.53944322408775e-06,3.03698241168604e-06,0.238853503184713,0.761146496815287,"`ctd1`, 6 runs, 100 ep | Scalar all/pinned/unpinned phases are retained. Layerwise exports all records only: the input's duplicate 'unpinned' alias is not a physical layerwise phase. Positive L lowers beta.",Lion direction units; vote fractions; record counts
sc,18,500,S0587,15,layer1.1.bn2.bias,64,false,false,unpinned,186,-1.17673157382732e-06,1.89378295842371e-06,8.33176414971604e-07,0.188172043010753,0.806451612903226,"`ctd1`, 6 runs, 100 ep | Scalar all/pinned/unpinned phases are retained. Layerwise exports all records only: the input's duplicate 'unpinned' alias is not a physical layerwise phase. Positive L lowers beta.",Lion direction units; vote fractions; record counts
sc,18,500,S0587,16,layer2.0.conv1.weight,73728,false,false,all,500,-0.0106711301592814,0.0107575391098095,0.0125496489461511,0.024,0.976,"`ctd1`, 6 runs, 100 ep | Scalar all/pinned/unpinned phases are retained. Layerwise exports all records only: the input's duplicate 'unpinned' alias is not a physical layerwise phase. Positive L lowers beta.",Lion direction units; vote fractions; record counts
sc,18,500,S0587,16,layer2.0.conv1.weight,73728,false,false,pinned,314,-0.0135735418185574,0.0135735418185574,0.0134684513323009,0,1,"`ctd1`, 6 runs, 100 ep | Scalar all/pinned/unpinned phases are retained. Layerwise exports all records only: the input's duplicate 'unpinned' alias is not a physical layerwise phase. Positive L lowers beta.",Lion direction units; vote fractions; record counts
sc,18,500,S0587,16,layer2.0.conv1.weight,73728,false,false,unpinned,186,-0.00577135993878324,0.00600364206385886,0.0029902649926953,0.0645161290322581,0.935483870967742,"`ctd1`, 6 runs, 100 ep | Scalar all/pinned/unpinned phases are retained. Layerwise exports all records only: the input's duplicate 'unpinned' alias is not a physical layerwise phase. Positive L lowers beta.",Lion direction units; vote fractions; record counts
sc,18,500,S0587,17,layer2.0.bn1.weight,128,false,false,all,500,-6.15792753397388e-06,1.66622043541932e-05,1.24941117746857e-05,0.316,0.684,"`ctd1`, 6 runs, 100 ep | Scalar all/pinned/unpinned phases are retained. Layerwise exports all records only: the input's duplicate 'unpinned' alias is not a physical layerwise phase. Positive L lowers beta.",Lion direction units; vote fractions; record counts
sc,18,500,S0587,17,layer2.0.bn1.weight,128,false,false,pinned,314,-7.08057640632204e-06,2.09441681540253e-05,1.709170282993e-05,0.375796178343949,0.624203821656051,"`ctd1`, 6 runs, 100 ep | Scalar all/pinned/unpinned phases are retained. Layerwise exports all records only: the input's duplicate 'unpinned' alias is not a physical layerwise phase. Positive L lowers beta.",Lion direction units; vote fractions; record counts
sc,18,500,S0587,17,layer2.0.bn1.weight,128,false,false,unpinned,186,-4.60033750216031e-06,9.43351277813245e-06,2.81198775553548e-06,0.21505376344086,0.78494623655914,"`ctd1`, 6 runs, 100 ep | Scalar all/pinned/unpinned phases are retained. Layerwise exports all records only: the input's duplicate 'unpinned' alias is not a physical layerwise phase. Positive L lowers beta.",Lion direction units; vote fractions; record counts
sc,18,500,S0587,18,layer2.0.bn1.bias,128,false,false,all,500,-2.90773254773859e-06,3.22269940382802e-06,2.61052955465857e-06,0.114,0.884,"`ctd1`, 6 runs, 100 ep | Scalar all/pinned/unpinned phases are retained. Layerwise exports all records only: the input's duplicate 'unpinned' alias is not a physical layerwise phase. Positive L lowers beta.",Lion direction units; vote fractions; record counts
sc,18,500,S0587,18,layer2.0.bn1.bias,128,false,false,pinned,314,-3.58673833464517e-06,3.93487135122407e-06,3.6038003372596e-06,0.10828025477707,0.89171974522293,"`ctd1`, 6 runs, 100 ep | Scalar all/pinned/unpinned phases are retained. Layerwise exports all records only: the input's duplicate 'unpinned' alias is not a physical layerwise phase. Positive L lowers beta.",Lion direction units; vote fractions; record counts
sc,18,500,S0587,18,layer2.0.bn1.bias,128,false,false,unpinned,186,-1.76145396124041e-06,2.02043063241749e-06,1.21664794505705e-06,0.123655913978495,0.870967741935484,"`ctd1`, 6 runs, 100 ep | Scalar all/pinned/unpinned phases are retained. Layerwise exports all records only: the input's duplicate 'unpinned' alias is not a physical layerwise phase. Positive L lowers beta.",Lion direction units; vote fractions; record counts
sc,18,500,S0587,19,layer2.0.conv2.weight,147456,false,false,all,500,-0.0168558160253212,0.0168772236500687,0.019640442263335,0.01,0.99,"`ctd1`, 6 runs, 100 ep | Scalar all/pinned/unpinned phases are retained. Layerwise exports all records only: the input's duplicate 'unpinned' alias is not a physical layerwise phase. Positive L lowers beta.",Lion direction units; vote fractions; record counts
sc,18,500,S0587,19,layer2.0.conv2.weight,147456,false,false,pinned,314,-0.021140438953198,0.021140438953198,0.0211797929136083,0,1,"`ctd1`, 6 runs, 100 ep | Scalar all/pinned/unpinned phases are retained. Layerwise exports all records only: the input's duplicate 'unpinned' alias is not a physical layerwise phase. Positive L lowers beta.",Lion direction units; vote fractions; record counts
sc,18,500,S0587,19,layer2.0.conv2.weight,147456,false,false,unpinned,186,-0.00962263538363668,0.00968018276199008,0.0059077768586576,0.0268817204301075,0.973118279569892,"`ctd1`, 6 runs, 100 ep | Scalar all/pinned/unpinned phases are retained. Layerwise exports all records only: the input's duplicate 'unpinned' alias is not a physical layerwise phase. Positive L lowers beta.",Lion direction units; vote fractions; record counts
sc,18,500,S0587,20,layer2.0.bn2.weight,128,false,false,all,500,0.00100108724106558,0.0020978435657749,0.00161126116145169,0.658,0.342,"`ctd1`, 6 runs, 100 ep | Scalar all/pinned/unpinned phases are retained. Layerwise exports all records only: the input's duplicate 'unpinned' alias is not a physical layerwise phase. Positive L lowers beta.",Lion direction units; vote fractions; record counts
sc,18,500,S0587,20,layer2.0.bn2.weight,128,false,false,pinned,314,0.0014083023973416,0.00262943473462192,0.00217313343891874,0.678343949044586,0.321656050955414,"`ctd1`, 6 runs, 100 ep | Scalar all/pinned/unpinned phases are retained. Layerwise exports all records only: the input's duplicate 'unpinned' alias is not a physical layerwise phase. Positive L lowers beta.",Lion direction units; vote fractions; record counts
sc,18,500,S0587,20,layer2.0.bn2.weight,128,false,false,unpinned,186,0.000313637998750128,0.00120042621621596,0.000434639405284543,0.623655913978495,0.376344086021505,"`ctd1`, 6 runs, 100 ep | Scalar all/pinned/unpinned phases are retained. Layerwise exports all records only: the input's duplicate 'unpinned' alias is not a physical layerwise phase. Positive L lowers beta.",Lion direction units; vote fractions; record counts
sc,18,500,S0587,21,layer2.0.bn2.bias,128,false,false,all,500,-5.60860104982546e-06,5.6306499126044e-06,5.79221770067306e-06,0.014,0.984,"`ctd1`, 6 runs, 100 ep | Scalar all/pinned/unpinned phases are retained. Layerwise exports all records only: the input's duplicate 'unpinned' alias is not a physical layerwise phase. Positive L lowers beta.",Lion direction units; vote fractions; record counts
sc,18,500,S0587,21,layer2.0.bn2.bias,128,false,false,pinned,314,-6.94866869549908e-06,6.96199258085772e-06,6.99850800174318e-06,0.00636942675159236,0.993630573248408,"`ctd1`, 6 runs, 100 ep | Scalar all/pinned/unpinned phases are retained. Layerwise exports all records only: the input's duplicate 'unpinned' alias is not a physical layerwise phase. Positive L lowers beta.",Lion direction units; vote fractions; record counts
sc,18,500,S0587,21,layer2.0.bn2.bias,128,false,false,unpinned,186,-3.346336314656e-06,3.3831144403918e-06,2.15589345202716e-06,0.0268817204301075,0.967741935483871,"`ctd1`, 6 runs, 100 ep | Scalar all/pinned/unpinned phases are retained. Layerwise exports all records only: the input's duplicate 'unpinned' alias is not a physical layerwise phase. Positive L lowers beta.",Lion direction units; vote fractions; record counts
sc,18,500,S0587,22,layer2.0.shortcut.0.weight,8192,false,false,all,500,-0.0010760230149128,0.00109143062607946,0.00119884437299334,0.032,0.968,"`ctd1`, 6 runs, 100 ep | Scalar all/pinned/unpinned phases are retained. Layerwise exports all records only: the input's duplicate 'unpinned' alias is not a physical layerwise phase. Positive L lowers beta.",Lion direction units; vote fractions; record counts
sc,18,500,S0587,22,layer2.0.shortcut.0.weight,8192,false,false,pinned,314,-0.00138695332810066,0.00138766857657128,0.0013818391948007,0.00318471337579618,0.996815286624204,"`ctd1`, 6 runs, 100 ep | Scalar all/pinned/unpinned phases are retained. Layerwise exports all records only: the input's duplicate 'unpinned' alias is not a physical layerwise phase. Positive L lowers beta.",Lion direction units; vote fractions; record counts
sc,18,500,S0587,22,layer2.0.shortcut.0.weight,8192,false,false,unpinned,186,-0.00055111915286447,0.00059132999998038,0.000373886166198645,0.0806451612903226,0.919354838709677,"`ctd1`, 6 runs, 100 ep | Scalar all/pinned/unpinned phases are retained. Layerwise exports all records only: the input's duplicate 'unpinned' alias is not a physical layerwise phase. Positive L lowers beta.",Lion direction units; vote fractions; record counts
sc,18,500,S0587,23,layer2.0.shortcut.1.weight,128,false,false,all,500,-0.012675807896253,0.0126783761171838,0.0147334210108966,0.086,0.914,"`ctd1`, 6 runs, 100 ep | Scalar all/pinned/unpinned phases are retained. Layerwise exports all records only: the input's duplicate 'unpinned' alias is not a physical layerwise phase. Positive L lowers beta.",Lion direction units; vote fractions; record counts
sc,18,500,S0587,23,layer2.0.shortcut.1.weight,128,false,false,pinned,314,-0.0160611313121144,0.0160611313121144,0.0159657559823245,0,1,"`ctd1`, 6 runs, 100 ep | Scalar all/pinned/unpinned phases are retained. Layerwise exports all records only: the input's duplicate 'unpinned' alias is not a physical layerwise phase. Positive L lowers beta.",Lion direction units; vote fractions; record counts
sc,18,500,S0587,23,layer2.0.shortcut.1.weight,128,false,false,unpinned,186,-0.00696079954904616,0.00696770336875254,0.00363032192690298,0.231182795698925,0.768817204301075,"`ctd1`, 6 runs, 100 ep | Scalar all/pinned/unpinned phases are retained. Layerwise exports all records only: the input's duplicate 'unpinned' alias is not a physical layerwise phase. Positive L lowers beta.",Lion direction units; vote fractions; record counts
sc,18,500,S0587,24,layer2.0.shortcut.1.bias,128,false,false,all,500,-5.60860104982546e-06,5.6306499126044e-06,5.79221770067306e-06,0.014,0.984,"`ctd1`, 6 runs, 100 ep | Scalar all/pinned/unpinned phases are retained. Layerwise exports all records only: the input's duplicate 'unpinned' alias is not a physical layerwise phase. Positive L lowers beta.",Lion direction units; vote fractions; record counts
sc,18,500,S0587,24,layer2.0.shortcut.1.bias,128,false,false,pinned,314,-6.94866869549908e-06,6.96199258085772e-06,6.99850800174318e-06,0.00636942675159236,0.993630573248408,"`ctd1`, 6 runs, 100 ep | Scalar all/pinned/unpinned phases are retained. Layerwise exports all records only: the input's duplicate 'unpinned' alias is not a physical layerwise phase. Positive L lowers beta.",Lion direction units; vote fractions; record counts
sc,18,500,S0587,24,layer2.0.shortcut.1.bias,128,false,false,unpinned,186,-3.346336314656e-06,3.3831144403918e-06,2.15589345202716e-06,0.0268817204301075,0.967741935483871,"`ctd1`, 6 runs, 100 ep | Scalar all/pinned/unpinned phases are retained. Layerwise exports all records only: the input's duplicate 'unpinned' alias is not a physical layerwise phase. Positive L lowers beta.",Lion direction units; vote fractions; record counts
sc,18,500,S0587,25,layer2.1.conv1.weight,147456,false,false,all,500,-0.0155107672717543,0.0155208384565082,0.018319494696334,0.01,0.99,"`ctd1`, 6 runs, 100 ep | Scalar all/pinned/unpinned phases are retained. Layerwise exports all records only: the input's duplicate 'unpinned' alias is not a physical layerwise phase. Positive L lowers beta.",Lion direction units; vote fractions; record counts
sc,18,500,S0587,25,layer2.1.conv1.weight,147456,false,false,pinned,314,-0.0194905053130885,0.0194905053130885,0.0196641582064331,0,1,"`ctd1`, 6 runs, 100 ep | Scalar all/pinned/unpinned phases are retained. Layerwise exports all records only: the input's duplicate 'unpinned' alias is not a physical layerwise phase. Positive L lowers beta.",Lion direction units; vote fractions; record counts
sc,18,500,S0587,25,layer2.1.conv1.weight,147456,false,false,unpinned,186,-0.0087922847718675,0.00881935784916295,0.00516020224895328,0.0268817204301075,0.973118279569892,"`ctd1`, 6 runs, 100 ep | Scalar all/pinned/unpinned phases are retained. Layerwise exports all records only: the input's duplicate 'unpinned' alias is not a physical layerwise phase. Positive L lowers beta.",Lion direction units; vote fractions; record counts
sc,18,500,S0587,26,layer2.1.bn1.weight,128,false,false,all,500,5.82748030725344e-05,5.86096057344834e-05,6.82978839904536e-05,0.826,0.174,"`ctd1`, 6 runs, 100 ep | Scalar all/pinned/unpinned phases are retained. Layerwise exports all records only: the input's duplicate 'unpinned' alias is not a physical layerwise phase. Positive L lowers beta.",Lion direction units; vote fractions; record counts
sc,18,500,S0587,26,layer2.1.bn1.weight,128,false,false,pinned,314,7.50134009707557e-05,7.50134009707557e-05,7.38042588636745e-05,1,0,"`ctd1`, 6 runs, 100 ep | Scalar all/pinned/unpinned phases are retained. Layerwise exports all records only: the input's duplicate 'unpinned' alias is not a physical layerwise phase. Positive L lowers beta.",Lion direction units; vote fractions; record counts
sc,18,500,S0587,26,layer2.1.bn1.weight,128,false,false,unpinned,186,3.00171700615586e-05,3.09171772173355e-05,8.50399799219303e-06,0.532258064516129,0.467741935483871,"`ctd1`, 6 runs, 100 ep | Scalar all/pinned/unpinned phases are retained. Layerwise exports all records only: the input's duplicate 'unpinned' alias is not a physical layerwise phase. Positive L lowers beta.",Lion direction units; vote fractions; record counts
sc,18,500,S0587,27,layer2.1.bn1.bias,128,false,false,all,500,-2.63923972600585e-06,2.71199069341369e-06,2.48135402216576e-06,0.044,0.954,"`ctd1`, 6 runs, 100 ep | Scalar all/pinned/unpinned phases are retained. Layerwise exports all records only: the input's duplicate 'unpinned' alias is not a physical layerwise phase. Positive L lowers beta.",Lion direction units; vote fractions; record counts
sc,18,500,S0587,27,layer2.1.bn1.bias,128,false,false,pinned,314,-3.2045251680193e-06,3.254009501595e-06,3.16064395065041e-06,0.0414012738853503,0.95859872611465,"`ctd1`, 6 runs, 100 ep | Scalar all/pinned/unpinned phases are retained. Layerwise exports all records only: the input's duplicate 'unpinned' alias is not a physical layerwise phase. Positive L lowers beta.",Lion direction units; vote fractions; record counts
sc,18,500,S0587,27,layer2.1.bn1.bias,128,false,false,unpinned,186,-1.68494064647778e-06,1.796969694656e-06,1.28959590313116e-06,0.0483870967741935,0.946236559139785,"`ctd1`, 6 runs, 100 ep | Scalar all/pinned/unpinned phases are retained. Layerwise exports all records only: the input's duplicate 'unpinned' alias is not a physical layerwise phase. Positive L lowers beta.",Lion direction units; vote fractions; record counts
sc,18,500,S0587,28,layer2.1.conv2.weight,147456,false,false,all,500,-0.0145098422151617,0.0145098422151618,0.0171926124952734,0.002,0.998,"`ctd1`, 6 runs, 100 ep | Scalar all/pinned/unpinned phases are retained. Layerwise exports all records only: the input's duplicate 'unpinned' alias is not a physical layerwise phase. Positive L lowers beta.",Lion direction units; vote fractions; record counts
sc,18,500,S0587,28,layer2.1.conv2.weight,147456,false,false,pinned,314,-0.0180093145122155,0.0180093145122155,0.0179807372856885,0,1,"`ctd1`, 6 runs, 100 ep | Scalar all/pinned/unpinned phases are retained. Layerwise exports all records only: the input's duplicate 'unpinned' alias is not a physical layerwise phase. Positive L lowers beta.",Lion direction units; vote fractions; record counts
sc,18,500,S0587,28,layer2.1.conv2.weight,147456,false,false,unpinned,186,-0.00860213091798481,0.00860213091798497,0.00524074344430119,0.00537634408602151,0.994623655913978,"`ctd1`, 6 runs, 100 ep | Scalar all/pinned/unpinned phases are retained. Layerwise exports all records only: the input's duplicate 'unpinned' alias is not a physical layerwise phase. Positive L lowers beta.",Lion direction units; vote fractions; record counts
sc,18,500,S0587,29,layer2.1.bn2.weight,128,false,false,all,500,0.0114670507232576,0.0114722132469933,0.0136907796375453,0.878,0.122,"`ctd1`, 6 runs, 100 ep | Scalar all/pinned/unpinned phases are retained. Layerwise exports all records only: the input's duplicate 'unpinned' alias is not a physical layerwise phase. Positive L lowers beta.",Lion direction units; vote fractions; record counts
sc,18,500,S0587,29,layer2.1.bn2.weight,128,false,false,pinned,314,0.0143881618230645,0.0143881618230645,0.0143299374263734,1,0,"`ctd1`, 6 runs, 100 ep | Scalar all/pinned/unpinned phases are retained. Layerwise exports all records only: the input's duplicate 'unpinned' alias is not a physical layerwise phase. Positive L lowers beta.",Lion direction units; vote fractions; record counts
sc,18,500,S0587,29,layer2.1.bn2.weight,128,false,false,unpinned,186,0.00653571263003514,0.00654959038201284,0.00406252804677933,0.672043010752688,0.327956989247312,"`ctd1`, 6 runs, 100 ep | Scalar all/pinned/unpinned phases are retained. Layerwise exports all records only: the input's duplicate 'unpinned' alias is not a physical layerwise phase. Positive L lowers beta.",Lion direction units; vote fractions; record counts
sc,18,500,S0587,30,layer2.1.bn2.bias,128,false,false,all,500,-1.402764687921e-06,1.41829969047327e-06,1.43048039262794e-06,0.028,0.97,"`ctd1`, 6 runs, 100 ep | Scalar all/pinned/unpinned phases are retained. Layerwise exports all records only: the input's duplicate 'unpinned' alias is not a physical layerwise phase. Positive L lowers beta.",Lion direction units; vote fractions; record counts
sc,18,500,S0587,30,layer2.1.bn2.bias,128,false,false,pinned,314,-1.66390437176192e-06,1.67635375971699e-06,1.62904556191279e-06,0.0191082802547771,0.980891719745223,"`ctd1`, 6 runs, 100 ep | Scalar all/pinned/unpinned phases are retained. Layerwise exports all records only: the input's duplicate 'unpinned' alias is not a physical layerwise phase. Positive L lowers beta.",Lion direction units; vote fractions; record counts
sc,18,500,S0587,30,layer2.1.bn2.bias,128,false,false,unpinned,186,-9.619159743401e-07,9.82660025190879e-07,8.67963991879606e-07,0.043010752688172,0.951612903225806,"`ctd1`, 6 runs, 100 ep | Scalar all/pinned/unpinned phases are retained. Layerwise exports all records only: the input's duplicate 'unpinned' alias is not a physical layerwise phase. Positive L lowers beta.",Lion direction units; vote fractions; record counts
sc,18,500,S0587,31,layer3.0.conv1.weight,294912,false,false,all,500,-0.0150950034133812,0.0150950034133812,0.0179126535309479,0,1,"`ctd1`, 6 runs, 100 ep | Scalar all/pinned/unpinned phases are retained. Layerwise exports all records only: the input's duplicate 'unpinned' alias is not a physical layerwise phase. Positive L lowers beta.",Lion direction units; vote fractions; record counts
sc,18,500,S0587,31,layer3.0.conv1.weight,294912,false,false,pinned,314,-0.0187373352871027,0.0187373352871027,0.0187481579370797,0,1,"`ctd1`, 6 runs, 100 ep | Scalar all/pinned/unpinned phases are retained. Layerwise exports all records only: the input's duplicate 'unpinned' alias is not a physical layerwise phase. Positive L lowers beta.",Lion direction units; vote fractions; record counts
sc,18,500,S0587,31,layer3.0.conv1.weight,294912,false,false,unpinned,186,-0.0089461205727975,0.0089461205727975,0.00582435319665819,0,1,"`ctd1`, 6 runs, 100 ep | Scalar all/pinned/unpinned phases are retained. Layerwise exports all records only: the input's duplicate 'unpinned' alias is not a physical layerwise phase. Positive L lowers beta.",Lion direction units; vote fractions; record counts
sc,18,500,S0587,32,layer3.0.bn1.weight,256,false,false,all,500,-1.17108092725504e-05,1.34886332616463e-05,1.15693590032606e-05,0.126,0.874,"`ctd1`, 6 runs, 100 ep | Scalar all/pinned/unpinned phases are retained. Layerwise exports all records only: the input's duplicate 'unpinned' alias is not a physical layerwise phase. Positive L lowers beta.",Lion direction units; vote fractions; record counts
sc,18,500,S0587,32,layer3.0.bn1.weight,256,false,false,pinned,314,-1.42159645295565e-05,1.65802295822676e-05,1.45353872085252e-05,0.162420382165605,0.837579617834395,"`ctd1`, 6 runs, 100 ep | Scalar all/pinned/unpinned phases are retained. Layerwise exports all records only: the input's duplicate 'unpinned' alias is not a physical layerwise phase. Positive L lowers beta.",Lion direction units; vote fractions; record counts
sc,18,500,S0587,32,layer3.0.bn1.weight,256,false,false,unpinned,186,-7.48167620427135e-06,8.2694867848984e-06,3.29176137938703e-06,0.0645161290322581,0.935483870967742,"`ctd1`, 6 runs, 100 ep | Scalar all/pinned/unpinned phases are retained. Layerwise exports all records only: the input's duplicate 'unpinned' alias is not a physical layerwise phase. Positive L lowers beta.",Lion direction units; vote fractions; record counts
sc,18,500,S0587,33,layer3.0.bn1.bias,256,false,false,all,500,-1.6350338945885e-06,1.63868667388709e-06,1.65100820481712e-06,0.006,0.992,"`ctd1`, 6 runs, 100 ep | Scalar all/pinned/unpinned phases are retained. Layerwise exports all records only: the input's duplicate 'unpinned' alias is not a physical layerwise phase. Positive L lowers beta.",Lion direction units; vote fractions; record counts
sc,18,500,S0587,33,layer3.0.bn1.bias,256,false,false,pinned,314,-1.89314286048729e-06,1.89640017870485e-06,1.80781353833481e-06,0.00636942675159236,0.993630573248408,"`ctd1`, 6 runs, 100 ep | Scalar all/pinned/unpinned phases are retained. Layerwise exports all records only: the input's duplicate 'unpinned' alias is not a physical layerwise phase. Positive L lowers beta.",Lion direction units; vote fractions; record counts
sc,18,500,S0587,33,layer3.0.bn1.bias,256,false,false,unpinned,186,-1.19930155430775e-06,1.20362193994744e-06,1.1216970364103e-06,0.00537634408602151,0.989247311827957,"`ctd1`, 6 runs, 100 ep | Scalar all/pinned/unpinned phases are retained. Layerwise exports all records only: the input's duplicate 'unpinned' alias is not a physical layerwise phase. Positive L lowers beta.",Lion direction units; vote fractions; record counts
sc,18,500,S0587,34,layer3.0.conv2.weight,589824,false,false,all,500,-0.0259076116275285,0.0259076116275285,0.0306616576388478,0,1,"`ctd1`, 6 runs, 100 ep | Scalar all/pinned/unpinned phases are retained. Layerwise exports all records only: the input's duplicate 'unpinned' alias is not a physical layerwise phase. Positive L lowers beta.",Lion direction units; vote fractions; record counts
sc,18,500,S0587,34,layer3.0.conv2.weight,589824,false,false,pinned,314,-0.0315776580189812,0.0315776580189812,0.031475861556828,0,1,"`ctd1`, 6 runs, 100 ep | Scalar all/pinned/unpinned phases are retained. Layerwise exports all records only: the input's duplicate 'unpinned' alias is not a physical layerwise phase. Positive L lowers beta.",Lion direction units; vote fractions; record counts
sc,18,500,S0587,34,layer3.0.conv2.weight,589824,false,false,unpinned,186,-0.016335597826904,0.016335597826904,0.0129707451444119,0,1,"`ctd1`, 6 runs, 100 ep | Scalar all/pinned/unpinned phases are retained. Layerwise exports all records only: the input's duplicate 'unpinned' alias is not a physical layerwise phase. Positive L lowers beta.",Lion direction units; vote fractions; record counts
sc,18,500,S0587,35,layer3.0.bn2.weight,256,false,false,all,500,0.000485698870347637,0.00146883479867035,0.00119224758309429,0.648,0.352,"`ctd1`, 6 runs, 100 ep | Scalar all/pinned/unpinned phases are retained. Layerwise exports all records only: the input's duplicate 'unpinned' alias is not a physical layerwise phase. Positive L lowers beta.",Lion direction units; vote fractions; record counts
sc,18,500,S0587,35,layer3.0.bn2.weight,256,false,false,pinned,314,0.000671827740831186,0.00179731850819295,0.00155850859591737,0.601910828025478,0.398089171974522,"`ctd1`, 6 runs, 100 ep | Scalar all/pinned/unpinned phases are retained. Layerwise exports all records only: the input's duplicate 'unpinned' alias is not a physical layerwise phase. Positive L lowers beta.",Lion direction units; vote fractions; record counts
sc,18,500,S0587,35,layer3.0.bn2.weight,256,false,false,unpinned,186,0.000171481314800142,0.000914297783669827,0.000546910233970266,0.725806451612903,0.274193548387097,"`ctd1`, 6 runs, 100 ep | Scalar all/pinned/unpinned phases are retained. Layerwise exports all records only: the input's duplicate 'unpinned' alias is not a physical layerwise phase. Positive L lowers beta.",Lion direction units; vote fractions; record counts
sc,18,500,S0587,36,layer3.0.bn2.bias,256,false,false,all,500,-8.12766851223992e-06,8.12921484286258e-06,9.35616193373789e-06,0.002,0.996,"`ctd1`, 6 runs, 100 ep | Scalar all/pinned/unpinned phases are retained. Layerwise exports all records only: the input's duplicate 'unpinned' alias is not a physical layerwise phase. Positive L lowers beta.",Lion direction units; vote fractions; record counts
sc,18,500,S0587,36,layer3.0.bn2.bias,256,false,false,pinned,314,-9.97082266664597e-06,9.97082266664597e-06,9.95717450678057e-06,0,1,"`ctd1`, 6 runs, 100 ep | Scalar all/pinned/unpinned phases are retained. Layerwise exports all records only: the input's duplicate 'unpinned' alias is not a physical layerwise phase. Positive L lowers beta.",Lion direction units; vote fractions; record counts
sc,18,500,S0587,36,layer3.0.bn2.bias,256,false,false,unpinned,186,-5.01610719781252e-06,5.0202640005616e-06,3.72899394278647e-06,0.00537634408602151,0.989247311827957,"`ctd1`, 6 runs, 100 ep | Scalar all/pinned/unpinned phases are retained. Layerwise exports all records only: the input's duplicate 'unpinned' alias is not a physical layerwise phase. Positive L lowers beta.",Lion direction units; vote fractions; record counts
sc,18,500,S0587,37,layer3.0.shortcut.0.weight,32768,false,false,all,500,-0.00245016617747619,0.00245016617747621,0.00293288540560752,0.002,0.998,"`ctd1`, 6 runs, 100 ep | Scalar all/pinned/unpinned phases are retained. Layerwise exports all records only: the input's duplicate 'unpinned' alias is not a physical layerwise phase. Positive L lowers beta.",Lion direction units; vote fractions; record counts
sc,18,500,S0587,37,layer3.0.shortcut.0.weight,32768,false,false,pinned,314,-0.0030390957567083,0.0030390957567083,0.00304187907604501,0,1,"`ctd1`, 6 runs, 100 ep | Scalar all/pinned/unpinned phases are retained. Layerwise exports all records only: the input's duplicate 'unpinned' alias is not a physical layerwise phase. Positive L lowers beta.",Lion direction units; vote fractions; record counts
sc,18,500,S0587,37,layer3.0.shortcut.0.weight,32768,false,false,unpinned,186,-0.00145595172651444,0.0014559517265145,0.000859215433592908,0.00537634408602151,0.994623655913978,"`ctd1`, 6 runs, 100 ep | Scalar all/pinned/unpinned phases are retained. Layerwise exports all records only: the input's duplicate 'unpinned' alias is not a physical layerwise phase. Positive L lowers beta.",Lion direction units; vote fractions; record counts
sc,18,500,S0587,38,layer3.0.shortcut.1.weight,256,false,false,all,500,-0.0303582309590691,0.0303585725223956,0.036682044249028,0.074,0.926,"`ctd1`, 6 runs, 100 ep | Scalar all/pinned/unpinned phases are retained. Layerwise exports all records only: the input's duplicate 'unpinned' alias is not a physical layerwise phase. Positive L lowers beta.",Lion direction units; vote fractions; record counts
sc,18,500,S0587,38,layer3.0.shortcut.1.weight,256,false,false,pinned,314,-0.0377130298559394,0.0377130298559394,0.0376482154242694,0,1,"`ctd1`, 6 runs, 100 ep | Scalar all/pinned/unpinned phases are retained. Layerwise exports all records only: the input's duplicate 'unpinned' alias is not a physical layerwise phase. Positive L lowers beta.",Lion direction units; vote fractions; record counts
sc,18,500,S0587,38,layer3.0.shortcut.1.weight,256,false,false,unpinned,186,-0.0179420650794065,0.0179429832603916,0.0138111024396494,0.198924731182796,0.801075268817204,"`ctd1`, 6 runs, 100 ep | Scalar all/pinned/unpinned phases are retained. Layerwise exports all records only: the input's duplicate 'unpinned' alias is not a physical layerwise phase. Positive L lowers beta.",Lion direction units; vote fractions; record counts
sc,18,500,S0587,39,layer3.0.shortcut.1.bias,256,false,false,all,500,-8.12766851223992e-06,8.12921484286258e-06,9.35616193373789e-06,0.002,0.996,"`ctd1`, 6 runs, 100 ep | Scalar all/pinned/unpinned phases are retained. Layerwise exports all records only: the input's duplicate 'unpinned' alias is not a physical layerwise phase. Positive L lowers beta.",Lion direction units; vote fractions; record counts
sc,18,500,S0587,39,layer3.0.shortcut.1.bias,256,false,false,pinned,314,-9.97082266664597e-06,9.97082266664597e-06,9.95717450678057e-06,0,1,"`ctd1`, 6 runs, 100 ep | Scalar all/pinned/unpinned phases are retained. Layerwise exports all records only: the input's duplicate 'unpinned' alias is not a physical layerwise phase. Positive L lowers beta.",Lion direction units; vote fractions; record counts
sc,18,500,S0587,39,layer3.0.shortcut.1.bias,256,false,false,unpinned,186,-5.01610719781252e-06,5.0202640005616e-06,3.72899394278647e-06,0.00537634408602151,0.989247311827957,"`ctd1`, 6 runs, 100 ep | Scalar all/pinned/unpinned phases are retained. Layerwise exports all records only: the input's duplicate 'unpinned' alias is not a physical layerwise phase. Positive L lowers beta.",Lion direction units; vote fractions; record counts
sc,18,500,S0587,40,layer3.1.conv1.weight,589824,false,false,all,500,-0.026073605998401,0.026073605998401,0.0309720118530095,0,1,"`ctd1`, 6 runs, 100 ep | Scalar all/pinned/unpinned phases are retained. Layerwise exports all records only: the input's duplicate 'unpinned' alias is not a physical layerwise phase. Positive L lowers beta.",Lion direction units; vote fractions; record counts
sc,18,500,S0587,40,layer3.1.conv1.weight,589824,false,false,pinned,314,-0.0317269094438132,0.0317269094438132,0.0317956587299704,0,1,"`ctd1`, 6 runs, 100 ep | Scalar all/pinned/unpinned phases are retained. Layerwise exports all records only: the input's duplicate 'unpinned' alias is not a physical layerwise phase. Positive L lowers beta.",Lion direction units; vote fractions; record counts
sc,18,500,S0587,40,layer3.1.conv1.weight,589824,false,false,unpinned,186,-0.0165298571711998,0.0165298571711998,0.0134353353641927,0,1,"`ctd1`, 6 runs, 100 ep | Scalar all/pinned/unpinned phases are retained. Layerwise exports all records only: the input's duplicate 'unpinned' alias is not a physical layerwise phase. Positive L lowers beta.",Lion direction units; vote fractions; record counts
sc,18,500,S0587,41,layer3.1.bn1.weight,256,false,false,all,500,0.000129873413292546,0.000130349178756081,0.000162642998475349,0.822,0.178,"`ctd1`, 6 runs, 100 ep | Scalar all/pinned/unpinned phases are retained. Layerwise exports all records only: the input's duplicate 'unpinned' alias is not a physical layerwise phase. Positive L lowers beta.",Lion direction units; vote fractions; record counts
sc,18,500,S0587,41,layer3.1.bn1.weight,256,false,false,pinned,314,0.000165777642041286,0.000165777642041286,0.00016559845462325,1,0,"`ctd1`, 6 runs, 100 ep | Scalar all/pinned/unpinned phases are retained. Layerwise exports all records only: the input's duplicate 'unpinned' alias is not a physical layerwise phase. Positive L lowers beta.",Lion direction units; vote fractions; record counts
sc,18,500,S0587,41,layer3.1.bn1.weight,256,false,false,unpinned,186,6.92608980930589e-05,7.05398375111639e-05,1.14875914732693e-05,0.521505376344086,0.478494623655914,"`ctd1`, 6 runs, 100 ep | Scalar all/pinned/unpinned phases are retained. Layerwise exports all records only: the input's duplicate 'unpinned' alias is not a physical layerwise phase. Positive L lowers beta.",Lion direction units; vote fractions; record counts
sc,18,500,S0587,42,layer3.1.bn1.bias,256,false,false,all,500,-2.11731985620606e-06,2.11731985620606e-06,2.29663817208348e-06,0,0.998,"`ctd1`, 6 runs, 100 ep | Scalar all/pinned/unpinned phases are retained. Layerwise exports all records only: the input's duplicate 'unpinned' alias is not a physical layerwise phase. Positive L lowers beta.",Lion direction units; vote fractions; record counts
sc,18,500,S0587,42,layer3.1.bn1.bias,256,false,false,pinned,314,-2.46959351019936e-06,2.46959351019936e-06,2.48664950390776e-06,0,1,"`ctd1`, 6 runs, 100 ep | Scalar all/pinned/unpinned phases are retained. Layerwise exports all records only: the input's duplicate 'unpinned' alias is not a physical layerwise phase. Positive L lowers beta.",Lion direction units; vote fractions; record counts
sc,18,500,S0587,42,layer3.1.bn1.bias,256,false,false,unpinned,186,-1.52262132204533e-06,1.52262132204533e-06,1.7197041415784e-06,0,0.994623655913978,"`ctd1`, 6 runs, 100 ep | Scalar all/pinned/unpinned phases are retained. Layerwise exports all records only: the input's duplicate 'unpinned' alias is not a physical layerwise phase. Positive L lowers beta.",Lion direction units; vote fractions; record counts
sc,18,500,S0587,43,layer3.1.conv2.weight,589824,false,false,all,500,-0.032874648051729,0.032874648051729,0.0392735484987497,0,1,"`ctd1`, 6 runs, 100 ep | Scalar all/pinned/unpinned phases are retained. Layerwise exports all records only: the input's duplicate 'unpinned' alias is not a physical layerwise phase. Positive L lowers beta.",Lion direction units; vote fractions; record counts
sc,18,500,S0587,43,layer3.1.conv2.weight,589824,false,false,pinned,314,-0.0396801830791412,0.0396801830791412,0.0396952588111162,0,1,"`ctd1`, 6 runs, 100 ep | Scalar all/pinned/unpinned phases are retained. Layerwise exports all records only: the input's duplicate 'unpinned' alias is not a physical layerwise phase. Positive L lowers beta.",Lion direction units; vote fractions; record counts
sc,18,500,S0587,43,layer3.1.conv2.weight,589824,false,false,unpinned,186,-0.0213857340807214,0.0213857340807214,0.0190736022777855,0,1,"`ctd1`, 6 runs, 100 ep | Scalar all/pinned/unpinned phases are retained. Layerwise exports all records only: the input's duplicate 'unpinned' alias is not a physical layerwise phase. Positive L lowers beta.",Lion direction units; vote fractions; record counts
sc,18,500,S0587,44,layer3.1.bn2.weight,256,false,false,all,500,0.0297283538527182,0.029733066754359,0.0364711029455066,0.874,0.126,"`ctd1`, 6 runs, 100 ep | Scalar all/pinned/unpinned phases are retained. Layerwise exports all records only: the input's duplicate 'unpinned' alias is not a physical layerwise phase. Positive L lowers beta.",Lion direction units; vote fractions; record counts
sc,18,500,S0587,44,layer3.1.bn2.weight,256,false,false,pinned,314,0.0368625772737299,0.0368625772737299,0.0368377892300487,1,0,"`ctd1`, 6 runs, 100 ep | Scalar all/pinned/unpinned phases are retained. Layerwise exports all records only: the input's duplicate 'unpinned' alias is not a physical layerwise phase. Positive L lowers beta.",Lion direction units; vote fractions; record counts
sc,18,500,S0587,44,layer3.1.bn2.weight,256,false,false,unpinned,186,0.0176845573247736,0.017697226415206,0.0154025852680206,0.661290322580645,0.338709677419355,"`ctd1`, 6 runs, 100 ep | Scalar all/pinned/unpinned phases are retained. Layerwise exports all records only: the input's duplicate 'unpinned' alias is not a physical layerwise phase. Positive L lowers beta.",Lion direction units; vote fractions; record counts
sc,18,500,S0587,45,layer3.1.bn2.bias,256,false,false,all,500,-1.09458665891365e-05,1.09458665891365e-05,1.30297923760736e-05,0,0.998,"`ctd1`, 6 runs, 100 ep | Scalar all/pinned/unpinned phases are retained. Layerwise exports all records only: the input's duplicate 'unpinned' alias is not a physical layerwise phase. Positive L lowers beta.",Lion direction units; vote fractions; record counts
sc,18,500,S0587,45,layer3.1.bn2.bias,256,false,false,pinned,314,-1.32826576851146e-05,1.32826576851146e-05,1.3266134146761e-05,0,1,"`ctd1`, 6 runs, 100 ep | Scalar all/pinned/unpinned phases are retained. Layerwise exports all records only: the input's duplicate 'unpinned' alias is not a physical layerwise phase. Positive L lowers beta.",Lion direction units; vote fractions; record counts
sc,18,500,S0587,45,layer3.1.bn2.bias,256,false,false,unpinned,186,-7.00096119054969e-06,7.00096119054969e-06,8.76126675848354e-06,0,0.994623655913978,"`ctd1`, 6 runs, 100 ep | Scalar all/pinned/unpinned phases are retained. Layerwise exports all records only: the input's duplicate 'unpinned' alias is not a physical layerwise phase. Positive L lowers beta.",Lion direction units; vote fractions; record counts
sc,18,500,S0587,46,layer4.0.conv1.weight,1179648,false,false,all,500,-0.0219940882708883,0.0219940882708883,0.0256074511446059,0.002,0.998,"`ctd1`, 6 runs, 100 ep | Scalar all/pinned/unpinned phases are retained. Layerwise exports all records only: the input's duplicate 'unpinned' alias is not a physical layerwise phase. Positive L lowers beta.",Lion direction units; vote fractions; record counts
sc,18,500,S0587,46,layer4.0.conv1.weight,1179648,false,false,pinned,314,-0.0258451835497039,0.0258451835497039,0.0258350712247193,0,1,"`ctd1`, 6 runs, 100 ep | Scalar all/pinned/unpinned phases are retained. Layerwise exports all records only: the input's duplicate 'unpinned' alias is not a physical layerwise phase. Positive L lowers beta.",Lion direction units; vote fractions; record counts
sc,18,500,S0587,46,layer4.0.conv1.weight,1179648,false,false,unpinned,186,-0.0154927768862212,0.0154927768862212,0.0177194226533175,0.00537634408602151,0.994623655913978,"`ctd1`, 6 runs, 100 ep | Scalar all/pinned/unpinned phases are retained. Layerwise exports all records only: the input's duplicate 'unpinned' alias is not a physical layerwise phase. Positive L lowers beta.",Lion direction units; vote fractions; record counts
sc,18,500,S0587,47,layer4.0.bn1.weight,512,false,false,all,500,0.000965544973289886,0.000965831340842763,0.00121625630999915,0.838,0.162,"`ctd1`, 6 runs, 100 ep | Scalar all/pinned/unpinned phases are retained. Layerwise exports all records only: the input's duplicate 'unpinned' alias is not a physical layerwise phase. Positive L lowers beta.",Lion direction units; vote fractions; record counts
sc,18,500,S0587,47,layer4.0.bn1.weight,512,false,false,pinned,314,0.00122524993846365,0.00122524993846365,0.00122468993649818,1,0,"`ctd1`, 6 runs, 100 ep | Scalar all/pinned/unpinned phases are retained. Layerwise exports all records only: the input's duplicate 'unpinned' alias is not a physical layerwise phase. Positive L lowers beta.",Lion direction units; vote fractions; record counts
sc,18,500,S0587,47,layer4.0.bn1.weight,512,false,false,unpinned,186,0.000527118311652457,0.000527888116902125,0.00016290038547595,0.564516129032258,0.435483870967742,"`ctd1`, 6 runs, 100 ep | Scalar all/pinned/unpinned phases are retained. Layerwise exports all records only: the input's duplicate 'unpinned' alias is not a physical layerwise phase. Positive L lowers beta.",Lion direction units; vote fractions; record counts
sc,18,500,S0587,48,layer4.0.bn1.bias,512,false,false,all,500,-1.50452577260236e-06,1.50452577260236e-06,1.60438120246909e-06,0,0.998,"`ctd1`, 6 runs, 100 ep | Scalar all/pinned/unpinned phases are retained. Layerwise exports all records only: the input's duplicate 'unpinned' alias is not a physical layerwise phase. Positive L lowers beta.",Lion direction units; vote fractions; record counts
sc,18,500,S0587,48,layer4.0.bn1.bias,512,false,false,pinned,314,-1.62794738862036e-06,1.62794738862036e-06,1.64519174177258e-06,0,1,"`ctd1`, 6 runs, 100 ep | Scalar all/pinned/unpinned phases are retained. Layerwise exports all records only: the input's duplicate 'unpinned' alias is not a physical layerwise phase. Positive L lowers beta.",Lion direction units; vote fractions; record counts
sc,18,500,S0587,48,layer4.0.bn1.bias,512,false,false,unpinned,186,-1.29616885093757e-06,1.29616885093757e-06,1.50431648080485e-06,0,0.994623655913978,"`ctd1`, 6 runs, 100 ep | Scalar all/pinned/unpinned phases are retained. Layerwise exports all records only: the input's duplicate 'unpinned' alias is not a physical layerwise phase. Positive L lowers beta.",Lion direction units; vote fractions; record counts
sc,18,500,S0587,49,layer4.0.conv2.weight,2359296,false,true,all,500,-0.0530165311161937,0.0530165311161937,0.0612178634852171,0,1,"`ctd1`, 6 runs, 100 ep | Scalar all/pinned/unpinned phases are retained. Layerwise exports all records only: the input's duplicate 'unpinned' alias is not a physical layerwise phase. Positive L lowers beta.",Lion direction units; vote fractions; record counts
sc,18,500,S0587,49,layer4.0.conv2.weight,2359296,false,true,pinned,314,-0.0616225356247964,0.0616225356247964,0.0615958882495761,0,1,"`ctd1`, 6 runs, 100 ep | Scalar all/pinned/unpinned phases are retained. Layerwise exports all records only: the input's duplicate 'unpinned' alias is not a physical layerwise phase. Positive L lowers beta.",Lion direction units; vote fractions; record counts
sc,18,500,S0587,49,layer4.0.conv2.weight,2359296,false,true,unpinned,186,-0.038488114902746,0.038488114902746,0.0493016881868243,0,1,"`ctd1`, 6 runs, 100 ep | Scalar all/pinned/unpinned phases are retained. Layerwise exports all records only: the input's duplicate 'unpinned' alias is not a physical layerwise phase. Positive L lowers beta.",Lion direction units; vote fractions; record counts
sc,18,500,S0587,50,layer4.0.bn2.weight,512,true,false,all,500,0.243669628216079,0.243691668742607,0.299349401891232,0.894,0.106,"`ctd1`, 6 runs, 100 ep | Scalar all/pinned/unpinned phases are retained. Layerwise exports all records only: the input's duplicate 'unpinned' alias is not a physical layerwise phase. Positive L lowers beta.",Lion direction units; vote fractions; record counts
sc,18,500,S0587,50,layer4.0.bn2.weight,512,true,false,pinned,314,0.301294993623427,0.301294993623427,0.301356744766235,1,0,"`ctd1`, 6 runs, 100 ep | Scalar all/pinned/unpinned phases are retained. Layerwise exports all records only: the input's duplicate 'unpinned' alias is not a physical layerwise phase. Positive L lowers beta.",Lion direction units; vote fractions; record counts
sc,18,500,S0587,50,layer4.0.bn2.weight,512,true,false,unpinned,186,0.146388097367115,0.146447346094341,0.143076575547457,0.71505376344086,0.28494623655914,"`ctd1`, 6 runs, 100 ep | Scalar all/pinned/unpinned phases are retained. Layerwise exports all records only: the input's duplicate 'unpinned' alias is not a physical layerwise phase. Positive L lowers beta.",Lion direction units; vote fractions; record counts
sc,18,500,S0587,51,layer4.0.bn2.bias,512,false,false,all,500,-0.000941824976267394,0.000941824976267394,0.0011730780126527,0,0.998,"`ctd1`, 6 runs, 100 ep | Scalar all/pinned/unpinned phases are retained. Layerwise exports all records only: the input's duplicate 'unpinned' alias is not a physical layerwise phase. Positive L lowers beta.",Lion direction units; vote fractions; record counts
sc,18,500,S0587,51,layer4.0.bn2.bias,512,false,false,pinned,314,-0.00117883576218493,0.00117883576218493,0.00117995243053883,0,1,"`ctd1`, 6 runs, 100 ep | Scalar all/pinned/unpinned phases are retained. Layerwise exports all records only: the input's duplicate 'unpinned' alias is not a physical layerwise phase. Positive L lowers beta.",Lion direction units; vote fractions; record counts
sc,18,500,S0587,51,layer4.0.bn2.bias,512,false,false,unpinned,186,-0.00054170999358941,0.00054170999358941,0.000365884543862194,0,0.994623655913978,"`ctd1`, 6 runs, 100 ep | Scalar all/pinned/unpinned phases are retained. Layerwise exports all records only: the input's duplicate 'unpinned' alias is not a physical layerwise phase. Positive L lowers beta.",Lion direction units; vote fractions; record counts
sc,18,500,S0587,52,layer4.0.shortcut.0.weight,131072,false,false,all,500,-0.0495267702615926,0.0495267702615926,0.0605842411518097,0,1,"`ctd1`, 6 runs, 100 ep | Scalar all/pinned/unpinned phases are retained. Layerwise exports all records only: the input's duplicate 'unpinned' alias is not a physical layerwise phase. Positive L lowers beta.",Lion direction units; vote fractions; record counts
sc,18,500,S0587,52,layer4.0.shortcut.0.weight,131072,false,false,pinned,314,-0.0610698779807634,0.0610698779807634,0.0611006181687117,0,1,"`ctd1`, 6 runs, 100 ep | Scalar all/pinned/unpinned phases are retained. Layerwise exports all records only: the input's duplicate 'unpinned' alias is not a physical layerwise phase. Positive L lowers beta.",Lion direction units; vote fractions; record counts
sc,18,500,S0587,52,layer4.0.shortcut.0.weight,131072,false,false,unpinned,186,-0.0300400185206269,0.0300400185206269,0.0281099634245038,0,1,"`ctd1`, 6 runs, 100 ep | Scalar all/pinned/unpinned phases are retained. Layerwise exports all records only: the input's duplicate 'unpinned' alias is not a physical layerwise phase. Positive L lowers beta.",Lion direction units; vote fractions; record counts
sc,18,500,S0587,53,layer4.0.shortcut.1.weight,512,true,false,all,500,0.162032520182484,0.162062715732867,0.199752162396908,0.888,0.112,"`ctd1`, 6 runs, 100 ep | Scalar all/pinned/unpinned phases are retained. Layerwise exports all records only: the input's duplicate 'unpinned' alias is not a physical layerwise phase. Positive L lowers beta.",Lion direction units; vote fractions; record counts
sc,18,500,S0587,53,layer4.0.shortcut.1.weight,512,true,false,pinned,314,0.201099380376233,0.201099380376233,0.201176199316978,1,0,"`ctd1`, 6 runs, 100 ep | Scalar all/pinned/unpinned phases are retained. Layerwise exports all records only: the input's duplicate 'unpinned' alias is not a physical layerwise phase. Positive L lowers beta.",Lion direction units; vote fractions; record counts
sc,18,500,S0587,53,layer4.0.shortcut.1.weight,512,true,false,unpinned,186,0.0960809389951888,0.09616210982955,0.0845556579530239,0.698924731182796,0.301075268817204,"`ctd1`, 6 runs, 100 ep | Scalar all/pinned/unpinned phases are retained. Layerwise exports all records only: the input's duplicate 'unpinned' alias is not a physical layerwise phase. Positive L lowers beta.",Lion direction units; vote fractions; record counts
sc,18,500,S0587,54,layer4.0.shortcut.1.bias,512,false,false,all,500,-0.000941824976267394,0.000941824976267394,0.0011730780126527,0,0.998,"`ctd1`, 6 runs, 100 ep | Scalar all/pinned/unpinned phases are retained. Layerwise exports all records only: the input's duplicate 'unpinned' alias is not a physical layerwise phase. Positive L lowers beta.",Lion direction units; vote fractions; record counts
sc,18,500,S0587,54,layer4.0.shortcut.1.bias,512,false,false,pinned,314,-0.00117883576218493,0.00117883576218493,0.00117995243053883,0,1,"`ctd1`, 6 runs, 100 ep | Scalar all/pinned/unpinned phases are retained. Layerwise exports all records only: the input's duplicate 'unpinned' alias is not a physical layerwise phase. Positive L lowers beta.",Lion direction units; vote fractions; record counts
sc,18,500,S0587,54,layer4.0.shortcut.1.bias,512,false,false,unpinned,186,-0.00054170999358941,0.00054170999358941,0.000365884543862194,0,0.994623655913978,"`ctd1`, 6 runs, 100 ep | Scalar all/pinned/unpinned phases are retained. Layerwise exports all records only: the input's duplicate 'unpinned' alias is not a physical layerwise phase. Positive L lowers beta.",Lion direction units; vote fractions; record counts
sc,18,500,S0587,55,layer4.1.conv1.weight,2359296,false,false,all,500,-0.0225551045963534,0.0225551045963534,0.0249413357116282,0.002,0.998,"`ctd1`, 6 runs, 100 ep | Scalar all/pinned/unpinned phases are retained. Layerwise exports all records only: the input's duplicate 'unpinned' alias is not a physical layerwise phase. Positive L lowers beta.",Lion direction units; vote fractions; record counts
sc,18,500,S0587,55,layer4.1.conv1.weight,2359296,false,false,pinned,314,-0.0251122055627157,0.0251122055627157,0.0251336438581347,0,1,"`ctd1`, 6 runs, 100 ep | Scalar all/pinned/unpinned phases are retained. Layerwise exports all records only: the input's duplicate 'unpinned' alias is not a physical layerwise phase. Positive L lowers beta.",Lion direction units; vote fractions; record counts
sc,18,500,S0587,55,layer4.1.conv1.weight,2359296,false,false,unpinned,186,-0.0182382782337848,0.0182382782337848,0.0238620813004673,0.00537634408602151,0.994623655913978,"`ctd1`, 6 runs, 100 ep | Scalar all/pinned/unpinned phases are retained. Layerwise exports all records only: the input's duplicate 'unpinned' alias is not a physical layerwise phase. Positive L lowers beta.",Lion direction units; vote fractions; record counts
sc,18,500,S0587,56,layer4.1.bn1.weight,512,false,false,all,500,0.00126606545685857,0.00126638431893204,0.00159616536693648,0.836,0.164,"`ctd1`, 6 runs, 100 ep | Scalar all/pinned/unpinned phases are retained. Layerwise exports all records only: the input's duplicate 'unpinned' alias is not a physical layerwise phase. Positive L lowers beta.",Lion direction units; vote fractions; record counts
sc,18,500,S0587,56,layer4.1.bn1.weight,512,false,false,pinned,314,0.00160725019150339,0.00160725019150339,0.00160606623976491,1,0,"`ctd1`, 6 runs, 100 ep | Scalar all/pinned/unpinned phases are retained. Layerwise exports all records only: the input's duplicate 'unpinned' alias is not a physical layerwise phase. Positive L lowers beta.",Lion direction units; vote fractions; record counts
sc,18,500,S0587,56,layer4.1.bn1.weight,512,false,false,unpinned,186,0.000690086926329135,0.000690944082440615,0.000205761443794472,0.559139784946237,0.440860215053763,"`ctd1`, 6 runs, 100 ep | Scalar all/pinned/unpinned phases are retained. Layerwise exports all records only: the input's duplicate 'unpinned' alias is not a physical layerwise phase. Positive L lowers beta.",Lion direction units; vote fractions; record counts
sc,18,500,S0587,57,layer4.1.bn1.bias,512,false,false,all,500,-2.01389340530126e-06,2.01389340530126e-06,2.19943654542476e-06,0,0.998,"`ctd1`, 6 runs, 100 ep | Scalar all/pinned/unpinned phases are retained. Layerwise exports all records only: the input's duplicate 'unpinned' alias is not a physical layerwise phase. Positive L lowers beta.",Lion direction units; vote fractions; record counts
sc,18,500,S0587,57,layer4.1.bn1.bias,512,false,false,pinned,314,-2.24211959102038e-06,2.24211959102038e-06,2.22707218426876e-06,0,1,"`ctd1`, 6 runs, 100 ep | Scalar all/pinned/unpinned phases are retained. Layerwise exports all records only: the input's duplicate 'unpinned' alias is not a physical layerwise phase. Positive L lowers beta.",Lion direction units; vote fractions; record counts
sc,18,500,S0587,57,layer4.1.bn1.bias,512,false,false,unpinned,186,-1.62860833908725e-06,1.62860833908725e-06,2.03670869325379e-06,0,0.994623655913978,"`ctd1`, 6 runs, 100 ep | Scalar all/pinned/unpinned phases are retained. Layerwise exports all records only: the input's duplicate 'unpinned' alias is not a physical layerwise phase. Positive L lowers beta.",Lion direction units; vote fractions; record counts
sc,18,500,S0587,58,layer4.1.conv2.weight,2359296,false,true,all,500,-0.0454127986601217,0.0454127986601217,0.0511342922225595,0,1,"`ctd1`, 6 runs, 100 ep | Scalar all/pinned/unpinned phases are retained. Layerwise exports all records only: the input's duplicate 'unpinned' alias is not a physical layerwise phase. Positive L lowers beta.",Lion direction units; vote fractions; record counts
sc,18,500,S0587,58,layer4.1.conv2.weight,2359296,false,true,pinned,314,-0.0513919654426871,0.0513919654426871,0.0513737155124545,0,1,"`ctd1`, 6 runs, 100 ep | Scalar all/pinned/unpinned phases are retained. Layerwise exports all records only: the input's duplicate 'unpinned' alias is not a physical layerwise phase. Positive L lowers beta.",Lion direction units; vote fractions; record counts
sc,18,500,S0587,58,layer4.1.conv2.weight,2359296,false,true,unpinned,186,-0.0353189364572962,0.0353189364572962,0.0488114783540368,0,1,"`ctd1`, 6 runs, 100 ep | Scalar all/pinned/unpinned phases are retained. Layerwise exports all records only: the input's duplicate 'unpinned' alias is not a physical layerwise phase. Positive L lowers beta.",Lion direction units; vote fractions; record counts
sc,18,500,S0587,59,layer4.1.bn2.weight,512,true,false,all,500,0.276001477233333,0.276025842380792,0.338302904367447,0.896,0.104,"`ctd1`, 6 runs, 100 ep | Scalar all/pinned/unpinned phases are retained. Layerwise exports all records only: the input's duplicate 'unpinned' alias is not a physical layerwise phase. Positive L lowers beta.",Lion direction units; vote fractions; record counts
sc,18,500,S0587,59,layer4.1.bn2.weight,512,true,false,pinned,314,0.340507193332075,0.340507193332075,0.340556906163692,1,0,"`ctd1`, 6 runs, 100 ep | Scalar all/pinned/unpinned phases are retained. Layerwise exports all records only: the input's duplicate 'unpinned' alias is not a physical layerwise phase. Positive L lowers beta.",Lion direction units; vote fractions; record counts
sc,18,500,S0587,59,layer4.1.bn2.weight,512,true,false,unpinned,186,0.167104730701048,0.167170228409272,0.170873354375362,0.720430107526882,0.279569892473118,"`ctd1`, 6 runs, 100 ep | Scalar all/pinned/unpinned phases are retained. Layerwise exports all records only: the input's duplicate 'unpinned' alias is not a physical layerwise phase. Positive L lowers beta.",Lion direction units; vote fractions; record counts
sc,18,500,S0587,60,layer4.1.bn2.bias,512,false,false,all,500,-0.00111783101339276,0.00111783101339276,0.00139020500937477,0,0.998,"`ctd1`, 6 runs, 100 ep | Scalar all/pinned/unpinned phases are retained. Layerwise exports all records only: the input's duplicate 'unpinned' alias is not a physical layerwise phase. Positive L lowers beta.",Lion direction units; vote fractions; record counts
sc,18,500,S0587,60,layer4.1.bn2.bias,512,false,false,pinned,314,-0.00139607647381972,0.00139607647381972,0.00139653601800092,0,1,"`ctd1`, 6 runs, 100 ep | Scalar all/pinned/unpinned phases are retained. Layerwise exports all records only: the input's duplicate 'unpinned' alias is not a physical layerwise phase. Positive L lowers beta.",Lion direction units; vote fractions; record counts
sc,18,500,S0587,60,layer4.1.bn2.bias,512,false,false,unpinned,186,-0.000648104806005299,0.000648104806005299,0.000461400029598735,0,0.994623655913978,"`ctd1`, 6 runs, 100 ep | Scalar all/pinned/unpinned phases are retained. Layerwise exports all records only: the input's duplicate 'unpinned' alias is not a physical layerwise phase. Positive L lowers beta.",Lion direction units; vote fractions; record counts
sc,18,500,S0587,61,linear.weight,51200,false,true,all,500,-0.114957604388622,0.114957604388622,0.137194521725178,0,1,"`ctd1`, 6 runs, 100 ep | Scalar all/pinned/unpinned phases are retained. Layerwise exports all records only: the input's duplicate 'unpinned' alias is not a physical layerwise phase. Positive L lowers beta.",Lion direction units; vote fractions; record counts
sc,18,500,S0587,61,linear.weight,51200,false,true,pinned,314,-0.138314380745884,0.138314380745884,0.138367952406406,0,1,"`ctd1`, 6 runs, 100 ep | Scalar all/pinned/unpinned phases are retained. Layerwise exports all records only: the input's duplicate 'unpinned' alias is not a physical layerwise phase. Positive L lowers beta.",Lion direction units; vote fractions; record counts
sc,18,500,S0587,61,linear.weight,51200,false,true,unpinned,186,-0.0755273475274382,0.0755273475274382,0.0561749763786793,0,1,"`ctd1`, 6 runs, 100 ep | Scalar all/pinned/unpinned phases are retained. Layerwise exports all records only: the input's duplicate 'unpinned' alias is not a physical layerwise phase. Positive L lowers beta.",Lion direction units; vote fractions; record counts
sc,18,500,S0587,62,linear.bias,100,false,false,all,500,-0.000148463456478429,0.000153658518613362,0.000140097092662472,0.068,0.932,"`ctd1`, 6 runs, 100 ep | Scalar all/pinned/unpinned phases are retained. Layerwise exports all records only: the input's duplicate 'unpinned' alias is not a physical layerwise phase. Positive L lowers beta.",Lion direction units; vote fractions; record counts
sc,18,500,S0587,62,linear.bias,100,false,false,pinned,314,-0.000175477151628187,0.00017834138103168,0.000175134882010752,0.0605095541401274,0.939490445859873,"`ctd1`, 6 runs, 100 ep | Scalar all/pinned/unpinned phases are retained. Layerwise exports all records only: the input's duplicate 'unpinned' alias is not a physical layerwise phase. Positive L lowers beta.",Lion direction units; vote fractions; record counts
sc,18,500,S0587,62,linear.bias,100,false,false,unpinned,186,-0.000102859691548194,0.000111989600337278,9.05217915715184e-05,0.0806451612903226,0.919354838709677,"`ctd1`, 6 runs, 100 ep | Scalar all/pinned/unpinned phases are retained. Layerwise exports all records only: the input's duplicate 'unpinned' alias is not a physical layerwise phase. Positive L lowers beta.",Lion direction units; vote fractions; record counts
sc,19,500,S0588,1,conv1.weight,1728,false,false,all,500,-0.00349254930958783,0.00695402083827749,0.0056708927731961,0.302,0.698,"`ctd1`, 6 runs, 100 ep | Scalar all/pinned/unpinned phases are retained. Layerwise exports all records only: the input's duplicate 'unpinned' alias is not a physical layerwise phase. Positive L lowers beta.",Lion direction units; vote fractions; record counts
sc,19,500,S0588,1,conv1.weight,1728,false,false,pinned,315,-0.00474706707059846,0.00831934546970019,0.0072198866866529,0.314285714285714,0.685714285714286,"`ctd1`, 6 runs, 100 ep | Scalar all/pinned/unpinned phases are retained. Layerwise exports all records only: the input's duplicate 'unpinned' alias is not a physical layerwise phase. Positive L lowers beta.",Lion direction units; vote fractions; record counts
sc,19,500,S0588,1,conv1.weight,1728,false,false,unpinned,185,-0.00135647852732649,0.00462927889828748,0.00154710258357227,0.281081081081081,0.718918918918919,"`ctd1`, 6 runs, 100 ep | Scalar all/pinned/unpinned phases are retained. Layerwise exports all records only: the input's duplicate 'unpinned' alias is not a physical layerwise phase. Positive L lowers beta.",Lion direction units; vote fractions; record counts
sc,19,500,S0588,2,bn1.weight,64,false,false,all,500,-0.00517608141933197,0.00573850466506425,0.00538739446783438,0.19,0.81,"`ctd1`, 6 runs, 100 ep | Scalar all/pinned/unpinned phases are retained. Layerwise exports all records only: the input's duplicate 'unpinned' alias is not a physical layerwise phase. Positive L lowers beta.",Lion direction units; vote fractions; record counts
sc,19,500,S0588,2,bn1.weight,64,false,false,pinned,315,-0.00641104631319029,0.00711700302732569,0.00671161557547748,0.107936507936508,0.892063492063492,"`ctd1`, 6 runs, 100 ep | Scalar all/pinned/unpinned phases are retained. Layerwise exports all records only: the input's duplicate 'unpinned' alias is not a physical layerwise phase. Positive L lowers beta.",Lion direction units; vote fractions; record counts
sc,19,500,S0588,2,bn1.weight,64,false,false,unpinned,185,-0.00307330335681647,0.00339133177797044,0.000961823278339579,0.32972972972973,0.67027027027027,"`ctd1`, 6 runs, 100 ep | Scalar all/pinned/unpinned phases are retained. Layerwise exports all records only: the input's duplicate 'unpinned' alias is not a physical layerwise phase. Positive L lowers beta.",Lion direction units; vote fractions; record counts
sc,19,500,S0588,3,bn1.bias,64,false,false,all,500,-0.000101893401086061,0.000107908598937899,9.65480863669654e-05,0.064,0.934,"`ctd1`, 6 runs, 100 ep | Scalar all/pinned/unpinned phases are retained. Layerwise exports all records only: the input's duplicate 'unpinned' alias is not a physical layerwise phase. Positive L lowers beta.",Lion direction units; vote fractions; record counts
sc,19,500,S0588,3,bn1.bias,64,false,false,pinned,315,-0.000123810404601976,0.000132696120168071,0.000121399946510792,0.0761904761904762,0.923809523809524,"`ctd1`, 6 runs, 100 ep | Scalar all/pinned/unpinned phases are retained. Layerwise exports all records only: the input's duplicate 'unpinned' alias is not a physical layerwise phase. Positive L lowers beta.",Lion direction units; vote fractions; record counts
sc,19,500,S0588,3,bn1.bias,64,false,false,unpinned,185,-6.45752599643679e-05,6.57028195459835e-05,2.20525927943527e-05,0.0432432432432432,0.951351351351351,"`ctd1`, 6 runs, 100 ep | Scalar all/pinned/unpinned phases are retained. Layerwise exports all records only: the input's duplicate 'unpinned' alias is not a physical layerwise phase. Positive L lowers beta.",Lion direction units; vote fractions; record counts
sc,19,500,S0588,4,layer1.0.conv1.weight,36864,false,false,all,500,-0.0151684720737012,0.0160863698575735,0.0165627957321703,0.054,0.946,"`ctd1`, 6 runs, 100 ep | Scalar all/pinned/unpinned phases are retained. Layerwise exports all records only: the input's duplicate 'unpinned' alias is not a physical layerwise phase. Positive L lowers beta.",Lion direction units; vote fractions; record counts
sc,19,500,S0588,4,layer1.0.conv1.weight,36864,false,false,pinned,315,-0.0201493996616808,0.0201493996616808,0.0204300155863166,0,1,"`ctd1`, 6 runs, 100 ep | Scalar all/pinned/unpinned phases are retained. Layerwise exports all records only: the input's duplicate 'unpinned' alias is not a physical layerwise phase. Positive L lowers beta.",Lion direction units; vote fractions; record counts
sc,19,500,S0588,4,layer1.0.conv1.weight,36864,false,false,unpinned,185,-0.00668743320768206,0.00916823802895835,0.00639257938601077,0.145945945945946,0.854054054054054,"`ctd1`, 6 runs, 100 ep | Scalar all/pinned/unpinned phases are retained. Layerwise exports all records only: the input's duplicate 'unpinned' alias is not a physical layerwise phase. Positive L lowers beta.",Lion direction units; vote fractions; record counts
sc,19,500,S0588,5,layer1.0.bn1.weight,64,false,false,all,500,-4.18118450586701e-05,6.6275383970766e-05,4.89429799245045e-05,0.226,0.774,"`ctd1`, 6 runs, 100 ep | Scalar all/pinned/unpinned phases are retained. Layerwise exports all records only: the input's duplicate 'unpinned' alias is not a physical layerwise phase. Positive L lowers beta.",Lion direction units; vote fractions; record counts
sc,19,500,S0588,5,layer1.0.bn1.weight,64,false,false,pinned,315,-5.15239107937218e-05,8.36331771970724e-05,6.99467687809374e-05,0.253968253968254,0.746031746031746,"`ctd1`, 6 runs, 100 ep | Scalar all/pinned/unpinned phases are retained. Layerwise exports all records only: the input's duplicate 'unpinned' alias is not a physical layerwise phase. Positive L lowers beta.",Lion direction units; vote fractions; record counts
sc,19,500,S0588,5,layer1.0.bn1.weight,64,false,false,unpinned,185,-2.52750844827714e-05,3.67202225313793e-05,8.50283138333907e-06,0.178378378378378,0.821621621621622,"`ctd1`, 6 runs, 100 ep | Scalar all/pinned/unpinned phases are retained. Layerwise exports all records only: the input's duplicate 'unpinned' alias is not a physical layerwise phase. Positive L lowers beta.",Lion direction units; vote fractions; record counts
sc,19,500,S0588,6,layer1.0.bn1.bias,64,false,false,all,500,-8.40741493258343e-06,1.54822760920472e-05,1.17322303140099e-05,0.28,0.718,"`ctd1`, 6 runs, 100 ep | Scalar all/pinned/unpinned phases are retained. Layerwise exports all records only: the input's duplicate 'unpinned' alias is not a physical layerwise phase. Positive L lowers beta.",Lion direction units; vote fractions; record counts
sc,19,500,S0588,6,layer1.0.bn1.bias,64,false,false,pinned,315,-9.99378828196999e-06,1.85908356533966e-05,1.55000230734004e-05,0.317460317460317,0.682539682539683,"`ctd1`, 6 runs, 100 ep | Scalar all/pinned/unpinned phases are retained. Layerwise exports all records only: the input's duplicate 'unpinned' alias is not a physical layerwise phase. Positive L lowers beta.",Lion direction units; vote fractions; record counts
sc,19,500,S0588,6,layer1.0.bn1.bias,64,false,false,unpinned,185,-5.7062927430874e-06,1.01893233254253e-05,3.58391589543316e-06,0.216216216216216,0.778378378378378,"`ctd1`, 6 runs, 100 ep | Scalar all/pinned/unpinned phases are retained. Layerwise exports all records only: the input's duplicate 'unpinned' alias is not a physical layerwise phase. Positive L lowers beta.",Lion direction units; vote fractions; record counts
sc,19,500,S0588,7,layer1.0.conv2.weight,36864,false,false,all,500,-0.0149986087472087,0.0153329012243218,0.0172606677748263,0.028,0.972,"`ctd1`, 6 runs, 100 ep | Scalar all/pinned/unpinned phases are retained. Layerwise exports all records only: the input's duplicate 'unpinned' alias is not a physical layerwise phase. Positive L lowers beta.",Lion direction units; vote fractions; record counts
sc,19,500,S0588,7,layer1.0.conv2.weight,36864,false,false,pinned,315,-0.0190079061833343,0.0190079061833343,0.019072606600821,0,1,"`ctd1`, 6 runs, 100 ep | Scalar all/pinned/unpinned phases are retained. Layerwise exports all records only: the input's duplicate 'unpinned' alias is not a physical layerwise phase. Positive L lowers beta.",Lion direction units; vote fractions; record counts
sc,19,500,S0588,7,layer1.0.conv2.weight,36864,false,false,unpinned,185,-0.00817196716677844,0.00907546034816546,0.00552477319724858,0.0756756756756757,0.924324324324324,"`ctd1`, 6 runs, 100 ep | Scalar all/pinned/unpinned phases are retained. Layerwise exports all records only: the input's duplicate 'unpinned' alias is not a physical layerwise phase. Positive L lowers beta.",Lion direction units; vote fractions; record counts
sc,19,500,S0588,8,layer1.0.bn2.weight,64,false,false,all,500,-4.21367510901109e-05,0.00313487169854348,0.00230922279588412,0.48,0.52,"`ctd1`, 6 runs, 100 ep | Scalar all/pinned/unpinned phases are retained. Layerwise exports all records only: the input's duplicate 'unpinned' alias is not a physical layerwise phase. Positive L lowers beta.",Lion direction units; vote fractions; record counts
sc,19,500,S0588,8,layer1.0.bn2.weight,64,false,false,pinned,315,-2.08406043396006e-05,0.00381088337242892,0.00289166518487036,0.492063492063492,0.507936507936508,"`ctd1`, 6 runs, 100 ep | Scalar all/pinned/unpinned phases are retained. Layerwise exports all records only: the input's duplicate 'unpinned' alias is not a physical layerwise phase. Positive L lowers beta.",Lion direction units; vote fractions; record counts
sc,19,500,S0588,8,layer1.0.bn2.weight,64,false,false,unpinned,185,-7.83977577193583e-05,0.00198382479436018,0.000662884232588112,0.459459459459459,0.540540540540541,"`ctd1`, 6 runs, 100 ep | Scalar all/pinned/unpinned phases are retained. Layerwise exports all records only: the input's duplicate 'unpinned' alias is not a physical layerwise phase. Positive L lowers beta.",Lion direction units; vote fractions; record counts
sc,19,500,S0588,9,layer1.0.bn2.bias,64,false,false,all,500,-3.1992497258168e-06,7.68774077078069e-06,6.00160296926333e-06,0.306,0.692,"`ctd1`, 6 runs, 100 ep | Scalar all/pinned/unpinned phases are retained. Layerwise exports all records only: the input's duplicate 'unpinned' alias is not a physical layerwise phase. Positive L lowers beta.",Lion direction units; vote fractions; record counts
sc,19,500,S0588,9,layer1.0.bn2.bias,64,false,false,pinned,315,-3.34177005697711e-06,9.10115803011404e-06,7.86648361099651e-06,0.365079365079365,0.634920634920635,"`ctd1`, 6 runs, 100 ep | Scalar all/pinned/unpinned phases are retained. Layerwise exports all records only: the input's duplicate 'unpinned' alias is not a physical layerwise phase. Positive L lowers beta.",Lion direction units; vote fractions; record counts
sc,19,500,S0588,9,layer1.0.bn2.bias,64,false,false,unpinned,185,-2.95657997276005e-06,5.28111138326715e-06,2.71165943672713e-06,0.205405405405405,0.789189189189189,"`ctd1`, 6 runs, 100 ep | Scalar all/pinned/unpinned phases are retained. Layerwise exports all records only: the input's duplicate 'unpinned' alias is not a physical layerwise phase. Positive L lowers beta.",Lion direction units; vote fractions; record counts
sc,19,500,S0588,10,layer1.1.conv1.weight,36864,false,false,all,500,-0.0103703125953947,0.0105527042997228,0.0115236273035407,0.032,0.968,"`ctd1`, 6 runs, 100 ep | Scalar all/pinned/unpinned phases are retained. Layerwise exports all records only: the input's duplicate 'unpinned' alias is not a physical layerwise phase. Positive L lowers beta.",Lion direction units; vote fractions; record counts
sc,19,500,S0588,10,layer1.1.conv1.weight,36864,false,false,pinned,315,-0.0132187603298752,0.0132187603298752,0.0130582589656115,0,1,"`ctd1`, 6 runs, 100 ep | Scalar all/pinned/unpinned phases are retained. Layerwise exports all records only: the input's duplicate 'unpinned' alias is not a physical layerwise phase. Positive L lowers beta.",Lion direction units; vote fractions; record counts
sc,19,500,S0588,10,layer1.1.conv1.weight,36864,false,false,unpinned,185,-0.00552025293938744,0.00601320349162554,0.00359814330004156,0.0864864864864865,0.913513513513514,"`ctd1`, 6 runs, 100 ep | Scalar all/pinned/unpinned phases are retained. Layerwise exports all records only: the input's duplicate 'unpinned' alias is not a physical layerwise phase. Positive L lowers beta.",Lion direction units; vote fractions; record counts
sc,19,500,S0588,11,layer1.1.bn1.weight,64,false,false,all,500,7.32816705365712e-06,2.61711665183784e-05,1.99918111093211e-05,0.46,0.54,"`ctd1`, 6 runs, 100 ep | Scalar all/pinned/unpinned phases are retained. Layerwise exports all records only: the input's duplicate 'unpinned' alias is not a physical layerwise phase. Positive L lowers beta.",Lion direction units; vote fractions; record counts
sc,19,500,S0588,11,layer1.1.bn1.weight,64,false,false,pinned,315,9.59670268934411e-06,3.24576027949774e-05,2.6339581108914e-05,0.565079365079365,0.434920634920635,"`ctd1`, 6 runs, 100 ep | Scalar all/pinned/unpinned phases are retained. Layerwise exports all records only: the input's duplicate 'unpinned' alias is not a physical layerwise phase. Positive L lowers beta.",Lion direction units; vote fractions; record counts
sc,19,500,S0588,11,layer1.1.bn1.weight,64,false,false,unpinned,185,3.46552529559549e-06,1.54672344798449e-05,4.50720028197793e-06,0.281081081081081,0.718918918918919,"`ctd1`, 6 runs, 100 ep | Scalar all/pinned/unpinned phases are retained. Layerwise exports all records only: the input's duplicate 'unpinned' alias is not a physical layerwise phase. Positive L lowers beta.",Lion direction units; vote fractions; record counts
sc,19,500,S0588,12,layer1.1.bn1.bias,64,false,false,all,500,-3.95048651386061e-06,5.80707296161291e-06,4.54509730047903e-06,0.214,0.784,"`ctd1`, 6 runs, 100 ep | Scalar all/pinned/unpinned phases are retained. Layerwise exports all records only: the input's duplicate 'unpinned' alias is not a physical layerwise phase. Positive L lowers beta.",Lion direction units; vote fractions; record counts
sc,19,500,S0588,12,layer1.1.bn1.bias,64,false,false,pinned,315,-4.800596512355e-06,7.0605757166829e-06,6.02736358814582e-06,0.244444444444444,0.755555555555556,"`ctd1`, 6 runs, 100 ep | Scalar all/pinned/unpinned phases are retained. Layerwise exports all records only: the input's duplicate 'unpinned' alias is not a physical layerwise phase. Positive L lowers beta.",Lion direction units; vote fractions; record counts
sc,19,500,S0588,12,layer1.1.bn1.bias,64,false,false,unpinned,185,-2.50300192182961e-06,3.67273043270996e-06,1.6634756093481e-06,0.162162162162162,0.832432432432432,"`ctd1`, 6 runs, 100 ep | Scalar all/pinned/unpinned phases are retained. Layerwise exports all records only: the input's duplicate 'unpinned' alias is not a physical layerwise phase. Positive L lowers beta.",Lion direction units; vote fractions; record counts
sc,19,500,S0588,13,layer1.1.conv2.weight,36864,false,false,all,500,-0.00975345215904638,0.00984426005535219,0.0111299698706716,0.024,0.976,"`ctd1`, 6 runs, 100 ep | Scalar all/pinned/unpinned phases are retained. Layerwise exports all records only: the input's duplicate 'unpinned' alias is not a physical layerwise phase. Positive L lowers beta.",Lion direction units; vote fractions; record counts
sc,19,500,S0588,13,layer1.1.conv2.weight,36864,false,false,pinned,315,-0.0123071364405018,0.0123071364405018,0.0123249451629817,0,1,"`ctd1`, 6 runs, 100 ep | Scalar all/pinned/unpinned phases are retained. Layerwise exports all records only: the input's duplicate 'unpinned' alias is not a physical layerwise phase. Positive L lowers beta.",Lion direction units; vote fractions; record counts
sc,19,500,S0588,13,layer1.1.conv2.weight,36864,false,false,unpinned,185,-0.00540528703116283,0.00565071377793527,0.00361275849863887,0.0648648648648649,0.935135135135135,"`ctd1`, 6 runs, 100 ep | Scalar all/pinned/unpinned phases are retained. Layerwise exports all records only: the input's duplicate 'unpinned' alias is not a physical layerwise phase. Positive L lowers beta.",Lion direction units; vote fractions; record counts
sc,19,500,S0588,14,layer1.1.bn2.weight,64,false,false,all,500,0.00488539681494563,0.00494924299313217,0.00499671433353797,0.892,0.108,"`ctd1`, 6 runs, 100 ep | Scalar all/pinned/unpinned phases are retained. Layerwise exports all records only: the input's duplicate 'unpinned' alias is not a physical layerwise phase. Positive L lowers beta.",Lion direction units; vote fractions; record counts
sc,19,500,S0588,14,layer1.1.bn2.weight,64,false,false,pinned,315,0.00603150117347786,0.00606251511534321,0.00597704327665269,0.971428571428571,0.0285714285714286,"`ctd1`, 6 runs, 100 ep | Scalar all/pinned/unpinned phases are retained. Layerwise exports all records only: the input's duplicate 'unpinned' alias is not a physical layerwise phase. Positive L lowers beta.",Lion direction units; vote fractions; record counts
sc,19,500,S0588,14,layer1.1.bn2.weight,64,false,false,unpinned,185,0.00293392182609346,0.00305367154179986,0.000904345148592256,0.756756756756757,0.243243243243243,"`ctd1`, 6 runs, 100 ep | Scalar all/pinned/unpinned phases are retained. Layerwise exports all records only: the input's duplicate 'unpinned' alias is not a physical layerwise phase. Positive L lowers beta.",Lion direction units; vote fractions; record counts
sc,19,500,S0588,15,layer1.1.bn2.bias,64,false,false,all,500,-2.07656280478094e-06,3.08459955976219e-06,2.42997820123492e-06,0.214,0.784,"`ctd1`, 6 runs, 100 ep | Scalar all/pinned/unpinned phases are retained. Layerwise exports all records only: the input's duplicate 'unpinned' alias is not a physical layerwise phase. Positive L lowers beta.",Lion direction units; vote fractions; record counts
sc,19,500,S0588,15,layer1.1.bn2.bias,64,false,false,pinned,315,-2.61049224557534e-06,3.73157259151495e-06,3.17700585128478e-06,0.234920634920635,0.765079365079365,"`ctd1`, 6 runs, 100 ep | Scalar all/pinned/unpinned phases are retained. Layerwise exports all records only: the input's duplicate 'unpinned' alias is not a physical layerwise phase. Positive L lowers beta.",Lion direction units; vote fractions; record counts
sc,19,500,S0588,15,layer1.1.bn2.bias,64,false,false,unpinned,185,-1.16743970288777e-06,1.98299683002099e-06,1.0301052725481e-06,0.178378378378378,0.816216216216216,"`ctd1`, 6 runs, 100 ep | Scalar all/pinned/unpinned phases are retained. Layerwise exports all records only: the input's duplicate 'unpinned' alias is not a physical layerwise phase. Positive L lowers beta.",Lion direction units; vote fractions; record counts
sc,19,500,S0588,16,layer2.0.conv1.weight,73728,false,false,all,500,-0.00997909863325895,0.0100296845745483,0.0115521947853267,0.016,0.984,"`ctd1`, 6 runs, 100 ep | Scalar all/pinned/unpinned phases are retained. Layerwise exports all records only: the input's duplicate 'unpinned' alias is not a physical layerwise phase. Positive L lowers beta.",Lion direction units; vote fractions; record counts
sc,19,500,S0588,16,layer2.0.conv1.weight,73728,false,false,pinned,315,-0.0126239476901376,0.0126239476901376,0.0126798602752388,0,1,"`ctd1`, 6 runs, 100 ep | Scalar all/pinned/unpinned phases are retained. Layerwise exports all records only: the input's duplicate 'unpinned' alias is not a physical layerwise phase. Positive L lowers beta.",Lion direction units; vote fractions; record counts
sc,19,500,S0588,16,layer2.0.conv1.weight,73728,false,false,unpinned,185,-0.00547570699587104,0.00561242575611244,0.00314199124695733,0.0432432432432432,0.956756756756757,"`ctd1`, 6 runs, 100 ep | Scalar all/pinned/unpinned phases are retained. Layerwise exports all records only: the input's duplicate 'unpinned' alias is not a physical layerwise phase. Positive L lowers beta.",Lion direction units; vote fractions; record counts
sc,19,500,S0588,17,layer2.0.bn1.weight,128,false,false,all,500,-2.83407539114794e-06,1.26147226857046e-05,9.60336230377834e-06,0.378,0.622,"`ctd1`, 6 runs, 100 ep | Scalar all/pinned/unpinned phases are retained. Layerwise exports all records only: the input's duplicate 'unpinned' alias is not a physical layerwise phase. Positive L lowers beta.",Lion direction units; vote fractions; record counts
sc,19,500,S0588,17,layer2.0.bn1.weight,128,false,false,pinned,315,-4.19804875767633e-06,1.5456399741944e-05,1.26212220948219e-05,0.415873015873016,0.584126984126984,"`ctd1`, 6 runs, 100 ep | Scalar all/pinned/unpinned phases are retained. Layerwise exports all records only: the input's duplicate 'unpinned' alias is not a physical layerwise phase. Positive L lowers beta.",Lion direction units; vote fractions; record counts
sc,19,500,S0588,17,layer2.0.bn1.weight,128,false,false,unpinned,185,-5.1163425354555e-07,7.77619148183756e-06,3.24746056321601e-06,0.313513513513514,0.686486486486486,"`ctd1`, 6 runs, 100 ep | Scalar all/pinned/unpinned phases are retained. Layerwise exports all records only: the input's duplicate 'unpinned' alias is not a physical layerwise phase. Positive L lowers beta.",Lion direction units; vote fractions; record counts
sc,19,500,S0588,18,layer2.0.bn1.bias,128,false,false,all,500,-2.04212990665808e-06,2.64283878611115e-06,2.14877324538065e-06,0.19,0.808,"`ctd1`, 6 runs, 100 ep | Scalar all/pinned/unpinned phases are retained. Layerwise exports all records only: the input's duplicate 'unpinned' alias is not a physical layerwise phase. Positive L lowers beta.",Lion direction units; vote fractions; record counts
sc,19,500,S0588,18,layer2.0.bn1.bias,128,false,false,pinned,315,-2.54814246543126e-06,3.21678522776697e-06,2.8709146363326e-06,0.187301587301587,0.812698412698413,"`ctd1`, 6 runs, 100 ep | Scalar all/pinned/unpinned phases are retained. Layerwise exports all records only: the input's duplicate 'unpinned' alias is not a physical layerwise phase. Positive L lowers beta.",Lion direction units; vote fractions; record counts
sc,19,500,S0588,18,layer2.0.bn1.bias,128,false,false,unpinned,185,-1.18054095523347e-06,1.6655786286972e-06,9.45767197890746e-07,0.194594594594595,0.8,"`ctd1`, 6 runs, 100 ep | Scalar all/pinned/unpinned phases are retained. Layerwise exports all records only: the input's duplicate 'unpinned' alias is not a physical layerwise phase. Positive L lowers beta.",Lion direction units; vote fractions; record counts
sc,19,500,S0588,19,layer2.0.conv2.weight,147456,false,false,all,500,-0.0149108214006345,0.0149304807393165,0.0174558503320441,0.006,0.994,"`ctd1`, 6 runs, 100 ep | Scalar all/pinned/unpinned phases are retained. Layerwise exports all records only: the input's duplicate 'unpinned' alias is not a physical layerwise phase. Positive L lowers beta.",Lion direction units; vote fractions; record counts
sc,19,500,S0588,19,layer2.0.conv2.weight,147456,false,false,pinned,315,-0.0186801658243325,0.0186801658243325,0.018531427718699,0,1,"`ctd1`, 6 runs, 100 ep | Scalar all/pinned/unpinned phases are retained. Layerwise exports all records only: the input's duplicate 'unpinned' alias is not a physical layerwise phase. Positive L lowers beta.",Lion direction units; vote fractions; record counts
sc,19,500,S0588,19,layer2.0.conv2.weight,147456,false,false,unpinned,185,-0.00849274846298655,0.00854588181077563,0.00574421351775527,0.0162162162162162,0.983783783783784,"`ctd1`, 6 runs, 100 ep | Scalar all/pinned/unpinned phases are retained. Layerwise exports all records only: the input's duplicate 'unpinned' alias is not a physical layerwise phase. Positive L lowers beta.",Lion direction units; vote fractions; record counts
sc,19,500,S0588,20,layer2.0.bn2.weight,128,false,false,all,500,0.00131612654443605,0.00194229070348355,0.00148561701353174,0.752,0.248,"`ctd1`, 6 runs, 100 ep | Scalar all/pinned/unpinned phases are retained. Layerwise exports all records only: the input's duplicate 'unpinned' alias is not a physical layerwise phase. Positive L lowers beta.",Lion direction units; vote fractions; record counts
sc,19,500,S0588,20,layer2.0.bn2.weight,128,false,false,pinned,315,0.00165581099772565,0.00235501792408271,0.00203456825111061,0.758730158730159,0.241269841269841,"`ctd1`, 6 runs, 100 ep | Scalar all/pinned/unpinned phases are retained. Layerwise exports all records only: the input's duplicate 'unpinned' alias is not a physical layerwise phase. Positive L lowers beta.",Lion direction units; vote fractions; record counts
sc,19,500,S0588,20,layer2.0.bn2.weight,128,false,false,unpinned,185,0.000737744907753759,0.00123953894949038,0.000361407491436694,0.740540540540541,0.259459459459459,"`ctd1`, 6 runs, 100 ep | Scalar all/pinned/unpinned phases are retained. Layerwise exports all records only: the input's duplicate 'unpinned' alias is not a physical layerwise phase. Positive L lowers beta.",Lion direction units; vote fractions; record counts
sc,19,500,S0588,21,layer2.0.bn2.bias,128,false,false,all,500,-3.10945948045093e-06,3.2990127805599e-06,3.02754936001293e-06,0.078,0.92,"`ctd1`, 6 runs, 100 ep | Scalar all/pinned/unpinned phases are retained. Layerwise exports all records only: the input's duplicate 'unpinned' alias is not a physical layerwise phase. Positive L lowers beta.",Lion direction units; vote fractions; record counts
sc,19,500,S0588,21,layer2.0.bn2.bias,128,false,false,pinned,315,-3.85432039436976e-06,4.06453764539839e-06,3.96798639030749e-06,0.0825396825396825,0.917460317460317,"`ctd1`, 6 runs, 100 ep | Scalar all/pinned/unpinned phases are retained. Layerwise exports all records only: the input's duplicate 'unpinned' alias is not a physical layerwise phase. Positive L lowers beta.",Lion direction units; vote fractions; record counts
sc,19,500,S0588,21,layer2.0.bn2.bias,128,false,false,unpinned,185,-1.84118278918372e-06,1.99555152421328e-06,1.44284149428131e-06,0.0702702702702703,0.924324324324324,"`ctd1`, 6 runs, 100 ep | Scalar all/pinned/unpinned phases are retained. Layerwise exports all records only: the input's duplicate 'unpinned' alias is not a physical layerwise phase. Positive L lowers beta.",Lion direction units; vote fractions; record counts
sc,19,500,S0588,22,layer2.0.shortcut.0.weight,8192,false,false,all,500,-0.00094742042989483,0.000954827549759195,0.00105473142466508,0.018,0.982,"`ctd1`, 6 runs, 100 ep | Scalar all/pinned/unpinned phases are retained. Layerwise exports all records only: the input's duplicate 'unpinned' alias is not a physical layerwise phase. Positive L lowers beta.",Lion direction units; vote fractions; record counts
sc,19,500,S0588,22,layer2.0.shortcut.0.weight,8192,false,false,pinned,315,-0.00119579781486195,0.00119579781486195,0.00119304578984156,0,1,"`ctd1`, 6 runs, 100 ep | Scalar all/pinned/unpinned phases are retained. Layerwise exports all records only: the input's duplicate 'unpinned' alias is not a physical layerwise phase. Positive L lowers beta.",Lion direction units; vote fractions; record counts
sc,19,500,S0588,22,layer2.0.shortcut.0.weight,8192,false,false,unpinned,185,-0.000524507585221094,0.000544526828097756,0.000362697488162667,0.0486486486486487,0.951351351351351,"`ctd1`, 6 runs, 100 ep | Scalar all/pinned/unpinned phases are retained. Layerwise exports all records only: the input's duplicate 'unpinned' alias is not a physical layerwise phase. Positive L lowers beta.",Lion direction units; vote fractions; record counts
sc,19,500,S0588,23,layer2.0.shortcut.1.weight,128,false,false,all,500,-0.01173394853004,0.0117365661723696,0.0137276633642614,0.032,0.968,"`ctd1`, 6 runs, 100 ep | Scalar all/pinned/unpinned phases are retained. Layerwise exports all records only: the input's duplicate 'unpinned' alias is not a physical layerwise phase. Positive L lowers beta.",Lion direction units; vote fractions; record counts
sc,19,500,S0588,23,layer2.0.shortcut.1.weight,128,false,false,pinned,315,-0.0147392022004351,0.0147392022004351,0.0146116684190929,0,1,"`ctd1`, 6 runs, 100 ep | Scalar all/pinned/unpinned phases are retained. Layerwise exports all records only: the input's duplicate 'unpinned' alias is not a physical layerwise phase. Positive L lowers beta.",Lion direction units; vote fractions; record counts
sc,19,500,S0588,23,layer2.0.shortcut.1.weight,128,false,false,unpinned,185,-0.006616894983151,0.00662396969215003,0.00414436506107449,0.0864864864864865,0.913513513513514,"`ctd1`, 6 runs, 100 ep | Scalar all/pinned/unpinned phases are retained. Layerwise exports all records only: the input's duplicate 'unpinned' alias is not a physical layerwise phase. Positive L lowers beta.",Lion direction units; vote fractions; record counts
sc,19,500,S0588,24,layer2.0.shortcut.1.bias,128,false,false,all,500,-3.10945948045093e-06,3.2990127805599e-06,3.02754936001293e-06,0.078,0.92,"`ctd1`, 6 runs, 100 ep | Scalar all/pinned/unpinned phases are retained. Layerwise exports all records only: the input's duplicate 'unpinned' alias is not a physical layerwise phase. Positive L lowers beta.",Lion direction units; vote fractions; record counts
sc,19,500,S0588,24,layer2.0.shortcut.1.bias,128,false,false,pinned,315,-3.85432039436976e-06,4.06453764539839e-06,3.96798639030749e-06,0.0825396825396825,0.917460317460317,"`ctd1`, 6 runs, 100 ep | Scalar all/pinned/unpinned phases are retained. Layerwise exports all records only: the input's duplicate 'unpinned' alias is not a physical layerwise phase. Positive L lowers beta.",Lion direction units; vote fractions; record counts
sc,19,500,S0588,24,layer2.0.shortcut.1.bias,128,false,false,unpinned,185,-1.84118278918372e-06,1.99555152421328e-06,1.44284149428131e-06,0.0702702702702703,0.924324324324324,"`ctd1`, 6 runs, 100 ep | Scalar all/pinned/unpinned phases are retained. Layerwise exports all records only: the input's duplicate 'unpinned' alias is not a physical layerwise phase. Positive L lowers beta.",Lion direction units; vote fractions; record counts
sc,19,500,S0588,25,layer2.1.conv1.weight,147456,false,false,all,500,-0.0140112605363488,0.0140304966169069,0.0164870052365586,0.006,0.994,"`ctd1`, 6 runs, 100 ep | Scalar all/pinned/unpinned phases are retained. Layerwise exports all records only: the input's duplicate 'unpinned' alias is not a physical layerwise phase. Positive L lowers beta.",Lion direction units; vote fractions; record counts
sc,19,500,S0588,25,layer2.1.conv1.weight,147456,false,false,pinned,315,-0.0174626033270865,0.0174626033270865,0.0173897419357672,0,1,"`ctd1`, 6 runs, 100 ep | Scalar all/pinned/unpinned phases are retained. Layerwise exports all records only: the input's duplicate 'unpinned' alias is not a physical layerwise phase. Positive L lowers beta.",Lion direction units; vote fractions; record counts
sc,19,500,S0588,25,layer2.1.conv1.weight,147456,false,false,unpinned,185,-0.00813464983860641,0.00818663924552003,0.00588091826066375,0.0162162162162162,0.983783783783784,"`ctd1`, 6 runs, 100 ep | Scalar all/pinned/unpinned phases are retained. Layerwise exports all records only: the input's duplicate 'unpinned' alias is not a physical layerwise phase. Positive L lowers beta.",Lion direction units; vote fractions; record counts
sc,19,500,S0588,26,layer2.1.bn1.weight,128,false,false,all,500,3.54749513220209e-05,3.57857744934695e-05,3.95376255255542e-05,0.83,0.17,"`ctd1`, 6 runs, 100 ep | Scalar all/pinned/unpinned phases are retained. Layerwise exports all records only: the input's duplicate 'unpinned' alias is not a physical layerwise phase. Positive L lowers beta.",Lion direction units; vote fractions; record counts
sc,19,500,S0588,26,layer2.1.bn1.weight,128,false,false,pinned,315,4.54989675268908e-05,4.54989675268908e-05,4.50110452220542e-05,1,0,"`ctd1`, 6 runs, 100 ep | Scalar all/pinned/unpinned phases are retained. Layerwise exports all records only: the input's duplicate 'unpinned' alias is not a physical layerwise phase. Positive L lowers beta.",Lion direction units; vote fractions; record counts
sc,19,500,S0588,26,layer2.1.bn1.weight,128,false,false,unpinned,185,1.84070318380532e-05,1.92470944635899e-05,3.87900138321129e-06,0.540540540540541,0.459459459459459,"`ctd1`, 6 runs, 100 ep | Scalar all/pinned/unpinned phases are retained. Layerwise exports all records only: the input's duplicate 'unpinned' alias is not a physical layerwise phase. Positive L lowers beta.",Lion direction units; vote fractions; record counts
sc,19,500,S0588,27,layer2.1.bn1.bias,128,false,false,all,500,-2.58418132315954e-06,2.66561576486468e-06,2.47550464109736e-06,0.048,0.95,"`ctd1`, 6 runs, 100 ep | Scalar all/pinned/unpinned phases are retained. Layerwise exports all records only: the input's duplicate 'unpinned' alias is not a physical layerwise phase. Positive L lowers beta.",Lion direction units; vote fractions; record counts
sc,19,500,S0588,27,layer2.1.bn1.bias,128,false,false,pinned,315,-3.16676728438043e-06,3.2346718373017e-06,3.16667351398792e-06,0.0317460317460317,0.968253968253968,"`ctd1`, 6 runs, 100 ep | Scalar all/pinned/unpinned phases are retained. Layerwise exports all records only: the input's duplicate 'unpinned' alias is not a physical layerwise phase. Positive L lowers beta.",Lion direction units; vote fractions; record counts
sc,19,500,S0588,27,layer2.1.bn1.bias,128,false,false,unpinned,185,-1.59221063243208e-06,1.69668245233677e-06,1.20121615054813e-06,0.0756756756756757,0.918918918918919,"`ctd1`, 6 runs, 100 ep | Scalar all/pinned/unpinned phases are retained. Layerwise exports all records only: the input's duplicate 'unpinned' alias is not a physical layerwise phase. Positive L lowers beta.",Lion direction units; vote fractions; record counts
sc,19,500,S0588,28,layer2.1.conv2.weight,147456,false,false,all,500,-0.0134611221373796,0.0134611221373798,0.0159290898824111,0.002,0.998,"`ctd1`, 6 runs, 100 ep | Scalar all/pinned/unpinned phases are retained. Layerwise exports all records only: the input's duplicate 'unpinned' alias is not a physical layerwise phase. Positive L lowers beta.",Lion direction units; vote fractions; record counts
sc,19,500,S0588,28,layer2.1.conv2.weight,147456,false,false,pinned,315,-0.0166809654855982,0.0166809654855982,0.0167300840839744,0,1,"`ctd1`, 6 runs, 100 ep | Scalar all/pinned/unpinned phases are retained. Layerwise exports all records only: the input's duplicate 'unpinned' alias is not a physical layerwise phase. Positive L lowers beta.",Lion direction units; vote fractions; record counts
sc,19,500,S0588,28,layer2.1.conv2.weight,147456,false,false,unpinned,185,-0.00797868616608841,0.00797868616608884,0.00608583223074675,0.00540540540540541,0.994594594594595,"`ctd1`, 6 runs, 100 ep | Scalar all/pinned/unpinned phases are retained. Layerwise exports all records only: the input's duplicate 'unpinned' alias is not a physical layerwise phase. Positive L lowers beta.",Lion direction units; vote fractions; record counts
sc,19,500,S0588,29,layer2.1.bn2.weight,128,false,false,all,500,0.0102571893650616,0.0102624449272925,0.0120406365953386,0.906,0.094,"`ctd1`, 6 runs, 100 ep | Scalar all/pinned/unpinned phases are retained. Layerwise exports all records only: the input's duplicate 'unpinned' alias is not a physical layerwise phase. Positive L lowers beta.",Lion direction units; vote fractions; record counts
sc,19,500,S0588,29,layer2.1.bn2.weight,128,false,false,pinned,315,0.0128776291408207,0.0128776291408207,0.0129624938592315,1,0,"`ctd1`, 6 runs, 100 ep | Scalar all/pinned/unpinned phases are retained. Layerwise exports all records only: the input's duplicate 'unpinned' alias is not a physical layerwise phase. Positive L lowers beta.",Lion direction units; vote fractions; record counts
sc,19,500,S0588,29,layer2.1.bn2.weight,128,false,false,unpinned,185,0.00579535947660692,0.00580956369885279,0.0031682682223618,0.745945945945946,0.254054054054054,"`ctd1`, 6 runs, 100 ep | Scalar all/pinned/unpinned phases are retained. Layerwise exports all records only: the input's duplicate 'unpinned' alias is not a physical layerwise phase. Positive L lowers beta.",Lion direction units; vote fractions; record counts
sc,19,500,S0588,30,layer2.1.bn2.bias,128,false,false,all,500,-1.45828042020042e-06,1.52306932370124e-06,1.42757424441697e-06,0.07,0.928,"`ctd1`, 6 runs, 100 ep | Scalar all/pinned/unpinned phases are retained. Layerwise exports all records only: the input's duplicate 'unpinned' alias is not a physical layerwise phase. Positive L lowers beta.",Lion direction units; vote fractions; record counts
sc,19,500,S0588,30,layer2.1.bn2.bias,128,false,false,pinned,315,-1.76710171727802e-06,1.82736949506801e-06,1.69339066360408e-06,0.073015873015873,0.926984126984127,"`ctd1`, 6 runs, 100 ep | Scalar all/pinned/unpinned phases are retained. Layerwise exports all records only: the input's duplicate 'unpinned' alias is not a physical layerwise phase. Positive L lowers beta.",Lion direction units; vote fractions; record counts
sc,19,500,S0588,30,layer2.1.bn2.bias,128,false,false,unpinned,185,-9.3244956301425e-07,1.00493659948213e-06,9.2565816203205e-07,0.0648648648648649,0.92972972972973,"`ctd1`, 6 runs, 100 ep | Scalar all/pinned/unpinned phases are retained. Layerwise exports all records only: the input's duplicate 'unpinned' alias is not a physical layerwise phase. Positive L lowers beta.",Lion direction units; vote fractions; record counts
sc,19,500,S0588,31,layer3.0.conv1.weight,294912,false,false,all,500,-0.014694345720167,0.014694345720167,0.017264222796075,0,1,"`ctd1`, 6 runs, 100 ep | Scalar all/pinned/unpinned phases are retained. Layerwise exports all records only: the input's duplicate 'unpinned' alias is not a physical layerwise phase. Positive L lowers beta.",Lion direction units; vote fractions; record counts
sc,19,500,S0588,31,layer3.0.conv1.weight,294912,false,false,pinned,315,-0.0182415530942233,0.0182415530942233,0.0181249290704727,0,1,"`ctd1`, 6 runs, 100 ep | Scalar all/pinned/unpinned phases are retained. Layerwise exports all records only: the input's duplicate 'unpinned' alias is not a physical layerwise phase. Positive L lowers beta.",Lion direction units; vote fractions; record counts
sc,19,500,S0588,31,layer3.0.conv1.weight,294912,false,false,unpinned,185,-0.00865450613731449,0.00865450613731449,0.00629811780527234,0,1,"`ctd1`, 6 runs, 100 ep | Scalar all/pinned/unpinned phases are retained. Layerwise exports all records only: the input's duplicate 'unpinned' alias is not a physical layerwise phase. Positive L lowers beta.",Lion direction units; vote fractions; record counts
sc,19,500,S0588,32,layer3.0.bn1.weight,256,false,false,all,500,-1.88998912881708e-05,1.89270207174978e-05,2.06183092814172e-05,0.008,0.992,"`ctd1`, 6 runs, 100 ep | Scalar all/pinned/unpinned phases are retained. Layerwise exports all records only: the input's duplicate 'unpinned' alias is not a physical layerwise phase. Positive L lowers beta.",Lion direction units; vote fractions; record counts
sc,19,500,S0588,32,layer3.0.bn1.weight,256,false,false,pinned,315,-2.36766255650201e-05,2.3703717868066e-05,2.41509260376915e-05,0.00634920634920635,0.993650793650794,"`ctd1`, 6 runs, 100 ep | Scalar all/pinned/unpinned phases are retained. Layerwise exports all records only: the input's duplicate 'unpinned' alias is not a physical layerwise phase. Positive L lowers beta.",Lion direction units; vote fractions; record counts
sc,19,500,S0588,32,layer3.0.bn1.weight,256,false,false,unpinned,185,-1.07665329248868e-05,1.07937255692331e-05,5.06178703290061e-06,0.0108108108108108,0.989189189189189,"`ctd1`, 6 runs, 100 ep | Scalar all/pinned/unpinned phases are retained. Layerwise exports all records only: the input's duplicate 'unpinned' alias is not a physical layerwise phase. Positive L lowers beta.",Lion direction units; vote fractions; record counts
sc,19,500,S0588,33,layer3.0.bn1.bias,256,false,false,all,500,-1.24657364656771e-06,1.27747657902178e-06,1.23585826372619e-06,0.056,0.942,"`ctd1`, 6 runs, 100 ep | Scalar all/pinned/unpinned phases are retained. Layerwise exports all records only: the input's duplicate 'unpinned' alias is not a physical layerwise phase. Positive L lowers beta.",Lion direction units; vote fractions; record counts
sc,19,500,S0588,33,layer3.0.bn1.bias,256,false,false,pinned,315,-1.39801787178212e-06,1.43444071677586e-06,1.38574880566011e-06,0.073015873015873,0.926984126984127,"`ctd1`, 6 runs, 100 ep | Scalar all/pinned/unpinned phases are retained. Layerwise exports all records only: the input's duplicate 'unpinned' alias is not a physical layerwise phase. Positive L lowers beta.",Lion direction units; vote fractions; record counts
sc,19,500,S0588,33,layer3.0.bn1.bias,256,false,false,unpinned,185,-9.88709154986435e-07,1.01021331744052e-06,9.45412523378763e-07,0.027027027027027,0.967567567567568,"`ctd1`, 6 runs, 100 ep | Scalar all/pinned/unpinned phases are retained. Layerwise exports all records only: the input's duplicate 'unpinned' alias is not a physical layerwise phase. Positive L lowers beta.",Lion direction units; vote fractions; record counts
sc,19,500,S0588,34,layer3.0.conv2.weight,589824,false,false,all,500,-0.024472447586587,0.024472447586587,0.0289012693800032,0,1,"`ctd1`, 6 runs, 100 ep | Scalar all/pinned/unpinned phases are retained. Layerwise exports all records only: the input's duplicate 'unpinned' alias is not a physical layerwise phase. Positive L lowers beta.",Lion direction units; vote fractions; record counts
sc,19,500,S0588,34,layer3.0.conv2.weight,589824,false,false,pinned,315,-0.0298637614148625,0.0298637614148625,0.0298537770286202,0,1,"`ctd1`, 6 runs, 100 ep | Scalar all/pinned/unpinned phases are retained. Layerwise exports all records only: the input's duplicate 'unpinned' alias is not a physical layerwise phase. Positive L lowers beta.",Lion direction units; vote fractions; record counts
sc,19,500,S0588,34,layer3.0.conv2.weight,589824,false,false,unpinned,185,-0.0152926429600639,0.0152926429600639,0.0127248454838991,0,1,"`ctd1`, 6 runs, 100 ep | Scalar all/pinned/unpinned phases are retained. Layerwise exports all records only: the input's duplicate 'unpinned' alias is not a physical layerwise phase. Positive L lowers beta.",Lion direction units; vote fractions; record counts
sc,19,500,S0588,35,layer3.0.bn2.weight,256,false,false,all,500,-0.00116398967079837,0.00133370008411817,0.00118785779923201,0.25,0.75,"`ctd1`, 6 runs, 100 ep | Scalar all/pinned/unpinned phases are retained. Layerwise exports all records only: the input's duplicate 'unpinned' alias is not a physical layerwise phase. Positive L lowers beta.",Lion direction units; vote fractions; record counts
sc,19,500,S0588,35,layer3.0.bn2.weight,256,false,false,pinned,315,-0.00144198864901213,0.00160424826885684,0.00142451613210142,0.13015873015873,0.86984126984127,"`ctd1`, 6 runs, 100 ep | Scalar all/pinned/unpinned phases are retained. Layerwise exports all records only: the input's duplicate 'unpinned' alias is not a physical layerwise phase. Positive L lowers beta.",Lion direction units; vote fractions; record counts
sc,19,500,S0588,35,layer3.0.bn2.weight,256,false,false,unpinned,185,-0.0006906400592452,0.000873036958752328,0.000426419510040433,0.454054054054054,0.545945945945946,"`ctd1`, 6 runs, 100 ep | Scalar all/pinned/unpinned phases are retained. Layerwise exports all records only: the input's duplicate 'unpinned' alias is not a physical layerwise phase. Positive L lowers beta.",Lion direction units; vote fractions; record counts
sc,19,500,S0588,36,layer3.0.bn2.bias,256,false,false,all,500,-5.78862616589615e-06,5.78862616589615e-06,6.55986224273875e-06,0,0.998,"`ctd1`, 6 runs, 100 ep | Scalar all/pinned/unpinned phases are retained. Layerwise exports all records only: the input's duplicate 'unpinned' alias is not a physical layerwise phase. Positive L lowers beta.",Lion direction units; vote fractions; record counts
sc,19,500,S0588,36,layer3.0.bn2.bias,256,false,false,pinned,315,-7.04953354648924e-06,7.04953354648924e-06,7.11253610461426e-06,0,1,"`ctd1`, 6 runs, 100 ep | Scalar all/pinned/unpinned phases are retained. Layerwise exports all records only: the input's duplicate 'unpinned' alias is not a physical layerwise phase. Positive L lowers beta.",Lion direction units; vote fractions; record counts
sc,19,500,S0588,36,layer3.0.bn2.bias,256,false,false,unpinned,185,-3.64167576110252e-06,3.64167576110252e-06,3.57803212409635e-06,0,0.994594594594595,"`ctd1`, 6 runs, 100 ep | Scalar all/pinned/unpinned phases are retained. Layerwise exports all records only: the input's duplicate 'unpinned' alias is not a physical layerwise phase. Positive L lowers beta.",Lion direction units; vote fractions; record counts
sc,19,500,S0588,37,layer3.0.shortcut.0.weight,32768,false,false,all,500,-0.00230005633857043,0.00230005633857101,0.00270089890109375,0.002,0.998,"`ctd1`, 6 runs, 100 ep | Scalar all/pinned/unpinned phases are retained. Layerwise exports all records only: the input's duplicate 'unpinned' alias is not a physical layerwise phase. Positive L lowers beta.",Lion direction units; vote fractions; record counts
sc,19,500,S0588,37,layer3.0.shortcut.0.weight,32768,false,false,pinned,315,-0.00285752093386171,0.00285752093386171,0.00286442940123379,0,1,"`ctd1`, 6 runs, 100 ep | Scalar all/pinned/unpinned phases are retained. Layerwise exports all records only: the input's duplicate 'unpinned' alias is not a physical layerwise phase. Positive L lowers beta.",Lion direction units; vote fractions; record counts
sc,19,500,S0588,37,layer3.0.shortcut.0.weight,32768,false,false,unpinned,185,-0.00135085986550689,0.00135085986550846,0.000831695314263925,0.00540540540540541,0.994594594594595,"`ctd1`, 6 runs, 100 ep | Scalar all/pinned/unpinned phases are retained. Layerwise exports all records only: the input's duplicate 'unpinned' alias is not a physical layerwise phase. Positive L lowers beta.",Lion direction units; vote fractions; record counts
sc,19,500,S0588,38,layer3.0.shortcut.1.weight,256,false,false,all,500,-0.0271333351772084,0.0271336171608491,0.0329977700486779,0.06,0.94,"`ctd1`, 6 runs, 100 ep | Scalar all/pinned/unpinned phases are retained. Layerwise exports all records only: the input's duplicate 'unpinned' alias is not a physical layerwise phase. Positive L lowers beta.",Lion direction units; vote fractions; record counts
sc,19,500,S0588,38,layer3.0.shortcut.1.weight,256,false,false,pinned,315,-0.0336296859693285,0.0336296859693285,0.0335434649139643,0,1,"`ctd1`, 6 runs, 100 ep | Scalar all/pinned/unpinned phases are retained. Layerwise exports all records only: the input's duplicate 'unpinned' alias is not a physical layerwise phase. Positive L lowers beta.",Lion direction units; vote fractions; record counts
sc,19,500,S0588,38,layer3.0.shortcut.1.weight,256,false,false,unpinned,185,-0.0160719811257606,0.0160727432437086,0.0145085591822863,0.162162162162162,0.837837837837838,"`ctd1`, 6 runs, 100 ep | Scalar all/pinned/unpinned phases are retained. Layerwise exports all records only: the input's duplicate 'unpinned' alias is not a physical layerwise phase. Positive L lowers beta.",Lion direction units; vote fractions; record counts
sc,19,500,S0588,39,layer3.0.shortcut.1.bias,256,false,false,all,500,-5.78862616589615e-06,5.78862616589615e-06,6.55986224273875e-06,0,0.998,"`ctd1`, 6 runs, 100 ep | Scalar all/pinned/unpinned phases are retained. Layerwise exports all records only: the input's duplicate 'unpinned' alias is not a physical layerwise phase. Positive L lowers beta.",Lion direction units; vote fractions; record counts
sc,19,500,S0588,39,layer3.0.shortcut.1.bias,256,false,false,pinned,315,-7.04953354648924e-06,7.04953354648924e-06,7.11253610461426e-06,0,1,"`ctd1`, 6 runs, 100 ep | Scalar all/pinned/unpinned phases are retained. Layerwise exports all records only: the input's duplicate 'unpinned' alias is not a physical layerwise phase. Positive L lowers beta.",Lion direction units; vote fractions; record counts
sc,19,500,S0588,39,layer3.0.shortcut.1.bias,256,false,false,unpinned,185,-3.64167576110252e-06,3.64167576110252e-06,3.57803212409635e-06,0,0.994594594594595,"`ctd1`, 6 runs, 100 ep | Scalar all/pinned/unpinned phases are retained. Layerwise exports all records only: the input's duplicate 'unpinned' alias is not a physical layerwise phase. Positive L lowers beta.",Lion direction units; vote fractions; record counts
sc,19,500,S0588,40,layer3.1.conv1.weight,589824,false,false,all,500,-0.0244154196765925,0.0244154196765929,0.0290871864184737,0.002,0.998,"`ctd1`, 6 runs, 100 ep | Scalar all/pinned/unpinned phases are retained. Layerwise exports all records only: the input's duplicate 'unpinned' alias is not a physical layerwise phase. Positive L lowers beta.",Lion direction units; vote fractions; record counts
sc,19,500,S0588,40,layer3.1.conv1.weight,589824,false,false,pinned,315,-0.0296857490295189,0.0296857490295189,0.0296971151605248,0,1,"`ctd1`, 6 runs, 100 ep | Scalar all/pinned/unpinned phases are retained. Layerwise exports all records only: the input's duplicate 'unpinned' alias is not a physical layerwise phase. Positive L lowers beta.",Lion direction units; vote fractions; record counts
sc,19,500,S0588,40,layer3.1.conv1.weight,589824,false,false,unpinned,185,-0.0154416156432314,0.0154416156432323,0.0128296967595816,0.00540540540540541,0.994594594594595,"`ctd1`, 6 runs, 100 ep | Scalar all/pinned/unpinned phases are retained. Layerwise exports all records only: the input's duplicate 'unpinned' alias is not a physical layerwise phase. Positive L lowers beta.",Lion direction units; vote fractions; record counts
sc,19,500,S0588,41,layer3.1.bn1.weight,256,false,false,all,500,0.00010243104174995,0.000102795306910087,0.00012763306076522,0.826,0.174,"`ctd1`, 6 runs, 100 ep | Scalar all/pinned/unpinned phases are retained. Layerwise exports all records only: the input's duplicate 'unpinned' alias is not a physical layerwise phase. Positive L lowers beta.",Lion direction units; vote fractions; record counts
sc,19,500,S0588,41,layer3.1.bn1.weight,256,false,false,pinned,315,0.000130560415929058,0.000130560415929058,0.000130748009542003,1,0,"`ctd1`, 6 runs, 100 ep | Scalar all/pinned/unpinned phases are retained. Layerwise exports all records only: the input's duplicate 'unpinned' alias is not a physical layerwise phase. Positive L lowers beta.",Lion direction units; vote fractions; record counts
sc,19,500,S0588,41,layer3.1.bn1.weight,256,false,false,unpinned,185,5.45350803098483e-05,5.55195807426496e-05,9.82245464911102e-06,0.52972972972973,0.47027027027027,"`ctd1`, 6 runs, 100 ep | Scalar all/pinned/unpinned phases are retained. Layerwise exports all records only: the input's duplicate 'unpinned' alias is not a physical layerwise phase. Positive L lowers beta.",Lion direction units; vote fractions; record counts
sc,19,500,S0588,42,layer3.1.bn1.bias,256,false,false,all,500,-2.21786070579576e-06,2.21786070579576e-06,2.41244903236293e-06,0,0.998,"`ctd1`, 6 runs, 100 ep | Scalar all/pinned/unpinned phases are retained. Layerwise exports all records only: the input's duplicate 'unpinned' alias is not a physical layerwise phase. Positive L lowers beta.",Lion direction units; vote fractions; record counts
sc,19,500,S0588,42,layer3.1.bn1.bias,256,false,false,pinned,315,-2.60801563040476e-06,2.60801563040476e-06,2.61548880189366e-06,0,1,"`ctd1`, 6 runs, 100 ep | Scalar all/pinned/unpinned phases are retained. Layerwise exports all records only: the input's duplicate 'unpinned' alias is not a physical layerwise phase. Positive L lowers beta.",Lion direction units; vote fractions; record counts
sc,19,500,S0588,42,layer3.1.bn1.bias,256,false,false,unpinned,185,-1.55354286119125e-06,1.55354286119125e-06,1.70130775813959e-06,0,0.994594594594595,"`ctd1`, 6 runs, 100 ep | Scalar all/pinned/unpinned phases are retained. Layerwise exports all records only: the input's duplicate 'unpinned' alias is not a physical layerwise phase. Positive L lowers beta.",Lion direction units; vote fractions; record counts
sc,19,500,S0588,43,layer3.1.conv2.weight,589824,false,false,all,500,-0.0302897230088888,0.0302897230088888,0.0361574966460466,0.002,0.998,"`ctd1`, 6 runs, 100 ep | Scalar all/pinned/unpinned phases are retained. Layerwise exports all records only: the input's duplicate 'unpinned' alias is not a physical layerwise phase. Positive L lowers beta.",Lion direction units; vote fractions; record counts
sc,19,500,S0588,43,layer3.1.conv2.weight,589824,false,false,pinned,315,-0.0365925734395546,0.0365925734395546,0.0365979090332985,0,1,"`ctd1`, 6 runs, 100 ep | Scalar all/pinned/unpinned phases are retained. Layerwise exports all records only: the input's duplicate 'unpinned' alias is not a physical layerwise phase. Positive L lowers beta.",Lion direction units; vote fractions; record counts
sc,19,500,S0588,43,layer3.1.conv2.weight,589824,false,false,unpinned,185,-0.0195578425458633,0.0195578425458633,0.0182026219554245,0.00540540540540541,0.994594594594595,"`ctd1`, 6 runs, 100 ep | Scalar all/pinned/unpinned phases are retained. Layerwise exports all records only: the input's duplicate 'unpinned' alias is not a physical layerwise phase. Positive L lowers beta.",Lion direction units; vote fractions; record counts
sc,19,500,S0588,44,layer3.1.bn2.weight,256,false,false,all,500,0.0281430045778301,0.0281459705246211,0.0343808375298977,0.888,0.112,"`ctd1`, 6 runs, 100 ep | Scalar all/pinned/unpinned phases are retained. Layerwise exports all records only: the input's duplicate 'unpinned' alias is not a physical layerwise phase. Positive L lowers beta.",Lion direction units; vote fractions; record counts
sc,19,500,S0588,44,layer3.1.bn2.weight,256,false,false,pinned,315,0.0348792165310846,0.0348792165310846,0.0347936548292637,1,0,"`ctd1`, 6 runs, 100 ep | Scalar all/pinned/unpinned phases are retained. Layerwise exports all records only: the input's duplicate 'unpinned' alias is not a physical layerwise phase. Positive L lowers beta.",Lion direction units; vote fractions; record counts
sc,19,500,S0588,44,layer3.1.bn2.weight,256,false,false,unpinned,185,0.0166732382790454,0.0166812543514536,0.0151300250552595,0.697297297297297,0.302702702702703,"`ctd1`, 6 runs, 100 ep | Scalar all/pinned/unpinned phases are retained. Layerwise exports all records only: the input's duplicate 'unpinned' alias is not a physical layerwise phase. Positive L lowers beta.",Lion direction units; vote fractions; record counts
sc,19,500,S0588,45,layer3.1.bn2.bias,256,false,false,all,500,-1.13890368013854e-05,1.13890368013854e-05,1.35210878852376e-05,0,0.998,"`ctd1`, 6 runs, 100 ep | Scalar all/pinned/unpinned phases are retained. Layerwise exports all records only: the input's duplicate 'unpinned' alias is not a physical layerwise phase. Positive L lowers beta.",Lion direction units; vote fractions; record counts
sc,19,500,S0588,45,layer3.1.bn2.bias,256,false,false,pinned,315,-1.38361397216794e-05,1.38361397216794e-05,1.38290896757098e-05,0,1,"`ctd1`, 6 runs, 100 ep | Scalar all/pinned/unpinned phases are retained. Layerwise exports all records only: the input's duplicate 'unpinned' alias is not a physical layerwise phase. Positive L lowers beta.",Lion direction units; vote fractions; record counts
sc,19,500,S0588,45,layer3.1.bn2.bias,256,false,false,unpinned,185,-7.22234804520927e-06,7.22234804520927e-06,8.91769104782725e-06,0,0.994594594594595,"`ctd1`, 6 runs, 100 ep | Scalar all/pinned/unpinned phases are retained. Layerwise exports all records only: the input's duplicate 'unpinned' alias is not a physical layerwise phase. Positive L lowers beta.",Lion direction units; vote fractions; record counts
sc,19,500,S0588,46,layer4.0.conv1.weight,1179648,false,false,all,500,-0.0211850528581273,0.0211850528581275,0.0245150292292237,0.002,0.998,"`ctd1`, 6 runs, 100 ep | Scalar all/pinned/unpinned phases are retained. Layerwise exports all records only: the input's duplicate 'unpinned' alias is not a physical layerwise phase. Positive L lowers beta.",Lion direction units; vote fractions; record counts
sc,19,500,S0588,46,layer4.0.conv1.weight,1179648,false,false,pinned,315,-0.0248448154594867,0.0248448154594867,0.0248271679505706,0,1,"`ctd1`, 6 runs, 100 ep | Scalar all/pinned/unpinned phases are retained. Layerwise exports all records only: the input's duplicate 'unpinned' alias is not a physical layerwise phase. Positive L lowers beta.",Lion direction units; vote fractions; record counts
sc,19,500,S0588,46,layer4.0.conv1.weight,1179648,false,false,unpinned,185,-0.0149535651855423,0.014953565185543,0.0177504729479551,0.00540540540540541,0.994594594594595,"`ctd1`, 6 runs, 100 ep | Scalar all/pinned/unpinned phases are retained. Layerwise exports all records only: the input's duplicate 'unpinned' alias is not a physical layerwise phase. Positive L lowers beta.",Lion direction units; vote fractions; record counts
sc,19,500,S0588,47,layer4.0.bn1.weight,512,false,false,all,500,0.000730011282932116,0.000730286632837402,0.000918914386420511,0.84,0.16,"`ctd1`, 6 runs, 100 ep | Scalar all/pinned/unpinned phases are retained. Layerwise exports all records only: the input's duplicate 'unpinned' alias is not a physical layerwise phase. Positive L lowers beta.",Lion direction units; vote fractions; record counts
sc,19,500,S0588,47,layer4.0.bn1.weight,512,false,false,pinned,315,0.000924717664131008,0.000924717664131008,0.000926023512147367,1,0,"`ctd1`, 6 runs, 100 ep | Scalar all/pinned/unpinned phases are retained. Layerwise exports all records only: the input's duplicate 'unpinned' alias is not a physical layerwise phase. Positive L lowers beta.",Lion direction units; vote fractions; record counts
sc,19,500,S0588,47,layer4.0.bn1.weight,512,false,false,unpinned,185,0.000398484201431301,0.000399228390364507,0.000132768390176352,0.567567567567568,0.432432432432432,"`ctd1`, 6 runs, 100 ep | Scalar all/pinned/unpinned phases are retained. Layerwise exports all records only: the input's duplicate 'unpinned' alias is not a physical layerwise phase. Positive L lowers beta.",Lion direction units; vote fractions; record counts
sc,19,500,S0588,48,layer4.0.bn1.bias,512,false,false,all,500,-1.74595669966781e-06,1.74595669966781e-06,1.87426161346593e-06,0,0.998,"`ctd1`, 6 runs, 100 ep | Scalar all/pinned/unpinned phases are retained. Layerwise exports all records only: the input's duplicate 'unpinned' alias is not a physical layerwise phase. Positive L lowers beta.",Lion direction units; vote fractions; record counts
sc,19,500,S0588,48,layer4.0.bn1.bias,512,false,false,pinned,315,-1.91782113536048e-06,1.91782113536048e-06,1.90789180578577e-06,0,1,"`ctd1`, 6 runs, 100 ep | Scalar all/pinned/unpinned phases are retained. Layerwise exports all records only: the input's duplicate 'unpinned' alias is not a physical layerwise phase. Positive L lowers beta.",Lion direction units; vote fractions; record counts
sc,19,500,S0588,48,layer4.0.bn1.bias,512,false,false,unpinned,185,-1.45332266051544e-06,1.45332266051544e-06,1.73733409383203e-06,0,0.994594594594595,"`ctd1`, 6 runs, 100 ep | Scalar all/pinned/unpinned phases are retained. Layerwise exports all records only: the input's duplicate 'unpinned' alias is not a physical layerwise phase. Positive L lowers beta.",Lion direction units; vote fractions; record counts
sc,19,500,S0588,49,layer4.0.conv2.weight,2359296,false,true,all,500,-0.0518810974157191,0.0518810974157191,0.0598946521058679,0,1,"`ctd1`, 6 runs, 100 ep | Scalar all/pinned/unpinned phases are retained. Layerwise exports all records only: the input's duplicate 'unpinned' alias is not a physical layerwise phase. Positive L lowers beta.",Lion direction units; vote fractions; record counts
sc,19,500,S0588,49,layer4.0.conv2.weight,2359296,false,true,pinned,315,-0.0602782500464292,0.0602782500464292,0.0602509941905737,0,1,"`ctd1`, 6 runs, 100 ep | Scalar all/pinned/unpinned phases are retained. Layerwise exports all records only: the input's duplicate 'unpinned' alias is not a physical layerwise phase. Positive L lowers beta.",Lion direction units; vote fractions; record counts
sc,19,500,S0588,49,layer4.0.conv2.weight,2359296,false,true,unpinned,185,-0.037583242936402,0.037583242936402,0.0484209593385458,0,1,"`ctd1`, 6 runs, 100 ep | Scalar all/pinned/unpinned phases are retained. Layerwise exports all records only: the input's duplicate 'unpinned' alias is not a physical layerwise phase. Positive L lowers beta.",Lion direction units; vote fractions; record counts
sc,19,500,S0588,50,layer4.0.bn2.weight,512,true,false,all,500,0.224184222691216,0.224203169312791,0.275210848450661,0.896,0.104,"`ctd1`, 6 runs, 100 ep | Scalar all/pinned/unpinned phases are retained. Layerwise exports all records only: the input's duplicate 'unpinned' alias is not a physical layerwise phase. Positive L lowers beta.",Lion direction units; vote fractions; record counts
sc,19,500,S0588,50,layer4.0.bn2.weight,512,true,false,pinned,315,0.276997671396959,0.276997671396959,0.277171471714973,1,0,"`ctd1`, 6 runs, 100 ep | Scalar all/pinned/unpinned phases are retained. Layerwise exports all records only: the input's duplicate 'unpinned' alias is not a physical layerwise phase. Positive L lowers beta.",Lion direction units; vote fractions; record counts
sc,19,500,S0588,50,layer4.0.bn2.weight,512,true,false,unpinned,185,0.134258620840897,0.134309827926235,0.133816408365965,0.718918918918919,0.281081081081081,"`ctd1`, 6 runs, 100 ep | Scalar all/pinned/unpinned phases are retained. Layerwise exports all records only: the input's duplicate 'unpinned' alias is not a physical layerwise phase. Positive L lowers beta.",Lion direction units; vote fractions; record counts
sc,19,500,S0588,51,layer4.0.bn2.bias,512,false,false,all,500,-0.000813985860320297,0.000813985860320297,0.00101137502933852,0,0.998,"`ctd1`, 6 runs, 100 ep | Scalar all/pinned/unpinned phases are retained. Layerwise exports all records only: the input's duplicate 'unpinned' alias is not a physical layerwise phase. Positive L lowers beta.",Lion direction units; vote fractions; record counts
sc,19,500,S0588,51,layer4.0.bn2.bias,512,false,false,pinned,315,-0.00101690727986381,0.00101690727986381,0.00101745469728485,0,1,"`ctd1`, 6 runs, 100 ep | Scalar all/pinned/unpinned phases are retained. Layerwise exports all records only: the input's duplicate 'unpinned' alias is not a physical layerwise phase. Positive L lowers beta.",Lion direction units; vote fractions; record counts
sc,19,500,S0588,51,layer4.0.bn2.bias,512,false,false,unpinned,185,-0.000468471010827295,0.000468471010827295,0.000323702243622392,0,0.994594594594595,"`ctd1`, 6 runs, 100 ep | Scalar all/pinned/unpinned phases are retained. Layerwise exports all records only: the input's duplicate 'unpinned' alias is not a physical layerwise phase. Positive L lowers beta.",Lion direction units; vote fractions; record counts
sc,19,500,S0588,52,layer4.0.shortcut.0.weight,131072,false,false,all,500,-0.0469322453280196,0.0469322453280196,0.057457086071372,0,1,"`ctd1`, 6 runs, 100 ep | Scalar all/pinned/unpinned phases are retained. Layerwise exports all records only: the input's duplicate 'unpinned' alias is not a physical layerwise phase. Positive L lowers beta.",Lion direction units; vote fractions; record counts
sc,19,500,S0588,52,layer4.0.shortcut.0.weight,131072,false,false,pinned,315,-0.0578331225548708,0.0578331225548708,0.0578613195568323,0,1,"`ctd1`, 6 runs, 100 ep | Scalar all/pinned/unpinned phases are retained. Layerwise exports all records only: the input's duplicate 'unpinned' alias is not a physical layerwise phase. Positive L lowers beta.",Lion direction units; vote fractions; record counts
sc,19,500,S0588,52,layer4.0.shortcut.0.weight,131072,false,false,unpinned,185,-0.0283712922120296,0.0283712922120296,0.0267381936311722,0,1,"`ctd1`, 6 runs, 100 ep | Scalar all/pinned/unpinned phases are retained. Layerwise exports all records only: the input's duplicate 'unpinned' alias is not a physical layerwise phase. Positive L lowers beta.",Lion direction units; vote fractions; record counts
sc,19,500,S0588,53,layer4.0.shortcut.1.weight,512,true,false,all,500,0.147379291977094,0.147402115728847,0.181464363634586,0.894,0.106,"`ctd1`, 6 runs, 100 ep | Scalar all/pinned/unpinned phases are retained. Layerwise exports all records only: the input's duplicate 'unpinned' alias is not a physical layerwise phase. Positive L lowers beta.",Lion direction units; vote fractions; record counts
sc,19,500,S0588,53,layer4.0.shortcut.1.weight,512,true,false,pinned,315,0.182647095895003,0.182647095895003,0.182693786919117,1,0,"`ctd1`, 6 runs, 100 ep | Scalar all/pinned/unpinned phases are retained. Layerwise exports all records only: the input's duplicate 'unpinned' alias is not a physical layerwise phase. Positive L lowers beta.",Lion direction units; vote fractions; record counts
sc,19,500,S0588,53,layer4.0.shortcut.1.weight,512,true,false,unpinned,185,0.0873287069276806,0.0873903927432299,0.0787506207823753,0.713513513513514,0.286486486486487,"`ctd1`, 6 runs, 100 ep | Scalar all/pinned/unpinned phases are retained. Layerwise exports all records only: the input's duplicate 'unpinned' alias is not a physical layerwise phase. Positive L lowers beta.",Lion direction units; vote fractions; record counts
sc,19,500,S0588,54,layer4.0.shortcut.1.bias,512,false,false,all,500,-0.000813985860320297,0.000813985860320297,0.00101137502933852,0,0.998,"`ctd1`, 6 runs, 100 ep | Scalar all/pinned/unpinned phases are retained. Layerwise exports all records only: the input's duplicate 'unpinned' alias is not a physical layerwise phase. Positive L lowers beta.",Lion direction units; vote fractions; record counts
sc,19,500,S0588,54,layer4.0.shortcut.1.bias,512,false,false,pinned,315,-0.00101690727986381,0.00101690727986381,0.00101745469728485,0,1,"`ctd1`, 6 runs, 100 ep | Scalar all/pinned/unpinned phases are retained. Layerwise exports all records only: the input's duplicate 'unpinned' alias is not a physical layerwise phase. Positive L lowers beta.",Lion direction units; vote fractions; record counts
sc,19,500,S0588,54,layer4.0.shortcut.1.bias,512,false,false,unpinned,185,-0.000468471010827295,0.000468471010827295,0.000323702243622392,0,0.994594594594595,"`ctd1`, 6 runs, 100 ep | Scalar all/pinned/unpinned phases are retained. Layerwise exports all records only: the input's duplicate 'unpinned' alias is not a physical layerwise phase. Positive L lowers beta.",Lion direction units; vote fractions; record counts
sc,19,500,S0588,55,layer4.1.conv1.weight,2359296,false,false,all,500,-0.0222601272983104,0.0222601272983106,0.0246731078252196,0.002,0.998,"`ctd1`, 6 runs, 100 ep | Scalar all/pinned/unpinned phases are retained. Layerwise exports all records only: the input's duplicate 'unpinned' alias is not a physical layerwise phase. Positive L lowers beta.",Lion direction units; vote fractions; record counts
sc,19,500,S0588,55,layer4.1.conv1.weight,2359296,false,false,pinned,315,-0.0248821911996319,0.0248821911996319,0.024837208352983,0,1,"`ctd1`, 6 runs, 100 ep | Scalar all/pinned/unpinned phases are retained. Layerwise exports all records only: the input's duplicate 'unpinned' alias is not a physical layerwise phase. Positive L lowers beta.",Lion direction units; vote fractions; record counts
sc,19,500,S0588,55,layer4.1.conv1.weight,2359296,false,false,unpinned,185,-0.0177955320068709,0.0177955320068715,0.0234662337228656,0.00540540540540541,0.994594594594595,"`ctd1`, 6 runs, 100 ep | Scalar all/pinned/unpinned phases are retained. Layerwise exports all records only: the input's duplicate 'unpinned' alias is not a physical layerwise phase. Positive L lowers beta.",Lion direction units; vote fractions; record counts
sc,19,500,S0588,56,layer4.1.bn1.weight,512,false,false,all,500,0.000958382993246717,0.000958702059200599,0.00120714176446199,0.84,0.16,"`ctd1`, 6 runs, 100 ep | Scalar all/pinned/unpinned phases are retained. Layerwise exports all records only: the input's duplicate 'unpinned' alias is not a physical layerwise phase. Positive L lowers beta.",Lion direction units; vote fractions; record counts
sc,19,500,S0588,56,layer4.1.bn1.weight,512,false,false,pinned,315,0.00121522028479607,0.00121522028479607,0.00121684297919273,1,0,"`ctd1`, 6 runs, 100 ep | Scalar all/pinned/unpinned phases are retained. Layerwise exports all records only: the input's duplicate 'unpinned' alias is not a physical layerwise phase. Positive L lowers beta.",Lion direction units; vote fractions; record counts
sc,19,500,S0588,56,layer4.1.bn1.weight,512,false,false,unpinned,185,0.000521065442770795,0.000521927783186692,0.000163592044555116,0.567567567567568,0.432432432432432,"`ctd1`, 6 runs, 100 ep | Scalar all/pinned/unpinned phases are retained. Layerwise exports all records only: the input's duplicate 'unpinned' alias is not a physical layerwise phase. Positive L lowers beta.",Lion direction units; vote fractions; record counts
sc,19,500,S0588,57,layer4.1.bn1.bias,512,false,false,all,500,-1.96597755914809e-06,1.96597755914809e-06,2.14604595640822e-06,0,0.998,"`ctd1`, 6 runs, 100 ep | Scalar all/pinned/unpinned phases are retained. Layerwise exports all records only: the input's duplicate 'unpinned' alias is not a physical layerwise phase. Positive L lowers beta.",Lion direction units; vote fractions; record counts
sc,19,500,S0588,57,layer4.1.bn1.bias,512,false,false,pinned,315,-2.20212403535116e-06,2.20212403535116e-06,2.19266275962582e-06,0,1,"`ctd1`, 6 runs, 100 ep | Scalar all/pinned/unpinned phases are retained. Layerwise exports all records only: the input's duplicate 'unpinned' alias is not a physical layerwise phase. Positive L lowers beta.",Lion direction units; vote fractions; record counts
sc,19,500,S0588,57,layer4.1.bn1.bias,512,false,false,unpinned,185,-1.56389031588339e-06,1.56389031588339e-06,1.95413283563539e-06,0,0.994594594594595,"`ctd1`, 6 runs, 100 ep | Scalar all/pinned/unpinned phases are retained. Layerwise exports all records only: the input's duplicate 'unpinned' alias is not a physical layerwise phase. Positive L lowers beta.",Lion direction units; vote fractions; record counts
sc,19,500,S0588,58,layer4.1.conv2.weight,2359296,false,true,all,500,-0.0454026968539329,0.0454026968539329,0.0511164821684361,0,1,"`ctd1`, 6 runs, 100 ep | Scalar all/pinned/unpinned phases are retained. Layerwise exports all records only: the input's duplicate 'unpinned' alias is not a physical layerwise phase. Positive L lowers beta.",Lion direction units; vote fractions; record counts
sc,19,500,S0588,58,layer4.1.conv2.weight,2359296,false,true,pinned,315,-0.051377484687264,0.051377484687264,0.0514095719903707,0,1,"`ctd1`, 6 runs, 100 ep | Scalar all/pinned/unpinned phases are retained. Layerwise exports all records only: the input's duplicate 'unpinned' alias is not a physical layerwise phase. Positive L lowers beta.",Lion direction units; vote fractions; record counts
sc,19,500,S0588,58,layer4.1.conv2.weight,2359296,false,true,unpinned,185,-0.0352294094620448,0.0352294094620448,0.0474545378237963,0,1,"`ctd1`, 6 runs, 100 ep | Scalar all/pinned/unpinned phases are retained. Layerwise exports all records only: the input's duplicate 'unpinned' alias is not a physical layerwise phase. Positive L lowers beta.",Lion direction units; vote fractions; record counts
sc,19,500,S0588,59,layer4.1.bn2.weight,512,true,false,all,500,0.252963656209499,0.25298414467813,0.309942536056042,0.9,0.1,"`ctd1`, 6 runs, 100 ep | Scalar all/pinned/unpinned phases are retained. Layerwise exports all records only: the input's duplicate 'unpinned' alias is not a physical layerwise phase. Positive L lowers beta.",Lion direction units; vote fractions; record counts
sc,19,500,S0588,59,layer4.1.bn2.weight,512,true,false,pinned,315,0.311945867741865,0.311945867741865,0.312290978431702,1,0,"`ctd1`, 6 runs, 100 ep | Scalar all/pinned/unpinned phases are retained. Layerwise exports all records only: the input's duplicate 'unpinned' alias is not a physical layerwise phase. Positive L lowers beta.",Lion direction units; vote fractions; record counts
sc,19,500,S0588,59,layer4.1.bn2.weight,512,true,false,unpinned,185,0.152534485221958,0.152589859461501,0.158816653490067,0.72972972972973,0.27027027027027,"`ctd1`, 6 runs, 100 ep | Scalar all/pinned/unpinned phases are retained. Layerwise exports all records only: the input's duplicate 'unpinned' alias is not a physical layerwise phase. Positive L lowers beta.",Lion direction units; vote fractions; record counts
sc,19,500,S0588,60,layer4.1.bn2.bias,512,false,false,all,500,-0.000966681726847657,0.000966681726847657,0.0011977773567196,0,0.998,"`ctd1`, 6 runs, 100 ep | Scalar all/pinned/unpinned phases are retained. Layerwise exports all records only: the input's duplicate 'unpinned' alias is not a physical layerwise phase. Positive L lowers beta.",Lion direction units; vote fractions; record counts
sc,19,500,S0588,60,layer4.1.bn2.bias,512,false,false,pinned,315,-0.00120519080251041,0.00120519080251041,0.00120582839008421,0,1,"`ctd1`, 6 runs, 100 ep | Scalar all/pinned/unpinned phases are retained. Layerwise exports all records only: the input's duplicate 'unpinned' alias is not a physical layerwise phase. Positive L lowers beta.",Lion direction units; vote fractions; record counts
sc,19,500,S0588,60,layer4.1.bn2.bias,512,false,false,unpinned,185,-0.000560571679097557,0.000560571679097557,0.000408744480228052,0,0.994594594594595,"`ctd1`, 6 runs, 100 ep | Scalar all/pinned/unpinned phases are retained. Layerwise exports all records only: the input's duplicate 'unpinned' alias is not a physical layerwise phase. Positive L lowers beta.",Lion direction units; vote fractions; record counts
sc,19,500,S0588,61,linear.weight,51200,false,true,all,500,-0.110487561818818,0.110487561818818,0.131500072777271,0,1,"`ctd1`, 6 runs, 100 ep | Scalar all/pinned/unpinned phases are retained. Layerwise exports all records only: the input's duplicate 'unpinned' alias is not a physical layerwise phase. Positive L lowers beta.",Lion direction units; vote fractions; record counts
sc,19,500,S0588,61,linear.weight,51200,false,true,pinned,315,-0.132560669382413,0.132560669382413,0.132538777589798,0,1,"`ctd1`, 6 runs, 100 ep | Scalar all/pinned/unpinned phases are retained. Layerwise exports all records only: the input's duplicate 'unpinned' alias is not a physical layerwise phase. Positive L lowers beta.",Lion direction units; vote fractions; record counts
sc,19,500,S0588,61,linear.weight,51200,false,true,unpinned,185,-0.0729036219132374,0.0729036219132374,0.057974087074399,0,1,"`ctd1`, 6 runs, 100 ep | Scalar all/pinned/unpinned phases are retained. Layerwise exports all records only: the input's duplicate 'unpinned' alias is not a physical layerwise phase. Positive L lowers beta.",Lion direction units; vote fractions; record counts
sc,19,500,S0588,62,linear.bias,100,false,false,all,500,-0.000283550581836398,0.0002838840309834,0.000304749293718487,0.01,0.99,"`ctd1`, 6 runs, 100 ep | Scalar all/pinned/unpinned phases are retained. Layerwise exports all records only: the input's duplicate 'unpinned' alias is not a physical layerwise phase. Positive L lowers beta.",Lion direction units; vote fractions; record counts
sc,19,500,S0588,62,linear.bias,100,false,false,pinned,315,-0.00033306351980418,0.000333147303800428,0.000335204679868184,0.00317460317460317,0.996825396825397,"`ctd1`, 6 runs, 100 ep | Scalar all/pinned/unpinned phases are retained. Layerwise exports all records only: the input's duplicate 'unpinned' alias is not a physical layerwise phase. Positive L lowers beta.",Lion direction units; vote fractions; record counts
sc,19,500,S0588,62,linear.bias,100,false,false,unpinned,185,-0.000199244768539905,0.000200003323213866,0.000158936160732992,0.0216216216216216,0.978378378378378,"`ctd1`, 6 runs, 100 ep | Scalar all/pinned/unpinned phases are retained. Layerwise exports all records only: the input's duplicate 'unpinned' alias is not a physical layerwise phase. Positive L lowers beta.",Lion direction units; vote fractions; record counts
sc,20,500,S0589,1,conv1.weight,1728,false,false,all,500,-0.00436071753283996,0.00777193070868736,0.00612012690398842,0.262,0.738,"`ctd1`, 6 runs, 100 ep | Scalar all/pinned/unpinned phases are retained. Layerwise exports all records only: the input's duplicate 'unpinned' alias is not a physical layerwise phase. Positive L lowers beta.",Lion direction units; vote fractions; record counts
sc,20,500,S0589,1,conv1.weight,1728,false,false,pinned,315,-0.00637888327473746,0.00935534169102885,0.00799206364899874,0.244444444444444,0.755555555555556,"`ctd1`, 6 runs, 100 ep | Scalar all/pinned/unpinned phases are retained. Layerwise exports all records only: the input's duplicate 'unpinned' alias is not a physical layerwise phase. Positive L lowers beta.",Lion direction units; vote fractions; record counts
sc,20,500,S0589,1,conv1.weight,1728,false,false,unpinned,185,-0.000924381269609075,0.00507585254956537,0.00151374319102615,0.291891891891892,0.708108108108108,"`ctd1`, 6 runs, 100 ep | Scalar all/pinned/unpinned phases are retained. Layerwise exports all records only: the input's duplicate 'unpinned' alias is not a physical layerwise phase. Positive L lowers beta.",Lion direction units; vote fractions; record counts
sc,20,500,S0589,2,bn1.weight,64,false,false,all,500,-0.00420468003644641,0.0048956680128264,0.00400451884488575,0.178,0.822,"`ctd1`, 6 runs, 100 ep | Scalar all/pinned/unpinned phases are retained. Layerwise exports all records only: the input's duplicate 'unpinned' alias is not a physical layerwise phase. Positive L lowers beta.",Lion direction units; vote fractions; record counts
sc,20,500,S0589,2,bn1.weight,64,false,false,pinned,315,-0.005333382054828,0.00603849544753006,0.0051849365234375,0.136507936507936,0.863492063492064,"`ctd1`, 6 runs, 100 ep | Scalar all/pinned/unpinned phases are retained. Layerwise exports all records only: the input's duplicate 'unpinned' alias is not a physical layerwise phase. Positive L lowers beta.",Lion direction units; vote fractions; record counts
sc,20,500,S0589,2,bn1.weight,64,false,false,unpinned,185,-0.00228283605920208,0.00294977265103369,0.00103142578154802,0.248648648648649,0.751351351351351,"`ctd1`, 6 runs, 100 ep | Scalar all/pinned/unpinned phases are retained. Layerwise exports all records only: the input's duplicate 'unpinned' alias is not a physical layerwise phase. Positive L lowers beta.",Lion direction units; vote fractions; record counts
sc,20,500,S0589,3,bn1.bias,64,false,false,all,500,-4.3016014198526e-05,6.6457421485803e-05,5.51118300791131e-05,0.214,0.784,"`ctd1`, 6 runs, 100 ep | Scalar all/pinned/unpinned phases are retained. Layerwise exports all records only: the input's duplicate 'unpinned' alias is not a physical layerwise phase. Positive L lowers beta.",Lion direction units; vote fractions; record counts
sc,20,500,S0589,3,bn1.bias,64,false,false,pinned,315,-4.28912197589347e-05,7.43589098507823e-05,6.64061582028807e-05,0.282539682539683,0.717460317460317,"`ctd1`, 6 runs, 100 ep | Scalar all/pinned/unpinned phases are retained. Layerwise exports all records only: the input's duplicate 'unpinned' alias is not a physical layerwise phase. Positive L lowers beta.",Lion direction units; vote fractions; record counts
sc,20,500,S0589,3,bn1.bias,64,false,false,unpinned,185,-4.32285020281003e-05,5.30035358913788e-05,1.62647902925528e-05,0.0972972972972973,0.897297297297297,"`ctd1`, 6 runs, 100 ep | Scalar all/pinned/unpinned phases are retained. Layerwise exports all records only: the input's duplicate 'unpinned' alias is not a physical layerwise phase. Positive L lowers beta.",Lion direction units; vote fractions; record counts
sc,20,500,S0589,4,layer1.0.conv1.weight,36864,false,false,all,500,-0.011434835437444,0.0123699140933724,0.0122452850453556,0.076,0.924,"`ctd1`, 6 runs, 100 ep | Scalar all/pinned/unpinned phases are retained. Layerwise exports all records only: the input's duplicate 'unpinned' alias is not a physical layerwise phase. Positive L lowers beta.",Lion direction units; vote fractions; record counts
sc,20,500,S0589,4,layer1.0.conv1.weight,36864,false,false,pinned,315,-0.0153065433515798,0.0153453401969894,0.0146661427803338,0.019047619047619,0.980952380952381,"`ctd1`, 6 runs, 100 ep | Scalar all/pinned/unpinned phases are retained. Layerwise exports all records only: the input's duplicate 'unpinned' alias is not a physical layerwise phase. Positive L lowers beta.",Lion direction units; vote fractions; record counts
sc,20,500,S0589,4,layer1.0.conv1.weight,36864,false,false,unpinned,185,-0.00484246790796974,0.00730364802505169,0.00553391054272652,0.172972972972973,0.827027027027027,"`ctd1`, 6 runs, 100 ep | Scalar all/pinned/unpinned phases are retained. Layerwise exports all records only: the input's duplicate 'unpinned' alias is not a physical layerwise phase. Positive L lowers beta.",Lion direction units; vote fractions; record counts
sc,20,500,S0589,5,layer1.0.bn1.weight,64,false,false,all,500,-4.49967250316436e-05,6.19944999665608e-05,4.34462008342962e-05,0.224,0.776,"`ctd1`, 6 runs, 100 ep | Scalar all/pinned/unpinned phases are retained. Layerwise exports all records only: the input's duplicate 'unpinned' alias is not a physical layerwise phase. Positive L lowers beta.",Lion direction units; vote fractions; record counts
sc,20,500,S0589,5,layer1.0.bn1.weight,64,false,false,pinned,315,-5.75501470205612e-05,7.8820945373695e-05,6.77961666951887e-05,0.231746031746032,0.768253968253968,"`ctd1`, 6 runs, 100 ep | Scalar all/pinned/unpinned phases are retained. Layerwise exports all records only: the input's duplicate 'unpinned' alias is not a physical layerwise phase. Positive L lowers beta.",Lion direction units; vote fractions; record counts
sc,20,500,S0589,5,layer1.0.bn1.weight,64,false,false,unpinned,185,-2.3621979482946e-05,3.33440658949539e-05,6.06715184403583e-06,0.210810810810811,0.789189189189189,"`ctd1`, 6 runs, 100 ep | Scalar all/pinned/unpinned phases are retained. Layerwise exports all records only: the input's duplicate 'unpinned' alias is not a physical layerwise phase. Positive L lowers beta.",Lion direction units; vote fractions; record counts
sc,20,500,S0589,6,layer1.0.bn1.bias,64,false,false,all,500,-1.47465729699597e-05,1.78148815880175e-05,1.50788953078518e-05,0.156,0.842,"`ctd1`, 6 runs, 100 ep | Scalar all/pinned/unpinned phases are retained. Layerwise exports all records only: the input's duplicate 'unpinned' alias is not a physical layerwise phase. Positive L lowers beta.",Lion direction units; vote fractions; record counts
sc,20,500,S0589,6,layer1.0.bn1.bias,64,false,false,pinned,315,-1.90453516181885e-05,2.23750041088364e-05,2.07721812330419e-05,0.142857142857143,0.857142857142857,"`ctd1`, 6 runs, 100 ep | Scalar all/pinned/unpinned phases are retained. Layerwise exports all records only: the input's duplicate 'unpinned' alias is not a physical layerwise phase. Positive L lowers beta.",Lion direction units; vote fractions; record counts
sc,20,500,S0589,6,layer1.0.bn1.bias,64,false,false,unpinned,185,-7.42703094729967e-06,1.00503486471638e-05,4.55516783404164e-06,0.178378378378378,0.816216216216216,"`ctd1`, 6 runs, 100 ep | Scalar all/pinned/unpinned phases are retained. Layerwise exports all records only: the input's duplicate 'unpinned' alias is not a physical layerwise phase. Positive L lowers beta.",Lion direction units; vote fractions; record counts
sc,20,500,S0589,7,layer1.0.conv2.weight,36864,false,false,all,500,-0.0134525210250919,0.0137066116327882,0.0148771471343935,0.038,0.962,"`ctd1`, 6 runs, 100 ep | Scalar all/pinned/unpinned phases are retained. Layerwise exports all records only: the input's duplicate 'unpinned' alias is not a physical layerwise phase. Positive L lowers beta.",Lion direction units; vote fractions; record counts
sc,20,500,S0589,7,layer1.0.conv2.weight,36864,false,false,pinned,315,-0.0172058242658478,0.0172058242658478,0.0171278703957796,0,1,"`ctd1`, 6 runs, 100 ep | Scalar all/pinned/unpinned phases are retained. Layerwise exports all records only: the input's duplicate 'unpinned' alias is not a physical layerwise phase. Positive L lowers beta.",Lion direction units; vote fractions; record counts
sc,20,500,S0589,7,layer1.0.conv2.weight,36864,false,false,unpinned,185,-0.00706176145299392,0.00774849282514606,0.0049785103648901,0.102702702702703,0.897297297297297,"`ctd1`, 6 runs, 100 ep | Scalar all/pinned/unpinned phases are retained. Layerwise exports all records only: the input's duplicate 'unpinned' alias is not a physical layerwise phase. Positive L lowers beta.",Lion direction units; vote fractions; record counts
sc,20,500,S0589,8,layer1.0.bn2.weight,64,false,false,all,500,5.4802316447925e-05,0.00332073782149269,0.00245233136229217,0.578,0.422,"`ctd1`, 6 runs, 100 ep | Scalar all/pinned/unpinned phases are retained. Layerwise exports all records only: the input's duplicate 'unpinned' alias is not a physical layerwise phase. Positive L lowers beta.",Lion direction units; vote fractions; record counts
sc,20,500,S0589,8,layer1.0.bn2.weight,64,false,false,pinned,315,0.000101260602162848,0.00407778824073917,0.00328520610928535,0.552380952380952,0.447619047619048,"`ctd1`, 6 runs, 100 ep | Scalar all/pinned/unpinned phases are retained. Layerwise exports all records only: the input's duplicate 'unpinned' alias is not a physical layerwise phase. Positive L lowers beta.",Lion direction units; vote fractions; record counts
sc,20,500,S0589,8,layer1.0.bn2.weight,64,false,false,unpinned,185,-2.43023322018085e-05,0.0020317060265595,0.000788193894550204,0.621621621621622,0.378378378378378,"`ctd1`, 6 runs, 100 ep | Scalar all/pinned/unpinned phases are retained. Layerwise exports all records only: the input's duplicate 'unpinned' alias is not a physical layerwise phase. Positive L lowers beta.",Lion direction units; vote fractions; record counts
sc,20,500,S0589,9,layer1.0.bn2.bias,64,false,false,all,500,-5.22890226064492e-06,7.07867599278531e-06,5.56006018541666e-06,0.19,0.808,"`ctd1`, 6 runs, 100 ep | Scalar all/pinned/unpinned phases are retained. Layerwise exports all records only: the input's duplicate 'unpinned' alias is not a physical layerwise phase. Positive L lowers beta.",Lion direction units; vote fractions; record counts
sc,20,500,S0589,9,layer1.0.bn2.bias,64,false,false,pinned,315,-6.62669589509899e-06,8.55448264437944e-06,7.37480277166469e-06,0.2,0.8,"`ctd1`, 6 runs, 100 ep | Scalar all/pinned/unpinned phases are retained. Layerwise exports all records only: the input's duplicate 'unpinned' alias is not a physical layerwise phase. Positive L lowers beta.",Lion direction units; vote fractions; record counts
sc,20,500,S0589,9,layer1.0.bn2.bias,64,false,false,unpinned,185,-2.84887526143935e-06,4.56581601844938e-06,2.51612786996702e-06,0.172972972972973,0.821621621621622,"`ctd1`, 6 runs, 100 ep | Scalar all/pinned/unpinned phases are retained. Layerwise exports all records only: the input's duplicate 'unpinned' alias is not a physical layerwise phase. Positive L lowers beta.",Lion direction units; vote fractions; record counts
sc,20,500,S0589,10,layer1.1.conv1.weight,36864,false,false,all,500,-0.00956867344902016,0.00974218360698923,0.0109313392546028,0.04,0.96,"`ctd1`, 6 runs, 100 ep | Scalar all/pinned/unpinned phases are retained. Layerwise exports all records only: the input's duplicate 'unpinned' alias is not a physical layerwise phase. Positive L lowers beta.",Lion direction units; vote fractions; record counts
sc,20,500,S0589,10,layer1.1.conv1.weight,36864,false,false,pinned,315,-0.0122554588412482,0.0122554588412482,0.0123908546753228,0,1,"`ctd1`, 6 runs, 100 ep | Scalar all/pinned/unpinned phases are retained. Layerwise exports all records only: the input's duplicate 'unpinned' alias is not a physical layerwise phase. Positive L lowers beta.",Lion direction units; vote fractions; record counts
sc,20,500,S0589,10,layer1.1.conv1.weight,36864,false,false,unpinned,185,-0.00499387670009141,0.00546282307298079,0.00346471990924329,0.108108108108108,0.891891891891892,"`ctd1`, 6 runs, 100 ep | Scalar all/pinned/unpinned phases are retained. Layerwise exports all records only: the input's duplicate 'unpinned' alias is not a physical layerwise phase. Positive L lowers beta.",Lion direction units; vote fractions; record counts
sc,20,500,S0589,11,layer1.1.bn1.weight,64,false,false,all,500,1.17965398535891e-05,2.02657977686214e-05,1.45109883760597e-05,0.606,0.394,"`ctd1`, 6 runs, 100 ep | Scalar all/pinned/unpinned phases are retained. Layerwise exports all records only: the input's duplicate 'unpinned' alias is not a physical layerwise phase. Positive L lowers beta.",Lion direction units; vote fractions; record counts
sc,20,500,S0589,11,layer1.1.bn1.weight,64,false,false,pinned,315,1.59870815465686e-05,2.53335868176313e-05,2.08779238164425e-05,0.73015873015873,0.26984126984127,"`ctd1`, 6 runs, 100 ep | Scalar all/pinned/unpinned phases are retained. Layerwise exports all records only: the input's duplicate 'unpinned' alias is not a physical layerwise phase. Positive L lowers beta.",Lion direction units; vote fractions; record counts
sc,20,500,S0589,11,layer1.1.bn1.weight,64,false,false,unpinned,185,4.66129318716467e-06,1.16368596581449e-05,3.33224402311316e-06,0.394594594594595,0.605405405405405,"`ctd1`, 6 runs, 100 ep | Scalar all/pinned/unpinned phases are retained. Layerwise exports all records only: the input's duplicate 'unpinned' alias is not a physical layerwise phase. Positive L lowers beta.",Lion direction units; vote fractions; record counts
sc,20,500,S0589,12,layer1.1.bn1.bias,64,false,false,all,500,-3.36744269954211e-06,4.98362477443409e-06,3.90873203741648e-06,0.206,0.792,"`ctd1`, 6 runs, 100 ep | Scalar all/pinned/unpinned phases are retained. Layerwise exports all records only: the input's duplicate 'unpinned' alias is not a physical layerwise phase. Positive L lowers beta.",Lion direction units; vote fractions; record counts
sc,20,500,S0589,12,layer1.1.bn1.bias,64,false,false,pinned,315,-3.9368240771729e-06,6.02177440963632e-06,5.15851008913159e-06,0.263492063492063,0.736507936507937,"`ctd1`, 6 runs, 100 ep | Scalar all/pinned/unpinned phases are retained. Layerwise exports all records only: the input's duplicate 'unpinned' alias is not a physical layerwise phase. Positive L lowers beta.",Lion direction units; vote fractions; record counts
sc,20,500,S0589,12,layer1.1.bn1.bias,64,false,false,unpinned,185,-2.39795548898158e-06,3.21596458476544e-06,1.84644222827046e-06,0.108108108108108,0.886486486486487,"`ctd1`, 6 runs, 100 ep | Scalar all/pinned/unpinned phases are retained. Layerwise exports all records only: the input's duplicate 'unpinned' alias is not a physical layerwise phase. Positive L lowers beta.",Lion direction units; vote fractions; record counts
sc,20,500,S0589,13,layer1.1.conv2.weight,36864,false,false,all,500,-0.00911274638818709,0.00918559739143984,0.0101928544230759,0.026,0.974,"`ctd1`, 6 runs, 100 ep | Scalar all/pinned/unpinned phases are retained. Layerwise exports all records only: the input's duplicate 'unpinned' alias is not a physical layerwise phase. Positive L lowers beta.",Lion direction units; vote fractions; record counts
sc,20,500,S0589,13,layer1.1.conv2.weight,36864,false,false,pinned,315,-0.0115584515662686,0.0115584515662686,0.0113733194768429,0,1,"`ctd1`, 6 runs, 100 ep | Scalar all/pinned/unpinned phases are retained. Layerwise exports all records only: the input's duplicate 'unpinned' alias is not a physical layerwise phase. Positive L lowers beta.",Lion direction units; vote fractions; record counts
sc,20,500,S0589,13,layer1.1.conv2.weight,36864,false,false,unpinned,185,-0.00494843757145363,0.00514533217483944,0.00288037778809667,0.0702702702702703,0.92972972972973,"`ctd1`, 6 runs, 100 ep | Scalar all/pinned/unpinned phases are retained. Layerwise exports all records only: the input's duplicate 'unpinned' alias is not a physical layerwise phase. Positive L lowers beta.",Lion direction units; vote fractions; record counts
sc,20,500,S0589,14,layer1.1.bn2.weight,64,false,false,all,500,0.00383459389894046,0.0041191621894269,0.00356609215959907,0.824,0.176,"`ctd1`, 6 runs, 100 ep | Scalar all/pinned/unpinned phases are retained. Layerwise exports all records only: the input's duplicate 'unpinned' alias is not a physical layerwise phase. Positive L lowers beta.",Lion direction units; vote fractions; record counts
sc,20,500,S0589,14,layer1.1.bn2.weight,64,false,false,pinned,315,0.00486341420227074,0.00510898680225225,0.00482314024120569,0.920634920634921,0.0793650793650794,"`ctd1`, 6 runs, 100 ep | Scalar all/pinned/unpinned phases are retained. Layerwise exports all records only: the input's duplicate 'unpinned' alias is not a physical layerwise phase. Positive L lowers beta.",Lion direction units; vote fractions; record counts
sc,20,500,S0589,14,layer1.1.bn2.weight,64,false,false,unpinned,185,0.00208281878786457,0.00243378514596753,0.000684825051575899,0.659459459459459,0.340540540540541,"`ctd1`, 6 runs, 100 ep | Scalar all/pinned/unpinned phases are retained. Layerwise exports all records only: the input's duplicate 'unpinned' alias is not a physical layerwise phase. Positive L lowers beta.",Lion direction units; vote fractions; record counts
sc,20,500,S0589,15,layer1.1.bn2.bias,64,false,false,all,500,-1.78860905048912e-06,2.48195570422777e-06,1.89511854387092e-06,0.208,0.79,"`ctd1`, 6 runs, 100 ep | Scalar all/pinned/unpinned phases are retained. Layerwise exports all records only: the input's duplicate 'unpinned' alias is not a physical layerwise phase. Positive L lowers beta.",Lion direction units; vote fractions; record counts
sc,20,500,S0589,15,layer1.1.bn2.bias,64,false,false,pinned,315,-2.23368838066882e-06,3.00467924471747e-06,2.62627254414838e-06,0.228571428571429,0.771428571428571,"`ctd1`, 6 runs, 100 ep | Scalar all/pinned/unpinned phases are retained. Layerwise exports all records only: the input's duplicate 'unpinned' alias is not a physical layerwise phase. Positive L lowers beta.",Lion direction units; vote fractions; record counts
sc,20,500,S0589,15,layer1.1.bn2.bias,64,false,false,unpinned,185,-1.03077127207502e-06,1.59191291906964e-06,9.5839392884045e-07,0.172972972972973,0.821621621621622,"`ctd1`, 6 runs, 100 ep | Scalar all/pinned/unpinned phases are retained. Layerwise exports all records only: the input's duplicate 'unpinned' alias is not a physical layerwise phase. Positive L lowers beta.",Lion direction units; vote fractions; record counts
sc,20,500,S0589,16,layer2.0.conv1.weight,73728,false,false,all,500,-0.0101728672606812,0.0102103357383924,0.0116141421254724,0.018,0.982,"`ctd1`, 6 runs, 100 ep | Scalar all/pinned/unpinned phases are retained. Layerwise exports all records only: the input's duplicate 'unpinned' alias is not a physical layerwise phase. Positive L lowers beta.",Lion direction units; vote fractions; record counts
sc,20,500,S0589,16,layer2.0.conv1.weight,73728,false,false,pinned,315,-0.012865879068979,0.012865879068979,0.0127391069196165,0,1,"`ctd1`, 6 runs, 100 ep | Scalar all/pinned/unpinned phases are retained. Layerwise exports all records only: the input's duplicate 'unpinned' alias is not a physical layerwise phase. Positive L lowers beta.",Lion direction units; vote fractions; record counts
sc,20,500,S0589,16,layer2.0.conv1.weight,73728,false,false,unpinned,185,-0.00558746877628233,0.00568873493225857,0.00323686122428626,0.0486486486486487,0.951351351351351,"`ctd1`, 6 runs, 100 ep | Scalar all/pinned/unpinned phases are retained. Layerwise exports all records only: the input's duplicate 'unpinned' alias is not a physical layerwise phase. Positive L lowers beta.",Lion direction units; vote fractions; record counts
sc,20,500,S0589,17,layer2.0.bn1.weight,128,false,false,all,500,-1.83608418621107e-06,1.31559069917361e-05,9.57527400942126e-06,0.392,0.608,"`ctd1`, 6 runs, 100 ep | Scalar all/pinned/unpinned phases are retained. Layerwise exports all records only: the input's duplicate 'unpinned' alias is not a physical layerwise phase. Positive L lowers beta.",Lion direction units; vote fractions; record counts
sc,20,500,S0589,17,layer2.0.bn1.weight,128,false,false,pinned,315,-2.91268942752205e-06,1.6048014884639e-05,1.3478759001373e-05,0.441269841269841,0.558730158730159,"`ctd1`, 6 runs, 100 ep | Scalar all/pinned/unpinned phases are retained. Layerwise exports all records only: the input's duplicate 'unpinned' alias is not a physical layerwise phase. Positive L lowers beta.",Lion direction units; vote fractions; record counts
sc,20,500,S0589,17,layer2.0.bn1.weight,128,false,false,unpinned,185,-2.94553208697101e-09,8.23150706598248e-06,3.62026103175594e-06,0.308108108108108,0.691891891891892,"`ctd1`, 6 runs, 100 ep | Scalar all/pinned/unpinned phases are retained. Layerwise exports all records only: the input's duplicate 'unpinned' alias is not a physical layerwise phase. Positive L lowers beta.",Lion direction units; vote fractions; record counts
sc,20,500,S0589,18,layer2.0.bn1.bias,128,false,false,all,500,-1.85613194609972e-06,2.45531408184377e-06,1.91655471439844e-06,0.188,0.81,"`ctd1`, 6 runs, 100 ep | Scalar all/pinned/unpinned phases are retained. Layerwise exports all records only: the input's duplicate 'unpinned' alias is not a physical layerwise phase. Positive L lowers beta.",Lion direction units; vote fractions; record counts
sc,20,500,S0589,18,layer2.0.bn1.bias,128,false,false,pinned,315,-2.35357592322497e-06,3.06651608378879e-06,2.7324979896548e-06,0.212698412698413,0.787301587301587,"`ctd1`, 6 runs, 100 ep | Scalar all/pinned/unpinned phases are retained. Layerwise exports all records only: the input's duplicate 'unpinned' alias is not a physical layerwise phase. Positive L lowers beta.",Lion direction units; vote fractions; record counts
sc,20,500,S0589,18,layer2.0.bn1.bias,128,false,false,unpinned,185,-1.00913274180537e-06,1.4146187812347e-06,8.83844961663272e-07,0.145945945945946,0.848648648648649,"`ctd1`, 6 runs, 100 ep | Scalar all/pinned/unpinned phases are retained. Layerwise exports all records only: the input's duplicate 'unpinned' alias is not a physical layerwise phase. Positive L lowers beta.",Lion direction units; vote fractions; record counts
sc,20,500,S0589,19,layer2.0.conv2.weight,147456,false,false,all,500,-0.0156700564326367,0.0156827450838756,0.0182824118062854,0.01,0.99,"`ctd1`, 6 runs, 100 ep | Scalar all/pinned/unpinned phases are retained. Layerwise exports all records only: the input's duplicate 'unpinned' alias is not a physical layerwise phase. Positive L lowers beta.",Lion direction units; vote fractions; record counts
sc,20,500,S0589,19,layer2.0.conv2.weight,147456,false,false,pinned,315,-0.0196432243382174,0.0196432243382174,0.0195928355678916,0,1,"`ctd1`, 6 runs, 100 ep | Scalar all/pinned/unpinned phases are retained. Layerwise exports all records only: the input's duplicate 'unpinned' alias is not a physical layerwise phase. Positive L lowers beta.",Lion direction units; vote fractions; record counts
sc,20,500,S0589,19,layer2.0.conv2.weight,147456,false,false,unpinned,185,-0.0089049327015127,0.00893922635350986,0.00572279370389879,0.027027027027027,0.972972972972973,"`ctd1`, 6 runs, 100 ep | Scalar all/pinned/unpinned phases are retained. Layerwise exports all records only: the input's duplicate 'unpinned' alias is not a physical layerwise phase. Positive L lowers beta.",Lion direction units; vote fractions; record counts
sc,20,500,S0589,20,layer2.0.bn2.weight,128,false,false,all,500,0.00163381615156773,0.00223674379255589,0.00186325067188591,0.772,0.228,"`ctd1`, 6 runs, 100 ep | Scalar all/pinned/unpinned phases are retained. Layerwise exports all records only: the input's duplicate 'unpinned' alias is not a physical layerwise phase. Positive L lowers beta.",Lion direction units; vote fractions; record counts
sc,20,500,S0589,20,layer2.0.bn2.weight,128,false,false,pinned,315,0.00206437698195389,0.00268122773854956,0.00232955587562174,0.780952380952381,0.219047619047619,"`ctd1`, 6 runs, 100 ep | Scalar all/pinned/unpinned phases are retained. Layerwise exports all records only: the input's duplicate 'unpinned' alias is not a physical layerwise phase. Positive L lowers beta.",Lion direction units; vote fractions; record counts
sc,20,500,S0589,20,layer2.0.bn2.weight,128,false,false,unpinned,185,0.0009006990619913,0.00147991977640449,0.000529338169144466,0.756756756756757,0.243243243243243,"`ctd1`, 6 runs, 100 ep | Scalar all/pinned/unpinned phases are retained. Layerwise exports all records only: the input's duplicate 'unpinned' alias is not a physical layerwise phase. Positive L lowers beta.",Lion direction units; vote fractions; record counts
sc,20,500,S0589,21,layer2.0.bn2.bias,128,false,false,all,500,-4.06843555442313e-06,4.13982595323452e-06,4.01680997583753e-06,0.044,0.954,"`ctd1`, 6 runs, 100 ep | Scalar all/pinned/unpinned phases are retained. Layerwise exports all records only: the input's duplicate 'unpinned' alias is not a physical layerwise phase. Positive L lowers beta.",Lion direction units; vote fractions; record counts
sc,20,500,S0589,21,layer2.0.bn2.bias,128,false,false,pinned,315,-4.97772070733816e-06,5.04199957720716e-06,5.04458657815121e-06,0.0349206349206349,0.965079365079365,"`ctd1`, 6 runs, 100 ep | Scalar all/pinned/unpinned phases are retained. Layerwise exports all records only: the input's duplicate 'unpinned' alias is not a physical layerwise phase. Positive L lowers beta.",Lion direction units; vote fractions; record counts
sc,20,500,S0589,21,layer2.0.bn2.bias,128,false,false,unpinned,185,-2.52019326702727e-06,2.60369248538921e-06,1.76300850398548e-06,0.0594594594594595,0.935135135135135,"`ctd1`, 6 runs, 100 ep | Scalar all/pinned/unpinned phases are retained. Layerwise exports all records only: the input's duplicate 'unpinned' alias is not a physical layerwise phase. Positive L lowers beta.",Lion direction units; vote fractions; record counts
sc,20,500,S0589,22,layer2.0.shortcut.0.weight,8192,false,false,all,500,-0.00101208454698243,0.00101880276465712,0.00110379310790449,0.026,0.974,"`ctd1`, 6 runs, 100 ep | Scalar all/pinned/unpinned phases are retained. Layerwise exports all records only: the input's duplicate 'unpinned' alias is not a physical layerwise phase. Positive L lowers beta.",Lion direction units; vote fractions; record counts
sc,20,500,S0589,22,layer2.0.shortcut.0.weight,8192,false,false,pinned,315,-0.00126751632847276,0.00126751632847276,0.00125549503136426,0,1,"`ctd1`, 6 runs, 100 ep | Scalar all/pinned/unpinned phases are retained. Layerwise exports all records only: the input's duplicate 'unpinned' alias is not a physical layerwise phase. Positive L lowers beta.",Lion direction units; vote fractions; record counts
sc,20,500,S0589,22,layer2.0.shortcut.0.weight,8192,false,false,unpinned,185,-0.000577160162282668,0.000595317507349404,0.000360145512968302,0.0702702702702703,0.92972972972973,"`ctd1`, 6 runs, 100 ep | Scalar all/pinned/unpinned phases are retained. Layerwise exports all records only: the input's duplicate 'unpinned' alias is not a physical layerwise phase. Positive L lowers beta.",Lion direction units; vote fractions; record counts
sc,20,500,S0589,23,layer2.0.shortcut.1.weight,128,false,false,all,500,-0.011999548036371,0.0120081184252036,0.0140198393724859,0.038,0.962,"`ctd1`, 6 runs, 100 ep | Scalar all/pinned/unpinned phases are retained. Layerwise exports all records only: the input's duplicate 'unpinned' alias is not a physical layerwise phase. Positive L lowers beta.",Lion direction units; vote fractions; record counts
sc,20,500,S0589,23,layer2.0.shortcut.1.weight,128,false,false,pinned,315,-0.0150628890862156,0.0150628890862156,0.0150659183040261,0,1,"`ctd1`, 6 runs, 100 ep | Scalar all/pinned/unpinned phases are retained. Layerwise exports all records only: the input's duplicate 'unpinned' alias is not a physical layerwise phase. Positive L lowers beta.",Lion direction units; vote fractions; record counts
sc,20,500,S0589,23,layer2.0.shortcut.1.weight,128,false,false,unpinned,185,-0.00678358895150048,0.00680675216456138,0.00287590438965708,0.102702702702703,0.897297297297297,"`ctd1`, 6 runs, 100 ep | Scalar all/pinned/unpinned phases are retained. Layerwise exports all records only: the input's duplicate 'unpinned' alias is not a physical layerwise phase. Positive L lowers beta.",Lion direction units; vote fractions; record counts
sc,20,500,S0589,24,layer2.0.shortcut.1.bias,128,false,false,all,500,-4.06843555442313e-06,4.13982595323452e-06,4.01680997583753e-06,0.044,0.954,"`ctd1`, 6 runs, 100 ep | Scalar all/pinned/unpinned phases are retained. Layerwise exports all records only: the input's duplicate 'unpinned' alias is not a physical layerwise phase. Positive L lowers beta.",Lion direction units; vote fractions; record counts
sc,20,500,S0589,24,layer2.0.shortcut.1.bias,128,false,false,pinned,315,-4.97772070733816e-06,5.04199957720716e-06,5.04458657815121e-06,0.0349206349206349,0.965079365079365,"`ctd1`, 6 runs, 100 ep | Scalar all/pinned/unpinned phases are retained. Layerwise exports all records only: the input's duplicate 'unpinned' alias is not a physical layerwise phase. Positive L lowers beta.",Lion direction units; vote fractions; record counts
sc,20,500,S0589,24,layer2.0.shortcut.1.bias,128,false,false,unpinned,185,-2.52019326702727e-06,2.60369248538921e-06,1.76300850398548e-06,0.0594594594594595,0.935135135135135,"`ctd1`, 6 runs, 100 ep | Scalar all/pinned/unpinned phases are retained. Layerwise exports all records only: the input's duplicate 'unpinned' alias is not a physical layerwise phase. Positive L lowers beta.",Lion direction units; vote fractions; record counts
sc,20,500,S0589,25,layer2.1.conv1.weight,147456,false,false,all,500,-0.0140751247200786,0.0140772958029903,0.016507491376251,0.004,0.996,"`ctd1`, 6 runs, 100 ep | Scalar all/pinned/unpinned phases are retained. Layerwise exports all records only: the input's duplicate 'unpinned' alias is not a physical layerwise phase. Positive L lowers beta.",Lion direction units; vote fractions; record counts
sc,20,500,S0589,25,layer2.1.conv1.weight,147456,false,false,pinned,315,-0.0175492559586622,0.0175492559586622,0.0175761168822646,0,1,"`ctd1`, 6 runs, 100 ep | Scalar all/pinned/unpinned phases are retained. Layerwise exports all records only: the input's duplicate 'unpinned' alias is not a physical layerwise phase. Positive L lowers beta.",Lion direction units; vote fractions; record counts
sc,20,500,S0589,25,layer2.1.conv1.weight,147456,false,false,unpinned,185,-0.00815971207059844,0.00816557986225163,0.00563109093345702,0.0108108108108108,0.989189189189189,"`ctd1`, 6 runs, 100 ep | Scalar all/pinned/unpinned phases are retained. Layerwise exports all records only: the input's duplicate 'unpinned' alias is not a physical layerwise phase. Positive L lowers beta.",Lion direction units; vote fractions; record counts
sc,20,500,S0589,26,layer2.1.bn1.weight,128,false,false,all,500,4.53036813084615e-05,4.56447071300771e-05,5.20201661856845e-05,0.828,0.172,"`ctd1`, 6 runs, 100 ep | Scalar all/pinned/unpinned phases are retained. Layerwise exports all records only: the input's duplicate 'unpinned' alias is not a physical layerwise phase. Positive L lowers beta.",Lion direction units; vote fractions; record counts
sc,20,500,S0589,26,layer2.1.bn1.weight,128,false,false,pinned,315,5.79904027582083e-05,5.79904027582083e-05,5.88303926633671e-05,1,0,"`ctd1`, 6 runs, 100 ep | Scalar all/pinned/unpinned phases are retained. Layerwise exports all records only: the input's duplicate 'unpinned' alias is not a physical layerwise phase. Positive L lowers beta.",Lion direction units; vote fractions; record counts
sc,20,500,S0589,26,layer2.1.bn1.weight,128,false,false,unpinned,185,2.37019664075411e-05,2.4623657817313e-05,5.57814855710603e-06,0.535135135135135,0.464864864864865,"`ctd1`, 6 runs, 100 ep | Scalar all/pinned/unpinned phases are retained. Layerwise exports all records only: the input's duplicate 'unpinned' alias is not a physical layerwise phase. Positive L lowers beta.",Lion direction units; vote fractions; record counts
sc,20,500,S0589,27,layer2.1.bn1.bias,128,false,false,all,500,-1.73199829146073e-06,1.87478892264254e-06,1.7324975772226e-06,0.092,0.906,"`ctd1`, 6 runs, 100 ep | Scalar all/pinned/unpinned phases are retained. Layerwise exports all records only: the input's duplicate 'unpinned' alias is not a physical layerwise phase. Positive L lowers beta.",Lion direction units; vote fractions; record counts
sc,20,500,S0589,27,layer2.1.bn1.bias,128,false,false,pinned,315,-2.06341889437796e-06,2.20084854564873e-06,2.04812918127573e-06,0.0793650793650794,0.920634920634921,"`ctd1`, 6 runs, 100 ep | Scalar all/pinned/unpinned phases are retained. Layerwise exports all records only: the input's duplicate 'unpinned' alias is not a physical layerwise phase. Positive L lowers beta.",Lion direction units; vote fractions; record counts
sc,20,500,S0589,27,layer2.1.bn1.bias,128,false,false,unpinned,185,-1.1676875351422e-06,1.31960632130767e-06,8.51398453960428e-07,0.113513513513514,0.881081081081081,"`ctd1`, 6 runs, 100 ep | Scalar all/pinned/unpinned phases are retained. Layerwise exports all records only: the input's duplicate 'unpinned' alias is not a physical layerwise phase. Positive L lowers beta.",Lion direction units; vote fractions; record counts
sc,20,500,S0589,28,layer2.1.conv2.weight,147456,false,false,all,500,-0.0132425928566119,0.0132463630790803,0.015728111192584,0.002,0.998,"`ctd1`, 6 runs, 100 ep | Scalar all/pinned/unpinned phases are retained. Layerwise exports all records only: the input's duplicate 'unpinned' alias is not a physical layerwise phase. Positive L lowers beta.",Lion direction units; vote fractions; record counts
sc,20,500,S0589,28,layer2.1.conv2.weight,147456,false,false,pinned,315,-0.0164085673614191,0.0164085673614191,0.0164058168884367,0,1,"`ctd1`, 6 runs, 100 ep | Scalar all/pinned/unpinned phases are retained. Layerwise exports all records only: the input's duplicate 'unpinned' alias is not a physical layerwise phase. Positive L lowers beta.",Lion direction units; vote fractions; record counts
sc,20,500,S0589,28,layer2.1.conv2.weight,147456,false,false,unpinned,185,-0.00785187951058901,0.00786206930104388,0.00532365702092648,0.00540540540540541,0.994594594594595,"`ctd1`, 6 runs, 100 ep | Scalar all/pinned/unpinned phases are retained. Layerwise exports all records only: the input's duplicate 'unpinned' alias is not a physical layerwise phase. Positive L lowers beta.",Lion direction units; vote fractions; record counts
sc,20,500,S0589,29,layer2.1.bn2.weight,128,false,false,all,500,0.0101805360019623,0.0101844227369837,0.0120742324274033,0.92,0.08,"`ctd1`, 6 runs, 100 ep | Scalar all/pinned/unpinned phases are retained. Layerwise exports all records only: the input's duplicate 'unpinned' alias is not a physical layerwise phase. Positive L lowers beta.",Lion direction units; vote fractions; record counts
sc,20,500,S0589,29,layer2.1.bn2.weight,128,false,false,pinned,315,0.0127620283996923,0.0127620283996923,0.0127453812398016,1,0,"`ctd1`, 6 runs, 100 ep | Scalar all/pinned/unpinned phases are retained. Layerwise exports all records only: the input's duplicate 'unpinned' alias is not a physical layerwise phase. Positive L lowers beta.",Lion direction units; vote fractions; record counts
sc,20,500,S0589,29,layer2.1.bn2.weight,128,false,false,unpinned,185,0.00578502191934094,0.00579552660858795,0.00342974201776087,0.783783783783784,0.216216216216216,"`ctd1`, 6 runs, 100 ep | Scalar all/pinned/unpinned phases are retained. Layerwise exports all records only: the input's duplicate 'unpinned' alias is not a physical layerwise phase. Positive L lowers beta.",Lion direction units; vote fractions; record counts
sc,20,500,S0589,30,layer2.1.bn2.bias,128,false,false,all,500,-1.91749804818602e-06,1.93429467798257e-06,1.96703308574797e-06,0.026,0.972,"`ctd1`, 6 runs, 100 ep | Scalar all/pinned/unpinned phases are retained. Layerwise exports all records only: the input's duplicate 'unpinned' alias is not a physical layerwise phase. Positive L lowers beta.",Lion direction units; vote fractions; record counts
sc,20,500,S0589,30,layer2.1.bn2.bias,128,false,false,pinned,315,-2.28196584488153e-06,2.29260234055757e-06,2.32204654366797e-06,0.0222222222222222,0.977777777777778,"`ctd1`, 6 runs, 100 ep | Scalar all/pinned/unpinned phases are retained. Layerwise exports all records only: the input's duplicate 'unpinned' alias is not a physical layerwise phase. Positive L lowers beta.",Lion direction units; vote fractions; record counts
sc,20,500,S0589,30,layer2.1.bn2.bias,128,false,false,unpinned,185,-1.2969177457045e-06,1.32420325251702e-06,1.15510127898233e-06,0.0324324324324324,0.962162162162162,"`ctd1`, 6 runs, 100 ep | Scalar all/pinned/unpinned phases are retained. Layerwise exports all records only: the input's duplicate 'unpinned' alias is not a physical layerwise phase. Positive L lowers beta.",Lion direction units; vote fractions; record counts
sc,20,500,S0589,31,layer3.0.conv1.weight,294912,false,false,all,500,-0.0147104442272897,0.0147104442272902,0.0172338810982183,0.002,0.998,"`ctd1`, 6 runs, 100 ep | Scalar all/pinned/unpinned phases are retained. Layerwise exports all records only: the input's duplicate 'unpinned' alias is not a physical layerwise phase. Positive L lowers beta.",Lion direction units; vote fractions; record counts
sc,20,500,S0589,31,layer3.0.conv1.weight,294912,false,false,pinned,315,-0.0181006345977741,0.0181006345977741,0.0180618058890104,0,1,"`ctd1`, 6 runs, 100 ep | Scalar all/pinned/unpinned phases are retained. Layerwise exports all records only: the input's duplicate 'unpinned' alias is not a physical layerwise phase. Positive L lowers beta.",Lion direction units; vote fractions; record counts
sc,20,500,S0589,31,layer3.0.conv1.weight,294912,false,false,unpinned,185,-0.00893795792078941,0.00893795792079055,0.0066426117438823,0.00540540540540541,0.994594594594595,"`ctd1`, 6 runs, 100 ep | Scalar all/pinned/unpinned phases are retained. Layerwise exports all records only: the input's duplicate 'unpinned' alias is not a physical layerwise phase. Positive L lowers beta.",Lion direction units; vote fractions; record counts
sc,20,500,S0589,32,layer3.0.bn1.weight,256,false,false,all,500,-1.67859705327395e-05,1.70247499331275e-05,1.7003425364237e-05,0.034,0.966,"`ctd1`, 6 runs, 100 ep | Scalar all/pinned/unpinned phases are retained. Layerwise exports all records only: the input's duplicate 'unpinned' alias is not a physical layerwise phase. Positive L lowers beta.",Lion direction units; vote fractions; record counts
sc,20,500,S0589,32,layer3.0.bn1.weight,256,false,false,pinned,315,-2.07187120597357e-05,2.10931765815032e-05,2.13566592719872e-05,0.0444444444444444,0.955555555555556,"`ctd1`, 6 runs, 100 ep | Scalar all/pinned/unpinned phases are retained. Layerwise exports all records only: the input's duplicate 'unpinned' alias is not a physical layerwise phase. Positive L lowers beta.",Lion direction units; vote fractions; record counts
sc,20,500,S0589,32,layer3.0.bn1.weight,256,false,false,unpinned,185,-1.00896809056919e-05,1.00974288831904e-05,3.32738384258846e-06,0.0162162162162162,0.983783783783784,"`ctd1`, 6 runs, 100 ep | Scalar all/pinned/unpinned phases are retained. Layerwise exports all records only: the input's duplicate 'unpinned' alias is not a physical layerwise phase. Positive L lowers beta.",Lion direction units; vote fractions; record counts
sc,20,500,S0589,33,layer3.0.bn1.bias,256,false,false,all,500,-1.37753281129658e-06,1.40412478699357e-06,1.44241587918259e-06,0.032,0.966,"`ctd1`, 6 runs, 100 ep | Scalar all/pinned/unpinned phases are retained. Layerwise exports all records only: the input's duplicate 'unpinned' alias is not a physical layerwise phase. Positive L lowers beta.",Lion direction units; vote fractions; record counts
sc,20,500,S0589,33,layer3.0.bn1.bias,256,false,false,pinned,315,-1.61028404076231e-06,1.62995755625879e-06,1.66551994880138e-06,0.0317460317460317,0.968253968253968,"`ctd1`, 6 runs, 100 ep | Scalar all/pinned/unpinned phases are retained. Layerwise exports all records only: the input's duplicate 'unpinned' alias is not a physical layerwise phase. Positive L lowers beta.",Lion direction units; vote fractions; record counts
sc,20,500,S0589,33,layer3.0.bn1.bias,256,false,false,unpinned,185,-9.81226663827915e-07,1.01959872040684e-06,9.37709694426303e-07,0.0324324324324324,0.962162162162162,"`ctd1`, 6 runs, 100 ep | Scalar all/pinned/unpinned phases are retained. Layerwise exports all records only: the input's duplicate 'unpinned' alias is not a physical layerwise phase. Positive L lowers beta.",Lion direction units; vote fractions; record counts
sc,20,500,S0589,34,layer3.0.conv2.weight,589824,false,false,all,500,-0.024473973055571,0.024473973055571,0.028705975599587,0,1,"`ctd1`, 6 runs, 100 ep | Scalar all/pinned/unpinned phases are retained. Layerwise exports all records only: the input's duplicate 'unpinned' alias is not a physical layerwise phase. Positive L lowers beta.",Lion direction units; vote fractions; record counts
sc,20,500,S0589,34,layer3.0.conv2.weight,589824,false,false,pinned,315,-0.029754742548158,0.029754742548158,0.0298071445897222,0,1,"`ctd1`, 6 runs, 100 ep | Scalar all/pinned/unpinned phases are retained. Layerwise exports all records only: the input's duplicate 'unpinned' alias is not a physical layerwise phase. Positive L lowers beta.",Lion direction units; vote fractions; record counts
sc,20,500,S0589,34,layer3.0.conv2.weight,589824,false,false,unpinned,185,-0.0154823925681932,0.0154823925681932,0.0127027161419392,0,1,"`ctd1`, 6 runs, 100 ep | Scalar all/pinned/unpinned phases are retained. Layerwise exports all records only: the input's duplicate 'unpinned' alias is not a physical layerwise phase. Positive L lowers beta.",Lion direction units; vote fractions; record counts
sc,20,500,S0589,35,layer3.0.bn2.weight,256,false,false,all,500,-0.000602006968987697,0.00118275584436785,0.000859566643339349,0.378,0.622,"`ctd1`, 6 runs, 100 ep | Scalar all/pinned/unpinned phases are retained. Layerwise exports all records only: the input's duplicate 'unpinned' alias is not a physical layerwise phase. Positive L lowers beta.",Lion direction units; vote fractions; record counts
sc,20,500,S0589,35,layer3.0.bn2.weight,256,false,false,pinned,315,-0.000640672877156508,0.00141205853244173,0.00114647807204165,0.33968253968254,0.66031746031746,"`ctd1`, 6 runs, 100 ep | Scalar all/pinned/unpinned phases are retained. Layerwise exports all records only: the input's duplicate 'unpinned' alias is not a physical layerwise phase. Positive L lowers beta.",Lion direction units; vote fractions; record counts
sc,20,500,S0589,35,layer3.0.bn2.weight,256,false,false,unpinned,185,-0.000536170422646209,0.000792321537647442,0.000278122693998739,0.443243243243243,0.556756756756757,"`ctd1`, 6 runs, 100 ep | Scalar all/pinned/unpinned phases are retained. Layerwise exports all records only: the input's duplicate 'unpinned' alias is not a physical layerwise phase. Positive L lowers beta.",Lion direction units; vote fractions; record counts
sc,20,500,S0589,36,layer3.0.bn2.bias,256,false,false,all,500,-6.17874666769029e-06,6.17874666769029e-06,7.18185781352077e-06,0,0.998,"`ctd1`, 6 runs, 100 ep | Scalar all/pinned/unpinned phases are retained. Layerwise exports all records only: the input's duplicate 'unpinned' alias is not a physical layerwise phase. Positive L lowers beta.",Lion direction units; vote fractions; record counts
sc,20,500,S0589,36,layer3.0.bn2.bias,256,false,false,pinned,315,-7.623915827307e-06,7.623915827307e-06,7.63161142458557e-06,0,1,"`ctd1`, 6 runs, 100 ep | Scalar all/pinned/unpinned phases are retained. Layerwise exports all records only: the input's duplicate 'unpinned' alias is not a physical layerwise phase. Positive L lowers beta.",Lion direction units; vote fractions; record counts
sc,20,500,S0589,36,layer3.0.bn2.bias,256,false,false,unpinned,185,-3.71805323374833e-06,3.71805323374833e-06,3.10309114865959e-06,0,0.994594594594595,"`ctd1`, 6 runs, 100 ep | Scalar all/pinned/unpinned phases are retained. Layerwise exports all records only: the input's duplicate 'unpinned' alias is not a physical layerwise phase. Positive L lowers beta.",Lion direction units; vote fractions; record counts
sc,20,500,S0589,37,layer3.0.shortcut.0.weight,32768,false,false,all,500,-0.00213422637428513,0.00213422637428528,0.00250112838111818,0.002,0.998,"`ctd1`, 6 runs, 100 ep | Scalar all/pinned/unpinned phases are retained. Layerwise exports all records only: the input's duplicate 'unpinned' alias is not a physical layerwise phase. Positive L lowers beta.",Lion direction units; vote fractions; record counts
sc,20,500,S0589,37,layer3.0.shortcut.0.weight,32768,false,false,pinned,315,-0.00262119904023758,0.00262119904023758,0.00262307941447943,0,1,"`ctd1`, 6 runs, 100 ep | Scalar all/pinned/unpinned phases are retained. Layerwise exports all records only: the input's duplicate 'unpinned' alias is not a physical layerwise phase. Positive L lowers beta.",Lion direction units; vote fractions; record counts
sc,20,500,S0589,37,layer3.0.shortcut.0.weight,32768,false,false,unpinned,185,-0.00130505669982556,0.00130505669982596,0.000826002436224371,0.00540540540540541,0.994594594594595,"`ctd1`, 6 runs, 100 ep | Scalar all/pinned/unpinned phases are retained. Layerwise exports all records only: the input's duplicate 'unpinned' alias is not a physical layerwise phase. Positive L lowers beta.",Lion direction units; vote fractions; record counts
sc,20,500,S0589,38,layer3.0.shortcut.1.weight,256,false,false,all,500,-0.029016549603385,0.029016855328483,0.0352873666211963,0.04,0.96,"`ctd1`, 6 runs, 100 ep | Scalar all/pinned/unpinned phases are retained. Layerwise exports all records only: the input's duplicate 'unpinned' alias is not a physical layerwise phase. Positive L lowers beta.",Lion direction units; vote fractions; record counts
sc,20,500,S0589,38,layer3.0.shortcut.1.weight,256,false,false,pinned,315,-0.0360962801772569,0.0360962801772569,0.0361460892483592,0,1,"`ctd1`, 6 runs, 100 ep | Scalar all/pinned/unpinned phases are retained. Layerwise exports all records only: the input's duplicate 'unpinned' alias is not a physical layerwise phase. Positive L lowers beta.",Lion direction units; vote fractions; record counts
sc,20,500,S0589,38,layer3.0.shortcut.1.weight,256,false,false,unpinned,185,-0.0169618732208462,0.016962699504895,0.013870697375387,0.108108108108108,0.891891891891892,"`ctd1`, 6 runs, 100 ep | Scalar all/pinned/unpinned phases are retained. Layerwise exports all records only: the input's duplicate 'unpinned' alias is not a physical layerwise phase. Positive L lowers beta.",Lion direction units; vote fractions; record counts
sc,20,500,S0589,39,layer3.0.shortcut.1.bias,256,false,false,all,500,-6.17874666769029e-06,6.17874666769029e-06,7.18185781352077e-06,0,0.998,"`ctd1`, 6 runs, 100 ep | Scalar all/pinned/unpinned phases are retained. Layerwise exports all records only: the input's duplicate 'unpinned' alias is not a physical layerwise phase. Positive L lowers beta.",Lion direction units; vote fractions; record counts
sc,20,500,S0589,39,layer3.0.shortcut.1.bias,256,false,false,pinned,315,-7.623915827307e-06,7.623915827307e-06,7.63161142458557e-06,0,1,"`ctd1`, 6 runs, 100 ep | Scalar all/pinned/unpinned phases are retained. Layerwise exports all records only: the input's duplicate 'unpinned' alias is not a physical layerwise phase. Positive L lowers beta.",Lion direction units; vote fractions; record counts
sc,20,500,S0589,39,layer3.0.shortcut.1.bias,256,false,false,unpinned,185,-3.71805323374833e-06,3.71805323374833e-06,3.10309114865959e-06,0,0.994594594594595,"`ctd1`, 6 runs, 100 ep | Scalar all/pinned/unpinned phases are retained. Layerwise exports all records only: the input's duplicate 'unpinned' alias is not a physical layerwise phase. Positive L lowers beta.",Lion direction units; vote fractions; record counts
sc,20,500,S0589,40,layer3.1.conv1.weight,589824,false,false,all,500,-0.0248745817382391,0.0248745817382394,0.0295476557686925,0.002,0.998,"`ctd1`, 6 runs, 100 ep | Scalar all/pinned/unpinned phases are retained. Layerwise exports all records only: the input's duplicate 'unpinned' alias is not a physical layerwise phase. Positive L lowers beta.",Lion direction units; vote fractions; record counts
sc,20,500,S0589,40,layer3.1.conv1.weight,589824,false,false,pinned,315,-0.0302573901305478,0.0302573901305478,0.0301545904949307,0,1,"`ctd1`, 6 runs, 100 ep | Scalar all/pinned/unpinned phases are retained. Layerwise exports all records only: the input's duplicate 'unpinned' alias is not a physical layerwise phase. Positive L lowers beta.",Lion direction units; vote fractions; record counts
sc,20,500,S0589,40,layer3.1.conv1.weight,589824,false,false,unpinned,185,-0.0157092593405242,0.0157092593405252,0.0125977365300059,0.00540540540540541,0.994594594594595,"`ctd1`, 6 runs, 100 ep | Scalar all/pinned/unpinned phases are retained. Layerwise exports all records only: the input's duplicate 'unpinned' alias is not a physical layerwise phase. Positive L lowers beta.",Lion direction units; vote fractions; record counts
sc,20,500,S0589,41,layer3.1.bn1.weight,256,false,false,all,500,0.000117894127277304,0.000118314468719096,0.000147544772335095,0.822,0.178,"`ctd1`, 6 runs, 100 ep | Scalar all/pinned/unpinned phases are retained. Layerwise exports all records only: the input's duplicate 'unpinned' alias is not a physical layerwise phase. Positive L lowers beta.",Lion direction units; vote fractions; record counts
sc,20,500,S0589,41,layer3.1.bn1.weight,256,false,false,pinned,315,0.000150541018626268,0.000150541018626268,0.000150704765110277,1,0,"`ctd1`, 6 runs, 100 ep | Scalar all/pinned/unpinned phases are retained. Layerwise exports all records only: the input's duplicate 'unpinned' alias is not a physical layerwise phase. Positive L lowers beta.",Lion direction units; vote fractions; record counts
sc,20,500,S0589,41,layer3.1.bn1.weight,256,false,false,unpinned,185,6.23061771425818e-05,6.34422350933691e-05,1.07530446257442e-05,0.518918918918919,0.481081081081081,"`ctd1`, 6 runs, 100 ep | Scalar all/pinned/unpinned phases are retained. Layerwise exports all records only: the input's duplicate 'unpinned' alias is not a physical layerwise phase. Positive L lowers beta.",Lion direction units; vote fractions; record counts
sc,20,500,S0589,42,layer3.1.bn1.bias,256,false,false,all,500,-1.92207016693475e-06,1.92289510282182e-06,2.07974019872381e-06,0.002,0.996,"`ctd1`, 6 runs, 100 ep | Scalar all/pinned/unpinned phases are retained. Layerwise exports all records only: the input's duplicate 'unpinned' alias is not a physical layerwise phase. Positive L lowers beta.",Lion direction units; vote fractions; record counts
sc,20,500,S0589,42,layer3.1.bn1.bias,256,false,false,pinned,315,-2.23374067330958e-06,2.23505009535255e-06,2.25170133489883e-06,0.00317460317460317,0.996825396825397,"`ctd1`, 6 runs, 100 ep | Scalar all/pinned/unpinned phases are retained. Layerwise exports all records only: the input's duplicate 'unpinned' alias is not a physical layerwise phase. Positive L lowers beta.",Lion direction units; vote fractions; record counts
sc,20,500,S0589,42,layer3.1.bn1.bias,256,false,false,unpinned,185,-1.39138795337761e-06,1.39138795337761e-06,1.49609392110506e-06,0,0.994594594594595,"`ctd1`, 6 runs, 100 ep | Scalar all/pinned/unpinned phases are retained. Layerwise exports all records only: the input's duplicate 'unpinned' alias is not a physical layerwise phase. Positive L lowers beta.",Lion direction units; vote fractions; record counts
sc,20,500,S0589,43,layer3.1.conv2.weight,589824,false,false,all,500,-0.0306577551663328,0.0306577551663329,0.0365477446466684,0.002,0.998,"`ctd1`, 6 runs, 100 ep | Scalar all/pinned/unpinned phases are retained. Layerwise exports all records only: the input's duplicate 'unpinned' alias is not a physical layerwise phase. Positive L lowers beta.",Lion direction units; vote fractions; record counts
sc,20,500,S0589,43,layer3.1.conv2.weight,589824,false,false,pinned,315,-0.0370056563592146,0.0370056563592146,0.0369815323501825,0,1,"`ctd1`, 6 runs, 100 ep | Scalar all/pinned/unpinned phases are retained. Layerwise exports all records only: the input's duplicate 'unpinned' alias is not a physical layerwise phase. Positive L lowers beta.",Lion direction units; vote fractions; record counts
sc,20,500,S0589,43,layer3.1.conv2.weight,589824,false,false,unpinned,185,-0.0198491666487231,0.0198491666487234,0.0175139571074396,0.00540540540540541,0.994594594594595,"`ctd1`, 6 runs, 100 ep | Scalar all/pinned/unpinned phases are retained. Layerwise exports all records only: the input's duplicate 'unpinned' alias is not a physical layerwise phase. Positive L lowers beta.",Lion direction units; vote fractions; record counts
sc,20,500,S0589,44,layer3.1.bn2.weight,256,false,false,all,500,0.0294719291376025,0.0294724965271713,0.0361274542286992,0.918,0.082,"`ctd1`, 6 runs, 100 ep | Scalar all/pinned/unpinned phases are retained. Layerwise exports all records only: the input's duplicate 'unpinned' alias is not a physical layerwise phase. Positive L lowers beta.",Lion direction units; vote fractions; record counts
sc,20,500,S0589,44,layer3.1.bn2.weight,256,false,false,pinned,315,0.0365534608003994,0.0365534608003994,0.036565138399601,1,0,"`ctd1`, 6 runs, 100 ep | Scalar all/pinned/unpinned phases are retained. Layerwise exports all records only: the input's duplicate 'unpinned' alias is not a physical layerwise phase. Positive L lowers beta.",Lion direction units; vote fractions; record counts
sc,20,500,S0589,44,layer3.1.bn2.weight,256,false,false,unpinned,185,0.0174141860360835,0.0174157195214045,0.0149628608487546,0.778378378378378,0.221621621621622,"`ctd1`, 6 runs, 100 ep | Scalar all/pinned/unpinned phases are retained. Layerwise exports all records only: the input's duplicate 'unpinned' alias is not a physical layerwise phase. Positive L lowers beta.",Lion direction units; vote fractions; record counts
sc,20,500,S0589,45,layer3.1.bn2.bias,256,false,false,all,500,-9.97426088516191e-06,9.97426088516191e-06,1.18087735245354e-05,0,0.998,"`ctd1`, 6 runs, 100 ep | Scalar all/pinned/unpinned phases are retained. Layerwise exports all records only: the input's duplicate 'unpinned' alias is not a physical layerwise phase. Positive L lowers beta.",Lion direction units; vote fractions; record counts
sc,20,500,S0589,45,layer3.1.bn2.bias,256,false,false,pinned,315,-1.20904312705584e-05,1.20904312705584e-05,1.20523780879012e-05,0,1,"`ctd1`, 6 runs, 100 ep | Scalar all/pinned/unpinned phases are retained. Layerwise exports all records only: the input's duplicate 'unpinned' alias is not a physical layerwise phase. Positive L lowers beta.",Lion direction units; vote fractions; record counts
sc,20,500,S0589,45,layer3.1.bn2.bias,256,false,false,unpinned,185,-6.37105185056784e-06,6.37105185056784e-06,8.1668781604094e-06,0,0.994594594594595,"`ctd1`, 6 runs, 100 ep | Scalar all/pinned/unpinned phases are retained. Layerwise exports all records only: the input's duplicate 'unpinned' alias is not a physical layerwise phase. Positive L lowers beta.",Lion direction units; vote fractions; record counts
sc,20,500,S0589,46,layer4.0.conv1.weight,1179648,false,false,all,500,-0.0206031680267962,0.0206031680267962,0.0238506506197155,0,1,"`ctd1`, 6 runs, 100 ep | Scalar all/pinned/unpinned phases are retained. Layerwise exports all records only: the input's duplicate 'unpinned' alias is not a physical layerwise phase. Positive L lowers beta.",Lion direction units; vote fractions; record counts
sc,20,500,S0589,46,layer4.0.conv1.weight,1179648,false,false,pinned,315,-0.0241168950851415,0.0241168950851415,0.0241314230486751,0,1,"`ctd1`, 6 runs, 100 ep | Scalar all/pinned/unpinned phases are retained. Layerwise exports all records only: the input's duplicate 'unpinned' alias is not a physical layerwise phase. Positive L lowers beta.",Lion direction units; vote fractions; record counts
sc,20,500,S0589,46,layer4.0.conv1.weight,1179648,false,false,unpinned,185,-0.0146203354679919,0.0146203354679919,0.0168915877118707,0,1,"`ctd1`, 6 runs, 100 ep | Scalar all/pinned/unpinned phases are retained. Layerwise exports all records only: the input's duplicate 'unpinned' alias is not a physical layerwise phase. Positive L lowers beta.",Lion direction units; vote fractions; record counts
sc,20,500,S0589,47,layer4.0.bn1.weight,512,false,false,all,500,0.000794398057476818,0.000794637561571903,0.00100055929506198,0.84,0.16,"`ctd1`, 6 runs, 100 ep | Scalar all/pinned/unpinned phases are retained. Layerwise exports all records only: the input's duplicate 'unpinned' alias is not a physical layerwise phase. Positive L lowers beta.",Lion direction units; vote fractions; record counts
sc,20,500,S0589,47,layer4.0.bn1.weight,512,false,false,pinned,315,0.00100726154544169,0.00100726154544169,0.00100769897690043,1,0,"`ctd1`, 6 runs, 100 ep | Scalar all/pinned/unpinned phases are retained. Layerwise exports all records only: the input's duplicate 'unpinned' alias is not a physical layerwise phase. Positive L lowers beta.",Lion direction units; vote fractions; record counts
sc,20,500,S0589,47,layer4.0.bn1.weight,512,false,false,unpinned,185,0.000431954821212305,0.000432602129577402,0.000131666417291854,0.567567567567568,0.432432432432432,"`ctd1`, 6 runs, 100 ep | Scalar all/pinned/unpinned phases are retained. Layerwise exports all records only: the input's duplicate 'unpinned' alias is not a physical layerwise phase. Positive L lowers beta.",Lion direction units; vote fractions; record counts
sc,20,500,S0589,48,layer4.0.bn1.bias,512,false,false,all,500,-1.44904692406118e-06,1.44904692406118e-06,1.57563761149504e-06,0,0.998,"`ctd1`, 6 runs, 100 ep | Scalar all/pinned/unpinned phases are retained. Layerwise exports all records only: the input's duplicate 'unpinned' alias is not a physical layerwise phase. Positive L lowers beta.",Lion direction units; vote fractions; record counts
sc,20,500,S0589,48,layer4.0.bn1.bias,512,false,false,pinned,315,-1.58209788383244e-06,1.58209788383244e-06,1.59098154881576e-06,0,1,"`ctd1`, 6 runs, 100 ep | Scalar all/pinned/unpinned phases are retained. Layerwise exports all records only: the input's duplicate 'unpinned' alias is not a physical layerwise phase. Positive L lowers beta.",Lion direction units; vote fractions; record counts
sc,20,500,S0589,48,layer4.0.bn1.bias,512,false,false,unpinned,185,-1.22250069526146e-06,1.22250069526146e-06,1.47318422705212e-06,0,0.994594594594595,"`ctd1`, 6 runs, 100 ep | Scalar all/pinned/unpinned phases are retained. Layerwise exports all records only: the input's duplicate 'unpinned' alias is not a physical layerwise phase. Positive L lowers beta.",Lion direction units; vote fractions; record counts
sc,20,500,S0589,49,layer4.0.conv2.weight,2359296,false,true,all,500,-0.0507230296560687,0.0507230296560687,0.0586002465337515,0,1,"`ctd1`, 6 runs, 100 ep | Scalar all/pinned/unpinned phases are retained. Layerwise exports all records only: the input's duplicate 'unpinned' alias is not a physical layerwise phase. Positive L lowers beta.",Lion direction units; vote fractions; record counts
sc,20,500,S0589,49,layer4.0.conv2.weight,2359296,false,true,pinned,315,-0.0588794168628871,0.0588794168628871,0.0589191317558289,0,1,"`ctd1`, 6 runs, 100 ep | Scalar all/pinned/unpinned phases are retained. Layerwise exports all records only: the input's duplicate 'unpinned' alias is not a physical layerwise phase. Positive L lowers beta.",Lion direction units; vote fractions; record counts
sc,20,500,S0589,49,layer4.0.conv2.weight,2359296,false,true,unpinned,185,-0.0368351271147294,0.0368351271147294,0.0478575259447098,0,1,"`ctd1`, 6 runs, 100 ep | Scalar all/pinned/unpinned phases are retained. Layerwise exports all records only: the input's duplicate 'unpinned' alias is not a physical layerwise phase. Positive L lowers beta.",Lion direction units; vote fractions; record counts
sc,20,500,S0589,50,layer4.0.bn2.weight,512,true,false,all,500,0.228326349486022,0.228345369270907,0.28078601360321,0.896,0.104,"`ctd1`, 6 runs, 100 ep | Scalar all/pinned/unpinned phases are retained. Layerwise exports all records only: the input's duplicate 'unpinned' alias is not a physical layerwise phase. Positive L lowers beta.",Lion direction units; vote fractions; record counts
sc,20,500,S0589,50,layer4.0.bn2.weight,512,true,false,pinned,315,0.282286119437407,0.282286119437407,0.282564795017242,1,0,"`ctd1`, 6 runs, 100 ep | Scalar all/pinned/unpinned phases are retained. Layerwise exports all records only: the input's duplicate 'unpinned' alias is not a physical layerwise phase. Positive L lowers beta.",Lion direction units; vote fractions; record counts
sc,20,500,S0589,50,layer4.0.bn2.weight,512,true,false,unpinned,185,0.136448903352584,0.136500308176596,0.129685166478157,0.718918918918919,0.281081081081081,"`ctd1`, 6 runs, 100 ep | Scalar all/pinned/unpinned phases are retained. Layerwise exports all records only: the input's duplicate 'unpinned' alias is not a physical layerwise phase. Positive L lowers beta.",Lion direction units; vote fractions; record counts
sc,20,500,S0589,51,layer4.0.bn2.bias,512,false,false,all,500,-0.00085015046707847,0.00085015046707847,0.00105747677735053,0,0.998,"`ctd1`, 6 runs, 100 ep | Scalar all/pinned/unpinned phases are retained. Layerwise exports all records only: the input's duplicate 'unpinned' alias is not a physical layerwise phase. Positive L lowers beta.",Lion direction units; vote fractions; record counts
sc,20,500,S0589,51,layer4.0.bn2.bias,512,false,false,pinned,315,-0.0010630794062597,0.0010630794062597,0.00106294986326247,0,1,"`ctd1`, 6 runs, 100 ep | Scalar all/pinned/unpinned phases are retained. Layerwise exports all records only: the input's duplicate 'unpinned' alias is not a physical layerwise phase. Positive L lowers beta.",Lion direction units; vote fractions; record counts
sc,20,500,S0589,51,layer4.0.bn2.bias,512,false,false,unpinned,185,-0.000487595786850972,0.000487595786850972,0.000314355039154179,0,0.994594594594595,"`ctd1`, 6 runs, 100 ep | Scalar all/pinned/unpinned phases are retained. Layerwise exports all records only: the input's duplicate 'unpinned' alias is not a physical layerwise phase. Positive L lowers beta.",Lion direction units; vote fractions; record counts
sc,20,500,S0589,52,layer4.0.shortcut.0.weight,131072,false,false,all,500,-0.0482567673073837,0.0482567673073837,0.0590537192299962,0,1,"`ctd1`, 6 runs, 100 ep | Scalar all/pinned/unpinned phases are retained. Layerwise exports all records only: the input's duplicate 'unpinned' alias is not a physical layerwise phase. Positive L lowers beta.",Lion direction units; vote fractions; record counts
sc,20,500,S0589,52,layer4.0.shortcut.0.weight,131072,false,false,pinned,315,-0.0595260637561007,0.0595260637561007,0.0595755215734243,0,1,"`ctd1`, 6 runs, 100 ep | Scalar all/pinned/unpinned phases are retained. Layerwise exports all records only: the input's duplicate 'unpinned' alias is not a physical layerwise phase. Positive L lowers beta.",Lion direction units; vote fractions; record counts
sc,20,500,S0589,52,layer4.0.shortcut.0.weight,131072,false,false,unpinned,185,-0.0290685057865952,0.0290685057865952,0.0253835408017039,0,1,"`ctd1`, 6 runs, 100 ep | Scalar all/pinned/unpinned phases are retained. Layerwise exports all records only: the input's duplicate 'unpinned' alias is not a physical layerwise phase. Positive L lowers beta.",Lion direction units; vote fractions; record counts
sc,20,500,S0589,53,layer4.0.shortcut.1.weight,512,true,false,all,500,0.151033735367289,0.15105287567022,0.186145721375942,0.89,0.11,"`ctd1`, 6 runs, 100 ep | Scalar all/pinned/unpinned phases are retained. Layerwise exports all records only: the input's duplicate 'unpinned' alias is not a physical layerwise phase. Positive L lowers beta.",Lion direction units; vote fractions; record counts
sc,20,500,S0589,53,layer4.0.shortcut.1.weight,512,true,false,pinned,315,0.187378299073094,0.187378299073094,0.187522992491722,1,0,"`ctd1`, 6 runs, 100 ep | Scalar all/pinned/unpinned phases are retained. Layerwise exports all records only: the input's duplicate 'unpinned' alias is not a physical layerwise phase. Positive L lowers beta.",Lion direction units; vote fractions; record counts
sc,20,500,S0589,53,layer4.0.shortcut.1.weight,512,true,false,unpinned,185,0.0891497485168634,0.0892014790653267,0.0764472775161266,0.702702702702703,0.297297297297297,"`ctd1`, 6 runs, 100 ep | Scalar all/pinned/unpinned phases are retained. Layerwise exports all records only: the input's duplicate 'unpinned' alias is not a physical layerwise phase. Positive L lowers beta.",Lion direction units; vote fractions; record counts
sc,20,500,S0589,54,layer4.0.shortcut.1.bias,512,false,false,all,500,-0.00085015046707847,0.00085015046707847,0.00105747677735053,0,0.998,"`ctd1`, 6 runs, 100 ep | Scalar all/pinned/unpinned phases are retained. Layerwise exports all records only: the input's duplicate 'unpinned' alias is not a physical layerwise phase. Positive L lowers beta.",Lion direction units; vote fractions; record counts
sc,20,500,S0589,54,layer4.0.shortcut.1.bias,512,false,false,pinned,315,-0.0010630794062597,0.0010630794062597,0.00106294986326247,0,1,"`ctd1`, 6 runs, 100 ep | Scalar all/pinned/unpinned phases are retained. Layerwise exports all records only: the input's duplicate 'unpinned' alias is not a physical layerwise phase. Positive L lowers beta.",Lion direction units; vote fractions; record counts
sc,20,500,S0589,54,layer4.0.shortcut.1.bias,512,false,false,unpinned,185,-0.000487595786850972,0.000487595786850972,0.000314355039154179,0,0.994594594594595,"`ctd1`, 6 runs, 100 ep | Scalar all/pinned/unpinned phases are retained. Layerwise exports all records only: the input's duplicate 'unpinned' alias is not a physical layerwise phase. Positive L lowers beta.",Lion direction units; vote fractions; record counts
sc,20,500,S0589,55,layer4.1.conv1.weight,2359296,false,false,all,500,-0.0217053941893808,0.0217053941893808,0.0240460854023695,0,1,"`ctd1`, 6 runs, 100 ep | Scalar all/pinned/unpinned phases are retained. Layerwise exports all records only: the input's duplicate 'unpinned' alias is not a physical layerwise phase. Positive L lowers beta.",Lion direction units; vote fractions; record counts
sc,20,500,S0589,55,layer4.1.conv1.weight,2359296,false,false,pinned,315,-0.0242125074260883,0.0242125074260883,0.0242226559668779,0,1,"`ctd1`, 6 runs, 100 ep | Scalar all/pinned/unpinned phases are retained. Layerwise exports all records only: the input's duplicate 'unpinned' alias is not a physical layerwise phase. Positive L lowers beta.",Lion direction units; vote fractions; record counts
sc,20,500,S0589,55,layer4.1.conv1.weight,2359296,false,false,unpinned,185,-0.0174365257052573,0.0174365257052573,0.0228135149925947,0,1,"`ctd1`, 6 runs, 100 ep | Scalar all/pinned/unpinned phases are retained. Layerwise exports all records only: the input's duplicate 'unpinned' alias is not a physical layerwise phase. Positive L lowers beta.",Lion direction units; vote fractions; record counts
sc,20,500,S0589,56,layer4.1.bn1.weight,512,false,false,all,500,0.00107892602976291,0.00107928106893318,0.0013619746430777,0.838,0.162,"`ctd1`, 6 runs, 100 ep | Scalar all/pinned/unpinned phases are retained. Layerwise exports all records only: the input's duplicate 'unpinned' alias is not a physical layerwise phase. Positive L lowers beta.",Lion direction units; vote fractions; record counts
sc,20,500,S0589,56,layer4.1.bn1.weight,512,false,false,pinned,315,0.0013697176599609,0.0013697176599609,0.00137150455266237,1,0,"`ctd1`, 6 runs, 100 ep | Scalar all/pinned/unpinned phases are retained. Layerwise exports all records only: the input's duplicate 'unpinned' alias is not a physical layerwise phase. Positive L lowers beta.",Lion direction units; vote fractions; record counts
sc,20,500,S0589,56,layer4.1.bn1.weight,512,false,false,unpinned,185,0.000583794335101458,0.000584753900426516,0.000163221398543101,0.562162162162162,0.437837837837838,"`ctd1`, 6 runs, 100 ep | Scalar all/pinned/unpinned phases are retained. Layerwise exports all records only: the input's duplicate 'unpinned' alias is not a physical layerwise phase. Positive L lowers beta.",Lion direction units; vote fractions; record counts
sc,20,500,S0589,57,layer4.1.bn1.bias,512,false,false,all,500,-1.64689261876509e-06,1.64689261876509e-06,1.74348837163052e-06,0,0.998,"`ctd1`, 6 runs, 100 ep | Scalar all/pinned/unpinned phases are retained. Layerwise exports all records only: the input's duplicate 'unpinned' alias is not a physical layerwise phase. Positive L lowers beta.",Lion direction units; vote fractions; record counts
sc,20,500,S0589,57,layer4.1.bn1.bias,512,false,false,pinned,315,-1.75258135608861e-06,1.75258135608861e-06,1.75987233888009e-06,0,1,"`ctd1`, 6 runs, 100 ep | Scalar all/pinned/unpinned phases are retained. Layerwise exports all records only: the input's duplicate 'unpinned' alias is not a physical layerwise phase. Positive L lowers beta.",Lion direction units; vote fractions; record counts
sc,20,500,S0589,57,layer4.1.bn1.bias,512,false,false,unpinned,185,-1.46693612007909e-06,1.46693612007909e-06,1.70178460621173e-06,0,0.994594594594595,"`ctd1`, 6 runs, 100 ep | Scalar all/pinned/unpinned phases are retained. Layerwise exports all records only: the input's duplicate 'unpinned' alias is not a physical layerwise phase. Positive L lowers beta.",Lion direction units; vote fractions; record counts
sc,20,500,S0589,58,layer4.1.conv2.weight,2359296,false,true,all,500,-0.0439259960510547,0.0439259960510547,0.049478454887867,0,1,"`ctd1`, 6 runs, 100 ep | Scalar all/pinned/unpinned phases are retained. Layerwise exports all records only: the input's duplicate 'unpinned' alias is not a physical layerwise phase. Positive L lowers beta.",Lion direction units; vote fractions; record counts
sc,20,500,S0589,58,layer4.1.conv2.weight,2359296,false,true,pinned,315,-0.049757606773859,0.049757606773859,0.0497845284640789,0,1,"`ctd1`, 6 runs, 100 ep | Scalar all/pinned/unpinned phases are retained. Layerwise exports all records only: the input's duplicate 'unpinned' alias is not a physical layerwise phase. Positive L lowers beta.",Lion direction units; vote fractions; record counts
sc,20,500,S0589,58,layer4.1.conv2.weight,2359296,false,true,unpinned,185,-0.0339964967122259,0.0339964967122259,0.0464947950094938,0,1,"`ctd1`, 6 runs, 100 ep | Scalar all/pinned/unpinned phases are retained. Layerwise exports all records only: the input's duplicate 'unpinned' alias is not a physical layerwise phase. Positive L lowers beta.",Lion direction units; vote fractions; record counts
sc,20,500,S0589,59,layer4.1.bn2.weight,512,true,false,all,500,0.258190186762256,0.2582072902332,0.316810637712479,0.904,0.096,"`ctd1`, 6 runs, 100 ep | Scalar all/pinned/unpinned phases are retained. Layerwise exports all records only: the input's duplicate 'unpinned' alias is not a physical layerwise phase. Positive L lowers beta.",Lion direction units; vote fractions; record counts
sc,20,500,S0589,59,layer4.1.bn2.weight,512,true,false,pinned,315,0.318510764033075,0.318510764033075,0.318927732110024,1,0,"`ctd1`, 6 runs, 100 ep | Scalar all/pinned/unpinned phases are retained. Layerwise exports all records only: the input's duplicate 'unpinned' alias is not a physical layerwise phase. Positive L lowers beta.",Lion direction units; vote fractions; record counts
sc,20,500,S0589,59,layer4.1.bn2.weight,512,true,false,unpinned,185,0.155482176814646,0.155528402411792,0.155414518713951,0.740540540540541,0.259459459459459,"`ctd1`, 6 runs, 100 ep | Scalar all/pinned/unpinned phases are retained. Layerwise exports all records only: the input's duplicate 'unpinned' alias is not a physical layerwise phase. Positive L lowers beta.",Lion direction units; vote fractions; record counts
sc,20,500,S0589,60,layer4.1.bn2.bias,512,false,false,all,500,-0.00100852306494744,0.00100852306494744,0.0012530448671896,0,0.998,"`ctd1`, 6 runs, 100 ep | Scalar all/pinned/unpinned phases are retained. Layerwise exports all records only: the input's duplicate 'unpinned' alias is not a physical layerwise phase. Positive L lowers beta.",Lion direction units; vote fractions; record counts
sc,20,500,S0589,60,layer4.1.bn2.bias,512,false,false,pinned,315,-0.00125873890350617,0.00125873890350617,0.00125887800240889,0,1,"`ctd1`, 6 runs, 100 ep | Scalar all/pinned/unpinned phases are retained. Layerwise exports all records only: the input's duplicate 'unpinned' alias is not a physical layerwise phase. Positive L lowers beta.",Lion direction units; vote fractions; record counts
sc,20,500,S0589,60,layer4.1.bn2.bias,512,false,false,unpinned,185,-0.000582479880374456,0.000582479880374456,0.000398704590043053,0,0.994594594594595,"`ctd1`, 6 runs, 100 ep | Scalar all/pinned/unpinned phases are retained. Layerwise exports all records only: the input's duplicate 'unpinned' alias is not a physical layerwise phase. Positive L lowers beta.",Lion direction units; vote fractions; record counts
sc,20,500,S0589,61,linear.weight,51200,false,true,all,500,-0.110955356902907,0.110955356902907,0.132431796193123,0,1,"`ctd1`, 6 runs, 100 ep | Scalar all/pinned/unpinned phases are retained. Layerwise exports all records only: the input's duplicate 'unpinned' alias is not a physical layerwise phase. Positive L lowers beta.",Lion direction units; vote fractions; record counts
sc,20,500,S0589,61,linear.weight,51200,false,true,pinned,315,-0.133599292822773,0.133599292822773,0.133538077771664,0,1,"`ctd1`, 6 runs, 100 ep | Scalar all/pinned/unpinned phases are retained. Layerwise exports all records only: the input's duplicate 'unpinned' alias is not a physical layerwise phase. Positive L lowers beta.",Lion direction units; vote fractions; record counts
sc,20,500,S0589,61,linear.weight,51200,false,true,unpinned,185,-0.0723994660123228,0.0723994660123228,0.0539977852255106,0,1,"`ctd1`, 6 runs, 100 ep | Scalar all/pinned/unpinned phases are retained. Layerwise exports all records only: the input's duplicate 'unpinned' alias is not a physical layerwise phase. Positive L lowers beta.",Lion direction units; vote fractions; record counts
sc,20,500,S0589,62,linear.bias,100,false,false,all,500,-0.00025313308263401,0.000254782720765112,0.000268544579739682,0.014,0.986,"`ctd1`, 6 runs, 100 ep | Scalar all/pinned/unpinned phases are retained. Layerwise exports all records only: the input's duplicate 'unpinned' alias is not a physical layerwise phase. Positive L lowers beta.",Lion direction units; vote fractions; record counts
sc,20,500,S0589,62,linear.bias,100,false,false,pinned,315,-0.000304804141866505,0.000304804141866505,0.000302019657101482,0,1,"`ctd1`, 6 runs, 100 ep | Scalar all/pinned/unpinned phases are retained. Layerwise exports all records only: the input's duplicate 'unpinned' alias is not a physical layerwise phase. Positive L lowers beta.",Lion direction units; vote fractions; record counts
sc,20,500,S0589,62,linear.bias,100,false,false,unpinned,185,-0.00016515263042733,0.000169611111862741,0.000121121387201129,0.0378378378378378,0.962162162162162,"`ctd1`, 6 runs, 100 ep | Scalar all/pinned/unpinned phases are retained. Layerwise exports all records only: the input's duplicate 'unpinned' alias is not a physical layerwise phase. Positive L lowers beta.",Lion direction units; vote fractions; record counts
lay,18,500,S0590,1,conv1.weight,1728,false,false,all,500,0.00319158058695005,0.0152544164111639,0.0119538620114326,0.482,0.518,"`ctd1`, 6 runs, 100 ep | Scalar all/pinned/unpinned phases are retained. Layerwise exports all records only: the input's duplicate 'unpinned' alias is not a physical layerwise phase. Positive L lowers beta.",Lion direction units; vote fractions; record counts
lay,18,500,S0590,2,bn1.weight,64,false,false,all,500,0.000246139586102624,0.00237177333877775,0.00124927430879325,0.466,0.534,"`ctd1`, 6 runs, 100 ep | Scalar all/pinned/unpinned phases are retained. Layerwise exports all records only: the input's duplicate 'unpinned' alias is not a physical layerwise phase. Positive L lowers beta.",Lion direction units; vote fractions; record counts
lay,18,500,S0590,3,bn1.bias,64,false,false,all,500,1.13021843271927e-06,3.05728458830557e-05,2.02070130399079e-05,0.424,0.574,"`ctd1`, 6 runs, 100 ep | Scalar all/pinned/unpinned phases are retained. Layerwise exports all records only: the input's duplicate 'unpinned' alias is not a physical layerwise phase. Positive L lowers beta.",Lion direction units; vote fractions; record counts
lay,18,500,S0590,4,layer1.0.conv1.weight,36864,false,false,all,500,0.000239775268075811,0.00786223614053446,0.00638227974850451,0.43,0.57,"`ctd1`, 6 runs, 100 ep | Scalar all/pinned/unpinned phases are retained. Layerwise exports all records only: the input's duplicate 'unpinned' alias is not a physical layerwise phase. Positive L lowers beta.",Lion direction units; vote fractions; record counts
lay,18,500,S0590,5,layer1.0.bn1.weight,64,false,false,all,500,0.000397963492407597,0.00733030365533075,0.00460714660584927,0.42,0.58,"`ctd1`, 6 runs, 100 ep | Scalar all/pinned/unpinned phases are retained. Layerwise exports all records only: the input's duplicate 'unpinned' alias is not a physical layerwise phase. Positive L lowers beta.",Lion direction units; vote fractions; record counts
lay,18,500,S0590,6,layer1.0.bn1.bias,64,false,false,all,500,8.85770732714569e-05,0.000438896986788804,0.000335360775352456,0.478,0.52,"`ctd1`, 6 runs, 100 ep | Scalar all/pinned/unpinned phases are retained. Layerwise exports all records only: the input's duplicate 'unpinned' alias is not a physical layerwise phase. Positive L lowers beta.",Lion direction units; vote fractions; record counts
lay,18,500,S0590,7,layer1.0.conv2.weight,36864,false,false,all,500,0.000485541497628039,0.00528323637079138,0.00425274174194783,0.474,0.526,"`ctd1`, 6 runs, 100 ep | Scalar all/pinned/unpinned phases are retained. Layerwise exports all records only: the input's duplicate 'unpinned' alias is not a physical layerwise phase. Positive L lowers beta.",Lion direction units; vote fractions; record counts
lay,18,500,S0590,8,layer1.0.bn2.weight,64,false,false,all,500,-2.41136224648049e-06,1.28612832658883e-05,6.22655668394145e-06,0.454,0.546,"`ctd1`, 6 runs, 100 ep | Scalar all/pinned/unpinned phases are retained. Layerwise exports all records only: the input's duplicate 'unpinned' alias is not a physical layerwise phase. Positive L lowers beta.",Lion direction units; vote fractions; record counts
lay,18,500,S0590,9,layer1.0.bn2.bias,64,false,false,all,500,3.72352477882222e-07,2.67331163031997e-06,1.92722723966199e-06,0.478,0.52,"`ctd1`, 6 runs, 100 ep | Scalar all/pinned/unpinned phases are retained. Layerwise exports all records only: the input's duplicate 'unpinned' alias is not a physical layerwise phase. Positive L lowers beta.",Lion direction units; vote fractions; record counts
lay,18,500,S0590,10,layer1.1.conv1.weight,36864,false,false,all,500,0.000378941478369299,0.00506374069753358,0.00410677178297192,0.452,0.548,"`ctd1`, 6 runs, 100 ep | Scalar all/pinned/unpinned phases are retained. Layerwise exports all records only: the input's duplicate 'unpinned' alias is not a physical layerwise phase. Positive L lowers beta.",Lion direction units; vote fractions; record counts
lay,18,500,S0590,11,layer1.1.bn1.weight,64,false,false,all,500,0.00102988874379636,0.00542393564768975,0.00285927606746554,0.45,0.55,"`ctd1`, 6 runs, 100 ep | Scalar all/pinned/unpinned phases are retained. Layerwise exports all records only: the input's duplicate 'unpinned' alias is not a physical layerwise phase. Positive L lowers beta.",Lion direction units; vote fractions; record counts
lay,18,500,S0590,12,layer1.1.bn1.bias,64,false,false,all,500,4.98444691757632e-05,0.00021349030492713,0.000126527640532004,0.488,0.51,"`ctd1`, 6 runs, 100 ep | Scalar all/pinned/unpinned phases are retained. Layerwise exports all records only: the input's duplicate 'unpinned' alias is not a physical layerwise phase. Positive L lowers beta.",Lion direction units; vote fractions; record counts
lay,18,500,S0590,13,layer1.1.conv2.weight,36864,false,false,all,500,-5.62568279053425e-05,0.00414303103351442,0.00309147308580577,0.432,0.568,"`ctd1`, 6 runs, 100 ep | Scalar all/pinned/unpinned phases are retained. Layerwise exports all records only: the input's duplicate 'unpinned' alias is not a physical layerwise phase. Positive L lowers beta.",Lion direction units; vote fractions; record counts
lay,18,500,S0590,14,layer1.1.bn2.weight,64,false,false,all,500,1.40192866327671e-07,3.17148762298529e-06,1.94262097750197e-06,0.562,0.438,"`ctd1`, 6 runs, 100 ep | Scalar all/pinned/unpinned phases are retained. Layerwise exports all records only: the input's duplicate 'unpinned' alias is not a physical layerwise phase. Positive L lowers beta.",Lion direction units; vote fractions; record counts
lay,18,500,S0590,15,layer1.1.bn2.bias,64,false,false,all,500,3.21370380391484e-08,8.34164446077223e-07,6.65359335982885e-07,0.448,0.55,"`ctd1`, 6 runs, 100 ep | Scalar all/pinned/unpinned phases are retained. Layerwise exports all records only: the input's duplicate 'unpinned' alias is not a physical layerwise phase. Positive L lowers beta.",Lion direction units; vote fractions; record counts
lay,18,500,S0590,16,layer2.0.conv1.weight,73728,false,false,all,500,0.000812534520087852,0.00468628426565594,0.00352128603553865,0.472,0.528,"`ctd1`, 6 runs, 100 ep | Scalar all/pinned/unpinned phases are retained. Layerwise exports all records only: the input's duplicate 'unpinned' alias is not a physical layerwise phase. Positive L lowers beta.",Lion direction units; vote fractions; record counts
lay,18,500,S0590,17,layer2.0.bn1.weight,128,false,false,all,500,0.000810884842511538,0.00618590727491215,0.00377383033046499,0.456,0.544,"`ctd1`, 6 runs, 100 ep | Scalar all/pinned/unpinned phases are retained. Layerwise exports all records only: the input's duplicate 'unpinned' alias is not a physical layerwise phase. Positive L lowers beta.",Lion direction units; vote fractions; record counts
lay,18,500,S0590,18,layer2.0.bn1.bias,128,false,false,all,500,5.41999002413005e-05,0.000210451790060032,0.000150609427146264,0.476,0.522,"`ctd1`, 6 runs, 100 ep | Scalar all/pinned/unpinned phases are retained. Layerwise exports all records only: the input's duplicate 'unpinned' alias is not a physical layerwise phase. Positive L lowers beta.",Lion direction units; vote fractions; record counts
lay,18,500,S0590,19,layer2.0.conv2.weight,147456,false,false,all,500,5.47356152331982e-06,0.00481195787953732,0.00370194004499353,0.45,0.55,"`ctd1`, 6 runs, 100 ep | Scalar all/pinned/unpinned phases are retained. Layerwise exports all records only: the input's duplicate 'unpinned' alias is not a physical layerwise phase. Positive L lowers beta.",Lion direction units; vote fractions; record counts
lay,18,500,S0590,20,layer2.0.bn2.weight,128,false,false,all,500,-6.81504825681272e-06,3.50420279052059e-05,7.02614155727588e-06,0.492,0.508,"`ctd1`, 6 runs, 100 ep | Scalar all/pinned/unpinned phases are retained. Layerwise exports all records only: the input's duplicate 'unpinned' alias is not a physical layerwise phase. Positive L lowers beta.",Lion direction units; vote fractions; record counts
lay,18,500,S0590,21,layer2.0.bn2.bias,128,false,false,all,500,1.83446303372796e-08,1.87742039628862e-06,1.37426562076826e-06,0.44,0.558,"`ctd1`, 6 runs, 100 ep | Scalar all/pinned/unpinned phases are retained. Layerwise exports all records only: the input's duplicate 'unpinned' alias is not a physical layerwise phase. Positive L lowers beta.",Lion direction units; vote fractions; record counts
lay,18,500,S0590,22,layer2.0.shortcut.0.weight,8192,false,false,all,500,6.98015678990939e-05,0.00111682522283804,0.00079288047272712,0.444,0.556,"`ctd1`, 6 runs, 100 ep | Scalar all/pinned/unpinned phases are retained. Layerwise exports all records only: the input's duplicate 'unpinned' alias is not a physical layerwise phase. Positive L lowers beta.",Lion direction units; vote fractions; record counts
lay,18,500,S0590,23,layer2.0.shortcut.1.weight,128,false,false,all,500,0.000223383082358619,0.00231622980044306,0.00149836160999257,0.48,0.52,"`ctd1`, 6 runs, 100 ep | Scalar all/pinned/unpinned phases are retained. Layerwise exports all records only: the input's duplicate 'unpinned' alias is not a physical layerwise phase. Positive L lowers beta.",Lion direction units; vote fractions; record counts
lay,18,500,S0590,24,layer2.0.shortcut.1.bias,128,false,false,all,500,1.83446303372796e-08,1.87742039628862e-06,1.37426562076826e-06,0.44,0.558,"`ctd1`, 6 runs, 100 ep | Scalar all/pinned/unpinned phases are retained. Layerwise exports all records only: the input's duplicate 'unpinned' alias is not a physical layerwise phase. Positive L lowers beta.",Lion direction units; vote fractions; record counts
lay,18,500,S0590,25,layer2.1.conv1.weight,147456,false,false,all,500,0.000165260683600417,0.00512708525229748,0.00419871719786897,0.458,0.542,"`ctd1`, 6 runs, 100 ep | Scalar all/pinned/unpinned phases are retained. Layerwise exports all records only: the input's duplicate 'unpinned' alias is not a physical layerwise phase. Positive L lowers beta.",Lion direction units; vote fractions; record counts
lay,18,500,S0590,26,layer2.1.bn1.weight,128,false,false,all,500,0.000256722111699226,0.00157008455858037,0.000502488382335287,0.46,0.54,"`ctd1`, 6 runs, 100 ep | Scalar all/pinned/unpinned phases are retained. Layerwise exports all records only: the input's duplicate 'unpinned' alias is not a physical layerwise phase. Positive L lowers beta.",Lion direction units; vote fractions; record counts
lay,18,500,S0590,27,layer2.1.bn1.bias,128,false,false,all,500,9.14866085086766e-06,5.71060135059424e-05,2.47993976159933e-05,0.462,0.536,"`ctd1`, 6 runs, 100 ep | Scalar all/pinned/unpinned phases are retained. Layerwise exports all records only: the input's duplicate 'unpinned' alias is not a physical layerwise phase. Positive L lowers beta.",Lion direction units; vote fractions; record counts
lay,18,500,S0590,28,layer2.1.conv2.weight,147456,false,false,all,500,-0.000201539356007365,0.0046185160020692,0.00343293562473264,0.448,0.552,"`ctd1`, 6 runs, 100 ep | Scalar all/pinned/unpinned phases are retained. Layerwise exports all records only: the input's duplicate 'unpinned' alias is not a physical layerwise phase. Positive L lowers beta.",Lion direction units; vote fractions; record counts
lay,18,500,S0590,29,layer2.1.bn2.weight,128,false,false,all,500,4.61215258646322e-05,9.10731549123702e-05,5.85690337175038e-05,0.568,0.432,"`ctd1`, 6 runs, 100 ep | Scalar all/pinned/unpinned phases are retained. Layerwise exports all records only: the input's duplicate 'unpinned' alias is not a physical layerwise phase. Positive L lowers beta.",Lion direction units; vote fractions; record counts
lay,18,500,S0590,30,layer2.1.bn2.bias,128,false,false,all,500,-2.21644181229826e-08,5.12824192409311e-07,4.14390243008711e-07,0.444,0.554,"`ctd1`, 6 runs, 100 ep | Scalar all/pinned/unpinned phases are retained. Layerwise exports all records only: the input's duplicate 'unpinned' alias is not a physical layerwise phase. Positive L lowers beta.",Lion direction units; vote fractions; record counts
lay,18,500,S0590,31,layer3.0.conv1.weight,294912,false,false,all,500,0.000193010063416063,0.00540357663090495,0.00437571661313996,0.468,0.532,"`ctd1`, 6 runs, 100 ep | Scalar all/pinned/unpinned phases are retained. Layerwise exports all records only: the input's duplicate 'unpinned' alias is not a physical layerwise phase. Positive L lowers beta.",Lion direction units; vote fractions; record counts
lay,18,500,S0590,32,layer3.0.bn1.weight,256,false,false,all,500,0.0204315511235479,0.0223780040480652,0.0143461050931364,0.668,0.332,"`ctd1`, 6 runs, 100 ep | Scalar all/pinned/unpinned phases are retained. Layerwise exports all records only: the input's duplicate 'unpinned' alias is not a physical layerwise phase. Positive L lowers beta.",Lion direction units; vote fractions; record counts
lay,18,500,S0590,33,layer3.0.bn1.bias,256,false,false,all,500,0.000134057367184475,0.000748608233810235,0.000450779507809784,0.456,0.542,"`ctd1`, 6 runs, 100 ep | Scalar all/pinned/unpinned phases are retained. Layerwise exports all records only: the input's duplicate 'unpinned' alias is not a physical layerwise phase. Positive L lowers beta.",Lion direction units; vote fractions; record counts
lay,18,500,S0590,34,layer3.0.conv2.weight,589824,false,false,all,500,-0.000692576772910365,0.00676529550453882,0.00580347511568107,0.438,0.562,"`ctd1`, 6 runs, 100 ep | Scalar all/pinned/unpinned phases are retained. Layerwise exports all records only: the input's duplicate 'unpinned' alias is not a physical layerwise phase. Positive L lowers beta.",Lion direction units; vote fractions; record counts
lay,18,500,S0590,35,layer3.0.bn2.weight,256,false,false,all,500,0.0115228086494545,0.0116984387557223,0.00685257366858423,0.736,0.264,"`ctd1`, 6 runs, 100 ep | Scalar all/pinned/unpinned phases are retained. Layerwise exports all records only: the input's duplicate 'unpinned' alias is not a physical layerwise phase. Positive L lowers beta.",Lion direction units; vote fractions; record counts
lay,18,500,S0590,36,layer3.0.bn2.bias,256,false,false,all,500,6.11365839897072e-05,0.000124355676014335,3.28802332660416e-05,0.486,0.512,"`ctd1`, 6 runs, 100 ep | Scalar all/pinned/unpinned phases are retained. Layerwise exports all records only: the input's duplicate 'unpinned' alias is not a physical layerwise phase. Positive L lowers beta.",Lion direction units; vote fractions; record counts
lay,18,500,S0590,37,layer3.0.shortcut.0.weight,32768,false,false,all,500,-1.34196420664494e-05,0.000838207220004007,0.000707788303407142,0.424,0.576,"`ctd1`, 6 runs, 100 ep | Scalar all/pinned/unpinned phases are retained. Layerwise exports all records only: the input's duplicate 'unpinned' alias is not a physical layerwise phase. Positive L lowers beta.",Lion direction units; vote fractions; record counts
lay,18,500,S0590,38,layer3.0.shortcut.1.weight,256,false,false,all,500,0.000670900245302381,0.00432056309471848,0.00280340668396093,0.498,0.502,"`ctd1`, 6 runs, 100 ep | Scalar all/pinned/unpinned phases are retained. Layerwise exports all records only: the input's duplicate 'unpinned' alias is not a physical layerwise phase. Positive L lowers beta.",Lion direction units; vote fractions; record counts
lay,18,500,S0590,39,layer3.0.shortcut.1.bias,256,false,false,all,500,6.11365839897072e-05,0.000124355676014335,3.28802332660416e-05,0.486,0.512,"`ctd1`, 6 runs, 100 ep | Scalar all/pinned/unpinned phases are retained. Layerwise exports all records only: the input's duplicate 'unpinned' alias is not a physical layerwise phase. Positive L lowers beta.",Lion direction units; vote fractions; record counts
lay,18,500,S0590,40,layer3.1.conv1.weight,589824,false,false,all,500,0.000239984410962124,0.0068142089082598,0.00610537704196759,0.458,0.542,"`ctd1`, 6 runs, 100 ep | Scalar all/pinned/unpinned phases are retained. Layerwise exports all records only: the input's duplicate 'unpinned' alias is not a physical layerwise phase. Positive L lowers beta.",Lion direction units; vote fractions; record counts
lay,18,500,S0590,41,layer3.1.bn1.weight,256,false,false,all,500,0.0249176031938715,0.025110771204546,0.0265299589373171,0.69,0.31,"`ctd1`, 6 runs, 100 ep | Scalar all/pinned/unpinned phases are retained. Layerwise exports all records only: the input's duplicate 'unpinned' alias is not a physical layerwise phase. Positive L lowers beta.",Lion direction units; vote fractions; record counts
lay,18,500,S0590,42,layer3.1.bn1.bias,256,false,false,all,500,5.11388125461574e-05,0.000206151694307134,8.66779286297969e-05,0.442,0.556,"`ctd1`, 6 runs, 100 ep | Scalar all/pinned/unpinned phases are retained. Layerwise exports all records only: the input's duplicate 'unpinned' alias is not a physical layerwise phase. Positive L lowers beta.",Lion direction units; vote fractions; record counts
lay,18,500,S0590,43,layer3.1.conv2.weight,589824,false,false,all,500,-0.000209634583408955,0.00473232120179814,0.00355703074019402,0.438,0.562,"`ctd1`, 6 runs, 100 ep | Scalar all/pinned/unpinned phases are retained. Layerwise exports all records only: the input's duplicate 'unpinned' alias is not a physical layerwise phase. Positive L lowers beta.",Lion direction units; vote fractions; record counts
lay,18,500,S0590,44,layer3.1.bn2.weight,256,false,false,all,500,0.00116768762625079,0.00117140366067243,0.00149589534848928,0.876,0.124,"`ctd1`, 6 runs, 100 ep | Scalar all/pinned/unpinned phases are retained. Layerwise exports all records only: the input's duplicate 'unpinned' alias is not a physical layerwise phase. Positive L lowers beta.",Lion direction units; vote fractions; record counts
lay,18,500,S0590,45,layer3.1.bn2.bias,256,false,false,all,500,4.3782738650679e-07,2.46307651444906e-06,1.2767790565249e-06,0.454,0.544,"`ctd1`, 6 runs, 100 ep | Scalar all/pinned/unpinned phases are retained. Layerwise exports all records only: the input's duplicate 'unpinned' alias is not a physical layerwise phase. Positive L lowers beta.",Lion direction units; vote fractions; record counts
lay,18,500,S0590,46,layer4.0.conv1.weight,1179648,false,false,all,500,-0.000304641951604988,0.00485714117667708,0.00351852077583317,0.478,0.522,"`ctd1`, 6 runs, 100 ep | Scalar all/pinned/unpinned phases are retained. Layerwise exports all records only: the input's duplicate 'unpinned' alias is not a physical layerwise phase. Positive L lowers beta.",Lion direction units; vote fractions; record counts
lay,18,500,S0590,47,layer4.0.bn1.weight,512,false,false,all,500,0.00697267272818931,0.00697295752933052,0.00754175779875368,0.84,0.16,"`ctd1`, 6 runs, 100 ep | Scalar all/pinned/unpinned phases are retained. Layerwise exports all records only: the input's duplicate 'unpinned' alias is not a physical layerwise phase. Positive L lowers beta.",Lion direction units; vote fractions; record counts
lay,18,500,S0590,48,layer4.0.bn1.bias,512,false,false,all,500,-1.06085696354616e-07,1.02296758351823e-06,7.11873158820708e-07,0.454,0.544,"`ctd1`, 6 runs, 100 ep | Scalar all/pinned/unpinned phases are retained. Layerwise exports all records only: the input's duplicate 'unpinned' alias is not a physical layerwise phase. Positive L lowers beta.",Lion direction units; vote fractions; record counts
lay,18,500,S0590,49,layer4.0.conv2.weight,2359296,false,true,all,500,-0.00215515010871643,0.0057056743436646,0.00227068278472871,0.484,0.516,"`ctd1`, 6 runs, 100 ep | Scalar all/pinned/unpinned phases are retained. Layerwise exports all records only: the input's duplicate 'unpinned' alias is not a physical layerwise phase. Positive L lowers beta.",Lion direction units; vote fractions; record counts
lay,18,500,S0590,50,layer4.0.bn2.weight,512,true,false,all,500,0.00836403196279585,0.00838613842469043,0.00997229553759098,0.894,0.106,"`ctd1`, 6 runs, 100 ep | Scalar all/pinned/unpinned phases are retained. Layerwise exports all records only: the input's duplicate 'unpinned' alias is not a physical layerwise phase. Positive L lowers beta.",Lion direction units; vote fractions; record counts
lay,18,500,S0590,51,layer4.0.bn2.bias,512,false,false,all,500,-2.58831840277476e-06,4.76976281429589e-06,2.06460574645462e-06,0.608,0.39,"`ctd1`, 6 runs, 100 ep | Scalar all/pinned/unpinned phases are retained. Layerwise exports all records only: the input's duplicate 'unpinned' alias is not a physical layerwise phase. Positive L lowers beta.",Lion direction units; vote fractions; record counts
lay,18,500,S0590,52,layer4.0.shortcut.0.weight,131072,false,false,all,500,0.000351992758972303,0.00256274462604197,0.00066660941374721,0.44,0.56,"`ctd1`, 6 runs, 100 ep | Scalar all/pinned/unpinned phases are retained. Layerwise exports all records only: the input's duplicate 'unpinned' alias is not a physical layerwise phase. Positive L lowers beta.",Lion direction units; vote fractions; record counts
lay,18,500,S0590,53,layer4.0.shortcut.1.weight,512,true,false,all,500,0.00547565350460459,0.00550594801220181,0.0062673240667209,0.888,0.112,"`ctd1`, 6 runs, 100 ep | Scalar all/pinned/unpinned phases are retained. Layerwise exports all records only: the input's duplicate 'unpinned' alias is not a physical layerwise phase. Positive L lowers beta.",Lion direction units; vote fractions; record counts
lay,18,500,S0590,54,layer4.0.shortcut.1.bias,512,false,false,all,500,-2.58831840277476e-06,4.76976281429589e-06,2.06460574645462e-06,0.608,0.39,"`ctd1`, 6 runs, 100 ep | Scalar all/pinned/unpinned phases are retained. Layerwise exports all records only: the input's duplicate 'unpinned' alias is not a physical layerwise phase. Positive L lowers beta.",Lion direction units; vote fractions; record counts
lay,18,500,S0590,55,layer4.1.conv1.weight,2359296,false,false,all,500,-0.00149508586442745,0.00501314072620957,0.00302902056573657,0.45,0.55,"`ctd1`, 6 runs, 100 ep | Scalar all/pinned/unpinned phases are retained. Layerwise exports all records only: the input's duplicate 'unpinned' alias is not a physical layerwise phase. Positive L lowers beta.",Lion direction units; vote fractions; record counts
lay,18,500,S0590,56,layer4.1.bn1.weight,512,false,false,all,500,0.00723926199637767,0.0072395834616485,0.00955031039193273,0.836,0.164,"`ctd1`, 6 runs, 100 ep | Scalar all/pinned/unpinned phases are retained. Layerwise exports all records only: the input's duplicate 'unpinned' alias is not a physical layerwise phase. Positive L lowers beta.",Lion direction units; vote fractions; record counts
lay,18,500,S0590,57,layer4.1.bn1.bias,512,false,false,all,500,-1.4415804952205e-07,6.15828290287626e-07,3.33616875280995e-07,0.526,0.472,"`ctd1`, 6 runs, 100 ep | Scalar all/pinned/unpinned phases are retained. Layerwise exports all records only: the input's duplicate 'unpinned' alias is not a physical layerwise phase. Positive L lowers beta.",Lion direction units; vote fractions; record counts
lay,18,500,S0590,58,layer4.1.conv2.weight,2359296,false,true,all,500,-0.00308836473217035,0.0052792503335195,0.00108664439758286,0.448,0.552,"`ctd1`, 6 runs, 100 ep | Scalar all/pinned/unpinned phases are retained. Layerwise exports all records only: the input's duplicate 'unpinned' alias is not a physical layerwise phase. Positive L lowers beta.",Lion direction units; vote fractions; record counts
lay,18,500,S0590,59,layer4.1.bn2.weight,512,true,false,all,500,0.011047268897041,0.0110716664403859,0.0130546347703785,0.896,0.104,"`ctd1`, 6 runs, 100 ep | Scalar all/pinned/unpinned phases are retained. Layerwise exports all records only: the input's duplicate 'unpinned' alias is not a physical layerwise phase. Positive L lowers beta.",Lion direction units; vote fractions; record counts
lay,18,500,S0590,60,layer4.1.bn2.bias,512,false,false,all,500,-2.15067861908773e-06,1.10339469172538e-05,8.38696505525149e-06,0.55,0.448,"`ctd1`, 6 runs, 100 ep | Scalar all/pinned/unpinned phases are retained. Layerwise exports all records only: the input's duplicate 'unpinned' alias is not a physical layerwise phase. Positive L lowers beta.",Lion direction units; vote fractions; record counts
lay,18,500,S0590,61,linear.weight,51200,false,true,all,500,0.233629520409415,0.241436889649275,0.311114132404327,0.828,0.172,"`ctd1`, 6 runs, 100 ep | Scalar all/pinned/unpinned phases are retained. Layerwise exports all records only: the input's duplicate 'unpinned' alias is not a physical layerwise phase. Positive L lowers beta.",Lion direction units; vote fractions; record counts
lay,18,500,S0590,62,linear.bias,100,false,false,all,500,-6.34627074596022e-06,3.33914024888363e-05,1.2629655566343e-05,0.482,0.518,"`ctd1`, 6 runs, 100 ep | Scalar all/pinned/unpinned phases are retained. Layerwise exports all records only: the input's duplicate 'unpinned' alias is not a physical layerwise phase. Positive L lowers beta.",Lion direction units; vote fractions; record counts
lay,19,500,S0591,1,conv1.weight,1728,false,false,all,500,0.00187087035940268,0.0154743117363732,0.0109801585320383,0.466,0.534,"`ctd1`, 6 runs, 100 ep | Scalar all/pinned/unpinned phases are retained. Layerwise exports all records only: the input's duplicate 'unpinned' alias is not a physical layerwise phase. Positive L lowers beta.",Lion direction units; vote fractions; record counts
lay,19,500,S0591,2,bn1.weight,64,false,false,all,500,0.000185962102987594,0.00195952753045849,0.000764820227777818,0.456,0.544,"`ctd1`, 6 runs, 100 ep | Scalar all/pinned/unpinned phases are retained. Layerwise exports all records only: the input's duplicate 'unpinned' alias is not a physical layerwise phase. Positive L lowers beta.",Lion direction units; vote fractions; record counts
lay,19,500,S0591,3,bn1.bias,64,false,false,all,500,4.29578501589401e-06,2.73132412549929e-05,1.8197202302872e-05,0.49,0.508,"`ctd1`, 6 runs, 100 ep | Scalar all/pinned/unpinned phases are retained. Layerwise exports all records only: the input's duplicate 'unpinned' alias is not a physical layerwise phase. Positive L lowers beta.",Lion direction units; vote fractions; record counts
lay,19,500,S0591,4,layer1.0.conv1.weight,36864,false,false,all,500,-1.24193867141833e-05,0.00746202270273324,0.00597537509165705,0.416,0.584,"`ctd1`, 6 runs, 100 ep | Scalar all/pinned/unpinned phases are retained. Layerwise exports all records only: the input's duplicate 'unpinned' alias is not a physical layerwise phase. Positive L lowers beta.",Lion direction units; vote fractions; record counts
lay,19,500,S0591,5,layer1.0.bn1.weight,64,false,false,all,500,0.00114833295027916,0.00800090942908959,0.00522782289190218,0.464,0.536,"`ctd1`, 6 runs, 100 ep | Scalar all/pinned/unpinned phases are retained. Layerwise exports all records only: the input's duplicate 'unpinned' alias is not a physical layerwise phase. Positive L lowers beta.",Lion direction units; vote fractions; record counts
lay,19,500,S0591,6,layer1.0.bn1.bias,64,false,false,all,500,0.000124231273168866,0.00046112279473826,0.000313121620638412,0.478,0.52,"`ctd1`, 6 runs, 100 ep | Scalar all/pinned/unpinned phases are retained. Layerwise exports all records only: the input's duplicate 'unpinned' alias is not a physical layerwise phase. Positive L lowers beta.",Lion direction units; vote fractions; record counts
lay,19,500,S0591,7,layer1.0.conv2.weight,36864,false,false,all,500,0.000456524922470396,0.00496564404061779,0.00412242660531774,0.48,0.52,"`ctd1`, 6 runs, 100 ep | Scalar all/pinned/unpinned phases are retained. Layerwise exports all records only: the input's duplicate 'unpinned' alias is not a physical layerwise phase. Positive L lowers beta.",Lion direction units; vote fractions; record counts
lay,19,500,S0591,8,layer1.0.bn2.weight,64,false,false,all,500,3.45942891105064e-06,3.50181438407363e-05,2.77766539511504e-05,0.49,0.51,"`ctd1`, 6 runs, 100 ep | Scalar all/pinned/unpinned phases are retained. Layerwise exports all records only: the input's duplicate 'unpinned' alias is not a physical layerwise phase. Positive L lowers beta.",Lion direction units; vote fractions; record counts
lay,19,500,S0591,9,layer1.0.bn2.bias,64,false,false,all,500,3.31190749710435e-07,2.73405972612675e-06,1.99147426371837e-06,0.46,0.538,"`ctd1`, 6 runs, 100 ep | Scalar all/pinned/unpinned phases are retained. Layerwise exports all records only: the input's duplicate 'unpinned' alias is not a physical layerwise phase. Positive L lowers beta.",Lion direction units; vote fractions; record counts
lay,19,500,S0591,10,layer1.1.conv1.weight,36864,false,false,all,500,0.000395750344993598,0.00560907968995033,0.00406527628656477,0.48,0.52,"`ctd1`, 6 runs, 100 ep | Scalar all/pinned/unpinned phases are retained. Layerwise exports all records only: the input's duplicate 'unpinned' alias is not a physical layerwise phase. Positive L lowers beta.",Lion direction units; vote fractions; record counts
lay,19,500,S0591,11,layer1.1.bn1.weight,64,false,false,all,500,0.000706880536623288,0.00606815098197253,0.00374638336652424,0.44,0.56,"`ctd1`, 6 runs, 100 ep | Scalar all/pinned/unpinned phases are retained. Layerwise exports all records only: the input's duplicate 'unpinned' alias is not a physical layerwise phase. Positive L lowers beta.",Lion direction units; vote fractions; record counts
lay,19,500,S0591,12,layer1.1.bn1.bias,64,false,false,all,500,6.55558797149591e-05,0.000265752293219127,0.000164826619584346,0.47,0.528,"`ctd1`, 6 runs, 100 ep | Scalar all/pinned/unpinned phases are retained. Layerwise exports all records only: the input's duplicate 'unpinned' alias is not a physical layerwise phase. Positive L lowers beta.",Lion direction units; vote fractions; record counts
lay,19,500,S0591,13,layer1.1.conv2.weight,36864,false,false,all,500,0.000261743828430471,0.00461621958241716,0.00365382441086695,0.48,0.52,"`ctd1`, 6 runs, 100 ep | Scalar all/pinned/unpinned phases are retained. Layerwise exports all records only: the input's duplicate 'unpinned' alias is not a physical layerwise phase. Positive L lowers beta.",Lion direction units; vote fractions; record counts
lay,19,500,S0591,14,layer1.1.bn2.weight,64,false,false,all,500,3.01269878081234e-07,5.02851541429918e-06,3.43693142212942e-06,0.542,0.458,"`ctd1`, 6 runs, 100 ep | Scalar all/pinned/unpinned phases are retained. Layerwise exports all records only: the input's duplicate 'unpinned' alias is not a physical layerwise phase. Positive L lowers beta.",Lion direction units; vote fractions; record counts
lay,19,500,S0591,15,layer1.1.bn2.bias,64,false,false,all,500,2.76021865501358e-08,1.02791432158938e-06,8.46122064501742e-07,0.418,0.58,"`ctd1`, 6 runs, 100 ep | Scalar all/pinned/unpinned phases are retained. Layerwise exports all records only: the input's duplicate 'unpinned' alias is not a physical layerwise phase. Positive L lowers beta.",Lion direction units; vote fractions; record counts
lay,19,500,S0591,16,layer2.0.conv1.weight,73728,false,false,all,500,0.000304928017580766,0.00429425012106827,0.00345890163443983,0.456,0.544,"`ctd1`, 6 runs, 100 ep | Scalar all/pinned/unpinned phases are retained. Layerwise exports all records only: the input's duplicate 'unpinned' alias is not a physical layerwise phase. Positive L lowers beta.",Lion direction units; vote fractions; record counts
lay,19,500,S0591,17,layer2.0.bn1.weight,128,false,false,all,500,0.000535993761836091,0.00397382318503766,0.00224756973766489,0.47,0.53,"`ctd1`, 6 runs, 100 ep | Scalar all/pinned/unpinned phases are retained. Layerwise exports all records only: the input's duplicate 'unpinned' alias is not a physical layerwise phase. Positive L lowers beta.",Lion direction units; vote fractions; record counts
lay,19,500,S0591,18,layer2.0.bn1.bias,128,false,false,all,500,-7.79012969932318e-08,0.00021391042575755,0.000119314163748641,0.44,0.558,"`ctd1`, 6 runs, 100 ep | Scalar all/pinned/unpinned phases are retained. Layerwise exports all records only: the input's duplicate 'unpinned' alias is not a physical layerwise phase. Positive L lowers beta.",Lion direction units; vote fractions; record counts
lay,19,500,S0591,19,layer2.0.conv2.weight,147456,false,false,all,500,8.05566110804672e-05,0.00487873371002388,0.00391376666811993,0.456,0.544,"`ctd1`, 6 runs, 100 ep | Scalar all/pinned/unpinned phases are retained. Layerwise exports all records only: the input's duplicate 'unpinned' alias is not a physical layerwise phase. Positive L lowers beta.",Lion direction units; vote fractions; record counts
lay,19,500,S0591,20,layer2.0.bn2.weight,128,false,false,all,500,-8.82648751803765e-06,0.000747047776408844,0.000315498581039719,0.476,0.524,"`ctd1`, 6 runs, 100 ep | Scalar all/pinned/unpinned phases are retained. Layerwise exports all records only: the input's duplicate 'unpinned' alias is not a physical layerwise phase. Positive L lowers beta.",Lion direction units; vote fractions; record counts
lay,19,500,S0591,21,layer2.0.bn2.bias,128,false,false,all,500,4.24887040436256e-07,3.31661446101117e-06,2.19459593608917e-06,0.464,0.534,"`ctd1`, 6 runs, 100 ep | Scalar all/pinned/unpinned phases are retained. Layerwise exports all records only: the input's duplicate 'unpinned' alias is not a physical layerwise phase. Positive L lowers beta.",Lion direction units; vote fractions; record counts
lay,19,500,S0591,22,layer2.0.shortcut.0.weight,8192,false,false,all,500,5.28463119390249e-05,0.00092945271976529,0.000658887674217112,0.468,0.532,"`ctd1`, 6 runs, 100 ep | Scalar all/pinned/unpinned phases are retained. Layerwise exports all records only: the input's duplicate 'unpinned' alias is not a physical layerwise phase. Positive L lowers beta.",Lion direction units; vote fractions; record counts
lay,19,500,S0591,23,layer2.0.shortcut.1.weight,128,false,false,all,500,0.000488026791162941,0.0026525618866124,0.00179350130492821,0.464,0.536,"`ctd1`, 6 runs, 100 ep | Scalar all/pinned/unpinned phases are retained. Layerwise exports all records only: the input's duplicate 'unpinned' alias is not a physical layerwise phase. Positive L lowers beta.",Lion direction units; vote fractions; record counts
lay,19,500,S0591,24,layer2.0.shortcut.1.bias,128,false,false,all,500,4.24887040436256e-07,3.31661446101117e-06,2.19459593608917e-06,0.464,0.534,"`ctd1`, 6 runs, 100 ep | Scalar all/pinned/unpinned phases are retained. Layerwise exports all records only: the input's duplicate 'unpinned' alias is not a physical layerwise phase. Positive L lowers beta.",Lion direction units; vote fractions; record counts
lay,19,500,S0591,25,layer2.1.conv1.weight,147456,false,false,all,500,-0.000322834916615494,0.00534247570625924,0.00441619029734284,0.432,0.568,"`ctd1`, 6 runs, 100 ep | Scalar all/pinned/unpinned phases are retained. Layerwise exports all records only: the input's duplicate 'unpinned' alias is not a physical layerwise phase. Positive L lowers beta.",Lion direction units; vote fractions; record counts
lay,19,500,S0591,26,layer2.1.bn1.weight,128,false,false,all,500,0.000337474412845992,0.00286016487476011,0.00101184897721396,0.45,0.55,"`ctd1`, 6 runs, 100 ep | Scalar all/pinned/unpinned phases are retained. Layerwise exports all records only: the input's duplicate 'unpinned' alias is not a physical layerwise phase. Positive L lowers beta.",Lion direction units; vote fractions; record counts
lay,19,500,S0591,27,layer2.1.bn1.bias,128,false,false,all,500,1.49772464738205e-05,0.000102062001222014,4.94845317007275e-05,0.472,0.526,"`ctd1`, 6 runs, 100 ep | Scalar all/pinned/unpinned phases are retained. Layerwise exports all records only: the input's duplicate 'unpinned' alias is not a physical layerwise phase. Positive L lowers beta.",Lion direction units; vote fractions; record counts
lay,19,500,S0591,28,layer2.1.conv2.weight,147456,false,false,all,500,0.000240156446025468,0.00495521753550979,0.00387123382097343,0.464,0.536,"`ctd1`, 6 runs, 100 ep | Scalar all/pinned/unpinned phases are retained. Layerwise exports all records only: the input's duplicate 'unpinned' alias is not a physical layerwise phase. Positive L lowers beta.",Lion direction units; vote fractions; record counts
lay,19,500,S0591,29,layer2.1.bn2.weight,128,false,false,all,500,8.23114294927576e-06,2.53423919788577e-05,1.62863712603212e-05,0.538,0.462,"`ctd1`, 6 runs, 100 ep | Scalar all/pinned/unpinned phases are retained. Layerwise exports all records only: the input's duplicate 'unpinned' alias is not a physical layerwise phase. Positive L lowers beta.",Lion direction units; vote fractions; record counts
lay,19,500,S0591,30,layer2.1.bn2.bias,128,false,false,all,500,8.53178762739423e-08,7.71567952484238e-07,6.15552235672112e-07,0.494,0.504,"`ctd1`, 6 runs, 100 ep | Scalar all/pinned/unpinned phases are retained. Layerwise exports all records only: the input's duplicate 'unpinned' alias is not a physical layerwise phase. Positive L lowers beta.",Lion direction units; vote fractions; record counts
lay,19,500,S0591,31,layer3.0.conv1.weight,294912,false,false,all,500,0.000486984716489934,0.00556059470724419,0.00431485259032342,0.48,0.52,"`ctd1`, 6 runs, 100 ep | Scalar all/pinned/unpinned phases are retained. Layerwise exports all records only: the input's duplicate 'unpinned' alias is not a physical layerwise phase. Positive L lowers beta.",Lion direction units; vote fractions; record counts
lay,19,500,S0591,32,layer3.0.bn1.weight,256,false,false,all,500,0.0225450582503885,0.0257010871991932,0.0184324252419174,0.658,0.342,"`ctd1`, 6 runs, 100 ep | Scalar all/pinned/unpinned phases are retained. Layerwise exports all records only: the input's duplicate 'unpinned' alias is not a physical layerwise phase. Positive L lowers beta.",Lion direction units; vote fractions; record counts
lay,19,500,S0591,33,layer3.0.bn1.bias,256,false,false,all,500,0.000180583415513622,0.000757299441669675,0.000500584988185437,0.472,0.526,"`ctd1`, 6 runs, 100 ep | Scalar all/pinned/unpinned phases are retained. Layerwise exports all records only: the input's duplicate 'unpinned' alias is not a physical layerwise phase. Positive L lowers beta.",Lion direction units; vote fractions; record counts
lay,19,500,S0591,34,layer3.0.conv2.weight,589824,false,false,all,500,0.000433336335134265,0.00663486190622906,0.00533150904811919,0.47,0.53,"`ctd1`, 6 runs, 100 ep | Scalar all/pinned/unpinned phases are retained. Layerwise exports all records only: the input's duplicate 'unpinned' alias is not a physical layerwise phase. Positive L lowers beta.",Lion direction units; vote fractions; record counts
lay,19,500,S0591,35,layer3.0.bn2.weight,256,false,false,all,500,0.0100107661318719,0.0102329284328149,0.00265406680991873,0.704,0.296,"`ctd1`, 6 runs, 100 ep | Scalar all/pinned/unpinned phases are retained. Layerwise exports all records only: the input's duplicate 'unpinned' alias is not a physical layerwise phase. Positive L lowers beta.",Lion direction units; vote fractions; record counts
lay,19,500,S0591,36,layer3.0.bn2.bias,256,false,false,all,500,4.996816287718e-05,0.00011752284403382,3.70006233424647e-05,0.476,0.522,"`ctd1`, 6 runs, 100 ep | Scalar all/pinned/unpinned phases are retained. Layerwise exports all records only: the input's duplicate 'unpinned' alias is not a physical layerwise phase. Positive L lowers beta.",Lion direction units; vote fractions; record counts
lay,19,500,S0591,37,layer3.0.shortcut.0.weight,32768,false,false,all,500,1.02463740435948e-05,0.000814562746893103,0.000646559936103586,0.462,0.538,"`ctd1`, 6 runs, 100 ep | Scalar all/pinned/unpinned phases are retained. Layerwise exports all records only: the input's duplicate 'unpinned' alias is not a physical layerwise phase. Positive L lowers beta.",Lion direction units; vote fractions; record counts
lay,19,500,S0591,38,layer3.0.shortcut.1.weight,256,false,false,all,500,0.00085616735335155,0.00487323798943506,0.00318912941438612,0.454,0.546,"`ctd1`, 6 runs, 100 ep | Scalar all/pinned/unpinned phases are retained. Layerwise exports all records only: the input's duplicate 'unpinned' alias is not a physical layerwise phase. Positive L lowers beta.",Lion direction units; vote fractions; record counts
lay,19,500,S0591,39,layer3.0.shortcut.1.bias,256,false,false,all,500,4.996816287718e-05,0.00011752284403382,3.70006233424647e-05,0.476,0.522,"`ctd1`, 6 runs, 100 ep | Scalar all/pinned/unpinned phases are retained. Layerwise exports all records only: the input's duplicate 'unpinned' alias is not a physical layerwise phase. Positive L lowers beta.",Lion direction units; vote fractions; record counts
lay,19,500,S0591,40,layer3.1.conv1.weight,589824,false,false,all,500,9.02399889168892e-05,0.0064905005287643,0.00559635440586135,0.46,0.54,"`ctd1`, 6 runs, 100 ep | Scalar all/pinned/unpinned phases are retained. Layerwise exports all records only: the input's duplicate 'unpinned' alias is not a physical layerwise phase. Positive L lowers beta.",Lion direction units; vote fractions; record counts
lay,19,500,S0591,41,layer3.1.bn1.weight,256,false,false,all,500,0.0239701093047112,0.0240883751712647,0.0130718300584704,0.7,0.3,"`ctd1`, 6 runs, 100 ep | Scalar all/pinned/unpinned phases are retained. Layerwise exports all records only: the input's duplicate 'unpinned' alias is not a physical layerwise phase. Positive L lowers beta.",Lion direction units; vote fractions; record counts
lay,19,500,S0591,42,layer3.1.bn1.bias,256,false,false,all,500,5.61816827252602e-05,0.000187749049468065,7.40870607842225e-05,0.466,0.532,"`ctd1`, 6 runs, 100 ep | Scalar all/pinned/unpinned phases are retained. Layerwise exports all records only: the input's duplicate 'unpinned' alias is not a physical layerwise phase. Positive L lowers beta.",Lion direction units; vote fractions; record counts
lay,19,500,S0591,43,layer3.1.conv2.weight,589824,false,false,all,500,5.84221757640924e-05,0.00475314205611522,0.00344064075034112,0.47,0.53,"`ctd1`, 6 runs, 100 ep | Scalar all/pinned/unpinned phases are retained. Layerwise exports all records only: the input's duplicate 'unpinned' alias is not a physical layerwise phase. Positive L lowers beta.",Lion direction units; vote fractions; record counts
lay,19,500,S0591,44,layer3.1.bn2.weight,256,false,false,all,500,0.000621804272485497,0.000623127163080267,0.000790244966628961,0.892,0.108,"`ctd1`, 6 runs, 100 ep | Scalar all/pinned/unpinned phases are retained. Layerwise exports all records only: the input's duplicate 'unpinned' alias is not a physical layerwise phase. Positive L lowers beta.",Lion direction units; vote fractions; record counts
lay,19,500,S0591,45,layer3.1.bn2.bias,256,false,false,all,500,2.47026639883755e-07,2.16624225654275e-06,1.12210931035861e-06,0.446,0.552,"`ctd1`, 6 runs, 100 ep | Scalar all/pinned/unpinned phases are retained. Layerwise exports all records only: the input's duplicate 'unpinned' alias is not a physical layerwise phase. Positive L lowers beta.",Lion direction units; vote fractions; record counts
lay,19,500,S0591,46,layer4.0.conv1.weight,1179648,false,false,all,500,-0.000335957976101893,0.00517934494185918,0.00394455396017292,0.458,0.542,"`ctd1`, 6 runs, 100 ep | Scalar all/pinned/unpinned phases are retained. Layerwise exports all records only: the input's duplicate 'unpinned' alias is not a physical layerwise phase. Positive L lowers beta.",Lion direction units; vote fractions; record counts
lay,19,500,S0591,47,layer4.0.bn1.weight,512,false,false,all,500,0.00651491648865045,0.00651519063026152,0.00700471459422261,0.84,0.16,"`ctd1`, 6 runs, 100 ep | Scalar all/pinned/unpinned phases are retained. Layerwise exports all records only: the input's duplicate 'unpinned' alias is not a physical layerwise phase. Positive L lowers beta.",Lion direction units; vote fractions; record counts
lay,19,500,S0591,48,layer4.0.bn1.bias,512,false,false,all,500,-1.28830788091948e-07,8.98830773640912e-07,5.47295704933504e-07,0.45,0.548,"`ctd1`, 6 runs, 100 ep | Scalar all/pinned/unpinned phases are retained. Layerwise exports all records only: the input's duplicate 'unpinned' alias is not a physical layerwise phase. Positive L lowers beta.",Lion direction units; vote fractions; record counts
lay,19,500,S0591,49,layer4.0.conv2.weight,2359296,false,true,all,500,-0.00247217756056316,0.00547422732777895,0.00226673601428047,0.424,0.576,"`ctd1`, 6 runs, 100 ep | Scalar all/pinned/unpinned phases are retained. Layerwise exports all records only: the input's duplicate 'unpinned' alias is not a physical layerwise phase. Positive L lowers beta.",Lion direction units; vote fractions; record counts
lay,19,500,S0591,50,layer4.0.bn2.weight,512,true,false,all,500,0.00754396822202802,0.00756287838816238,0.00896922312676907,0.896,0.104,"`ctd1`, 6 runs, 100 ep | Scalar all/pinned/unpinned phases are retained. Layerwise exports all records only: the input's duplicate 'unpinned' alias is not a physical layerwise phase. Positive L lowers beta.",Lion direction units; vote fractions; record counts
lay,19,500,S0591,51,layer4.0.bn2.bias,512,false,false,all,500,-2.82258809230029e-06,4.54258510682166e-06,1.63328391522555e-06,0.6,0.398,"`ctd1`, 6 runs, 100 ep | Scalar all/pinned/unpinned phases are retained. Layerwise exports all records only: the input's duplicate 'unpinned' alias is not a physical layerwise phase. Positive L lowers beta.",Lion direction units; vote fractions; record counts
lay,19,500,S0591,52,layer4.0.shortcut.0.weight,131072,false,false,all,500,0.000415295167350645,0.00256322645734541,0.000763336312957108,0.444,0.556,"`ctd1`, 6 runs, 100 ep | Scalar all/pinned/unpinned phases are retained. Layerwise exports all records only: the input's duplicate 'unpinned' alias is not a physical layerwise phase. Positive L lowers beta.",Lion direction units; vote fractions; record counts
lay,19,500,S0591,53,layer4.0.shortcut.1.weight,512,true,false,all,500,0.00447135779155087,0.0044942944059103,0.00511272950097919,0.894,0.106,"`ctd1`, 6 runs, 100 ep | Scalar all/pinned/unpinned phases are retained. Layerwise exports all records only: the input's duplicate 'unpinned' alias is not a physical layerwise phase. Positive L lowers beta.",Lion direction units; vote fractions; record counts
lay,19,500,S0591,54,layer4.0.shortcut.1.bias,512,false,false,all,500,-2.82258809230029e-06,4.54258510682166e-06,1.63328391522555e-06,0.6,0.398,"`ctd1`, 6 runs, 100 ep | Scalar all/pinned/unpinned phases are retained. Layerwise exports all records only: the input's duplicate 'unpinned' alias is not a physical layerwise phase. Positive L lowers beta.",Lion direction units; vote fractions; record counts
lay,19,500,S0591,55,layer4.1.conv1.weight,2359296,false,false,all,500,-0.00155691174255465,0.00508283833800394,0.00292701391153969,0.45,0.55,"`ctd1`, 6 runs, 100 ep | Scalar all/pinned/unpinned phases are retained. Layerwise exports all records only: the input's duplicate 'unpinned' alias is not a physical layerwise phase. Positive L lowers beta.",Lion direction units; vote fractions; record counts
lay,19,500,S0591,56,layer4.1.bn1.weight,512,false,false,all,500,0.00611884319382648,0.00611916125283845,0.00814030282199383,0.84,0.16,"`ctd1`, 6 runs, 100 ep | Scalar all/pinned/unpinned phases are retained. Layerwise exports all records only: the input's duplicate 'unpinned' alias is not a physical layerwise phase. Positive L lowers beta.",Lion direction units; vote fractions; record counts
lay,19,500,S0591,57,layer4.1.bn1.bias,512,false,false,all,500,-1.17841897173766e-07,5.41854943908771e-07,2.73743987833086e-07,0.49,0.508,"`ctd1`, 6 runs, 100 ep | Scalar all/pinned/unpinned phases are retained. Layerwise exports all records only: the input's duplicate 'unpinned' alias is not a physical layerwise phase. Positive L lowers beta.",Lion direction units; vote fractions; record counts
lay,19,500,S0591,58,layer4.1.conv2.weight,2359296,false,true,all,500,-0.00326227977762373,0.00532759884377828,0.00121480001835153,0.4,0.6,"`ctd1`, 6 runs, 100 ep | Scalar all/pinned/unpinned phases are retained. Layerwise exports all records only: the input's duplicate 'unpinned' alias is not a physical layerwise phase. Positive L lowers beta.",Lion direction units; vote fractions; record counts
lay,19,500,S0591,59,layer4.1.bn2.weight,512,true,false,all,500,0.00851184730724802,0.00853239369890777,0.0100711247418076,0.9,0.1,"`ctd1`, 6 runs, 100 ep | Scalar all/pinned/unpinned phases are retained. Layerwise exports all records only: the input's duplicate 'unpinned' alias is not a physical layerwise phase. Positive L lowers beta.",Lion direction units; vote fractions; record counts
lay,19,500,S0591,60,layer4.1.bn2.bias,512,false,false,all,500,-2.47564812880841e-06,1.03162548637092e-05,8.1718576439016e-06,0.554,0.444,"`ctd1`, 6 runs, 100 ep | Scalar all/pinned/unpinned phases are retained. Layerwise exports all records only: the input's duplicate 'unpinned' alias is not a physical layerwise phase. Positive L lowers beta.",Lion direction units; vote fractions; record counts
lay,19,500,S0591,61,linear.weight,51200,false,true,all,500,0.227889933873411,0.235568078750674,0.303636692464352,0.828,0.172,"`ctd1`, 6 runs, 100 ep | Scalar all/pinned/unpinned phases are retained. Layerwise exports all records only: the input's duplicate 'unpinned' alias is not a physical layerwise phase. Positive L lowers beta.",Lion direction units; vote fractions; record counts
lay,19,500,S0591,62,linear.bias,100,false,false,all,500,-1.28123722552106e-05,2.02520101786641e-05,2.03690333506756e-06,0.484,0.516,"`ctd1`, 6 runs, 100 ep | Scalar all/pinned/unpinned phases are retained. Layerwise exports all records only: the input's duplicate 'unpinned' alias is not a physical layerwise phase. Positive L lowers beta.",Lion direction units; vote fractions; record counts
lay,20,500,S0592,1,conv1.weight,1728,false,false,all,500,0.00151202239613277,0.0122615885485978,0.00998837177176028,0.45,0.55,"`ctd1`, 6 runs, 100 ep | Scalar all/pinned/unpinned phases are retained. Layerwise exports all records only: the input's duplicate 'unpinned' alias is not a physical layerwise phase. Positive L lowers beta.",Lion direction units; vote fractions; record counts
lay,20,500,S0592,2,bn1.weight,64,false,false,all,500,-3.8527603700085e-05,0.00184667757524157,0.000750383757986128,0.444,0.556,"`ctd1`, 6 runs, 100 ep | Scalar all/pinned/unpinned phases are retained. Layerwise exports all records only: the input's duplicate 'unpinned' alias is not a physical layerwise phase. Positive L lowers beta.",Lion direction units; vote fractions; record counts
lay,20,500,S0592,3,bn1.bias,64,false,false,all,500,2.71828340193259e-06,2.49978359399013e-05,1.63068285019108e-05,0.466,0.532,"`ctd1`, 6 runs, 100 ep | Scalar all/pinned/unpinned phases are retained. Layerwise exports all records only: the input's duplicate 'unpinned' alias is not a physical layerwise phase. Positive L lowers beta.",Lion direction units; vote fractions; record counts
lay,20,500,S0592,4,layer1.0.conv1.weight,36864,false,false,all,500,0.00119649174548568,0.00827156596694375,0.00694510348257609,0.474,0.526,"`ctd1`, 6 runs, 100 ep | Scalar all/pinned/unpinned phases are retained. Layerwise exports all records only: the input's duplicate 'unpinned' alias is not a physical layerwise phase. Positive L lowers beta.",Lion direction units; vote fractions; record counts
lay,20,500,S0592,5,layer1.0.bn1.weight,64,false,false,all,500,0.00164983721828022,0.00724442658924389,0.00508053286466747,0.486,0.514,"`ctd1`, 6 runs, 100 ep | Scalar all/pinned/unpinned phases are retained. Layerwise exports all records only: the input's duplicate 'unpinned' alias is not a physical layerwise phase. Positive L lowers beta.",Lion direction units; vote fractions; record counts
lay,20,500,S0592,6,layer1.0.bn1.bias,64,false,false,all,500,0.000121613873522903,0.000354778136975652,0.00023152668873081,0.51,0.488,"`ctd1`, 6 runs, 100 ep | Scalar all/pinned/unpinned phases are retained. Layerwise exports all records only: the input's duplicate 'unpinned' alias is not a physical layerwise phase. Positive L lowers beta.",Lion direction units; vote fractions; record counts
lay,20,500,S0592,7,layer1.0.conv2.weight,36864,false,false,all,500,0.000449445616107755,0.00540077334029203,0.00430721072189044,0.452,0.548,"`ctd1`, 6 runs, 100 ep | Scalar all/pinned/unpinned phases are retained. Layerwise exports all records only: the input's duplicate 'unpinned' alias is not a physical layerwise phase. Positive L lowers beta.",Lion direction units; vote fractions; record counts
lay,20,500,S0592,8,layer1.0.bn2.weight,64,false,false,all,500,-3.87566531139783e-07,1.08673954085056e-05,5.41385331018773e-06,0.514,0.486,"`ctd1`, 6 runs, 100 ep | Scalar all/pinned/unpinned phases are retained. Layerwise exports all records only: the input's duplicate 'unpinned' alias is not a physical layerwise phase. Positive L lowers beta.",Lion direction units; vote fractions; record counts
lay,20,500,S0592,9,layer1.0.bn2.bias,64,false,false,all,500,9.37970778830524e-08,3.02859972131379e-06,2.17399006601227e-06,0.436,0.562,"`ctd1`, 6 runs, 100 ep | Scalar all/pinned/unpinned phases are retained. Layerwise exports all records only: the input's duplicate 'unpinned' alias is not a physical layerwise phase. Positive L lowers beta.",Lion direction units; vote fractions; record counts
lay,20,500,S0592,10,layer1.1.conv1.weight,36864,false,false,all,500,0.000565063026473327,0.00522063864051608,0.00400334461592138,0.458,0.542,"`ctd1`, 6 runs, 100 ep | Scalar all/pinned/unpinned phases are retained. Layerwise exports all records only: the input's duplicate 'unpinned' alias is not a physical layerwise phase. Positive L lowers beta.",Lion direction units; vote fractions; record counts
lay,20,500,S0592,11,layer1.1.bn1.weight,64,false,false,all,500,0.00105591982266299,0.00550064043397553,0.00316826474736445,0.472,0.528,"`ctd1`, 6 runs, 100 ep | Scalar all/pinned/unpinned phases are retained. Layerwise exports all records only: the input's duplicate 'unpinned' alias is not a physical layerwise phase. Positive L lowers beta.",Lion direction units; vote fractions; record counts
lay,20,500,S0592,12,layer1.1.bn1.bias,64,false,false,all,500,6.00185059191344e-05,0.000203340197865492,0.000127517530199839,0.47,0.528,"`ctd1`, 6 runs, 100 ep | Scalar all/pinned/unpinned phases are retained. Layerwise exports all records only: the input's duplicate 'unpinned' alias is not a physical layerwise phase. Positive L lowers beta.",Lion direction units; vote fractions; record counts
lay,20,500,S0592,13,layer1.1.conv2.weight,36864,false,false,all,500,0.000143736064989576,0.00422953811788533,0.00335237427498214,0.448,0.552,"`ctd1`, 6 runs, 100 ep | Scalar all/pinned/unpinned phases are retained. Layerwise exports all records only: the input's duplicate 'unpinned' alias is not a physical layerwise phase. Positive L lowers beta.",Lion direction units; vote fractions; record counts
lay,20,500,S0592,14,layer1.1.bn2.weight,64,false,false,all,500,3.86614011537234e-07,4.15509907050813e-06,3.39253420378327e-06,0.514,0.486,"`ctd1`, 6 runs, 100 ep | Scalar all/pinned/unpinned phases are retained. Layerwise exports all records only: the input's duplicate 'unpinned' alias is not a physical layerwise phase. Positive L lowers beta.",Lion direction units; vote fractions; record counts
lay,20,500,S0592,15,layer1.1.bn2.bias,64,false,false,all,500,4.19234669052568e-08,8.67876767388199e-07,6.20424876274228e-07,0.434,0.564,"`ctd1`, 6 runs, 100 ep | Scalar all/pinned/unpinned phases are retained. Layerwise exports all records only: the input's duplicate 'unpinned' alias is not a physical layerwise phase. Positive L lowers beta.",Lion direction units; vote fractions; record counts
lay,20,500,S0592,16,layer2.0.conv1.weight,73728,false,false,all,500,-9.34587619061875e-05,0.0045248195080268,0.00387666173046455,0.432,0.568,"`ctd1`, 6 runs, 100 ep | Scalar all/pinned/unpinned phases are retained. Layerwise exports all records only: the input's duplicate 'unpinned' alias is not a physical layerwise phase. Positive L lowers beta.",Lion direction units; vote fractions; record counts
lay,20,500,S0592,17,layer2.0.bn1.weight,128,false,false,all,500,0.000812889151218944,0.00585444043973574,0.0036235540319467,0.43,0.57,"`ctd1`, 6 runs, 100 ep | Scalar all/pinned/unpinned phases are retained. Layerwise exports all records only: the input's duplicate 'unpinned' alias is not a physical layerwise phase. Positive L lowers beta.",Lion direction units; vote fractions; record counts
lay,20,500,S0592,18,layer2.0.bn1.bias,128,false,false,all,500,3.13573109848759e-05,0.000220027442309677,0.000117282550490927,0.47,0.528,"`ctd1`, 6 runs, 100 ep | Scalar all/pinned/unpinned phases are retained. Layerwise exports all records only: the input's duplicate 'unpinned' alias is not a physical layerwise phase. Positive L lowers beta.",Lion direction units; vote fractions; record counts
lay,20,500,S0592,19,layer2.0.conv2.weight,147456,false,false,all,500,0.000356840222075012,0.00482714986390017,0.00367330885492265,0.468,0.532,"`ctd1`, 6 runs, 100 ep | Scalar all/pinned/unpinned phases are retained. Layerwise exports all records only: the input's duplicate 'unpinned' alias is not a physical layerwise phase. Positive L lowers beta.",Lion direction units; vote fractions; record counts
lay,20,500,S0592,20,layer2.0.bn2.weight,128,false,false,all,500,-5.10999630840581e-06,0.000206339902761597,3.50956825059257e-05,0.468,0.532,"`ctd1`, 6 runs, 100 ep | Scalar all/pinned/unpinned phases are retained. Layerwise exports all records only: the input's duplicate 'unpinned' alias is not a physical layerwise phase. Positive L lowers beta.",Lion direction units; vote fractions; record counts
lay,20,500,S0592,21,layer2.0.bn2.bias,128,false,false,all,500,2.08794095451249e-07,1.82651121822892e-06,1.31052232745787e-06,0.466,0.532,"`ctd1`, 6 runs, 100 ep | Scalar all/pinned/unpinned phases are retained. Layerwise exports all records only: the input's duplicate 'unpinned' alias is not a physical layerwise phase. Positive L lowers beta.",Lion direction units; vote fractions; record counts
lay,20,500,S0592,22,layer2.0.shortcut.0.weight,8192,false,false,all,500,5.21143670504475e-05,0.00109901952636019,0.000811383723339531,0.438,0.562,"`ctd1`, 6 runs, 100 ep | Scalar all/pinned/unpinned phases are retained. Layerwise exports all records only: the input's duplicate 'unpinned' alias is not a physical layerwise phase. Positive L lowers beta.",Lion direction units; vote fractions; record counts
lay,20,500,S0592,23,layer2.0.shortcut.1.weight,128,false,false,all,500,4.65500893918148e-05,0.00274836183267716,0.00180812893086113,0.426,0.574,"`ctd1`, 6 runs, 100 ep | Scalar all/pinned/unpinned phases are retained. Layerwise exports all records only: the input's duplicate 'unpinned' alias is not a physical layerwise phase. Positive L lowers beta.",Lion direction units; vote fractions; record counts
lay,20,500,S0592,24,layer2.0.shortcut.1.bias,128,false,false,all,500,2.08794095451249e-07,1.82651121822892e-06,1.31052232745787e-06,0.466,0.532,"`ctd1`, 6 runs, 100 ep | Scalar all/pinned/unpinned phases are retained. Layerwise exports all records only: the input's duplicate 'unpinned' alias is not a physical layerwise phase. Positive L lowers beta.",Lion direction units; vote fractions; record counts
lay,20,500,S0592,25,layer2.1.conv1.weight,147456,false,false,all,500,0.000663262676649331,0.00521286314225552,0.00416653815918835,0.488,0.512,"`ctd1`, 6 runs, 100 ep | Scalar all/pinned/unpinned phases are retained. Layerwise exports all records only: the input's duplicate 'unpinned' alias is not a physical layerwise phase. Positive L lowers beta.",Lion direction units; vote fractions; record counts
lay,20,500,S0592,26,layer2.1.bn1.weight,128,false,false,all,500,0.000367363546038521,0.00196427954542748,0.000832905736751854,0.468,0.532,"`ctd1`, 6 runs, 100 ep | Scalar all/pinned/unpinned phases are retained. Layerwise exports all records only: the input's duplicate 'unpinned' alias is not a physical layerwise phase. Positive L lowers beta.",Lion direction units; vote fractions; record counts
lay,20,500,S0592,27,layer2.1.bn1.bias,128,false,false,all,500,1.21425125733866e-05,6.21516912213167e-05,3.23650616337545e-05,0.468,0.53,"`ctd1`, 6 runs, 100 ep | Scalar all/pinned/unpinned phases are retained. Layerwise exports all records only: the input's duplicate 'unpinned' alias is not a physical layerwise phase. Positive L lowers beta.",Lion direction units; vote fractions; record counts
lay,20,500,S0592,28,layer2.1.conv2.weight,147456,false,false,all,500,0.000619374338267275,0.00470683596219411,0.0038174556568265,0.478,0.522,"`ctd1`, 6 runs, 100 ep | Scalar all/pinned/unpinned phases are retained. Layerwise exports all records only: the input's duplicate 'unpinned' alias is not a physical layerwise phase. Positive L lowers beta.",Lion direction units; vote fractions; record counts
lay,20,500,S0592,29,layer2.1.bn2.weight,128,false,false,all,500,1.26574404526241e-06,3.41208311744023e-06,2.67899588379805e-06,0.594,0.406,"`ctd1`, 6 runs, 100 ep | Scalar all/pinned/unpinned phases are retained. Layerwise exports all records only: the input's duplicate 'unpinned' alias is not a physical layerwise phase. Positive L lowers beta.",Lion direction units; vote fractions; record counts
lay,20,500,S0592,30,layer2.1.bn2.bias,128,false,false,all,500,6.2990220344488e-09,5.55235477522422e-07,4.47656957192066e-07,0.468,0.53,"`ctd1`, 6 runs, 100 ep | Scalar all/pinned/unpinned phases are retained. Layerwise exports all records only: the input's duplicate 'unpinned' alias is not a physical layerwise phase. Positive L lowers beta.",Lion direction units; vote fractions; record counts
lay,20,500,S0592,31,layer3.0.conv1.weight,294912,false,false,all,500,-0.000137959297576515,0.00528350454852266,0.00422923371661454,0.458,0.542,"`ctd1`, 6 runs, 100 ep | Scalar all/pinned/unpinned phases are retained. Layerwise exports all records only: the input's duplicate 'unpinned' alias is not a physical layerwise phase. Positive L lowers beta.",Lion direction units; vote fractions; record counts
lay,20,500,S0592,32,layer3.0.bn1.weight,256,false,false,all,500,0.0272959178927184,0.0289736478540447,0.0221313931979239,0.698,0.302,"`ctd1`, 6 runs, 100 ep | Scalar all/pinned/unpinned phases are retained. Layerwise exports all records only: the input's duplicate 'unpinned' alias is not a physical layerwise phase. Positive L lowers beta.",Lion direction units; vote fractions; record counts
lay,20,500,S0592,33,layer3.0.bn1.bias,256,false,false,all,500,0.000272543321461216,0.00103323924804236,0.000640948640648276,0.472,0.526,"`ctd1`, 6 runs, 100 ep | Scalar all/pinned/unpinned phases are retained. Layerwise exports all records only: the input's duplicate 'unpinned' alias is not a physical layerwise phase. Positive L lowers beta.",Lion direction units; vote fractions; record counts
lay,20,500,S0592,34,layer3.0.conv2.weight,589824,false,false,all,500,0.000544721861221916,0.00635353551896653,0.00470581041881814,0.474,0.526,"`ctd1`, 6 runs, 100 ep | Scalar all/pinned/unpinned phases are retained. Layerwise exports all records only: the input's duplicate 'unpinned' alias is not a physical layerwise phase. Positive L lowers beta.",Lion direction units; vote fractions; record counts
lay,20,500,S0592,35,layer3.0.bn2.weight,256,false,false,all,500,0.0135835946560078,0.013720499669502,0.0112832544371486,0.71,0.29,"`ctd1`, 6 runs, 100 ep | Scalar all/pinned/unpinned phases are retained. Layerwise exports all records only: the input's duplicate 'unpinned' alias is not a physical layerwise phase. Positive L lowers beta.",Lion direction units; vote fractions; record counts
lay,20,500,S0592,36,layer3.0.bn2.bias,256,false,false,all,500,4.63704964615027e-05,0.000120572765869484,3.75365478248568e-05,0.484,0.514,"`ctd1`, 6 runs, 100 ep | Scalar all/pinned/unpinned phases are retained. Layerwise exports all records only: the input's duplicate 'unpinned' alias is not a physical layerwise phase. Positive L lowers beta.",Lion direction units; vote fractions; record counts
lay,20,500,S0592,37,layer3.0.shortcut.0.weight,32768,false,false,all,500,7.55344921658454e-05,0.000831447568128404,0.000720335004734807,0.462,0.538,"`ctd1`, 6 runs, 100 ep | Scalar all/pinned/unpinned phases are retained. Layerwise exports all records only: the input's duplicate 'unpinned' alias is not a physical layerwise phase. Positive L lowers beta.",Lion direction units; vote fractions; record counts
lay,20,500,S0592,38,layer3.0.shortcut.1.weight,256,false,false,all,500,0.000617044018160204,0.00436930273753119,0.0028568022622494,0.44,0.56,"`ctd1`, 6 runs, 100 ep | Scalar all/pinned/unpinned phases are retained. Layerwise exports all records only: the input's duplicate 'unpinned' alias is not a physical layerwise phase. Positive L lowers beta.",Lion direction units; vote fractions; record counts
lay,20,500,S0592,39,layer3.0.shortcut.1.bias,256,false,false,all,500,4.63704964615027e-05,0.000120572765869484,3.75365478248568e-05,0.484,0.514,"`ctd1`, 6 runs, 100 ep | Scalar all/pinned/unpinned phases are retained. Layerwise exports all records only: the input's duplicate 'unpinned' alias is not a physical layerwise phase. Positive L lowers beta.",Lion direction units; vote fractions; record counts
lay,20,500,S0592,40,layer3.1.conv1.weight,589824,false,false,all,500,0.000110411204312714,0.00620779787576849,0.00510761929908767,0.462,0.538,"`ctd1`, 6 runs, 100 ep | Scalar all/pinned/unpinned phases are retained. Layerwise exports all records only: the input's duplicate 'unpinned' alias is not a physical layerwise phase. Positive L lowers beta.",Lion direction units; vote fractions; record counts
lay,20,500,S0592,41,layer3.1.bn1.weight,256,false,false,all,500,0.034399069782633,0.0347209541980574,0.0436037832871079,0.704,0.296,"`ctd1`, 6 runs, 100 ep | Scalar all/pinned/unpinned phases are retained. Layerwise exports all records only: the input's duplicate 'unpinned' alias is not a physical layerwise phase. Positive L lowers beta.",Lion direction units; vote fractions; record counts
lay,20,500,S0592,42,layer3.1.bn1.bias,256,false,false,all,500,8.04579703997059e-05,0.000257624151005697,0.000154263755757711,0.462,0.536,"`ctd1`, 6 runs, 100 ep | Scalar all/pinned/unpinned phases are retained. Layerwise exports all records only: the input's duplicate 'unpinned' alias is not a physical layerwise phase. Positive L lowers beta.",Lion direction units; vote fractions; record counts
lay,20,500,S0592,43,layer3.1.conv2.weight,589824,false,false,all,500,-6.38428056675052e-05,0.00475204879649735,0.00334173918163287,0.468,0.532,"`ctd1`, 6 runs, 100 ep | Scalar all/pinned/unpinned phases are retained. Layerwise exports all records only: the input's duplicate 'unpinned' alias is not a physical layerwise phase. Positive L lowers beta.",Lion direction units; vote fractions; record counts
lay,20,500,S0592,44,layer3.1.bn2.weight,256,false,false,all,500,0.000122291395539474,0.000122575105865793,0.00015990960309864,0.914,0.086,"`ctd1`, 6 runs, 100 ep | Scalar all/pinned/unpinned phases are retained. Layerwise exports all records only: the input's duplicate 'unpinned' alias is not a physical layerwise phase. Positive L lowers beta.",Lion direction units; vote fractions; record counts
lay,20,500,S0592,45,layer3.1.bn2.bias,256,false,false,all,500,7.13236880034326e-07,3.13055063595143e-06,1.64448579482723e-06,0.474,0.524,"`ctd1`, 6 runs, 100 ep | Scalar all/pinned/unpinned phases are retained. Layerwise exports all records only: the input's duplicate 'unpinned' alias is not a physical layerwise phase. Positive L lowers beta.",Lion direction units; vote fractions; record counts
lay,20,500,S0592,46,layer4.0.conv1.weight,1179648,false,false,all,500,-0.000406802158066648,0.0048130414561429,0.00354960275581106,0.42,0.58,"`ctd1`, 6 runs, 100 ep | Scalar all/pinned/unpinned phases are retained. Layerwise exports all records only: the input's duplicate 'unpinned' alias is not a physical layerwise phase. Positive L lowers beta.",Lion direction units; vote fractions; record counts
lay,20,500,S0592,47,layer4.0.bn1.weight,512,false,false,all,500,0.00624929118275548,0.00624952814070375,0.00665036041755229,0.84,0.16,"`ctd1`, 6 runs, 100 ep | Scalar all/pinned/unpinned phases are retained. Layerwise exports all records only: the input's duplicate 'unpinned' alias is not a physical layerwise phase. Positive L lowers beta.",Lion direction units; vote fractions; record counts
lay,20,500,S0592,48,layer4.0.bn1.bias,512,false,false,all,500,-1.34919907350699e-07,8.57348027041532e-07,5.51718679275836e-07,0.474,0.524,"`ctd1`, 6 runs, 100 ep | Scalar all/pinned/unpinned phases are retained. Layerwise exports all records only: the input's duplicate 'unpinned' alias is not a physical layerwise phase. Positive L lowers beta.",Lion direction units; vote fractions; record counts
lay,20,500,S0592,49,layer4.0.conv2.weight,2359296,false,true,all,500,-0.00241261717925419,0.00549074735851511,0.00229927915352164,0.42,0.58,"`ctd1`, 6 runs, 100 ep | Scalar all/pinned/unpinned phases are retained. Layerwise exports all records only: the input's duplicate 'unpinned' alias is not a physical layerwise phase. Positive L lowers beta.",Lion direction units; vote fractions; record counts
lay,20,500,S0592,50,layer4.0.bn2.weight,512,true,false,all,500,0.00847859230817911,0.00849758667940634,0.0100727570708841,0.896,0.104,"`ctd1`, 6 runs, 100 ep | Scalar all/pinned/unpinned phases are retained. Layerwise exports all records only: the input's duplicate 'unpinned' alias is not a physical layerwise phase. Positive L lowers beta.",Lion direction units; vote fractions; record counts
lay,20,500,S0592,51,layer4.0.bn2.bias,512,false,false,all,500,-2.8787470359501e-06,4.12961476095548e-06,1.03130504385263e-06,0.614,0.384,"`ctd1`, 6 runs, 100 ep | Scalar all/pinned/unpinned phases are retained. Layerwise exports all records only: the input's duplicate 'unpinned' alias is not a physical layerwise phase. Positive L lowers beta.",Lion direction units; vote fractions; record counts
lay,20,500,S0592,52,layer4.0.shortcut.0.weight,131072,false,false,all,500,0.000469156033394462,0.00251572221623021,0.000530965416692197,0.43,0.57,"`ctd1`, 6 runs, 100 ep | Scalar all/pinned/unpinned phases are retained. Layerwise exports all records only: the input's duplicate 'unpinned' alias is not a physical layerwise phase. Positive L lowers beta.",Lion direction units; vote fractions; record counts
lay,20,500,S0592,53,layer4.0.shortcut.1.weight,512,true,false,all,500,0.00457443101921141,0.00459375557308761,0.0051736471708864,0.89,0.11,"`ctd1`, 6 runs, 100 ep | Scalar all/pinned/unpinned phases are retained. Layerwise exports all records only: the input's duplicate 'unpinned' alias is not a physical layerwise phase. Positive L lowers beta.",Lion direction units; vote fractions; record counts
lay,20,500,S0592,54,layer4.0.shortcut.1.bias,512,false,false,all,500,-2.8787470359501e-06,4.12961476095548e-06,1.03130504385263e-06,0.614,0.384,"`ctd1`, 6 runs, 100 ep | Scalar all/pinned/unpinned phases are retained. Layerwise exports all records only: the input's duplicate 'unpinned' alias is not a physical layerwise phase. Positive L lowers beta.",Lion direction units; vote fractions; record counts
lay,20,500,S0592,55,layer4.1.conv1.weight,2359296,false,false,all,500,-0.00147529347209325,0.0050665205077135,0.0032180147478357,0.44,0.56,"`ctd1`, 6 runs, 100 ep | Scalar all/pinned/unpinned phases are retained. Layerwise exports all records only: the input's duplicate 'unpinned' alias is not a physical layerwise phase. Positive L lowers beta.",Lion direction units; vote fractions; record counts
lay,20,500,S0592,56,layer4.1.bn1.weight,512,false,false,all,500,0.00651358634103394,0.00651393810423511,0.00874254549853504,0.838,0.162,"`ctd1`, 6 runs, 100 ep | Scalar all/pinned/unpinned phases are retained. Layerwise exports all records only: the input's duplicate 'unpinned' alias is not a physical layerwise phase. Positive L lowers beta.",Lion direction units; vote fractions; record counts
lay,20,500,S0592,57,layer4.1.bn1.bias,512,false,false,all,500,-1.07280459124889e-07,6.6885432728436e-07,3.6436502171e-07,0.57,0.428,"`ctd1`, 6 runs, 100 ep | Scalar all/pinned/unpinned phases are retained. Layerwise exports all records only: the input's duplicate 'unpinned' alias is not a physical layerwise phase. Positive L lowers beta.",Lion direction units; vote fractions; record counts
lay,20,500,S0592,58,layer4.1.conv2.weight,2359296,false,true,all,500,-0.0031230430750571,0.0051320917185827,0.00112205989280483,0.406,0.594,"`ctd1`, 6 runs, 100 ep | Scalar all/pinned/unpinned phases are retained. Layerwise exports all records only: the input's duplicate 'unpinned' alias is not a physical layerwise phase. Positive L lowers beta.",Lion direction units; vote fractions; record counts
lay,20,500,S0592,59,layer4.1.bn2.weight,512,true,false,all,500,0.00839696921419992,0.00841414727058263,0.00991793586872518,0.902,0.098,"`ctd1`, 6 runs, 100 ep | Scalar all/pinned/unpinned phases are retained. Layerwise exports all records only: the input's duplicate 'unpinned' alias is not a physical layerwise phase. Positive L lowers beta.",Lion direction units; vote fractions; record counts
lay,20,500,S0592,60,layer4.1.bn2.bias,512,false,false,all,500,-1.27218690795372e-06,1.09873320166879e-05,8.8527255684312e-06,0.556,0.442,"`ctd1`, 6 runs, 100 ep | Scalar all/pinned/unpinned phases are retained. Layerwise exports all records only: the input's duplicate 'unpinned' alias is not a physical layerwise phase. Positive L lowers beta.",Lion direction units; vote fractions; record counts
lay,20,500,S0592,61,linear.weight,51200,false,true,all,500,0.232196106181999,0.239272856271959,0.307380792498589,0.828,0.172,"`ctd1`, 6 runs, 100 ep | Scalar all/pinned/unpinned phases are retained. Layerwise exports all records only: the input's duplicate 'unpinned' alias is not a physical layerwise phase. Positive L lowers beta.",Lion direction units; vote fractions; record counts
lay,20,500,S0592,62,linear.bias,100,false,false,all,500,-7.00454711437073e-06,2.62230122275369e-05,2.55281380532324e-06,0.466,0.534,"`ctd1`, 6 runs, 100 ep | Scalar all/pinned/unpinned phases are retained. Layerwise exports all records only: the input's duplicate 'unpinned' alias is not a physical layerwise phase. Positive L lowers beta.",Lion direction units; vote fractions; record counts
