batch,arm,label,seed,run,epoch,test_accuracy_percent,train_accuracy_percent,source_ids,registered_horizon_epochs,in_registered_plateau5_window,scope,units
cpr1,k01,Scalar,9,cpr1-k01-s9,0,1.13,0.93,S0310,100,false,"`cpr1`, 15 runs, 100 ep | Full available curve retained; registered_horizon and in_registered_plateau5_window identify the primary endpoint. Epoch observations are not independent seeds.",accuracy percent; epoch is the raw zero-based epoch index
cpr1,k01,Scalar,9,cpr1-k01-s9,1,1.02,1.02,S0310,100,false,"`cpr1`, 15 runs, 100 ep | Full available curve retained; registered_horizon and in_registered_plateau5_window identify the primary endpoint. Epoch observations are not independent seeds.",accuracy percent; epoch is the raw zero-based epoch index
cpr1,k01,Scalar,9,cpr1-k01-s9,2,1.13,1.08,S0310,100,false,"`cpr1`, 15 runs, 100 ep | Full available curve retained; registered_horizon and in_registered_plateau5_window identify the primary endpoint. Epoch observations are not independent seeds.",accuracy percent; epoch is the raw zero-based epoch index
cpr1,k01,Scalar,9,cpr1-k01-s9,3,1.04,0.9,S0310,100,false,"`cpr1`, 15 runs, 100 ep | Full available curve retained; registered_horizon and in_registered_plateau5_window identify the primary endpoint. Epoch observations are not independent seeds.",accuracy percent; epoch is the raw zero-based epoch index
cpr1,k01,Scalar,9,cpr1-k01-s9,4,1.14,1.01,S0310,100,false,"`cpr1`, 15 runs, 100 ep | Full available curve retained; registered_horizon and in_registered_plateau5_window identify the primary endpoint. Epoch observations are not independent seeds.",accuracy percent; epoch is the raw zero-based epoch index
cpr1,k01,Scalar,9,cpr1-k01-s9,5,1.07,1.02,S0310,100,false,"`cpr1`, 15 runs, 100 ep | Full available curve retained; registered_horizon and in_registered_plateau5_window identify the primary endpoint. Epoch observations are not independent seeds.",accuracy percent; epoch is the raw zero-based epoch index
cpr1,k01,Scalar,9,cpr1-k01-s9,6,1.35,1.1,S0310,100,false,"`cpr1`, 15 runs, 100 ep | Full available curve retained; registered_horizon and in_registered_plateau5_window identify the primary endpoint. Epoch observations are not independent seeds.",accuracy percent; epoch is the raw zero-based epoch index
cpr1,k01,Scalar,9,cpr1-k01-s9,7,2.24,1.46,S0310,100,false,"`cpr1`, 15 runs, 100 ep | Full available curve retained; registered_horizon and in_registered_plateau5_window identify the primary endpoint. Epoch observations are not independent seeds.",accuracy percent; epoch is the raw zero-based epoch index
cpr1,k01,Scalar,9,cpr1-k01-s9,8,3.12,2.39,S0310,100,false,"`cpr1`, 15 runs, 100 ep | Full available curve retained; registered_horizon and in_registered_plateau5_window identify the primary endpoint. Epoch observations are not independent seeds.",accuracy percent; epoch is the raw zero-based epoch index
cpr1,k01,Scalar,9,cpr1-k01-s9,9,4.03,3.19,S0310,100,false,"`cpr1`, 15 runs, 100 ep | Full available curve retained; registered_horizon and in_registered_plateau5_window identify the primary endpoint. Epoch observations are not independent seeds.",accuracy percent; epoch is the raw zero-based epoch index
cpr1,k01,Scalar,9,cpr1-k01-s9,10,4.98,4.06,S0310,100,false,"`cpr1`, 15 runs, 100 ep | Full available curve retained; registered_horizon and in_registered_plateau5_window identify the primary endpoint. Epoch observations are not independent seeds.",accuracy percent; epoch is the raw zero-based epoch index
cpr1,k01,Scalar,9,cpr1-k01-s9,11,5.87,5.16,S0310,100,false,"`cpr1`, 15 runs, 100 ep | Full available curve retained; registered_horizon and in_registered_plateau5_window identify the primary endpoint. Epoch observations are not independent seeds.",accuracy percent; epoch is the raw zero-based epoch index
cpr1,k01,Scalar,9,cpr1-k01-s9,12,6.96,6,S0310,100,false,"`cpr1`, 15 runs, 100 ep | Full available curve retained; registered_horizon and in_registered_plateau5_window identify the primary endpoint. Epoch observations are not independent seeds.",accuracy percent; epoch is the raw zero-based epoch index
cpr1,k01,Scalar,9,cpr1-k01-s9,13,9.02,7.57,S0310,100,false,"`cpr1`, 15 runs, 100 ep | Full available curve retained; registered_horizon and in_registered_plateau5_window identify the primary endpoint. Epoch observations are not independent seeds.",accuracy percent; epoch is the raw zero-based epoch index
cpr1,k01,Scalar,9,cpr1-k01-s9,14,10.84,9.66,S0310,100,false,"`cpr1`, 15 runs, 100 ep | Full available curve retained; registered_horizon and in_registered_plateau5_window identify the primary endpoint. Epoch observations are not independent seeds.",accuracy percent; epoch is the raw zero-based epoch index
cpr1,k01,Scalar,9,cpr1-k01-s9,15,12.76,11.5,S0310,100,false,"`cpr1`, 15 runs, 100 ep | Full available curve retained; registered_horizon and in_registered_plateau5_window identify the primary endpoint. Epoch observations are not independent seeds.",accuracy percent; epoch is the raw zero-based epoch index
cpr1,k01,Scalar,9,cpr1-k01-s9,16,13.72,13.2,S0310,100,false,"`cpr1`, 15 runs, 100 ep | Full available curve retained; registered_horizon and in_registered_plateau5_window identify the primary endpoint. Epoch observations are not independent seeds.",accuracy percent; epoch is the raw zero-based epoch index
cpr1,k01,Scalar,9,cpr1-k01-s9,17,15.78,14.76,S0310,100,false,"`cpr1`, 15 runs, 100 ep | Full available curve retained; registered_horizon and in_registered_plateau5_window identify the primary endpoint. Epoch observations are not independent seeds.",accuracy percent; epoch is the raw zero-based epoch index
cpr1,k01,Scalar,9,cpr1-k01-s9,18,18.25,16.48,S0310,100,false,"`cpr1`, 15 runs, 100 ep | Full available curve retained; registered_horizon and in_registered_plateau5_window identify the primary endpoint. Epoch observations are not independent seeds.",accuracy percent; epoch is the raw zero-based epoch index
cpr1,k01,Scalar,9,cpr1-k01-s9,19,19.61,18.17,S0310,100,false,"`cpr1`, 15 runs, 100 ep | Full available curve retained; registered_horizon and in_registered_plateau5_window identify the primary endpoint. Epoch observations are not independent seeds.",accuracy percent; epoch is the raw zero-based epoch index
cpr1,k01,Scalar,9,cpr1-k01-s9,20,19.86,19.52,S0310,100,false,"`cpr1`, 15 runs, 100 ep | Full available curve retained; registered_horizon and in_registered_plateau5_window identify the primary endpoint. Epoch observations are not independent seeds.",accuracy percent; epoch is the raw zero-based epoch index
cpr1,k01,Scalar,9,cpr1-k01-s9,21,21.93,20.51,S0310,100,false,"`cpr1`, 15 runs, 100 ep | Full available curve retained; registered_horizon and in_registered_plateau5_window identify the primary endpoint. Epoch observations are not independent seeds.",accuracy percent; epoch is the raw zero-based epoch index
cpr1,k01,Scalar,9,cpr1-k01-s9,22,22.3,21.37,S0310,100,false,"`cpr1`, 15 runs, 100 ep | Full available curve retained; registered_horizon and in_registered_plateau5_window identify the primary endpoint. Epoch observations are not independent seeds.",accuracy percent; epoch is the raw zero-based epoch index
cpr1,k01,Scalar,9,cpr1-k01-s9,23,22.61,21.98,S0310,100,false,"`cpr1`, 15 runs, 100 ep | Full available curve retained; registered_horizon and in_registered_plateau5_window identify the primary endpoint. Epoch observations are not independent seeds.",accuracy percent; epoch is the raw zero-based epoch index
cpr1,k01,Scalar,9,cpr1-k01-s9,24,22.92,22.37,S0310,100,false,"`cpr1`, 15 runs, 100 ep | Full available curve retained; registered_horizon and in_registered_plateau5_window identify the primary endpoint. Epoch observations are not independent seeds.",accuracy percent; epoch is the raw zero-based epoch index
cpr1,k01,Scalar,9,cpr1-k01-s9,25,22.52,22.44,S0310,100,false,"`cpr1`, 15 runs, 100 ep | Full available curve retained; registered_horizon and in_registered_plateau5_window identify the primary endpoint. Epoch observations are not independent seeds.",accuracy percent; epoch is the raw zero-based epoch index
cpr1,k01,Scalar,9,cpr1-k01-s9,26,23.18,22.63,S0310,100,false,"`cpr1`, 15 runs, 100 ep | Full available curve retained; registered_horizon and in_registered_plateau5_window identify the primary endpoint. Epoch observations are not independent seeds.",accuracy percent; epoch is the raw zero-based epoch index
cpr1,k01,Scalar,9,cpr1-k01-s9,27,22.8,22.69,S0310,100,false,"`cpr1`, 15 runs, 100 ep | Full available curve retained; registered_horizon and in_registered_plateau5_window identify the primary endpoint. Epoch observations are not independent seeds.",accuracy percent; epoch is the raw zero-based epoch index
cpr1,k01,Scalar,9,cpr1-k01-s9,28,22.83,22.66,S0310,100,false,"`cpr1`, 15 runs, 100 ep | Full available curve retained; registered_horizon and in_registered_plateau5_window identify the primary endpoint. Epoch observations are not independent seeds.",accuracy percent; epoch is the raw zero-based epoch index
cpr1,k01,Scalar,9,cpr1-k01-s9,29,22.85,22.87,S0310,100,false,"`cpr1`, 15 runs, 100 ep | Full available curve retained; registered_horizon and in_registered_plateau5_window identify the primary endpoint. Epoch observations are not independent seeds.",accuracy percent; epoch is the raw zero-based epoch index
cpr1,k01,Scalar,9,cpr1-k01-s9,30,22.98,22.93,S0310,100,false,"`cpr1`, 15 runs, 100 ep | Full available curve retained; registered_horizon and in_registered_plateau5_window identify the primary endpoint. Epoch observations are not independent seeds.",accuracy percent; epoch is the raw zero-based epoch index
cpr1,k01,Scalar,9,cpr1-k01-s9,31,22.91,23.08,S0310,100,false,"`cpr1`, 15 runs, 100 ep | Full available curve retained; registered_horizon and in_registered_plateau5_window identify the primary endpoint. Epoch observations are not independent seeds.",accuracy percent; epoch is the raw zero-based epoch index
cpr1,k01,Scalar,9,cpr1-k01-s9,32,22.89,22.91,S0310,100,false,"`cpr1`, 15 runs, 100 ep | Full available curve retained; registered_horizon and in_registered_plateau5_window identify the primary endpoint. Epoch observations are not independent seeds.",accuracy percent; epoch is the raw zero-based epoch index
cpr1,k01,Scalar,9,cpr1-k01-s9,33,22.85,22.86,S0310,100,false,"`cpr1`, 15 runs, 100 ep | Full available curve retained; registered_horizon and in_registered_plateau5_window identify the primary endpoint. Epoch observations are not independent seeds.",accuracy percent; epoch is the raw zero-based epoch index
cpr1,k01,Scalar,9,cpr1-k01-s9,34,22.95,22.87,S0310,100,false,"`cpr1`, 15 runs, 100 ep | Full available curve retained; registered_horizon and in_registered_plateau5_window identify the primary endpoint. Epoch observations are not independent seeds.",accuracy percent; epoch is the raw zero-based epoch index
cpr1,k01,Scalar,9,cpr1-k01-s9,35,23,22.77,S0310,100,false,"`cpr1`, 15 runs, 100 ep | Full available curve retained; registered_horizon and in_registered_plateau5_window identify the primary endpoint. Epoch observations are not independent seeds.",accuracy percent; epoch is the raw zero-based epoch index
cpr1,k01,Scalar,9,cpr1-k01-s9,36,23.1,22.92,S0310,100,false,"`cpr1`, 15 runs, 100 ep | Full available curve retained; registered_horizon and in_registered_plateau5_window identify the primary endpoint. Epoch observations are not independent seeds.",accuracy percent; epoch is the raw zero-based epoch index
cpr1,k01,Scalar,9,cpr1-k01-s9,37,22.92,22.97,S0310,100,false,"`cpr1`, 15 runs, 100 ep | Full available curve retained; registered_horizon and in_registered_plateau5_window identify the primary endpoint. Epoch observations are not independent seeds.",accuracy percent; epoch is the raw zero-based epoch index
cpr1,k01,Scalar,9,cpr1-k01-s9,38,22.91,22.94,S0310,100,false,"`cpr1`, 15 runs, 100 ep | Full available curve retained; registered_horizon and in_registered_plateau5_window identify the primary endpoint. Epoch observations are not independent seeds.",accuracy percent; epoch is the raw zero-based epoch index
cpr1,k01,Scalar,9,cpr1-k01-s9,39,23.06,22.88,S0310,100,false,"`cpr1`, 15 runs, 100 ep | Full available curve retained; registered_horizon and in_registered_plateau5_window identify the primary endpoint. Epoch observations are not independent seeds.",accuracy percent; epoch is the raw zero-based epoch index
cpr1,k01,Scalar,9,cpr1-k01-s9,40,23.04,22.88,S0310,100,false,"`cpr1`, 15 runs, 100 ep | Full available curve retained; registered_horizon and in_registered_plateau5_window identify the primary endpoint. Epoch observations are not independent seeds.",accuracy percent; epoch is the raw zero-based epoch index
cpr1,k01,Scalar,9,cpr1-k01-s9,41,22.83,22.91,S0310,100,false,"`cpr1`, 15 runs, 100 ep | Full available curve retained; registered_horizon and in_registered_plateau5_window identify the primary endpoint. Epoch observations are not independent seeds.",accuracy percent; epoch is the raw zero-based epoch index
cpr1,k01,Scalar,9,cpr1-k01-s9,42,23,22.89,S0310,100,false,"`cpr1`, 15 runs, 100 ep | Full available curve retained; registered_horizon and in_registered_plateau5_window identify the primary endpoint. Epoch observations are not independent seeds.",accuracy percent; epoch is the raw zero-based epoch index
cpr1,k01,Scalar,9,cpr1-k01-s9,43,23.03,22.76,S0310,100,false,"`cpr1`, 15 runs, 100 ep | Full available curve retained; registered_horizon and in_registered_plateau5_window identify the primary endpoint. Epoch observations are not independent seeds.",accuracy percent; epoch is the raw zero-based epoch index
cpr1,k01,Scalar,9,cpr1-k01-s9,44,22.97,22.96,S0310,100,false,"`cpr1`, 15 runs, 100 ep | Full available curve retained; registered_horizon and in_registered_plateau5_window identify the primary endpoint. Epoch observations are not independent seeds.",accuracy percent; epoch is the raw zero-based epoch index
cpr1,k01,Scalar,9,cpr1-k01-s9,45,23.16,22.91,S0310,100,false,"`cpr1`, 15 runs, 100 ep | Full available curve retained; registered_horizon and in_registered_plateau5_window identify the primary endpoint. Epoch observations are not independent seeds.",accuracy percent; epoch is the raw zero-based epoch index
cpr1,k01,Scalar,9,cpr1-k01-s9,46,22.89,23.08,S0310,100,false,"`cpr1`, 15 runs, 100 ep | Full available curve retained; registered_horizon and in_registered_plateau5_window identify the primary endpoint. Epoch observations are not independent seeds.",accuracy percent; epoch is the raw zero-based epoch index
cpr1,k01,Scalar,9,cpr1-k01-s9,47,22.98,22.82,S0310,100,false,"`cpr1`, 15 runs, 100 ep | Full available curve retained; registered_horizon and in_registered_plateau5_window identify the primary endpoint. Epoch observations are not independent seeds.",accuracy percent; epoch is the raw zero-based epoch index
cpr1,k01,Scalar,9,cpr1-k01-s9,48,23.09,22.88,S0310,100,false,"`cpr1`, 15 runs, 100 ep | Full available curve retained; registered_horizon and in_registered_plateau5_window identify the primary endpoint. Epoch observations are not independent seeds.",accuracy percent; epoch is the raw zero-based epoch index
cpr1,k01,Scalar,9,cpr1-k01-s9,49,22.9,23.19,S0310,100,false,"`cpr1`, 15 runs, 100 ep | Full available curve retained; registered_horizon and in_registered_plateau5_window identify the primary endpoint. Epoch observations are not independent seeds.",accuracy percent; epoch is the raw zero-based epoch index
cpr1,k01,Scalar,9,cpr1-k01-s9,50,22.95,22.93,S0310,100,false,"`cpr1`, 15 runs, 100 ep | Full available curve retained; registered_horizon and in_registered_plateau5_window identify the primary endpoint. Epoch observations are not independent seeds.",accuracy percent; epoch is the raw zero-based epoch index
cpr1,k01,Scalar,9,cpr1-k01-s9,51,23.26,22.93,S0310,100,false,"`cpr1`, 15 runs, 100 ep | Full available curve retained; registered_horizon and in_registered_plateau5_window identify the primary endpoint. Epoch observations are not independent seeds.",accuracy percent; epoch is the raw zero-based epoch index
cpr1,k01,Scalar,9,cpr1-k01-s9,52,23.09,22.86,S0310,100,false,"`cpr1`, 15 runs, 100 ep | Full available curve retained; registered_horizon and in_registered_plateau5_window identify the primary endpoint. Epoch observations are not independent seeds.",accuracy percent; epoch is the raw zero-based epoch index
cpr1,k01,Scalar,9,cpr1-k01-s9,53,22.79,22.77,S0310,100,false,"`cpr1`, 15 runs, 100 ep | Full available curve retained; registered_horizon and in_registered_plateau5_window identify the primary endpoint. Epoch observations are not independent seeds.",accuracy percent; epoch is the raw zero-based epoch index
cpr1,k01,Scalar,9,cpr1-k01-s9,54,22.96,22.95,S0310,100,false,"`cpr1`, 15 runs, 100 ep | Full available curve retained; registered_horizon and in_registered_plateau5_window identify the primary endpoint. Epoch observations are not independent seeds.",accuracy percent; epoch is the raw zero-based epoch index
cpr1,k01,Scalar,9,cpr1-k01-s9,55,23.09,22.93,S0310,100,false,"`cpr1`, 15 runs, 100 ep | Full available curve retained; registered_horizon and in_registered_plateau5_window identify the primary endpoint. Epoch observations are not independent seeds.",accuracy percent; epoch is the raw zero-based epoch index
cpr1,k01,Scalar,9,cpr1-k01-s9,56,23.14,22.78,S0310,100,false,"`cpr1`, 15 runs, 100 ep | Full available curve retained; registered_horizon and in_registered_plateau5_window identify the primary endpoint. Epoch observations are not independent seeds.",accuracy percent; epoch is the raw zero-based epoch index
cpr1,k01,Scalar,9,cpr1-k01-s9,57,23.22,22.95,S0310,100,false,"`cpr1`, 15 runs, 100 ep | Full available curve retained; registered_horizon and in_registered_plateau5_window identify the primary endpoint. Epoch observations are not independent seeds.",accuracy percent; epoch is the raw zero-based epoch index
cpr1,k01,Scalar,9,cpr1-k01-s9,58,23.2,22.92,S0310,100,false,"`cpr1`, 15 runs, 100 ep | Full available curve retained; registered_horizon and in_registered_plateau5_window identify the primary endpoint. Epoch observations are not independent seeds.",accuracy percent; epoch is the raw zero-based epoch index
cpr1,k01,Scalar,9,cpr1-k01-s9,59,22.9,22.8,S0310,100,false,"`cpr1`, 15 runs, 100 ep | Full available curve retained; registered_horizon and in_registered_plateau5_window identify the primary endpoint. Epoch observations are not independent seeds.",accuracy percent; epoch is the raw zero-based epoch index
cpr1,k01,Scalar,9,cpr1-k01-s9,60,22.97,22.89,S0310,100,false,"`cpr1`, 15 runs, 100 ep | Full available curve retained; registered_horizon and in_registered_plateau5_window identify the primary endpoint. Epoch observations are not independent seeds.",accuracy percent; epoch is the raw zero-based epoch index
cpr1,k01,Scalar,9,cpr1-k01-s9,61,22.88,22.91,S0310,100,false,"`cpr1`, 15 runs, 100 ep | Full available curve retained; registered_horizon and in_registered_plateau5_window identify the primary endpoint. Epoch observations are not independent seeds.",accuracy percent; epoch is the raw zero-based epoch index
cpr1,k01,Scalar,9,cpr1-k01-s9,62,22.85,22.9,S0310,100,false,"`cpr1`, 15 runs, 100 ep | Full available curve retained; registered_horizon and in_registered_plateau5_window identify the primary endpoint. Epoch observations are not independent seeds.",accuracy percent; epoch is the raw zero-based epoch index
cpr1,k01,Scalar,9,cpr1-k01-s9,63,23,22.97,S0310,100,false,"`cpr1`, 15 runs, 100 ep | Full available curve retained; registered_horizon and in_registered_plateau5_window identify the primary endpoint. Epoch observations are not independent seeds.",accuracy percent; epoch is the raw zero-based epoch index
cpr1,k01,Scalar,9,cpr1-k01-s9,64,22.83,22.95,S0310,100,false,"`cpr1`, 15 runs, 100 ep | Full available curve retained; registered_horizon and in_registered_plateau5_window identify the primary endpoint. Epoch observations are not independent seeds.",accuracy percent; epoch is the raw zero-based epoch index
cpr1,k01,Scalar,9,cpr1-k01-s9,65,23,22.92,S0310,100,false,"`cpr1`, 15 runs, 100 ep | Full available curve retained; registered_horizon and in_registered_plateau5_window identify the primary endpoint. Epoch observations are not independent seeds.",accuracy percent; epoch is the raw zero-based epoch index
cpr1,k01,Scalar,9,cpr1-k01-s9,66,23.01,22.89,S0310,100,false,"`cpr1`, 15 runs, 100 ep | Full available curve retained; registered_horizon and in_registered_plateau5_window identify the primary endpoint. Epoch observations are not independent seeds.",accuracy percent; epoch is the raw zero-based epoch index
cpr1,k01,Scalar,9,cpr1-k01-s9,67,23.1,22.73,S0310,100,false,"`cpr1`, 15 runs, 100 ep | Full available curve retained; registered_horizon and in_registered_plateau5_window identify the primary endpoint. Epoch observations are not independent seeds.",accuracy percent; epoch is the raw zero-based epoch index
cpr1,k01,Scalar,9,cpr1-k01-s9,68,23,22.99,S0310,100,false,"`cpr1`, 15 runs, 100 ep | Full available curve retained; registered_horizon and in_registered_plateau5_window identify the primary endpoint. Epoch observations are not independent seeds.",accuracy percent; epoch is the raw zero-based epoch index
cpr1,k01,Scalar,9,cpr1-k01-s9,69,22.99,22.92,S0310,100,false,"`cpr1`, 15 runs, 100 ep | Full available curve retained; registered_horizon and in_registered_plateau5_window identify the primary endpoint. Epoch observations are not independent seeds.",accuracy percent; epoch is the raw zero-based epoch index
cpr1,k01,Scalar,9,cpr1-k01-s9,70,23.18,22.95,S0310,100,false,"`cpr1`, 15 runs, 100 ep | Full available curve retained; registered_horizon and in_registered_plateau5_window identify the primary endpoint. Epoch observations are not independent seeds.",accuracy percent; epoch is the raw zero-based epoch index
cpr1,k01,Scalar,9,cpr1-k01-s9,71,22.97,22.88,S0310,100,false,"`cpr1`, 15 runs, 100 ep | Full available curve retained; registered_horizon and in_registered_plateau5_window identify the primary endpoint. Epoch observations are not independent seeds.",accuracy percent; epoch is the raw zero-based epoch index
cpr1,k01,Scalar,9,cpr1-k01-s9,72,22.78,23.09,S0310,100,false,"`cpr1`, 15 runs, 100 ep | Full available curve retained; registered_horizon and in_registered_plateau5_window identify the primary endpoint. Epoch observations are not independent seeds.",accuracy percent; epoch is the raw zero-based epoch index
cpr1,k01,Scalar,9,cpr1-k01-s9,73,22.86,23.11,S0310,100,false,"`cpr1`, 15 runs, 100 ep | Full available curve retained; registered_horizon and in_registered_plateau5_window identify the primary endpoint. Epoch observations are not independent seeds.",accuracy percent; epoch is the raw zero-based epoch index
cpr1,k01,Scalar,9,cpr1-k01-s9,74,23.02,22.95,S0310,100,false,"`cpr1`, 15 runs, 100 ep | Full available curve retained; registered_horizon and in_registered_plateau5_window identify the primary endpoint. Epoch observations are not independent seeds.",accuracy percent; epoch is the raw zero-based epoch index
cpr1,k01,Scalar,9,cpr1-k01-s9,75,23.09,23,S0310,100,false,"`cpr1`, 15 runs, 100 ep | Full available curve retained; registered_horizon and in_registered_plateau5_window identify the primary endpoint. Epoch observations are not independent seeds.",accuracy percent; epoch is the raw zero-based epoch index
cpr1,k01,Scalar,9,cpr1-k01-s9,76,23.1,22.84,S0310,100,false,"`cpr1`, 15 runs, 100 ep | Full available curve retained; registered_horizon and in_registered_plateau5_window identify the primary endpoint. Epoch observations are not independent seeds.",accuracy percent; epoch is the raw zero-based epoch index
cpr1,k01,Scalar,9,cpr1-k01-s9,77,22.98,22.83,S0310,100,false,"`cpr1`, 15 runs, 100 ep | Full available curve retained; registered_horizon and in_registered_plateau5_window identify the primary endpoint. Epoch observations are not independent seeds.",accuracy percent; epoch is the raw zero-based epoch index
cpr1,k01,Scalar,9,cpr1-k01-s9,78,22.82,23.03,S0310,100,false,"`cpr1`, 15 runs, 100 ep | Full available curve retained; registered_horizon and in_registered_plateau5_window identify the primary endpoint. Epoch observations are not independent seeds.",accuracy percent; epoch is the raw zero-based epoch index
cpr1,k01,Scalar,9,cpr1-k01-s9,79,22.99,22.78,S0310,100,false,"`cpr1`, 15 runs, 100 ep | Full available curve retained; registered_horizon and in_registered_plateau5_window identify the primary endpoint. Epoch observations are not independent seeds.",accuracy percent; epoch is the raw zero-based epoch index
cpr1,k01,Scalar,9,cpr1-k01-s9,80,23.08,22.92,S0310,100,false,"`cpr1`, 15 runs, 100 ep | Full available curve retained; registered_horizon and in_registered_plateau5_window identify the primary endpoint. Epoch observations are not independent seeds.",accuracy percent; epoch is the raw zero-based epoch index
cpr1,k01,Scalar,9,cpr1-k01-s9,81,22.85,22.79,S0310,100,false,"`cpr1`, 15 runs, 100 ep | Full available curve retained; registered_horizon and in_registered_plateau5_window identify the primary endpoint. Epoch observations are not independent seeds.",accuracy percent; epoch is the raw zero-based epoch index
cpr1,k01,Scalar,9,cpr1-k01-s9,82,22.97,22.99,S0310,100,false,"`cpr1`, 15 runs, 100 ep | Full available curve retained; registered_horizon and in_registered_plateau5_window identify the primary endpoint. Epoch observations are not independent seeds.",accuracy percent; epoch is the raw zero-based epoch index
cpr1,k01,Scalar,9,cpr1-k01-s9,83,23.03,22.91,S0310,100,false,"`cpr1`, 15 runs, 100 ep | Full available curve retained; registered_horizon and in_registered_plateau5_window identify the primary endpoint. Epoch observations are not independent seeds.",accuracy percent; epoch is the raw zero-based epoch index
cpr1,k01,Scalar,9,cpr1-k01-s9,84,22.93,22.9,S0310,100,false,"`cpr1`, 15 runs, 100 ep | Full available curve retained; registered_horizon and in_registered_plateau5_window identify the primary endpoint. Epoch observations are not independent seeds.",accuracy percent; epoch is the raw zero-based epoch index
cpr1,k01,Scalar,9,cpr1-k01-s9,85,22.95,22.92,S0310,100,false,"`cpr1`, 15 runs, 100 ep | Full available curve retained; registered_horizon and in_registered_plateau5_window identify the primary endpoint. Epoch observations are not independent seeds.",accuracy percent; epoch is the raw zero-based epoch index
cpr1,k01,Scalar,9,cpr1-k01-s9,86,22.76,22.77,S0310,100,false,"`cpr1`, 15 runs, 100 ep | Full available curve retained; registered_horizon and in_registered_plateau5_window identify the primary endpoint. Epoch observations are not independent seeds.",accuracy percent; epoch is the raw zero-based epoch index
cpr1,k01,Scalar,9,cpr1-k01-s9,87,22.91,22.84,S0310,100,false,"`cpr1`, 15 runs, 100 ep | Full available curve retained; registered_horizon and in_registered_plateau5_window identify the primary endpoint. Epoch observations are not independent seeds.",accuracy percent; epoch is the raw zero-based epoch index
cpr1,k01,Scalar,9,cpr1-k01-s9,88,23.06,23.06,S0310,100,false,"`cpr1`, 15 runs, 100 ep | Full available curve retained; registered_horizon and in_registered_plateau5_window identify the primary endpoint. Epoch observations are not independent seeds.",accuracy percent; epoch is the raw zero-based epoch index
cpr1,k01,Scalar,9,cpr1-k01-s9,89,22.76,23,S0310,100,false,"`cpr1`, 15 runs, 100 ep | Full available curve retained; registered_horizon and in_registered_plateau5_window identify the primary endpoint. Epoch observations are not independent seeds.",accuracy percent; epoch is the raw zero-based epoch index
cpr1,k01,Scalar,9,cpr1-k01-s9,90,22.89,22.83,S0310,100,false,"`cpr1`, 15 runs, 100 ep | Full available curve retained; registered_horizon and in_registered_plateau5_window identify the primary endpoint. Epoch observations are not independent seeds.",accuracy percent; epoch is the raw zero-based epoch index
cpr1,k01,Scalar,9,cpr1-k01-s9,91,23.09,22.94,S0310,100,false,"`cpr1`, 15 runs, 100 ep | Full available curve retained; registered_horizon and in_registered_plateau5_window identify the primary endpoint. Epoch observations are not independent seeds.",accuracy percent; epoch is the raw zero-based epoch index
cpr1,k01,Scalar,9,cpr1-k01-s9,92,22.97,23.05,S0310,100,false,"`cpr1`, 15 runs, 100 ep | Full available curve retained; registered_horizon and in_registered_plateau5_window identify the primary endpoint. Epoch observations are not independent seeds.",accuracy percent; epoch is the raw zero-based epoch index
cpr1,k01,Scalar,9,cpr1-k01-s9,93,23.08,22.8,S0310,100,false,"`cpr1`, 15 runs, 100 ep | Full available curve retained; registered_horizon and in_registered_plateau5_window identify the primary endpoint. Epoch observations are not independent seeds.",accuracy percent; epoch is the raw zero-based epoch index
cpr1,k01,Scalar,9,cpr1-k01-s9,94,23.07,23.07,S0310,100,false,"`cpr1`, 15 runs, 100 ep | Full available curve retained; registered_horizon and in_registered_plateau5_window identify the primary endpoint. Epoch observations are not independent seeds.",accuracy percent; epoch is the raw zero-based epoch index
cpr1,k01,Scalar,9,cpr1-k01-s9,95,22.9,22.85,S0310,100,true,"`cpr1`, 15 runs, 100 ep | Full available curve retained; registered_horizon and in_registered_plateau5_window identify the primary endpoint. Epoch observations are not independent seeds.",accuracy percent; epoch is the raw zero-based epoch index
cpr1,k01,Scalar,9,cpr1-k01-s9,96,22.87,23.12,S0310,100,true,"`cpr1`, 15 runs, 100 ep | Full available curve retained; registered_horizon and in_registered_plateau5_window identify the primary endpoint. Epoch observations are not independent seeds.",accuracy percent; epoch is the raw zero-based epoch index
cpr1,k01,Scalar,9,cpr1-k01-s9,97,22.98,23.1,S0310,100,true,"`cpr1`, 15 runs, 100 ep | Full available curve retained; registered_horizon and in_registered_plateau5_window identify the primary endpoint. Epoch observations are not independent seeds.",accuracy percent; epoch is the raw zero-based epoch index
cpr1,k01,Scalar,9,cpr1-k01-s9,98,23.18,23.11,S0310,100,true,"`cpr1`, 15 runs, 100 ep | Full available curve retained; registered_horizon and in_registered_plateau5_window identify the primary endpoint. Epoch observations are not independent seeds.",accuracy percent; epoch is the raw zero-based epoch index
cpr1,k01,Scalar,9,cpr1-k01-s9,99,23.18,22.91,S0310,100,true,"`cpr1`, 15 runs, 100 ep | Full available curve retained; registered_horizon and in_registered_plateau5_window identify the primary endpoint. Epoch observations are not independent seeds.",accuracy percent; epoch is the raw zero-based epoch index
cpr1,k01,Scalar,10,cpr1-k01-s10,0,1.02,1.01,S0308,100,false,"`cpr1`, 15 runs, 100 ep | Full available curve retained; registered_horizon and in_registered_plateau5_window identify the primary endpoint. Epoch observations are not independent seeds.",accuracy percent; epoch is the raw zero-based epoch index
cpr1,k01,Scalar,10,cpr1-k01-s10,1,1.01,1,S0308,100,false,"`cpr1`, 15 runs, 100 ep | Full available curve retained; registered_horizon and in_registered_plateau5_window identify the primary endpoint. Epoch observations are not independent seeds.",accuracy percent; epoch is the raw zero-based epoch index
cpr1,k01,Scalar,10,cpr1-k01-s10,2,1.02,1.02,S0308,100,false,"`cpr1`, 15 runs, 100 ep | Full available curve retained; registered_horizon and in_registered_plateau5_window identify the primary endpoint. Epoch observations are not independent seeds.",accuracy percent; epoch is the raw zero-based epoch index
cpr1,k01,Scalar,10,cpr1-k01-s10,3,1.05,1,S0308,100,false,"`cpr1`, 15 runs, 100 ep | Full available curve retained; registered_horizon and in_registered_plateau5_window identify the primary endpoint. Epoch observations are not independent seeds.",accuracy percent; epoch is the raw zero-based epoch index
cpr1,k01,Scalar,10,cpr1-k01-s10,4,1.05,1.01,S0308,100,false,"`cpr1`, 15 runs, 100 ep | Full available curve retained; registered_horizon and in_registered_plateau5_window identify the primary endpoint. Epoch observations are not independent seeds.",accuracy percent; epoch is the raw zero-based epoch index
cpr1,k01,Scalar,10,cpr1-k01-s10,5,1.11,1.03,S0308,100,false,"`cpr1`, 15 runs, 100 ep | Full available curve retained; registered_horizon and in_registered_plateau5_window identify the primary endpoint. Epoch observations are not independent seeds.",accuracy percent; epoch is the raw zero-based epoch index
cpr1,k01,Scalar,10,cpr1-k01-s10,6,1.16,1.03,S0308,100,false,"`cpr1`, 15 runs, 100 ep | Full available curve retained; registered_horizon and in_registered_plateau5_window identify the primary endpoint. Epoch observations are not independent seeds.",accuracy percent; epoch is the raw zero-based epoch index
cpr1,k01,Scalar,10,cpr1-k01-s10,7,1.66,1.21,S0308,100,false,"`cpr1`, 15 runs, 100 ep | Full available curve retained; registered_horizon and in_registered_plateau5_window identify the primary endpoint. Epoch observations are not independent seeds.",accuracy percent; epoch is the raw zero-based epoch index
cpr1,k01,Scalar,10,cpr1-k01-s10,8,2.17,1.59,S0308,100,false,"`cpr1`, 15 runs, 100 ep | Full available curve retained; registered_horizon and in_registered_plateau5_window identify the primary endpoint. Epoch observations are not independent seeds.",accuracy percent; epoch is the raw zero-based epoch index
cpr1,k01,Scalar,10,cpr1-k01-s10,9,3.07,2.37,S0308,100,false,"`cpr1`, 15 runs, 100 ep | Full available curve retained; registered_horizon and in_registered_plateau5_window identify the primary endpoint. Epoch observations are not independent seeds.",accuracy percent; epoch is the raw zero-based epoch index
cpr1,k01,Scalar,10,cpr1-k01-s10,10,4.06,3.29,S0308,100,false,"`cpr1`, 15 runs, 100 ep | Full available curve retained; registered_horizon and in_registered_plateau5_window identify the primary endpoint. Epoch observations are not independent seeds.",accuracy percent; epoch is the raw zero-based epoch index
cpr1,k01,Scalar,10,cpr1-k01-s10,11,5.36,4.4,S0308,100,false,"`cpr1`, 15 runs, 100 ep | Full available curve retained; registered_horizon and in_registered_plateau5_window identify the primary endpoint. Epoch observations are not independent seeds.",accuracy percent; epoch is the raw zero-based epoch index
cpr1,k01,Scalar,10,cpr1-k01-s10,12,7.57,6.2,S0308,100,false,"`cpr1`, 15 runs, 100 ep | Full available curve retained; registered_horizon and in_registered_plateau5_window identify the primary endpoint. Epoch observations are not independent seeds.",accuracy percent; epoch is the raw zero-based epoch index
cpr1,k01,Scalar,10,cpr1-k01-s10,13,9.32,8.14,S0308,100,false,"`cpr1`, 15 runs, 100 ep | Full available curve retained; registered_horizon and in_registered_plateau5_window identify the primary endpoint. Epoch observations are not independent seeds.",accuracy percent; epoch is the raw zero-based epoch index
cpr1,k01,Scalar,10,cpr1-k01-s10,14,10.79,10.06,S0308,100,false,"`cpr1`, 15 runs, 100 ep | Full available curve retained; registered_horizon and in_registered_plateau5_window identify the primary endpoint. Epoch observations are not independent seeds.",accuracy percent; epoch is the raw zero-based epoch index
cpr1,k01,Scalar,10,cpr1-k01-s10,15,12.18,11.63,S0308,100,false,"`cpr1`, 15 runs, 100 ep | Full available curve retained; registered_horizon and in_registered_plateau5_window identify the primary endpoint. Epoch observations are not independent seeds.",accuracy percent; epoch is the raw zero-based epoch index
cpr1,k01,Scalar,10,cpr1-k01-s10,16,14.01,13.38,S0308,100,false,"`cpr1`, 15 runs, 100 ep | Full available curve retained; registered_horizon and in_registered_plateau5_window identify the primary endpoint. Epoch observations are not independent seeds.",accuracy percent; epoch is the raw zero-based epoch index
cpr1,k01,Scalar,10,cpr1-k01-s10,17,15.99,14.64,S0308,100,false,"`cpr1`, 15 runs, 100 ep | Full available curve retained; registered_horizon and in_registered_plateau5_window identify the primary endpoint. Epoch observations are not independent seeds.",accuracy percent; epoch is the raw zero-based epoch index
cpr1,k01,Scalar,10,cpr1-k01-s10,18,17.32,16.16,S0308,100,false,"`cpr1`, 15 runs, 100 ep | Full available curve retained; registered_horizon and in_registered_plateau5_window identify the primary endpoint. Epoch observations are not independent seeds.",accuracy percent; epoch is the raw zero-based epoch index
cpr1,k01,Scalar,10,cpr1-k01-s10,19,18.1,17.61,S0308,100,false,"`cpr1`, 15 runs, 100 ep | Full available curve retained; registered_horizon and in_registered_plateau5_window identify the primary endpoint. Epoch observations are not independent seeds.",accuracy percent; epoch is the raw zero-based epoch index
cpr1,k01,Scalar,10,cpr1-k01-s10,20,19.65,19.12,S0308,100,false,"`cpr1`, 15 runs, 100 ep | Full available curve retained; registered_horizon and in_registered_plateau5_window identify the primary endpoint. Epoch observations are not independent seeds.",accuracy percent; epoch is the raw zero-based epoch index
cpr1,k01,Scalar,10,cpr1-k01-s10,21,20.42,20.14,S0308,100,false,"`cpr1`, 15 runs, 100 ep | Full available curve retained; registered_horizon and in_registered_plateau5_window identify the primary endpoint. Epoch observations are not independent seeds.",accuracy percent; epoch is the raw zero-based epoch index
cpr1,k01,Scalar,10,cpr1-k01-s10,22,21.4,21.1,S0308,100,false,"`cpr1`, 15 runs, 100 ep | Full available curve retained; registered_horizon and in_registered_plateau5_window identify the primary endpoint. Epoch observations are not independent seeds.",accuracy percent; epoch is the raw zero-based epoch index
cpr1,k01,Scalar,10,cpr1-k01-s10,23,21.78,21.91,S0308,100,false,"`cpr1`, 15 runs, 100 ep | Full available curve retained; registered_horizon and in_registered_plateau5_window identify the primary endpoint. Epoch observations are not independent seeds.",accuracy percent; epoch is the raw zero-based epoch index
cpr1,k01,Scalar,10,cpr1-k01-s10,24,22.15,22.11,S0308,100,false,"`cpr1`, 15 runs, 100 ep | Full available curve retained; registered_horizon and in_registered_plateau5_window identify the primary endpoint. Epoch observations are not independent seeds.",accuracy percent; epoch is the raw zero-based epoch index
cpr1,k01,Scalar,10,cpr1-k01-s10,25,22.51,22.29,S0308,100,false,"`cpr1`, 15 runs, 100 ep | Full available curve retained; registered_horizon and in_registered_plateau5_window identify the primary endpoint. Epoch observations are not independent seeds.",accuracy percent; epoch is the raw zero-based epoch index
cpr1,k01,Scalar,10,cpr1-k01-s10,26,22.4,22.55,S0308,100,false,"`cpr1`, 15 runs, 100 ep | Full available curve retained; registered_horizon and in_registered_plateau5_window identify the primary endpoint. Epoch observations are not independent seeds.",accuracy percent; epoch is the raw zero-based epoch index
cpr1,k01,Scalar,10,cpr1-k01-s10,27,22.49,22.72,S0308,100,false,"`cpr1`, 15 runs, 100 ep | Full available curve retained; registered_horizon and in_registered_plateau5_window identify the primary endpoint. Epoch observations are not independent seeds.",accuracy percent; epoch is the raw zero-based epoch index
cpr1,k01,Scalar,10,cpr1-k01-s10,28,22.75,22.59,S0308,100,false,"`cpr1`, 15 runs, 100 ep | Full available curve retained; registered_horizon and in_registered_plateau5_window identify the primary endpoint. Epoch observations are not independent seeds.",accuracy percent; epoch is the raw zero-based epoch index
cpr1,k01,Scalar,10,cpr1-k01-s10,29,22.63,22.71,S0308,100,false,"`cpr1`, 15 runs, 100 ep | Full available curve retained; registered_horizon and in_registered_plateau5_window identify the primary endpoint. Epoch observations are not independent seeds.",accuracy percent; epoch is the raw zero-based epoch index
cpr1,k01,Scalar,10,cpr1-k01-s10,30,22.66,22.72,S0308,100,false,"`cpr1`, 15 runs, 100 ep | Full available curve retained; registered_horizon and in_registered_plateau5_window identify the primary endpoint. Epoch observations are not independent seeds.",accuracy percent; epoch is the raw zero-based epoch index
cpr1,k01,Scalar,10,cpr1-k01-s10,31,22.57,22.71,S0308,100,false,"`cpr1`, 15 runs, 100 ep | Full available curve retained; registered_horizon and in_registered_plateau5_window identify the primary endpoint. Epoch observations are not independent seeds.",accuracy percent; epoch is the raw zero-based epoch index
cpr1,k01,Scalar,10,cpr1-k01-s10,32,22.78,22.69,S0308,100,false,"`cpr1`, 15 runs, 100 ep | Full available curve retained; registered_horizon and in_registered_plateau5_window identify the primary endpoint. Epoch observations are not independent seeds.",accuracy percent; epoch is the raw zero-based epoch index
cpr1,k01,Scalar,10,cpr1-k01-s10,33,22.88,22.83,S0308,100,false,"`cpr1`, 15 runs, 100 ep | Full available curve retained; registered_horizon and in_registered_plateau5_window identify the primary endpoint. Epoch observations are not independent seeds.",accuracy percent; epoch is the raw zero-based epoch index
cpr1,k01,Scalar,10,cpr1-k01-s10,34,22.79,22.84,S0308,100,false,"`cpr1`, 15 runs, 100 ep | Full available curve retained; registered_horizon and in_registered_plateau5_window identify the primary endpoint. Epoch observations are not independent seeds.",accuracy percent; epoch is the raw zero-based epoch index
cpr1,k01,Scalar,10,cpr1-k01-s10,35,22.71,22.89,S0308,100,false,"`cpr1`, 15 runs, 100 ep | Full available curve retained; registered_horizon and in_registered_plateau5_window identify the primary endpoint. Epoch observations are not independent seeds.",accuracy percent; epoch is the raw zero-based epoch index
cpr1,k01,Scalar,10,cpr1-k01-s10,36,22.87,22.71,S0308,100,false,"`cpr1`, 15 runs, 100 ep | Full available curve retained; registered_horizon and in_registered_plateau5_window identify the primary endpoint. Epoch observations are not independent seeds.",accuracy percent; epoch is the raw zero-based epoch index
cpr1,k01,Scalar,10,cpr1-k01-s10,37,22.91,22.78,S0308,100,false,"`cpr1`, 15 runs, 100 ep | Full available curve retained; registered_horizon and in_registered_plateau5_window identify the primary endpoint. Epoch observations are not independent seeds.",accuracy percent; epoch is the raw zero-based epoch index
cpr1,k01,Scalar,10,cpr1-k01-s10,38,22.68,22.73,S0308,100,false,"`cpr1`, 15 runs, 100 ep | Full available curve retained; registered_horizon and in_registered_plateau5_window identify the primary endpoint. Epoch observations are not independent seeds.",accuracy percent; epoch is the raw zero-based epoch index
cpr1,k01,Scalar,10,cpr1-k01-s10,39,22.81,22.63,S0308,100,false,"`cpr1`, 15 runs, 100 ep | Full available curve retained; registered_horizon and in_registered_plateau5_window identify the primary endpoint. Epoch observations are not independent seeds.",accuracy percent; epoch is the raw zero-based epoch index
cpr1,k01,Scalar,10,cpr1-k01-s10,40,22.65,22.87,S0308,100,false,"`cpr1`, 15 runs, 100 ep | Full available curve retained; registered_horizon and in_registered_plateau5_window identify the primary endpoint. Epoch observations are not independent seeds.",accuracy percent; epoch is the raw zero-based epoch index
cpr1,k01,Scalar,10,cpr1-k01-s10,41,22.75,22.89,S0308,100,false,"`cpr1`, 15 runs, 100 ep | Full available curve retained; registered_horizon and in_registered_plateau5_window identify the primary endpoint. Epoch observations are not independent seeds.",accuracy percent; epoch is the raw zero-based epoch index
cpr1,k01,Scalar,10,cpr1-k01-s10,42,22.65,22.85,S0308,100,false,"`cpr1`, 15 runs, 100 ep | Full available curve retained; registered_horizon and in_registered_plateau5_window identify the primary endpoint. Epoch observations are not independent seeds.",accuracy percent; epoch is the raw zero-based epoch index
cpr1,k01,Scalar,10,cpr1-k01-s10,43,22.88,22.75,S0308,100,false,"`cpr1`, 15 runs, 100 ep | Full available curve retained; registered_horizon and in_registered_plateau5_window identify the primary endpoint. Epoch observations are not independent seeds.",accuracy percent; epoch is the raw zero-based epoch index
cpr1,k01,Scalar,10,cpr1-k01-s10,44,22.71,22.85,S0308,100,false,"`cpr1`, 15 runs, 100 ep | Full available curve retained; registered_horizon and in_registered_plateau5_window identify the primary endpoint. Epoch observations are not independent seeds.",accuracy percent; epoch is the raw zero-based epoch index
cpr1,k01,Scalar,10,cpr1-k01-s10,45,22.81,22.78,S0308,100,false,"`cpr1`, 15 runs, 100 ep | Full available curve retained; registered_horizon and in_registered_plateau5_window identify the primary endpoint. Epoch observations are not independent seeds.",accuracy percent; epoch is the raw zero-based epoch index
cpr1,k01,Scalar,10,cpr1-k01-s10,46,22.79,22.84,S0308,100,false,"`cpr1`, 15 runs, 100 ep | Full available curve retained; registered_horizon and in_registered_plateau5_window identify the primary endpoint. Epoch observations are not independent seeds.",accuracy percent; epoch is the raw zero-based epoch index
cpr1,k01,Scalar,10,cpr1-k01-s10,47,22.79,22.81,S0308,100,false,"`cpr1`, 15 runs, 100 ep | Full available curve retained; registered_horizon and in_registered_plateau5_window identify the primary endpoint. Epoch observations are not independent seeds.",accuracy percent; epoch is the raw zero-based epoch index
cpr1,k01,Scalar,10,cpr1-k01-s10,48,22.9,22.68,S0308,100,false,"`cpr1`, 15 runs, 100 ep | Full available curve retained; registered_horizon and in_registered_plateau5_window identify the primary endpoint. Epoch observations are not independent seeds.",accuracy percent; epoch is the raw zero-based epoch index
cpr1,k01,Scalar,10,cpr1-k01-s10,49,22.64,22.82,S0308,100,false,"`cpr1`, 15 runs, 100 ep | Full available curve retained; registered_horizon and in_registered_plateau5_window identify the primary endpoint. Epoch observations are not independent seeds.",accuracy percent; epoch is the raw zero-based epoch index
cpr1,k01,Scalar,10,cpr1-k01-s10,50,22.83,22.74,S0308,100,false,"`cpr1`, 15 runs, 100 ep | Full available curve retained; registered_horizon and in_registered_plateau5_window identify the primary endpoint. Epoch observations are not independent seeds.",accuracy percent; epoch is the raw zero-based epoch index
cpr1,k01,Scalar,10,cpr1-k01-s10,51,22.52,22.91,S0308,100,false,"`cpr1`, 15 runs, 100 ep | Full available curve retained; registered_horizon and in_registered_plateau5_window identify the primary endpoint. Epoch observations are not independent seeds.",accuracy percent; epoch is the raw zero-based epoch index
cpr1,k01,Scalar,10,cpr1-k01-s10,52,22.74,22.78,S0308,100,false,"`cpr1`, 15 runs, 100 ep | Full available curve retained; registered_horizon and in_registered_plateau5_window identify the primary endpoint. Epoch observations are not independent seeds.",accuracy percent; epoch is the raw zero-based epoch index
cpr1,k01,Scalar,10,cpr1-k01-s10,53,22.76,22.74,S0308,100,false,"`cpr1`, 15 runs, 100 ep | Full available curve retained; registered_horizon and in_registered_plateau5_window identify the primary endpoint. Epoch observations are not independent seeds.",accuracy percent; epoch is the raw zero-based epoch index
cpr1,k01,Scalar,10,cpr1-k01-s10,54,22.9,22.74,S0308,100,false,"`cpr1`, 15 runs, 100 ep | Full available curve retained; registered_horizon and in_registered_plateau5_window identify the primary endpoint. Epoch observations are not independent seeds.",accuracy percent; epoch is the raw zero-based epoch index
cpr1,k01,Scalar,10,cpr1-k01-s10,55,22.76,22.63,S0308,100,false,"`cpr1`, 15 runs, 100 ep | Full available curve retained; registered_horizon and in_registered_plateau5_window identify the primary endpoint. Epoch observations are not independent seeds.",accuracy percent; epoch is the raw zero-based epoch index
cpr1,k01,Scalar,10,cpr1-k01-s10,56,22.69,22.79,S0308,100,false,"`cpr1`, 15 runs, 100 ep | Full available curve retained; registered_horizon and in_registered_plateau5_window identify the primary endpoint. Epoch observations are not independent seeds.",accuracy percent; epoch is the raw zero-based epoch index
cpr1,k01,Scalar,10,cpr1-k01-s10,57,22.85,22.67,S0308,100,false,"`cpr1`, 15 runs, 100 ep | Full available curve retained; registered_horizon and in_registered_plateau5_window identify the primary endpoint. Epoch observations are not independent seeds.",accuracy percent; epoch is the raw zero-based epoch index
cpr1,k01,Scalar,10,cpr1-k01-s10,58,22.66,22.74,S0308,100,false,"`cpr1`, 15 runs, 100 ep | Full available curve retained; registered_horizon and in_registered_plateau5_window identify the primary endpoint. Epoch observations are not independent seeds.",accuracy percent; epoch is the raw zero-based epoch index
cpr1,k01,Scalar,10,cpr1-k01-s10,59,22.81,22.77,S0308,100,false,"`cpr1`, 15 runs, 100 ep | Full available curve retained; registered_horizon and in_registered_plateau5_window identify the primary endpoint. Epoch observations are not independent seeds.",accuracy percent; epoch is the raw zero-based epoch index
cpr1,k01,Scalar,10,cpr1-k01-s10,60,22.85,22.69,S0308,100,false,"`cpr1`, 15 runs, 100 ep | Full available curve retained; registered_horizon and in_registered_plateau5_window identify the primary endpoint. Epoch observations are not independent seeds.",accuracy percent; epoch is the raw zero-based epoch index
cpr1,k01,Scalar,10,cpr1-k01-s10,61,22.81,22.84,S0308,100,false,"`cpr1`, 15 runs, 100 ep | Full available curve retained; registered_horizon and in_registered_plateau5_window identify the primary endpoint. Epoch observations are not independent seeds.",accuracy percent; epoch is the raw zero-based epoch index
cpr1,k01,Scalar,10,cpr1-k01-s10,62,22.91,22.95,S0308,100,false,"`cpr1`, 15 runs, 100 ep | Full available curve retained; registered_horizon and in_registered_plateau5_window identify the primary endpoint. Epoch observations are not independent seeds.",accuracy percent; epoch is the raw zero-based epoch index
cpr1,k01,Scalar,10,cpr1-k01-s10,63,22.75,22.76,S0308,100,false,"`cpr1`, 15 runs, 100 ep | Full available curve retained; registered_horizon and in_registered_plateau5_window identify the primary endpoint. Epoch observations are not independent seeds.",accuracy percent; epoch is the raw zero-based epoch index
cpr1,k01,Scalar,10,cpr1-k01-s10,64,22.8,22.84,S0308,100,false,"`cpr1`, 15 runs, 100 ep | Full available curve retained; registered_horizon and in_registered_plateau5_window identify the primary endpoint. Epoch observations are not independent seeds.",accuracy percent; epoch is the raw zero-based epoch index
cpr1,k01,Scalar,10,cpr1-k01-s10,65,22.64,22.76,S0308,100,false,"`cpr1`, 15 runs, 100 ep | Full available curve retained; registered_horizon and in_registered_plateau5_window identify the primary endpoint. Epoch observations are not independent seeds.",accuracy percent; epoch is the raw zero-based epoch index
cpr1,k01,Scalar,10,cpr1-k01-s10,66,22.69,22.78,S0308,100,false,"`cpr1`, 15 runs, 100 ep | Full available curve retained; registered_horizon and in_registered_plateau5_window identify the primary endpoint. Epoch observations are not independent seeds.",accuracy percent; epoch is the raw zero-based epoch index
cpr1,k01,Scalar,10,cpr1-k01-s10,67,22.72,22.89,S0308,100,false,"`cpr1`, 15 runs, 100 ep | Full available curve retained; registered_horizon and in_registered_plateau5_window identify the primary endpoint. Epoch observations are not independent seeds.",accuracy percent; epoch is the raw zero-based epoch index
cpr1,k01,Scalar,10,cpr1-k01-s10,68,22.68,22.84,S0308,100,false,"`cpr1`, 15 runs, 100 ep | Full available curve retained; registered_horizon and in_registered_plateau5_window identify the primary endpoint. Epoch observations are not independent seeds.",accuracy percent; epoch is the raw zero-based epoch index
cpr1,k01,Scalar,10,cpr1-k01-s10,69,22.88,22.74,S0308,100,false,"`cpr1`, 15 runs, 100 ep | Full available curve retained; registered_horizon and in_registered_plateau5_window identify the primary endpoint. Epoch observations are not independent seeds.",accuracy percent; epoch is the raw zero-based epoch index
cpr1,k01,Scalar,10,cpr1-k01-s10,70,22.84,22.96,S0308,100,false,"`cpr1`, 15 runs, 100 ep | Full available curve retained; registered_horizon and in_registered_plateau5_window identify the primary endpoint. Epoch observations are not independent seeds.",accuracy percent; epoch is the raw zero-based epoch index
cpr1,k01,Scalar,10,cpr1-k01-s10,71,22.8,22.82,S0308,100,false,"`cpr1`, 15 runs, 100 ep | Full available curve retained; registered_horizon and in_registered_plateau5_window identify the primary endpoint. Epoch observations are not independent seeds.",accuracy percent; epoch is the raw zero-based epoch index
cpr1,k01,Scalar,10,cpr1-k01-s10,72,22.69,22.83,S0308,100,false,"`cpr1`, 15 runs, 100 ep | Full available curve retained; registered_horizon and in_registered_plateau5_window identify the primary endpoint. Epoch observations are not independent seeds.",accuracy percent; epoch is the raw zero-based epoch index
cpr1,k01,Scalar,10,cpr1-k01-s10,73,22.78,22.72,S0308,100,false,"`cpr1`, 15 runs, 100 ep | Full available curve retained; registered_horizon and in_registered_plateau5_window identify the primary endpoint. Epoch observations are not independent seeds.",accuracy percent; epoch is the raw zero-based epoch index
cpr1,k01,Scalar,10,cpr1-k01-s10,74,22.85,22.86,S0308,100,false,"`cpr1`, 15 runs, 100 ep | Full available curve retained; registered_horizon and in_registered_plateau5_window identify the primary endpoint. Epoch observations are not independent seeds.",accuracy percent; epoch is the raw zero-based epoch index
cpr1,k01,Scalar,10,cpr1-k01-s10,75,22.67,22.96,S0308,100,false,"`cpr1`, 15 runs, 100 ep | Full available curve retained; registered_horizon and in_registered_plateau5_window identify the primary endpoint. Epoch observations are not independent seeds.",accuracy percent; epoch is the raw zero-based epoch index
cpr1,k01,Scalar,10,cpr1-k01-s10,76,22.61,22.93,S0308,100,false,"`cpr1`, 15 runs, 100 ep | Full available curve retained; registered_horizon and in_registered_plateau5_window identify the primary endpoint. Epoch observations are not independent seeds.",accuracy percent; epoch is the raw zero-based epoch index
cpr1,k01,Scalar,10,cpr1-k01-s10,77,22.89,22.86,S0308,100,false,"`cpr1`, 15 runs, 100 ep | Full available curve retained; registered_horizon and in_registered_plateau5_window identify the primary endpoint. Epoch observations are not independent seeds.",accuracy percent; epoch is the raw zero-based epoch index
cpr1,k01,Scalar,10,cpr1-k01-s10,78,22.61,22.9,S0308,100,false,"`cpr1`, 15 runs, 100 ep | Full available curve retained; registered_horizon and in_registered_plateau5_window identify the primary endpoint. Epoch observations are not independent seeds.",accuracy percent; epoch is the raw zero-based epoch index
cpr1,k01,Scalar,10,cpr1-k01-s10,79,22.79,22.67,S0308,100,false,"`cpr1`, 15 runs, 100 ep | Full available curve retained; registered_horizon and in_registered_plateau5_window identify the primary endpoint. Epoch observations are not independent seeds.",accuracy percent; epoch is the raw zero-based epoch index
cpr1,k01,Scalar,10,cpr1-k01-s10,80,22.81,22.71,S0308,100,false,"`cpr1`, 15 runs, 100 ep | Full available curve retained; registered_horizon and in_registered_plateau5_window identify the primary endpoint. Epoch observations are not independent seeds.",accuracy percent; epoch is the raw zero-based epoch index
cpr1,k01,Scalar,10,cpr1-k01-s10,81,22.77,22.87,S0308,100,false,"`cpr1`, 15 runs, 100 ep | Full available curve retained; registered_horizon and in_registered_plateau5_window identify the primary endpoint. Epoch observations are not independent seeds.",accuracy percent; epoch is the raw zero-based epoch index
cpr1,k01,Scalar,10,cpr1-k01-s10,82,22.84,22.85,S0308,100,false,"`cpr1`, 15 runs, 100 ep | Full available curve retained; registered_horizon and in_registered_plateau5_window identify the primary endpoint. Epoch observations are not independent seeds.",accuracy percent; epoch is the raw zero-based epoch index
cpr1,k01,Scalar,10,cpr1-k01-s10,83,22.8,22.84,S0308,100,false,"`cpr1`, 15 runs, 100 ep | Full available curve retained; registered_horizon and in_registered_plateau5_window identify the primary endpoint. Epoch observations are not independent seeds.",accuracy percent; epoch is the raw zero-based epoch index
cpr1,k01,Scalar,10,cpr1-k01-s10,84,22.83,22.74,S0308,100,false,"`cpr1`, 15 runs, 100 ep | Full available curve retained; registered_horizon and in_registered_plateau5_window identify the primary endpoint. Epoch observations are not independent seeds.",accuracy percent; epoch is the raw zero-based epoch index
cpr1,k01,Scalar,10,cpr1-k01-s10,85,22.79,22.9,S0308,100,false,"`cpr1`, 15 runs, 100 ep | Full available curve retained; registered_horizon and in_registered_plateau5_window identify the primary endpoint. Epoch observations are not independent seeds.",accuracy percent; epoch is the raw zero-based epoch index
cpr1,k01,Scalar,10,cpr1-k01-s10,86,22.83,22.73,S0308,100,false,"`cpr1`, 15 runs, 100 ep | Full available curve retained; registered_horizon and in_registered_plateau5_window identify the primary endpoint. Epoch observations are not independent seeds.",accuracy percent; epoch is the raw zero-based epoch index
cpr1,k01,Scalar,10,cpr1-k01-s10,87,22.8,22.86,S0308,100,false,"`cpr1`, 15 runs, 100 ep | Full available curve retained; registered_horizon and in_registered_plateau5_window identify the primary endpoint. Epoch observations are not independent seeds.",accuracy percent; epoch is the raw zero-based epoch index
cpr1,k01,Scalar,10,cpr1-k01-s10,88,22.85,22.91,S0308,100,false,"`cpr1`, 15 runs, 100 ep | Full available curve retained; registered_horizon and in_registered_plateau5_window identify the primary endpoint. Epoch observations are not independent seeds.",accuracy percent; epoch is the raw zero-based epoch index
cpr1,k01,Scalar,10,cpr1-k01-s10,89,22.63,22.88,S0308,100,false,"`cpr1`, 15 runs, 100 ep | Full available curve retained; registered_horizon and in_registered_plateau5_window identify the primary endpoint. Epoch observations are not independent seeds.",accuracy percent; epoch is the raw zero-based epoch index
cpr1,k01,Scalar,10,cpr1-k01-s10,90,22.78,22.92,S0308,100,false,"`cpr1`, 15 runs, 100 ep | Full available curve retained; registered_horizon and in_registered_plateau5_window identify the primary endpoint. Epoch observations are not independent seeds.",accuracy percent; epoch is the raw zero-based epoch index
cpr1,k01,Scalar,10,cpr1-k01-s10,91,22.87,22.87,S0308,100,false,"`cpr1`, 15 runs, 100 ep | Full available curve retained; registered_horizon and in_registered_plateau5_window identify the primary endpoint. Epoch observations are not independent seeds.",accuracy percent; epoch is the raw zero-based epoch index
cpr1,k01,Scalar,10,cpr1-k01-s10,92,22.88,22.84,S0308,100,false,"`cpr1`, 15 runs, 100 ep | Full available curve retained; registered_horizon and in_registered_plateau5_window identify the primary endpoint. Epoch observations are not independent seeds.",accuracy percent; epoch is the raw zero-based epoch index
cpr1,k01,Scalar,10,cpr1-k01-s10,93,22.79,22.79,S0308,100,false,"`cpr1`, 15 runs, 100 ep | Full available curve retained; registered_horizon and in_registered_plateau5_window identify the primary endpoint. Epoch observations are not independent seeds.",accuracy percent; epoch is the raw zero-based epoch index
cpr1,k01,Scalar,10,cpr1-k01-s10,94,22.87,22.81,S0308,100,false,"`cpr1`, 15 runs, 100 ep | Full available curve retained; registered_horizon and in_registered_plateau5_window identify the primary endpoint. Epoch observations are not independent seeds.",accuracy percent; epoch is the raw zero-based epoch index
cpr1,k01,Scalar,10,cpr1-k01-s10,95,22.94,22.71,S0308,100,true,"`cpr1`, 15 runs, 100 ep | Full available curve retained; registered_horizon and in_registered_plateau5_window identify the primary endpoint. Epoch observations are not independent seeds.",accuracy percent; epoch is the raw zero-based epoch index
cpr1,k01,Scalar,10,cpr1-k01-s10,96,22.67,22.96,S0308,100,true,"`cpr1`, 15 runs, 100 ep | Full available curve retained; registered_horizon and in_registered_plateau5_window identify the primary endpoint. Epoch observations are not independent seeds.",accuracy percent; epoch is the raw zero-based epoch index
cpr1,k01,Scalar,10,cpr1-k01-s10,97,22.81,23.01,S0308,100,true,"`cpr1`, 15 runs, 100 ep | Full available curve retained; registered_horizon and in_registered_plateau5_window identify the primary endpoint. Epoch observations are not independent seeds.",accuracy percent; epoch is the raw zero-based epoch index
cpr1,k01,Scalar,10,cpr1-k01-s10,98,22.87,22.96,S0308,100,true,"`cpr1`, 15 runs, 100 ep | Full available curve retained; registered_horizon and in_registered_plateau5_window identify the primary endpoint. Epoch observations are not independent seeds.",accuracy percent; epoch is the raw zero-based epoch index
cpr1,k01,Scalar,10,cpr1-k01-s10,99,22.65,22.83,S0308,100,true,"`cpr1`, 15 runs, 100 ep | Full available curve retained; registered_horizon and in_registered_plateau5_window identify the primary endpoint. Epoch observations are not independent seeds.",accuracy percent; epoch is the raw zero-based epoch index
cpr1,k01,Scalar,11,cpr1-k01-s11,0,0.95,0.95,S0309,100,false,"`cpr1`, 15 runs, 100 ep | Full available curve retained; registered_horizon and in_registered_plateau5_window identify the primary endpoint. Epoch observations are not independent seeds.",accuracy percent; epoch is the raw zero-based epoch index
cpr1,k01,Scalar,11,cpr1-k01-s11,1,1.03,0.96,S0309,100,false,"`cpr1`, 15 runs, 100 ep | Full available curve retained; registered_horizon and in_registered_plateau5_window identify the primary endpoint. Epoch observations are not independent seeds.",accuracy percent; epoch is the raw zero-based epoch index
cpr1,k01,Scalar,11,cpr1-k01-s11,2,1,0.96,S0309,100,false,"`cpr1`, 15 runs, 100 ep | Full available curve retained; registered_horizon and in_registered_plateau5_window identify the primary endpoint. Epoch observations are not independent seeds.",accuracy percent; epoch is the raw zero-based epoch index
cpr1,k01,Scalar,11,cpr1-k01-s11,3,1.05,0.97,S0309,100,false,"`cpr1`, 15 runs, 100 ep | Full available curve retained; registered_horizon and in_registered_plateau5_window identify the primary endpoint. Epoch observations are not independent seeds.",accuracy percent; epoch is the raw zero-based epoch index
cpr1,k01,Scalar,11,cpr1-k01-s11,4,0.95,0.93,S0309,100,false,"`cpr1`, 15 runs, 100 ep | Full available curve retained; registered_horizon and in_registered_plateau5_window identify the primary endpoint. Epoch observations are not independent seeds.",accuracy percent; epoch is the raw zero-based epoch index
cpr1,k01,Scalar,11,cpr1-k01-s11,5,1.02,0.98,S0309,100,false,"`cpr1`, 15 runs, 100 ep | Full available curve retained; registered_horizon and in_registered_plateau5_window identify the primary endpoint. Epoch observations are not independent seeds.",accuracy percent; epoch is the raw zero-based epoch index
cpr1,k01,Scalar,11,cpr1-k01-s11,6,1.24,1.06,S0309,100,false,"`cpr1`, 15 runs, 100 ep | Full available curve retained; registered_horizon and in_registered_plateau5_window identify the primary endpoint. Epoch observations are not independent seeds.",accuracy percent; epoch is the raw zero-based epoch index
cpr1,k01,Scalar,11,cpr1-k01-s11,7,1.56,1.29,S0309,100,false,"`cpr1`, 15 runs, 100 ep | Full available curve retained; registered_horizon and in_registered_plateau5_window identify the primary endpoint. Epoch observations are not independent seeds.",accuracy percent; epoch is the raw zero-based epoch index
cpr1,k01,Scalar,11,cpr1-k01-s11,8,1.89,1.54,S0309,100,false,"`cpr1`, 15 runs, 100 ep | Full available curve retained; registered_horizon and in_registered_plateau5_window identify the primary endpoint. Epoch observations are not independent seeds.",accuracy percent; epoch is the raw zero-based epoch index
cpr1,k01,Scalar,11,cpr1-k01-s11,9,2.47,2,S0309,100,false,"`cpr1`, 15 runs, 100 ep | Full available curve retained; registered_horizon and in_registered_plateau5_window identify the primary endpoint. Epoch observations are not independent seeds.",accuracy percent; epoch is the raw zero-based epoch index
cpr1,k01,Scalar,11,cpr1-k01-s11,10,3.04,2.6,S0309,100,false,"`cpr1`, 15 runs, 100 ep | Full available curve retained; registered_horizon and in_registered_plateau5_window identify the primary endpoint. Epoch observations are not independent seeds.",accuracy percent; epoch is the raw zero-based epoch index
cpr1,k01,Scalar,11,cpr1-k01-s11,11,4.02,3.33,S0309,100,false,"`cpr1`, 15 runs, 100 ep | Full available curve retained; registered_horizon and in_registered_plateau5_window identify the primary endpoint. Epoch observations are not independent seeds.",accuracy percent; epoch is the raw zero-based epoch index
cpr1,k01,Scalar,11,cpr1-k01-s11,12,6.28,5.05,S0309,100,false,"`cpr1`, 15 runs, 100 ep | Full available curve retained; registered_horizon and in_registered_plateau5_window identify the primary endpoint. Epoch observations are not independent seeds.",accuracy percent; epoch is the raw zero-based epoch index
cpr1,k01,Scalar,11,cpr1-k01-s11,13,8.44,7.04,S0309,100,false,"`cpr1`, 15 runs, 100 ep | Full available curve retained; registered_horizon and in_registered_plateau5_window identify the primary endpoint. Epoch observations are not independent seeds.",accuracy percent; epoch is the raw zero-based epoch index
cpr1,k01,Scalar,11,cpr1-k01-s11,14,10.51,9.32,S0309,100,false,"`cpr1`, 15 runs, 100 ep | Full available curve retained; registered_horizon and in_registered_plateau5_window identify the primary endpoint. Epoch observations are not independent seeds.",accuracy percent; epoch is the raw zero-based epoch index
cpr1,k01,Scalar,11,cpr1-k01-s11,15,12.2,11.48,S0309,100,false,"`cpr1`, 15 runs, 100 ep | Full available curve retained; registered_horizon and in_registered_plateau5_window identify the primary endpoint. Epoch observations are not independent seeds.",accuracy percent; epoch is the raw zero-based epoch index
cpr1,k01,Scalar,11,cpr1-k01-s11,16,14.5,13.19,S0309,100,false,"`cpr1`, 15 runs, 100 ep | Full available curve retained; registered_horizon and in_registered_plateau5_window identify the primary endpoint. Epoch observations are not independent seeds.",accuracy percent; epoch is the raw zero-based epoch index
cpr1,k01,Scalar,11,cpr1-k01-s11,17,16.28,14.69,S0309,100,false,"`cpr1`, 15 runs, 100 ep | Full available curve retained; registered_horizon and in_registered_plateau5_window identify the primary endpoint. Epoch observations are not independent seeds.",accuracy percent; epoch is the raw zero-based epoch index
cpr1,k01,Scalar,11,cpr1-k01-s11,18,17.55,16.81,S0309,100,false,"`cpr1`, 15 runs, 100 ep | Full available curve retained; registered_horizon and in_registered_plateau5_window identify the primary endpoint. Epoch observations are not independent seeds.",accuracy percent; epoch is the raw zero-based epoch index
cpr1,k01,Scalar,11,cpr1-k01-s11,19,19.67,18.19,S0309,100,false,"`cpr1`, 15 runs, 100 ep | Full available curve retained; registered_horizon and in_registered_plateau5_window identify the primary endpoint. Epoch observations are not independent seeds.",accuracy percent; epoch is the raw zero-based epoch index
cpr1,k01,Scalar,11,cpr1-k01-s11,20,20.57,19.62,S0309,100,false,"`cpr1`, 15 runs, 100 ep | Full available curve retained; registered_horizon and in_registered_plateau5_window identify the primary endpoint. Epoch observations are not independent seeds.",accuracy percent; epoch is the raw zero-based epoch index
cpr1,k01,Scalar,11,cpr1-k01-s11,21,21.75,20.81,S0309,100,false,"`cpr1`, 15 runs, 100 ep | Full available curve retained; registered_horizon and in_registered_plateau5_window identify the primary endpoint. Epoch observations are not independent seeds.",accuracy percent; epoch is the raw zero-based epoch index
cpr1,k01,Scalar,11,cpr1-k01-s11,22,22.21,21.48,S0309,100,false,"`cpr1`, 15 runs, 100 ep | Full available curve retained; registered_horizon and in_registered_plateau5_window identify the primary endpoint. Epoch observations are not independent seeds.",accuracy percent; epoch is the raw zero-based epoch index
cpr1,k01,Scalar,11,cpr1-k01-s11,23,22.39,22.03,S0309,100,false,"`cpr1`, 15 runs, 100 ep | Full available curve retained; registered_horizon and in_registered_plateau5_window identify the primary endpoint. Epoch observations are not independent seeds.",accuracy percent; epoch is the raw zero-based epoch index
cpr1,k01,Scalar,11,cpr1-k01-s11,24,22.44,22.28,S0309,100,false,"`cpr1`, 15 runs, 100 ep | Full available curve retained; registered_horizon and in_registered_plateau5_window identify the primary endpoint. Epoch observations are not independent seeds.",accuracy percent; epoch is the raw zero-based epoch index
cpr1,k01,Scalar,11,cpr1-k01-s11,25,22.61,22.52,S0309,100,false,"`cpr1`, 15 runs, 100 ep | Full available curve retained; registered_horizon and in_registered_plateau5_window identify the primary endpoint. Epoch observations are not independent seeds.",accuracy percent; epoch is the raw zero-based epoch index
cpr1,k01,Scalar,11,cpr1-k01-s11,26,22.83,22.56,S0309,100,false,"`cpr1`, 15 runs, 100 ep | Full available curve retained; registered_horizon and in_registered_plateau5_window identify the primary endpoint. Epoch observations are not independent seeds.",accuracy percent; epoch is the raw zero-based epoch index
cpr1,k01,Scalar,11,cpr1-k01-s11,27,22.84,22.63,S0309,100,false,"`cpr1`, 15 runs, 100 ep | Full available curve retained; registered_horizon and in_registered_plateau5_window identify the primary endpoint. Epoch observations are not independent seeds.",accuracy percent; epoch is the raw zero-based epoch index
cpr1,k01,Scalar,11,cpr1-k01-s11,28,22.92,22.82,S0309,100,false,"`cpr1`, 15 runs, 100 ep | Full available curve retained; registered_horizon and in_registered_plateau5_window identify the primary endpoint. Epoch observations are not independent seeds.",accuracy percent; epoch is the raw zero-based epoch index
cpr1,k01,Scalar,11,cpr1-k01-s11,29,23,22.84,S0309,100,false,"`cpr1`, 15 runs, 100 ep | Full available curve retained; registered_horizon and in_registered_plateau5_window identify the primary endpoint. Epoch observations are not independent seeds.",accuracy percent; epoch is the raw zero-based epoch index
cpr1,k01,Scalar,11,cpr1-k01-s11,30,22.87,22.69,S0309,100,false,"`cpr1`, 15 runs, 100 ep | Full available curve retained; registered_horizon and in_registered_plateau5_window identify the primary endpoint. Epoch observations are not independent seeds.",accuracy percent; epoch is the raw zero-based epoch index
cpr1,k01,Scalar,11,cpr1-k01-s11,31,22.83,22.89,S0309,100,false,"`cpr1`, 15 runs, 100 ep | Full available curve retained; registered_horizon and in_registered_plateau5_window identify the primary endpoint. Epoch observations are not independent seeds.",accuracy percent; epoch is the raw zero-based epoch index
cpr1,k01,Scalar,11,cpr1-k01-s11,32,22.82,23.02,S0309,100,false,"`cpr1`, 15 runs, 100 ep | Full available curve retained; registered_horizon and in_registered_plateau5_window identify the primary endpoint. Epoch observations are not independent seeds.",accuracy percent; epoch is the raw zero-based epoch index
cpr1,k01,Scalar,11,cpr1-k01-s11,33,22.98,22.88,S0309,100,false,"`cpr1`, 15 runs, 100 ep | Full available curve retained; registered_horizon and in_registered_plateau5_window identify the primary endpoint. Epoch observations are not independent seeds.",accuracy percent; epoch is the raw zero-based epoch index
cpr1,k01,Scalar,11,cpr1-k01-s11,34,22.96,22.84,S0309,100,false,"`cpr1`, 15 runs, 100 ep | Full available curve retained; registered_horizon and in_registered_plateau5_window identify the primary endpoint. Epoch observations are not independent seeds.",accuracy percent; epoch is the raw zero-based epoch index
cpr1,k01,Scalar,11,cpr1-k01-s11,35,22.76,22.94,S0309,100,false,"`cpr1`, 15 runs, 100 ep | Full available curve retained; registered_horizon and in_registered_plateau5_window identify the primary endpoint. Epoch observations are not independent seeds.",accuracy percent; epoch is the raw zero-based epoch index
cpr1,k01,Scalar,11,cpr1-k01-s11,36,22.91,22.96,S0309,100,false,"`cpr1`, 15 runs, 100 ep | Full available curve retained; registered_horizon and in_registered_plateau5_window identify the primary endpoint. Epoch observations are not independent seeds.",accuracy percent; epoch is the raw zero-based epoch index
cpr1,k01,Scalar,11,cpr1-k01-s11,37,22.84,22.88,S0309,100,false,"`cpr1`, 15 runs, 100 ep | Full available curve retained; registered_horizon and in_registered_plateau5_window identify the primary endpoint. Epoch observations are not independent seeds.",accuracy percent; epoch is the raw zero-based epoch index
cpr1,k01,Scalar,11,cpr1-k01-s11,38,22.84,23,S0309,100,false,"`cpr1`, 15 runs, 100 ep | Full available curve retained; registered_horizon and in_registered_plateau5_window identify the primary endpoint. Epoch observations are not independent seeds.",accuracy percent; epoch is the raw zero-based epoch index
cpr1,k01,Scalar,11,cpr1-k01-s11,39,22.92,22.99,S0309,100,false,"`cpr1`, 15 runs, 100 ep | Full available curve retained; registered_horizon and in_registered_plateau5_window identify the primary endpoint. Epoch observations are not independent seeds.",accuracy percent; epoch is the raw zero-based epoch index
cpr1,k01,Scalar,11,cpr1-k01-s11,40,23.06,22.91,S0309,100,false,"`cpr1`, 15 runs, 100 ep | Full available curve retained; registered_horizon and in_registered_plateau5_window identify the primary endpoint. Epoch observations are not independent seeds.",accuracy percent; epoch is the raw zero-based epoch index
cpr1,k01,Scalar,11,cpr1-k01-s11,41,22.97,22.93,S0309,100,false,"`cpr1`, 15 runs, 100 ep | Full available curve retained; registered_horizon and in_registered_plateau5_window identify the primary endpoint. Epoch observations are not independent seeds.",accuracy percent; epoch is the raw zero-based epoch index
cpr1,k01,Scalar,11,cpr1-k01-s11,42,22.79,22.89,S0309,100,false,"`cpr1`, 15 runs, 100 ep | Full available curve retained; registered_horizon and in_registered_plateau5_window identify the primary endpoint. Epoch observations are not independent seeds.",accuracy percent; epoch is the raw zero-based epoch index
cpr1,k01,Scalar,11,cpr1-k01-s11,43,22.9,22.8,S0309,100,false,"`cpr1`, 15 runs, 100 ep | Full available curve retained; registered_horizon and in_registered_plateau5_window identify the primary endpoint. Epoch observations are not independent seeds.",accuracy percent; epoch is the raw zero-based epoch index
cpr1,k01,Scalar,11,cpr1-k01-s11,44,22.87,22.9,S0309,100,false,"`cpr1`, 15 runs, 100 ep | Full available curve retained; registered_horizon and in_registered_plateau5_window identify the primary endpoint. Epoch observations are not independent seeds.",accuracy percent; epoch is the raw zero-based epoch index
cpr1,k01,Scalar,11,cpr1-k01-s11,45,22.78,22.91,S0309,100,false,"`cpr1`, 15 runs, 100 ep | Full available curve retained; registered_horizon and in_registered_plateau5_window identify the primary endpoint. Epoch observations are not independent seeds.",accuracy percent; epoch is the raw zero-based epoch index
cpr1,k01,Scalar,11,cpr1-k01-s11,46,22.84,23,S0309,100,false,"`cpr1`, 15 runs, 100 ep | Full available curve retained; registered_horizon and in_registered_plateau5_window identify the primary endpoint. Epoch observations are not independent seeds.",accuracy percent; epoch is the raw zero-based epoch index
cpr1,k01,Scalar,11,cpr1-k01-s11,47,22.95,22.87,S0309,100,false,"`cpr1`, 15 runs, 100 ep | Full available curve retained; registered_horizon and in_registered_plateau5_window identify the primary endpoint. Epoch observations are not independent seeds.",accuracy percent; epoch is the raw zero-based epoch index
cpr1,k01,Scalar,11,cpr1-k01-s11,48,22.89,22.89,S0309,100,false,"`cpr1`, 15 runs, 100 ep | Full available curve retained; registered_horizon and in_registered_plateau5_window identify the primary endpoint. Epoch observations are not independent seeds.",accuracy percent; epoch is the raw zero-based epoch index
cpr1,k01,Scalar,11,cpr1-k01-s11,49,22.76,22.82,S0309,100,false,"`cpr1`, 15 runs, 100 ep | Full available curve retained; registered_horizon and in_registered_plateau5_window identify the primary endpoint. Epoch observations are not independent seeds.",accuracy percent; epoch is the raw zero-based epoch index
cpr1,k01,Scalar,11,cpr1-k01-s11,50,22.98,23.01,S0309,100,false,"`cpr1`, 15 runs, 100 ep | Full available curve retained; registered_horizon and in_registered_plateau5_window identify the primary endpoint. Epoch observations are not independent seeds.",accuracy percent; epoch is the raw zero-based epoch index
cpr1,k01,Scalar,11,cpr1-k01-s11,51,22.81,22.92,S0309,100,false,"`cpr1`, 15 runs, 100 ep | Full available curve retained; registered_horizon and in_registered_plateau5_window identify the primary endpoint. Epoch observations are not independent seeds.",accuracy percent; epoch is the raw zero-based epoch index
cpr1,k01,Scalar,11,cpr1-k01-s11,52,22.8,22.92,S0309,100,false,"`cpr1`, 15 runs, 100 ep | Full available curve retained; registered_horizon and in_registered_plateau5_window identify the primary endpoint. Epoch observations are not independent seeds.",accuracy percent; epoch is the raw zero-based epoch index
cpr1,k01,Scalar,11,cpr1-k01-s11,53,22.92,23.07,S0309,100,false,"`cpr1`, 15 runs, 100 ep | Full available curve retained; registered_horizon and in_registered_plateau5_window identify the primary endpoint. Epoch observations are not independent seeds.",accuracy percent; epoch is the raw zero-based epoch index
cpr1,k01,Scalar,11,cpr1-k01-s11,54,22.88,23.03,S0309,100,false,"`cpr1`, 15 runs, 100 ep | Full available curve retained; registered_horizon and in_registered_plateau5_window identify the primary endpoint. Epoch observations are not independent seeds.",accuracy percent; epoch is the raw zero-based epoch index
cpr1,k01,Scalar,11,cpr1-k01-s11,55,22.84,22.88,S0309,100,false,"`cpr1`, 15 runs, 100 ep | Full available curve retained; registered_horizon and in_registered_plateau5_window identify the primary endpoint. Epoch observations are not independent seeds.",accuracy percent; epoch is the raw zero-based epoch index
cpr1,k01,Scalar,11,cpr1-k01-s11,56,23.05,23.07,S0309,100,false,"`cpr1`, 15 runs, 100 ep | Full available curve retained; registered_horizon and in_registered_plateau5_window identify the primary endpoint. Epoch observations are not independent seeds.",accuracy percent; epoch is the raw zero-based epoch index
cpr1,k01,Scalar,11,cpr1-k01-s11,57,22.99,22.91,S0309,100,false,"`cpr1`, 15 runs, 100 ep | Full available curve retained; registered_horizon and in_registered_plateau5_window identify the primary endpoint. Epoch observations are not independent seeds.",accuracy percent; epoch is the raw zero-based epoch index
cpr1,k01,Scalar,11,cpr1-k01-s11,58,22.9,22.82,S0309,100,false,"`cpr1`, 15 runs, 100 ep | Full available curve retained; registered_horizon and in_registered_plateau5_window identify the primary endpoint. Epoch observations are not independent seeds.",accuracy percent; epoch is the raw zero-based epoch index
cpr1,k01,Scalar,11,cpr1-k01-s11,59,22.84,22.96,S0309,100,false,"`cpr1`, 15 runs, 100 ep | Full available curve retained; registered_horizon and in_registered_plateau5_window identify the primary endpoint. Epoch observations are not independent seeds.",accuracy percent; epoch is the raw zero-based epoch index
cpr1,k01,Scalar,11,cpr1-k01-s11,60,22.89,23.02,S0309,100,false,"`cpr1`, 15 runs, 100 ep | Full available curve retained; registered_horizon and in_registered_plateau5_window identify the primary endpoint. Epoch observations are not independent seeds.",accuracy percent; epoch is the raw zero-based epoch index
cpr1,k01,Scalar,11,cpr1-k01-s11,61,22.85,22.79,S0309,100,false,"`cpr1`, 15 runs, 100 ep | Full available curve retained; registered_horizon and in_registered_plateau5_window identify the primary endpoint. Epoch observations are not independent seeds.",accuracy percent; epoch is the raw zero-based epoch index
cpr1,k01,Scalar,11,cpr1-k01-s11,62,22.98,22.96,S0309,100,false,"`cpr1`, 15 runs, 100 ep | Full available curve retained; registered_horizon and in_registered_plateau5_window identify the primary endpoint. Epoch observations are not independent seeds.",accuracy percent; epoch is the raw zero-based epoch index
cpr1,k01,Scalar,11,cpr1-k01-s11,63,23.03,22.88,S0309,100,false,"`cpr1`, 15 runs, 100 ep | Full available curve retained; registered_horizon and in_registered_plateau5_window identify the primary endpoint. Epoch observations are not independent seeds.",accuracy percent; epoch is the raw zero-based epoch index
cpr1,k01,Scalar,11,cpr1-k01-s11,64,23.04,22.98,S0309,100,false,"`cpr1`, 15 runs, 100 ep | Full available curve retained; registered_horizon and in_registered_plateau5_window identify the primary endpoint. Epoch observations are not independent seeds.",accuracy percent; epoch is the raw zero-based epoch index
cpr1,k01,Scalar,11,cpr1-k01-s11,65,22.85,22.96,S0309,100,false,"`cpr1`, 15 runs, 100 ep | Full available curve retained; registered_horizon and in_registered_plateau5_window identify the primary endpoint. Epoch observations are not independent seeds.",accuracy percent; epoch is the raw zero-based epoch index
cpr1,k01,Scalar,11,cpr1-k01-s11,66,22.91,22.85,S0309,100,false,"`cpr1`, 15 runs, 100 ep | Full available curve retained; registered_horizon and in_registered_plateau5_window identify the primary endpoint. Epoch observations are not independent seeds.",accuracy percent; epoch is the raw zero-based epoch index
cpr1,k01,Scalar,11,cpr1-k01-s11,67,22.89,22.95,S0309,100,false,"`cpr1`, 15 runs, 100 ep | Full available curve retained; registered_horizon and in_registered_plateau5_window identify the primary endpoint. Epoch observations are not independent seeds.",accuracy percent; epoch is the raw zero-based epoch index
cpr1,k01,Scalar,11,cpr1-k01-s11,68,22.92,22.9,S0309,100,false,"`cpr1`, 15 runs, 100 ep | Full available curve retained; registered_horizon and in_registered_plateau5_window identify the primary endpoint. Epoch observations are not independent seeds.",accuracy percent; epoch is the raw zero-based epoch index
cpr1,k01,Scalar,11,cpr1-k01-s11,69,22.91,22.73,S0309,100,false,"`cpr1`, 15 runs, 100 ep | Full available curve retained; registered_horizon and in_registered_plateau5_window identify the primary endpoint. Epoch observations are not independent seeds.",accuracy percent; epoch is the raw zero-based epoch index
cpr1,k01,Scalar,11,cpr1-k01-s11,70,23.03,22.92,S0309,100,false,"`cpr1`, 15 runs, 100 ep | Full available curve retained; registered_horizon and in_registered_plateau5_window identify the primary endpoint. Epoch observations are not independent seeds.",accuracy percent; epoch is the raw zero-based epoch index
cpr1,k01,Scalar,11,cpr1-k01-s11,71,22.87,22.95,S0309,100,false,"`cpr1`, 15 runs, 100 ep | Full available curve retained; registered_horizon and in_registered_plateau5_window identify the primary endpoint. Epoch observations are not independent seeds.",accuracy percent; epoch is the raw zero-based epoch index
cpr1,k01,Scalar,11,cpr1-k01-s11,72,22.84,23.03,S0309,100,false,"`cpr1`, 15 runs, 100 ep | Full available curve retained; registered_horizon and in_registered_plateau5_window identify the primary endpoint. Epoch observations are not independent seeds.",accuracy percent; epoch is the raw zero-based epoch index
cpr1,k01,Scalar,11,cpr1-k01-s11,73,23.01,22.92,S0309,100,false,"`cpr1`, 15 runs, 100 ep | Full available curve retained; registered_horizon and in_registered_plateau5_window identify the primary endpoint. Epoch observations are not independent seeds.",accuracy percent; epoch is the raw zero-based epoch index
cpr1,k01,Scalar,11,cpr1-k01-s11,74,22.89,22.82,S0309,100,false,"`cpr1`, 15 runs, 100 ep | Full available curve retained; registered_horizon and in_registered_plateau5_window identify the primary endpoint. Epoch observations are not independent seeds.",accuracy percent; epoch is the raw zero-based epoch index
cpr1,k01,Scalar,11,cpr1-k01-s11,75,22.82,22.76,S0309,100,false,"`cpr1`, 15 runs, 100 ep | Full available curve retained; registered_horizon and in_registered_plateau5_window identify the primary endpoint. Epoch observations are not independent seeds.",accuracy percent; epoch is the raw zero-based epoch index
cpr1,k01,Scalar,11,cpr1-k01-s11,76,22.99,22.88,S0309,100,false,"`cpr1`, 15 runs, 100 ep | Full available curve retained; registered_horizon and in_registered_plateau5_window identify the primary endpoint. Epoch observations are not independent seeds.",accuracy percent; epoch is the raw zero-based epoch index
cpr1,k01,Scalar,11,cpr1-k01-s11,77,22.9,22.96,S0309,100,false,"`cpr1`, 15 runs, 100 ep | Full available curve retained; registered_horizon and in_registered_plateau5_window identify the primary endpoint. Epoch observations are not independent seeds.",accuracy percent; epoch is the raw zero-based epoch index
cpr1,k01,Scalar,11,cpr1-k01-s11,78,22.78,22.97,S0309,100,false,"`cpr1`, 15 runs, 100 ep | Full available curve retained; registered_horizon and in_registered_plateau5_window identify the primary endpoint. Epoch observations are not independent seeds.",accuracy percent; epoch is the raw zero-based epoch index
cpr1,k01,Scalar,11,cpr1-k01-s11,79,22.99,22.84,S0309,100,false,"`cpr1`, 15 runs, 100 ep | Full available curve retained; registered_horizon and in_registered_plateau5_window identify the primary endpoint. Epoch observations are not independent seeds.",accuracy percent; epoch is the raw zero-based epoch index
cpr1,k01,Scalar,11,cpr1-k01-s11,80,22.88,22.96,S0309,100,false,"`cpr1`, 15 runs, 100 ep | Full available curve retained; registered_horizon and in_registered_plateau5_window identify the primary endpoint. Epoch observations are not independent seeds.",accuracy percent; epoch is the raw zero-based epoch index
cpr1,k01,Scalar,11,cpr1-k01-s11,81,23.01,22.86,S0309,100,false,"`cpr1`, 15 runs, 100 ep | Full available curve retained; registered_horizon and in_registered_plateau5_window identify the primary endpoint. Epoch observations are not independent seeds.",accuracy percent; epoch is the raw zero-based epoch index
cpr1,k01,Scalar,11,cpr1-k01-s11,82,22.77,22.74,S0309,100,false,"`cpr1`, 15 runs, 100 ep | Full available curve retained; registered_horizon and in_registered_plateau5_window identify the primary endpoint. Epoch observations are not independent seeds.",accuracy percent; epoch is the raw zero-based epoch index
cpr1,k01,Scalar,11,cpr1-k01-s11,83,22.95,22.82,S0309,100,false,"`cpr1`, 15 runs, 100 ep | Full available curve retained; registered_horizon and in_registered_plateau5_window identify the primary endpoint. Epoch observations are not independent seeds.",accuracy percent; epoch is the raw zero-based epoch index
cpr1,k01,Scalar,11,cpr1-k01-s11,84,22.92,22.93,S0309,100,false,"`cpr1`, 15 runs, 100 ep | Full available curve retained; registered_horizon and in_registered_plateau5_window identify the primary endpoint. Epoch observations are not independent seeds.",accuracy percent; epoch is the raw zero-based epoch index
cpr1,k01,Scalar,11,cpr1-k01-s11,85,22.86,23.04,S0309,100,false,"`cpr1`, 15 runs, 100 ep | Full available curve retained; registered_horizon and in_registered_plateau5_window identify the primary endpoint. Epoch observations are not independent seeds.",accuracy percent; epoch is the raw zero-based epoch index
cpr1,k01,Scalar,11,cpr1-k01-s11,86,22.88,22.84,S0309,100,false,"`cpr1`, 15 runs, 100 ep | Full available curve retained; registered_horizon and in_registered_plateau5_window identify the primary endpoint. Epoch observations are not independent seeds.",accuracy percent; epoch is the raw zero-based epoch index
cpr1,k01,Scalar,11,cpr1-k01-s11,87,22.84,23.09,S0309,100,false,"`cpr1`, 15 runs, 100 ep | Full available curve retained; registered_horizon and in_registered_plateau5_window identify the primary endpoint. Epoch observations are not independent seeds.",accuracy percent; epoch is the raw zero-based epoch index
cpr1,k01,Scalar,11,cpr1-k01-s11,88,22.87,23.13,S0309,100,false,"`cpr1`, 15 runs, 100 ep | Full available curve retained; registered_horizon and in_registered_plateau5_window identify the primary endpoint. Epoch observations are not independent seeds.",accuracy percent; epoch is the raw zero-based epoch index
cpr1,k01,Scalar,11,cpr1-k01-s11,89,22.96,22.91,S0309,100,false,"`cpr1`, 15 runs, 100 ep | Full available curve retained; registered_horizon and in_registered_plateau5_window identify the primary endpoint. Epoch observations are not independent seeds.",accuracy percent; epoch is the raw zero-based epoch index
cpr1,k01,Scalar,11,cpr1-k01-s11,90,22.71,22.96,S0309,100,false,"`cpr1`, 15 runs, 100 ep | Full available curve retained; registered_horizon and in_registered_plateau5_window identify the primary endpoint. Epoch observations are not independent seeds.",accuracy percent; epoch is the raw zero-based epoch index
cpr1,k01,Scalar,11,cpr1-k01-s11,91,23.01,22.96,S0309,100,false,"`cpr1`, 15 runs, 100 ep | Full available curve retained; registered_horizon and in_registered_plateau5_window identify the primary endpoint. Epoch observations are not independent seeds.",accuracy percent; epoch is the raw zero-based epoch index
cpr1,k01,Scalar,11,cpr1-k01-s11,92,22.94,22.87,S0309,100,false,"`cpr1`, 15 runs, 100 ep | Full available curve retained; registered_horizon and in_registered_plateau5_window identify the primary endpoint. Epoch observations are not independent seeds.",accuracy percent; epoch is the raw zero-based epoch index
cpr1,k01,Scalar,11,cpr1-k01-s11,93,22.78,23.06,S0309,100,false,"`cpr1`, 15 runs, 100 ep | Full available curve retained; registered_horizon and in_registered_plateau5_window identify the primary endpoint. Epoch observations are not independent seeds.",accuracy percent; epoch is the raw zero-based epoch index
cpr1,k01,Scalar,11,cpr1-k01-s11,94,22.77,23.06,S0309,100,false,"`cpr1`, 15 runs, 100 ep | Full available curve retained; registered_horizon and in_registered_plateau5_window identify the primary endpoint. Epoch observations are not independent seeds.",accuracy percent; epoch is the raw zero-based epoch index
cpr1,k01,Scalar,11,cpr1-k01-s11,95,22.92,22.84,S0309,100,true,"`cpr1`, 15 runs, 100 ep | Full available curve retained; registered_horizon and in_registered_plateau5_window identify the primary endpoint. Epoch observations are not independent seeds.",accuracy percent; epoch is the raw zero-based epoch index
cpr1,k01,Scalar,11,cpr1-k01-s11,96,22.81,22.75,S0309,100,true,"`cpr1`, 15 runs, 100 ep | Full available curve retained; registered_horizon and in_registered_plateau5_window identify the primary endpoint. Epoch observations are not independent seeds.",accuracy percent; epoch is the raw zero-based epoch index
cpr1,k01,Scalar,11,cpr1-k01-s11,97,23.02,22.89,S0309,100,true,"`cpr1`, 15 runs, 100 ep | Full available curve retained; registered_horizon and in_registered_plateau5_window identify the primary endpoint. Epoch observations are not independent seeds.",accuracy percent; epoch is the raw zero-based epoch index
cpr1,k01,Scalar,11,cpr1-k01-s11,98,22.89,22.99,S0309,100,true,"`cpr1`, 15 runs, 100 ep | Full available curve retained; registered_horizon and in_registered_plateau5_window identify the primary endpoint. Epoch observations are not independent seeds.",accuracy percent; epoch is the raw zero-based epoch index
cpr1,k01,Scalar,11,cpr1-k01-s11,99,23.02,22.9,S0309,100,true,"`cpr1`, 15 runs, 100 ep | Full available curve retained; registered_horizon and in_registered_plateau5_window identify the primary endpoint. Epoch observations are not independent seeds.",accuracy percent; epoch is the raw zero-based epoch index
cpr1,kL,"Prefix [49,13]",9,cpr1-kL-s9,0,1.13,0.93,S0313,100,false,"`cpr1`, 15 runs, 100 ep | Full available curve retained; registered_horizon and in_registered_plateau5_window identify the primary endpoint. Epoch observations are not independent seeds.",accuracy percent; epoch is the raw zero-based epoch index
cpr1,kL,"Prefix [49,13]",9,cpr1-kL-s9,1,1.01,1.01,S0313,100,false,"`cpr1`, 15 runs, 100 ep | Full available curve retained; registered_horizon and in_registered_plateau5_window identify the primary endpoint. Epoch observations are not independent seeds.",accuracy percent; epoch is the raw zero-based epoch index
cpr1,kL,"Prefix [49,13]",9,cpr1-kL-s9,2,1.13,1.08,S0313,100,false,"`cpr1`, 15 runs, 100 ep | Full available curve retained; registered_horizon and in_registered_plateau5_window identify the primary endpoint. Epoch observations are not independent seeds.",accuracy percent; epoch is the raw zero-based epoch index
cpr1,kL,"Prefix [49,13]",9,cpr1-kL-s9,3,1.04,0.9,S0313,100,false,"`cpr1`, 15 runs, 100 ep | Full available curve retained; registered_horizon and in_registered_plateau5_window identify the primary endpoint. Epoch observations are not independent seeds.",accuracy percent; epoch is the raw zero-based epoch index
cpr1,kL,"Prefix [49,13]",9,cpr1-kL-s9,4,1.14,1.01,S0313,100,false,"`cpr1`, 15 runs, 100 ep | Full available curve retained; registered_horizon and in_registered_plateau5_window identify the primary endpoint. Epoch observations are not independent seeds.",accuracy percent; epoch is the raw zero-based epoch index
cpr1,kL,"Prefix [49,13]",9,cpr1-kL-s9,5,1.07,1.02,S0313,100,false,"`cpr1`, 15 runs, 100 ep | Full available curve retained; registered_horizon and in_registered_plateau5_window identify the primary endpoint. Epoch observations are not independent seeds.",accuracy percent; epoch is the raw zero-based epoch index
cpr1,kL,"Prefix [49,13]",9,cpr1-kL-s9,6,1.35,1.1,S0313,100,false,"`cpr1`, 15 runs, 100 ep | Full available curve retained; registered_horizon and in_registered_plateau5_window identify the primary endpoint. Epoch observations are not independent seeds.",accuracy percent; epoch is the raw zero-based epoch index
cpr1,kL,"Prefix [49,13]",9,cpr1-kL-s9,7,2.19,1.45,S0313,100,false,"`cpr1`, 15 runs, 100 ep | Full available curve retained; registered_horizon and in_registered_plateau5_window identify the primary endpoint. Epoch observations are not independent seeds.",accuracy percent; epoch is the raw zero-based epoch index
cpr1,kL,"Prefix [49,13]",9,cpr1-kL-s9,8,3.12,2.4,S0313,100,false,"`cpr1`, 15 runs, 100 ep | Full available curve retained; registered_horizon and in_registered_plateau5_window identify the primary endpoint. Epoch observations are not independent seeds.",accuracy percent; epoch is the raw zero-based epoch index
cpr1,kL,"Prefix [49,13]",9,cpr1-kL-s9,9,3.98,3.18,S0313,100,false,"`cpr1`, 15 runs, 100 ep | Full available curve retained; registered_horizon and in_registered_plateau5_window identify the primary endpoint. Epoch observations are not independent seeds.",accuracy percent; epoch is the raw zero-based epoch index
cpr1,kL,"Prefix [49,13]",9,cpr1-kL-s9,10,5.03,4.07,S0313,100,false,"`cpr1`, 15 runs, 100 ep | Full available curve retained; registered_horizon and in_registered_plateau5_window identify the primary endpoint. Epoch observations are not independent seeds.",accuracy percent; epoch is the raw zero-based epoch index
cpr1,kL,"Prefix [49,13]",9,cpr1-kL-s9,11,5.86,5.15,S0313,100,false,"`cpr1`, 15 runs, 100 ep | Full available curve retained; registered_horizon and in_registered_plateau5_window identify the primary endpoint. Epoch observations are not independent seeds.",accuracy percent; epoch is the raw zero-based epoch index
cpr1,kL,"Prefix [49,13]",9,cpr1-kL-s9,12,7.03,6.01,S0313,100,false,"`cpr1`, 15 runs, 100 ep | Full available curve retained; registered_horizon and in_registered_plateau5_window identify the primary endpoint. Epoch observations are not independent seeds.",accuracy percent; epoch is the raw zero-based epoch index
cpr1,kL,"Prefix [49,13]",9,cpr1-kL-s9,13,8.94,7.55,S0313,100,false,"`cpr1`, 15 runs, 100 ep | Full available curve retained; registered_horizon and in_registered_plateau5_window identify the primary endpoint. Epoch observations are not independent seeds.",accuracy percent; epoch is the raw zero-based epoch index
cpr1,kL,"Prefix [49,13]",9,cpr1-kL-s9,14,10.78,9.58,S0313,100,false,"`cpr1`, 15 runs, 100 ep | Full available curve retained; registered_horizon and in_registered_plateau5_window identify the primary endpoint. Epoch observations are not independent seeds.",accuracy percent; epoch is the raw zero-based epoch index
cpr1,kL,"Prefix [49,13]",9,cpr1-kL-s9,15,12.81,11.38,S0313,100,false,"`cpr1`, 15 runs, 100 ep | Full available curve retained; registered_horizon and in_registered_plateau5_window identify the primary endpoint. Epoch observations are not independent seeds.",accuracy percent; epoch is the raw zero-based epoch index
cpr1,kL,"Prefix [49,13]",9,cpr1-kL-s9,16,13.57,13.23,S0313,100,false,"`cpr1`, 15 runs, 100 ep | Full available curve retained; registered_horizon and in_registered_plateau5_window identify the primary endpoint. Epoch observations are not independent seeds.",accuracy percent; epoch is the raw zero-based epoch index
cpr1,kL,"Prefix [49,13]",9,cpr1-kL-s9,17,15.21,14.74,S0313,100,false,"`cpr1`, 15 runs, 100 ep | Full available curve retained; registered_horizon and in_registered_plateau5_window identify the primary endpoint. Epoch observations are not independent seeds.",accuracy percent; epoch is the raw zero-based epoch index
cpr1,kL,"Prefix [49,13]",9,cpr1-kL-s9,18,19.14,16.46,S0313,100,false,"`cpr1`, 15 runs, 100 ep | Full available curve retained; registered_horizon and in_registered_plateau5_window identify the primary endpoint. Epoch observations are not independent seeds.",accuracy percent; epoch is the raw zero-based epoch index
cpr1,kL,"Prefix [49,13]",9,cpr1-kL-s9,19,21.86,20.02,S0313,100,false,"`cpr1`, 15 runs, 100 ep | Full available curve retained; registered_horizon and in_registered_plateau5_window identify the primary endpoint. Epoch observations are not independent seeds.",accuracy percent; epoch is the raw zero-based epoch index
cpr1,kL,"Prefix [49,13]",9,cpr1-kL-s9,20,23.45,22.53,S0313,100,false,"`cpr1`, 15 runs, 100 ep | Full available curve retained; registered_horizon and in_registered_plateau5_window identify the primary endpoint. Epoch observations are not independent seeds.",accuracy percent; epoch is the raw zero-based epoch index
cpr1,kL,"Prefix [49,13]",9,cpr1-kL-s9,21,26.2,25.25,S0313,100,false,"`cpr1`, 15 runs, 100 ep | Full available curve retained; registered_horizon and in_registered_plateau5_window identify the primary endpoint. Epoch observations are not independent seeds.",accuracy percent; epoch is the raw zero-based epoch index
cpr1,kL,"Prefix [49,13]",9,cpr1-kL-s9,22,29.13,27.84,S0313,100,false,"`cpr1`, 15 runs, 100 ep | Full available curve retained; registered_horizon and in_registered_plateau5_window identify the primary endpoint. Epoch observations are not independent seeds.",accuracy percent; epoch is the raw zero-based epoch index
cpr1,kL,"Prefix [49,13]",9,cpr1-kL-s9,23,29.3,29.9,S0313,100,false,"`cpr1`, 15 runs, 100 ep | Full available curve retained; registered_horizon and in_registered_plateau5_window identify the primary endpoint. Epoch observations are not independent seeds.",accuracy percent; epoch is the raw zero-based epoch index
cpr1,kL,"Prefix [49,13]",9,cpr1-kL-s9,24,31.38,32.32,S0313,100,false,"`cpr1`, 15 runs, 100 ep | Full available curve retained; registered_horizon and in_registered_plateau5_window identify the primary endpoint. Epoch observations are not independent seeds.",accuracy percent; epoch is the raw zero-based epoch index
cpr1,kL,"Prefix [49,13]",9,cpr1-kL-s9,25,34.58,34.3,S0313,100,false,"`cpr1`, 15 runs, 100 ep | Full available curve retained; registered_horizon and in_registered_plateau5_window identify the primary endpoint. Epoch observations are not independent seeds.",accuracy percent; epoch is the raw zero-based epoch index
cpr1,kL,"Prefix [49,13]",9,cpr1-kL-s9,26,36.44,36.42,S0313,100,false,"`cpr1`, 15 runs, 100 ep | Full available curve retained; registered_horizon and in_registered_plateau5_window identify the primary endpoint. Epoch observations are not independent seeds.",accuracy percent; epoch is the raw zero-based epoch index
cpr1,kL,"Prefix [49,13]",9,cpr1-kL-s9,27,37.62,38.57,S0313,100,false,"`cpr1`, 15 runs, 100 ep | Full available curve retained; registered_horizon and in_registered_plateau5_window identify the primary endpoint. Epoch observations are not independent seeds.",accuracy percent; epoch is the raw zero-based epoch index
cpr1,kL,"Prefix [49,13]",9,cpr1-kL-s9,28,39.23,40.24,S0313,100,false,"`cpr1`, 15 runs, 100 ep | Full available curve retained; registered_horizon and in_registered_plateau5_window identify the primary endpoint. Epoch observations are not independent seeds.",accuracy percent; epoch is the raw zero-based epoch index
cpr1,kL,"Prefix [49,13]",9,cpr1-kL-s9,29,40.12,42.41,S0313,100,false,"`cpr1`, 15 runs, 100 ep | Full available curve retained; registered_horizon and in_registered_plateau5_window identify the primary endpoint. Epoch observations are not independent seeds.",accuracy percent; epoch is the raw zero-based epoch index
cpr1,kL,"Prefix [49,13]",9,cpr1-kL-s9,30,43.22,44.08,S0313,100,false,"`cpr1`, 15 runs, 100 ep | Full available curve retained; registered_horizon and in_registered_plateau5_window identify the primary endpoint. Epoch observations are not independent seeds.",accuracy percent; epoch is the raw zero-based epoch index
cpr1,kL,"Prefix [49,13]",9,cpr1-kL-s9,31,43.75,45.58,S0313,100,false,"`cpr1`, 15 runs, 100 ep | Full available curve retained; registered_horizon and in_registered_plateau5_window identify the primary endpoint. Epoch observations are not independent seeds.",accuracy percent; epoch is the raw zero-based epoch index
cpr1,kL,"Prefix [49,13]",9,cpr1-kL-s9,32,45.44,47.19,S0313,100,false,"`cpr1`, 15 runs, 100 ep | Full available curve retained; registered_horizon and in_registered_plateau5_window identify the primary endpoint. Epoch observations are not independent seeds.",accuracy percent; epoch is the raw zero-based epoch index
cpr1,kL,"Prefix [49,13]",9,cpr1-kL-s9,33,46.31,48.83,S0313,100,false,"`cpr1`, 15 runs, 100 ep | Full available curve retained; registered_horizon and in_registered_plateau5_window identify the primary endpoint. Epoch observations are not independent seeds.",accuracy percent; epoch is the raw zero-based epoch index
cpr1,kL,"Prefix [49,13]",9,cpr1-kL-s9,34,48.07,50.01,S0313,100,false,"`cpr1`, 15 runs, 100 ep | Full available curve retained; registered_horizon and in_registered_plateau5_window identify the primary endpoint. Epoch observations are not independent seeds.",accuracy percent; epoch is the raw zero-based epoch index
cpr1,kL,"Prefix [49,13]",9,cpr1-kL-s9,35,49.15,51.21,S0313,100,false,"`cpr1`, 15 runs, 100 ep | Full available curve retained; registered_horizon and in_registered_plateau5_window identify the primary endpoint. Epoch observations are not independent seeds.",accuracy percent; epoch is the raw zero-based epoch index
cpr1,kL,"Prefix [49,13]",9,cpr1-kL-s9,36,49.64,52.67,S0313,100,false,"`cpr1`, 15 runs, 100 ep | Full available curve retained; registered_horizon and in_registered_plateau5_window identify the primary endpoint. Epoch observations are not independent seeds.",accuracy percent; epoch is the raw zero-based epoch index
cpr1,kL,"Prefix [49,13]",9,cpr1-kL-s9,37,51.97,53.91,S0313,100,false,"`cpr1`, 15 runs, 100 ep | Full available curve retained; registered_horizon and in_registered_plateau5_window identify the primary endpoint. Epoch observations are not independent seeds.",accuracy percent; epoch is the raw zero-based epoch index
cpr1,kL,"Prefix [49,13]",9,cpr1-kL-s9,38,51.44,55,S0313,100,false,"`cpr1`, 15 runs, 100 ep | Full available curve retained; registered_horizon and in_registered_plateau5_window identify the primary endpoint. Epoch observations are not independent seeds.",accuracy percent; epoch is the raw zero-based epoch index
cpr1,kL,"Prefix [49,13]",9,cpr1-kL-s9,39,52.92,55.95,S0313,100,false,"`cpr1`, 15 runs, 100 ep | Full available curve retained; registered_horizon and in_registered_plateau5_window identify the primary endpoint. Epoch observations are not independent seeds.",accuracy percent; epoch is the raw zero-based epoch index
cpr1,kL,"Prefix [49,13]",9,cpr1-kL-s9,40,53.39,56.89,S0313,100,false,"`cpr1`, 15 runs, 100 ep | Full available curve retained; registered_horizon and in_registered_plateau5_window identify the primary endpoint. Epoch observations are not independent seeds.",accuracy percent; epoch is the raw zero-based epoch index
cpr1,kL,"Prefix [49,13]",9,cpr1-kL-s9,41,53.71,57.52,S0313,100,false,"`cpr1`, 15 runs, 100 ep | Full available curve retained; registered_horizon and in_registered_plateau5_window identify the primary endpoint. Epoch observations are not independent seeds.",accuracy percent; epoch is the raw zero-based epoch index
cpr1,kL,"Prefix [49,13]",9,cpr1-kL-s9,42,54.16,58.33,S0313,100,false,"`cpr1`, 15 runs, 100 ep | Full available curve retained; registered_horizon and in_registered_plateau5_window identify the primary endpoint. Epoch observations are not independent seeds.",accuracy percent; epoch is the raw zero-based epoch index
cpr1,kL,"Prefix [49,13]",9,cpr1-kL-s9,43,53.98,59.1,S0313,100,false,"`cpr1`, 15 runs, 100 ep | Full available curve retained; registered_horizon and in_registered_plateau5_window identify the primary endpoint. Epoch observations are not independent seeds.",accuracy percent; epoch is the raw zero-based epoch index
cpr1,kL,"Prefix [49,13]",9,cpr1-kL-s9,44,54.63,59.34,S0313,100,false,"`cpr1`, 15 runs, 100 ep | Full available curve retained; registered_horizon and in_registered_plateau5_window identify the primary endpoint. Epoch observations are not independent seeds.",accuracy percent; epoch is the raw zero-based epoch index
cpr1,kL,"Prefix [49,13]",9,cpr1-kL-s9,45,54.59,59.89,S0313,100,false,"`cpr1`, 15 runs, 100 ep | Full available curve retained; registered_horizon and in_registered_plateau5_window identify the primary endpoint. Epoch observations are not independent seeds.",accuracy percent; epoch is the raw zero-based epoch index
cpr1,kL,"Prefix [49,13]",9,cpr1-kL-s9,46,54.94,60.47,S0313,100,false,"`cpr1`, 15 runs, 100 ep | Full available curve retained; registered_horizon and in_registered_plateau5_window identify the primary endpoint. Epoch observations are not independent seeds.",accuracy percent; epoch is the raw zero-based epoch index
cpr1,kL,"Prefix [49,13]",9,cpr1-kL-s9,47,55.05,60.7,S0313,100,false,"`cpr1`, 15 runs, 100 ep | Full available curve retained; registered_horizon and in_registered_plateau5_window identify the primary endpoint. Epoch observations are not independent seeds.",accuracy percent; epoch is the raw zero-based epoch index
cpr1,kL,"Prefix [49,13]",9,cpr1-kL-s9,48,55.23,61.06,S0313,100,false,"`cpr1`, 15 runs, 100 ep | Full available curve retained; registered_horizon and in_registered_plateau5_window identify the primary endpoint. Epoch observations are not independent seeds.",accuracy percent; epoch is the raw zero-based epoch index
cpr1,kL,"Prefix [49,13]",9,cpr1-kL-s9,49,55.48,61.35,S0313,100,false,"`cpr1`, 15 runs, 100 ep | Full available curve retained; registered_horizon and in_registered_plateau5_window identify the primary endpoint. Epoch observations are not independent seeds.",accuracy percent; epoch is the raw zero-based epoch index
cpr1,kL,"Prefix [49,13]",9,cpr1-kL-s9,50,55.47,61.67,S0313,100,false,"`cpr1`, 15 runs, 100 ep | Full available curve retained; registered_horizon and in_registered_plateau5_window identify the primary endpoint. Epoch observations are not independent seeds.",accuracy percent; epoch is the raw zero-based epoch index
cpr1,kL,"Prefix [49,13]",9,cpr1-kL-s9,51,55.77,61.67,S0313,100,false,"`cpr1`, 15 runs, 100 ep | Full available curve retained; registered_horizon and in_registered_plateau5_window identify the primary endpoint. Epoch observations are not independent seeds.",accuracy percent; epoch is the raw zero-based epoch index
cpr1,kL,"Prefix [49,13]",9,cpr1-kL-s9,52,55.89,62.05,S0313,100,false,"`cpr1`, 15 runs, 100 ep | Full available curve retained; registered_horizon and in_registered_plateau5_window identify the primary endpoint. Epoch observations are not independent seeds.",accuracy percent; epoch is the raw zero-based epoch index
cpr1,kL,"Prefix [49,13]",9,cpr1-kL-s9,53,55.9,62.24,S0313,100,false,"`cpr1`, 15 runs, 100 ep | Full available curve retained; registered_horizon and in_registered_plateau5_window identify the primary endpoint. Epoch observations are not independent seeds.",accuracy percent; epoch is the raw zero-based epoch index
cpr1,kL,"Prefix [49,13]",9,cpr1-kL-s9,54,55.94,62.42,S0313,100,false,"`cpr1`, 15 runs, 100 ep | Full available curve retained; registered_horizon and in_registered_plateau5_window identify the primary endpoint. Epoch observations are not independent seeds.",accuracy percent; epoch is the raw zero-based epoch index
cpr1,kL,"Prefix [49,13]",9,cpr1-kL-s9,55,56.14,62.49,S0313,100,false,"`cpr1`, 15 runs, 100 ep | Full available curve retained; registered_horizon and in_registered_plateau5_window identify the primary endpoint. Epoch observations are not independent seeds.",accuracy percent; epoch is the raw zero-based epoch index
cpr1,kL,"Prefix [49,13]",9,cpr1-kL-s9,56,55.83,62.78,S0313,100,false,"`cpr1`, 15 runs, 100 ep | Full available curve retained; registered_horizon and in_registered_plateau5_window identify the primary endpoint. Epoch observations are not independent seeds.",accuracy percent; epoch is the raw zero-based epoch index
cpr1,kL,"Prefix [49,13]",9,cpr1-kL-s9,57,55.96,62.88,S0313,100,false,"`cpr1`, 15 runs, 100 ep | Full available curve retained; registered_horizon and in_registered_plateau5_window identify the primary endpoint. Epoch observations are not independent seeds.",accuracy percent; epoch is the raw zero-based epoch index
cpr1,kL,"Prefix [49,13]",9,cpr1-kL-s9,58,55.87,62.63,S0313,100,false,"`cpr1`, 15 runs, 100 ep | Full available curve retained; registered_horizon and in_registered_plateau5_window identify the primary endpoint. Epoch observations are not independent seeds.",accuracy percent; epoch is the raw zero-based epoch index
cpr1,kL,"Prefix [49,13]",9,cpr1-kL-s9,59,56.06,62.84,S0313,100,false,"`cpr1`, 15 runs, 100 ep | Full available curve retained; registered_horizon and in_registered_plateau5_window identify the primary endpoint. Epoch observations are not independent seeds.",accuracy percent; epoch is the raw zero-based epoch index
cpr1,kL,"Prefix [49,13]",9,cpr1-kL-s9,60,56.12,63.06,S0313,100,false,"`cpr1`, 15 runs, 100 ep | Full available curve retained; registered_horizon and in_registered_plateau5_window identify the primary endpoint. Epoch observations are not independent seeds.",accuracy percent; epoch is the raw zero-based epoch index
cpr1,kL,"Prefix [49,13]",9,cpr1-kL-s9,61,56.3,62.98,S0313,100,false,"`cpr1`, 15 runs, 100 ep | Full available curve retained; registered_horizon and in_registered_plateau5_window identify the primary endpoint. Epoch observations are not independent seeds.",accuracy percent; epoch is the raw zero-based epoch index
cpr1,kL,"Prefix [49,13]",9,cpr1-kL-s9,62,56.15,63.15,S0313,100,false,"`cpr1`, 15 runs, 100 ep | Full available curve retained; registered_horizon and in_registered_plateau5_window identify the primary endpoint. Epoch observations are not independent seeds.",accuracy percent; epoch is the raw zero-based epoch index
cpr1,kL,"Prefix [49,13]",9,cpr1-kL-s9,63,56.25,63.05,S0313,100,false,"`cpr1`, 15 runs, 100 ep | Full available curve retained; registered_horizon and in_registered_plateau5_window identify the primary endpoint. Epoch observations are not independent seeds.",accuracy percent; epoch is the raw zero-based epoch index
cpr1,kL,"Prefix [49,13]",9,cpr1-kL-s9,64,56.35,63.18,S0313,100,false,"`cpr1`, 15 runs, 100 ep | Full available curve retained; registered_horizon and in_registered_plateau5_window identify the primary endpoint. Epoch observations are not independent seeds.",accuracy percent; epoch is the raw zero-based epoch index
cpr1,kL,"Prefix [49,13]",9,cpr1-kL-s9,65,56.31,63.11,S0313,100,false,"`cpr1`, 15 runs, 100 ep | Full available curve retained; registered_horizon and in_registered_plateau5_window identify the primary endpoint. Epoch observations are not independent seeds.",accuracy percent; epoch is the raw zero-based epoch index
cpr1,kL,"Prefix [49,13]",9,cpr1-kL-s9,66,56.18,63.12,S0313,100,false,"`cpr1`, 15 runs, 100 ep | Full available curve retained; registered_horizon and in_registered_plateau5_window identify the primary endpoint. Epoch observations are not independent seeds.",accuracy percent; epoch is the raw zero-based epoch index
cpr1,kL,"Prefix [49,13]",9,cpr1-kL-s9,67,56.24,63.23,S0313,100,false,"`cpr1`, 15 runs, 100 ep | Full available curve retained; registered_horizon and in_registered_plateau5_window identify the primary endpoint. Epoch observations are not independent seeds.",accuracy percent; epoch is the raw zero-based epoch index
cpr1,kL,"Prefix [49,13]",9,cpr1-kL-s9,68,56.33,63.26,S0313,100,false,"`cpr1`, 15 runs, 100 ep | Full available curve retained; registered_horizon and in_registered_plateau5_window identify the primary endpoint. Epoch observations are not independent seeds.",accuracy percent; epoch is the raw zero-based epoch index
cpr1,kL,"Prefix [49,13]",9,cpr1-kL-s9,69,56.23,63.38,S0313,100,false,"`cpr1`, 15 runs, 100 ep | Full available curve retained; registered_horizon and in_registered_plateau5_window identify the primary endpoint. Epoch observations are not independent seeds.",accuracy percent; epoch is the raw zero-based epoch index
cpr1,kL,"Prefix [49,13]",9,cpr1-kL-s9,70,56.42,63.24,S0313,100,false,"`cpr1`, 15 runs, 100 ep | Full available curve retained; registered_horizon and in_registered_plateau5_window identify the primary endpoint. Epoch observations are not independent seeds.",accuracy percent; epoch is the raw zero-based epoch index
cpr1,kL,"Prefix [49,13]",9,cpr1-kL-s9,71,56.34,63.28,S0313,100,false,"`cpr1`, 15 runs, 100 ep | Full available curve retained; registered_horizon and in_registered_plateau5_window identify the primary endpoint. Epoch observations are not independent seeds.",accuracy percent; epoch is the raw zero-based epoch index
cpr1,kL,"Prefix [49,13]",9,cpr1-kL-s9,72,56.07,63.41,S0313,100,false,"`cpr1`, 15 runs, 100 ep | Full available curve retained; registered_horizon and in_registered_plateau5_window identify the primary endpoint. Epoch observations are not independent seeds.",accuracy percent; epoch is the raw zero-based epoch index
cpr1,kL,"Prefix [49,13]",9,cpr1-kL-s9,73,56.13,63.47,S0313,100,false,"`cpr1`, 15 runs, 100 ep | Full available curve retained; registered_horizon and in_registered_plateau5_window identify the primary endpoint. Epoch observations are not independent seeds.",accuracy percent; epoch is the raw zero-based epoch index
cpr1,kL,"Prefix [49,13]",9,cpr1-kL-s9,74,56.01,63.18,S0313,100,false,"`cpr1`, 15 runs, 100 ep | Full available curve retained; registered_horizon and in_registered_plateau5_window identify the primary endpoint. Epoch observations are not independent seeds.",accuracy percent; epoch is the raw zero-based epoch index
cpr1,kL,"Prefix [49,13]",9,cpr1-kL-s9,75,56.27,63.41,S0313,100,false,"`cpr1`, 15 runs, 100 ep | Full available curve retained; registered_horizon and in_registered_plateau5_window identify the primary endpoint. Epoch observations are not independent seeds.",accuracy percent; epoch is the raw zero-based epoch index
cpr1,kL,"Prefix [49,13]",9,cpr1-kL-s9,76,56.2,63.43,S0313,100,false,"`cpr1`, 15 runs, 100 ep | Full available curve retained; registered_horizon and in_registered_plateau5_window identify the primary endpoint. Epoch observations are not independent seeds.",accuracy percent; epoch is the raw zero-based epoch index
cpr1,kL,"Prefix [49,13]",9,cpr1-kL-s9,77,56.21,63.36,S0313,100,false,"`cpr1`, 15 runs, 100 ep | Full available curve retained; registered_horizon and in_registered_plateau5_window identify the primary endpoint. Epoch observations are not independent seeds.",accuracy percent; epoch is the raw zero-based epoch index
cpr1,kL,"Prefix [49,13]",9,cpr1-kL-s9,78,56.29,63.35,S0313,100,false,"`cpr1`, 15 runs, 100 ep | Full available curve retained; registered_horizon and in_registered_plateau5_window identify the primary endpoint. Epoch observations are not independent seeds.",accuracy percent; epoch is the raw zero-based epoch index
cpr1,kL,"Prefix [49,13]",9,cpr1-kL-s9,79,56.38,63.33,S0313,100,false,"`cpr1`, 15 runs, 100 ep | Full available curve retained; registered_horizon and in_registered_plateau5_window identify the primary endpoint. Epoch observations are not independent seeds.",accuracy percent; epoch is the raw zero-based epoch index
cpr1,kL,"Prefix [49,13]",9,cpr1-kL-s9,80,56.49,63.27,S0313,100,false,"`cpr1`, 15 runs, 100 ep | Full available curve retained; registered_horizon and in_registered_plateau5_window identify the primary endpoint. Epoch observations are not independent seeds.",accuracy percent; epoch is the raw zero-based epoch index
cpr1,kL,"Prefix [49,13]",9,cpr1-kL-s9,81,56.35,63.32,S0313,100,false,"`cpr1`, 15 runs, 100 ep | Full available curve retained; registered_horizon and in_registered_plateau5_window identify the primary endpoint. Epoch observations are not independent seeds.",accuracy percent; epoch is the raw zero-based epoch index
cpr1,kL,"Prefix [49,13]",9,cpr1-kL-s9,82,56.32,63.36,S0313,100,false,"`cpr1`, 15 runs, 100 ep | Full available curve retained; registered_horizon and in_registered_plateau5_window identify the primary endpoint. Epoch observations are not independent seeds.",accuracy percent; epoch is the raw zero-based epoch index
cpr1,kL,"Prefix [49,13]",9,cpr1-kL-s9,83,56.45,63.6,S0313,100,false,"`cpr1`, 15 runs, 100 ep | Full available curve retained; registered_horizon and in_registered_plateau5_window identify the primary endpoint. Epoch observations are not independent seeds.",accuracy percent; epoch is the raw zero-based epoch index
cpr1,kL,"Prefix [49,13]",9,cpr1-kL-s9,84,56.25,63.37,S0313,100,false,"`cpr1`, 15 runs, 100 ep | Full available curve retained; registered_horizon and in_registered_plateau5_window identify the primary endpoint. Epoch observations are not independent seeds.",accuracy percent; epoch is the raw zero-based epoch index
cpr1,kL,"Prefix [49,13]",9,cpr1-kL-s9,85,56.31,63.49,S0313,100,false,"`cpr1`, 15 runs, 100 ep | Full available curve retained; registered_horizon and in_registered_plateau5_window identify the primary endpoint. Epoch observations are not independent seeds.",accuracy percent; epoch is the raw zero-based epoch index
cpr1,kL,"Prefix [49,13]",9,cpr1-kL-s9,86,56.2,63.45,S0313,100,false,"`cpr1`, 15 runs, 100 ep | Full available curve retained; registered_horizon and in_registered_plateau5_window identify the primary endpoint. Epoch observations are not independent seeds.",accuracy percent; epoch is the raw zero-based epoch index
cpr1,kL,"Prefix [49,13]",9,cpr1-kL-s9,87,56.32,63.51,S0313,100,false,"`cpr1`, 15 runs, 100 ep | Full available curve retained; registered_horizon and in_registered_plateau5_window identify the primary endpoint. Epoch observations are not independent seeds.",accuracy percent; epoch is the raw zero-based epoch index
cpr1,kL,"Prefix [49,13]",9,cpr1-kL-s9,88,56.32,63.42,S0313,100,false,"`cpr1`, 15 runs, 100 ep | Full available curve retained; registered_horizon and in_registered_plateau5_window identify the primary endpoint. Epoch observations are not independent seeds.",accuracy percent; epoch is the raw zero-based epoch index
cpr1,kL,"Prefix [49,13]",9,cpr1-kL-s9,89,56.39,63.65,S0313,100,false,"`cpr1`, 15 runs, 100 ep | Full available curve retained; registered_horizon and in_registered_plateau5_window identify the primary endpoint. Epoch observations are not independent seeds.",accuracy percent; epoch is the raw zero-based epoch index
cpr1,kL,"Prefix [49,13]",9,cpr1-kL-s9,90,56.47,63.46,S0313,100,false,"`cpr1`, 15 runs, 100 ep | Full available curve retained; registered_horizon and in_registered_plateau5_window identify the primary endpoint. Epoch observations are not independent seeds.",accuracy percent; epoch is the raw zero-based epoch index
cpr1,kL,"Prefix [49,13]",9,cpr1-kL-s9,91,56.44,63.53,S0313,100,false,"`cpr1`, 15 runs, 100 ep | Full available curve retained; registered_horizon and in_registered_plateau5_window identify the primary endpoint. Epoch observations are not independent seeds.",accuracy percent; epoch is the raw zero-based epoch index
cpr1,kL,"Prefix [49,13]",9,cpr1-kL-s9,92,56.37,63.55,S0313,100,false,"`cpr1`, 15 runs, 100 ep | Full available curve retained; registered_horizon and in_registered_plateau5_window identify the primary endpoint. Epoch observations are not independent seeds.",accuracy percent; epoch is the raw zero-based epoch index
cpr1,kL,"Prefix [49,13]",9,cpr1-kL-s9,93,56.37,63.57,S0313,100,false,"`cpr1`, 15 runs, 100 ep | Full available curve retained; registered_horizon and in_registered_plateau5_window identify the primary endpoint. Epoch observations are not independent seeds.",accuracy percent; epoch is the raw zero-based epoch index
cpr1,kL,"Prefix [49,13]",9,cpr1-kL-s9,94,56.27,63.4,S0313,100,false,"`cpr1`, 15 runs, 100 ep | Full available curve retained; registered_horizon and in_registered_plateau5_window identify the primary endpoint. Epoch observations are not independent seeds.",accuracy percent; epoch is the raw zero-based epoch index
cpr1,kL,"Prefix [49,13]",9,cpr1-kL-s9,95,56.2,63.63,S0313,100,true,"`cpr1`, 15 runs, 100 ep | Full available curve retained; registered_horizon and in_registered_plateau5_window identify the primary endpoint. Epoch observations are not independent seeds.",accuracy percent; epoch is the raw zero-based epoch index
cpr1,kL,"Prefix [49,13]",9,cpr1-kL-s9,96,56.4,63.67,S0313,100,true,"`cpr1`, 15 runs, 100 ep | Full available curve retained; registered_horizon and in_registered_plateau5_window identify the primary endpoint. Epoch observations are not independent seeds.",accuracy percent; epoch is the raw zero-based epoch index
cpr1,kL,"Prefix [49,13]",9,cpr1-kL-s9,97,56.25,63.71,S0313,100,true,"`cpr1`, 15 runs, 100 ep | Full available curve retained; registered_horizon and in_registered_plateau5_window identify the primary endpoint. Epoch observations are not independent seeds.",accuracy percent; epoch is the raw zero-based epoch index
cpr1,kL,"Prefix [49,13]",9,cpr1-kL-s9,98,56.26,63.59,S0313,100,true,"`cpr1`, 15 runs, 100 ep | Full available curve retained; registered_horizon and in_registered_plateau5_window identify the primary endpoint. Epoch observations are not independent seeds.",accuracy percent; epoch is the raw zero-based epoch index
cpr1,kL,"Prefix [49,13]",9,cpr1-kL-s9,99,56.13,63.51,S0313,100,true,"`cpr1`, 15 runs, 100 ep | Full available curve retained; registered_horizon and in_registered_plateau5_window identify the primary endpoint. Epoch observations are not independent seeds.",accuracy percent; epoch is the raw zero-based epoch index
cpr1,kL,"Prefix [49,13]",10,cpr1-kL-s10,0,1.02,1.02,S0311,100,false,"`cpr1`, 15 runs, 100 ep | Full available curve retained; registered_horizon and in_registered_plateau5_window identify the primary endpoint. Epoch observations are not independent seeds.",accuracy percent; epoch is the raw zero-based epoch index
cpr1,kL,"Prefix [49,13]",10,cpr1-kL-s10,1,1.01,1,S0311,100,false,"`cpr1`, 15 runs, 100 ep | Full available curve retained; registered_horizon and in_registered_plateau5_window identify the primary endpoint. Epoch observations are not independent seeds.",accuracy percent; epoch is the raw zero-based epoch index
cpr1,kL,"Prefix [49,13]",10,cpr1-kL-s10,2,1.02,1.02,S0311,100,false,"`cpr1`, 15 runs, 100 ep | Full available curve retained; registered_horizon and in_registered_plateau5_window identify the primary endpoint. Epoch observations are not independent seeds.",accuracy percent; epoch is the raw zero-based epoch index
cpr1,kL,"Prefix [49,13]",10,cpr1-kL-s10,3,1.05,1,S0311,100,false,"`cpr1`, 15 runs, 100 ep | Full available curve retained; registered_horizon and in_registered_plateau5_window identify the primary endpoint. Epoch observations are not independent seeds.",accuracy percent; epoch is the raw zero-based epoch index
cpr1,kL,"Prefix [49,13]",10,cpr1-kL-s10,4,1.05,1.01,S0311,100,false,"`cpr1`, 15 runs, 100 ep | Full available curve retained; registered_horizon and in_registered_plateau5_window identify the primary endpoint. Epoch observations are not independent seeds.",accuracy percent; epoch is the raw zero-based epoch index
cpr1,kL,"Prefix [49,13]",10,cpr1-kL-s10,5,1.11,1.03,S0311,100,false,"`cpr1`, 15 runs, 100 ep | Full available curve retained; registered_horizon and in_registered_plateau5_window identify the primary endpoint. Epoch observations are not independent seeds.",accuracy percent; epoch is the raw zero-based epoch index
cpr1,kL,"Prefix [49,13]",10,cpr1-kL-s10,6,1.16,1.03,S0311,100,false,"`cpr1`, 15 runs, 100 ep | Full available curve retained; registered_horizon and in_registered_plateau5_window identify the primary endpoint. Epoch observations are not independent seeds.",accuracy percent; epoch is the raw zero-based epoch index
cpr1,kL,"Prefix [49,13]",10,cpr1-kL-s10,7,1.64,1.21,S0311,100,false,"`cpr1`, 15 runs, 100 ep | Full available curve retained; registered_horizon and in_registered_plateau5_window identify the primary endpoint. Epoch observations are not independent seeds.",accuracy percent; epoch is the raw zero-based epoch index
cpr1,kL,"Prefix [49,13]",10,cpr1-kL-s10,8,2.17,1.6,S0311,100,false,"`cpr1`, 15 runs, 100 ep | Full available curve retained; registered_horizon and in_registered_plateau5_window identify the primary endpoint. Epoch observations are not independent seeds.",accuracy percent; epoch is the raw zero-based epoch index
cpr1,kL,"Prefix [49,13]",10,cpr1-kL-s10,9,3.11,2.38,S0311,100,false,"`cpr1`, 15 runs, 100 ep | Full available curve retained; registered_horizon and in_registered_plateau5_window identify the primary endpoint. Epoch observations are not independent seeds.",accuracy percent; epoch is the raw zero-based epoch index
cpr1,kL,"Prefix [49,13]",10,cpr1-kL-s10,10,4.07,3.29,S0311,100,false,"`cpr1`, 15 runs, 100 ep | Full available curve retained; registered_horizon and in_registered_plateau5_window identify the primary endpoint. Epoch observations are not independent seeds.",accuracy percent; epoch is the raw zero-based epoch index
cpr1,kL,"Prefix [49,13]",10,cpr1-kL-s10,11,5.52,4.45,S0311,100,false,"`cpr1`, 15 runs, 100 ep | Full available curve retained; registered_horizon and in_registered_plateau5_window identify the primary endpoint. Epoch observations are not independent seeds.",accuracy percent; epoch is the raw zero-based epoch index
cpr1,kL,"Prefix [49,13]",10,cpr1-kL-s10,12,7.56,6.2,S0311,100,false,"`cpr1`, 15 runs, 100 ep | Full available curve retained; registered_horizon and in_registered_plateau5_window identify the primary endpoint. Epoch observations are not independent seeds.",accuracy percent; epoch is the raw zero-based epoch index
cpr1,kL,"Prefix [49,13]",10,cpr1-kL-s10,13,9.37,8.08,S0311,100,false,"`cpr1`, 15 runs, 100 ep | Full available curve retained; registered_horizon and in_registered_plateau5_window identify the primary endpoint. Epoch observations are not independent seeds.",accuracy percent; epoch is the raw zero-based epoch index
cpr1,kL,"Prefix [49,13]",10,cpr1-kL-s10,14,10.73,10.06,S0311,100,false,"`cpr1`, 15 runs, 100 ep | Full available curve retained; registered_horizon and in_registered_plateau5_window identify the primary endpoint. Epoch observations are not independent seeds.",accuracy percent; epoch is the raw zero-based epoch index
cpr1,kL,"Prefix [49,13]",10,cpr1-kL-s10,15,12.24,11.58,S0311,100,false,"`cpr1`, 15 runs, 100 ep | Full available curve retained; registered_horizon and in_registered_plateau5_window identify the primary endpoint. Epoch observations are not independent seeds.",accuracy percent; epoch is the raw zero-based epoch index
cpr1,kL,"Prefix [49,13]",10,cpr1-kL-s10,16,14.46,13.28,S0311,100,false,"`cpr1`, 15 runs, 100 ep | Full available curve retained; registered_horizon and in_registered_plateau5_window identify the primary endpoint. Epoch observations are not independent seeds.",accuracy percent; epoch is the raw zero-based epoch index
cpr1,kL,"Prefix [49,13]",10,cpr1-kL-s10,17,14.15,14.6,S0311,100,false,"`cpr1`, 15 runs, 100 ep | Full available curve retained; registered_horizon and in_registered_plateau5_window identify the primary endpoint. Epoch observations are not independent seeds.",accuracy percent; epoch is the raw zero-based epoch index
cpr1,kL,"Prefix [49,13]",10,cpr1-kL-s10,18,18.21,16.54,S0311,100,false,"`cpr1`, 15 runs, 100 ep | Full available curve retained; registered_horizon and in_registered_plateau5_window identify the primary endpoint. Epoch observations are not independent seeds.",accuracy percent; epoch is the raw zero-based epoch index
cpr1,kL,"Prefix [49,13]",10,cpr1-kL-s10,19,20.91,19.9,S0311,100,false,"`cpr1`, 15 runs, 100 ep | Full available curve retained; registered_horizon and in_registered_plateau5_window identify the primary endpoint. Epoch observations are not independent seeds.",accuracy percent; epoch is the raw zero-based epoch index
cpr1,kL,"Prefix [49,13]",10,cpr1-kL-s10,20,23.27,22.54,S0311,100,false,"`cpr1`, 15 runs, 100 ep | Full available curve retained; registered_horizon and in_registered_plateau5_window identify the primary endpoint. Epoch observations are not independent seeds.",accuracy percent; epoch is the raw zero-based epoch index
cpr1,kL,"Prefix [49,13]",10,cpr1-kL-s10,21,25.69,24.88,S0311,100,false,"`cpr1`, 15 runs, 100 ep | Full available curve retained; registered_horizon and in_registered_plateau5_window identify the primary endpoint. Epoch observations are not independent seeds.",accuracy percent; epoch is the raw zero-based epoch index
cpr1,kL,"Prefix [49,13]",10,cpr1-kL-s10,22,28.12,26.78,S0311,100,false,"`cpr1`, 15 runs, 100 ep | Full available curve retained; registered_horizon and in_registered_plateau5_window identify the primary endpoint. Epoch observations are not independent seeds.",accuracy percent; epoch is the raw zero-based epoch index
cpr1,kL,"Prefix [49,13]",10,cpr1-kL-s10,23,29.87,29.08,S0311,100,false,"`cpr1`, 15 runs, 100 ep | Full available curve retained; registered_horizon and in_registered_plateau5_window identify the primary endpoint. Epoch observations are not independent seeds.",accuracy percent; epoch is the raw zero-based epoch index
cpr1,kL,"Prefix [49,13]",10,cpr1-kL-s10,24,30.46,31.3,S0311,100,false,"`cpr1`, 15 runs, 100 ep | Full available curve retained; registered_horizon and in_registered_plateau5_window identify the primary endpoint. Epoch observations are not independent seeds.",accuracy percent; epoch is the raw zero-based epoch index
cpr1,kL,"Prefix [49,13]",10,cpr1-kL-s10,25,32.96,32.57,S0311,100,false,"`cpr1`, 15 runs, 100 ep | Full available curve retained; registered_horizon and in_registered_plateau5_window identify the primary endpoint. Epoch observations are not independent seeds.",accuracy percent; epoch is the raw zero-based epoch index
cpr1,kL,"Prefix [49,13]",10,cpr1-kL-s10,26,33.89,34.67,S0311,100,false,"`cpr1`, 15 runs, 100 ep | Full available curve retained; registered_horizon and in_registered_plateau5_window identify the primary endpoint. Epoch observations are not independent seeds.",accuracy percent; epoch is the raw zero-based epoch index
cpr1,kL,"Prefix [49,13]",10,cpr1-kL-s10,27,37.37,36.43,S0311,100,false,"`cpr1`, 15 runs, 100 ep | Full available curve retained; registered_horizon and in_registered_plateau5_window identify the primary endpoint. Epoch observations are not independent seeds.",accuracy percent; epoch is the raw zero-based epoch index
cpr1,kL,"Prefix [49,13]",10,cpr1-kL-s10,28,38.78,38.54,S0311,100,false,"`cpr1`, 15 runs, 100 ep | Full available curve retained; registered_horizon and in_registered_plateau5_window identify the primary endpoint. Epoch observations are not independent seeds.",accuracy percent; epoch is the raw zero-based epoch index
cpr1,kL,"Prefix [49,13]",10,cpr1-kL-s10,29,40.09,40.61,S0311,100,false,"`cpr1`, 15 runs, 100 ep | Full available curve retained; registered_horizon and in_registered_plateau5_window identify the primary endpoint. Epoch observations are not independent seeds.",accuracy percent; epoch is the raw zero-based epoch index
cpr1,kL,"Prefix [49,13]",10,cpr1-kL-s10,30,40.85,42.06,S0311,100,false,"`cpr1`, 15 runs, 100 ep | Full available curve retained; registered_horizon and in_registered_plateau5_window identify the primary endpoint. Epoch observations are not independent seeds.",accuracy percent; epoch is the raw zero-based epoch index
cpr1,kL,"Prefix [49,13]",10,cpr1-kL-s10,31,43.13,43.76,S0311,100,false,"`cpr1`, 15 runs, 100 ep | Full available curve retained; registered_horizon and in_registered_plateau5_window identify the primary endpoint. Epoch observations are not independent seeds.",accuracy percent; epoch is the raw zero-based epoch index
cpr1,kL,"Prefix [49,13]",10,cpr1-kL-s10,32,44.45,45.06,S0311,100,false,"`cpr1`, 15 runs, 100 ep | Full available curve retained; registered_horizon and in_registered_plateau5_window identify the primary endpoint. Epoch observations are not independent seeds.",accuracy percent; epoch is the raw zero-based epoch index
cpr1,kL,"Prefix [49,13]",10,cpr1-kL-s10,33,45.19,46.61,S0311,100,false,"`cpr1`, 15 runs, 100 ep | Full available curve retained; registered_horizon and in_registered_plateau5_window identify the primary endpoint. Epoch observations are not independent seeds.",accuracy percent; epoch is the raw zero-based epoch index
cpr1,kL,"Prefix [49,13]",10,cpr1-kL-s10,34,46.8,48.28,S0311,100,false,"`cpr1`, 15 runs, 100 ep | Full available curve retained; registered_horizon and in_registered_plateau5_window identify the primary endpoint. Epoch observations are not independent seeds.",accuracy percent; epoch is the raw zero-based epoch index
cpr1,kL,"Prefix [49,13]",10,cpr1-kL-s10,35,48.7,49.88,S0311,100,false,"`cpr1`, 15 runs, 100 ep | Full available curve retained; registered_horizon and in_registered_plateau5_window identify the primary endpoint. Epoch observations are not independent seeds.",accuracy percent; epoch is the raw zero-based epoch index
cpr1,kL,"Prefix [49,13]",10,cpr1-kL-s10,36,48.45,51.02,S0311,100,false,"`cpr1`, 15 runs, 100 ep | Full available curve retained; registered_horizon and in_registered_plateau5_window identify the primary endpoint. Epoch observations are not independent seeds.",accuracy percent; epoch is the raw zero-based epoch index
cpr1,kL,"Prefix [49,13]",10,cpr1-kL-s10,37,50,52.4,S0311,100,false,"`cpr1`, 15 runs, 100 ep | Full available curve retained; registered_horizon and in_registered_plateau5_window identify the primary endpoint. Epoch observations are not independent seeds.",accuracy percent; epoch is the raw zero-based epoch index
cpr1,kL,"Prefix [49,13]",10,cpr1-kL-s10,38,50.41,53.56,S0311,100,false,"`cpr1`, 15 runs, 100 ep | Full available curve retained; registered_horizon and in_registered_plateau5_window identify the primary endpoint. Epoch observations are not independent seeds.",accuracy percent; epoch is the raw zero-based epoch index
cpr1,kL,"Prefix [49,13]",10,cpr1-kL-s10,39,51.88,54.71,S0311,100,false,"`cpr1`, 15 runs, 100 ep | Full available curve retained; registered_horizon and in_registered_plateau5_window identify the primary endpoint. Epoch observations are not independent seeds.",accuracy percent; epoch is the raw zero-based epoch index
cpr1,kL,"Prefix [49,13]",10,cpr1-kL-s10,40,52.16,55.53,S0311,100,false,"`cpr1`, 15 runs, 100 ep | Full available curve retained; registered_horizon and in_registered_plateau5_window identify the primary endpoint. Epoch observations are not independent seeds.",accuracy percent; epoch is the raw zero-based epoch index
cpr1,kL,"Prefix [49,13]",10,cpr1-kL-s10,41,52.28,56.38,S0311,100,false,"`cpr1`, 15 runs, 100 ep | Full available curve retained; registered_horizon and in_registered_plateau5_window identify the primary endpoint. Epoch observations are not independent seeds.",accuracy percent; epoch is the raw zero-based epoch index
cpr1,kL,"Prefix [49,13]",10,cpr1-kL-s10,42,52.93,57.42,S0311,100,false,"`cpr1`, 15 runs, 100 ep | Full available curve retained; registered_horizon and in_registered_plateau5_window identify the primary endpoint. Epoch observations are not independent seeds.",accuracy percent; epoch is the raw zero-based epoch index
cpr1,kL,"Prefix [49,13]",10,cpr1-kL-s10,43,53.5,57.86,S0311,100,false,"`cpr1`, 15 runs, 100 ep | Full available curve retained; registered_horizon and in_registered_plateau5_window identify the primary endpoint. Epoch observations are not independent seeds.",accuracy percent; epoch is the raw zero-based epoch index
cpr1,kL,"Prefix [49,13]",10,cpr1-kL-s10,44,54.05,58.71,S0311,100,false,"`cpr1`, 15 runs, 100 ep | Full available curve retained; registered_horizon and in_registered_plateau5_window identify the primary endpoint. Epoch observations are not independent seeds.",accuracy percent; epoch is the raw zero-based epoch index
cpr1,kL,"Prefix [49,13]",10,cpr1-kL-s10,45,54.02,59.21,S0311,100,false,"`cpr1`, 15 runs, 100 ep | Full available curve retained; registered_horizon and in_registered_plateau5_window identify the primary endpoint. Epoch observations are not independent seeds.",accuracy percent; epoch is the raw zero-based epoch index
cpr1,kL,"Prefix [49,13]",10,cpr1-kL-s10,46,54.46,59.85,S0311,100,false,"`cpr1`, 15 runs, 100 ep | Full available curve retained; registered_horizon and in_registered_plateau5_window identify the primary endpoint. Epoch observations are not independent seeds.",accuracy percent; epoch is the raw zero-based epoch index
cpr1,kL,"Prefix [49,13]",10,cpr1-kL-s10,47,54.61,60.27,S0311,100,false,"`cpr1`, 15 runs, 100 ep | Full available curve retained; registered_horizon and in_registered_plateau5_window identify the primary endpoint. Epoch observations are not independent seeds.",accuracy percent; epoch is the raw zero-based epoch index
cpr1,kL,"Prefix [49,13]",10,cpr1-kL-s10,48,54.92,60.7,S0311,100,false,"`cpr1`, 15 runs, 100 ep | Full available curve retained; registered_horizon and in_registered_plateau5_window identify the primary endpoint. Epoch observations are not independent seeds.",accuracy percent; epoch is the raw zero-based epoch index
cpr1,kL,"Prefix [49,13]",10,cpr1-kL-s10,49,55.17,60.6,S0311,100,false,"`cpr1`, 15 runs, 100 ep | Full available curve retained; registered_horizon and in_registered_plateau5_window identify the primary endpoint. Epoch observations are not independent seeds.",accuracy percent; epoch is the raw zero-based epoch index
cpr1,kL,"Prefix [49,13]",10,cpr1-kL-s10,50,55.37,61.1,S0311,100,false,"`cpr1`, 15 runs, 100 ep | Full available curve retained; registered_horizon and in_registered_plateau5_window identify the primary endpoint. Epoch observations are not independent seeds.",accuracy percent; epoch is the raw zero-based epoch index
cpr1,kL,"Prefix [49,13]",10,cpr1-kL-s10,51,55.26,61.07,S0311,100,false,"`cpr1`, 15 runs, 100 ep | Full available curve retained; registered_horizon and in_registered_plateau5_window identify the primary endpoint. Epoch observations are not independent seeds.",accuracy percent; epoch is the raw zero-based epoch index
cpr1,kL,"Prefix [49,13]",10,cpr1-kL-s10,52,55.35,61.53,S0311,100,false,"`cpr1`, 15 runs, 100 ep | Full available curve retained; registered_horizon and in_registered_plateau5_window identify the primary endpoint. Epoch observations are not independent seeds.",accuracy percent; epoch is the raw zero-based epoch index
cpr1,kL,"Prefix [49,13]",10,cpr1-kL-s10,53,55.78,61.57,S0311,100,false,"`cpr1`, 15 runs, 100 ep | Full available curve retained; registered_horizon and in_registered_plateau5_window identify the primary endpoint. Epoch observations are not independent seeds.",accuracy percent; epoch is the raw zero-based epoch index
cpr1,kL,"Prefix [49,13]",10,cpr1-kL-s10,54,55.5,61.76,S0311,100,false,"`cpr1`, 15 runs, 100 ep | Full available curve retained; registered_horizon and in_registered_plateau5_window identify the primary endpoint. Epoch observations are not independent seeds.",accuracy percent; epoch is the raw zero-based epoch index
cpr1,kL,"Prefix [49,13]",10,cpr1-kL-s10,55,55.54,61.99,S0311,100,false,"`cpr1`, 15 runs, 100 ep | Full available curve retained; registered_horizon and in_registered_plateau5_window identify the primary endpoint. Epoch observations are not independent seeds.",accuracy percent; epoch is the raw zero-based epoch index
cpr1,kL,"Prefix [49,13]",10,cpr1-kL-s10,56,55.82,61.99,S0311,100,false,"`cpr1`, 15 runs, 100 ep | Full available curve retained; registered_horizon and in_registered_plateau5_window identify the primary endpoint. Epoch observations are not independent seeds.",accuracy percent; epoch is the raw zero-based epoch index
cpr1,kL,"Prefix [49,13]",10,cpr1-kL-s10,57,55.6,62.25,S0311,100,false,"`cpr1`, 15 runs, 100 ep | Full available curve retained; registered_horizon and in_registered_plateau5_window identify the primary endpoint. Epoch observations are not independent seeds.",accuracy percent; epoch is the raw zero-based epoch index
cpr1,kL,"Prefix [49,13]",10,cpr1-kL-s10,58,55.86,62.27,S0311,100,false,"`cpr1`, 15 runs, 100 ep | Full available curve retained; registered_horizon and in_registered_plateau5_window identify the primary endpoint. Epoch observations are not independent seeds.",accuracy percent; epoch is the raw zero-based epoch index
cpr1,kL,"Prefix [49,13]",10,cpr1-kL-s10,59,56,62.48,S0311,100,false,"`cpr1`, 15 runs, 100 ep | Full available curve retained; registered_horizon and in_registered_plateau5_window identify the primary endpoint. Epoch observations are not independent seeds.",accuracy percent; epoch is the raw zero-based epoch index
cpr1,kL,"Prefix [49,13]",10,cpr1-kL-s10,60,55.94,62.58,S0311,100,false,"`cpr1`, 15 runs, 100 ep | Full available curve retained; registered_horizon and in_registered_plateau5_window identify the primary endpoint. Epoch observations are not independent seeds.",accuracy percent; epoch is the raw zero-based epoch index
cpr1,kL,"Prefix [49,13]",10,cpr1-kL-s10,61,55.77,62.55,S0311,100,false,"`cpr1`, 15 runs, 100 ep | Full available curve retained; registered_horizon and in_registered_plateau5_window identify the primary endpoint. Epoch observations are not independent seeds.",accuracy percent; epoch is the raw zero-based epoch index
cpr1,kL,"Prefix [49,13]",10,cpr1-kL-s10,62,55.93,62.57,S0311,100,false,"`cpr1`, 15 runs, 100 ep | Full available curve retained; registered_horizon and in_registered_plateau5_window identify the primary endpoint. Epoch observations are not independent seeds.",accuracy percent; epoch is the raw zero-based epoch index
cpr1,kL,"Prefix [49,13]",10,cpr1-kL-s10,63,56.01,62.5,S0311,100,false,"`cpr1`, 15 runs, 100 ep | Full available curve retained; registered_horizon and in_registered_plateau5_window identify the primary endpoint. Epoch observations are not independent seeds.",accuracy percent; epoch is the raw zero-based epoch index
cpr1,kL,"Prefix [49,13]",10,cpr1-kL-s10,64,56.11,62.51,S0311,100,false,"`cpr1`, 15 runs, 100 ep | Full available curve retained; registered_horizon and in_registered_plateau5_window identify the primary endpoint. Epoch observations are not independent seeds.",accuracy percent; epoch is the raw zero-based epoch index
cpr1,kL,"Prefix [49,13]",10,cpr1-kL-s10,65,55.82,62.55,S0311,100,false,"`cpr1`, 15 runs, 100 ep | Full available curve retained; registered_horizon and in_registered_plateau5_window identify the primary endpoint. Epoch observations are not independent seeds.",accuracy percent; epoch is the raw zero-based epoch index
cpr1,kL,"Prefix [49,13]",10,cpr1-kL-s10,66,55.85,62.83,S0311,100,false,"`cpr1`, 15 runs, 100 ep | Full available curve retained; registered_horizon and in_registered_plateau5_window identify the primary endpoint. Epoch observations are not independent seeds.",accuracy percent; epoch is the raw zero-based epoch index
cpr1,kL,"Prefix [49,13]",10,cpr1-kL-s10,67,55.93,62.89,S0311,100,false,"`cpr1`, 15 runs, 100 ep | Full available curve retained; registered_horizon and in_registered_plateau5_window identify the primary endpoint. Epoch observations are not independent seeds.",accuracy percent; epoch is the raw zero-based epoch index
cpr1,kL,"Prefix [49,13]",10,cpr1-kL-s10,68,55.89,62.84,S0311,100,false,"`cpr1`, 15 runs, 100 ep | Full available curve retained; registered_horizon and in_registered_plateau5_window identify the primary endpoint. Epoch observations are not independent seeds.",accuracy percent; epoch is the raw zero-based epoch index
cpr1,kL,"Prefix [49,13]",10,cpr1-kL-s10,69,56.03,62.75,S0311,100,false,"`cpr1`, 15 runs, 100 ep | Full available curve retained; registered_horizon and in_registered_plateau5_window identify the primary endpoint. Epoch observations are not independent seeds.",accuracy percent; epoch is the raw zero-based epoch index
cpr1,kL,"Prefix [49,13]",10,cpr1-kL-s10,70,56.01,62.67,S0311,100,false,"`cpr1`, 15 runs, 100 ep | Full available curve retained; registered_horizon and in_registered_plateau5_window identify the primary endpoint. Epoch observations are not independent seeds.",accuracy percent; epoch is the raw zero-based epoch index
cpr1,kL,"Prefix [49,13]",10,cpr1-kL-s10,71,55.93,63,S0311,100,false,"`cpr1`, 15 runs, 100 ep | Full available curve retained; registered_horizon and in_registered_plateau5_window identify the primary endpoint. Epoch observations are not independent seeds.",accuracy percent; epoch is the raw zero-based epoch index
cpr1,kL,"Prefix [49,13]",10,cpr1-kL-s10,72,56.25,62.95,S0311,100,false,"`cpr1`, 15 runs, 100 ep | Full available curve retained; registered_horizon and in_registered_plateau5_window identify the primary endpoint. Epoch observations are not independent seeds.",accuracy percent; epoch is the raw zero-based epoch index
cpr1,kL,"Prefix [49,13]",10,cpr1-kL-s10,73,56,62.96,S0311,100,false,"`cpr1`, 15 runs, 100 ep | Full available curve retained; registered_horizon and in_registered_plateau5_window identify the primary endpoint. Epoch observations are not independent seeds.",accuracy percent; epoch is the raw zero-based epoch index
cpr1,kL,"Prefix [49,13]",10,cpr1-kL-s10,74,56.22,62.89,S0311,100,false,"`cpr1`, 15 runs, 100 ep | Full available curve retained; registered_horizon and in_registered_plateau5_window identify the primary endpoint. Epoch observations are not independent seeds.",accuracy percent; epoch is the raw zero-based epoch index
cpr1,kL,"Prefix [49,13]",10,cpr1-kL-s10,75,56.11,62.94,S0311,100,false,"`cpr1`, 15 runs, 100 ep | Full available curve retained; registered_horizon and in_registered_plateau5_window identify the primary endpoint. Epoch observations are not independent seeds.",accuracy percent; epoch is the raw zero-based epoch index
cpr1,kL,"Prefix [49,13]",10,cpr1-kL-s10,76,55.97,62.84,S0311,100,false,"`cpr1`, 15 runs, 100 ep | Full available curve retained; registered_horizon and in_registered_plateau5_window identify the primary endpoint. Epoch observations are not independent seeds.",accuracy percent; epoch is the raw zero-based epoch index
cpr1,kL,"Prefix [49,13]",10,cpr1-kL-s10,77,56.01,63.04,S0311,100,false,"`cpr1`, 15 runs, 100 ep | Full available curve retained; registered_horizon and in_registered_plateau5_window identify the primary endpoint. Epoch observations are not independent seeds.",accuracy percent; epoch is the raw zero-based epoch index
cpr1,kL,"Prefix [49,13]",10,cpr1-kL-s10,78,56.14,62.97,S0311,100,false,"`cpr1`, 15 runs, 100 ep | Full available curve retained; registered_horizon and in_registered_plateau5_window identify the primary endpoint. Epoch observations are not independent seeds.",accuracy percent; epoch is the raw zero-based epoch index
cpr1,kL,"Prefix [49,13]",10,cpr1-kL-s10,79,56.17,63.04,S0311,100,false,"`cpr1`, 15 runs, 100 ep | Full available curve retained; registered_horizon and in_registered_plateau5_window identify the primary endpoint. Epoch observations are not independent seeds.",accuracy percent; epoch is the raw zero-based epoch index
cpr1,kL,"Prefix [49,13]",10,cpr1-kL-s10,80,56.12,62.84,S0311,100,false,"`cpr1`, 15 runs, 100 ep | Full available curve retained; registered_horizon and in_registered_plateau5_window identify the primary endpoint. Epoch observations are not independent seeds.",accuracy percent; epoch is the raw zero-based epoch index
cpr1,kL,"Prefix [49,13]",10,cpr1-kL-s10,81,56.12,63,S0311,100,false,"`cpr1`, 15 runs, 100 ep | Full available curve retained; registered_horizon and in_registered_plateau5_window identify the primary endpoint. Epoch observations are not independent seeds.",accuracy percent; epoch is the raw zero-based epoch index
cpr1,kL,"Prefix [49,13]",10,cpr1-kL-s10,82,56.17,63.03,S0311,100,false,"`cpr1`, 15 runs, 100 ep | Full available curve retained; registered_horizon and in_registered_plateau5_window identify the primary endpoint. Epoch observations are not independent seeds.",accuracy percent; epoch is the raw zero-based epoch index
cpr1,kL,"Prefix [49,13]",10,cpr1-kL-s10,83,56.16,62.84,S0311,100,false,"`cpr1`, 15 runs, 100 ep | Full available curve retained; registered_horizon and in_registered_plateau5_window identify the primary endpoint. Epoch observations are not independent seeds.",accuracy percent; epoch is the raw zero-based epoch index
cpr1,kL,"Prefix [49,13]",10,cpr1-kL-s10,84,55.92,62.83,S0311,100,false,"`cpr1`, 15 runs, 100 ep | Full available curve retained; registered_horizon and in_registered_plateau5_window identify the primary endpoint. Epoch observations are not independent seeds.",accuracy percent; epoch is the raw zero-based epoch index
cpr1,kL,"Prefix [49,13]",10,cpr1-kL-s10,85,55.94,62.95,S0311,100,false,"`cpr1`, 15 runs, 100 ep | Full available curve retained; registered_horizon and in_registered_plateau5_window identify the primary endpoint. Epoch observations are not independent seeds.",accuracy percent; epoch is the raw zero-based epoch index
cpr1,kL,"Prefix [49,13]",10,cpr1-kL-s10,86,55.98,62.9,S0311,100,false,"`cpr1`, 15 runs, 100 ep | Full available curve retained; registered_horizon and in_registered_plateau5_window identify the primary endpoint. Epoch observations are not independent seeds.",accuracy percent; epoch is the raw zero-based epoch index
cpr1,kL,"Prefix [49,13]",10,cpr1-kL-s10,87,56.16,62.96,S0311,100,false,"`cpr1`, 15 runs, 100 ep | Full available curve retained; registered_horizon and in_registered_plateau5_window identify the primary endpoint. Epoch observations are not independent seeds.",accuracy percent; epoch is the raw zero-based epoch index
cpr1,kL,"Prefix [49,13]",10,cpr1-kL-s10,88,56.16,63.02,S0311,100,false,"`cpr1`, 15 runs, 100 ep | Full available curve retained; registered_horizon and in_registered_plateau5_window identify the primary endpoint. Epoch observations are not independent seeds.",accuracy percent; epoch is the raw zero-based epoch index
cpr1,kL,"Prefix [49,13]",10,cpr1-kL-s10,89,56.11,62.98,S0311,100,false,"`cpr1`, 15 runs, 100 ep | Full available curve retained; registered_horizon and in_registered_plateau5_window identify the primary endpoint. Epoch observations are not independent seeds.",accuracy percent; epoch is the raw zero-based epoch index
cpr1,kL,"Prefix [49,13]",10,cpr1-kL-s10,90,56.23,62.9,S0311,100,false,"`cpr1`, 15 runs, 100 ep | Full available curve retained; registered_horizon and in_registered_plateau5_window identify the primary endpoint. Epoch observations are not independent seeds.",accuracy percent; epoch is the raw zero-based epoch index
cpr1,kL,"Prefix [49,13]",10,cpr1-kL-s10,91,56.13,63.05,S0311,100,false,"`cpr1`, 15 runs, 100 ep | Full available curve retained; registered_horizon and in_registered_plateau5_window identify the primary endpoint. Epoch observations are not independent seeds.",accuracy percent; epoch is the raw zero-based epoch index
cpr1,kL,"Prefix [49,13]",10,cpr1-kL-s10,92,56.13,62.9,S0311,100,false,"`cpr1`, 15 runs, 100 ep | Full available curve retained; registered_horizon and in_registered_plateau5_window identify the primary endpoint. Epoch observations are not independent seeds.",accuracy percent; epoch is the raw zero-based epoch index
cpr1,kL,"Prefix [49,13]",10,cpr1-kL-s10,93,56.08,63.15,S0311,100,false,"`cpr1`, 15 runs, 100 ep | Full available curve retained; registered_horizon and in_registered_plateau5_window identify the primary endpoint. Epoch observations are not independent seeds.",accuracy percent; epoch is the raw zero-based epoch index
cpr1,kL,"Prefix [49,13]",10,cpr1-kL-s10,94,55.96,63.01,S0311,100,false,"`cpr1`, 15 runs, 100 ep | Full available curve retained; registered_horizon and in_registered_plateau5_window identify the primary endpoint. Epoch observations are not independent seeds.",accuracy percent; epoch is the raw zero-based epoch index
cpr1,kL,"Prefix [49,13]",10,cpr1-kL-s10,95,56.18,62.86,S0311,100,true,"`cpr1`, 15 runs, 100 ep | Full available curve retained; registered_horizon and in_registered_plateau5_window identify the primary endpoint. Epoch observations are not independent seeds.",accuracy percent; epoch is the raw zero-based epoch index
cpr1,kL,"Prefix [49,13]",10,cpr1-kL-s10,96,56.24,63.04,S0311,100,true,"`cpr1`, 15 runs, 100 ep | Full available curve retained; registered_horizon and in_registered_plateau5_window identify the primary endpoint. Epoch observations are not independent seeds.",accuracy percent; epoch is the raw zero-based epoch index
cpr1,kL,"Prefix [49,13]",10,cpr1-kL-s10,97,56.04,62.96,S0311,100,true,"`cpr1`, 15 runs, 100 ep | Full available curve retained; registered_horizon and in_registered_plateau5_window identify the primary endpoint. Epoch observations are not independent seeds.",accuracy percent; epoch is the raw zero-based epoch index
cpr1,kL,"Prefix [49,13]",10,cpr1-kL-s10,98,56.15,63.1,S0311,100,true,"`cpr1`, 15 runs, 100 ep | Full available curve retained; registered_horizon and in_registered_plateau5_window identify the primary endpoint. Epoch observations are not independent seeds.",accuracy percent; epoch is the raw zero-based epoch index
cpr1,kL,"Prefix [49,13]",10,cpr1-kL-s10,99,56.2,62.71,S0311,100,true,"`cpr1`, 15 runs, 100 ep | Full available curve retained; registered_horizon and in_registered_plateau5_window identify the primary endpoint. Epoch observations are not independent seeds.",accuracy percent; epoch is the raw zero-based epoch index
cpr1,kL,"Prefix [49,13]",11,cpr1-kL-s11,0,0.95,0.95,S0312,100,false,"`cpr1`, 15 runs, 100 ep | Full available curve retained; registered_horizon and in_registered_plateau5_window identify the primary endpoint. Epoch observations are not independent seeds.",accuracy percent; epoch is the raw zero-based epoch index
cpr1,kL,"Prefix [49,13]",11,cpr1-kL-s11,1,1.02,0.96,S0312,100,false,"`cpr1`, 15 runs, 100 ep | Full available curve retained; registered_horizon and in_registered_plateau5_window identify the primary endpoint. Epoch observations are not independent seeds.",accuracy percent; epoch is the raw zero-based epoch index
cpr1,kL,"Prefix [49,13]",11,cpr1-kL-s11,2,1,0.96,S0312,100,false,"`cpr1`, 15 runs, 100 ep | Full available curve retained; registered_horizon and in_registered_plateau5_window identify the primary endpoint. Epoch observations are not independent seeds.",accuracy percent; epoch is the raw zero-based epoch index
cpr1,kL,"Prefix [49,13]",11,cpr1-kL-s11,3,1.05,0.97,S0312,100,false,"`cpr1`, 15 runs, 100 ep | Full available curve retained; registered_horizon and in_registered_plateau5_window identify the primary endpoint. Epoch observations are not independent seeds.",accuracy percent; epoch is the raw zero-based epoch index
cpr1,kL,"Prefix [49,13]",11,cpr1-kL-s11,4,0.95,0.93,S0312,100,false,"`cpr1`, 15 runs, 100 ep | Full available curve retained; registered_horizon and in_registered_plateau5_window identify the primary endpoint. Epoch observations are not independent seeds.",accuracy percent; epoch is the raw zero-based epoch index
cpr1,kL,"Prefix [49,13]",11,cpr1-kL-s11,5,1.01,0.98,S0312,100,false,"`cpr1`, 15 runs, 100 ep | Full available curve retained; registered_horizon and in_registered_plateau5_window identify the primary endpoint. Epoch observations are not independent seeds.",accuracy percent; epoch is the raw zero-based epoch index
cpr1,kL,"Prefix [49,13]",11,cpr1-kL-s11,6,1.23,1.05,S0312,100,false,"`cpr1`, 15 runs, 100 ep | Full available curve retained; registered_horizon and in_registered_plateau5_window identify the primary endpoint. Epoch observations are not independent seeds.",accuracy percent; epoch is the raw zero-based epoch index
cpr1,kL,"Prefix [49,13]",11,cpr1-kL-s11,7,1.54,1.29,S0312,100,false,"`cpr1`, 15 runs, 100 ep | Full available curve retained; registered_horizon and in_registered_plateau5_window identify the primary endpoint. Epoch observations are not independent seeds.",accuracy percent; epoch is the raw zero-based epoch index
cpr1,kL,"Prefix [49,13]",11,cpr1-kL-s11,8,1.9,1.55,S0312,100,false,"`cpr1`, 15 runs, 100 ep | Full available curve retained; registered_horizon and in_registered_plateau5_window identify the primary endpoint. Epoch observations are not independent seeds.",accuracy percent; epoch is the raw zero-based epoch index
cpr1,kL,"Prefix [49,13]",11,cpr1-kL-s11,9,2.51,2,S0312,100,false,"`cpr1`, 15 runs, 100 ep | Full available curve retained; registered_horizon and in_registered_plateau5_window identify the primary endpoint. Epoch observations are not independent seeds.",accuracy percent; epoch is the raw zero-based epoch index
cpr1,kL,"Prefix [49,13]",11,cpr1-kL-s11,10,3.04,2.64,S0312,100,false,"`cpr1`, 15 runs, 100 ep | Full available curve retained; registered_horizon and in_registered_plateau5_window identify the primary endpoint. Epoch observations are not independent seeds.",accuracy percent; epoch is the raw zero-based epoch index
cpr1,kL,"Prefix [49,13]",11,cpr1-kL-s11,11,4.07,3.28,S0312,100,false,"`cpr1`, 15 runs, 100 ep | Full available curve retained; registered_horizon and in_registered_plateau5_window identify the primary endpoint. Epoch observations are not independent seeds.",accuracy percent; epoch is the raw zero-based epoch index
cpr1,kL,"Prefix [49,13]",11,cpr1-kL-s11,12,6.16,5.03,S0312,100,false,"`cpr1`, 15 runs, 100 ep | Full available curve retained; registered_horizon and in_registered_plateau5_window identify the primary endpoint. Epoch observations are not independent seeds.",accuracy percent; epoch is the raw zero-based epoch index
cpr1,kL,"Prefix [49,13]",11,cpr1-kL-s11,13,8.47,6.94,S0312,100,false,"`cpr1`, 15 runs, 100 ep | Full available curve retained; registered_horizon and in_registered_plateau5_window identify the primary endpoint. Epoch observations are not independent seeds.",accuracy percent; epoch is the raw zero-based epoch index
cpr1,kL,"Prefix [49,13]",11,cpr1-kL-s11,14,10.42,9.31,S0312,100,false,"`cpr1`, 15 runs, 100 ep | Full available curve retained; registered_horizon and in_registered_plateau5_window identify the primary endpoint. Epoch observations are not independent seeds.",accuracy percent; epoch is the raw zero-based epoch index
cpr1,kL,"Prefix [49,13]",11,cpr1-kL-s11,15,12.35,11.47,S0312,100,false,"`cpr1`, 15 runs, 100 ep | Full available curve retained; registered_horizon and in_registered_plateau5_window identify the primary endpoint. Epoch observations are not independent seeds.",accuracy percent; epoch is the raw zero-based epoch index
cpr1,kL,"Prefix [49,13]",11,cpr1-kL-s11,16,14.47,13.25,S0312,100,false,"`cpr1`, 15 runs, 100 ep | Full available curve retained; registered_horizon and in_registered_plateau5_window identify the primary endpoint. Epoch observations are not independent seeds.",accuracy percent; epoch is the raw zero-based epoch index
cpr1,kL,"Prefix [49,13]",11,cpr1-kL-s11,17,15.98,14.64,S0312,100,false,"`cpr1`, 15 runs, 100 ep | Full available curve retained; registered_horizon and in_registered_plateau5_window identify the primary endpoint. Epoch observations are not independent seeds.",accuracy percent; epoch is the raw zero-based epoch index
cpr1,kL,"Prefix [49,13]",11,cpr1-kL-s11,18,19.1,16.9,S0312,100,false,"`cpr1`, 15 runs, 100 ep | Full available curve retained; registered_horizon and in_registered_plateau5_window identify the primary endpoint. Epoch observations are not independent seeds.",accuracy percent; epoch is the raw zero-based epoch index
cpr1,kL,"Prefix [49,13]",11,cpr1-kL-s11,19,21.16,19.99,S0312,100,false,"`cpr1`, 15 runs, 100 ep | Full available curve retained; registered_horizon and in_registered_plateau5_window identify the primary endpoint. Epoch observations are not independent seeds.",accuracy percent; epoch is the raw zero-based epoch index
cpr1,kL,"Prefix [49,13]",11,cpr1-kL-s11,20,23.14,22.8,S0312,100,false,"`cpr1`, 15 runs, 100 ep | Full available curve retained; registered_horizon and in_registered_plateau5_window identify the primary endpoint. Epoch observations are not independent seeds.",accuracy percent; epoch is the raw zero-based epoch index
cpr1,kL,"Prefix [49,13]",11,cpr1-kL-s11,21,24.71,24.95,S0312,100,false,"`cpr1`, 15 runs, 100 ep | Full available curve retained; registered_horizon and in_registered_plateau5_window identify the primary endpoint. Epoch observations are not independent seeds.",accuracy percent; epoch is the raw zero-based epoch index
cpr1,kL,"Prefix [49,13]",11,cpr1-kL-s11,22,26.53,27.15,S0312,100,false,"`cpr1`, 15 runs, 100 ep | Full available curve retained; registered_horizon and in_registered_plateau5_window identify the primary endpoint. Epoch observations are not independent seeds.",accuracy percent; epoch is the raw zero-based epoch index
cpr1,kL,"Prefix [49,13]",11,cpr1-kL-s11,23,29.04,28.9,S0312,100,false,"`cpr1`, 15 runs, 100 ep | Full available curve retained; registered_horizon and in_registered_plateau5_window identify the primary endpoint. Epoch observations are not independent seeds.",accuracy percent; epoch is the raw zero-based epoch index
cpr1,kL,"Prefix [49,13]",11,cpr1-kL-s11,24,30.4,31,S0312,100,false,"`cpr1`, 15 runs, 100 ep | Full available curve retained; registered_horizon and in_registered_plateau5_window identify the primary endpoint. Epoch observations are not independent seeds.",accuracy percent; epoch is the raw zero-based epoch index
cpr1,kL,"Prefix [49,13]",11,cpr1-kL-s11,25,31.39,32.42,S0312,100,false,"`cpr1`, 15 runs, 100 ep | Full available curve retained; registered_horizon and in_registered_plateau5_window identify the primary endpoint. Epoch observations are not independent seeds.",accuracy percent; epoch is the raw zero-based epoch index
cpr1,kL,"Prefix [49,13]",11,cpr1-kL-s11,26,35.01,34.61,S0312,100,false,"`cpr1`, 15 runs, 100 ep | Full available curve retained; registered_horizon and in_registered_plateau5_window identify the primary endpoint. Epoch observations are not independent seeds.",accuracy percent; epoch is the raw zero-based epoch index
cpr1,kL,"Prefix [49,13]",11,cpr1-kL-s11,27,35.36,36.19,S0312,100,false,"`cpr1`, 15 runs, 100 ep | Full available curve retained; registered_horizon and in_registered_plateau5_window identify the primary endpoint. Epoch observations are not independent seeds.",accuracy percent; epoch is the raw zero-based epoch index
cpr1,kL,"Prefix [49,13]",11,cpr1-kL-s11,28,37.78,38.36,S0312,100,false,"`cpr1`, 15 runs, 100 ep | Full available curve retained; registered_horizon and in_registered_plateau5_window identify the primary endpoint. Epoch observations are not independent seeds.",accuracy percent; epoch is the raw zero-based epoch index
cpr1,kL,"Prefix [49,13]",11,cpr1-kL-s11,29,39.81,39.46,S0312,100,false,"`cpr1`, 15 runs, 100 ep | Full available curve retained; registered_horizon and in_registered_plateau5_window identify the primary endpoint. Epoch observations are not independent seeds.",accuracy percent; epoch is the raw zero-based epoch index
cpr1,kL,"Prefix [49,13]",11,cpr1-kL-s11,30,41.31,41.35,S0312,100,false,"`cpr1`, 15 runs, 100 ep | Full available curve retained; registered_horizon and in_registered_plateau5_window identify the primary endpoint. Epoch observations are not independent seeds.",accuracy percent; epoch is the raw zero-based epoch index
cpr1,kL,"Prefix [49,13]",11,cpr1-kL-s11,31,43.25,43.4,S0312,100,false,"`cpr1`, 15 runs, 100 ep | Full available curve retained; registered_horizon and in_registered_plateau5_window identify the primary endpoint. Epoch observations are not independent seeds.",accuracy percent; epoch is the raw zero-based epoch index
cpr1,kL,"Prefix [49,13]",11,cpr1-kL-s11,32,45.03,44.43,S0312,100,false,"`cpr1`, 15 runs, 100 ep | Full available curve retained; registered_horizon and in_registered_plateau5_window identify the primary endpoint. Epoch observations are not independent seeds.",accuracy percent; epoch is the raw zero-based epoch index
cpr1,kL,"Prefix [49,13]",11,cpr1-kL-s11,33,45.51,46.2,S0312,100,false,"`cpr1`, 15 runs, 100 ep | Full available curve retained; registered_horizon and in_registered_plateau5_window identify the primary endpoint. Epoch observations are not independent seeds.",accuracy percent; epoch is the raw zero-based epoch index
cpr1,kL,"Prefix [49,13]",11,cpr1-kL-s11,34,46.79,47.57,S0312,100,false,"`cpr1`, 15 runs, 100 ep | Full available curve retained; registered_horizon and in_registered_plateau5_window identify the primary endpoint. Epoch observations are not independent seeds.",accuracy percent; epoch is the raw zero-based epoch index
cpr1,kL,"Prefix [49,13]",11,cpr1-kL-s11,35,47.15,49.01,S0312,100,false,"`cpr1`, 15 runs, 100 ep | Full available curve retained; registered_horizon and in_registered_plateau5_window identify the primary endpoint. Epoch observations are not independent seeds.",accuracy percent; epoch is the raw zero-based epoch index
cpr1,kL,"Prefix [49,13]",11,cpr1-kL-s11,36,48.25,49.87,S0312,100,false,"`cpr1`, 15 runs, 100 ep | Full available curve retained; registered_horizon and in_registered_plateau5_window identify the primary endpoint. Epoch observations are not independent seeds.",accuracy percent; epoch is the raw zero-based epoch index
cpr1,kL,"Prefix [49,13]",11,cpr1-kL-s11,37,48.82,51.33,S0312,100,false,"`cpr1`, 15 runs, 100 ep | Full available curve retained; registered_horizon and in_registered_plateau5_window identify the primary endpoint. Epoch observations are not independent seeds.",accuracy percent; epoch is the raw zero-based epoch index
cpr1,kL,"Prefix [49,13]",11,cpr1-kL-s11,38,49.96,52.46,S0312,100,false,"`cpr1`, 15 runs, 100 ep | Full available curve retained; registered_horizon and in_registered_plateau5_window identify the primary endpoint. Epoch observations are not independent seeds.",accuracy percent; epoch is the raw zero-based epoch index
cpr1,kL,"Prefix [49,13]",11,cpr1-kL-s11,39,50.38,53.18,S0312,100,false,"`cpr1`, 15 runs, 100 ep | Full available curve retained; registered_horizon and in_registered_plateau5_window identify the primary endpoint. Epoch observations are not independent seeds.",accuracy percent; epoch is the raw zero-based epoch index
cpr1,kL,"Prefix [49,13]",11,cpr1-kL-s11,40,50.9,54.52,S0312,100,false,"`cpr1`, 15 runs, 100 ep | Full available curve retained; registered_horizon and in_registered_plateau5_window identify the primary endpoint. Epoch observations are not independent seeds.",accuracy percent; epoch is the raw zero-based epoch index
cpr1,kL,"Prefix [49,13]",11,cpr1-kL-s11,41,51.2,55.1,S0312,100,false,"`cpr1`, 15 runs, 100 ep | Full available curve retained; registered_horizon and in_registered_plateau5_window identify the primary endpoint. Epoch observations are not independent seeds.",accuracy percent; epoch is the raw zero-based epoch index
cpr1,kL,"Prefix [49,13]",11,cpr1-kL-s11,42,51.58,55.78,S0312,100,false,"`cpr1`, 15 runs, 100 ep | Full available curve retained; registered_horizon and in_registered_plateau5_window identify the primary endpoint. Epoch observations are not independent seeds.",accuracy percent; epoch is the raw zero-based epoch index
cpr1,kL,"Prefix [49,13]",11,cpr1-kL-s11,43,52.36,56.58,S0312,100,false,"`cpr1`, 15 runs, 100 ep | Full available curve retained; registered_horizon and in_registered_plateau5_window identify the primary endpoint. Epoch observations are not independent seeds.",accuracy percent; epoch is the raw zero-based epoch index
cpr1,kL,"Prefix [49,13]",11,cpr1-kL-s11,44,52.76,57.15,S0312,100,false,"`cpr1`, 15 runs, 100 ep | Full available curve retained; registered_horizon and in_registered_plateau5_window identify the primary endpoint. Epoch observations are not independent seeds.",accuracy percent; epoch is the raw zero-based epoch index
cpr1,kL,"Prefix [49,13]",11,cpr1-kL-s11,45,52.79,57.55,S0312,100,false,"`cpr1`, 15 runs, 100 ep | Full available curve retained; registered_horizon and in_registered_plateau5_window identify the primary endpoint. Epoch observations are not independent seeds.",accuracy percent; epoch is the raw zero-based epoch index
cpr1,kL,"Prefix [49,13]",11,cpr1-kL-s11,46,52.63,57.97,S0312,100,false,"`cpr1`, 15 runs, 100 ep | Full available curve retained; registered_horizon and in_registered_plateau5_window identify the primary endpoint. Epoch observations are not independent seeds.",accuracy percent; epoch is the raw zero-based epoch index
cpr1,kL,"Prefix [49,13]",11,cpr1-kL-s11,47,52.99,58.32,S0312,100,false,"`cpr1`, 15 runs, 100 ep | Full available curve retained; registered_horizon and in_registered_plateau5_window identify the primary endpoint. Epoch observations are not independent seeds.",accuracy percent; epoch is the raw zero-based epoch index
cpr1,kL,"Prefix [49,13]",11,cpr1-kL-s11,48,53.33,58.7,S0312,100,false,"`cpr1`, 15 runs, 100 ep | Full available curve retained; registered_horizon and in_registered_plateau5_window identify the primary endpoint. Epoch observations are not independent seeds.",accuracy percent; epoch is the raw zero-based epoch index
cpr1,kL,"Prefix [49,13]",11,cpr1-kL-s11,49,53.51,58.86,S0312,100,false,"`cpr1`, 15 runs, 100 ep | Full available curve retained; registered_horizon and in_registered_plateau5_window identify the primary endpoint. Epoch observations are not independent seeds.",accuracy percent; epoch is the raw zero-based epoch index
cpr1,kL,"Prefix [49,13]",11,cpr1-kL-s11,50,53.3,59.1,S0312,100,false,"`cpr1`, 15 runs, 100 ep | Full available curve retained; registered_horizon and in_registered_plateau5_window identify the primary endpoint. Epoch observations are not independent seeds.",accuracy percent; epoch is the raw zero-based epoch index
cpr1,kL,"Prefix [49,13]",11,cpr1-kL-s11,51,53.52,59.46,S0312,100,false,"`cpr1`, 15 runs, 100 ep | Full available curve retained; registered_horizon and in_registered_plateau5_window identify the primary endpoint. Epoch observations are not independent seeds.",accuracy percent; epoch is the raw zero-based epoch index
cpr1,kL,"Prefix [49,13]",11,cpr1-kL-s11,52,53.45,59.62,S0312,100,false,"`cpr1`, 15 runs, 100 ep | Full available curve retained; registered_horizon and in_registered_plateau5_window identify the primary endpoint. Epoch observations are not independent seeds.",accuracy percent; epoch is the raw zero-based epoch index
cpr1,kL,"Prefix [49,13]",11,cpr1-kL-s11,53,53.72,59.76,S0312,100,false,"`cpr1`, 15 runs, 100 ep | Full available curve retained; registered_horizon and in_registered_plateau5_window identify the primary endpoint. Epoch observations are not independent seeds.",accuracy percent; epoch is the raw zero-based epoch index
cpr1,kL,"Prefix [49,13]",11,cpr1-kL-s11,54,53.84,59.92,S0312,100,false,"`cpr1`, 15 runs, 100 ep | Full available curve retained; registered_horizon and in_registered_plateau5_window identify the primary endpoint. Epoch observations are not independent seeds.",accuracy percent; epoch is the raw zero-based epoch index
cpr1,kL,"Prefix [49,13]",11,cpr1-kL-s11,55,53.85,60.17,S0312,100,false,"`cpr1`, 15 runs, 100 ep | Full available curve retained; registered_horizon and in_registered_plateau5_window identify the primary endpoint. Epoch observations are not independent seeds.",accuracy percent; epoch is the raw zero-based epoch index
cpr1,kL,"Prefix [49,13]",11,cpr1-kL-s11,56,53.75,60.28,S0312,100,false,"`cpr1`, 15 runs, 100 ep | Full available curve retained; registered_horizon and in_registered_plateau5_window identify the primary endpoint. Epoch observations are not independent seeds.",accuracy percent; epoch is the raw zero-based epoch index
cpr1,kL,"Prefix [49,13]",11,cpr1-kL-s11,57,54.13,60.33,S0312,100,false,"`cpr1`, 15 runs, 100 ep | Full available curve retained; registered_horizon and in_registered_plateau5_window identify the primary endpoint. Epoch observations are not independent seeds.",accuracy percent; epoch is the raw zero-based epoch index
cpr1,kL,"Prefix [49,13]",11,cpr1-kL-s11,58,54.17,60.28,S0312,100,false,"`cpr1`, 15 runs, 100 ep | Full available curve retained; registered_horizon and in_registered_plateau5_window identify the primary endpoint. Epoch observations are not independent seeds.",accuracy percent; epoch is the raw zero-based epoch index
cpr1,kL,"Prefix [49,13]",11,cpr1-kL-s11,59,54.09,60.43,S0312,100,false,"`cpr1`, 15 runs, 100 ep | Full available curve retained; registered_horizon and in_registered_plateau5_window identify the primary endpoint. Epoch observations are not independent seeds.",accuracy percent; epoch is the raw zero-based epoch index
cpr1,kL,"Prefix [49,13]",11,cpr1-kL-s11,60,54.05,60.57,S0312,100,false,"`cpr1`, 15 runs, 100 ep | Full available curve retained; registered_horizon and in_registered_plateau5_window identify the primary endpoint. Epoch observations are not independent seeds.",accuracy percent; epoch is the raw zero-based epoch index
cpr1,kL,"Prefix [49,13]",11,cpr1-kL-s11,61,54.15,60.53,S0312,100,false,"`cpr1`, 15 runs, 100 ep | Full available curve retained; registered_horizon and in_registered_plateau5_window identify the primary endpoint. Epoch observations are not independent seeds.",accuracy percent; epoch is the raw zero-based epoch index
cpr1,kL,"Prefix [49,13]",11,cpr1-kL-s11,62,54.1,60.59,S0312,100,false,"`cpr1`, 15 runs, 100 ep | Full available curve retained; registered_horizon and in_registered_plateau5_window identify the primary endpoint. Epoch observations are not independent seeds.",accuracy percent; epoch is the raw zero-based epoch index
cpr1,kL,"Prefix [49,13]",11,cpr1-kL-s11,63,54.35,60.74,S0312,100,false,"`cpr1`, 15 runs, 100 ep | Full available curve retained; registered_horizon and in_registered_plateau5_window identify the primary endpoint. Epoch observations are not independent seeds.",accuracy percent; epoch is the raw zero-based epoch index
cpr1,kL,"Prefix [49,13]",11,cpr1-kL-s11,64,54.29,60.97,S0312,100,false,"`cpr1`, 15 runs, 100 ep | Full available curve retained; registered_horizon and in_registered_plateau5_window identify the primary endpoint. Epoch observations are not independent seeds.",accuracy percent; epoch is the raw zero-based epoch index
cpr1,kL,"Prefix [49,13]",11,cpr1-kL-s11,65,54.43,60.84,S0312,100,false,"`cpr1`, 15 runs, 100 ep | Full available curve retained; registered_horizon and in_registered_plateau5_window identify the primary endpoint. Epoch observations are not independent seeds.",accuracy percent; epoch is the raw zero-based epoch index
cpr1,kL,"Prefix [49,13]",11,cpr1-kL-s11,66,54.15,60.75,S0312,100,false,"`cpr1`, 15 runs, 100 ep | Full available curve retained; registered_horizon and in_registered_plateau5_window identify the primary endpoint. Epoch observations are not independent seeds.",accuracy percent; epoch is the raw zero-based epoch index
cpr1,kL,"Prefix [49,13]",11,cpr1-kL-s11,67,54.27,61.08,S0312,100,false,"`cpr1`, 15 runs, 100 ep | Full available curve retained; registered_horizon and in_registered_plateau5_window identify the primary endpoint. Epoch observations are not independent seeds.",accuracy percent; epoch is the raw zero-based epoch index
cpr1,kL,"Prefix [49,13]",11,cpr1-kL-s11,68,54.27,60.91,S0312,100,false,"`cpr1`, 15 runs, 100 ep | Full available curve retained; registered_horizon and in_registered_plateau5_window identify the primary endpoint. Epoch observations are not independent seeds.",accuracy percent; epoch is the raw zero-based epoch index
cpr1,kL,"Prefix [49,13]",11,cpr1-kL-s11,69,53.96,60.88,S0312,100,false,"`cpr1`, 15 runs, 100 ep | Full available curve retained; registered_horizon and in_registered_plateau5_window identify the primary endpoint. Epoch observations are not independent seeds.",accuracy percent; epoch is the raw zero-based epoch index
cpr1,kL,"Prefix [49,13]",11,cpr1-kL-s11,70,54.27,60.89,S0312,100,false,"`cpr1`, 15 runs, 100 ep | Full available curve retained; registered_horizon and in_registered_plateau5_window identify the primary endpoint. Epoch observations are not independent seeds.",accuracy percent; epoch is the raw zero-based epoch index
cpr1,kL,"Prefix [49,13]",11,cpr1-kL-s11,71,54.34,60.99,S0312,100,false,"`cpr1`, 15 runs, 100 ep | Full available curve retained; registered_horizon and in_registered_plateau5_window identify the primary endpoint. Epoch observations are not independent seeds.",accuracy percent; epoch is the raw zero-based epoch index
cpr1,kL,"Prefix [49,13]",11,cpr1-kL-s11,72,54,60.99,S0312,100,false,"`cpr1`, 15 runs, 100 ep | Full available curve retained; registered_horizon and in_registered_plateau5_window identify the primary endpoint. Epoch observations are not independent seeds.",accuracy percent; epoch is the raw zero-based epoch index
cpr1,kL,"Prefix [49,13]",11,cpr1-kL-s11,73,54.21,60.87,S0312,100,false,"`cpr1`, 15 runs, 100 ep | Full available curve retained; registered_horizon and in_registered_plateau5_window identify the primary endpoint. Epoch observations are not independent seeds.",accuracy percent; epoch is the raw zero-based epoch index
cpr1,kL,"Prefix [49,13]",11,cpr1-kL-s11,74,54.3,60.88,S0312,100,false,"`cpr1`, 15 runs, 100 ep | Full available curve retained; registered_horizon and in_registered_plateau5_window identify the primary endpoint. Epoch observations are not independent seeds.",accuracy percent; epoch is the raw zero-based epoch index
cpr1,kL,"Prefix [49,13]",11,cpr1-kL-s11,75,54.12,60.9,S0312,100,false,"`cpr1`, 15 runs, 100 ep | Full available curve retained; registered_horizon and in_registered_plateau5_window identify the primary endpoint. Epoch observations are not independent seeds.",accuracy percent; epoch is the raw zero-based epoch index
cpr1,kL,"Prefix [49,13]",11,cpr1-kL-s11,76,54.18,60.93,S0312,100,false,"`cpr1`, 15 runs, 100 ep | Full available curve retained; registered_horizon and in_registered_plateau5_window identify the primary endpoint. Epoch observations are not independent seeds.",accuracy percent; epoch is the raw zero-based epoch index
cpr1,kL,"Prefix [49,13]",11,cpr1-kL-s11,77,54.43,61.04,S0312,100,false,"`cpr1`, 15 runs, 100 ep | Full available curve retained; registered_horizon and in_registered_plateau5_window identify the primary endpoint. Epoch observations are not independent seeds.",accuracy percent; epoch is the raw zero-based epoch index
cpr1,kL,"Prefix [49,13]",11,cpr1-kL-s11,78,54.16,61.06,S0312,100,false,"`cpr1`, 15 runs, 100 ep | Full available curve retained; registered_horizon and in_registered_plateau5_window identify the primary endpoint. Epoch observations are not independent seeds.",accuracy percent; epoch is the raw zero-based epoch index
cpr1,kL,"Prefix [49,13]",11,cpr1-kL-s11,79,54.19,60.84,S0312,100,false,"`cpr1`, 15 runs, 100 ep | Full available curve retained; registered_horizon and in_registered_plateau5_window identify the primary endpoint. Epoch observations are not independent seeds.",accuracy percent; epoch is the raw zero-based epoch index
cpr1,kL,"Prefix [49,13]",11,cpr1-kL-s11,80,54.13,61.07,S0312,100,false,"`cpr1`, 15 runs, 100 ep | Full available curve retained; registered_horizon and in_registered_plateau5_window identify the primary endpoint. Epoch observations are not independent seeds.",accuracy percent; epoch is the raw zero-based epoch index
cpr1,kL,"Prefix [49,13]",11,cpr1-kL-s11,81,54.32,61.05,S0312,100,false,"`cpr1`, 15 runs, 100 ep | Full available curve retained; registered_horizon and in_registered_plateau5_window identify the primary endpoint. Epoch observations are not independent seeds.",accuracy percent; epoch is the raw zero-based epoch index
cpr1,kL,"Prefix [49,13]",11,cpr1-kL-s11,82,54.24,61.21,S0312,100,false,"`cpr1`, 15 runs, 100 ep | Full available curve retained; registered_horizon and in_registered_plateau5_window identify the primary endpoint. Epoch observations are not independent seeds.",accuracy percent; epoch is the raw zero-based epoch index
cpr1,kL,"Prefix [49,13]",11,cpr1-kL-s11,83,54.29,61.2,S0312,100,false,"`cpr1`, 15 runs, 100 ep | Full available curve retained; registered_horizon and in_registered_plateau5_window identify the primary endpoint. Epoch observations are not independent seeds.",accuracy percent; epoch is the raw zero-based epoch index
cpr1,kL,"Prefix [49,13]",11,cpr1-kL-s11,84,54.19,61,S0312,100,false,"`cpr1`, 15 runs, 100 ep | Full available curve retained; registered_horizon and in_registered_plateau5_window identify the primary endpoint. Epoch observations are not independent seeds.",accuracy percent; epoch is the raw zero-based epoch index
cpr1,kL,"Prefix [49,13]",11,cpr1-kL-s11,85,54.26,60.94,S0312,100,false,"`cpr1`, 15 runs, 100 ep | Full available curve retained; registered_horizon and in_registered_plateau5_window identify the primary endpoint. Epoch observations are not independent seeds.",accuracy percent; epoch is the raw zero-based epoch index
cpr1,kL,"Prefix [49,13]",11,cpr1-kL-s11,86,54.41,61.07,S0312,100,false,"`cpr1`, 15 runs, 100 ep | Full available curve retained; registered_horizon and in_registered_plateau5_window identify the primary endpoint. Epoch observations are not independent seeds.",accuracy percent; epoch is the raw zero-based epoch index
cpr1,kL,"Prefix [49,13]",11,cpr1-kL-s11,87,54.2,61.16,S0312,100,false,"`cpr1`, 15 runs, 100 ep | Full available curve retained; registered_horizon and in_registered_plateau5_window identify the primary endpoint. Epoch observations are not independent seeds.",accuracy percent; epoch is the raw zero-based epoch index
cpr1,kL,"Prefix [49,13]",11,cpr1-kL-s11,88,54.24,61.13,S0312,100,false,"`cpr1`, 15 runs, 100 ep | Full available curve retained; registered_horizon and in_registered_plateau5_window identify the primary endpoint. Epoch observations are not independent seeds.",accuracy percent; epoch is the raw zero-based epoch index
cpr1,kL,"Prefix [49,13]",11,cpr1-kL-s11,89,54.47,61.02,S0312,100,false,"`cpr1`, 15 runs, 100 ep | Full available curve retained; registered_horizon and in_registered_plateau5_window identify the primary endpoint. Epoch observations are not independent seeds.",accuracy percent; epoch is the raw zero-based epoch index
cpr1,kL,"Prefix [49,13]",11,cpr1-kL-s11,90,54.3,61.27,S0312,100,false,"`cpr1`, 15 runs, 100 ep | Full available curve retained; registered_horizon and in_registered_plateau5_window identify the primary endpoint. Epoch observations are not independent seeds.",accuracy percent; epoch is the raw zero-based epoch index
cpr1,kL,"Prefix [49,13]",11,cpr1-kL-s11,91,54.02,61.21,S0312,100,false,"`cpr1`, 15 runs, 100 ep | Full available curve retained; registered_horizon and in_registered_plateau5_window identify the primary endpoint. Epoch observations are not independent seeds.",accuracy percent; epoch is the raw zero-based epoch index
cpr1,kL,"Prefix [49,13]",11,cpr1-kL-s11,92,54.31,61.22,S0312,100,false,"`cpr1`, 15 runs, 100 ep | Full available curve retained; registered_horizon and in_registered_plateau5_window identify the primary endpoint. Epoch observations are not independent seeds.",accuracy percent; epoch is the raw zero-based epoch index
cpr1,kL,"Prefix [49,13]",11,cpr1-kL-s11,93,54.12,61.25,S0312,100,false,"`cpr1`, 15 runs, 100 ep | Full available curve retained; registered_horizon and in_registered_plateau5_window identify the primary endpoint. Epoch observations are not independent seeds.",accuracy percent; epoch is the raw zero-based epoch index
cpr1,kL,"Prefix [49,13]",11,cpr1-kL-s11,94,54.32,61.09,S0312,100,false,"`cpr1`, 15 runs, 100 ep | Full available curve retained; registered_horizon and in_registered_plateau5_window identify the primary endpoint. Epoch observations are not independent seeds.",accuracy percent; epoch is the raw zero-based epoch index
cpr1,kL,"Prefix [49,13]",11,cpr1-kL-s11,95,54.47,61.16,S0312,100,true,"`cpr1`, 15 runs, 100 ep | Full available curve retained; registered_horizon and in_registered_plateau5_window identify the primary endpoint. Epoch observations are not independent seeds.",accuracy percent; epoch is the raw zero-based epoch index
cpr1,kL,"Prefix [49,13]",11,cpr1-kL-s11,96,54.15,61.11,S0312,100,true,"`cpr1`, 15 runs, 100 ep | Full available curve retained; registered_horizon and in_registered_plateau5_window identify the primary endpoint. Epoch observations are not independent seeds.",accuracy percent; epoch is the raw zero-based epoch index
cpr1,kL,"Prefix [49,13]",11,cpr1-kL-s11,97,54.15,60.9,S0312,100,true,"`cpr1`, 15 runs, 100 ep | Full available curve retained; registered_horizon and in_registered_plateau5_window identify the primary endpoint. Epoch observations are not independent seeds.",accuracy percent; epoch is the raw zero-based epoch index
cpr1,kL,"Prefix [49,13]",11,cpr1-kL-s11,98,54.26,61.08,S0312,100,true,"`cpr1`, 15 runs, 100 ep | Full available curve retained; registered_horizon and in_registered_plateau5_window identify the primary endpoint. Epoch observations are not independent seeds.",accuracy percent; epoch is the raw zero-based epoch index
cpr1,kL,"Prefix [49,13]",11,cpr1-kL-s11,99,54.14,61.05,S0312,100,true,"`cpr1`, 15 runs, 100 ep | Full available curve retained; registered_horizon and in_registered_plateau5_window identify the primary endpoint. Epoch observations are not independent seeds.",accuracy percent; epoch is the raw zero-based epoch index
cpr1,kP,Equivalent named sets,9,cpr1-kP-s9,0,1.13,0.93,S0316,100,false,"`cpr1`, 15 runs, 100 ep | Full available curve retained; registered_horizon and in_registered_plateau5_window identify the primary endpoint. Epoch observations are not independent seeds.",accuracy percent; epoch is the raw zero-based epoch index
cpr1,kP,Equivalent named sets,9,cpr1-kP-s9,1,1.01,1.01,S0316,100,false,"`cpr1`, 15 runs, 100 ep | Full available curve retained; registered_horizon and in_registered_plateau5_window identify the primary endpoint. Epoch observations are not independent seeds.",accuracy percent; epoch is the raw zero-based epoch index
cpr1,kP,Equivalent named sets,9,cpr1-kP-s9,2,1.13,1.08,S0316,100,false,"`cpr1`, 15 runs, 100 ep | Full available curve retained; registered_horizon and in_registered_plateau5_window identify the primary endpoint. Epoch observations are not independent seeds.",accuracy percent; epoch is the raw zero-based epoch index
cpr1,kP,Equivalent named sets,9,cpr1-kP-s9,3,1.04,0.9,S0316,100,false,"`cpr1`, 15 runs, 100 ep | Full available curve retained; registered_horizon and in_registered_plateau5_window identify the primary endpoint. Epoch observations are not independent seeds.",accuracy percent; epoch is the raw zero-based epoch index
cpr1,kP,Equivalent named sets,9,cpr1-kP-s9,4,1.14,1.01,S0316,100,false,"`cpr1`, 15 runs, 100 ep | Full available curve retained; registered_horizon and in_registered_plateau5_window identify the primary endpoint. Epoch observations are not independent seeds.",accuracy percent; epoch is the raw zero-based epoch index
cpr1,kP,Equivalent named sets,9,cpr1-kP-s9,5,1.07,1.02,S0316,100,false,"`cpr1`, 15 runs, 100 ep | Full available curve retained; registered_horizon and in_registered_plateau5_window identify the primary endpoint. Epoch observations are not independent seeds.",accuracy percent; epoch is the raw zero-based epoch index
cpr1,kP,Equivalent named sets,9,cpr1-kP-s9,6,1.34,1.09,S0316,100,false,"`cpr1`, 15 runs, 100 ep | Full available curve retained; registered_horizon and in_registered_plateau5_window identify the primary endpoint. Epoch observations are not independent seeds.",accuracy percent; epoch is the raw zero-based epoch index
cpr1,kP,Equivalent named sets,9,cpr1-kP-s9,7,2.18,1.45,S0316,100,false,"`cpr1`, 15 runs, 100 ep | Full available curve retained; registered_horizon and in_registered_plateau5_window identify the primary endpoint. Epoch observations are not independent seeds.",accuracy percent; epoch is the raw zero-based epoch index
cpr1,kP,Equivalent named sets,9,cpr1-kP-s9,8,3.11,2.4,S0316,100,false,"`cpr1`, 15 runs, 100 ep | Full available curve retained; registered_horizon and in_registered_plateau5_window identify the primary endpoint. Epoch observations are not independent seeds.",accuracy percent; epoch is the raw zero-based epoch index
cpr1,kP,Equivalent named sets,9,cpr1-kP-s9,9,3.99,3.19,S0316,100,false,"`cpr1`, 15 runs, 100 ep | Full available curve retained; registered_horizon and in_registered_plateau5_window identify the primary endpoint. Epoch observations are not independent seeds.",accuracy percent; epoch is the raw zero-based epoch index
cpr1,kP,Equivalent named sets,9,cpr1-kP-s9,10,5.02,4.08,S0316,100,false,"`cpr1`, 15 runs, 100 ep | Full available curve retained; registered_horizon and in_registered_plateau5_window identify the primary endpoint. Epoch observations are not independent seeds.",accuracy percent; epoch is the raw zero-based epoch index
cpr1,kP,Equivalent named sets,9,cpr1-kP-s9,11,5.74,5.12,S0316,100,false,"`cpr1`, 15 runs, 100 ep | Full available curve retained; registered_horizon and in_registered_plateau5_window identify the primary endpoint. Epoch observations are not independent seeds.",accuracy percent; epoch is the raw zero-based epoch index
cpr1,kP,Equivalent named sets,9,cpr1-kP-s9,12,7.07,6.06,S0316,100,false,"`cpr1`, 15 runs, 100 ep | Full available curve retained; registered_horizon and in_registered_plateau5_window identify the primary endpoint. Epoch observations are not independent seeds.",accuracy percent; epoch is the raw zero-based epoch index
cpr1,kP,Equivalent named sets,9,cpr1-kP-s9,13,9.03,7.65,S0316,100,false,"`cpr1`, 15 runs, 100 ep | Full available curve retained; registered_horizon and in_registered_plateau5_window identify the primary endpoint. Epoch observations are not independent seeds.",accuracy percent; epoch is the raw zero-based epoch index
cpr1,kP,Equivalent named sets,9,cpr1-kP-s9,14,10.76,9.65,S0316,100,false,"`cpr1`, 15 runs, 100 ep | Full available curve retained; registered_horizon and in_registered_plateau5_window identify the primary endpoint. Epoch observations are not independent seeds.",accuracy percent; epoch is the raw zero-based epoch index
cpr1,kP,Equivalent named sets,9,cpr1-kP-s9,15,12.8,11.44,S0316,100,false,"`cpr1`, 15 runs, 100 ep | Full available curve retained; registered_horizon and in_registered_plateau5_window identify the primary endpoint. Epoch observations are not independent seeds.",accuracy percent; epoch is the raw zero-based epoch index
cpr1,kP,Equivalent named sets,9,cpr1-kP-s9,16,13.64,13.25,S0316,100,false,"`cpr1`, 15 runs, 100 ep | Full available curve retained; registered_horizon and in_registered_plateau5_window identify the primary endpoint. Epoch observations are not independent seeds.",accuracy percent; epoch is the raw zero-based epoch index
cpr1,kP,Equivalent named sets,9,cpr1-kP-s9,17,15.45,14.71,S0316,100,false,"`cpr1`, 15 runs, 100 ep | Full available curve retained; registered_horizon and in_registered_plateau5_window identify the primary endpoint. Epoch observations are not independent seeds.",accuracy percent; epoch is the raw zero-based epoch index
cpr1,kP,Equivalent named sets,9,cpr1-kP-s9,18,18.21,16.21,S0316,100,false,"`cpr1`, 15 runs, 100 ep | Full available curve retained; registered_horizon and in_registered_plateau5_window identify the primary endpoint. Epoch observations are not independent seeds.",accuracy percent; epoch is the raw zero-based epoch index
cpr1,kP,Equivalent named sets,9,cpr1-kP-s9,19,21.96,20.24,S0316,100,false,"`cpr1`, 15 runs, 100 ep | Full available curve retained; registered_horizon and in_registered_plateau5_window identify the primary endpoint. Epoch observations are not independent seeds.",accuracy percent; epoch is the raw zero-based epoch index
cpr1,kP,Equivalent named sets,9,cpr1-kP-s9,20,24.69,23.04,S0316,100,false,"`cpr1`, 15 runs, 100 ep | Full available curve retained; registered_horizon and in_registered_plateau5_window identify the primary endpoint. Epoch observations are not independent seeds.",accuracy percent; epoch is the raw zero-based epoch index
cpr1,kP,Equivalent named sets,9,cpr1-kP-s9,21,27.25,25.71,S0316,100,false,"`cpr1`, 15 runs, 100 ep | Full available curve retained; registered_horizon and in_registered_plateau5_window identify the primary endpoint. Epoch observations are not independent seeds.",accuracy percent; epoch is the raw zero-based epoch index
cpr1,kP,Equivalent named sets,9,cpr1-kP-s9,22,28.32,27.98,S0316,100,false,"`cpr1`, 15 runs, 100 ep | Full available curve retained; registered_horizon and in_registered_plateau5_window identify the primary endpoint. Epoch observations are not independent seeds.",accuracy percent; epoch is the raw zero-based epoch index
cpr1,kP,Equivalent named sets,9,cpr1-kP-s9,23,30.65,29.96,S0316,100,false,"`cpr1`, 15 runs, 100 ep | Full available curve retained; registered_horizon and in_registered_plateau5_window identify the primary endpoint. Epoch observations are not independent seeds.",accuracy percent; epoch is the raw zero-based epoch index
cpr1,kP,Equivalent named sets,9,cpr1-kP-s9,24,32.4,32.57,S0316,100,false,"`cpr1`, 15 runs, 100 ep | Full available curve retained; registered_horizon and in_registered_plateau5_window identify the primary endpoint. Epoch observations are not independent seeds.",accuracy percent; epoch is the raw zero-based epoch index
cpr1,kP,Equivalent named sets,9,cpr1-kP-s9,25,34.29,34.38,S0316,100,false,"`cpr1`, 15 runs, 100 ep | Full available curve retained; registered_horizon and in_registered_plateau5_window identify the primary endpoint. Epoch observations are not independent seeds.",accuracy percent; epoch is the raw zero-based epoch index
cpr1,kP,Equivalent named sets,9,cpr1-kP-s9,26,37.08,36.49,S0316,100,false,"`cpr1`, 15 runs, 100 ep | Full available curve retained; registered_horizon and in_registered_plateau5_window identify the primary endpoint. Epoch observations are not independent seeds.",accuracy percent; epoch is the raw zero-based epoch index
cpr1,kP,Equivalent named sets,9,cpr1-kP-s9,27,38.12,39.01,S0316,100,false,"`cpr1`, 15 runs, 100 ep | Full available curve retained; registered_horizon and in_registered_plateau5_window identify the primary endpoint. Epoch observations are not independent seeds.",accuracy percent; epoch is the raw zero-based epoch index
cpr1,kP,Equivalent named sets,9,cpr1-kP-s9,28,39.79,40.48,S0316,100,false,"`cpr1`, 15 runs, 100 ep | Full available curve retained; registered_horizon and in_registered_plateau5_window identify the primary endpoint. Epoch observations are not independent seeds.",accuracy percent; epoch is the raw zero-based epoch index
cpr1,kP,Equivalent named sets,9,cpr1-kP-s9,29,40.33,42.4,S0316,100,false,"`cpr1`, 15 runs, 100 ep | Full available curve retained; registered_horizon and in_registered_plateau5_window identify the primary endpoint. Epoch observations are not independent seeds.",accuracy percent; epoch is the raw zero-based epoch index
cpr1,kP,Equivalent named sets,9,cpr1-kP-s9,30,43.27,44.23,S0316,100,false,"`cpr1`, 15 runs, 100 ep | Full available curve retained; registered_horizon and in_registered_plateau5_window identify the primary endpoint. Epoch observations are not independent seeds.",accuracy percent; epoch is the raw zero-based epoch index
cpr1,kP,Equivalent named sets,9,cpr1-kP-s9,31,43.81,45.67,S0316,100,false,"`cpr1`, 15 runs, 100 ep | Full available curve retained; registered_horizon and in_registered_plateau5_window identify the primary endpoint. Epoch observations are not independent seeds.",accuracy percent; epoch is the raw zero-based epoch index
cpr1,kP,Equivalent named sets,9,cpr1-kP-s9,32,45.31,47.34,S0316,100,false,"`cpr1`, 15 runs, 100 ep | Full available curve retained; registered_horizon and in_registered_plateau5_window identify the primary endpoint. Epoch observations are not independent seeds.",accuracy percent; epoch is the raw zero-based epoch index
cpr1,kP,Equivalent named sets,9,cpr1-kP-s9,33,46.81,48.6,S0316,100,false,"`cpr1`, 15 runs, 100 ep | Full available curve retained; registered_horizon and in_registered_plateau5_window identify the primary endpoint. Epoch observations are not independent seeds.",accuracy percent; epoch is the raw zero-based epoch index
cpr1,kP,Equivalent named sets,9,cpr1-kP-s9,34,48.01,50.25,S0316,100,false,"`cpr1`, 15 runs, 100 ep | Full available curve retained; registered_horizon and in_registered_plateau5_window identify the primary endpoint. Epoch observations are not independent seeds.",accuracy percent; epoch is the raw zero-based epoch index
cpr1,kP,Equivalent named sets,9,cpr1-kP-s9,35,49.75,51.19,S0316,100,false,"`cpr1`, 15 runs, 100 ep | Full available curve retained; registered_horizon and in_registered_plateau5_window identify the primary endpoint. Epoch observations are not independent seeds.",accuracy percent; epoch is the raw zero-based epoch index
cpr1,kP,Equivalent named sets,9,cpr1-kP-s9,36,49.67,52.78,S0316,100,false,"`cpr1`, 15 runs, 100 ep | Full available curve retained; registered_horizon and in_registered_plateau5_window identify the primary endpoint. Epoch observations are not independent seeds.",accuracy percent; epoch is the raw zero-based epoch index
cpr1,kP,Equivalent named sets,9,cpr1-kP-s9,37,51.05,53.95,S0316,100,false,"`cpr1`, 15 runs, 100 ep | Full available curve retained; registered_horizon and in_registered_plateau5_window identify the primary endpoint. Epoch observations are not independent seeds.",accuracy percent; epoch is the raw zero-based epoch index
cpr1,kP,Equivalent named sets,9,cpr1-kP-s9,38,51.46,54.69,S0316,100,false,"`cpr1`, 15 runs, 100 ep | Full available curve retained; registered_horizon and in_registered_plateau5_window identify the primary endpoint. Epoch observations are not independent seeds.",accuracy percent; epoch is the raw zero-based epoch index
cpr1,kP,Equivalent named sets,9,cpr1-kP-s9,39,52.61,55.61,S0316,100,false,"`cpr1`, 15 runs, 100 ep | Full available curve retained; registered_horizon and in_registered_plateau5_window identify the primary endpoint. Epoch observations are not independent seeds.",accuracy percent; epoch is the raw zero-based epoch index
cpr1,kP,Equivalent named sets,9,cpr1-kP-s9,40,52.53,56.65,S0316,100,false,"`cpr1`, 15 runs, 100 ep | Full available curve retained; registered_horizon and in_registered_plateau5_window identify the primary endpoint. Epoch observations are not independent seeds.",accuracy percent; epoch is the raw zero-based epoch index
cpr1,kP,Equivalent named sets,9,cpr1-kP-s9,41,53.22,57.45,S0316,100,false,"`cpr1`, 15 runs, 100 ep | Full available curve retained; registered_horizon and in_registered_plateau5_window identify the primary endpoint. Epoch observations are not independent seeds.",accuracy percent; epoch is the raw zero-based epoch index
cpr1,kP,Equivalent named sets,9,cpr1-kP-s9,42,53.63,58.01,S0316,100,false,"`cpr1`, 15 runs, 100 ep | Full available curve retained; registered_horizon and in_registered_plateau5_window identify the primary endpoint. Epoch observations are not independent seeds.",accuracy percent; epoch is the raw zero-based epoch index
cpr1,kP,Equivalent named sets,9,cpr1-kP-s9,43,53.71,58.6,S0316,100,false,"`cpr1`, 15 runs, 100 ep | Full available curve retained; registered_horizon and in_registered_plateau5_window identify the primary endpoint. Epoch observations are not independent seeds.",accuracy percent; epoch is the raw zero-based epoch index
cpr1,kP,Equivalent named sets,9,cpr1-kP-s9,44,53.65,59.09,S0316,100,false,"`cpr1`, 15 runs, 100 ep | Full available curve retained; registered_horizon and in_registered_plateau5_window identify the primary endpoint. Epoch observations are not independent seeds.",accuracy percent; epoch is the raw zero-based epoch index
cpr1,kP,Equivalent named sets,9,cpr1-kP-s9,45,53.77,59.43,S0316,100,false,"`cpr1`, 15 runs, 100 ep | Full available curve retained; registered_horizon and in_registered_plateau5_window identify the primary endpoint. Epoch observations are not independent seeds.",accuracy percent; epoch is the raw zero-based epoch index
cpr1,kP,Equivalent named sets,9,cpr1-kP-s9,46,54.16,59.9,S0316,100,false,"`cpr1`, 15 runs, 100 ep | Full available curve retained; registered_horizon and in_registered_plateau5_window identify the primary endpoint. Epoch observations are not independent seeds.",accuracy percent; epoch is the raw zero-based epoch index
cpr1,kP,Equivalent named sets,9,cpr1-kP-s9,47,54.94,60.18,S0316,100,false,"`cpr1`, 15 runs, 100 ep | Full available curve retained; registered_horizon and in_registered_plateau5_window identify the primary endpoint. Epoch observations are not independent seeds.",accuracy percent; epoch is the raw zero-based epoch index
cpr1,kP,Equivalent named sets,9,cpr1-kP-s9,48,54.8,60.77,S0316,100,false,"`cpr1`, 15 runs, 100 ep | Full available curve retained; registered_horizon and in_registered_plateau5_window identify the primary endpoint. Epoch observations are not independent seeds.",accuracy percent; epoch is the raw zero-based epoch index
cpr1,kP,Equivalent named sets,9,cpr1-kP-s9,49,54.89,61.07,S0316,100,false,"`cpr1`, 15 runs, 100 ep | Full available curve retained; registered_horizon and in_registered_plateau5_window identify the primary endpoint. Epoch observations are not independent seeds.",accuracy percent; epoch is the raw zero-based epoch index
cpr1,kP,Equivalent named sets,9,cpr1-kP-s9,50,54.87,61.22,S0316,100,false,"`cpr1`, 15 runs, 100 ep | Full available curve retained; registered_horizon and in_registered_plateau5_window identify the primary endpoint. Epoch observations are not independent seeds.",accuracy percent; epoch is the raw zero-based epoch index
cpr1,kP,Equivalent named sets,9,cpr1-kP-s9,51,55.25,61.3,S0316,100,false,"`cpr1`, 15 runs, 100 ep | Full available curve retained; registered_horizon and in_registered_plateau5_window identify the primary endpoint. Epoch observations are not independent seeds.",accuracy percent; epoch is the raw zero-based epoch index
cpr1,kP,Equivalent named sets,9,cpr1-kP-s9,52,55.38,61.57,S0316,100,false,"`cpr1`, 15 runs, 100 ep | Full available curve retained; registered_horizon and in_registered_plateau5_window identify the primary endpoint. Epoch observations are not independent seeds.",accuracy percent; epoch is the raw zero-based epoch index
cpr1,kP,Equivalent named sets,9,cpr1-kP-s9,53,55.33,61.88,S0316,100,false,"`cpr1`, 15 runs, 100 ep | Full available curve retained; registered_horizon and in_registered_plateau5_window identify the primary endpoint. Epoch observations are not independent seeds.",accuracy percent; epoch is the raw zero-based epoch index
cpr1,kP,Equivalent named sets,9,cpr1-kP-s9,54,55.24,62.09,S0316,100,false,"`cpr1`, 15 runs, 100 ep | Full available curve retained; registered_horizon and in_registered_plateau5_window identify the primary endpoint. Epoch observations are not independent seeds.",accuracy percent; epoch is the raw zero-based epoch index
cpr1,kP,Equivalent named sets,9,cpr1-kP-s9,55,55.32,62.18,S0316,100,false,"`cpr1`, 15 runs, 100 ep | Full available curve retained; registered_horizon and in_registered_plateau5_window identify the primary endpoint. Epoch observations are not independent seeds.",accuracy percent; epoch is the raw zero-based epoch index
cpr1,kP,Equivalent named sets,9,cpr1-kP-s9,56,55.26,62.22,S0316,100,false,"`cpr1`, 15 runs, 100 ep | Full available curve retained; registered_horizon and in_registered_plateau5_window identify the primary endpoint. Epoch observations are not independent seeds.",accuracy percent; epoch is the raw zero-based epoch index
cpr1,kP,Equivalent named sets,9,cpr1-kP-s9,57,55.41,62.53,S0316,100,false,"`cpr1`, 15 runs, 100 ep | Full available curve retained; registered_horizon and in_registered_plateau5_window identify the primary endpoint. Epoch observations are not independent seeds.",accuracy percent; epoch is the raw zero-based epoch index
cpr1,kP,Equivalent named sets,9,cpr1-kP-s9,58,55.47,62.27,S0316,100,false,"`cpr1`, 15 runs, 100 ep | Full available curve retained; registered_horizon and in_registered_plateau5_window identify the primary endpoint. Epoch observations are not independent seeds.",accuracy percent; epoch is the raw zero-based epoch index
cpr1,kP,Equivalent named sets,9,cpr1-kP-s9,59,55.6,62.35,S0316,100,false,"`cpr1`, 15 runs, 100 ep | Full available curve retained; registered_horizon and in_registered_plateau5_window identify the primary endpoint. Epoch observations are not independent seeds.",accuracy percent; epoch is the raw zero-based epoch index
cpr1,kP,Equivalent named sets,9,cpr1-kP-s9,60,55.45,62.52,S0316,100,false,"`cpr1`, 15 runs, 100 ep | Full available curve retained; registered_horizon and in_registered_plateau5_window identify the primary endpoint. Epoch observations are not independent seeds.",accuracy percent; epoch is the raw zero-based epoch index
cpr1,kP,Equivalent named sets,9,cpr1-kP-s9,61,55.69,62.43,S0316,100,false,"`cpr1`, 15 runs, 100 ep | Full available curve retained; registered_horizon and in_registered_plateau5_window identify the primary endpoint. Epoch observations are not independent seeds.",accuracy percent; epoch is the raw zero-based epoch index
cpr1,kP,Equivalent named sets,9,cpr1-kP-s9,62,55.75,62.62,S0316,100,false,"`cpr1`, 15 runs, 100 ep | Full available curve retained; registered_horizon and in_registered_plateau5_window identify the primary endpoint. Epoch observations are not independent seeds.",accuracy percent; epoch is the raw zero-based epoch index
cpr1,kP,Equivalent named sets,9,cpr1-kP-s9,63,55.48,62.68,S0316,100,false,"`cpr1`, 15 runs, 100 ep | Full available curve retained; registered_horizon and in_registered_plateau5_window identify the primary endpoint. Epoch observations are not independent seeds.",accuracy percent; epoch is the raw zero-based epoch index
cpr1,kP,Equivalent named sets,9,cpr1-kP-s9,64,55.79,62.68,S0316,100,false,"`cpr1`, 15 runs, 100 ep | Full available curve retained; registered_horizon and in_registered_plateau5_window identify the primary endpoint. Epoch observations are not independent seeds.",accuracy percent; epoch is the raw zero-based epoch index
cpr1,kP,Equivalent named sets,9,cpr1-kP-s9,65,55.63,62.69,S0316,100,false,"`cpr1`, 15 runs, 100 ep | Full available curve retained; registered_horizon and in_registered_plateau5_window identify the primary endpoint. Epoch observations are not independent seeds.",accuracy percent; epoch is the raw zero-based epoch index
cpr1,kP,Equivalent named sets,9,cpr1-kP-s9,66,55.66,62.74,S0316,100,false,"`cpr1`, 15 runs, 100 ep | Full available curve retained; registered_horizon and in_registered_plateau5_window identify the primary endpoint. Epoch observations are not independent seeds.",accuracy percent; epoch is the raw zero-based epoch index
cpr1,kP,Equivalent named sets,9,cpr1-kP-s9,67,55.59,62.75,S0316,100,false,"`cpr1`, 15 runs, 100 ep | Full available curve retained; registered_horizon and in_registered_plateau5_window identify the primary endpoint. Epoch observations are not independent seeds.",accuracy percent; epoch is the raw zero-based epoch index
cpr1,kP,Equivalent named sets,9,cpr1-kP-s9,68,55.75,62.71,S0316,100,false,"`cpr1`, 15 runs, 100 ep | Full available curve retained; registered_horizon and in_registered_plateau5_window identify the primary endpoint. Epoch observations are not independent seeds.",accuracy percent; epoch is the raw zero-based epoch index
cpr1,kP,Equivalent named sets,9,cpr1-kP-s9,69,55.75,62.9,S0316,100,false,"`cpr1`, 15 runs, 100 ep | Full available curve retained; registered_horizon and in_registered_plateau5_window identify the primary endpoint. Epoch observations are not independent seeds.",accuracy percent; epoch is the raw zero-based epoch index
cpr1,kP,Equivalent named sets,9,cpr1-kP-s9,70,55.72,62.8,S0316,100,false,"`cpr1`, 15 runs, 100 ep | Full available curve retained; registered_horizon and in_registered_plateau5_window identify the primary endpoint. Epoch observations are not independent seeds.",accuracy percent; epoch is the raw zero-based epoch index
cpr1,kP,Equivalent named sets,9,cpr1-kP-s9,71,55.78,62.99,S0316,100,false,"`cpr1`, 15 runs, 100 ep | Full available curve retained; registered_horizon and in_registered_plateau5_window identify the primary endpoint. Epoch observations are not independent seeds.",accuracy percent; epoch is the raw zero-based epoch index
cpr1,kP,Equivalent named sets,9,cpr1-kP-s9,72,55.71,63.02,S0316,100,false,"`cpr1`, 15 runs, 100 ep | Full available curve retained; registered_horizon and in_registered_plateau5_window identify the primary endpoint. Epoch observations are not independent seeds.",accuracy percent; epoch is the raw zero-based epoch index
cpr1,kP,Equivalent named sets,9,cpr1-kP-s9,73,55.79,62.94,S0316,100,false,"`cpr1`, 15 runs, 100 ep | Full available curve retained; registered_horizon and in_registered_plateau5_window identify the primary endpoint. Epoch observations are not independent seeds.",accuracy percent; epoch is the raw zero-based epoch index
cpr1,kP,Equivalent named sets,9,cpr1-kP-s9,74,55.9,63.02,S0316,100,false,"`cpr1`, 15 runs, 100 ep | Full available curve retained; registered_horizon and in_registered_plateau5_window identify the primary endpoint. Epoch observations are not independent seeds.",accuracy percent; epoch is the raw zero-based epoch index
cpr1,kP,Equivalent named sets,9,cpr1-kP-s9,75,55.74,62.96,S0316,100,false,"`cpr1`, 15 runs, 100 ep | Full available curve retained; registered_horizon and in_registered_plateau5_window identify the primary endpoint. Epoch observations are not independent seeds.",accuracy percent; epoch is the raw zero-based epoch index
cpr1,kP,Equivalent named sets,9,cpr1-kP-s9,76,55.8,63.12,S0316,100,false,"`cpr1`, 15 runs, 100 ep | Full available curve retained; registered_horizon and in_registered_plateau5_window identify the primary endpoint. Epoch observations are not independent seeds.",accuracy percent; epoch is the raw zero-based epoch index
cpr1,kP,Equivalent named sets,9,cpr1-kP-s9,77,56.02,62.88,S0316,100,false,"`cpr1`, 15 runs, 100 ep | Full available curve retained; registered_horizon and in_registered_plateau5_window identify the primary endpoint. Epoch observations are not independent seeds.",accuracy percent; epoch is the raw zero-based epoch index
cpr1,kP,Equivalent named sets,9,cpr1-kP-s9,78,55.93,63.15,S0316,100,false,"`cpr1`, 15 runs, 100 ep | Full available curve retained; registered_horizon and in_registered_plateau5_window identify the primary endpoint. Epoch observations are not independent seeds.",accuracy percent; epoch is the raw zero-based epoch index
cpr1,kP,Equivalent named sets,9,cpr1-kP-s9,79,55.86,62.96,S0316,100,false,"`cpr1`, 15 runs, 100 ep | Full available curve retained; registered_horizon and in_registered_plateau5_window identify the primary endpoint. Epoch observations are not independent seeds.",accuracy percent; epoch is the raw zero-based epoch index
cpr1,kP,Equivalent named sets,9,cpr1-kP-s9,80,55.71,62.89,S0316,100,false,"`cpr1`, 15 runs, 100 ep | Full available curve retained; registered_horizon and in_registered_plateau5_window identify the primary endpoint. Epoch observations are not independent seeds.",accuracy percent; epoch is the raw zero-based epoch index
cpr1,kP,Equivalent named sets,9,cpr1-kP-s9,81,55.84,63.09,S0316,100,false,"`cpr1`, 15 runs, 100 ep | Full available curve retained; registered_horizon and in_registered_plateau5_window identify the primary endpoint. Epoch observations are not independent seeds.",accuracy percent; epoch is the raw zero-based epoch index
cpr1,kP,Equivalent named sets,9,cpr1-kP-s9,82,55.88,62.95,S0316,100,false,"`cpr1`, 15 runs, 100 ep | Full available curve retained; registered_horizon and in_registered_plateau5_window identify the primary endpoint. Epoch observations are not independent seeds.",accuracy percent; epoch is the raw zero-based epoch index
cpr1,kP,Equivalent named sets,9,cpr1-kP-s9,83,55.93,63.09,S0316,100,false,"`cpr1`, 15 runs, 100 ep | Full available curve retained; registered_horizon and in_registered_plateau5_window identify the primary endpoint. Epoch observations are not independent seeds.",accuracy percent; epoch is the raw zero-based epoch index
cpr1,kP,Equivalent named sets,9,cpr1-kP-s9,84,55.73,63.09,S0316,100,false,"`cpr1`, 15 runs, 100 ep | Full available curve retained; registered_horizon and in_registered_plateau5_window identify the primary endpoint. Epoch observations are not independent seeds.",accuracy percent; epoch is the raw zero-based epoch index
cpr1,kP,Equivalent named sets,9,cpr1-kP-s9,85,55.75,63.06,S0316,100,false,"`cpr1`, 15 runs, 100 ep | Full available curve retained; registered_horizon and in_registered_plateau5_window identify the primary endpoint. Epoch observations are not independent seeds.",accuracy percent; epoch is the raw zero-based epoch index
cpr1,kP,Equivalent named sets,9,cpr1-kP-s9,86,55.7,63.26,S0316,100,false,"`cpr1`, 15 runs, 100 ep | Full available curve retained; registered_horizon and in_registered_plateau5_window identify the primary endpoint. Epoch observations are not independent seeds.",accuracy percent; epoch is the raw zero-based epoch index
cpr1,kP,Equivalent named sets,9,cpr1-kP-s9,87,55.85,63.01,S0316,100,false,"`cpr1`, 15 runs, 100 ep | Full available curve retained; registered_horizon and in_registered_plateau5_window identify the primary endpoint. Epoch observations are not independent seeds.",accuracy percent; epoch is the raw zero-based epoch index
cpr1,kP,Equivalent named sets,9,cpr1-kP-s9,88,55.73,63.27,S0316,100,false,"`cpr1`, 15 runs, 100 ep | Full available curve retained; registered_horizon and in_registered_plateau5_window identify the primary endpoint. Epoch observations are not independent seeds.",accuracy percent; epoch is the raw zero-based epoch index
cpr1,kP,Equivalent named sets,9,cpr1-kP-s9,89,55.75,63.25,S0316,100,false,"`cpr1`, 15 runs, 100 ep | Full available curve retained; registered_horizon and in_registered_plateau5_window identify the primary endpoint. Epoch observations are not independent seeds.",accuracy percent; epoch is the raw zero-based epoch index
cpr1,kP,Equivalent named sets,9,cpr1-kP-s9,90,55.79,63.12,S0316,100,false,"`cpr1`, 15 runs, 100 ep | Full available curve retained; registered_horizon and in_registered_plateau5_window identify the primary endpoint. Epoch observations are not independent seeds.",accuracy percent; epoch is the raw zero-based epoch index
cpr1,kP,Equivalent named sets,9,cpr1-kP-s9,91,55.82,63.13,S0316,100,false,"`cpr1`, 15 runs, 100 ep | Full available curve retained; registered_horizon and in_registered_plateau5_window identify the primary endpoint. Epoch observations are not independent seeds.",accuracy percent; epoch is the raw zero-based epoch index
cpr1,kP,Equivalent named sets,9,cpr1-kP-s9,92,55.88,63.14,S0316,100,false,"`cpr1`, 15 runs, 100 ep | Full available curve retained; registered_horizon and in_registered_plateau5_window identify the primary endpoint. Epoch observations are not independent seeds.",accuracy percent; epoch is the raw zero-based epoch index
cpr1,kP,Equivalent named sets,9,cpr1-kP-s9,93,55.88,63.16,S0316,100,false,"`cpr1`, 15 runs, 100 ep | Full available curve retained; registered_horizon and in_registered_plateau5_window identify the primary endpoint. Epoch observations are not independent seeds.",accuracy percent; epoch is the raw zero-based epoch index
cpr1,kP,Equivalent named sets,9,cpr1-kP-s9,94,55.8,62.98,S0316,100,false,"`cpr1`, 15 runs, 100 ep | Full available curve retained; registered_horizon and in_registered_plateau5_window identify the primary endpoint. Epoch observations are not independent seeds.",accuracy percent; epoch is the raw zero-based epoch index
cpr1,kP,Equivalent named sets,9,cpr1-kP-s9,95,55.96,63.16,S0316,100,true,"`cpr1`, 15 runs, 100 ep | Full available curve retained; registered_horizon and in_registered_plateau5_window identify the primary endpoint. Epoch observations are not independent seeds.",accuracy percent; epoch is the raw zero-based epoch index
cpr1,kP,Equivalent named sets,9,cpr1-kP-s9,96,55.83,63.27,S0316,100,true,"`cpr1`, 15 runs, 100 ep | Full available curve retained; registered_horizon and in_registered_plateau5_window identify the primary endpoint. Epoch observations are not independent seeds.",accuracy percent; epoch is the raw zero-based epoch index
cpr1,kP,Equivalent named sets,9,cpr1-kP-s9,97,55.83,62.99,S0316,100,true,"`cpr1`, 15 runs, 100 ep | Full available curve retained; registered_horizon and in_registered_plateau5_window identify the primary endpoint. Epoch observations are not independent seeds.",accuracy percent; epoch is the raw zero-based epoch index
cpr1,kP,Equivalent named sets,9,cpr1-kP-s9,98,55.66,63.05,S0316,100,true,"`cpr1`, 15 runs, 100 ep | Full available curve retained; registered_horizon and in_registered_plateau5_window identify the primary endpoint. Epoch observations are not independent seeds.",accuracy percent; epoch is the raw zero-based epoch index
cpr1,kP,Equivalent named sets,9,cpr1-kP-s9,99,55.67,63.22,S0316,100,true,"`cpr1`, 15 runs, 100 ep | Full available curve retained; registered_horizon and in_registered_plateau5_window identify the primary endpoint. Epoch observations are not independent seeds.",accuracy percent; epoch is the raw zero-based epoch index
cpr1,kP,Equivalent named sets,10,cpr1-kP-s10,0,1.02,1.01,S0314,100,false,"`cpr1`, 15 runs, 100 ep | Full available curve retained; registered_horizon and in_registered_plateau5_window identify the primary endpoint. Epoch observations are not independent seeds.",accuracy percent; epoch is the raw zero-based epoch index
cpr1,kP,Equivalent named sets,10,cpr1-kP-s10,1,1.01,1,S0314,100,false,"`cpr1`, 15 runs, 100 ep | Full available curve retained; registered_horizon and in_registered_plateau5_window identify the primary endpoint. Epoch observations are not independent seeds.",accuracy percent; epoch is the raw zero-based epoch index
cpr1,kP,Equivalent named sets,10,cpr1-kP-s10,2,1.02,1.02,S0314,100,false,"`cpr1`, 15 runs, 100 ep | Full available curve retained; registered_horizon and in_registered_plateau5_window identify the primary endpoint. Epoch observations are not independent seeds.",accuracy percent; epoch is the raw zero-based epoch index
cpr1,kP,Equivalent named sets,10,cpr1-kP-s10,3,1.05,1,S0314,100,false,"`cpr1`, 15 runs, 100 ep | Full available curve retained; registered_horizon and in_registered_plateau5_window identify the primary endpoint. Epoch observations are not independent seeds.",accuracy percent; epoch is the raw zero-based epoch index
cpr1,kP,Equivalent named sets,10,cpr1-kP-s10,4,1.05,1.01,S0314,100,false,"`cpr1`, 15 runs, 100 ep | Full available curve retained; registered_horizon and in_registered_plateau5_window identify the primary endpoint. Epoch observations are not independent seeds.",accuracy percent; epoch is the raw zero-based epoch index
cpr1,kP,Equivalent named sets,10,cpr1-kP-s10,5,1.11,1.03,S0314,100,false,"`cpr1`, 15 runs, 100 ep | Full available curve retained; registered_horizon and in_registered_plateau5_window identify the primary endpoint. Epoch observations are not independent seeds.",accuracy percent; epoch is the raw zero-based epoch index
cpr1,kP,Equivalent named sets,10,cpr1-kP-s10,6,1.16,1.03,S0314,100,false,"`cpr1`, 15 runs, 100 ep | Full available curve retained; registered_horizon and in_registered_plateau5_window identify the primary endpoint. Epoch observations are not independent seeds.",accuracy percent; epoch is the raw zero-based epoch index
cpr1,kP,Equivalent named sets,10,cpr1-kP-s10,7,1.65,1.21,S0314,100,false,"`cpr1`, 15 runs, 100 ep | Full available curve retained; registered_horizon and in_registered_plateau5_window identify the primary endpoint. Epoch observations are not independent seeds.",accuracy percent; epoch is the raw zero-based epoch index
cpr1,kP,Equivalent named sets,10,cpr1-kP-s10,8,2.12,1.61,S0314,100,false,"`cpr1`, 15 runs, 100 ep | Full available curve retained; registered_horizon and in_registered_plateau5_window identify the primary endpoint. Epoch observations are not independent seeds.",accuracy percent; epoch is the raw zero-based epoch index
cpr1,kP,Equivalent named sets,10,cpr1-kP-s10,9,3.08,2.37,S0314,100,false,"`cpr1`, 15 runs, 100 ep | Full available curve retained; registered_horizon and in_registered_plateau5_window identify the primary endpoint. Epoch observations are not independent seeds.",accuracy percent; epoch is the raw zero-based epoch index
cpr1,kP,Equivalent named sets,10,cpr1-kP-s10,10,4.08,3.25,S0314,100,false,"`cpr1`, 15 runs, 100 ep | Full available curve retained; registered_horizon and in_registered_plateau5_window identify the primary endpoint. Epoch observations are not independent seeds.",accuracy percent; epoch is the raw zero-based epoch index
cpr1,kP,Equivalent named sets,10,cpr1-kP-s10,11,5.49,4.41,S0314,100,false,"`cpr1`, 15 runs, 100 ep | Full available curve retained; registered_horizon and in_registered_plateau5_window identify the primary endpoint. Epoch observations are not independent seeds.",accuracy percent; epoch is the raw zero-based epoch index
cpr1,kP,Equivalent named sets,10,cpr1-kP-s10,12,7.52,6.16,S0314,100,false,"`cpr1`, 15 runs, 100 ep | Full available curve retained; registered_horizon and in_registered_plateau5_window identify the primary endpoint. Epoch observations are not independent seeds.",accuracy percent; epoch is the raw zero-based epoch index
cpr1,kP,Equivalent named sets,10,cpr1-kP-s10,13,9.37,8.16,S0314,100,false,"`cpr1`, 15 runs, 100 ep | Full available curve retained; registered_horizon and in_registered_plateau5_window identify the primary endpoint. Epoch observations are not independent seeds.",accuracy percent; epoch is the raw zero-based epoch index
cpr1,kP,Equivalent named sets,10,cpr1-kP-s10,14,10.78,10.02,S0314,100,false,"`cpr1`, 15 runs, 100 ep | Full available curve retained; registered_horizon and in_registered_plateau5_window identify the primary endpoint. Epoch observations are not independent seeds.",accuracy percent; epoch is the raw zero-based epoch index
cpr1,kP,Equivalent named sets,10,cpr1-kP-s10,15,12.64,11.59,S0314,100,false,"`cpr1`, 15 runs, 100 ep | Full available curve retained; registered_horizon and in_registered_plateau5_window identify the primary endpoint. Epoch observations are not independent seeds.",accuracy percent; epoch is the raw zero-based epoch index
cpr1,kP,Equivalent named sets,10,cpr1-kP-s10,16,14.08,13.29,S0314,100,false,"`cpr1`, 15 runs, 100 ep | Full available curve retained; registered_horizon and in_registered_plateau5_window identify the primary endpoint. Epoch observations are not independent seeds.",accuracy percent; epoch is the raw zero-based epoch index
cpr1,kP,Equivalent named sets,10,cpr1-kP-s10,17,14.54,14.62,S0314,100,false,"`cpr1`, 15 runs, 100 ep | Full available curve retained; registered_horizon and in_registered_plateau5_window identify the primary endpoint. Epoch observations are not independent seeds.",accuracy percent; epoch is the raw zero-based epoch index
cpr1,kP,Equivalent named sets,10,cpr1-kP-s10,18,18.01,16.51,S0314,100,false,"`cpr1`, 15 runs, 100 ep | Full available curve retained; registered_horizon and in_registered_plateau5_window identify the primary endpoint. Epoch observations are not independent seeds.",accuracy percent; epoch is the raw zero-based epoch index
cpr1,kP,Equivalent named sets,10,cpr1-kP-s10,19,20.08,19.78,S0314,100,false,"`cpr1`, 15 runs, 100 ep | Full available curve retained; registered_horizon and in_registered_plateau5_window identify the primary endpoint. Epoch observations are not independent seeds.",accuracy percent; epoch is the raw zero-based epoch index
cpr1,kP,Equivalent named sets,10,cpr1-kP-s10,20,22.43,22.42,S0314,100,false,"`cpr1`, 15 runs, 100 ep | Full available curve retained; registered_horizon and in_registered_plateau5_window identify the primary endpoint. Epoch observations are not independent seeds.",accuracy percent; epoch is the raw zero-based epoch index
cpr1,kP,Equivalent named sets,10,cpr1-kP-s10,21,25.63,24.72,S0314,100,false,"`cpr1`, 15 runs, 100 ep | Full available curve retained; registered_horizon and in_registered_plateau5_window identify the primary endpoint. Epoch observations are not independent seeds.",accuracy percent; epoch is the raw zero-based epoch index
cpr1,kP,Equivalent named sets,10,cpr1-kP-s10,22,28.46,26.61,S0314,100,false,"`cpr1`, 15 runs, 100 ep | Full available curve retained; registered_horizon and in_registered_plateau5_window identify the primary endpoint. Epoch observations are not independent seeds.",accuracy percent; epoch is the raw zero-based epoch index
cpr1,kP,Equivalent named sets,10,cpr1-kP-s10,23,30.68,29.42,S0314,100,false,"`cpr1`, 15 runs, 100 ep | Full available curve retained; registered_horizon and in_registered_plateau5_window identify the primary endpoint. Epoch observations are not independent seeds.",accuracy percent; epoch is the raw zero-based epoch index
cpr1,kP,Equivalent named sets,10,cpr1-kP-s10,24,30.62,31.34,S0314,100,false,"`cpr1`, 15 runs, 100 ep | Full available curve retained; registered_horizon and in_registered_plateau5_window identify the primary endpoint. Epoch observations are not independent seeds.",accuracy percent; epoch is the raw zero-based epoch index
cpr1,kP,Equivalent named sets,10,cpr1-kP-s10,25,33.54,33.11,S0314,100,false,"`cpr1`, 15 runs, 100 ep | Full available curve retained; registered_horizon and in_registered_plateau5_window identify the primary endpoint. Epoch observations are not independent seeds.",accuracy percent; epoch is the raw zero-based epoch index
cpr1,kP,Equivalent named sets,10,cpr1-kP-s10,26,35.37,35.2,S0314,100,false,"`cpr1`, 15 runs, 100 ep | Full available curve retained; registered_horizon and in_registered_plateau5_window identify the primary endpoint. Epoch observations are not independent seeds.",accuracy percent; epoch is the raw zero-based epoch index
cpr1,kP,Equivalent named sets,10,cpr1-kP-s10,27,37.96,37.06,S0314,100,false,"`cpr1`, 15 runs, 100 ep | Full available curve retained; registered_horizon and in_registered_plateau5_window identify the primary endpoint. Epoch observations are not independent seeds.",accuracy percent; epoch is the raw zero-based epoch index
cpr1,kP,Equivalent named sets,10,cpr1-kP-s10,28,38.69,39.13,S0314,100,false,"`cpr1`, 15 runs, 100 ep | Full available curve retained; registered_horizon and in_registered_plateau5_window identify the primary endpoint. Epoch observations are not independent seeds.",accuracy percent; epoch is the raw zero-based epoch index
cpr1,kP,Equivalent named sets,10,cpr1-kP-s10,29,40.6,41.24,S0314,100,false,"`cpr1`, 15 runs, 100 ep | Full available curve retained; registered_horizon and in_registered_plateau5_window identify the primary endpoint. Epoch observations are not independent seeds.",accuracy percent; epoch is the raw zero-based epoch index
cpr1,kP,Equivalent named sets,10,cpr1-kP-s10,30,42.1,42.47,S0314,100,false,"`cpr1`, 15 runs, 100 ep | Full available curve retained; registered_horizon and in_registered_plateau5_window identify the primary endpoint. Epoch observations are not independent seeds.",accuracy percent; epoch is the raw zero-based epoch index
cpr1,kP,Equivalent named sets,10,cpr1-kP-s10,31,43.8,44.4,S0314,100,false,"`cpr1`, 15 runs, 100 ep | Full available curve retained; registered_horizon and in_registered_plateau5_window identify the primary endpoint. Epoch observations are not independent seeds.",accuracy percent; epoch is the raw zero-based epoch index
cpr1,kP,Equivalent named sets,10,cpr1-kP-s10,32,45.45,45.73,S0314,100,false,"`cpr1`, 15 runs, 100 ep | Full available curve retained; registered_horizon and in_registered_plateau5_window identify the primary endpoint. Epoch observations are not independent seeds.",accuracy percent; epoch is the raw zero-based epoch index
cpr1,kP,Equivalent named sets,10,cpr1-kP-s10,33,45.43,47.36,S0314,100,false,"`cpr1`, 15 runs, 100 ep | Full available curve retained; registered_horizon and in_registered_plateau5_window identify the primary endpoint. Epoch observations are not independent seeds.",accuracy percent; epoch is the raw zero-based epoch index
cpr1,kP,Equivalent named sets,10,cpr1-kP-s10,34,47.63,49.06,S0314,100,false,"`cpr1`, 15 runs, 100 ep | Full available curve retained; registered_horizon and in_registered_plateau5_window identify the primary endpoint. Epoch observations are not independent seeds.",accuracy percent; epoch is the raw zero-based epoch index
cpr1,kP,Equivalent named sets,10,cpr1-kP-s10,35,48.52,50.33,S0314,100,false,"`cpr1`, 15 runs, 100 ep | Full available curve retained; registered_horizon and in_registered_plateau5_window identify the primary endpoint. Epoch observations are not independent seeds.",accuracy percent; epoch is the raw zero-based epoch index
cpr1,kP,Equivalent named sets,10,cpr1-kP-s10,36,49.26,51.73,S0314,100,false,"`cpr1`, 15 runs, 100 ep | Full available curve retained; registered_horizon and in_registered_plateau5_window identify the primary endpoint. Epoch observations are not independent seeds.",accuracy percent; epoch is the raw zero-based epoch index
cpr1,kP,Equivalent named sets,10,cpr1-kP-s10,37,50.24,53.03,S0314,100,false,"`cpr1`, 15 runs, 100 ep | Full available curve retained; registered_horizon and in_registered_plateau5_window identify the primary endpoint. Epoch observations are not independent seeds.",accuracy percent; epoch is the raw zero-based epoch index
cpr1,kP,Equivalent named sets,10,cpr1-kP-s10,38,51.26,54.04,S0314,100,false,"`cpr1`, 15 runs, 100 ep | Full available curve retained; registered_horizon and in_registered_plateau5_window identify the primary endpoint. Epoch observations are not independent seeds.",accuracy percent; epoch is the raw zero-based epoch index
cpr1,kP,Equivalent named sets,10,cpr1-kP-s10,39,52.41,55.11,S0314,100,false,"`cpr1`, 15 runs, 100 ep | Full available curve retained; registered_horizon and in_registered_plateau5_window identify the primary endpoint. Epoch observations are not independent seeds.",accuracy percent; epoch is the raw zero-based epoch index
cpr1,kP,Equivalent named sets,10,cpr1-kP-s10,40,52.82,56.26,S0314,100,false,"`cpr1`, 15 runs, 100 ep | Full available curve retained; registered_horizon and in_registered_plateau5_window identify the primary endpoint. Epoch observations are not independent seeds.",accuracy percent; epoch is the raw zero-based epoch index
cpr1,kP,Equivalent named sets,10,cpr1-kP-s10,41,53.13,56.99,S0314,100,false,"`cpr1`, 15 runs, 100 ep | Full available curve retained; registered_horizon and in_registered_plateau5_window identify the primary endpoint. Epoch observations are not independent seeds.",accuracy percent; epoch is the raw zero-based epoch index
cpr1,kP,Equivalent named sets,10,cpr1-kP-s10,42,53.44,57.67,S0314,100,false,"`cpr1`, 15 runs, 100 ep | Full available curve retained; registered_horizon and in_registered_plateau5_window identify the primary endpoint. Epoch observations are not independent seeds.",accuracy percent; epoch is the raw zero-based epoch index
cpr1,kP,Equivalent named sets,10,cpr1-kP-s10,43,53.75,58.18,S0314,100,false,"`cpr1`, 15 runs, 100 ep | Full available curve retained; registered_horizon and in_registered_plateau5_window identify the primary endpoint. Epoch observations are not independent seeds.",accuracy percent; epoch is the raw zero-based epoch index
cpr1,kP,Equivalent named sets,10,cpr1-kP-s10,44,54.34,59.02,S0314,100,false,"`cpr1`, 15 runs, 100 ep | Full available curve retained; registered_horizon and in_registered_plateau5_window identify the primary endpoint. Epoch observations are not independent seeds.",accuracy percent; epoch is the raw zero-based epoch index
cpr1,kP,Equivalent named sets,10,cpr1-kP-s10,45,54.13,59.43,S0314,100,false,"`cpr1`, 15 runs, 100 ep | Full available curve retained; registered_horizon and in_registered_plateau5_window identify the primary endpoint. Epoch observations are not independent seeds.",accuracy percent; epoch is the raw zero-based epoch index
cpr1,kP,Equivalent named sets,10,cpr1-kP-s10,46,54.5,60.16,S0314,100,false,"`cpr1`, 15 runs, 100 ep | Full available curve retained; registered_horizon and in_registered_plateau5_window identify the primary endpoint. Epoch observations are not independent seeds.",accuracy percent; epoch is the raw zero-based epoch index
cpr1,kP,Equivalent named sets,10,cpr1-kP-s10,47,54.77,60.48,S0314,100,false,"`cpr1`, 15 runs, 100 ep | Full available curve retained; registered_horizon and in_registered_plateau5_window identify the primary endpoint. Epoch observations are not independent seeds.",accuracy percent; epoch is the raw zero-based epoch index
cpr1,kP,Equivalent named sets,10,cpr1-kP-s10,48,55.04,60.61,S0314,100,false,"`cpr1`, 15 runs, 100 ep | Full available curve retained; registered_horizon and in_registered_plateau5_window identify the primary endpoint. Epoch observations are not independent seeds.",accuracy percent; epoch is the raw zero-based epoch index
cpr1,kP,Equivalent named sets,10,cpr1-kP-s10,49,55.1,60.69,S0314,100,false,"`cpr1`, 15 runs, 100 ep | Full available curve retained; registered_horizon and in_registered_plateau5_window identify the primary endpoint. Epoch observations are not independent seeds.",accuracy percent; epoch is the raw zero-based epoch index
cpr1,kP,Equivalent named sets,10,cpr1-kP-s10,50,55.05,61.33,S0314,100,false,"`cpr1`, 15 runs, 100 ep | Full available curve retained; registered_horizon and in_registered_plateau5_window identify the primary endpoint. Epoch observations are not independent seeds.",accuracy percent; epoch is the raw zero-based epoch index
cpr1,kP,Equivalent named sets,10,cpr1-kP-s10,51,55.33,61.03,S0314,100,false,"`cpr1`, 15 runs, 100 ep | Full available curve retained; registered_horizon and in_registered_plateau5_window identify the primary endpoint. Epoch observations are not independent seeds.",accuracy percent; epoch is the raw zero-based epoch index
cpr1,kP,Equivalent named sets,10,cpr1-kP-s10,52,55.64,61.49,S0314,100,false,"`cpr1`, 15 runs, 100 ep | Full available curve retained; registered_horizon and in_registered_plateau5_window identify the primary endpoint. Epoch observations are not independent seeds.",accuracy percent; epoch is the raw zero-based epoch index
cpr1,kP,Equivalent named sets,10,cpr1-kP-s10,53,55.56,61.42,S0314,100,false,"`cpr1`, 15 runs, 100 ep | Full available curve retained; registered_horizon and in_registered_plateau5_window identify the primary endpoint. Epoch observations are not independent seeds.",accuracy percent; epoch is the raw zero-based epoch index
cpr1,kP,Equivalent named sets,10,cpr1-kP-s10,54,55.38,61.99,S0314,100,false,"`cpr1`, 15 runs, 100 ep | Full available curve retained; registered_horizon and in_registered_plateau5_window identify the primary endpoint. Epoch observations are not independent seeds.",accuracy percent; epoch is the raw zero-based epoch index
cpr1,kP,Equivalent named sets,10,cpr1-kP-s10,55,55.42,61.89,S0314,100,false,"`cpr1`, 15 runs, 100 ep | Full available curve retained; registered_horizon and in_registered_plateau5_window identify the primary endpoint. Epoch observations are not independent seeds.",accuracy percent; epoch is the raw zero-based epoch index
cpr1,kP,Equivalent named sets,10,cpr1-kP-s10,56,55.65,61.83,S0314,100,false,"`cpr1`, 15 runs, 100 ep | Full available curve retained; registered_horizon and in_registered_plateau5_window identify the primary endpoint. Epoch observations are not independent seeds.",accuracy percent; epoch is the raw zero-based epoch index
cpr1,kP,Equivalent named sets,10,cpr1-kP-s10,57,55.59,62.13,S0314,100,false,"`cpr1`, 15 runs, 100 ep | Full available curve retained; registered_horizon and in_registered_plateau5_window identify the primary endpoint. Epoch observations are not independent seeds.",accuracy percent; epoch is the raw zero-based epoch index
cpr1,kP,Equivalent named sets,10,cpr1-kP-s10,58,55.85,62.14,S0314,100,false,"`cpr1`, 15 runs, 100 ep | Full available curve retained; registered_horizon and in_registered_plateau5_window identify the primary endpoint. Epoch observations are not independent seeds.",accuracy percent; epoch is the raw zero-based epoch index
cpr1,kP,Equivalent named sets,10,cpr1-kP-s10,59,55.75,62.39,S0314,100,false,"`cpr1`, 15 runs, 100 ep | Full available curve retained; registered_horizon and in_registered_plateau5_window identify the primary endpoint. Epoch observations are not independent seeds.",accuracy percent; epoch is the raw zero-based epoch index
cpr1,kP,Equivalent named sets,10,cpr1-kP-s10,60,55.88,62.4,S0314,100,false,"`cpr1`, 15 runs, 100 ep | Full available curve retained; registered_horizon and in_registered_plateau5_window identify the primary endpoint. Epoch observations are not independent seeds.",accuracy percent; epoch is the raw zero-based epoch index
cpr1,kP,Equivalent named sets,10,cpr1-kP-s10,61,55.93,62.15,S0314,100,false,"`cpr1`, 15 runs, 100 ep | Full available curve retained; registered_horizon and in_registered_plateau5_window identify the primary endpoint. Epoch observations are not independent seeds.",accuracy percent; epoch is the raw zero-based epoch index
cpr1,kP,Equivalent named sets,10,cpr1-kP-s10,62,55.83,62.46,S0314,100,false,"`cpr1`, 15 runs, 100 ep | Full available curve retained; registered_horizon and in_registered_plateau5_window identify the primary endpoint. Epoch observations are not independent seeds.",accuracy percent; epoch is the raw zero-based epoch index
cpr1,kP,Equivalent named sets,10,cpr1-kP-s10,63,56,62.29,S0314,100,false,"`cpr1`, 15 runs, 100 ep | Full available curve retained; registered_horizon and in_registered_plateau5_window identify the primary endpoint. Epoch observations are not independent seeds.",accuracy percent; epoch is the raw zero-based epoch index
cpr1,kP,Equivalent named sets,10,cpr1-kP-s10,64,55.94,62.58,S0314,100,false,"`cpr1`, 15 runs, 100 ep | Full available curve retained; registered_horizon and in_registered_plateau5_window identify the primary endpoint. Epoch observations are not independent seeds.",accuracy percent; epoch is the raw zero-based epoch index
cpr1,kP,Equivalent named sets,10,cpr1-kP-s10,65,55.92,62.47,S0314,100,false,"`cpr1`, 15 runs, 100 ep | Full available curve retained; registered_horizon and in_registered_plateau5_window identify the primary endpoint. Epoch observations are not independent seeds.",accuracy percent; epoch is the raw zero-based epoch index
cpr1,kP,Equivalent named sets,10,cpr1-kP-s10,66,55.9,62.66,S0314,100,false,"`cpr1`, 15 runs, 100 ep | Full available curve retained; registered_horizon and in_registered_plateau5_window identify the primary endpoint. Epoch observations are not independent seeds.",accuracy percent; epoch is the raw zero-based epoch index
cpr1,kP,Equivalent named sets,10,cpr1-kP-s10,67,55.85,62.58,S0314,100,false,"`cpr1`, 15 runs, 100 ep | Full available curve retained; registered_horizon and in_registered_plateau5_window identify the primary endpoint. Epoch observations are not independent seeds.",accuracy percent; epoch is the raw zero-based epoch index
cpr1,kP,Equivalent named sets,10,cpr1-kP-s10,68,55.81,62.77,S0314,100,false,"`cpr1`, 15 runs, 100 ep | Full available curve retained; registered_horizon and in_registered_plateau5_window identify the primary endpoint. Epoch observations are not independent seeds.",accuracy percent; epoch is the raw zero-based epoch index
cpr1,kP,Equivalent named sets,10,cpr1-kP-s10,69,55.91,62.52,S0314,100,false,"`cpr1`, 15 runs, 100 ep | Full available curve retained; registered_horizon and in_registered_plateau5_window identify the primary endpoint. Epoch observations are not independent seeds.",accuracy percent; epoch is the raw zero-based epoch index
cpr1,kP,Equivalent named sets,10,cpr1-kP-s10,70,55.93,62.78,S0314,100,false,"`cpr1`, 15 runs, 100 ep | Full available curve retained; registered_horizon and in_registered_plateau5_window identify the primary endpoint. Epoch observations are not independent seeds.",accuracy percent; epoch is the raw zero-based epoch index
cpr1,kP,Equivalent named sets,10,cpr1-kP-s10,71,55.79,62.64,S0314,100,false,"`cpr1`, 15 runs, 100 ep | Full available curve retained; registered_horizon and in_registered_plateau5_window identify the primary endpoint. Epoch observations are not independent seeds.",accuracy percent; epoch is the raw zero-based epoch index
cpr1,kP,Equivalent named sets,10,cpr1-kP-s10,72,55.91,62.78,S0314,100,false,"`cpr1`, 15 runs, 100 ep | Full available curve retained; registered_horizon and in_registered_plateau5_window identify the primary endpoint. Epoch observations are not independent seeds.",accuracy percent; epoch is the raw zero-based epoch index
cpr1,kP,Equivalent named sets,10,cpr1-kP-s10,73,55.75,62.71,S0314,100,false,"`cpr1`, 15 runs, 100 ep | Full available curve retained; registered_horizon and in_registered_plateau5_window identify the primary endpoint. Epoch observations are not independent seeds.",accuracy percent; epoch is the raw zero-based epoch index
cpr1,kP,Equivalent named sets,10,cpr1-kP-s10,74,56.13,62.76,S0314,100,false,"`cpr1`, 15 runs, 100 ep | Full available curve retained; registered_horizon and in_registered_plateau5_window identify the primary endpoint. Epoch observations are not independent seeds.",accuracy percent; epoch is the raw zero-based epoch index
cpr1,kP,Equivalent named sets,10,cpr1-kP-s10,75,55.86,62.69,S0314,100,false,"`cpr1`, 15 runs, 100 ep | Full available curve retained; registered_horizon and in_registered_plateau5_window identify the primary endpoint. Epoch observations are not independent seeds.",accuracy percent; epoch is the raw zero-based epoch index
cpr1,kP,Equivalent named sets,10,cpr1-kP-s10,76,55.75,62.91,S0314,100,false,"`cpr1`, 15 runs, 100 ep | Full available curve retained; registered_horizon and in_registered_plateau5_window identify the primary endpoint. Epoch observations are not independent seeds.",accuracy percent; epoch is the raw zero-based epoch index
cpr1,kP,Equivalent named sets,10,cpr1-kP-s10,77,55.91,62.63,S0314,100,false,"`cpr1`, 15 runs, 100 ep | Full available curve retained; registered_horizon and in_registered_plateau5_window identify the primary endpoint. Epoch observations are not independent seeds.",accuracy percent; epoch is the raw zero-based epoch index
cpr1,kP,Equivalent named sets,10,cpr1-kP-s10,78,56,62.76,S0314,100,false,"`cpr1`, 15 runs, 100 ep | Full available curve retained; registered_horizon and in_registered_plateau5_window identify the primary endpoint. Epoch observations are not independent seeds.",accuracy percent; epoch is the raw zero-based epoch index
cpr1,kP,Equivalent named sets,10,cpr1-kP-s10,79,55.9,62.92,S0314,100,false,"`cpr1`, 15 runs, 100 ep | Full available curve retained; registered_horizon and in_registered_plateau5_window identify the primary endpoint. Epoch observations are not independent seeds.",accuracy percent; epoch is the raw zero-based epoch index
cpr1,kP,Equivalent named sets,10,cpr1-kP-s10,80,55.89,62.69,S0314,100,false,"`cpr1`, 15 runs, 100 ep | Full available curve retained; registered_horizon and in_registered_plateau5_window identify the primary endpoint. Epoch observations are not independent seeds.",accuracy percent; epoch is the raw zero-based epoch index
cpr1,kP,Equivalent named sets,10,cpr1-kP-s10,81,55.78,62.48,S0314,100,false,"`cpr1`, 15 runs, 100 ep | Full available curve retained; registered_horizon and in_registered_plateau5_window identify the primary endpoint. Epoch observations are not independent seeds.",accuracy percent; epoch is the raw zero-based epoch index
cpr1,kP,Equivalent named sets,10,cpr1-kP-s10,82,55.85,62.85,S0314,100,false,"`cpr1`, 15 runs, 100 ep | Full available curve retained; registered_horizon and in_registered_plateau5_window identify the primary endpoint. Epoch observations are not independent seeds.",accuracy percent; epoch is the raw zero-based epoch index
cpr1,kP,Equivalent named sets,10,cpr1-kP-s10,83,55.84,62.75,S0314,100,false,"`cpr1`, 15 runs, 100 ep | Full available curve retained; registered_horizon and in_registered_plateau5_window identify the primary endpoint. Epoch observations are not independent seeds.",accuracy percent; epoch is the raw zero-based epoch index
cpr1,kP,Equivalent named sets,10,cpr1-kP-s10,84,55.76,62.59,S0314,100,false,"`cpr1`, 15 runs, 100 ep | Full available curve retained; registered_horizon and in_registered_plateau5_window identify the primary endpoint. Epoch observations are not independent seeds.",accuracy percent; epoch is the raw zero-based epoch index
cpr1,kP,Equivalent named sets,10,cpr1-kP-s10,85,55.9,62.91,S0314,100,false,"`cpr1`, 15 runs, 100 ep | Full available curve retained; registered_horizon and in_registered_plateau5_window identify the primary endpoint. Epoch observations are not independent seeds.",accuracy percent; epoch is the raw zero-based epoch index
cpr1,kP,Equivalent named sets,10,cpr1-kP-s10,86,55.86,62.81,S0314,100,false,"`cpr1`, 15 runs, 100 ep | Full available curve retained; registered_horizon and in_registered_plateau5_window identify the primary endpoint. Epoch observations are not independent seeds.",accuracy percent; epoch is the raw zero-based epoch index
cpr1,kP,Equivalent named sets,10,cpr1-kP-s10,87,55.99,62.64,S0314,100,false,"`cpr1`, 15 runs, 100 ep | Full available curve retained; registered_horizon and in_registered_plateau5_window identify the primary endpoint. Epoch observations are not independent seeds.",accuracy percent; epoch is the raw zero-based epoch index
cpr1,kP,Equivalent named sets,10,cpr1-kP-s10,88,55.9,62.94,S0314,100,false,"`cpr1`, 15 runs, 100 ep | Full available curve retained; registered_horizon and in_registered_plateau5_window identify the primary endpoint. Epoch observations are not independent seeds.",accuracy percent; epoch is the raw zero-based epoch index
cpr1,kP,Equivalent named sets,10,cpr1-kP-s10,89,55.98,62.66,S0314,100,false,"`cpr1`, 15 runs, 100 ep | Full available curve retained; registered_horizon and in_registered_plateau5_window identify the primary endpoint. Epoch observations are not independent seeds.",accuracy percent; epoch is the raw zero-based epoch index
cpr1,kP,Equivalent named sets,10,cpr1-kP-s10,90,55.69,62.81,S0314,100,false,"`cpr1`, 15 runs, 100 ep | Full available curve retained; registered_horizon and in_registered_plateau5_window identify the primary endpoint. Epoch observations are not independent seeds.",accuracy percent; epoch is the raw zero-based epoch index
cpr1,kP,Equivalent named sets,10,cpr1-kP-s10,91,55.78,62.83,S0314,100,false,"`cpr1`, 15 runs, 100 ep | Full available curve retained; registered_horizon and in_registered_plateau5_window identify the primary endpoint. Epoch observations are not independent seeds.",accuracy percent; epoch is the raw zero-based epoch index
cpr1,kP,Equivalent named sets,10,cpr1-kP-s10,92,55.86,62.69,S0314,100,false,"`cpr1`, 15 runs, 100 ep | Full available curve retained; registered_horizon and in_registered_plateau5_window identify the primary endpoint. Epoch observations are not independent seeds.",accuracy percent; epoch is the raw zero-based epoch index
cpr1,kP,Equivalent named sets,10,cpr1-kP-s10,93,55.96,62.76,S0314,100,false,"`cpr1`, 15 runs, 100 ep | Full available curve retained; registered_horizon and in_registered_plateau5_window identify the primary endpoint. Epoch observations are not independent seeds.",accuracy percent; epoch is the raw zero-based epoch index
cpr1,kP,Equivalent named sets,10,cpr1-kP-s10,94,55.93,62.71,S0314,100,false,"`cpr1`, 15 runs, 100 ep | Full available curve retained; registered_horizon and in_registered_plateau5_window identify the primary endpoint. Epoch observations are not independent seeds.",accuracy percent; epoch is the raw zero-based epoch index
cpr1,kP,Equivalent named sets,10,cpr1-kP-s10,95,56,62.67,S0314,100,true,"`cpr1`, 15 runs, 100 ep | Full available curve retained; registered_horizon and in_registered_plateau5_window identify the primary endpoint. Epoch observations are not independent seeds.",accuracy percent; epoch is the raw zero-based epoch index
cpr1,kP,Equivalent named sets,10,cpr1-kP-s10,96,56.03,62.86,S0314,100,true,"`cpr1`, 15 runs, 100 ep | Full available curve retained; registered_horizon and in_registered_plateau5_window identify the primary endpoint. Epoch observations are not independent seeds.",accuracy percent; epoch is the raw zero-based epoch index
cpr1,kP,Equivalent named sets,10,cpr1-kP-s10,97,55.76,62.65,S0314,100,true,"`cpr1`, 15 runs, 100 ep | Full available curve retained; registered_horizon and in_registered_plateau5_window identify the primary endpoint. Epoch observations are not independent seeds.",accuracy percent; epoch is the raw zero-based epoch index
cpr1,kP,Equivalent named sets,10,cpr1-kP-s10,98,56.05,62.78,S0314,100,true,"`cpr1`, 15 runs, 100 ep | Full available curve retained; registered_horizon and in_registered_plateau5_window identify the primary endpoint. Epoch observations are not independent seeds.",accuracy percent; epoch is the raw zero-based epoch index
cpr1,kP,Equivalent named sets,10,cpr1-kP-s10,99,55.95,62.7,S0314,100,true,"`cpr1`, 15 runs, 100 ep | Full available curve retained; registered_horizon and in_registered_plateau5_window identify the primary endpoint. Epoch observations are not independent seeds.",accuracy percent; epoch is the raw zero-based epoch index
cpr1,kP,Equivalent named sets,11,cpr1-kP-s11,0,0.96,0.95,S0315,100,false,"`cpr1`, 15 runs, 100 ep | Full available curve retained; registered_horizon and in_registered_plateau5_window identify the primary endpoint. Epoch observations are not independent seeds.",accuracy percent; epoch is the raw zero-based epoch index
cpr1,kP,Equivalent named sets,11,cpr1-kP-s11,1,1.02,0.96,S0315,100,false,"`cpr1`, 15 runs, 100 ep | Full available curve retained; registered_horizon and in_registered_plateau5_window identify the primary endpoint. Epoch observations are not independent seeds.",accuracy percent; epoch is the raw zero-based epoch index
cpr1,kP,Equivalent named sets,11,cpr1-kP-s11,2,0.99,0.96,S0315,100,false,"`cpr1`, 15 runs, 100 ep | Full available curve retained; registered_horizon and in_registered_plateau5_window identify the primary endpoint. Epoch observations are not independent seeds.",accuracy percent; epoch is the raw zero-based epoch index
cpr1,kP,Equivalent named sets,11,cpr1-kP-s11,3,1.06,0.97,S0315,100,false,"`cpr1`, 15 runs, 100 ep | Full available curve retained; registered_horizon and in_registered_plateau5_window identify the primary endpoint. Epoch observations are not independent seeds.",accuracy percent; epoch is the raw zero-based epoch index
cpr1,kP,Equivalent named sets,11,cpr1-kP-s11,4,0.95,0.93,S0315,100,false,"`cpr1`, 15 runs, 100 ep | Full available curve retained; registered_horizon and in_registered_plateau5_window identify the primary endpoint. Epoch observations are not independent seeds.",accuracy percent; epoch is the raw zero-based epoch index
cpr1,kP,Equivalent named sets,11,cpr1-kP-s11,5,1.02,0.98,S0315,100,false,"`cpr1`, 15 runs, 100 ep | Full available curve retained; registered_horizon and in_registered_plateau5_window identify the primary endpoint. Epoch observations are not independent seeds.",accuracy percent; epoch is the raw zero-based epoch index
cpr1,kP,Equivalent named sets,11,cpr1-kP-s11,6,1.24,1.05,S0315,100,false,"`cpr1`, 15 runs, 100 ep | Full available curve retained; registered_horizon and in_registered_plateau5_window identify the primary endpoint. Epoch observations are not independent seeds.",accuracy percent; epoch is the raw zero-based epoch index
cpr1,kP,Equivalent named sets,11,cpr1-kP-s11,7,1.52,1.29,S0315,100,false,"`cpr1`, 15 runs, 100 ep | Full available curve retained; registered_horizon and in_registered_plateau5_window identify the primary endpoint. Epoch observations are not independent seeds.",accuracy percent; epoch is the raw zero-based epoch index
cpr1,kP,Equivalent named sets,11,cpr1-kP-s11,8,1.92,1.54,S0315,100,false,"`cpr1`, 15 runs, 100 ep | Full available curve retained; registered_horizon and in_registered_plateau5_window identify the primary endpoint. Epoch observations are not independent seeds.",accuracy percent; epoch is the raw zero-based epoch index
cpr1,kP,Equivalent named sets,11,cpr1-kP-s11,9,2.43,1.99,S0315,100,false,"`cpr1`, 15 runs, 100 ep | Full available curve retained; registered_horizon and in_registered_plateau5_window identify the primary endpoint. Epoch observations are not independent seeds.",accuracy percent; epoch is the raw zero-based epoch index
cpr1,kP,Equivalent named sets,11,cpr1-kP-s11,10,3.08,2.63,S0315,100,false,"`cpr1`, 15 runs, 100 ep | Full available curve retained; registered_horizon and in_registered_plateau5_window identify the primary endpoint. Epoch observations are not independent seeds.",accuracy percent; epoch is the raw zero-based epoch index
cpr1,kP,Equivalent named sets,11,cpr1-kP-s11,11,4.19,3.35,S0315,100,false,"`cpr1`, 15 runs, 100 ep | Full available curve retained; registered_horizon and in_registered_plateau5_window identify the primary endpoint. Epoch observations are not independent seeds.",accuracy percent; epoch is the raw zero-based epoch index
cpr1,kP,Equivalent named sets,11,cpr1-kP-s11,12,6.17,5.01,S0315,100,false,"`cpr1`, 15 runs, 100 ep | Full available curve retained; registered_horizon and in_registered_plateau5_window identify the primary endpoint. Epoch observations are not independent seeds.",accuracy percent; epoch is the raw zero-based epoch index
cpr1,kP,Equivalent named sets,11,cpr1-kP-s11,13,8.38,6.97,S0315,100,false,"`cpr1`, 15 runs, 100 ep | Full available curve retained; registered_horizon and in_registered_plateau5_window identify the primary endpoint. Epoch observations are not independent seeds.",accuracy percent; epoch is the raw zero-based epoch index
cpr1,kP,Equivalent named sets,11,cpr1-kP-s11,14,10.35,9.28,S0315,100,false,"`cpr1`, 15 runs, 100 ep | Full available curve retained; registered_horizon and in_registered_plateau5_window identify the primary endpoint. Epoch observations are not independent seeds.",accuracy percent; epoch is the raw zero-based epoch index
cpr1,kP,Equivalent named sets,11,cpr1-kP-s11,15,12.4,11.54,S0315,100,false,"`cpr1`, 15 runs, 100 ep | Full available curve retained; registered_horizon and in_registered_plateau5_window identify the primary endpoint. Epoch observations are not independent seeds.",accuracy percent; epoch is the raw zero-based epoch index
cpr1,kP,Equivalent named sets,11,cpr1-kP-s11,16,14.42,13.23,S0315,100,false,"`cpr1`, 15 runs, 100 ep | Full available curve retained; registered_horizon and in_registered_plateau5_window identify the primary endpoint. Epoch observations are not independent seeds.",accuracy percent; epoch is the raw zero-based epoch index
cpr1,kP,Equivalent named sets,11,cpr1-kP-s11,17,15.46,14.46,S0315,100,false,"`cpr1`, 15 runs, 100 ep | Full available curve retained; registered_horizon and in_registered_plateau5_window identify the primary endpoint. Epoch observations are not independent seeds.",accuracy percent; epoch is the raw zero-based epoch index
cpr1,kP,Equivalent named sets,11,cpr1-kP-s11,18,18.58,16.74,S0315,100,false,"`cpr1`, 15 runs, 100 ep | Full available curve retained; registered_horizon and in_registered_plateau5_window identify the primary endpoint. Epoch observations are not independent seeds.",accuracy percent; epoch is the raw zero-based epoch index
cpr1,kP,Equivalent named sets,11,cpr1-kP-s11,19,21.36,19.94,S0315,100,false,"`cpr1`, 15 runs, 100 ep | Full available curve retained; registered_horizon and in_registered_plateau5_window identify the primary endpoint. Epoch observations are not independent seeds.",accuracy percent; epoch is the raw zero-based epoch index
cpr1,kP,Equivalent named sets,11,cpr1-kP-s11,20,23.47,22.61,S0315,100,false,"`cpr1`, 15 runs, 100 ep | Full available curve retained; registered_horizon and in_registered_plateau5_window identify the primary endpoint. Epoch observations are not independent seeds.",accuracy percent; epoch is the raw zero-based epoch index
cpr1,kP,Equivalent named sets,11,cpr1-kP-s11,21,25.3,24.96,S0315,100,false,"`cpr1`, 15 runs, 100 ep | Full available curve retained; registered_horizon and in_registered_plateau5_window identify the primary endpoint. Epoch observations are not independent seeds.",accuracy percent; epoch is the raw zero-based epoch index
cpr1,kP,Equivalent named sets,11,cpr1-kP-s11,22,27,27.09,S0315,100,false,"`cpr1`, 15 runs, 100 ep | Full available curve retained; registered_horizon and in_registered_plateau5_window identify the primary endpoint. Epoch observations are not independent seeds.",accuracy percent; epoch is the raw zero-based epoch index
cpr1,kP,Equivalent named sets,11,cpr1-kP-s11,23,28.15,29.01,S0315,100,false,"`cpr1`, 15 runs, 100 ep | Full available curve retained; registered_horizon and in_registered_plateau5_window identify the primary endpoint. Epoch observations are not independent seeds.",accuracy percent; epoch is the raw zero-based epoch index
cpr1,kP,Equivalent named sets,11,cpr1-kP-s11,24,31.21,30.9,S0315,100,false,"`cpr1`, 15 runs, 100 ep | Full available curve retained; registered_horizon and in_registered_plateau5_window identify the primary endpoint. Epoch observations are not independent seeds.",accuracy percent; epoch is the raw zero-based epoch index
cpr1,kP,Equivalent named sets,11,cpr1-kP-s11,25,32.55,32.33,S0315,100,false,"`cpr1`, 15 runs, 100 ep | Full available curve retained; registered_horizon and in_registered_plateau5_window identify the primary endpoint. Epoch observations are not independent seeds.",accuracy percent; epoch is the raw zero-based epoch index
cpr1,kP,Equivalent named sets,11,cpr1-kP-s11,26,34.32,34.44,S0315,100,false,"`cpr1`, 15 runs, 100 ep | Full available curve retained; registered_horizon and in_registered_plateau5_window identify the primary endpoint. Epoch observations are not independent seeds.",accuracy percent; epoch is the raw zero-based epoch index
cpr1,kP,Equivalent named sets,11,cpr1-kP-s11,27,34.73,36.31,S0315,100,false,"`cpr1`, 15 runs, 100 ep | Full available curve retained; registered_horizon and in_registered_plateau5_window identify the primary endpoint. Epoch observations are not independent seeds.",accuracy percent; epoch is the raw zero-based epoch index
cpr1,kP,Equivalent named sets,11,cpr1-kP-s11,28,37.2,38.17,S0315,100,false,"`cpr1`, 15 runs, 100 ep | Full available curve retained; registered_horizon and in_registered_plateau5_window identify the primary endpoint. Epoch observations are not independent seeds.",accuracy percent; epoch is the raw zero-based epoch index
cpr1,kP,Equivalent named sets,11,cpr1-kP-s11,29,38.97,39.83,S0315,100,false,"`cpr1`, 15 runs, 100 ep | Full available curve retained; registered_horizon and in_registered_plateau5_window identify the primary endpoint. Epoch observations are not independent seeds.",accuracy percent; epoch is the raw zero-based epoch index
cpr1,kP,Equivalent named sets,11,cpr1-kP-s11,30,40.99,41.93,S0315,100,false,"`cpr1`, 15 runs, 100 ep | Full available curve retained; registered_horizon and in_registered_plateau5_window identify the primary endpoint. Epoch observations are not independent seeds.",accuracy percent; epoch is the raw zero-based epoch index
cpr1,kP,Equivalent named sets,11,cpr1-kP-s11,31,42.33,43.37,S0315,100,false,"`cpr1`, 15 runs, 100 ep | Full available curve retained; registered_horizon and in_registered_plateau5_window identify the primary endpoint. Epoch observations are not independent seeds.",accuracy percent; epoch is the raw zero-based epoch index
cpr1,kP,Equivalent named sets,11,cpr1-kP-s11,32,44.55,44.89,S0315,100,false,"`cpr1`, 15 runs, 100 ep | Full available curve retained; registered_horizon and in_registered_plateau5_window identify the primary endpoint. Epoch observations are not independent seeds.",accuracy percent; epoch is the raw zero-based epoch index
cpr1,kP,Equivalent named sets,11,cpr1-kP-s11,33,44.5,46,S0315,100,false,"`cpr1`, 15 runs, 100 ep | Full available curve retained; registered_horizon and in_registered_plateau5_window identify the primary endpoint. Epoch observations are not independent seeds.",accuracy percent; epoch is the raw zero-based epoch index
cpr1,kP,Equivalent named sets,11,cpr1-kP-s11,34,46.63,47.61,S0315,100,false,"`cpr1`, 15 runs, 100 ep | Full available curve retained; registered_horizon and in_registered_plateau5_window identify the primary endpoint. Epoch observations are not independent seeds.",accuracy percent; epoch is the raw zero-based epoch index
cpr1,kP,Equivalent named sets,11,cpr1-kP-s11,35,47.36,49.26,S0315,100,false,"`cpr1`, 15 runs, 100 ep | Full available curve retained; registered_horizon and in_registered_plateau5_window identify the primary endpoint. Epoch observations are not independent seeds.",accuracy percent; epoch is the raw zero-based epoch index
cpr1,kP,Equivalent named sets,11,cpr1-kP-s11,36,48.26,50.15,S0315,100,false,"`cpr1`, 15 runs, 100 ep | Full available curve retained; registered_horizon and in_registered_plateau5_window identify the primary endpoint. Epoch observations are not independent seeds.",accuracy percent; epoch is the raw zero-based epoch index
cpr1,kP,Equivalent named sets,11,cpr1-kP-s11,37,48.89,51.53,S0315,100,false,"`cpr1`, 15 runs, 100 ep | Full available curve retained; registered_horizon and in_registered_plateau5_window identify the primary endpoint. Epoch observations are not independent seeds.",accuracy percent; epoch is the raw zero-based epoch index
cpr1,kP,Equivalent named sets,11,cpr1-kP-s11,38,49.39,52.54,S0315,100,false,"`cpr1`, 15 runs, 100 ep | Full available curve retained; registered_horizon and in_registered_plateau5_window identify the primary endpoint. Epoch observations are not independent seeds.",accuracy percent; epoch is the raw zero-based epoch index
cpr1,kP,Equivalent named sets,11,cpr1-kP-s11,39,50.19,53.43,S0315,100,false,"`cpr1`, 15 runs, 100 ep | Full available curve retained; registered_horizon and in_registered_plateau5_window identify the primary endpoint. Epoch observations are not independent seeds.",accuracy percent; epoch is the raw zero-based epoch index
cpr1,kP,Equivalent named sets,11,cpr1-kP-s11,40,50.41,54.56,S0315,100,false,"`cpr1`, 15 runs, 100 ep | Full available curve retained; registered_horizon and in_registered_plateau5_window identify the primary endpoint. Epoch observations are not independent seeds.",accuracy percent; epoch is the raw zero-based epoch index
cpr1,kP,Equivalent named sets,11,cpr1-kP-s11,41,51.12,55.22,S0315,100,false,"`cpr1`, 15 runs, 100 ep | Full available curve retained; registered_horizon and in_registered_plateau5_window identify the primary endpoint. Epoch observations are not independent seeds.",accuracy percent; epoch is the raw zero-based epoch index
cpr1,kP,Equivalent named sets,11,cpr1-kP-s11,42,51.45,55.73,S0315,100,false,"`cpr1`, 15 runs, 100 ep | Full available curve retained; registered_horizon and in_registered_plateau5_window identify the primary endpoint. Epoch observations are not independent seeds.",accuracy percent; epoch is the raw zero-based epoch index
cpr1,kP,Equivalent named sets,11,cpr1-kP-s11,43,51.75,56.66,S0315,100,false,"`cpr1`, 15 runs, 100 ep | Full available curve retained; registered_horizon and in_registered_plateau5_window identify the primary endpoint. Epoch observations are not independent seeds.",accuracy percent; epoch is the raw zero-based epoch index
cpr1,kP,Equivalent named sets,11,cpr1-kP-s11,44,52.35,57.03,S0315,100,false,"`cpr1`, 15 runs, 100 ep | Full available curve retained; registered_horizon and in_registered_plateau5_window identify the primary endpoint. Epoch observations are not independent seeds.",accuracy percent; epoch is the raw zero-based epoch index
cpr1,kP,Equivalent named sets,11,cpr1-kP-s11,45,52.5,57.48,S0315,100,false,"`cpr1`, 15 runs, 100 ep | Full available curve retained; registered_horizon and in_registered_plateau5_window identify the primary endpoint. Epoch observations are not independent seeds.",accuracy percent; epoch is the raw zero-based epoch index
cpr1,kP,Equivalent named sets,11,cpr1-kP-s11,46,52.61,57.86,S0315,100,false,"`cpr1`, 15 runs, 100 ep | Full available curve retained; registered_horizon and in_registered_plateau5_window identify the primary endpoint. Epoch observations are not independent seeds.",accuracy percent; epoch is the raw zero-based epoch index
cpr1,kP,Equivalent named sets,11,cpr1-kP-s11,47,52.66,58.46,S0315,100,false,"`cpr1`, 15 runs, 100 ep | Full available curve retained; registered_horizon and in_registered_plateau5_window identify the primary endpoint. Epoch observations are not independent seeds.",accuracy percent; epoch is the raw zero-based epoch index
cpr1,kP,Equivalent named sets,11,cpr1-kP-s11,48,53.1,58.62,S0315,100,false,"`cpr1`, 15 runs, 100 ep | Full available curve retained; registered_horizon and in_registered_plateau5_window identify the primary endpoint. Epoch observations are not independent seeds.",accuracy percent; epoch is the raw zero-based epoch index
cpr1,kP,Equivalent named sets,11,cpr1-kP-s11,49,53.12,58.79,S0315,100,false,"`cpr1`, 15 runs, 100 ep | Full available curve retained; registered_horizon and in_registered_plateau5_window identify the primary endpoint. Epoch observations are not independent seeds.",accuracy percent; epoch is the raw zero-based epoch index
cpr1,kP,Equivalent named sets,11,cpr1-kP-s11,50,52.88,58.87,S0315,100,false,"`cpr1`, 15 runs, 100 ep | Full available curve retained; registered_horizon and in_registered_plateau5_window identify the primary endpoint. Epoch observations are not independent seeds.",accuracy percent; epoch is the raw zero-based epoch index
cpr1,kP,Equivalent named sets,11,cpr1-kP-s11,51,52.92,59.27,S0315,100,false,"`cpr1`, 15 runs, 100 ep | Full available curve retained; registered_horizon and in_registered_plateau5_window identify the primary endpoint. Epoch observations are not independent seeds.",accuracy percent; epoch is the raw zero-based epoch index
cpr1,kP,Equivalent named sets,11,cpr1-kP-s11,52,53.17,59.33,S0315,100,false,"`cpr1`, 15 runs, 100 ep | Full available curve retained; registered_horizon and in_registered_plateau5_window identify the primary endpoint. Epoch observations are not independent seeds.",accuracy percent; epoch is the raw zero-based epoch index
cpr1,kP,Equivalent named sets,11,cpr1-kP-s11,53,53.18,59.66,S0315,100,false,"`cpr1`, 15 runs, 100 ep | Full available curve retained; registered_horizon and in_registered_plateau5_window identify the primary endpoint. Epoch observations are not independent seeds.",accuracy percent; epoch is the raw zero-based epoch index
cpr1,kP,Equivalent named sets,11,cpr1-kP-s11,54,53.43,59.58,S0315,100,false,"`cpr1`, 15 runs, 100 ep | Full available curve retained; registered_horizon and in_registered_plateau5_window identify the primary endpoint. Epoch observations are not independent seeds.",accuracy percent; epoch is the raw zero-based epoch index
cpr1,kP,Equivalent named sets,11,cpr1-kP-s11,55,53.2,59.89,S0315,100,false,"`cpr1`, 15 runs, 100 ep | Full available curve retained; registered_horizon and in_registered_plateau5_window identify the primary endpoint. Epoch observations are not independent seeds.",accuracy percent; epoch is the raw zero-based epoch index
cpr1,kP,Equivalent named sets,11,cpr1-kP-s11,56,53.35,59.97,S0315,100,false,"`cpr1`, 15 runs, 100 ep | Full available curve retained; registered_horizon and in_registered_plateau5_window identify the primary endpoint. Epoch observations are not independent seeds.",accuracy percent; epoch is the raw zero-based epoch index
cpr1,kP,Equivalent named sets,11,cpr1-kP-s11,57,53.43,59.95,S0315,100,false,"`cpr1`, 15 runs, 100 ep | Full available curve retained; registered_horizon and in_registered_plateau5_window identify the primary endpoint. Epoch observations are not independent seeds.",accuracy percent; epoch is the raw zero-based epoch index
cpr1,kP,Equivalent named sets,11,cpr1-kP-s11,58,53.23,60.1,S0315,100,false,"`cpr1`, 15 runs, 100 ep | Full available curve retained; registered_horizon and in_registered_plateau5_window identify the primary endpoint. Epoch observations are not independent seeds.",accuracy percent; epoch is the raw zero-based epoch index
cpr1,kP,Equivalent named sets,11,cpr1-kP-s11,59,53.63,60.1,S0315,100,false,"`cpr1`, 15 runs, 100 ep | Full available curve retained; registered_horizon and in_registered_plateau5_window identify the primary endpoint. Epoch observations are not independent seeds.",accuracy percent; epoch is the raw zero-based epoch index
cpr1,kP,Equivalent named sets,11,cpr1-kP-s11,60,53.57,60.44,S0315,100,false,"`cpr1`, 15 runs, 100 ep | Full available curve retained; registered_horizon and in_registered_plateau5_window identify the primary endpoint. Epoch observations are not independent seeds.",accuracy percent; epoch is the raw zero-based epoch index
cpr1,kP,Equivalent named sets,11,cpr1-kP-s11,61,53.49,60.27,S0315,100,false,"`cpr1`, 15 runs, 100 ep | Full available curve retained; registered_horizon and in_registered_plateau5_window identify the primary endpoint. Epoch observations are not independent seeds.",accuracy percent; epoch is the raw zero-based epoch index
cpr1,kP,Equivalent named sets,11,cpr1-kP-s11,62,53.64,60.4,S0315,100,false,"`cpr1`, 15 runs, 100 ep | Full available curve retained; registered_horizon and in_registered_plateau5_window identify the primary endpoint. Epoch observations are not independent seeds.",accuracy percent; epoch is the raw zero-based epoch index
cpr1,kP,Equivalent named sets,11,cpr1-kP-s11,63,53.83,60.34,S0315,100,false,"`cpr1`, 15 runs, 100 ep | Full available curve retained; registered_horizon and in_registered_plateau5_window identify the primary endpoint. Epoch observations are not independent seeds.",accuracy percent; epoch is the raw zero-based epoch index
cpr1,kP,Equivalent named sets,11,cpr1-kP-s11,64,53.58,60.39,S0315,100,false,"`cpr1`, 15 runs, 100 ep | Full available curve retained; registered_horizon and in_registered_plateau5_window identify the primary endpoint. Epoch observations are not independent seeds.",accuracy percent; epoch is the raw zero-based epoch index
cpr1,kP,Equivalent named sets,11,cpr1-kP-s11,65,53.72,60.66,S0315,100,false,"`cpr1`, 15 runs, 100 ep | Full available curve retained; registered_horizon and in_registered_plateau5_window identify the primary endpoint. Epoch observations are not independent seeds.",accuracy percent; epoch is the raw zero-based epoch index
cpr1,kP,Equivalent named sets,11,cpr1-kP-s11,66,53.82,60.49,S0315,100,false,"`cpr1`, 15 runs, 100 ep | Full available curve retained; registered_horizon and in_registered_plateau5_window identify the primary endpoint. Epoch observations are not independent seeds.",accuracy percent; epoch is the raw zero-based epoch index
cpr1,kP,Equivalent named sets,11,cpr1-kP-s11,67,53.53,60.71,S0315,100,false,"`cpr1`, 15 runs, 100 ep | Full available curve retained; registered_horizon and in_registered_plateau5_window identify the primary endpoint. Epoch observations are not independent seeds.",accuracy percent; epoch is the raw zero-based epoch index
cpr1,kP,Equivalent named sets,11,cpr1-kP-s11,68,53.57,60.53,S0315,100,false,"`cpr1`, 15 runs, 100 ep | Full available curve retained; registered_horizon and in_registered_plateau5_window identify the primary endpoint. Epoch observations are not independent seeds.",accuracy percent; epoch is the raw zero-based epoch index
cpr1,kP,Equivalent named sets,11,cpr1-kP-s11,69,53.63,60.68,S0315,100,false,"`cpr1`, 15 runs, 100 ep | Full available curve retained; registered_horizon and in_registered_plateau5_window identify the primary endpoint. Epoch observations are not independent seeds.",accuracy percent; epoch is the raw zero-based epoch index
cpr1,kP,Equivalent named sets,11,cpr1-kP-s11,70,53.64,60.63,S0315,100,false,"`cpr1`, 15 runs, 100 ep | Full available curve retained; registered_horizon and in_registered_plateau5_window identify the primary endpoint. Epoch observations are not independent seeds.",accuracy percent; epoch is the raw zero-based epoch index
cpr1,kP,Equivalent named sets,11,cpr1-kP-s11,71,53.79,60.54,S0315,100,false,"`cpr1`, 15 runs, 100 ep | Full available curve retained; registered_horizon and in_registered_plateau5_window identify the primary endpoint. Epoch observations are not independent seeds.",accuracy percent; epoch is the raw zero-based epoch index
cpr1,kP,Equivalent named sets,11,cpr1-kP-s11,72,53.54,60.66,S0315,100,false,"`cpr1`, 15 runs, 100 ep | Full available curve retained; registered_horizon and in_registered_plateau5_window identify the primary endpoint. Epoch observations are not independent seeds.",accuracy percent; epoch is the raw zero-based epoch index
cpr1,kP,Equivalent named sets,11,cpr1-kP-s11,73,53.78,60.66,S0315,100,false,"`cpr1`, 15 runs, 100 ep | Full available curve retained; registered_horizon and in_registered_plateau5_window identify the primary endpoint. Epoch observations are not independent seeds.",accuracy percent; epoch is the raw zero-based epoch index
cpr1,kP,Equivalent named sets,11,cpr1-kP-s11,74,53.66,60.6,S0315,100,false,"`cpr1`, 15 runs, 100 ep | Full available curve retained; registered_horizon and in_registered_plateau5_window identify the primary endpoint. Epoch observations are not independent seeds.",accuracy percent; epoch is the raw zero-based epoch index
cpr1,kP,Equivalent named sets,11,cpr1-kP-s11,75,53.75,60.5,S0315,100,false,"`cpr1`, 15 runs, 100 ep | Full available curve retained; registered_horizon and in_registered_plateau5_window identify the primary endpoint. Epoch observations are not independent seeds.",accuracy percent; epoch is the raw zero-based epoch index
cpr1,kP,Equivalent named sets,11,cpr1-kP-s11,76,53.61,60.68,S0315,100,false,"`cpr1`, 15 runs, 100 ep | Full available curve retained; registered_horizon and in_registered_plateau5_window identify the primary endpoint. Epoch observations are not independent seeds.",accuracy percent; epoch is the raw zero-based epoch index
cpr1,kP,Equivalent named sets,11,cpr1-kP-s11,77,53.68,60.69,S0315,100,false,"`cpr1`, 15 runs, 100 ep | Full available curve retained; registered_horizon and in_registered_plateau5_window identify the primary endpoint. Epoch observations are not independent seeds.",accuracy percent; epoch is the raw zero-based epoch index
cpr1,kP,Equivalent named sets,11,cpr1-kP-s11,78,53.65,60.68,S0315,100,false,"`cpr1`, 15 runs, 100 ep | Full available curve retained; registered_horizon and in_registered_plateau5_window identify the primary endpoint. Epoch observations are not independent seeds.",accuracy percent; epoch is the raw zero-based epoch index
cpr1,kP,Equivalent named sets,11,cpr1-kP-s11,79,53.62,60.74,S0315,100,false,"`cpr1`, 15 runs, 100 ep | Full available curve retained; registered_horizon and in_registered_plateau5_window identify the primary endpoint. Epoch observations are not independent seeds.",accuracy percent; epoch is the raw zero-based epoch index
cpr1,kP,Equivalent named sets,11,cpr1-kP-s11,80,53.67,60.66,S0315,100,false,"`cpr1`, 15 runs, 100 ep | Full available curve retained; registered_horizon and in_registered_plateau5_window identify the primary endpoint. Epoch observations are not independent seeds.",accuracy percent; epoch is the raw zero-based epoch index
cpr1,kP,Equivalent named sets,11,cpr1-kP-s11,81,53.7,60.61,S0315,100,false,"`cpr1`, 15 runs, 100 ep | Full available curve retained; registered_horizon and in_registered_plateau5_window identify the primary endpoint. Epoch observations are not independent seeds.",accuracy percent; epoch is the raw zero-based epoch index
cpr1,kP,Equivalent named sets,11,cpr1-kP-s11,82,53.79,60.91,S0315,100,false,"`cpr1`, 15 runs, 100 ep | Full available curve retained; registered_horizon and in_registered_plateau5_window identify the primary endpoint. Epoch observations are not independent seeds.",accuracy percent; epoch is the raw zero-based epoch index
cpr1,kP,Equivalent named sets,11,cpr1-kP-s11,83,53.68,60.94,S0315,100,false,"`cpr1`, 15 runs, 100 ep | Full available curve retained; registered_horizon and in_registered_plateau5_window identify the primary endpoint. Epoch observations are not independent seeds.",accuracy percent; epoch is the raw zero-based epoch index
cpr1,kP,Equivalent named sets,11,cpr1-kP-s11,84,53.61,60.9,S0315,100,false,"`cpr1`, 15 runs, 100 ep | Full available curve retained; registered_horizon and in_registered_plateau5_window identify the primary endpoint. Epoch observations are not independent seeds.",accuracy percent; epoch is the raw zero-based epoch index
cpr1,kP,Equivalent named sets,11,cpr1-kP-s11,85,53.6,60.72,S0315,100,false,"`cpr1`, 15 runs, 100 ep | Full available curve retained; registered_horizon and in_registered_plateau5_window identify the primary endpoint. Epoch observations are not independent seeds.",accuracy percent; epoch is the raw zero-based epoch index
cpr1,kP,Equivalent named sets,11,cpr1-kP-s11,86,53.73,60.8,S0315,100,false,"`cpr1`, 15 runs, 100 ep | Full available curve retained; registered_horizon and in_registered_plateau5_window identify the primary endpoint. Epoch observations are not independent seeds.",accuracy percent; epoch is the raw zero-based epoch index
cpr1,kP,Equivalent named sets,11,cpr1-kP-s11,87,53.66,60.69,S0315,100,false,"`cpr1`, 15 runs, 100 ep | Full available curve retained; registered_horizon and in_registered_plateau5_window identify the primary endpoint. Epoch observations are not independent seeds.",accuracy percent; epoch is the raw zero-based epoch index
cpr1,kP,Equivalent named sets,11,cpr1-kP-s11,88,53.49,60.87,S0315,100,false,"`cpr1`, 15 runs, 100 ep | Full available curve retained; registered_horizon and in_registered_plateau5_window identify the primary endpoint. Epoch observations are not independent seeds.",accuracy percent; epoch is the raw zero-based epoch index
cpr1,kP,Equivalent named sets,11,cpr1-kP-s11,89,53.76,60.78,S0315,100,false,"`cpr1`, 15 runs, 100 ep | Full available curve retained; registered_horizon and in_registered_plateau5_window identify the primary endpoint. Epoch observations are not independent seeds.",accuracy percent; epoch is the raw zero-based epoch index
cpr1,kP,Equivalent named sets,11,cpr1-kP-s11,90,53.71,60.93,S0315,100,false,"`cpr1`, 15 runs, 100 ep | Full available curve retained; registered_horizon and in_registered_plateau5_window identify the primary endpoint. Epoch observations are not independent seeds.",accuracy percent; epoch is the raw zero-based epoch index
cpr1,kP,Equivalent named sets,11,cpr1-kP-s11,91,53.74,61.02,S0315,100,false,"`cpr1`, 15 runs, 100 ep | Full available curve retained; registered_horizon and in_registered_plateau5_window identify the primary endpoint. Epoch observations are not independent seeds.",accuracy percent; epoch is the raw zero-based epoch index
cpr1,kP,Equivalent named sets,11,cpr1-kP-s11,92,53.65,60.98,S0315,100,false,"`cpr1`, 15 runs, 100 ep | Full available curve retained; registered_horizon and in_registered_plateau5_window identify the primary endpoint. Epoch observations are not independent seeds.",accuracy percent; epoch is the raw zero-based epoch index
cpr1,kP,Equivalent named sets,11,cpr1-kP-s11,93,53.58,60.67,S0315,100,false,"`cpr1`, 15 runs, 100 ep | Full available curve retained; registered_horizon and in_registered_plateau5_window identify the primary endpoint. Epoch observations are not independent seeds.",accuracy percent; epoch is the raw zero-based epoch index
cpr1,kP,Equivalent named sets,11,cpr1-kP-s11,94,53.64,60.89,S0315,100,false,"`cpr1`, 15 runs, 100 ep | Full available curve retained; registered_horizon and in_registered_plateau5_window identify the primary endpoint. Epoch observations are not independent seeds.",accuracy percent; epoch is the raw zero-based epoch index
cpr1,kP,Equivalent named sets,11,cpr1-kP-s11,95,53.78,60.8,S0315,100,true,"`cpr1`, 15 runs, 100 ep | Full available curve retained; registered_horizon and in_registered_plateau5_window identify the primary endpoint. Epoch observations are not independent seeds.",accuracy percent; epoch is the raw zero-based epoch index
cpr1,kP,Equivalent named sets,11,cpr1-kP-s11,96,53.64,60.8,S0315,100,true,"`cpr1`, 15 runs, 100 ep | Full available curve retained; registered_horizon and in_registered_plateau5_window identify the primary endpoint. Epoch observations are not independent seeds.",accuracy percent; epoch is the raw zero-based epoch index
cpr1,kP,Equivalent named sets,11,cpr1-kP-s11,97,53.61,60.7,S0315,100,true,"`cpr1`, 15 runs, 100 ep | Full available curve retained; registered_horizon and in_registered_plateau5_window identify the primary endpoint. Epoch observations are not independent seeds.",accuracy percent; epoch is the raw zero-based epoch index
cpr1,kP,Equivalent named sets,11,cpr1-kP-s11,98,53.62,60.78,S0315,100,true,"`cpr1`, 15 runs, 100 ep | Full available curve retained; registered_horizon and in_registered_plateau5_window identify the primary endpoint. Epoch observations are not independent seeds.",accuracy percent; epoch is the raw zero-based epoch index
cpr1,kP,Equivalent named sets,11,cpr1-kP-s11,99,53.71,60.68,S0315,100,true,"`cpr1`, 15 runs, 100 ep | Full available curve retained; registered_horizon and in_registered_plateau5_window identify the primary endpoint. Epoch observations are not independent seeds.",accuracy percent; epoch is the raw zero-based epoch index
cpr1,kS,Swap conv49 with BN50,9,cpr1-kS-s9,0,1.12,0.93,S0319,100,false,"`cpr1`, 15 runs, 100 ep | Full available curve retained; registered_horizon and in_registered_plateau5_window identify the primary endpoint. Epoch observations are not independent seeds.",accuracy percent; epoch is the raw zero-based epoch index
cpr1,kS,Swap conv49 with BN50,9,cpr1-kS-s9,1,1.01,1.01,S0319,100,false,"`cpr1`, 15 runs, 100 ep | Full available curve retained; registered_horizon and in_registered_plateau5_window identify the primary endpoint. Epoch observations are not independent seeds.",accuracy percent; epoch is the raw zero-based epoch index
cpr1,kS,Swap conv49 with BN50,9,cpr1-kS-s9,2,1.13,1.08,S0319,100,false,"`cpr1`, 15 runs, 100 ep | Full available curve retained; registered_horizon and in_registered_plateau5_window identify the primary endpoint. Epoch observations are not independent seeds.",accuracy percent; epoch is the raw zero-based epoch index
cpr1,kS,Swap conv49 with BN50,9,cpr1-kS-s9,3,1.04,0.9,S0319,100,false,"`cpr1`, 15 runs, 100 ep | Full available curve retained; registered_horizon and in_registered_plateau5_window identify the primary endpoint. Epoch observations are not independent seeds.",accuracy percent; epoch is the raw zero-based epoch index
cpr1,kS,Swap conv49 with BN50,9,cpr1-kS-s9,4,1.14,1.01,S0319,100,false,"`cpr1`, 15 runs, 100 ep | Full available curve retained; registered_horizon and in_registered_plateau5_window identify the primary endpoint. Epoch observations are not independent seeds.",accuracy percent; epoch is the raw zero-based epoch index
cpr1,kS,Swap conv49 with BN50,9,cpr1-kS-s9,5,1.07,1.02,S0319,100,false,"`cpr1`, 15 runs, 100 ep | Full available curve retained; registered_horizon and in_registered_plateau5_window identify the primary endpoint. Epoch observations are not independent seeds.",accuracy percent; epoch is the raw zero-based epoch index
cpr1,kS,Swap conv49 with BN50,9,cpr1-kS-s9,6,1.35,1.1,S0319,100,false,"`cpr1`, 15 runs, 100 ep | Full available curve retained; registered_horizon and in_registered_plateau5_window identify the primary endpoint. Epoch observations are not independent seeds.",accuracy percent; epoch is the raw zero-based epoch index
cpr1,kS,Swap conv49 with BN50,9,cpr1-kS-s9,7,2.21,1.46,S0319,100,false,"`cpr1`, 15 runs, 100 ep | Full available curve retained; registered_horizon and in_registered_plateau5_window identify the primary endpoint. Epoch observations are not independent seeds.",accuracy percent; epoch is the raw zero-based epoch index
cpr1,kS,Swap conv49 with BN50,9,cpr1-kS-s9,8,3.08,2.38,S0319,100,false,"`cpr1`, 15 runs, 100 ep | Full available curve retained; registered_horizon and in_registered_plateau5_window identify the primary endpoint. Epoch observations are not independent seeds.",accuracy percent; epoch is the raw zero-based epoch index
cpr1,kS,Swap conv49 with BN50,9,cpr1-kS-s9,9,4.04,3.17,S0319,100,false,"`cpr1`, 15 runs, 100 ep | Full available curve retained; registered_horizon and in_registered_plateau5_window identify the primary endpoint. Epoch observations are not independent seeds.",accuracy percent; epoch is the raw zero-based epoch index
cpr1,kS,Swap conv49 with BN50,9,cpr1-kS-s9,10,4.99,4.09,S0319,100,false,"`cpr1`, 15 runs, 100 ep | Full available curve retained; registered_horizon and in_registered_plateau5_window identify the primary endpoint. Epoch observations are not independent seeds.",accuracy percent; epoch is the raw zero-based epoch index
cpr1,kS,Swap conv49 with BN50,9,cpr1-kS-s9,11,5.81,5.14,S0319,100,false,"`cpr1`, 15 runs, 100 ep | Full available curve retained; registered_horizon and in_registered_plateau5_window identify the primary endpoint. Epoch observations are not independent seeds.",accuracy percent; epoch is the raw zero-based epoch index
cpr1,kS,Swap conv49 with BN50,9,cpr1-kS-s9,12,7.09,6.05,S0319,100,false,"`cpr1`, 15 runs, 100 ep | Full available curve retained; registered_horizon and in_registered_plateau5_window identify the primary endpoint. Epoch observations are not independent seeds.",accuracy percent; epoch is the raw zero-based epoch index
cpr1,kS,Swap conv49 with BN50,9,cpr1-kS-s9,13,9,7.61,S0319,100,false,"`cpr1`, 15 runs, 100 ep | Full available curve retained; registered_horizon and in_registered_plateau5_window identify the primary endpoint. Epoch observations are not independent seeds.",accuracy percent; epoch is the raw zero-based epoch index
cpr1,kS,Swap conv49 with BN50,9,cpr1-kS-s9,14,10.95,9.58,S0319,100,false,"`cpr1`, 15 runs, 100 ep | Full available curve retained; registered_horizon and in_registered_plateau5_window identify the primary endpoint. Epoch observations are not independent seeds.",accuracy percent; epoch is the raw zero-based epoch index
cpr1,kS,Swap conv49 with BN50,9,cpr1-kS-s9,15,12.72,11.48,S0319,100,false,"`cpr1`, 15 runs, 100 ep | Full available curve retained; registered_horizon and in_registered_plateau5_window identify the primary endpoint. Epoch observations are not independent seeds.",accuracy percent; epoch is the raw zero-based epoch index
cpr1,kS,Swap conv49 with BN50,9,cpr1-kS-s9,16,13.42,13.19,S0319,100,false,"`cpr1`, 15 runs, 100 ep | Full available curve retained; registered_horizon and in_registered_plateau5_window identify the primary endpoint. Epoch observations are not independent seeds.",accuracy percent; epoch is the raw zero-based epoch index
cpr1,kS,Swap conv49 with BN50,9,cpr1-kS-s9,17,15.96,14.77,S0319,100,false,"`cpr1`, 15 runs, 100 ep | Full available curve retained; registered_horizon and in_registered_plateau5_window identify the primary endpoint. Epoch observations are not independent seeds.",accuracy percent; epoch is the raw zero-based epoch index
cpr1,kS,Swap conv49 with BN50,9,cpr1-kS-s9,18,17.98,16.39,S0319,100,false,"`cpr1`, 15 runs, 100 ep | Full available curve retained; registered_horizon and in_registered_plateau5_window identify the primary endpoint. Epoch observations are not independent seeds.",accuracy percent; epoch is the raw zero-based epoch index
cpr1,kS,Swap conv49 with BN50,9,cpr1-kS-s9,19,19.04,17.98,S0319,100,false,"`cpr1`, 15 runs, 100 ep | Full available curve retained; registered_horizon and in_registered_plateau5_window identify the primary endpoint. Epoch observations are not independent seeds.",accuracy percent; epoch is the raw zero-based epoch index
cpr1,kS,Swap conv49 with BN50,9,cpr1-kS-s9,20,19.96,19.15,S0319,100,false,"`cpr1`, 15 runs, 100 ep | Full available curve retained; registered_horizon and in_registered_plateau5_window identify the primary endpoint. Epoch observations are not independent seeds.",accuracy percent; epoch is the raw zero-based epoch index
cpr1,kS,Swap conv49 with BN50,9,cpr1-kS-s9,21,20.91,19.92,S0319,100,false,"`cpr1`, 15 runs, 100 ep | Full available curve retained; registered_horizon and in_registered_plateau5_window identify the primary endpoint. Epoch observations are not independent seeds.",accuracy percent; epoch is the raw zero-based epoch index
cpr1,kS,Swap conv49 with BN50,9,cpr1-kS-s9,22,21.35,20.65,S0319,100,false,"`cpr1`, 15 runs, 100 ep | Full available curve retained; registered_horizon and in_registered_plateau5_window identify the primary endpoint. Epoch observations are not independent seeds.",accuracy percent; epoch is the raw zero-based epoch index
cpr1,kS,Swap conv49 with BN50,9,cpr1-kS-s9,23,21.8,21.25,S0319,100,false,"`cpr1`, 15 runs, 100 ep | Full available curve retained; registered_horizon and in_registered_plateau5_window identify the primary endpoint. Epoch observations are not independent seeds.",accuracy percent; epoch is the raw zero-based epoch index
cpr1,kS,Swap conv49 with BN50,9,cpr1-kS-s9,24,21.82,21.35,S0319,100,false,"`cpr1`, 15 runs, 100 ep | Full available curve retained; registered_horizon and in_registered_plateau5_window identify the primary endpoint. Epoch observations are not independent seeds.",accuracy percent; epoch is the raw zero-based epoch index
cpr1,kS,Swap conv49 with BN50,9,cpr1-kS-s9,25,21.84,21.43,S0319,100,false,"`cpr1`, 15 runs, 100 ep | Full available curve retained; registered_horizon and in_registered_plateau5_window identify the primary endpoint. Epoch observations are not independent seeds.",accuracy percent; epoch is the raw zero-based epoch index
cpr1,kS,Swap conv49 with BN50,9,cpr1-kS-s9,26,21.96,21.48,S0319,100,false,"`cpr1`, 15 runs, 100 ep | Full available curve retained; registered_horizon and in_registered_plateau5_window identify the primary endpoint. Epoch observations are not independent seeds.",accuracy percent; epoch is the raw zero-based epoch index
cpr1,kS,Swap conv49 with BN50,9,cpr1-kS-s9,27,21.81,21.54,S0319,100,false,"`cpr1`, 15 runs, 100 ep | Full available curve retained; registered_horizon and in_registered_plateau5_window identify the primary endpoint. Epoch observations are not independent seeds.",accuracy percent; epoch is the raw zero-based epoch index
cpr1,kS,Swap conv49 with BN50,9,cpr1-kS-s9,28,21.97,21.63,S0319,100,false,"`cpr1`, 15 runs, 100 ep | Full available curve retained; registered_horizon and in_registered_plateau5_window identify the primary endpoint. Epoch observations are not independent seeds.",accuracy percent; epoch is the raw zero-based epoch index
cpr1,kS,Swap conv49 with BN50,9,cpr1-kS-s9,29,21.8,21.82,S0319,100,false,"`cpr1`, 15 runs, 100 ep | Full available curve retained; registered_horizon and in_registered_plateau5_window identify the primary endpoint. Epoch observations are not independent seeds.",accuracy percent; epoch is the raw zero-based epoch index
cpr1,kS,Swap conv49 with BN50,9,cpr1-kS-s9,30,21.97,21.71,S0319,100,false,"`cpr1`, 15 runs, 100 ep | Full available curve retained; registered_horizon and in_registered_plateau5_window identify the primary endpoint. Epoch observations are not independent seeds.",accuracy percent; epoch is the raw zero-based epoch index
cpr1,kS,Swap conv49 with BN50,9,cpr1-kS-s9,31,21.92,21.94,S0319,100,false,"`cpr1`, 15 runs, 100 ep | Full available curve retained; registered_horizon and in_registered_plateau5_window identify the primary endpoint. Epoch observations are not independent seeds.",accuracy percent; epoch is the raw zero-based epoch index
cpr1,kS,Swap conv49 with BN50,9,cpr1-kS-s9,32,21.82,21.92,S0319,100,false,"`cpr1`, 15 runs, 100 ep | Full available curve retained; registered_horizon and in_registered_plateau5_window identify the primary endpoint. Epoch observations are not independent seeds.",accuracy percent; epoch is the raw zero-based epoch index
cpr1,kS,Swap conv49 with BN50,9,cpr1-kS-s9,33,21.88,21.73,S0319,100,false,"`cpr1`, 15 runs, 100 ep | Full available curve retained; registered_horizon and in_registered_plateau5_window identify the primary endpoint. Epoch observations are not independent seeds.",accuracy percent; epoch is the raw zero-based epoch index
cpr1,kS,Swap conv49 with BN50,9,cpr1-kS-s9,34,22.08,21.74,S0319,100,false,"`cpr1`, 15 runs, 100 ep | Full available curve retained; registered_horizon and in_registered_plateau5_window identify the primary endpoint. Epoch observations are not independent seeds.",accuracy percent; epoch is the raw zero-based epoch index
cpr1,kS,Swap conv49 with BN50,9,cpr1-kS-s9,35,22.08,21.8,S0319,100,false,"`cpr1`, 15 runs, 100 ep | Full available curve retained; registered_horizon and in_registered_plateau5_window identify the primary endpoint. Epoch observations are not independent seeds.",accuracy percent; epoch is the raw zero-based epoch index
cpr1,kS,Swap conv49 with BN50,9,cpr1-kS-s9,36,22.17,21.73,S0319,100,false,"`cpr1`, 15 runs, 100 ep | Full available curve retained; registered_horizon and in_registered_plateau5_window identify the primary endpoint. Epoch observations are not independent seeds.",accuracy percent; epoch is the raw zero-based epoch index
cpr1,kS,Swap conv49 with BN50,9,cpr1-kS-s9,37,21.92,21.81,S0319,100,false,"`cpr1`, 15 runs, 100 ep | Full available curve retained; registered_horizon and in_registered_plateau5_window identify the primary endpoint. Epoch observations are not independent seeds.",accuracy percent; epoch is the raw zero-based epoch index
cpr1,kS,Swap conv49 with BN50,9,cpr1-kS-s9,38,22,21.7,S0319,100,false,"`cpr1`, 15 runs, 100 ep | Full available curve retained; registered_horizon and in_registered_plateau5_window identify the primary endpoint. Epoch observations are not independent seeds.",accuracy percent; epoch is the raw zero-based epoch index
cpr1,kS,Swap conv49 with BN50,9,cpr1-kS-s9,39,22.16,21.68,S0319,100,false,"`cpr1`, 15 runs, 100 ep | Full available curve retained; registered_horizon and in_registered_plateau5_window identify the primary endpoint. Epoch observations are not independent seeds.",accuracy percent; epoch is the raw zero-based epoch index
cpr1,kS,Swap conv49 with BN50,9,cpr1-kS-s9,40,22.1,21.96,S0319,100,false,"`cpr1`, 15 runs, 100 ep | Full available curve retained; registered_horizon and in_registered_plateau5_window identify the primary endpoint. Epoch observations are not independent seeds.",accuracy percent; epoch is the raw zero-based epoch index
cpr1,kS,Swap conv49 with BN50,9,cpr1-kS-s9,41,22.05,21.73,S0319,100,false,"`cpr1`, 15 runs, 100 ep | Full available curve retained; registered_horizon and in_registered_plateau5_window identify the primary endpoint. Epoch observations are not independent seeds.",accuracy percent; epoch is the raw zero-based epoch index
cpr1,kS,Swap conv49 with BN50,9,cpr1-kS-s9,42,22.2,21.65,S0319,100,false,"`cpr1`, 15 runs, 100 ep | Full available curve retained; registered_horizon and in_registered_plateau5_window identify the primary endpoint. Epoch observations are not independent seeds.",accuracy percent; epoch is the raw zero-based epoch index
cpr1,kS,Swap conv49 with BN50,9,cpr1-kS-s9,43,22.1,21.8,S0319,100,false,"`cpr1`, 15 runs, 100 ep | Full available curve retained; registered_horizon and in_registered_plateau5_window identify the primary endpoint. Epoch observations are not independent seeds.",accuracy percent; epoch is the raw zero-based epoch index
cpr1,kS,Swap conv49 with BN50,9,cpr1-kS-s9,44,21.97,21.91,S0319,100,false,"`cpr1`, 15 runs, 100 ep | Full available curve retained; registered_horizon and in_registered_plateau5_window identify the primary endpoint. Epoch observations are not independent seeds.",accuracy percent; epoch is the raw zero-based epoch index
cpr1,kS,Swap conv49 with BN50,9,cpr1-kS-s9,45,22.13,21.9,S0319,100,false,"`cpr1`, 15 runs, 100 ep | Full available curve retained; registered_horizon and in_registered_plateau5_window identify the primary endpoint. Epoch observations are not independent seeds.",accuracy percent; epoch is the raw zero-based epoch index
cpr1,kS,Swap conv49 with BN50,9,cpr1-kS-s9,46,21.95,21.88,S0319,100,false,"`cpr1`, 15 runs, 100 ep | Full available curve retained; registered_horizon and in_registered_plateau5_window identify the primary endpoint. Epoch observations are not independent seeds.",accuracy percent; epoch is the raw zero-based epoch index
cpr1,kS,Swap conv49 with BN50,9,cpr1-kS-s9,47,22.02,21.88,S0319,100,false,"`cpr1`, 15 runs, 100 ep | Full available curve retained; registered_horizon and in_registered_plateau5_window identify the primary endpoint. Epoch observations are not independent seeds.",accuracy percent; epoch is the raw zero-based epoch index
cpr1,kS,Swap conv49 with BN50,9,cpr1-kS-s9,48,22.01,21.82,S0319,100,false,"`cpr1`, 15 runs, 100 ep | Full available curve retained; registered_horizon and in_registered_plateau5_window identify the primary endpoint. Epoch observations are not independent seeds.",accuracy percent; epoch is the raw zero-based epoch index
cpr1,kS,Swap conv49 with BN50,9,cpr1-kS-s9,49,21.94,22.02,S0319,100,false,"`cpr1`, 15 runs, 100 ep | Full available curve retained; registered_horizon and in_registered_plateau5_window identify the primary endpoint. Epoch observations are not independent seeds.",accuracy percent; epoch is the raw zero-based epoch index
cpr1,kS,Swap conv49 with BN50,9,cpr1-kS-s9,50,22.04,21.86,S0319,100,false,"`cpr1`, 15 runs, 100 ep | Full available curve retained; registered_horizon and in_registered_plateau5_window identify the primary endpoint. Epoch observations are not independent seeds.",accuracy percent; epoch is the raw zero-based epoch index
cpr1,kS,Swap conv49 with BN50,9,cpr1-kS-s9,51,22.18,21.91,S0319,100,false,"`cpr1`, 15 runs, 100 ep | Full available curve retained; registered_horizon and in_registered_plateau5_window identify the primary endpoint. Epoch observations are not independent seeds.",accuracy percent; epoch is the raw zero-based epoch index
cpr1,kS,Swap conv49 with BN50,9,cpr1-kS-s9,52,22.02,21.84,S0319,100,false,"`cpr1`, 15 runs, 100 ep | Full available curve retained; registered_horizon and in_registered_plateau5_window identify the primary endpoint. Epoch observations are not independent seeds.",accuracy percent; epoch is the raw zero-based epoch index
cpr1,kS,Swap conv49 with BN50,9,cpr1-kS-s9,53,22.05,21.78,S0319,100,false,"`cpr1`, 15 runs, 100 ep | Full available curve retained; registered_horizon and in_registered_plateau5_window identify the primary endpoint. Epoch observations are not independent seeds.",accuracy percent; epoch is the raw zero-based epoch index
cpr1,kS,Swap conv49 with BN50,9,cpr1-kS-s9,54,22.22,21.83,S0319,100,false,"`cpr1`, 15 runs, 100 ep | Full available curve retained; registered_horizon and in_registered_plateau5_window identify the primary endpoint. Epoch observations are not independent seeds.",accuracy percent; epoch is the raw zero-based epoch index
cpr1,kS,Swap conv49 with BN50,9,cpr1-kS-s9,55,21.98,21.75,S0319,100,false,"`cpr1`, 15 runs, 100 ep | Full available curve retained; registered_horizon and in_registered_plateau5_window identify the primary endpoint. Epoch observations are not independent seeds.",accuracy percent; epoch is the raw zero-based epoch index
cpr1,kS,Swap conv49 with BN50,9,cpr1-kS-s9,56,22.23,21.72,S0319,100,false,"`cpr1`, 15 runs, 100 ep | Full available curve retained; registered_horizon and in_registered_plateau5_window identify the primary endpoint. Epoch observations are not independent seeds.",accuracy percent; epoch is the raw zero-based epoch index
cpr1,kS,Swap conv49 with BN50,9,cpr1-kS-s9,57,22.09,21.95,S0319,100,false,"`cpr1`, 15 runs, 100 ep | Full available curve retained; registered_horizon and in_registered_plateau5_window identify the primary endpoint. Epoch observations are not independent seeds.",accuracy percent; epoch is the raw zero-based epoch index
cpr1,kS,Swap conv49 with BN50,9,cpr1-kS-s9,58,22.24,21.86,S0319,100,false,"`cpr1`, 15 runs, 100 ep | Full available curve retained; registered_horizon and in_registered_plateau5_window identify the primary endpoint. Epoch observations are not independent seeds.",accuracy percent; epoch is the raw zero-based epoch index
cpr1,kS,Swap conv49 with BN50,9,cpr1-kS-s9,59,22.05,21.78,S0319,100,false,"`cpr1`, 15 runs, 100 ep | Full available curve retained; registered_horizon and in_registered_plateau5_window identify the primary endpoint. Epoch observations are not independent seeds.",accuracy percent; epoch is the raw zero-based epoch index
cpr1,kS,Swap conv49 with BN50,9,cpr1-kS-s9,60,22,21.86,S0319,100,false,"`cpr1`, 15 runs, 100 ep | Full available curve retained; registered_horizon and in_registered_plateau5_window identify the primary endpoint. Epoch observations are not independent seeds.",accuracy percent; epoch is the raw zero-based epoch index
cpr1,kS,Swap conv49 with BN50,9,cpr1-kS-s9,61,21.94,21.88,S0319,100,false,"`cpr1`, 15 runs, 100 ep | Full available curve retained; registered_horizon and in_registered_plateau5_window identify the primary endpoint. Epoch observations are not independent seeds.",accuracy percent; epoch is the raw zero-based epoch index
cpr1,kS,Swap conv49 with BN50,9,cpr1-kS-s9,62,21.97,21.8,S0319,100,false,"`cpr1`, 15 runs, 100 ep | Full available curve retained; registered_horizon and in_registered_plateau5_window identify the primary endpoint. Epoch observations are not independent seeds.",accuracy percent; epoch is the raw zero-based epoch index
cpr1,kS,Swap conv49 with BN50,9,cpr1-kS-s9,63,22.14,21.77,S0319,100,false,"`cpr1`, 15 runs, 100 ep | Full available curve retained; registered_horizon and in_registered_plateau5_window identify the primary endpoint. Epoch observations are not independent seeds.",accuracy percent; epoch is the raw zero-based epoch index
cpr1,kS,Swap conv49 with BN50,9,cpr1-kS-s9,64,21.99,21.83,S0319,100,false,"`cpr1`, 15 runs, 100 ep | Full available curve retained; registered_horizon and in_registered_plateau5_window identify the primary endpoint. Epoch observations are not independent seeds.",accuracy percent; epoch is the raw zero-based epoch index
cpr1,kS,Swap conv49 with BN50,9,cpr1-kS-s9,65,21.94,21.87,S0319,100,false,"`cpr1`, 15 runs, 100 ep | Full available curve retained; registered_horizon and in_registered_plateau5_window identify the primary endpoint. Epoch observations are not independent seeds.",accuracy percent; epoch is the raw zero-based epoch index
cpr1,kS,Swap conv49 with BN50,9,cpr1-kS-s9,66,22.14,21.75,S0319,100,false,"`cpr1`, 15 runs, 100 ep | Full available curve retained; registered_horizon and in_registered_plateau5_window identify the primary endpoint. Epoch observations are not independent seeds.",accuracy percent; epoch is the raw zero-based epoch index
cpr1,kS,Swap conv49 with BN50,9,cpr1-kS-s9,67,22.12,21.62,S0319,100,false,"`cpr1`, 15 runs, 100 ep | Full available curve retained; registered_horizon and in_registered_plateau5_window identify the primary endpoint. Epoch observations are not independent seeds.",accuracy percent; epoch is the raw zero-based epoch index
cpr1,kS,Swap conv49 with BN50,9,cpr1-kS-s9,68,22.11,21.89,S0319,100,false,"`cpr1`, 15 runs, 100 ep | Full available curve retained; registered_horizon and in_registered_plateau5_window identify the primary endpoint. Epoch observations are not independent seeds.",accuracy percent; epoch is the raw zero-based epoch index
cpr1,kS,Swap conv49 with BN50,9,cpr1-kS-s9,69,22.11,21.9,S0319,100,false,"`cpr1`, 15 runs, 100 ep | Full available curve retained; registered_horizon and in_registered_plateau5_window identify the primary endpoint. Epoch observations are not independent seeds.",accuracy percent; epoch is the raw zero-based epoch index
cpr1,kS,Swap conv49 with BN50,9,cpr1-kS-s9,70,22,21.72,S0319,100,false,"`cpr1`, 15 runs, 100 ep | Full available curve retained; registered_horizon and in_registered_plateau5_window identify the primary endpoint. Epoch observations are not independent seeds.",accuracy percent; epoch is the raw zero-based epoch index
cpr1,kS,Swap conv49 with BN50,9,cpr1-kS-s9,71,21.97,21.72,S0319,100,false,"`cpr1`, 15 runs, 100 ep | Full available curve retained; registered_horizon and in_registered_plateau5_window identify the primary endpoint. Epoch observations are not independent seeds.",accuracy percent; epoch is the raw zero-based epoch index
cpr1,kS,Swap conv49 with BN50,9,cpr1-kS-s9,72,21.94,21.83,S0319,100,false,"`cpr1`, 15 runs, 100 ep | Full available curve retained; registered_horizon and in_registered_plateau5_window identify the primary endpoint. Epoch observations are not independent seeds.",accuracy percent; epoch is the raw zero-based epoch index
cpr1,kS,Swap conv49 with BN50,9,cpr1-kS-s9,73,22.06,21.9,S0319,100,false,"`cpr1`, 15 runs, 100 ep | Full available curve retained; registered_horizon and in_registered_plateau5_window identify the primary endpoint. Epoch observations are not independent seeds.",accuracy percent; epoch is the raw zero-based epoch index
cpr1,kS,Swap conv49 with BN50,9,cpr1-kS-s9,74,22.09,21.79,S0319,100,false,"`cpr1`, 15 runs, 100 ep | Full available curve retained; registered_horizon and in_registered_plateau5_window identify the primary endpoint. Epoch observations are not independent seeds.",accuracy percent; epoch is the raw zero-based epoch index
cpr1,kS,Swap conv49 with BN50,9,cpr1-kS-s9,75,22.21,21.85,S0319,100,false,"`cpr1`, 15 runs, 100 ep | Full available curve retained; registered_horizon and in_registered_plateau5_window identify the primary endpoint. Epoch observations are not independent seeds.",accuracy percent; epoch is the raw zero-based epoch index
cpr1,kS,Swap conv49 with BN50,9,cpr1-kS-s9,76,22.13,21.77,S0319,100,false,"`cpr1`, 15 runs, 100 ep | Full available curve retained; registered_horizon and in_registered_plateau5_window identify the primary endpoint. Epoch observations are not independent seeds.",accuracy percent; epoch is the raw zero-based epoch index
cpr1,kS,Swap conv49 with BN50,9,cpr1-kS-s9,77,21.89,21.88,S0319,100,false,"`cpr1`, 15 runs, 100 ep | Full available curve retained; registered_horizon and in_registered_plateau5_window identify the primary endpoint. Epoch observations are not independent seeds.",accuracy percent; epoch is the raw zero-based epoch index
cpr1,kS,Swap conv49 with BN50,9,cpr1-kS-s9,78,21.97,21.92,S0319,100,false,"`cpr1`, 15 runs, 100 ep | Full available curve retained; registered_horizon and in_registered_plateau5_window identify the primary endpoint. Epoch observations are not independent seeds.",accuracy percent; epoch is the raw zero-based epoch index
cpr1,kS,Swap conv49 with BN50,9,cpr1-kS-s9,79,22.25,21.58,S0319,100,false,"`cpr1`, 15 runs, 100 ep | Full available curve retained; registered_horizon and in_registered_plateau5_window identify the primary endpoint. Epoch observations are not independent seeds.",accuracy percent; epoch is the raw zero-based epoch index
cpr1,kS,Swap conv49 with BN50,9,cpr1-kS-s9,80,22.11,21.8,S0319,100,false,"`cpr1`, 15 runs, 100 ep | Full available curve retained; registered_horizon and in_registered_plateau5_window identify the primary endpoint. Epoch observations are not independent seeds.",accuracy percent; epoch is the raw zero-based epoch index
cpr1,kS,Swap conv49 with BN50,9,cpr1-kS-s9,81,22.03,21.61,S0319,100,false,"`cpr1`, 15 runs, 100 ep | Full available curve retained; registered_horizon and in_registered_plateau5_window identify the primary endpoint. Epoch observations are not independent seeds.",accuracy percent; epoch is the raw zero-based epoch index
cpr1,kS,Swap conv49 with BN50,9,cpr1-kS-s9,82,22.08,21.73,S0319,100,false,"`cpr1`, 15 runs, 100 ep | Full available curve retained; registered_horizon and in_registered_plateau5_window identify the primary endpoint. Epoch observations are not independent seeds.",accuracy percent; epoch is the raw zero-based epoch index
cpr1,kS,Swap conv49 with BN50,9,cpr1-kS-s9,83,21.94,21.82,S0319,100,false,"`cpr1`, 15 runs, 100 ep | Full available curve retained; registered_horizon and in_registered_plateau5_window identify the primary endpoint. Epoch observations are not independent seeds.",accuracy percent; epoch is the raw zero-based epoch index
cpr1,kS,Swap conv49 with BN50,9,cpr1-kS-s9,84,21.96,21.67,S0319,100,false,"`cpr1`, 15 runs, 100 ep | Full available curve retained; registered_horizon and in_registered_plateau5_window identify the primary endpoint. Epoch observations are not independent seeds.",accuracy percent; epoch is the raw zero-based epoch index
cpr1,kS,Swap conv49 with BN50,9,cpr1-kS-s9,85,22.03,21.86,S0319,100,false,"`cpr1`, 15 runs, 100 ep | Full available curve retained; registered_horizon and in_registered_plateau5_window identify the primary endpoint. Epoch observations are not independent seeds.",accuracy percent; epoch is the raw zero-based epoch index
cpr1,kS,Swap conv49 with BN50,9,cpr1-kS-s9,86,22.1,21.81,S0319,100,false,"`cpr1`, 15 runs, 100 ep | Full available curve retained; registered_horizon and in_registered_plateau5_window identify the primary endpoint. Epoch observations are not independent seeds.",accuracy percent; epoch is the raw zero-based epoch index
cpr1,kS,Swap conv49 with BN50,9,cpr1-kS-s9,87,21.95,21.93,S0319,100,false,"`cpr1`, 15 runs, 100 ep | Full available curve retained; registered_horizon and in_registered_plateau5_window identify the primary endpoint. Epoch observations are not independent seeds.",accuracy percent; epoch is the raw zero-based epoch index
cpr1,kS,Swap conv49 with BN50,9,cpr1-kS-s9,88,22.03,21.96,S0319,100,false,"`cpr1`, 15 runs, 100 ep | Full available curve retained; registered_horizon and in_registered_plateau5_window identify the primary endpoint. Epoch observations are not independent seeds.",accuracy percent; epoch is the raw zero-based epoch index
cpr1,kS,Swap conv49 with BN50,9,cpr1-kS-s9,89,21.94,21.75,S0319,100,false,"`cpr1`, 15 runs, 100 ep | Full available curve retained; registered_horizon and in_registered_plateau5_window identify the primary endpoint. Epoch observations are not independent seeds.",accuracy percent; epoch is the raw zero-based epoch index
cpr1,kS,Swap conv49 with BN50,9,cpr1-kS-s9,90,21.93,21.64,S0319,100,false,"`cpr1`, 15 runs, 100 ep | Full available curve retained; registered_horizon and in_registered_plateau5_window identify the primary endpoint. Epoch observations are not independent seeds.",accuracy percent; epoch is the raw zero-based epoch index
cpr1,kS,Swap conv49 with BN50,9,cpr1-kS-s9,91,22.12,21.76,S0319,100,false,"`cpr1`, 15 runs, 100 ep | Full available curve retained; registered_horizon and in_registered_plateau5_window identify the primary endpoint. Epoch observations are not independent seeds.",accuracy percent; epoch is the raw zero-based epoch index
cpr1,kS,Swap conv49 with BN50,9,cpr1-kS-s9,92,22.07,21.94,S0319,100,false,"`cpr1`, 15 runs, 100 ep | Full available curve retained; registered_horizon and in_registered_plateau5_window identify the primary endpoint. Epoch observations are not independent seeds.",accuracy percent; epoch is the raw zero-based epoch index
cpr1,kS,Swap conv49 with BN50,9,cpr1-kS-s9,93,22.1,21.85,S0319,100,false,"`cpr1`, 15 runs, 100 ep | Full available curve retained; registered_horizon and in_registered_plateau5_window identify the primary endpoint. Epoch observations are not independent seeds.",accuracy percent; epoch is the raw zero-based epoch index
cpr1,kS,Swap conv49 with BN50,9,cpr1-kS-s9,94,21.95,21.97,S0319,100,false,"`cpr1`, 15 runs, 100 ep | Full available curve retained; registered_horizon and in_registered_plateau5_window identify the primary endpoint. Epoch observations are not independent seeds.",accuracy percent; epoch is the raw zero-based epoch index
cpr1,kS,Swap conv49 with BN50,9,cpr1-kS-s9,95,22.02,21.81,S0319,100,true,"`cpr1`, 15 runs, 100 ep | Full available curve retained; registered_horizon and in_registered_plateau5_window identify the primary endpoint. Epoch observations are not independent seeds.",accuracy percent; epoch is the raw zero-based epoch index
cpr1,kS,Swap conv49 with BN50,9,cpr1-kS-s9,96,22.12,22.08,S0319,100,true,"`cpr1`, 15 runs, 100 ep | Full available curve retained; registered_horizon and in_registered_plateau5_window identify the primary endpoint. Epoch observations are not independent seeds.",accuracy percent; epoch is the raw zero-based epoch index
cpr1,kS,Swap conv49 with BN50,9,cpr1-kS-s9,97,22.16,22.07,S0319,100,true,"`cpr1`, 15 runs, 100 ep | Full available curve retained; registered_horizon and in_registered_plateau5_window identify the primary endpoint. Epoch observations are not independent seeds.",accuracy percent; epoch is the raw zero-based epoch index
cpr1,kS,Swap conv49 with BN50,9,cpr1-kS-s9,98,22.09,21.9,S0319,100,true,"`cpr1`, 15 runs, 100 ep | Full available curve retained; registered_horizon and in_registered_plateau5_window identify the primary endpoint. Epoch observations are not independent seeds.",accuracy percent; epoch is the raw zero-based epoch index
cpr1,kS,Swap conv49 with BN50,9,cpr1-kS-s9,99,22.2,21.95,S0319,100,true,"`cpr1`, 15 runs, 100 ep | Full available curve retained; registered_horizon and in_registered_plateau5_window identify the primary endpoint. Epoch observations are not independent seeds.",accuracy percent; epoch is the raw zero-based epoch index
cpr1,kS,Swap conv49 with BN50,10,cpr1-kS-s10,0,1.02,1.01,S0317,100,false,"`cpr1`, 15 runs, 100 ep | Full available curve retained; registered_horizon and in_registered_plateau5_window identify the primary endpoint. Epoch observations are not independent seeds.",accuracy percent; epoch is the raw zero-based epoch index
cpr1,kS,Swap conv49 with BN50,10,cpr1-kS-s10,1,1.01,1,S0317,100,false,"`cpr1`, 15 runs, 100 ep | Full available curve retained; registered_horizon and in_registered_plateau5_window identify the primary endpoint. Epoch observations are not independent seeds.",accuracy percent; epoch is the raw zero-based epoch index
cpr1,kS,Swap conv49 with BN50,10,cpr1-kS-s10,2,1.02,1.02,S0317,100,false,"`cpr1`, 15 runs, 100 ep | Full available curve retained; registered_horizon and in_registered_plateau5_window identify the primary endpoint. Epoch observations are not independent seeds.",accuracy percent; epoch is the raw zero-based epoch index
cpr1,kS,Swap conv49 with BN50,10,cpr1-kS-s10,3,1.05,1,S0317,100,false,"`cpr1`, 15 runs, 100 ep | Full available curve retained; registered_horizon and in_registered_plateau5_window identify the primary endpoint. Epoch observations are not independent seeds.",accuracy percent; epoch is the raw zero-based epoch index
cpr1,kS,Swap conv49 with BN50,10,cpr1-kS-s10,4,1.05,1.01,S0317,100,false,"`cpr1`, 15 runs, 100 ep | Full available curve retained; registered_horizon and in_registered_plateau5_window identify the primary endpoint. Epoch observations are not independent seeds.",accuracy percent; epoch is the raw zero-based epoch index
cpr1,kS,Swap conv49 with BN50,10,cpr1-kS-s10,5,1.11,1.03,S0317,100,false,"`cpr1`, 15 runs, 100 ep | Full available curve retained; registered_horizon and in_registered_plateau5_window identify the primary endpoint. Epoch observations are not independent seeds.",accuracy percent; epoch is the raw zero-based epoch index
cpr1,kS,Swap conv49 with BN50,10,cpr1-kS-s10,6,1.16,1.03,S0317,100,false,"`cpr1`, 15 runs, 100 ep | Full available curve retained; registered_horizon and in_registered_plateau5_window identify the primary endpoint. Epoch observations are not independent seeds.",accuracy percent; epoch is the raw zero-based epoch index
cpr1,kS,Swap conv49 with BN50,10,cpr1-kS-s10,7,1.67,1.21,S0317,100,false,"`cpr1`, 15 runs, 100 ep | Full available curve retained; registered_horizon and in_registered_plateau5_window identify the primary endpoint. Epoch observations are not independent seeds.",accuracy percent; epoch is the raw zero-based epoch index
cpr1,kS,Swap conv49 with BN50,10,cpr1-kS-s10,8,2.18,1.6,S0317,100,false,"`cpr1`, 15 runs, 100 ep | Full available curve retained; registered_horizon and in_registered_plateau5_window identify the primary endpoint. Epoch observations are not independent seeds.",accuracy percent; epoch is the raw zero-based epoch index
cpr1,kS,Swap conv49 with BN50,10,cpr1-kS-s10,9,3.08,2.37,S0317,100,false,"`cpr1`, 15 runs, 100 ep | Full available curve retained; registered_horizon and in_registered_plateau5_window identify the primary endpoint. Epoch observations are not independent seeds.",accuracy percent; epoch is the raw zero-based epoch index
cpr1,kS,Swap conv49 with BN50,10,cpr1-kS-s10,10,4.03,3.29,S0317,100,false,"`cpr1`, 15 runs, 100 ep | Full available curve retained; registered_horizon and in_registered_plateau5_window identify the primary endpoint. Epoch observations are not independent seeds.",accuracy percent; epoch is the raw zero-based epoch index
cpr1,kS,Swap conv49 with BN50,10,cpr1-kS-s10,11,5.53,4.46,S0317,100,false,"`cpr1`, 15 runs, 100 ep | Full available curve retained; registered_horizon and in_registered_plateau5_window identify the primary endpoint. Epoch observations are not independent seeds.",accuracy percent; epoch is the raw zero-based epoch index
cpr1,kS,Swap conv49 with BN50,10,cpr1-kS-s10,12,7.65,6.12,S0317,100,false,"`cpr1`, 15 runs, 100 ep | Full available curve retained; registered_horizon and in_registered_plateau5_window identify the primary endpoint. Epoch observations are not independent seeds.",accuracy percent; epoch is the raw zero-based epoch index
cpr1,kS,Swap conv49 with BN50,10,cpr1-kS-s10,13,9.42,8.09,S0317,100,false,"`cpr1`, 15 runs, 100 ep | Full available curve retained; registered_horizon and in_registered_plateau5_window identify the primary endpoint. Epoch observations are not independent seeds.",accuracy percent; epoch is the raw zero-based epoch index
cpr1,kS,Swap conv49 with BN50,10,cpr1-kS-s10,14,10.67,10.06,S0317,100,false,"`cpr1`, 15 runs, 100 ep | Full available curve retained; registered_horizon and in_registered_plateau5_window identify the primary endpoint. Epoch observations are not independent seeds.",accuracy percent; epoch is the raw zero-based epoch index
cpr1,kS,Swap conv49 with BN50,10,cpr1-kS-s10,15,12.57,11.58,S0317,100,false,"`cpr1`, 15 runs, 100 ep | Full available curve retained; registered_horizon and in_registered_plateau5_window identify the primary endpoint. Epoch observations are not independent seeds.",accuracy percent; epoch is the raw zero-based epoch index
cpr1,kS,Swap conv49 with BN50,10,cpr1-kS-s10,16,14.31,13.25,S0317,100,false,"`cpr1`, 15 runs, 100 ep | Full available curve retained; registered_horizon and in_registered_plateau5_window identify the primary endpoint. Epoch observations are not independent seeds.",accuracy percent; epoch is the raw zero-based epoch index
cpr1,kS,Swap conv49 with BN50,10,cpr1-kS-s10,17,16.17,14.76,S0317,100,false,"`cpr1`, 15 runs, 100 ep | Full available curve retained; registered_horizon and in_registered_plateau5_window identify the primary endpoint. Epoch observations are not independent seeds.",accuracy percent; epoch is the raw zero-based epoch index
cpr1,kS,Swap conv49 with BN50,10,cpr1-kS-s10,18,16.66,16.07,S0317,100,false,"`cpr1`, 15 runs, 100 ep | Full available curve retained; registered_horizon and in_registered_plateau5_window identify the primary endpoint. Epoch observations are not independent seeds.",accuracy percent; epoch is the raw zero-based epoch index
cpr1,kS,Swap conv49 with BN50,10,cpr1-kS-s10,19,17.98,17.22,S0317,100,false,"`cpr1`, 15 runs, 100 ep | Full available curve retained; registered_horizon and in_registered_plateau5_window identify the primary endpoint. Epoch observations are not independent seeds.",accuracy percent; epoch is the raw zero-based epoch index
cpr1,kS,Swap conv49 with BN50,10,cpr1-kS-s10,20,19.5,18.57,S0317,100,false,"`cpr1`, 15 runs, 100 ep | Full available curve retained; registered_horizon and in_registered_plateau5_window identify the primary endpoint. Epoch observations are not independent seeds.",accuracy percent; epoch is the raw zero-based epoch index
cpr1,kS,Swap conv49 with BN50,10,cpr1-kS-s10,21,19.78,19.54,S0317,100,false,"`cpr1`, 15 runs, 100 ep | Full available curve retained; registered_horizon and in_registered_plateau5_window identify the primary endpoint. Epoch observations are not independent seeds.",accuracy percent; epoch is the raw zero-based epoch index
cpr1,kS,Swap conv49 with BN50,10,cpr1-kS-s10,22,20.25,20.24,S0317,100,false,"`cpr1`, 15 runs, 100 ep | Full available curve retained; registered_horizon and in_registered_plateau5_window identify the primary endpoint. Epoch observations are not independent seeds.",accuracy percent; epoch is the raw zero-based epoch index
cpr1,kS,Swap conv49 with BN50,10,cpr1-kS-s10,23,20.62,20.88,S0317,100,false,"`cpr1`, 15 runs, 100 ep | Full available curve retained; registered_horizon and in_registered_plateau5_window identify the primary endpoint. Epoch observations are not independent seeds.",accuracy percent; epoch is the raw zero-based epoch index
cpr1,kS,Swap conv49 with BN50,10,cpr1-kS-s10,24,20.65,21.04,S0317,100,false,"`cpr1`, 15 runs, 100 ep | Full available curve retained; registered_horizon and in_registered_plateau5_window identify the primary endpoint. Epoch observations are not independent seeds.",accuracy percent; epoch is the raw zero-based epoch index
cpr1,kS,Swap conv49 with BN50,10,cpr1-kS-s10,25,21,21.22,S0317,100,false,"`cpr1`, 15 runs, 100 ep | Full available curve retained; registered_horizon and in_registered_plateau5_window identify the primary endpoint. Epoch observations are not independent seeds.",accuracy percent; epoch is the raw zero-based epoch index
cpr1,kS,Swap conv49 with BN50,10,cpr1-kS-s10,26,20.88,21.39,S0317,100,false,"`cpr1`, 15 runs, 100 ep | Full available curve retained; registered_horizon and in_registered_plateau5_window identify the primary endpoint. Epoch observations are not independent seeds.",accuracy percent; epoch is the raw zero-based epoch index
cpr1,kS,Swap conv49 with BN50,10,cpr1-kS-s10,27,20.97,21.4,S0317,100,false,"`cpr1`, 15 runs, 100 ep | Full available curve retained; registered_horizon and in_registered_plateau5_window identify the primary endpoint. Epoch observations are not independent seeds.",accuracy percent; epoch is the raw zero-based epoch index
cpr1,kS,Swap conv49 with BN50,10,cpr1-kS-s10,28,21.09,21.11,S0317,100,false,"`cpr1`, 15 runs, 100 ep | Full available curve retained; registered_horizon and in_registered_plateau5_window identify the primary endpoint. Epoch observations are not independent seeds.",accuracy percent; epoch is the raw zero-based epoch index
cpr1,kS,Swap conv49 with BN50,10,cpr1-kS-s10,29,20.91,21.49,S0317,100,false,"`cpr1`, 15 runs, 100 ep | Full available curve retained; registered_horizon and in_registered_plateau5_window identify the primary endpoint. Epoch observations are not independent seeds.",accuracy percent; epoch is the raw zero-based epoch index
cpr1,kS,Swap conv49 with BN50,10,cpr1-kS-s10,30,21.1,21.4,S0317,100,false,"`cpr1`, 15 runs, 100 ep | Full available curve retained; registered_horizon and in_registered_plateau5_window identify the primary endpoint. Epoch observations are not independent seeds.",accuracy percent; epoch is the raw zero-based epoch index
cpr1,kS,Swap conv49 with BN50,10,cpr1-kS-s10,31,21.05,21.36,S0317,100,false,"`cpr1`, 15 runs, 100 ep | Full available curve retained; registered_horizon and in_registered_plateau5_window identify the primary endpoint. Epoch observations are not independent seeds.",accuracy percent; epoch is the raw zero-based epoch index
cpr1,kS,Swap conv49 with BN50,10,cpr1-kS-s10,32,21.09,21.31,S0317,100,false,"`cpr1`, 15 runs, 100 ep | Full available curve retained; registered_horizon and in_registered_plateau5_window identify the primary endpoint. Epoch observations are not independent seeds.",accuracy percent; epoch is the raw zero-based epoch index
cpr1,kS,Swap conv49 with BN50,10,cpr1-kS-s10,33,21.05,21.51,S0317,100,false,"`cpr1`, 15 runs, 100 ep | Full available curve retained; registered_horizon and in_registered_plateau5_window identify the primary endpoint. Epoch observations are not independent seeds.",accuracy percent; epoch is the raw zero-based epoch index
cpr1,kS,Swap conv49 with BN50,10,cpr1-kS-s10,34,21.02,21.47,S0317,100,false,"`cpr1`, 15 runs, 100 ep | Full available curve retained; registered_horizon and in_registered_plateau5_window identify the primary endpoint. Epoch observations are not independent seeds.",accuracy percent; epoch is the raw zero-based epoch index
cpr1,kS,Swap conv49 with BN50,10,cpr1-kS-s10,35,21.02,21.4,S0317,100,false,"`cpr1`, 15 runs, 100 ep | Full available curve retained; registered_horizon and in_registered_plateau5_window identify the primary endpoint. Epoch observations are not independent seeds.",accuracy percent; epoch is the raw zero-based epoch index
cpr1,kS,Swap conv49 with BN50,10,cpr1-kS-s10,36,21.2,21.37,S0317,100,false,"`cpr1`, 15 runs, 100 ep | Full available curve retained; registered_horizon and in_registered_plateau5_window identify the primary endpoint. Epoch observations are not independent seeds.",accuracy percent; epoch is the raw zero-based epoch index
cpr1,kS,Swap conv49 with BN50,10,cpr1-kS-s10,37,21.14,21.41,S0317,100,false,"`cpr1`, 15 runs, 100 ep | Full available curve retained; registered_horizon and in_registered_plateau5_window identify the primary endpoint. Epoch observations are not independent seeds.",accuracy percent; epoch is the raw zero-based epoch index
cpr1,kS,Swap conv49 with BN50,10,cpr1-kS-s10,38,21.04,21.44,S0317,100,false,"`cpr1`, 15 runs, 100 ep | Full available curve retained; registered_horizon and in_registered_plateau5_window identify the primary endpoint. Epoch observations are not independent seeds.",accuracy percent; epoch is the raw zero-based epoch index
cpr1,kS,Swap conv49 with BN50,10,cpr1-kS-s10,39,21.13,21.26,S0317,100,false,"`cpr1`, 15 runs, 100 ep | Full available curve retained; registered_horizon and in_registered_plateau5_window identify the primary endpoint. Epoch observations are not independent seeds.",accuracy percent; epoch is the raw zero-based epoch index
cpr1,kS,Swap conv49 with BN50,10,cpr1-kS-s10,40,21.03,21.61,S0317,100,false,"`cpr1`, 15 runs, 100 ep | Full available curve retained; registered_horizon and in_registered_plateau5_window identify the primary endpoint. Epoch observations are not independent seeds.",accuracy percent; epoch is the raw zero-based epoch index
cpr1,kS,Swap conv49 with BN50,10,cpr1-kS-s10,41,21.14,21.62,S0317,100,false,"`cpr1`, 15 runs, 100 ep | Full available curve retained; registered_horizon and in_registered_plateau5_window identify the primary endpoint. Epoch observations are not independent seeds.",accuracy percent; epoch is the raw zero-based epoch index
cpr1,kS,Swap conv49 with BN50,10,cpr1-kS-s10,42,21.13,21.42,S0317,100,false,"`cpr1`, 15 runs, 100 ep | Full available curve retained; registered_horizon and in_registered_plateau5_window identify the primary endpoint. Epoch observations are not independent seeds.",accuracy percent; epoch is the raw zero-based epoch index
cpr1,kS,Swap conv49 with BN50,10,cpr1-kS-s10,43,21.08,21.28,S0317,100,false,"`cpr1`, 15 runs, 100 ep | Full available curve retained; registered_horizon and in_registered_plateau5_window identify the primary endpoint. Epoch observations are not independent seeds.",accuracy percent; epoch is the raw zero-based epoch index
cpr1,kS,Swap conv49 with BN50,10,cpr1-kS-s10,44,21.09,21.46,S0317,100,false,"`cpr1`, 15 runs, 100 ep | Full available curve retained; registered_horizon and in_registered_plateau5_window identify the primary endpoint. Epoch observations are not independent seeds.",accuracy percent; epoch is the raw zero-based epoch index
cpr1,kS,Swap conv49 with BN50,10,cpr1-kS-s10,45,21.11,21.43,S0317,100,false,"`cpr1`, 15 runs, 100 ep | Full available curve retained; registered_horizon and in_registered_plateau5_window identify the primary endpoint. Epoch observations are not independent seeds.",accuracy percent; epoch is the raw zero-based epoch index
cpr1,kS,Swap conv49 with BN50,10,cpr1-kS-s10,46,21.25,21.49,S0317,100,false,"`cpr1`, 15 runs, 100 ep | Full available curve retained; registered_horizon and in_registered_plateau5_window identify the primary endpoint. Epoch observations are not independent seeds.",accuracy percent; epoch is the raw zero-based epoch index
cpr1,kS,Swap conv49 with BN50,10,cpr1-kS-s10,47,21.04,21.36,S0317,100,false,"`cpr1`, 15 runs, 100 ep | Full available curve retained; registered_horizon and in_registered_plateau5_window identify the primary endpoint. Epoch observations are not independent seeds.",accuracy percent; epoch is the raw zero-based epoch index
cpr1,kS,Swap conv49 with BN50,10,cpr1-kS-s10,48,20.95,21.22,S0317,100,false,"`cpr1`, 15 runs, 100 ep | Full available curve retained; registered_horizon and in_registered_plateau5_window identify the primary endpoint. Epoch observations are not independent seeds.",accuracy percent; epoch is the raw zero-based epoch index
cpr1,kS,Swap conv49 with BN50,10,cpr1-kS-s10,49,21.08,21.37,S0317,100,false,"`cpr1`, 15 runs, 100 ep | Full available curve retained; registered_horizon and in_registered_plateau5_window identify the primary endpoint. Epoch observations are not independent seeds.",accuracy percent; epoch is the raw zero-based epoch index
cpr1,kS,Swap conv49 with BN50,10,cpr1-kS-s10,50,21.13,21.43,S0317,100,false,"`cpr1`, 15 runs, 100 ep | Full available curve retained; registered_horizon and in_registered_plateau5_window identify the primary endpoint. Epoch observations are not independent seeds.",accuracy percent; epoch is the raw zero-based epoch index
cpr1,kS,Swap conv49 with BN50,10,cpr1-kS-s10,51,21,21.5,S0317,100,false,"`cpr1`, 15 runs, 100 ep | Full available curve retained; registered_horizon and in_registered_plateau5_window identify the primary endpoint. Epoch observations are not independent seeds.",accuracy percent; epoch is the raw zero-based epoch index
cpr1,kS,Swap conv49 with BN50,10,cpr1-kS-s10,52,21.1,21.45,S0317,100,false,"`cpr1`, 15 runs, 100 ep | Full available curve retained; registered_horizon and in_registered_plateau5_window identify the primary endpoint. Epoch observations are not independent seeds.",accuracy percent; epoch is the raw zero-based epoch index
cpr1,kS,Swap conv49 with BN50,10,cpr1-kS-s10,53,21.17,21.35,S0317,100,false,"`cpr1`, 15 runs, 100 ep | Full available curve retained; registered_horizon and in_registered_plateau5_window identify the primary endpoint. Epoch observations are not independent seeds.",accuracy percent; epoch is the raw zero-based epoch index
cpr1,kS,Swap conv49 with BN50,10,cpr1-kS-s10,54,21.15,21.4,S0317,100,false,"`cpr1`, 15 runs, 100 ep | Full available curve retained; registered_horizon and in_registered_plateau5_window identify the primary endpoint. Epoch observations are not independent seeds.",accuracy percent; epoch is the raw zero-based epoch index
cpr1,kS,Swap conv49 with BN50,10,cpr1-kS-s10,55,21.2,21.17,S0317,100,false,"`cpr1`, 15 runs, 100 ep | Full available curve retained; registered_horizon and in_registered_plateau5_window identify the primary endpoint. Epoch observations are not independent seeds.",accuracy percent; epoch is the raw zero-based epoch index
cpr1,kS,Swap conv49 with BN50,10,cpr1-kS-s10,56,21.19,21.46,S0317,100,false,"`cpr1`, 15 runs, 100 ep | Full available curve retained; registered_horizon and in_registered_plateau5_window identify the primary endpoint. Epoch observations are not independent seeds.",accuracy percent; epoch is the raw zero-based epoch index
cpr1,kS,Swap conv49 with BN50,10,cpr1-kS-s10,57,21.09,21.23,S0317,100,false,"`cpr1`, 15 runs, 100 ep | Full available curve retained; registered_horizon and in_registered_plateau5_window identify the primary endpoint. Epoch observations are not independent seeds.",accuracy percent; epoch is the raw zero-based epoch index
cpr1,kS,Swap conv49 with BN50,10,cpr1-kS-s10,58,21.19,21.39,S0317,100,false,"`cpr1`, 15 runs, 100 ep | Full available curve retained; registered_horizon and in_registered_plateau5_window identify the primary endpoint. Epoch observations are not independent seeds.",accuracy percent; epoch is the raw zero-based epoch index
cpr1,kS,Swap conv49 with BN50,10,cpr1-kS-s10,59,21.09,21.54,S0317,100,false,"`cpr1`, 15 runs, 100 ep | Full available curve retained; registered_horizon and in_registered_plateau5_window identify the primary endpoint. Epoch observations are not independent seeds.",accuracy percent; epoch is the raw zero-based epoch index
cpr1,kS,Swap conv49 with BN50,10,cpr1-kS-s10,60,21.09,21.44,S0317,100,false,"`cpr1`, 15 runs, 100 ep | Full available curve retained; registered_horizon and in_registered_plateau5_window identify the primary endpoint. Epoch observations are not independent seeds.",accuracy percent; epoch is the raw zero-based epoch index
cpr1,kS,Swap conv49 with BN50,10,cpr1-kS-s10,61,21.34,21.34,S0317,100,false,"`cpr1`, 15 runs, 100 ep | Full available curve retained; registered_horizon and in_registered_plateau5_window identify the primary endpoint. Epoch observations are not independent seeds.",accuracy percent; epoch is the raw zero-based epoch index
cpr1,kS,Swap conv49 with BN50,10,cpr1-kS-s10,62,21.19,21.55,S0317,100,false,"`cpr1`, 15 runs, 100 ep | Full available curve retained; registered_horizon and in_registered_plateau5_window identify the primary endpoint. Epoch observations are not independent seeds.",accuracy percent; epoch is the raw zero-based epoch index
cpr1,kS,Swap conv49 with BN50,10,cpr1-kS-s10,63,21,21.34,S0317,100,false,"`cpr1`, 15 runs, 100 ep | Full available curve retained; registered_horizon and in_registered_plateau5_window identify the primary endpoint. Epoch observations are not independent seeds.",accuracy percent; epoch is the raw zero-based epoch index
cpr1,kS,Swap conv49 with BN50,10,cpr1-kS-s10,64,21.11,21.52,S0317,100,false,"`cpr1`, 15 runs, 100 ep | Full available curve retained; registered_horizon and in_registered_plateau5_window identify the primary endpoint. Epoch observations are not independent seeds.",accuracy percent; epoch is the raw zero-based epoch index
cpr1,kS,Swap conv49 with BN50,10,cpr1-kS-s10,65,21.03,21.32,S0317,100,false,"`cpr1`, 15 runs, 100 ep | Full available curve retained; registered_horizon and in_registered_plateau5_window identify the primary endpoint. Epoch observations are not independent seeds.",accuracy percent; epoch is the raw zero-based epoch index
cpr1,kS,Swap conv49 with BN50,10,cpr1-kS-s10,66,20.96,21.36,S0317,100,false,"`cpr1`, 15 runs, 100 ep | Full available curve retained; registered_horizon and in_registered_plateau5_window identify the primary endpoint. Epoch observations are not independent seeds.",accuracy percent; epoch is the raw zero-based epoch index
cpr1,kS,Swap conv49 with BN50,10,cpr1-kS-s10,67,20.98,21.3,S0317,100,false,"`cpr1`, 15 runs, 100 ep | Full available curve retained; registered_horizon and in_registered_plateau5_window identify the primary endpoint. Epoch observations are not independent seeds.",accuracy percent; epoch is the raw zero-based epoch index
cpr1,kS,Swap conv49 with BN50,10,cpr1-kS-s10,68,21.17,21.52,S0317,100,false,"`cpr1`, 15 runs, 100 ep | Full available curve retained; registered_horizon and in_registered_plateau5_window identify the primary endpoint. Epoch observations are not independent seeds.",accuracy percent; epoch is the raw zero-based epoch index
cpr1,kS,Swap conv49 with BN50,10,cpr1-kS-s10,69,21.14,21.37,S0317,100,false,"`cpr1`, 15 runs, 100 ep | Full available curve retained; registered_horizon and in_registered_plateau5_window identify the primary endpoint. Epoch observations are not independent seeds.",accuracy percent; epoch is the raw zero-based epoch index
cpr1,kS,Swap conv49 with BN50,10,cpr1-kS-s10,70,21.3,21.45,S0317,100,false,"`cpr1`, 15 runs, 100 ep | Full available curve retained; registered_horizon and in_registered_plateau5_window identify the primary endpoint. Epoch observations are not independent seeds.",accuracy percent; epoch is the raw zero-based epoch index
cpr1,kS,Swap conv49 with BN50,10,cpr1-kS-s10,71,21.05,21.4,S0317,100,false,"`cpr1`, 15 runs, 100 ep | Full available curve retained; registered_horizon and in_registered_plateau5_window identify the primary endpoint. Epoch observations are not independent seeds.",accuracy percent; epoch is the raw zero-based epoch index
cpr1,kS,Swap conv49 with BN50,10,cpr1-kS-s10,72,21.12,21.44,S0317,100,false,"`cpr1`, 15 runs, 100 ep | Full available curve retained; registered_horizon and in_registered_plateau5_window identify the primary endpoint. Epoch observations are not independent seeds.",accuracy percent; epoch is the raw zero-based epoch index
cpr1,kS,Swap conv49 with BN50,10,cpr1-kS-s10,73,21.02,21.36,S0317,100,false,"`cpr1`, 15 runs, 100 ep | Full available curve retained; registered_horizon and in_registered_plateau5_window identify the primary endpoint. Epoch observations are not independent seeds.",accuracy percent; epoch is the raw zero-based epoch index
cpr1,kS,Swap conv49 with BN50,10,cpr1-kS-s10,74,21.14,21.62,S0317,100,false,"`cpr1`, 15 runs, 100 ep | Full available curve retained; registered_horizon and in_registered_plateau5_window identify the primary endpoint. Epoch observations are not independent seeds.",accuracy percent; epoch is the raw zero-based epoch index
cpr1,kS,Swap conv49 with BN50,10,cpr1-kS-s10,75,21.17,21.61,S0317,100,false,"`cpr1`, 15 runs, 100 ep | Full available curve retained; registered_horizon and in_registered_plateau5_window identify the primary endpoint. Epoch observations are not independent seeds.",accuracy percent; epoch is the raw zero-based epoch index
cpr1,kS,Swap conv49 with BN50,10,cpr1-kS-s10,76,21.32,21.44,S0317,100,false,"`cpr1`, 15 runs, 100 ep | Full available curve retained; registered_horizon and in_registered_plateau5_window identify the primary endpoint. Epoch observations are not independent seeds.",accuracy percent; epoch is the raw zero-based epoch index
cpr1,kS,Swap conv49 with BN50,10,cpr1-kS-s10,77,21.1,21.56,S0317,100,false,"`cpr1`, 15 runs, 100 ep | Full available curve retained; registered_horizon and in_registered_plateau5_window identify the primary endpoint. Epoch observations are not independent seeds.",accuracy percent; epoch is the raw zero-based epoch index
cpr1,kS,Swap conv49 with BN50,10,cpr1-kS-s10,78,20.97,21.41,S0317,100,false,"`cpr1`, 15 runs, 100 ep | Full available curve retained; registered_horizon and in_registered_plateau5_window identify the primary endpoint. Epoch observations are not independent seeds.",accuracy percent; epoch is the raw zero-based epoch index
cpr1,kS,Swap conv49 with BN50,10,cpr1-kS-s10,79,21.2,21.6,S0317,100,false,"`cpr1`, 15 runs, 100 ep | Full available curve retained; registered_horizon and in_registered_plateau5_window identify the primary endpoint. Epoch observations are not independent seeds.",accuracy percent; epoch is the raw zero-based epoch index
cpr1,kS,Swap conv49 with BN50,10,cpr1-kS-s10,80,21.15,21.41,S0317,100,false,"`cpr1`, 15 runs, 100 ep | Full available curve retained; registered_horizon and in_registered_plateau5_window identify the primary endpoint. Epoch observations are not independent seeds.",accuracy percent; epoch is the raw zero-based epoch index
cpr1,kS,Swap conv49 with BN50,10,cpr1-kS-s10,81,20.97,21.52,S0317,100,false,"`cpr1`, 15 runs, 100 ep | Full available curve retained; registered_horizon and in_registered_plateau5_window identify the primary endpoint. Epoch observations are not independent seeds.",accuracy percent; epoch is the raw zero-based epoch index
cpr1,kS,Swap conv49 with BN50,10,cpr1-kS-s10,82,21.11,21.38,S0317,100,false,"`cpr1`, 15 runs, 100 ep | Full available curve retained; registered_horizon and in_registered_plateau5_window identify the primary endpoint. Epoch observations are not independent seeds.",accuracy percent; epoch is the raw zero-based epoch index
cpr1,kS,Swap conv49 with BN50,10,cpr1-kS-s10,83,21.13,21.68,S0317,100,false,"`cpr1`, 15 runs, 100 ep | Full available curve retained; registered_horizon and in_registered_plateau5_window identify the primary endpoint. Epoch observations are not independent seeds.",accuracy percent; epoch is the raw zero-based epoch index
cpr1,kS,Swap conv49 with BN50,10,cpr1-kS-s10,84,20.98,21.38,S0317,100,false,"`cpr1`, 15 runs, 100 ep | Full available curve retained; registered_horizon and in_registered_plateau5_window identify the primary endpoint. Epoch observations are not independent seeds.",accuracy percent; epoch is the raw zero-based epoch index
cpr1,kS,Swap conv49 with BN50,10,cpr1-kS-s10,85,21.14,21.54,S0317,100,false,"`cpr1`, 15 runs, 100 ep | Full available curve retained; registered_horizon and in_registered_plateau5_window identify the primary endpoint. Epoch observations are not independent seeds.",accuracy percent; epoch is the raw zero-based epoch index
cpr1,kS,Swap conv49 with BN50,10,cpr1-kS-s10,86,21.13,21.41,S0317,100,false,"`cpr1`, 15 runs, 100 ep | Full available curve retained; registered_horizon and in_registered_plateau5_window identify the primary endpoint. Epoch observations are not independent seeds.",accuracy percent; epoch is the raw zero-based epoch index
cpr1,kS,Swap conv49 with BN50,10,cpr1-kS-s10,87,21.06,21.52,S0317,100,false,"`cpr1`, 15 runs, 100 ep | Full available curve retained; registered_horizon and in_registered_plateau5_window identify the primary endpoint. Epoch observations are not independent seeds.",accuracy percent; epoch is the raw zero-based epoch index
cpr1,kS,Swap conv49 with BN50,10,cpr1-kS-s10,88,20.97,21.6,S0317,100,false,"`cpr1`, 15 runs, 100 ep | Full available curve retained; registered_horizon and in_registered_plateau5_window identify the primary endpoint. Epoch observations are not independent seeds.",accuracy percent; epoch is the raw zero-based epoch index
cpr1,kS,Swap conv49 with BN50,10,cpr1-kS-s10,89,21.11,21.54,S0317,100,false,"`cpr1`, 15 runs, 100 ep | Full available curve retained; registered_horizon and in_registered_plateau5_window identify the primary endpoint. Epoch observations are not independent seeds.",accuracy percent; epoch is the raw zero-based epoch index
cpr1,kS,Swap conv49 with BN50,10,cpr1-kS-s10,90,21.01,21.57,S0317,100,false,"`cpr1`, 15 runs, 100 ep | Full available curve retained; registered_horizon and in_registered_plateau5_window identify the primary endpoint. Epoch observations are not independent seeds.",accuracy percent; epoch is the raw zero-based epoch index
cpr1,kS,Swap conv49 with BN50,10,cpr1-kS-s10,91,21.07,21.56,S0317,100,false,"`cpr1`, 15 runs, 100 ep | Full available curve retained; registered_horizon and in_registered_plateau5_window identify the primary endpoint. Epoch observations are not independent seeds.",accuracy percent; epoch is the raw zero-based epoch index
cpr1,kS,Swap conv49 with BN50,10,cpr1-kS-s10,92,21.19,21.34,S0317,100,false,"`cpr1`, 15 runs, 100 ep | Full available curve retained; registered_horizon and in_registered_plateau5_window identify the primary endpoint. Epoch observations are not independent seeds.",accuracy percent; epoch is the raw zero-based epoch index
cpr1,kS,Swap conv49 with BN50,10,cpr1-kS-s10,93,21.05,21.47,S0317,100,false,"`cpr1`, 15 runs, 100 ep | Full available curve retained; registered_horizon and in_registered_plateau5_window identify the primary endpoint. Epoch observations are not independent seeds.",accuracy percent; epoch is the raw zero-based epoch index
cpr1,kS,Swap conv49 with BN50,10,cpr1-kS-s10,94,21.1,21.29,S0317,100,false,"`cpr1`, 15 runs, 100 ep | Full available curve retained; registered_horizon and in_registered_plateau5_window identify the primary endpoint. Epoch observations are not independent seeds.",accuracy percent; epoch is the raw zero-based epoch index
cpr1,kS,Swap conv49 with BN50,10,cpr1-kS-s10,95,20.99,21.46,S0317,100,true,"`cpr1`, 15 runs, 100 ep | Full available curve retained; registered_horizon and in_registered_plateau5_window identify the primary endpoint. Epoch observations are not independent seeds.",accuracy percent; epoch is the raw zero-based epoch index
cpr1,kS,Swap conv49 with BN50,10,cpr1-kS-s10,96,21.02,21.56,S0317,100,true,"`cpr1`, 15 runs, 100 ep | Full available curve retained; registered_horizon and in_registered_plateau5_window identify the primary endpoint. Epoch observations are not independent seeds.",accuracy percent; epoch is the raw zero-based epoch index
cpr1,kS,Swap conv49 with BN50,10,cpr1-kS-s10,97,21.24,21.49,S0317,100,true,"`cpr1`, 15 runs, 100 ep | Full available curve retained; registered_horizon and in_registered_plateau5_window identify the primary endpoint. Epoch observations are not independent seeds.",accuracy percent; epoch is the raw zero-based epoch index
cpr1,kS,Swap conv49 with BN50,10,cpr1-kS-s10,98,21.09,21.58,S0317,100,true,"`cpr1`, 15 runs, 100 ep | Full available curve retained; registered_horizon and in_registered_plateau5_window identify the primary endpoint. Epoch observations are not independent seeds.",accuracy percent; epoch is the raw zero-based epoch index
cpr1,kS,Swap conv49 with BN50,10,cpr1-kS-s10,99,21.13,21.57,S0317,100,true,"`cpr1`, 15 runs, 100 ep | Full available curve retained; registered_horizon and in_registered_plateau5_window identify the primary endpoint. Epoch observations are not independent seeds.",accuracy percent; epoch is the raw zero-based epoch index
cpr1,kS,Swap conv49 with BN50,11,cpr1-kS-s11,0,0.96,0.95,S0318,100,false,"`cpr1`, 15 runs, 100 ep | Full available curve retained; registered_horizon and in_registered_plateau5_window identify the primary endpoint. Epoch observations are not independent seeds.",accuracy percent; epoch is the raw zero-based epoch index
cpr1,kS,Swap conv49 with BN50,11,cpr1-kS-s11,1,1.02,0.96,S0318,100,false,"`cpr1`, 15 runs, 100 ep | Full available curve retained; registered_horizon and in_registered_plateau5_window identify the primary endpoint. Epoch observations are not independent seeds.",accuracy percent; epoch is the raw zero-based epoch index
cpr1,kS,Swap conv49 with BN50,11,cpr1-kS-s11,2,0.99,0.96,S0318,100,false,"`cpr1`, 15 runs, 100 ep | Full available curve retained; registered_horizon and in_registered_plateau5_window identify the primary endpoint. Epoch observations are not independent seeds.",accuracy percent; epoch is the raw zero-based epoch index
cpr1,kS,Swap conv49 with BN50,11,cpr1-kS-s11,3,1.06,0.97,S0318,100,false,"`cpr1`, 15 runs, 100 ep | Full available curve retained; registered_horizon and in_registered_plateau5_window identify the primary endpoint. Epoch observations are not independent seeds.",accuracy percent; epoch is the raw zero-based epoch index
cpr1,kS,Swap conv49 with BN50,11,cpr1-kS-s11,4,0.95,0.93,S0318,100,false,"`cpr1`, 15 runs, 100 ep | Full available curve retained; registered_horizon and in_registered_plateau5_window identify the primary endpoint. Epoch observations are not independent seeds.",accuracy percent; epoch is the raw zero-based epoch index
cpr1,kS,Swap conv49 with BN50,11,cpr1-kS-s11,5,1.02,0.98,S0318,100,false,"`cpr1`, 15 runs, 100 ep | Full available curve retained; registered_horizon and in_registered_plateau5_window identify the primary endpoint. Epoch observations are not independent seeds.",accuracy percent; epoch is the raw zero-based epoch index
cpr1,kS,Swap conv49 with BN50,11,cpr1-kS-s11,6,1.24,1.06,S0318,100,false,"`cpr1`, 15 runs, 100 ep | Full available curve retained; registered_horizon and in_registered_plateau5_window identify the primary endpoint. Epoch observations are not independent seeds.",accuracy percent; epoch is the raw zero-based epoch index
cpr1,kS,Swap conv49 with BN50,11,cpr1-kS-s11,7,1.51,1.29,S0318,100,false,"`cpr1`, 15 runs, 100 ep | Full available curve retained; registered_horizon and in_registered_plateau5_window identify the primary endpoint. Epoch observations are not independent seeds.",accuracy percent; epoch is the raw zero-based epoch index
cpr1,kS,Swap conv49 with BN50,11,cpr1-kS-s11,8,1.93,1.54,S0318,100,false,"`cpr1`, 15 runs, 100 ep | Full available curve retained; registered_horizon and in_registered_plateau5_window identify the primary endpoint. Epoch observations are not independent seeds.",accuracy percent; epoch is the raw zero-based epoch index
cpr1,kS,Swap conv49 with BN50,11,cpr1-kS-s11,9,2.46,2,S0318,100,false,"`cpr1`, 15 runs, 100 ep | Full available curve retained; registered_horizon and in_registered_plateau5_window identify the primary endpoint. Epoch observations are not independent seeds.",accuracy percent; epoch is the raw zero-based epoch index
cpr1,kS,Swap conv49 with BN50,11,cpr1-kS-s11,10,3.06,2.62,S0318,100,false,"`cpr1`, 15 runs, 100 ep | Full available curve retained; registered_horizon and in_registered_plateau5_window identify the primary endpoint. Epoch observations are not independent seeds.",accuracy percent; epoch is the raw zero-based epoch index
cpr1,kS,Swap conv49 with BN50,11,cpr1-kS-s11,11,4.11,3.33,S0318,100,false,"`cpr1`, 15 runs, 100 ep | Full available curve retained; registered_horizon and in_registered_plateau5_window identify the primary endpoint. Epoch observations are not independent seeds.",accuracy percent; epoch is the raw zero-based epoch index
cpr1,kS,Swap conv49 with BN50,11,cpr1-kS-s11,12,6.19,5,S0318,100,false,"`cpr1`, 15 runs, 100 ep | Full available curve retained; registered_horizon and in_registered_plateau5_window identify the primary endpoint. Epoch observations are not independent seeds.",accuracy percent; epoch is the raw zero-based epoch index
cpr1,kS,Swap conv49 with BN50,11,cpr1-kS-s11,13,8.43,6.91,S0318,100,false,"`cpr1`, 15 runs, 100 ep | Full available curve retained; registered_horizon and in_registered_plateau5_window identify the primary endpoint. Epoch observations are not independent seeds.",accuracy percent; epoch is the raw zero-based epoch index
cpr1,kS,Swap conv49 with BN50,11,cpr1-kS-s11,14,10.33,9.3,S0318,100,false,"`cpr1`, 15 runs, 100 ep | Full available curve retained; registered_horizon and in_registered_plateau5_window identify the primary endpoint. Epoch observations are not independent seeds.",accuracy percent; epoch is the raw zero-based epoch index
cpr1,kS,Swap conv49 with BN50,11,cpr1-kS-s11,15,12.18,11.44,S0318,100,false,"`cpr1`, 15 runs, 100 ep | Full available curve retained; registered_horizon and in_registered_plateau5_window identify the primary endpoint. Epoch observations are not independent seeds.",accuracy percent; epoch is the raw zero-based epoch index
cpr1,kS,Swap conv49 with BN50,11,cpr1-kS-s11,16,14.44,13.16,S0318,100,false,"`cpr1`, 15 runs, 100 ep | Full available curve retained; registered_horizon and in_registered_plateau5_window identify the primary endpoint. Epoch observations are not independent seeds.",accuracy percent; epoch is the raw zero-based epoch index
cpr1,kS,Swap conv49 with BN50,11,cpr1-kS-s11,17,16.71,14.65,S0318,100,false,"`cpr1`, 15 runs, 100 ep | Full available curve retained; registered_horizon and in_registered_plateau5_window identify the primary endpoint. Epoch observations are not independent seeds.",accuracy percent; epoch is the raw zero-based epoch index
cpr1,kS,Swap conv49 with BN50,11,cpr1-kS-s11,18,17.78,16.57,S0318,100,false,"`cpr1`, 15 runs, 100 ep | Full available curve retained; registered_horizon and in_registered_plateau5_window identify the primary endpoint. Epoch observations are not independent seeds.",accuracy percent; epoch is the raw zero-based epoch index
cpr1,kS,Swap conv49 with BN50,11,cpr1-kS-s11,19,19.28,17.97,S0318,100,false,"`cpr1`, 15 runs, 100 ep | Full available curve retained; registered_horizon and in_registered_plateau5_window identify the primary endpoint. Epoch observations are not independent seeds.",accuracy percent; epoch is the raw zero-based epoch index
cpr1,kS,Swap conv49 with BN50,11,cpr1-kS-s11,20,19.92,19.36,S0318,100,false,"`cpr1`, 15 runs, 100 ep | Full available curve retained; registered_horizon and in_registered_plateau5_window identify the primary endpoint. Epoch observations are not independent seeds.",accuracy percent; epoch is the raw zero-based epoch index
cpr1,kS,Swap conv49 with BN50,11,cpr1-kS-s11,21,20.84,20.14,S0318,100,false,"`cpr1`, 15 runs, 100 ep | Full available curve retained; registered_horizon and in_registered_plateau5_window identify the primary endpoint. Epoch observations are not independent seeds.",accuracy percent; epoch is the raw zero-based epoch index
cpr1,kS,Swap conv49 with BN50,11,cpr1-kS-s11,22,21.03,20.64,S0318,100,false,"`cpr1`, 15 runs, 100 ep | Full available curve retained; registered_horizon and in_registered_plateau5_window identify the primary endpoint. Epoch observations are not independent seeds.",accuracy percent; epoch is the raw zero-based epoch index
cpr1,kS,Swap conv49 with BN50,11,cpr1-kS-s11,23,21.33,21,S0318,100,false,"`cpr1`, 15 runs, 100 ep | Full available curve retained; registered_horizon and in_registered_plateau5_window identify the primary endpoint. Epoch observations are not independent seeds.",accuracy percent; epoch is the raw zero-based epoch index
cpr1,kS,Swap conv49 with BN50,11,cpr1-kS-s11,24,21.54,21.25,S0318,100,false,"`cpr1`, 15 runs, 100 ep | Full available curve retained; registered_horizon and in_registered_plateau5_window identify the primary endpoint. Epoch observations are not independent seeds.",accuracy percent; epoch is the raw zero-based epoch index
cpr1,kS,Swap conv49 with BN50,11,cpr1-kS-s11,25,21.8,21.17,S0318,100,false,"`cpr1`, 15 runs, 100 ep | Full available curve retained; registered_horizon and in_registered_plateau5_window identify the primary endpoint. Epoch observations are not independent seeds.",accuracy percent; epoch is the raw zero-based epoch index
cpr1,kS,Swap conv49 with BN50,11,cpr1-kS-s11,26,21.64,21.44,S0318,100,false,"`cpr1`, 15 runs, 100 ep | Full available curve retained; registered_horizon and in_registered_plateau5_window identify the primary endpoint. Epoch observations are not independent seeds.",accuracy percent; epoch is the raw zero-based epoch index
cpr1,kS,Swap conv49 with BN50,11,cpr1-kS-s11,27,21.64,21.47,S0318,100,false,"`cpr1`, 15 runs, 100 ep | Full available curve retained; registered_horizon and in_registered_plateau5_window identify the primary endpoint. Epoch observations are not independent seeds.",accuracy percent; epoch is the raw zero-based epoch index
cpr1,kS,Swap conv49 with BN50,11,cpr1-kS-s11,28,21.87,21.59,S0318,100,false,"`cpr1`, 15 runs, 100 ep | Full available curve retained; registered_horizon and in_registered_plateau5_window identify the primary endpoint. Epoch observations are not independent seeds.",accuracy percent; epoch is the raw zero-based epoch index
cpr1,kS,Swap conv49 with BN50,11,cpr1-kS-s11,29,21.82,21.67,S0318,100,false,"`cpr1`, 15 runs, 100 ep | Full available curve retained; registered_horizon and in_registered_plateau5_window identify the primary endpoint. Epoch observations are not independent seeds.",accuracy percent; epoch is the raw zero-based epoch index
cpr1,kS,Swap conv49 with BN50,11,cpr1-kS-s11,30,21.98,21.61,S0318,100,false,"`cpr1`, 15 runs, 100 ep | Full available curve retained; registered_horizon and in_registered_plateau5_window identify the primary endpoint. Epoch observations are not independent seeds.",accuracy percent; epoch is the raw zero-based epoch index
cpr1,kS,Swap conv49 with BN50,11,cpr1-kS-s11,31,21.75,21.69,S0318,100,false,"`cpr1`, 15 runs, 100 ep | Full available curve retained; registered_horizon and in_registered_plateau5_window identify the primary endpoint. Epoch observations are not independent seeds.",accuracy percent; epoch is the raw zero-based epoch index
cpr1,kS,Swap conv49 with BN50,11,cpr1-kS-s11,32,21.7,21.87,S0318,100,false,"`cpr1`, 15 runs, 100 ep | Full available curve retained; registered_horizon and in_registered_plateau5_window identify the primary endpoint. Epoch observations are not independent seeds.",accuracy percent; epoch is the raw zero-based epoch index
cpr1,kS,Swap conv49 with BN50,11,cpr1-kS-s11,33,21.82,21.67,S0318,100,false,"`cpr1`, 15 runs, 100 ep | Full available curve retained; registered_horizon and in_registered_plateau5_window identify the primary endpoint. Epoch observations are not independent seeds.",accuracy percent; epoch is the raw zero-based epoch index
cpr1,kS,Swap conv49 with BN50,11,cpr1-kS-s11,34,21.83,21.74,S0318,100,false,"`cpr1`, 15 runs, 100 ep | Full available curve retained; registered_horizon and in_registered_plateau5_window identify the primary endpoint. Epoch observations are not independent seeds.",accuracy percent; epoch is the raw zero-based epoch index
cpr1,kS,Swap conv49 with BN50,11,cpr1-kS-s11,35,21.95,21.51,S0318,100,false,"`cpr1`, 15 runs, 100 ep | Full available curve retained; registered_horizon and in_registered_plateau5_window identify the primary endpoint. Epoch observations are not independent seeds.",accuracy percent; epoch is the raw zero-based epoch index
cpr1,kS,Swap conv49 with BN50,11,cpr1-kS-s11,36,21.84,21.77,S0318,100,false,"`cpr1`, 15 runs, 100 ep | Full available curve retained; registered_horizon and in_registered_plateau5_window identify the primary endpoint. Epoch observations are not independent seeds.",accuracy percent; epoch is the raw zero-based epoch index
cpr1,kS,Swap conv49 with BN50,11,cpr1-kS-s11,37,21.86,21.67,S0318,100,false,"`cpr1`, 15 runs, 100 ep | Full available curve retained; registered_horizon and in_registered_plateau5_window identify the primary endpoint. Epoch observations are not independent seeds.",accuracy percent; epoch is the raw zero-based epoch index
cpr1,kS,Swap conv49 with BN50,11,cpr1-kS-s11,38,21.88,21.8,S0318,100,false,"`cpr1`, 15 runs, 100 ep | Full available curve retained; registered_horizon and in_registered_plateau5_window identify the primary endpoint. Epoch observations are not independent seeds.",accuracy percent; epoch is the raw zero-based epoch index
cpr1,kS,Swap conv49 with BN50,11,cpr1-kS-s11,39,21.74,21.7,S0318,100,false,"`cpr1`, 15 runs, 100 ep | Full available curve retained; registered_horizon and in_registered_plateau5_window identify the primary endpoint. Epoch observations are not independent seeds.",accuracy percent; epoch is the raw zero-based epoch index
cpr1,kS,Swap conv49 with BN50,11,cpr1-kS-s11,40,21.92,21.71,S0318,100,false,"`cpr1`, 15 runs, 100 ep | Full available curve retained; registered_horizon and in_registered_plateau5_window identify the primary endpoint. Epoch observations are not independent seeds.",accuracy percent; epoch is the raw zero-based epoch index
cpr1,kS,Swap conv49 with BN50,11,cpr1-kS-s11,41,21.77,21.65,S0318,100,false,"`cpr1`, 15 runs, 100 ep | Full available curve retained; registered_horizon and in_registered_plateau5_window identify the primary endpoint. Epoch observations are not independent seeds.",accuracy percent; epoch is the raw zero-based epoch index
cpr1,kS,Swap conv49 with BN50,11,cpr1-kS-s11,42,21.84,21.68,S0318,100,false,"`cpr1`, 15 runs, 100 ep | Full available curve retained; registered_horizon and in_registered_plateau5_window identify the primary endpoint. Epoch observations are not independent seeds.",accuracy percent; epoch is the raw zero-based epoch index
cpr1,kS,Swap conv49 with BN50,11,cpr1-kS-s11,43,21.82,21.52,S0318,100,false,"`cpr1`, 15 runs, 100 ep | Full available curve retained; registered_horizon and in_registered_plateau5_window identify the primary endpoint. Epoch observations are not independent seeds.",accuracy percent; epoch is the raw zero-based epoch index
cpr1,kS,Swap conv49 with BN50,11,cpr1-kS-s11,44,21.82,21.54,S0318,100,false,"`cpr1`, 15 runs, 100 ep | Full available curve retained; registered_horizon and in_registered_plateau5_window identify the primary endpoint. Epoch observations are not independent seeds.",accuracy percent; epoch is the raw zero-based epoch index
cpr1,kS,Swap conv49 with BN50,11,cpr1-kS-s11,45,21.8,21.55,S0318,100,false,"`cpr1`, 15 runs, 100 ep | Full available curve retained; registered_horizon and in_registered_plateau5_window identify the primary endpoint. Epoch observations are not independent seeds.",accuracy percent; epoch is the raw zero-based epoch index
cpr1,kS,Swap conv49 with BN50,11,cpr1-kS-s11,46,22.02,21.76,S0318,100,false,"`cpr1`, 15 runs, 100 ep | Full available curve retained; registered_horizon and in_registered_plateau5_window identify the primary endpoint. Epoch observations are not independent seeds.",accuracy percent; epoch is the raw zero-based epoch index
cpr1,kS,Swap conv49 with BN50,11,cpr1-kS-s11,47,21.76,21.54,S0318,100,false,"`cpr1`, 15 runs, 100 ep | Full available curve retained; registered_horizon and in_registered_plateau5_window identify the primary endpoint. Epoch observations are not independent seeds.",accuracy percent; epoch is the raw zero-based epoch index
cpr1,kS,Swap conv49 with BN50,11,cpr1-kS-s11,48,21.72,21.63,S0318,100,false,"`cpr1`, 15 runs, 100 ep | Full available curve retained; registered_horizon and in_registered_plateau5_window identify the primary endpoint. Epoch observations are not independent seeds.",accuracy percent; epoch is the raw zero-based epoch index
cpr1,kS,Swap conv49 with BN50,11,cpr1-kS-s11,49,21.79,21.45,S0318,100,false,"`cpr1`, 15 runs, 100 ep | Full available curve retained; registered_horizon and in_registered_plateau5_window identify the primary endpoint. Epoch observations are not independent seeds.",accuracy percent; epoch is the raw zero-based epoch index
cpr1,kS,Swap conv49 with BN50,11,cpr1-kS-s11,50,21.84,21.6,S0318,100,false,"`cpr1`, 15 runs, 100 ep | Full available curve retained; registered_horizon and in_registered_plateau5_window identify the primary endpoint. Epoch observations are not independent seeds.",accuracy percent; epoch is the raw zero-based epoch index
cpr1,kS,Swap conv49 with BN50,11,cpr1-kS-s11,51,21.75,21.63,S0318,100,false,"`cpr1`, 15 runs, 100 ep | Full available curve retained; registered_horizon and in_registered_plateau5_window identify the primary endpoint. Epoch observations are not independent seeds.",accuracy percent; epoch is the raw zero-based epoch index
cpr1,kS,Swap conv49 with BN50,11,cpr1-kS-s11,52,21.78,21.54,S0318,100,false,"`cpr1`, 15 runs, 100 ep | Full available curve retained; registered_horizon and in_registered_plateau5_window identify the primary endpoint. Epoch observations are not independent seeds.",accuracy percent; epoch is the raw zero-based epoch index
cpr1,kS,Swap conv49 with BN50,11,cpr1-kS-s11,53,21.82,21.88,S0318,100,false,"`cpr1`, 15 runs, 100 ep | Full available curve retained; registered_horizon and in_registered_plateau5_window identify the primary endpoint. Epoch observations are not independent seeds.",accuracy percent; epoch is the raw zero-based epoch index
cpr1,kS,Swap conv49 with BN50,11,cpr1-kS-s11,54,21.85,21.66,S0318,100,false,"`cpr1`, 15 runs, 100 ep | Full available curve retained; registered_horizon and in_registered_plateau5_window identify the primary endpoint. Epoch observations are not independent seeds.",accuracy percent; epoch is the raw zero-based epoch index
cpr1,kS,Swap conv49 with BN50,11,cpr1-kS-s11,55,21.94,21.62,S0318,100,false,"`cpr1`, 15 runs, 100 ep | Full available curve retained; registered_horizon and in_registered_plateau5_window identify the primary endpoint. Epoch observations are not independent seeds.",accuracy percent; epoch is the raw zero-based epoch index
cpr1,kS,Swap conv49 with BN50,11,cpr1-kS-s11,56,21.67,21.68,S0318,100,false,"`cpr1`, 15 runs, 100 ep | Full available curve retained; registered_horizon and in_registered_plateau5_window identify the primary endpoint. Epoch observations are not independent seeds.",accuracy percent; epoch is the raw zero-based epoch index
cpr1,kS,Swap conv49 with BN50,11,cpr1-kS-s11,57,21.89,21.76,S0318,100,false,"`cpr1`, 15 runs, 100 ep | Full available curve retained; registered_horizon and in_registered_plateau5_window identify the primary endpoint. Epoch observations are not independent seeds.",accuracy percent; epoch is the raw zero-based epoch index
cpr1,kS,Swap conv49 with BN50,11,cpr1-kS-s11,58,21.89,21.6,S0318,100,false,"`cpr1`, 15 runs, 100 ep | Full available curve retained; registered_horizon and in_registered_plateau5_window identify the primary endpoint. Epoch observations are not independent seeds.",accuracy percent; epoch is the raw zero-based epoch index
cpr1,kS,Swap conv49 with BN50,11,cpr1-kS-s11,59,21.88,21.65,S0318,100,false,"`cpr1`, 15 runs, 100 ep | Full available curve retained; registered_horizon and in_registered_plateau5_window identify the primary endpoint. Epoch observations are not independent seeds.",accuracy percent; epoch is the raw zero-based epoch index
cpr1,kS,Swap conv49 with BN50,11,cpr1-kS-s11,60,21.94,21.86,S0318,100,false,"`cpr1`, 15 runs, 100 ep | Full available curve retained; registered_horizon and in_registered_plateau5_window identify the primary endpoint. Epoch observations are not independent seeds.",accuracy percent; epoch is the raw zero-based epoch index
cpr1,kS,Swap conv49 with BN50,11,cpr1-kS-s11,61,21.85,21.55,S0318,100,false,"`cpr1`, 15 runs, 100 ep | Full available curve retained; registered_horizon and in_registered_plateau5_window identify the primary endpoint. Epoch observations are not independent seeds.",accuracy percent; epoch is the raw zero-based epoch index
cpr1,kS,Swap conv49 with BN50,11,cpr1-kS-s11,62,21.89,21.67,S0318,100,false,"`cpr1`, 15 runs, 100 ep | Full available curve retained; registered_horizon and in_registered_plateau5_window identify the primary endpoint. Epoch observations are not independent seeds.",accuracy percent; epoch is the raw zero-based epoch index
cpr1,kS,Swap conv49 with BN50,11,cpr1-kS-s11,63,21.92,21.66,S0318,100,false,"`cpr1`, 15 runs, 100 ep | Full available curve retained; registered_horizon and in_registered_plateau5_window identify the primary endpoint. Epoch observations are not independent seeds.",accuracy percent; epoch is the raw zero-based epoch index
cpr1,kS,Swap conv49 with BN50,11,cpr1-kS-s11,64,21.99,21.69,S0318,100,false,"`cpr1`, 15 runs, 100 ep | Full available curve retained; registered_horizon and in_registered_plateau5_window identify the primary endpoint. Epoch observations are not independent seeds.",accuracy percent; epoch is the raw zero-based epoch index
cpr1,kS,Swap conv49 with BN50,11,cpr1-kS-s11,65,21.72,21.61,S0318,100,false,"`cpr1`, 15 runs, 100 ep | Full available curve retained; registered_horizon and in_registered_plateau5_window identify the primary endpoint. Epoch observations are not independent seeds.",accuracy percent; epoch is the raw zero-based epoch index
cpr1,kS,Swap conv49 with BN50,11,cpr1-kS-s11,66,21.85,21.42,S0318,100,false,"`cpr1`, 15 runs, 100 ep | Full available curve retained; registered_horizon and in_registered_plateau5_window identify the primary endpoint. Epoch observations are not independent seeds.",accuracy percent; epoch is the raw zero-based epoch index
cpr1,kS,Swap conv49 with BN50,11,cpr1-kS-s11,67,21.91,21.62,S0318,100,false,"`cpr1`, 15 runs, 100 ep | Full available curve retained; registered_horizon and in_registered_plateau5_window identify the primary endpoint. Epoch observations are not independent seeds.",accuracy percent; epoch is the raw zero-based epoch index
cpr1,kS,Swap conv49 with BN50,11,cpr1-kS-s11,68,21.67,21.69,S0318,100,false,"`cpr1`, 15 runs, 100 ep | Full available curve retained; registered_horizon and in_registered_plateau5_window identify the primary endpoint. Epoch observations are not independent seeds.",accuracy percent; epoch is the raw zero-based epoch index
cpr1,kS,Swap conv49 with BN50,11,cpr1-kS-s11,69,21.78,21.59,S0318,100,false,"`cpr1`, 15 runs, 100 ep | Full available curve retained; registered_horizon and in_registered_plateau5_window identify the primary endpoint. Epoch observations are not independent seeds.",accuracy percent; epoch is the raw zero-based epoch index
cpr1,kS,Swap conv49 with BN50,11,cpr1-kS-s11,70,21.71,21.68,S0318,100,false,"`cpr1`, 15 runs, 100 ep | Full available curve retained; registered_horizon and in_registered_plateau5_window identify the primary endpoint. Epoch observations are not independent seeds.",accuracy percent; epoch is the raw zero-based epoch index
cpr1,kS,Swap conv49 with BN50,11,cpr1-kS-s11,71,21.77,21.64,S0318,100,false,"`cpr1`, 15 runs, 100 ep | Full available curve retained; registered_horizon and in_registered_plateau5_window identify the primary endpoint. Epoch observations are not independent seeds.",accuracy percent; epoch is the raw zero-based epoch index
cpr1,kS,Swap conv49 with BN50,11,cpr1-kS-s11,72,21.95,21.78,S0318,100,false,"`cpr1`, 15 runs, 100 ep | Full available curve retained; registered_horizon and in_registered_plateau5_window identify the primary endpoint. Epoch observations are not independent seeds.",accuracy percent; epoch is the raw zero-based epoch index
cpr1,kS,Swap conv49 with BN50,11,cpr1-kS-s11,73,21.69,21.67,S0318,100,false,"`cpr1`, 15 runs, 100 ep | Full available curve retained; registered_horizon and in_registered_plateau5_window identify the primary endpoint. Epoch observations are not independent seeds.",accuracy percent; epoch is the raw zero-based epoch index
cpr1,kS,Swap conv49 with BN50,11,cpr1-kS-s11,74,21.91,21.64,S0318,100,false,"`cpr1`, 15 runs, 100 ep | Full available curve retained; registered_horizon and in_registered_plateau5_window identify the primary endpoint. Epoch observations are not independent seeds.",accuracy percent; epoch is the raw zero-based epoch index
cpr1,kS,Swap conv49 with BN50,11,cpr1-kS-s11,75,21.86,21.49,S0318,100,false,"`cpr1`, 15 runs, 100 ep | Full available curve retained; registered_horizon and in_registered_plateau5_window identify the primary endpoint. Epoch observations are not independent seeds.",accuracy percent; epoch is the raw zero-based epoch index
cpr1,kS,Swap conv49 with BN50,11,cpr1-kS-s11,76,21.99,21.64,S0318,100,false,"`cpr1`, 15 runs, 100 ep | Full available curve retained; registered_horizon and in_registered_plateau5_window identify the primary endpoint. Epoch observations are not independent seeds.",accuracy percent; epoch is the raw zero-based epoch index
cpr1,kS,Swap conv49 with BN50,11,cpr1-kS-s11,77,21.87,21.77,S0318,100,false,"`cpr1`, 15 runs, 100 ep | Full available curve retained; registered_horizon and in_registered_plateau5_window identify the primary endpoint. Epoch observations are not independent seeds.",accuracy percent; epoch is the raw zero-based epoch index
cpr1,kS,Swap conv49 with BN50,11,cpr1-kS-s11,78,21.71,21.76,S0318,100,false,"`cpr1`, 15 runs, 100 ep | Full available curve retained; registered_horizon and in_registered_plateau5_window identify the primary endpoint. Epoch observations are not independent seeds.",accuracy percent; epoch is the raw zero-based epoch index
cpr1,kS,Swap conv49 with BN50,11,cpr1-kS-s11,79,21.89,21.6,S0318,100,false,"`cpr1`, 15 runs, 100 ep | Full available curve retained; registered_horizon and in_registered_plateau5_window identify the primary endpoint. Epoch observations are not independent seeds.",accuracy percent; epoch is the raw zero-based epoch index
cpr1,kS,Swap conv49 with BN50,11,cpr1-kS-s11,80,21.87,21.77,S0318,100,false,"`cpr1`, 15 runs, 100 ep | Full available curve retained; registered_horizon and in_registered_plateau5_window identify the primary endpoint. Epoch observations are not independent seeds.",accuracy percent; epoch is the raw zero-based epoch index
cpr1,kS,Swap conv49 with BN50,11,cpr1-kS-s11,81,21.8,21.68,S0318,100,false,"`cpr1`, 15 runs, 100 ep | Full available curve retained; registered_horizon and in_registered_plateau5_window identify the primary endpoint. Epoch observations are not independent seeds.",accuracy percent; epoch is the raw zero-based epoch index
cpr1,kS,Swap conv49 with BN50,11,cpr1-kS-s11,82,22.01,21.49,S0318,100,false,"`cpr1`, 15 runs, 100 ep | Full available curve retained; registered_horizon and in_registered_plateau5_window identify the primary endpoint. Epoch observations are not independent seeds.",accuracy percent; epoch is the raw zero-based epoch index
cpr1,kS,Swap conv49 with BN50,11,cpr1-kS-s11,83,21.77,21.54,S0318,100,false,"`cpr1`, 15 runs, 100 ep | Full available curve retained; registered_horizon and in_registered_plateau5_window identify the primary endpoint. Epoch observations are not independent seeds.",accuracy percent; epoch is the raw zero-based epoch index
cpr1,kS,Swap conv49 with BN50,11,cpr1-kS-s11,84,21.78,21.64,S0318,100,false,"`cpr1`, 15 runs, 100 ep | Full available curve retained; registered_horizon and in_registered_plateau5_window identify the primary endpoint. Epoch observations are not independent seeds.",accuracy percent; epoch is the raw zero-based epoch index
cpr1,kS,Swap conv49 with BN50,11,cpr1-kS-s11,85,21.82,21.87,S0318,100,false,"`cpr1`, 15 runs, 100 ep | Full available curve retained; registered_horizon and in_registered_plateau5_window identify the primary endpoint. Epoch observations are not independent seeds.",accuracy percent; epoch is the raw zero-based epoch index
cpr1,kS,Swap conv49 with BN50,11,cpr1-kS-s11,86,21.93,21.69,S0318,100,false,"`cpr1`, 15 runs, 100 ep | Full available curve retained; registered_horizon and in_registered_plateau5_window identify the primary endpoint. Epoch observations are not independent seeds.",accuracy percent; epoch is the raw zero-based epoch index
cpr1,kS,Swap conv49 with BN50,11,cpr1-kS-s11,87,21.95,21.71,S0318,100,false,"`cpr1`, 15 runs, 100 ep | Full available curve retained; registered_horizon and in_registered_plateau5_window identify the primary endpoint. Epoch observations are not independent seeds.",accuracy percent; epoch is the raw zero-based epoch index
cpr1,kS,Swap conv49 with BN50,11,cpr1-kS-s11,88,21.88,21.6,S0318,100,false,"`cpr1`, 15 runs, 100 ep | Full available curve retained; registered_horizon and in_registered_plateau5_window identify the primary endpoint. Epoch observations are not independent seeds.",accuracy percent; epoch is the raw zero-based epoch index
cpr1,kS,Swap conv49 with BN50,11,cpr1-kS-s11,89,21.83,21.61,S0318,100,false,"`cpr1`, 15 runs, 100 ep | Full available curve retained; registered_horizon and in_registered_plateau5_window identify the primary endpoint. Epoch observations are not independent seeds.",accuracy percent; epoch is the raw zero-based epoch index
cpr1,kS,Swap conv49 with BN50,11,cpr1-kS-s11,90,21.79,21.64,S0318,100,false,"`cpr1`, 15 runs, 100 ep | Full available curve retained; registered_horizon and in_registered_plateau5_window identify the primary endpoint. Epoch observations are not independent seeds.",accuracy percent; epoch is the raw zero-based epoch index
cpr1,kS,Swap conv49 with BN50,11,cpr1-kS-s11,91,21.75,21.8,S0318,100,false,"`cpr1`, 15 runs, 100 ep | Full available curve retained; registered_horizon and in_registered_plateau5_window identify the primary endpoint. Epoch observations are not independent seeds.",accuracy percent; epoch is the raw zero-based epoch index
cpr1,kS,Swap conv49 with BN50,11,cpr1-kS-s11,92,21.86,21.75,S0318,100,false,"`cpr1`, 15 runs, 100 ep | Full available curve retained; registered_horizon and in_registered_plateau5_window identify the primary endpoint. Epoch observations are not independent seeds.",accuracy percent; epoch is the raw zero-based epoch index
cpr1,kS,Swap conv49 with BN50,11,cpr1-kS-s11,93,21.74,21.73,S0318,100,false,"`cpr1`, 15 runs, 100 ep | Full available curve retained; registered_horizon and in_registered_plateau5_window identify the primary endpoint. Epoch observations are not independent seeds.",accuracy percent; epoch is the raw zero-based epoch index
cpr1,kS,Swap conv49 with BN50,11,cpr1-kS-s11,94,21.93,21.73,S0318,100,false,"`cpr1`, 15 runs, 100 ep | Full available curve retained; registered_horizon and in_registered_plateau5_window identify the primary endpoint. Epoch observations are not independent seeds.",accuracy percent; epoch is the raw zero-based epoch index
cpr1,kS,Swap conv49 with BN50,11,cpr1-kS-s11,95,21.95,21.64,S0318,100,true,"`cpr1`, 15 runs, 100 ep | Full available curve retained; registered_horizon and in_registered_plateau5_window identify the primary endpoint. Epoch observations are not independent seeds.",accuracy percent; epoch is the raw zero-based epoch index
cpr1,kS,Swap conv49 with BN50,11,cpr1-kS-s11,96,21.71,21.54,S0318,100,true,"`cpr1`, 15 runs, 100 ep | Full available curve retained; registered_horizon and in_registered_plateau5_window identify the primary endpoint. Epoch observations are not independent seeds.",accuracy percent; epoch is the raw zero-based epoch index
cpr1,kS,Swap conv49 with BN50,11,cpr1-kS-s11,97,21.86,21.89,S0318,100,true,"`cpr1`, 15 runs, 100 ep | Full available curve retained; registered_horizon and in_registered_plateau5_window identify the primary endpoint. Epoch observations are not independent seeds.",accuracy percent; epoch is the raw zero-based epoch index
cpr1,kS,Swap conv49 with BN50,11,cpr1-kS-s11,98,21.73,21.78,S0318,100,true,"`cpr1`, 15 runs, 100 ep | Full available curve retained; registered_horizon and in_registered_plateau5_window identify the primary endpoint. Epoch observations are not independent seeds.",accuracy percent; epoch is the raw zero-based epoch index
cpr1,kS,Swap conv49 with BN50,11,cpr1-kS-s11,99,21.85,21.46,S0318,100,true,"`cpr1`, 15 runs, 100 ep | Full available curve retained; registered_horizon and in_registered_plateau5_window identify the primary endpoint. Epoch observations are not independent seeds.",accuracy percent; epoch is the raw zero-based epoch index
cpr1,kC,Swap conv49 with shortcut52,9,cpr1-kC-s9,0,1.12,0.93,S0322,100,false,"`cpr1`, 15 runs, 100 ep | Full available curve retained; registered_horizon and in_registered_plateau5_window identify the primary endpoint. Epoch observations are not independent seeds.",accuracy percent; epoch is the raw zero-based epoch index
cpr1,kC,Swap conv49 with shortcut52,9,cpr1-kC-s9,1,1.02,1.01,S0322,100,false,"`cpr1`, 15 runs, 100 ep | Full available curve retained; registered_horizon and in_registered_plateau5_window identify the primary endpoint. Epoch observations are not independent seeds.",accuracy percent; epoch is the raw zero-based epoch index
cpr1,kC,Swap conv49 with shortcut52,9,cpr1-kC-s9,2,1.13,1.08,S0322,100,false,"`cpr1`, 15 runs, 100 ep | Full available curve retained; registered_horizon and in_registered_plateau5_window identify the primary endpoint. Epoch observations are not independent seeds.",accuracy percent; epoch is the raw zero-based epoch index
cpr1,kC,Swap conv49 with shortcut52,9,cpr1-kC-s9,3,1.04,0.9,S0322,100,false,"`cpr1`, 15 runs, 100 ep | Full available curve retained; registered_horizon and in_registered_plateau5_window identify the primary endpoint. Epoch observations are not independent seeds.",accuracy percent; epoch is the raw zero-based epoch index
cpr1,kC,Swap conv49 with shortcut52,9,cpr1-kC-s9,4,1.14,1.01,S0322,100,false,"`cpr1`, 15 runs, 100 ep | Full available curve retained; registered_horizon and in_registered_plateau5_window identify the primary endpoint. Epoch observations are not independent seeds.",accuracy percent; epoch is the raw zero-based epoch index
cpr1,kC,Swap conv49 with shortcut52,9,cpr1-kC-s9,5,1.07,1.02,S0322,100,false,"`cpr1`, 15 runs, 100 ep | Full available curve retained; registered_horizon and in_registered_plateau5_window identify the primary endpoint. Epoch observations are not independent seeds.",accuracy percent; epoch is the raw zero-based epoch index
cpr1,kC,Swap conv49 with shortcut52,9,cpr1-kC-s9,6,1.36,1.1,S0322,100,false,"`cpr1`, 15 runs, 100 ep | Full available curve retained; registered_horizon and in_registered_plateau5_window identify the primary endpoint. Epoch observations are not independent seeds.",accuracy percent; epoch is the raw zero-based epoch index
cpr1,kC,Swap conv49 with shortcut52,9,cpr1-kC-s9,7,2.2,1.45,S0322,100,false,"`cpr1`, 15 runs, 100 ep | Full available curve retained; registered_horizon and in_registered_plateau5_window identify the primary endpoint. Epoch observations are not independent seeds.",accuracy percent; epoch is the raw zero-based epoch index
cpr1,kC,Swap conv49 with shortcut52,9,cpr1-kC-s9,8,3.09,2.4,S0322,100,false,"`cpr1`, 15 runs, 100 ep | Full available curve retained; registered_horizon and in_registered_plateau5_window identify the primary endpoint. Epoch observations are not independent seeds.",accuracy percent; epoch is the raw zero-based epoch index
cpr1,kC,Swap conv49 with shortcut52,9,cpr1-kC-s9,9,4.02,3.17,S0322,100,false,"`cpr1`, 15 runs, 100 ep | Full available curve retained; registered_horizon and in_registered_plateau5_window identify the primary endpoint. Epoch observations are not independent seeds.",accuracy percent; epoch is the raw zero-based epoch index
cpr1,kC,Swap conv49 with shortcut52,9,cpr1-kC-s9,10,5.09,4.06,S0322,100,false,"`cpr1`, 15 runs, 100 ep | Full available curve retained; registered_horizon and in_registered_plateau5_window identify the primary endpoint. Epoch observations are not independent seeds.",accuracy percent; epoch is the raw zero-based epoch index
cpr1,kC,Swap conv49 with shortcut52,9,cpr1-kC-s9,11,5.8,5.14,S0322,100,false,"`cpr1`, 15 runs, 100 ep | Full available curve retained; registered_horizon and in_registered_plateau5_window identify the primary endpoint. Epoch observations are not independent seeds.",accuracy percent; epoch is the raw zero-based epoch index
cpr1,kC,Swap conv49 with shortcut52,9,cpr1-kC-s9,12,7.03,6.04,S0322,100,false,"`cpr1`, 15 runs, 100 ep | Full available curve retained; registered_horizon and in_registered_plateau5_window identify the primary endpoint. Epoch observations are not independent seeds.",accuracy percent; epoch is the raw zero-based epoch index
cpr1,kC,Swap conv49 with shortcut52,9,cpr1-kC-s9,13,9.09,7.53,S0322,100,false,"`cpr1`, 15 runs, 100 ep | Full available curve retained; registered_horizon and in_registered_plateau5_window identify the primary endpoint. Epoch observations are not independent seeds.",accuracy percent; epoch is the raw zero-based epoch index
cpr1,kC,Swap conv49 with shortcut52,9,cpr1-kC-s9,14,10.85,9.55,S0322,100,false,"`cpr1`, 15 runs, 100 ep | Full available curve retained; registered_horizon and in_registered_plateau5_window identify the primary endpoint. Epoch observations are not independent seeds.",accuracy percent; epoch is the raw zero-based epoch index
cpr1,kC,Swap conv49 with shortcut52,9,cpr1-kC-s9,15,12.65,11.42,S0322,100,false,"`cpr1`, 15 runs, 100 ep | Full available curve retained; registered_horizon and in_registered_plateau5_window identify the primary endpoint. Epoch observations are not independent seeds.",accuracy percent; epoch is the raw zero-based epoch index
cpr1,kC,Swap conv49 with shortcut52,9,cpr1-kC-s9,16,13.22,13.15,S0322,100,false,"`cpr1`, 15 runs, 100 ep | Full available curve retained; registered_horizon and in_registered_plateau5_window identify the primary endpoint. Epoch observations are not independent seeds.",accuracy percent; epoch is the raw zero-based epoch index
cpr1,kC,Swap conv49 with shortcut52,9,cpr1-kC-s9,17,14.68,14.47,S0322,100,false,"`cpr1`, 15 runs, 100 ep | Full available curve retained; registered_horizon and in_registered_plateau5_window identify the primary endpoint. Epoch observations are not independent seeds.",accuracy percent; epoch is the raw zero-based epoch index
cpr1,kC,Swap conv49 with shortcut52,9,cpr1-kC-s9,18,18.12,15.93,S0322,100,false,"`cpr1`, 15 runs, 100 ep | Full available curve retained; registered_horizon and in_registered_plateau5_window identify the primary endpoint. Epoch observations are not independent seeds.",accuracy percent; epoch is the raw zero-based epoch index
cpr1,kC,Swap conv49 with shortcut52,9,cpr1-kC-s9,19,20.08,18.63,S0322,100,false,"`cpr1`, 15 runs, 100 ep | Full available curve retained; registered_horizon and in_registered_plateau5_window identify the primary endpoint. Epoch observations are not independent seeds.",accuracy percent; epoch is the raw zero-based epoch index
cpr1,kC,Swap conv49 with shortcut52,9,cpr1-kC-s9,20,21.55,20.49,S0322,100,false,"`cpr1`, 15 runs, 100 ep | Full available curve retained; registered_horizon and in_registered_plateau5_window identify the primary endpoint. Epoch observations are not independent seeds.",accuracy percent; epoch is the raw zero-based epoch index
cpr1,kC,Swap conv49 with shortcut52,9,cpr1-kC-s9,21,23.3,22.88,S0322,100,false,"`cpr1`, 15 runs, 100 ep | Full available curve retained; registered_horizon and in_registered_plateau5_window identify the primary endpoint. Epoch observations are not independent seeds.",accuracy percent; epoch is the raw zero-based epoch index
cpr1,kC,Swap conv49 with shortcut52,9,cpr1-kC-s9,22,25.76,24.64,S0322,100,false,"`cpr1`, 15 runs, 100 ep | Full available curve retained; registered_horizon and in_registered_plateau5_window identify the primary endpoint. Epoch observations are not independent seeds.",accuracy percent; epoch is the raw zero-based epoch index
cpr1,kC,Swap conv49 with shortcut52,9,cpr1-kC-s9,23,26.45,26.24,S0322,100,false,"`cpr1`, 15 runs, 100 ep | Full available curve retained; registered_horizon and in_registered_plateau5_window identify the primary endpoint. Epoch observations are not independent seeds.",accuracy percent; epoch is the raw zero-based epoch index
cpr1,kC,Swap conv49 with shortcut52,9,cpr1-kC-s9,24,27.88,28.02,S0322,100,false,"`cpr1`, 15 runs, 100 ep | Full available curve retained; registered_horizon and in_registered_plateau5_window identify the primary endpoint. Epoch observations are not independent seeds.",accuracy percent; epoch is the raw zero-based epoch index
cpr1,kC,Swap conv49 with shortcut52,9,cpr1-kC-s9,25,29.96,29.63,S0322,100,false,"`cpr1`, 15 runs, 100 ep | Full available curve retained; registered_horizon and in_registered_plateau5_window identify the primary endpoint. Epoch observations are not independent seeds.",accuracy percent; epoch is the raw zero-based epoch index
cpr1,kC,Swap conv49 with shortcut52,9,cpr1-kC-s9,26,32.4,31.4,S0322,100,false,"`cpr1`, 15 runs, 100 ep | Full available curve retained; registered_horizon and in_registered_plateau5_window identify the primary endpoint. Epoch observations are not independent seeds.",accuracy percent; epoch is the raw zero-based epoch index
cpr1,kC,Swap conv49 with shortcut52,9,cpr1-kC-s9,27,32.62,33.23,S0322,100,false,"`cpr1`, 15 runs, 100 ep | Full available curve retained; registered_horizon and in_registered_plateau5_window identify the primary endpoint. Epoch observations are not independent seeds.",accuracy percent; epoch is the raw zero-based epoch index
cpr1,kC,Swap conv49 with shortcut52,9,cpr1-kC-s9,28,34.08,34.17,S0322,100,false,"`cpr1`, 15 runs, 100 ep | Full available curve retained; registered_horizon and in_registered_plateau5_window identify the primary endpoint. Epoch observations are not independent seeds.",accuracy percent; epoch is the raw zero-based epoch index
cpr1,kC,Swap conv49 with shortcut52,9,cpr1-kC-s9,29,34.91,36.27,S0322,100,false,"`cpr1`, 15 runs, 100 ep | Full available curve retained; registered_horizon and in_registered_plateau5_window identify the primary endpoint. Epoch observations are not independent seeds.",accuracy percent; epoch is the raw zero-based epoch index
cpr1,kC,Swap conv49 with shortcut52,9,cpr1-kC-s9,30,36.9,37.27,S0322,100,false,"`cpr1`, 15 runs, 100 ep | Full available curve retained; registered_horizon and in_registered_plateau5_window identify the primary endpoint. Epoch observations are not independent seeds.",accuracy percent; epoch is the raw zero-based epoch index
cpr1,kC,Swap conv49 with shortcut52,9,cpr1-kC-s9,31,37.85,38.99,S0322,100,false,"`cpr1`, 15 runs, 100 ep | Full available curve retained; registered_horizon and in_registered_plateau5_window identify the primary endpoint. Epoch observations are not independent seeds.",accuracy percent; epoch is the raw zero-based epoch index
cpr1,kC,Swap conv49 with shortcut52,9,cpr1-kC-s9,32,37.71,39.98,S0322,100,false,"`cpr1`, 15 runs, 100 ep | Full available curve retained; registered_horizon and in_registered_plateau5_window identify the primary endpoint. Epoch observations are not independent seeds.",accuracy percent; epoch is the raw zero-based epoch index
cpr1,kC,Swap conv49 with shortcut52,9,cpr1-kC-s9,33,39.88,41.18,S0322,100,false,"`cpr1`, 15 runs, 100 ep | Full available curve retained; registered_horizon and in_registered_plateau5_window identify the primary endpoint. Epoch observations are not independent seeds.",accuracy percent; epoch is the raw zero-based epoch index
cpr1,kC,Swap conv49 with shortcut52,9,cpr1-kC-s9,34,40.59,42.02,S0322,100,false,"`cpr1`, 15 runs, 100 ep | Full available curve retained; registered_horizon and in_registered_plateau5_window identify the primary endpoint. Epoch observations are not independent seeds.",accuracy percent; epoch is the raw zero-based epoch index
cpr1,kC,Swap conv49 with shortcut52,9,cpr1-kC-s9,35,41.04,42.99,S0322,100,false,"`cpr1`, 15 runs, 100 ep | Full available curve retained; registered_horizon and in_registered_plateau5_window identify the primary endpoint. Epoch observations are not independent seeds.",accuracy percent; epoch is the raw zero-based epoch index
cpr1,kC,Swap conv49 with shortcut52,9,cpr1-kC-s9,36,41.57,43.87,S0322,100,false,"`cpr1`, 15 runs, 100 ep | Full available curve retained; registered_horizon and in_registered_plateau5_window identify the primary endpoint. Epoch observations are not independent seeds.",accuracy percent; epoch is the raw zero-based epoch index
cpr1,kC,Swap conv49 with shortcut52,9,cpr1-kC-s9,37,42.37,44.14,S0322,100,false,"`cpr1`, 15 runs, 100 ep | Full available curve retained; registered_horizon and in_registered_plateau5_window identify the primary endpoint. Epoch observations are not independent seeds.",accuracy percent; epoch is the raw zero-based epoch index
cpr1,kC,Swap conv49 with shortcut52,9,cpr1-kC-s9,38,42.04,45,S0322,100,false,"`cpr1`, 15 runs, 100 ep | Full available curve retained; registered_horizon and in_registered_plateau5_window identify the primary endpoint. Epoch observations are not independent seeds.",accuracy percent; epoch is the raw zero-based epoch index
cpr1,kC,Swap conv49 with shortcut52,9,cpr1-kC-s9,39,43.2,45.68,S0322,100,false,"`cpr1`, 15 runs, 100 ep | Full available curve retained; registered_horizon and in_registered_plateau5_window identify the primary endpoint. Epoch observations are not independent seeds.",accuracy percent; epoch is the raw zero-based epoch index
cpr1,kC,Swap conv49 with shortcut52,9,cpr1-kC-s9,40,43.57,46.24,S0322,100,false,"`cpr1`, 15 runs, 100 ep | Full available curve retained; registered_horizon and in_registered_plateau5_window identify the primary endpoint. Epoch observations are not independent seeds.",accuracy percent; epoch is the raw zero-based epoch index
cpr1,kC,Swap conv49 with shortcut52,9,cpr1-kC-s9,41,43.81,46.55,S0322,100,false,"`cpr1`, 15 runs, 100 ep | Full available curve retained; registered_horizon and in_registered_plateau5_window identify the primary endpoint. Epoch observations are not independent seeds.",accuracy percent; epoch is the raw zero-based epoch index
cpr1,kC,Swap conv49 with shortcut52,9,cpr1-kC-s9,42,43.98,47.05,S0322,100,false,"`cpr1`, 15 runs, 100 ep | Full available curve retained; registered_horizon and in_registered_plateau5_window identify the primary endpoint. Epoch observations are not independent seeds.",accuracy percent; epoch is the raw zero-based epoch index
cpr1,kC,Swap conv49 with shortcut52,9,cpr1-kC-s9,43,43.94,47.34,S0322,100,false,"`cpr1`, 15 runs, 100 ep | Full available curve retained; registered_horizon and in_registered_plateau5_window identify the primary endpoint. Epoch observations are not independent seeds.",accuracy percent; epoch is the raw zero-based epoch index
cpr1,kC,Swap conv49 with shortcut52,9,cpr1-kC-s9,44,44.11,47.77,S0322,100,false,"`cpr1`, 15 runs, 100 ep | Full available curve retained; registered_horizon and in_registered_plateau5_window identify the primary endpoint. Epoch observations are not independent seeds.",accuracy percent; epoch is the raw zero-based epoch index
cpr1,kC,Swap conv49 with shortcut52,9,cpr1-kC-s9,45,44.41,47.82,S0322,100,false,"`cpr1`, 15 runs, 100 ep | Full available curve retained; registered_horizon and in_registered_plateau5_window identify the primary endpoint. Epoch observations are not independent seeds.",accuracy percent; epoch is the raw zero-based epoch index
cpr1,kC,Swap conv49 with shortcut52,9,cpr1-kC-s9,46,44.59,48.03,S0322,100,false,"`cpr1`, 15 runs, 100 ep | Full available curve retained; registered_horizon and in_registered_plateau5_window identify the primary endpoint. Epoch observations are not independent seeds.",accuracy percent; epoch is the raw zero-based epoch index
cpr1,kC,Swap conv49 with shortcut52,9,cpr1-kC-s9,47,44.51,48.28,S0322,100,false,"`cpr1`, 15 runs, 100 ep | Full available curve retained; registered_horizon and in_registered_plateau5_window identify the primary endpoint. Epoch observations are not independent seeds.",accuracy percent; epoch is the raw zero-based epoch index
cpr1,kC,Swap conv49 with shortcut52,9,cpr1-kC-s9,48,44.75,48.5,S0322,100,false,"`cpr1`, 15 runs, 100 ep | Full available curve retained; registered_horizon and in_registered_plateau5_window identify the primary endpoint. Epoch observations are not independent seeds.",accuracy percent; epoch is the raw zero-based epoch index
cpr1,kC,Swap conv49 with shortcut52,9,cpr1-kC-s9,49,44.86,48.78,S0322,100,false,"`cpr1`, 15 runs, 100 ep | Full available curve retained; registered_horizon and in_registered_plateau5_window identify the primary endpoint. Epoch observations are not independent seeds.",accuracy percent; epoch is the raw zero-based epoch index
cpr1,kC,Swap conv49 with shortcut52,9,cpr1-kC-s9,50,44.77,48.94,S0322,100,false,"`cpr1`, 15 runs, 100 ep | Full available curve retained; registered_horizon and in_registered_plateau5_window identify the primary endpoint. Epoch observations are not independent seeds.",accuracy percent; epoch is the raw zero-based epoch index
cpr1,kC,Swap conv49 with shortcut52,9,cpr1-kC-s9,51,45.46,49.01,S0322,100,false,"`cpr1`, 15 runs, 100 ep | Full available curve retained; registered_horizon and in_registered_plateau5_window identify the primary endpoint. Epoch observations are not independent seeds.",accuracy percent; epoch is the raw zero-based epoch index
cpr1,kC,Swap conv49 with shortcut52,9,cpr1-kC-s9,52,45.37,49.22,S0322,100,false,"`cpr1`, 15 runs, 100 ep | Full available curve retained; registered_horizon and in_registered_plateau5_window identify the primary endpoint. Epoch observations are not independent seeds.",accuracy percent; epoch is the raw zero-based epoch index
cpr1,kC,Swap conv49 with shortcut52,9,cpr1-kC-s9,53,45.33,49.35,S0322,100,false,"`cpr1`, 15 runs, 100 ep | Full available curve retained; registered_horizon and in_registered_plateau5_window identify the primary endpoint. Epoch observations are not independent seeds.",accuracy percent; epoch is the raw zero-based epoch index
cpr1,kC,Swap conv49 with shortcut52,9,cpr1-kC-s9,54,45.03,49.53,S0322,100,false,"`cpr1`, 15 runs, 100 ep | Full available curve retained; registered_horizon and in_registered_plateau5_window identify the primary endpoint. Epoch observations are not independent seeds.",accuracy percent; epoch is the raw zero-based epoch index
cpr1,kC,Swap conv49 with shortcut52,9,cpr1-kC-s9,55,45.18,49.44,S0322,100,false,"`cpr1`, 15 runs, 100 ep | Full available curve retained; registered_horizon and in_registered_plateau5_window identify the primary endpoint. Epoch observations are not independent seeds.",accuracy percent; epoch is the raw zero-based epoch index
cpr1,kC,Swap conv49 with shortcut52,9,cpr1-kC-s9,56,45.33,49.58,S0322,100,false,"`cpr1`, 15 runs, 100 ep | Full available curve retained; registered_horizon and in_registered_plateau5_window identify the primary endpoint. Epoch observations are not independent seeds.",accuracy percent; epoch is the raw zero-based epoch index
cpr1,kC,Swap conv49 with shortcut52,9,cpr1-kC-s9,57,45.15,49.5,S0322,100,false,"`cpr1`, 15 runs, 100 ep | Full available curve retained; registered_horizon and in_registered_plateau5_window identify the primary endpoint. Epoch observations are not independent seeds.",accuracy percent; epoch is the raw zero-based epoch index
cpr1,kC,Swap conv49 with shortcut52,9,cpr1-kC-s9,58,45.28,49.49,S0322,100,false,"`cpr1`, 15 runs, 100 ep | Full available curve retained; registered_horizon and in_registered_plateau5_window identify the primary endpoint. Epoch observations are not independent seeds.",accuracy percent; epoch is the raw zero-based epoch index
cpr1,kC,Swap conv49 with shortcut52,9,cpr1-kC-s9,59,45.47,49.41,S0322,100,false,"`cpr1`, 15 runs, 100 ep | Full available curve retained; registered_horizon and in_registered_plateau5_window identify the primary endpoint. Epoch observations are not independent seeds.",accuracy percent; epoch is the raw zero-based epoch index
cpr1,kC,Swap conv49 with shortcut52,9,cpr1-kC-s9,60,45.47,49.65,S0322,100,false,"`cpr1`, 15 runs, 100 ep | Full available curve retained; registered_horizon and in_registered_plateau5_window identify the primary endpoint. Epoch observations are not independent seeds.",accuracy percent; epoch is the raw zero-based epoch index
cpr1,kC,Swap conv49 with shortcut52,9,cpr1-kC-s9,61,45.49,49.7,S0322,100,false,"`cpr1`, 15 runs, 100 ep | Full available curve retained; registered_horizon and in_registered_plateau5_window identify the primary endpoint. Epoch observations are not independent seeds.",accuracy percent; epoch is the raw zero-based epoch index
cpr1,kC,Swap conv49 with shortcut52,9,cpr1-kC-s9,62,45.59,49.57,S0322,100,false,"`cpr1`, 15 runs, 100 ep | Full available curve retained; registered_horizon and in_registered_plateau5_window identify the primary endpoint. Epoch observations are not independent seeds.",accuracy percent; epoch is the raw zero-based epoch index
cpr1,kC,Swap conv49 with shortcut52,9,cpr1-kC-s9,63,45.28,49.65,S0322,100,false,"`cpr1`, 15 runs, 100 ep | Full available curve retained; registered_horizon and in_registered_plateau5_window identify the primary endpoint. Epoch observations are not independent seeds.",accuracy percent; epoch is the raw zero-based epoch index
cpr1,kC,Swap conv49 with shortcut52,9,cpr1-kC-s9,64,45.44,49.69,S0322,100,false,"`cpr1`, 15 runs, 100 ep | Full available curve retained; registered_horizon and in_registered_plateau5_window identify the primary endpoint. Epoch observations are not independent seeds.",accuracy percent; epoch is the raw zero-based epoch index
cpr1,kC,Swap conv49 with shortcut52,9,cpr1-kC-s9,65,45.42,49.62,S0322,100,false,"`cpr1`, 15 runs, 100 ep | Full available curve retained; registered_horizon and in_registered_plateau5_window identify the primary endpoint. Epoch observations are not independent seeds.",accuracy percent; epoch is the raw zero-based epoch index
cpr1,kC,Swap conv49 with shortcut52,9,cpr1-kC-s9,66,45.39,49.87,S0322,100,false,"`cpr1`, 15 runs, 100 ep | Full available curve retained; registered_horizon and in_registered_plateau5_window identify the primary endpoint. Epoch observations are not independent seeds.",accuracy percent; epoch is the raw zero-based epoch index
cpr1,kC,Swap conv49 with shortcut52,9,cpr1-kC-s9,67,45.56,49.87,S0322,100,false,"`cpr1`, 15 runs, 100 ep | Full available curve retained; registered_horizon and in_registered_plateau5_window identify the primary endpoint. Epoch observations are not independent seeds.",accuracy percent; epoch is the raw zero-based epoch index
cpr1,kC,Swap conv49 with shortcut52,9,cpr1-kC-s9,68,45.31,49.61,S0322,100,false,"`cpr1`, 15 runs, 100 ep | Full available curve retained; registered_horizon and in_registered_plateau5_window identify the primary endpoint. Epoch observations are not independent seeds.",accuracy percent; epoch is the raw zero-based epoch index
cpr1,kC,Swap conv49 with shortcut52,9,cpr1-kC-s9,69,45.36,49.86,S0322,100,false,"`cpr1`, 15 runs, 100 ep | Full available curve retained; registered_horizon and in_registered_plateau5_window identify the primary endpoint. Epoch observations are not independent seeds.",accuracy percent; epoch is the raw zero-based epoch index
cpr1,kC,Swap conv49 with shortcut52,9,cpr1-kC-s9,70,45.49,49.77,S0322,100,false,"`cpr1`, 15 runs, 100 ep | Full available curve retained; registered_horizon and in_registered_plateau5_window identify the primary endpoint. Epoch observations are not independent seeds.",accuracy percent; epoch is the raw zero-based epoch index
cpr1,kC,Swap conv49 with shortcut52,9,cpr1-kC-s9,71,45.41,49.76,S0322,100,false,"`cpr1`, 15 runs, 100 ep | Full available curve retained; registered_horizon and in_registered_plateau5_window identify the primary endpoint. Epoch observations are not independent seeds.",accuracy percent; epoch is the raw zero-based epoch index
cpr1,kC,Swap conv49 with shortcut52,9,cpr1-kC-s9,72,45.3,49.92,S0322,100,false,"`cpr1`, 15 runs, 100 ep | Full available curve retained; registered_horizon and in_registered_plateau5_window identify the primary endpoint. Epoch observations are not independent seeds.",accuracy percent; epoch is the raw zero-based epoch index
cpr1,kC,Swap conv49 with shortcut52,9,cpr1-kC-s9,73,45.45,49.75,S0322,100,false,"`cpr1`, 15 runs, 100 ep | Full available curve retained; registered_horizon and in_registered_plateau5_window identify the primary endpoint. Epoch observations are not independent seeds.",accuracy percent; epoch is the raw zero-based epoch index
cpr1,kC,Swap conv49 with shortcut52,9,cpr1-kC-s9,74,45.46,49.7,S0322,100,false,"`cpr1`, 15 runs, 100 ep | Full available curve retained; registered_horizon and in_registered_plateau5_window identify the primary endpoint. Epoch observations are not independent seeds.",accuracy percent; epoch is the raw zero-based epoch index
cpr1,kC,Swap conv49 with shortcut52,9,cpr1-kC-s9,75,45.25,49.7,S0322,100,false,"`cpr1`, 15 runs, 100 ep | Full available curve retained; registered_horizon and in_registered_plateau5_window identify the primary endpoint. Epoch observations are not independent seeds.",accuracy percent; epoch is the raw zero-based epoch index
cpr1,kC,Swap conv49 with shortcut52,9,cpr1-kC-s9,76,45.35,49.61,S0322,100,false,"`cpr1`, 15 runs, 100 ep | Full available curve retained; registered_horizon and in_registered_plateau5_window identify the primary endpoint. Epoch observations are not independent seeds.",accuracy percent; epoch is the raw zero-based epoch index
cpr1,kC,Swap conv49 with shortcut52,9,cpr1-kC-s9,77,45.62,49.94,S0322,100,false,"`cpr1`, 15 runs, 100 ep | Full available curve retained; registered_horizon and in_registered_plateau5_window identify the primary endpoint. Epoch observations are not independent seeds.",accuracy percent; epoch is the raw zero-based epoch index
cpr1,kC,Swap conv49 with shortcut52,9,cpr1-kC-s9,78,45.43,49.77,S0322,100,false,"`cpr1`, 15 runs, 100 ep | Full available curve retained; registered_horizon and in_registered_plateau5_window identify the primary endpoint. Epoch observations are not independent seeds.",accuracy percent; epoch is the raw zero-based epoch index
cpr1,kC,Swap conv49 with shortcut52,9,cpr1-kC-s9,79,45.57,49.84,S0322,100,false,"`cpr1`, 15 runs, 100 ep | Full available curve retained; registered_horizon and in_registered_plateau5_window identify the primary endpoint. Epoch observations are not independent seeds.",accuracy percent; epoch is the raw zero-based epoch index
cpr1,kC,Swap conv49 with shortcut52,9,cpr1-kC-s9,80,45.4,49.82,S0322,100,false,"`cpr1`, 15 runs, 100 ep | Full available curve retained; registered_horizon and in_registered_plateau5_window identify the primary endpoint. Epoch observations are not independent seeds.",accuracy percent; epoch is the raw zero-based epoch index
cpr1,kC,Swap conv49 with shortcut52,9,cpr1-kC-s9,81,45.51,49.76,S0322,100,false,"`cpr1`, 15 runs, 100 ep | Full available curve retained; registered_horizon and in_registered_plateau5_window identify the primary endpoint. Epoch observations are not independent seeds.",accuracy percent; epoch is the raw zero-based epoch index
cpr1,kC,Swap conv49 with shortcut52,9,cpr1-kC-s9,82,45.45,49.64,S0322,100,false,"`cpr1`, 15 runs, 100 ep | Full available curve retained; registered_horizon and in_registered_plateau5_window identify the primary endpoint. Epoch observations are not independent seeds.",accuracy percent; epoch is the raw zero-based epoch index
cpr1,kC,Swap conv49 with shortcut52,9,cpr1-kC-s9,83,45.52,49.73,S0322,100,false,"`cpr1`, 15 runs, 100 ep | Full available curve retained; registered_horizon and in_registered_plateau5_window identify the primary endpoint. Epoch observations are not independent seeds.",accuracy percent; epoch is the raw zero-based epoch index
cpr1,kC,Swap conv49 with shortcut52,9,cpr1-kC-s9,84,45.49,49.82,S0322,100,false,"`cpr1`, 15 runs, 100 ep | Full available curve retained; registered_horizon and in_registered_plateau5_window identify the primary endpoint. Epoch observations are not independent seeds.",accuracy percent; epoch is the raw zero-based epoch index
cpr1,kC,Swap conv49 with shortcut52,9,cpr1-kC-s9,85,45.35,49.69,S0322,100,false,"`cpr1`, 15 runs, 100 ep | Full available curve retained; registered_horizon and in_registered_plateau5_window identify the primary endpoint. Epoch observations are not independent seeds.",accuracy percent; epoch is the raw zero-based epoch index
cpr1,kC,Swap conv49 with shortcut52,9,cpr1-kC-s9,86,45.39,49.89,S0322,100,false,"`cpr1`, 15 runs, 100 ep | Full available curve retained; registered_horizon and in_registered_plateau5_window identify the primary endpoint. Epoch observations are not independent seeds.",accuracy percent; epoch is the raw zero-based epoch index
cpr1,kC,Swap conv49 with shortcut52,9,cpr1-kC-s9,87,45.46,49.71,S0322,100,false,"`cpr1`, 15 runs, 100 ep | Full available curve retained; registered_horizon and in_registered_plateau5_window identify the primary endpoint. Epoch observations are not independent seeds.",accuracy percent; epoch is the raw zero-based epoch index
cpr1,kC,Swap conv49 with shortcut52,9,cpr1-kC-s9,88,45.36,49.94,S0322,100,false,"`cpr1`, 15 runs, 100 ep | Full available curve retained; registered_horizon and in_registered_plateau5_window identify the primary endpoint. Epoch observations are not independent seeds.",accuracy percent; epoch is the raw zero-based epoch index
cpr1,kC,Swap conv49 with shortcut52,9,cpr1-kC-s9,89,45.4,49.68,S0322,100,false,"`cpr1`, 15 runs, 100 ep | Full available curve retained; registered_horizon and in_registered_plateau5_window identify the primary endpoint. Epoch observations are not independent seeds.",accuracy percent; epoch is the raw zero-based epoch index
cpr1,kC,Swap conv49 with shortcut52,9,cpr1-kC-s9,90,45.3,49.75,S0322,100,false,"`cpr1`, 15 runs, 100 ep | Full available curve retained; registered_horizon and in_registered_plateau5_window identify the primary endpoint. Epoch observations are not independent seeds.",accuracy percent; epoch is the raw zero-based epoch index
cpr1,kC,Swap conv49 with shortcut52,9,cpr1-kC-s9,91,45.51,49.72,S0322,100,false,"`cpr1`, 15 runs, 100 ep | Full available curve retained; registered_horizon and in_registered_plateau5_window identify the primary endpoint. Epoch observations are not independent seeds.",accuracy percent; epoch is the raw zero-based epoch index
cpr1,kC,Swap conv49 with shortcut52,9,cpr1-kC-s9,92,45.54,49.74,S0322,100,false,"`cpr1`, 15 runs, 100 ep | Full available curve retained; registered_horizon and in_registered_plateau5_window identify the primary endpoint. Epoch observations are not independent seeds.",accuracy percent; epoch is the raw zero-based epoch index
cpr1,kC,Swap conv49 with shortcut52,9,cpr1-kC-s9,93,45.36,49.85,S0322,100,false,"`cpr1`, 15 runs, 100 ep | Full available curve retained; registered_horizon and in_registered_plateau5_window identify the primary endpoint. Epoch observations are not independent seeds.",accuracy percent; epoch is the raw zero-based epoch index
cpr1,kC,Swap conv49 with shortcut52,9,cpr1-kC-s9,94,45.35,49.83,S0322,100,false,"`cpr1`, 15 runs, 100 ep | Full available curve retained; registered_horizon and in_registered_plateau5_window identify the primary endpoint. Epoch observations are not independent seeds.",accuracy percent; epoch is the raw zero-based epoch index
cpr1,kC,Swap conv49 with shortcut52,9,cpr1-kC-s9,95,45.54,49.79,S0322,100,true,"`cpr1`, 15 runs, 100 ep | Full available curve retained; registered_horizon and in_registered_plateau5_window identify the primary endpoint. Epoch observations are not independent seeds.",accuracy percent; epoch is the raw zero-based epoch index
cpr1,kC,Swap conv49 with shortcut52,9,cpr1-kC-s9,96,45.5,49.93,S0322,100,true,"`cpr1`, 15 runs, 100 ep | Full available curve retained; registered_horizon and in_registered_plateau5_window identify the primary endpoint. Epoch observations are not independent seeds.",accuracy percent; epoch is the raw zero-based epoch index
cpr1,kC,Swap conv49 with shortcut52,9,cpr1-kC-s9,97,45.34,49.93,S0322,100,true,"`cpr1`, 15 runs, 100 ep | Full available curve retained; registered_horizon and in_registered_plateau5_window identify the primary endpoint. Epoch observations are not independent seeds.",accuracy percent; epoch is the raw zero-based epoch index
cpr1,kC,Swap conv49 with shortcut52,9,cpr1-kC-s9,98,45.58,49.94,S0322,100,true,"`cpr1`, 15 runs, 100 ep | Full available curve retained; registered_horizon and in_registered_plateau5_window identify the primary endpoint. Epoch observations are not independent seeds.",accuracy percent; epoch is the raw zero-based epoch index
cpr1,kC,Swap conv49 with shortcut52,9,cpr1-kC-s9,99,45.48,49.9,S0322,100,true,"`cpr1`, 15 runs, 100 ep | Full available curve retained; registered_horizon and in_registered_plateau5_window identify the primary endpoint. Epoch observations are not independent seeds.",accuracy percent; epoch is the raw zero-based epoch index
cpr1,kC,Swap conv49 with shortcut52,10,cpr1-kC-s10,0,1.02,1.01,S0320,100,false,"`cpr1`, 15 runs, 100 ep | Full available curve retained; registered_horizon and in_registered_plateau5_window identify the primary endpoint. Epoch observations are not independent seeds.",accuracy percent; epoch is the raw zero-based epoch index
cpr1,kC,Swap conv49 with shortcut52,10,cpr1-kC-s10,1,1.01,1,S0320,100,false,"`cpr1`, 15 runs, 100 ep | Full available curve retained; registered_horizon and in_registered_plateau5_window identify the primary endpoint. Epoch observations are not independent seeds.",accuracy percent; epoch is the raw zero-based epoch index
cpr1,kC,Swap conv49 with shortcut52,10,cpr1-kC-s10,2,1.02,1.02,S0320,100,false,"`cpr1`, 15 runs, 100 ep | Full available curve retained; registered_horizon and in_registered_plateau5_window identify the primary endpoint. Epoch observations are not independent seeds.",accuracy percent; epoch is the raw zero-based epoch index
cpr1,kC,Swap conv49 with shortcut52,10,cpr1-kC-s10,3,1.05,1,S0320,100,false,"`cpr1`, 15 runs, 100 ep | Full available curve retained; registered_horizon and in_registered_plateau5_window identify the primary endpoint. Epoch observations are not independent seeds.",accuracy percent; epoch is the raw zero-based epoch index
cpr1,kC,Swap conv49 with shortcut52,10,cpr1-kC-s10,4,1.05,1.01,S0320,100,false,"`cpr1`, 15 runs, 100 ep | Full available curve retained; registered_horizon and in_registered_plateau5_window identify the primary endpoint. Epoch observations are not independent seeds.",accuracy percent; epoch is the raw zero-based epoch index
cpr1,kC,Swap conv49 with shortcut52,10,cpr1-kC-s10,5,1.11,1.03,S0320,100,false,"`cpr1`, 15 runs, 100 ep | Full available curve retained; registered_horizon and in_registered_plateau5_window identify the primary endpoint. Epoch observations are not independent seeds.",accuracy percent; epoch is the raw zero-based epoch index
cpr1,kC,Swap conv49 with shortcut52,10,cpr1-kC-s10,6,1.16,1.03,S0320,100,false,"`cpr1`, 15 runs, 100 ep | Full available curve retained; registered_horizon and in_registered_plateau5_window identify the primary endpoint. Epoch observations are not independent seeds.",accuracy percent; epoch is the raw zero-based epoch index
cpr1,kC,Swap conv49 with shortcut52,10,cpr1-kC-s10,7,1.65,1.2,S0320,100,false,"`cpr1`, 15 runs, 100 ep | Full available curve retained; registered_horizon and in_registered_plateau5_window identify the primary endpoint. Epoch observations are not independent seeds.",accuracy percent; epoch is the raw zero-based epoch index
cpr1,kC,Swap conv49 with shortcut52,10,cpr1-kC-s10,8,2.16,1.59,S0320,100,false,"`cpr1`, 15 runs, 100 ep | Full available curve retained; registered_horizon and in_registered_plateau5_window identify the primary endpoint. Epoch observations are not independent seeds.",accuracy percent; epoch is the raw zero-based epoch index
cpr1,kC,Swap conv49 with shortcut52,10,cpr1-kC-s10,9,3.13,2.37,S0320,100,false,"`cpr1`, 15 runs, 100 ep | Full available curve retained; registered_horizon and in_registered_plateau5_window identify the primary endpoint. Epoch observations are not independent seeds.",accuracy percent; epoch is the raw zero-based epoch index
cpr1,kC,Swap conv49 with shortcut52,10,cpr1-kC-s10,10,4.16,3.26,S0320,100,false,"`cpr1`, 15 runs, 100 ep | Full available curve retained; registered_horizon and in_registered_plateau5_window identify the primary endpoint. Epoch observations are not independent seeds.",accuracy percent; epoch is the raw zero-based epoch index
cpr1,kC,Swap conv49 with shortcut52,10,cpr1-kC-s10,11,5.44,4.42,S0320,100,false,"`cpr1`, 15 runs, 100 ep | Full available curve retained; registered_horizon and in_registered_plateau5_window identify the primary endpoint. Epoch observations are not independent seeds.",accuracy percent; epoch is the raw zero-based epoch index
cpr1,kC,Swap conv49 with shortcut52,10,cpr1-kC-s10,12,7.54,6.17,S0320,100,false,"`cpr1`, 15 runs, 100 ep | Full available curve retained; registered_horizon and in_registered_plateau5_window identify the primary endpoint. Epoch observations are not independent seeds.",accuracy percent; epoch is the raw zero-based epoch index
cpr1,kC,Swap conv49 with shortcut52,10,cpr1-kC-s10,13,9.27,8.06,S0320,100,false,"`cpr1`, 15 runs, 100 ep | Full available curve retained; registered_horizon and in_registered_plateau5_window identify the primary endpoint. Epoch observations are not independent seeds.",accuracy percent; epoch is the raw zero-based epoch index
cpr1,kC,Swap conv49 with shortcut52,10,cpr1-kC-s10,14,10.82,10,S0320,100,false,"`cpr1`, 15 runs, 100 ep | Full available curve retained; registered_horizon and in_registered_plateau5_window identify the primary endpoint. Epoch observations are not independent seeds.",accuracy percent; epoch is the raw zero-based epoch index
cpr1,kC,Swap conv49 with shortcut52,10,cpr1-kC-s10,15,12.61,11.64,S0320,100,false,"`cpr1`, 15 runs, 100 ep | Full available curve retained; registered_horizon and in_registered_plateau5_window identify the primary endpoint. Epoch observations are not independent seeds.",accuracy percent; epoch is the raw zero-based epoch index
cpr1,kC,Swap conv49 with shortcut52,10,cpr1-kC-s10,16,14.41,13.36,S0320,100,false,"`cpr1`, 15 runs, 100 ep | Full available curve retained; registered_horizon and in_registered_plateau5_window identify the primary endpoint. Epoch observations are not independent seeds.",accuracy percent; epoch is the raw zero-based epoch index
cpr1,kC,Swap conv49 with shortcut52,10,cpr1-kC-s10,17,14.84,14.54,S0320,100,false,"`cpr1`, 15 runs, 100 ep | Full available curve retained; registered_horizon and in_registered_plateau5_window identify the primary endpoint. Epoch observations are not independent seeds.",accuracy percent; epoch is the raw zero-based epoch index
cpr1,kC,Swap conv49 with shortcut52,10,cpr1-kC-s10,18,17.16,16.23,S0320,100,false,"`cpr1`, 15 runs, 100 ep | Full available curve retained; registered_horizon and in_registered_plateau5_window identify the primary endpoint. Epoch observations are not independent seeds.",accuracy percent; epoch is the raw zero-based epoch index
cpr1,kC,Swap conv49 with shortcut52,10,cpr1-kC-s10,19,19.02,18.35,S0320,100,false,"`cpr1`, 15 runs, 100 ep | Full available curve retained; registered_horizon and in_registered_plateau5_window identify the primary endpoint. Epoch observations are not independent seeds.",accuracy percent; epoch is the raw zero-based epoch index
cpr1,kC,Swap conv49 with shortcut52,10,cpr1-kC-s10,20,21.06,20.75,S0320,100,false,"`cpr1`, 15 runs, 100 ep | Full available curve retained; registered_horizon and in_registered_plateau5_window identify the primary endpoint. Epoch observations are not independent seeds.",accuracy percent; epoch is the raw zero-based epoch index
cpr1,kC,Swap conv49 with shortcut52,10,cpr1-kC-s10,21,23.65,22.42,S0320,100,false,"`cpr1`, 15 runs, 100 ep | Full available curve retained; registered_horizon and in_registered_plateau5_window identify the primary endpoint. Epoch observations are not independent seeds.",accuracy percent; epoch is the raw zero-based epoch index
cpr1,kC,Swap conv49 with shortcut52,10,cpr1-kC-s10,22,25.96,24.44,S0320,100,false,"`cpr1`, 15 runs, 100 ep | Full available curve retained; registered_horizon and in_registered_plateau5_window identify the primary endpoint. Epoch observations are not independent seeds.",accuracy percent; epoch is the raw zero-based epoch index
cpr1,kC,Swap conv49 with shortcut52,10,cpr1-kC-s10,23,27.76,26.18,S0320,100,false,"`cpr1`, 15 runs, 100 ep | Full available curve retained; registered_horizon and in_registered_plateau5_window identify the primary endpoint. Epoch observations are not independent seeds.",accuracy percent; epoch is the raw zero-based epoch index
cpr1,kC,Swap conv49 with shortcut52,10,cpr1-kC-s10,24,28.38,27.52,S0320,100,false,"`cpr1`, 15 runs, 100 ep | Full available curve retained; registered_horizon and in_registered_plateau5_window identify the primary endpoint. Epoch observations are not independent seeds.",accuracy percent; epoch is the raw zero-based epoch index
cpr1,kC,Swap conv49 with shortcut52,10,cpr1-kC-s10,25,28.81,29.05,S0320,100,false,"`cpr1`, 15 runs, 100 ep | Full available curve retained; registered_horizon and in_registered_plateau5_window identify the primary endpoint. Epoch observations are not independent seeds.",accuracy percent; epoch is the raw zero-based epoch index
cpr1,kC,Swap conv49 with shortcut52,10,cpr1-kC-s10,26,30.88,30.62,S0320,100,false,"`cpr1`, 15 runs, 100 ep | Full available curve retained; registered_horizon and in_registered_plateau5_window identify the primary endpoint. Epoch observations are not independent seeds.",accuracy percent; epoch is the raw zero-based epoch index
cpr1,kC,Swap conv49 with shortcut52,10,cpr1-kC-s10,27,31.54,31.64,S0320,100,false,"`cpr1`, 15 runs, 100 ep | Full available curve retained; registered_horizon and in_registered_plateau5_window identify the primary endpoint. Epoch observations are not independent seeds.",accuracy percent; epoch is the raw zero-based epoch index
cpr1,kC,Swap conv49 with shortcut52,10,cpr1-kC-s10,28,32.85,33.77,S0320,100,false,"`cpr1`, 15 runs, 100 ep | Full available curve retained; registered_horizon and in_registered_plateau5_window identify the primary endpoint. Epoch observations are not independent seeds.",accuracy percent; epoch is the raw zero-based epoch index
cpr1,kC,Swap conv49 with shortcut52,10,cpr1-kC-s10,29,35.38,35.26,S0320,100,false,"`cpr1`, 15 runs, 100 ep | Full available curve retained; registered_horizon and in_registered_plateau5_window identify the primary endpoint. Epoch observations are not independent seeds.",accuracy percent; epoch is the raw zero-based epoch index
cpr1,kC,Swap conv49 with shortcut52,10,cpr1-kC-s10,30,35.67,36.4,S0320,100,false,"`cpr1`, 15 runs, 100 ep | Full available curve retained; registered_horizon and in_registered_plateau5_window identify the primary endpoint. Epoch observations are not independent seeds.",accuracy percent; epoch is the raw zero-based epoch index
cpr1,kC,Swap conv49 with shortcut52,10,cpr1-kC-s10,31,37.6,38.12,S0320,100,false,"`cpr1`, 15 runs, 100 ep | Full available curve retained; registered_horizon and in_registered_plateau5_window identify the primary endpoint. Epoch observations are not independent seeds.",accuracy percent; epoch is the raw zero-based epoch index
cpr1,kC,Swap conv49 with shortcut52,10,cpr1-kC-s10,32,38.63,39.55,S0320,100,false,"`cpr1`, 15 runs, 100 ep | Full available curve retained; registered_horizon and in_registered_plateau5_window identify the primary endpoint. Epoch observations are not independent seeds.",accuracy percent; epoch is the raw zero-based epoch index
cpr1,kC,Swap conv49 with shortcut52,10,cpr1-kC-s10,33,39.62,40.38,S0320,100,false,"`cpr1`, 15 runs, 100 ep | Full available curve retained; registered_horizon and in_registered_plateau5_window identify the primary endpoint. Epoch observations are not independent seeds.",accuracy percent; epoch is the raw zero-based epoch index
cpr1,kC,Swap conv49 with shortcut52,10,cpr1-kC-s10,34,40.18,41.88,S0320,100,false,"`cpr1`, 15 runs, 100 ep | Full available curve retained; registered_horizon and in_registered_plateau5_window identify the primary endpoint. Epoch observations are not independent seeds.",accuracy percent; epoch is the raw zero-based epoch index
cpr1,kC,Swap conv49 with shortcut52,10,cpr1-kC-s10,35,41.54,42.9,S0320,100,false,"`cpr1`, 15 runs, 100 ep | Full available curve retained; registered_horizon and in_registered_plateau5_window identify the primary endpoint. Epoch observations are not independent seeds.",accuracy percent; epoch is the raw zero-based epoch index
cpr1,kC,Swap conv49 with shortcut52,10,cpr1-kC-s10,36,42.06,43.88,S0320,100,false,"`cpr1`, 15 runs, 100 ep | Full available curve retained; registered_horizon and in_registered_plateau5_window identify the primary endpoint. Epoch observations are not independent seeds.",accuracy percent; epoch is the raw zero-based epoch index
cpr1,kC,Swap conv49 with shortcut52,10,cpr1-kC-s10,37,42.5,44.93,S0320,100,false,"`cpr1`, 15 runs, 100 ep | Full available curve retained; registered_horizon and in_registered_plateau5_window identify the primary endpoint. Epoch observations are not independent seeds.",accuracy percent; epoch is the raw zero-based epoch index
cpr1,kC,Swap conv49 with shortcut52,10,cpr1-kC-s10,38,43.33,45.49,S0320,100,false,"`cpr1`, 15 runs, 100 ep | Full available curve retained; registered_horizon and in_registered_plateau5_window identify the primary endpoint. Epoch observations are not independent seeds.",accuracy percent; epoch is the raw zero-based epoch index
cpr1,kC,Swap conv49 with shortcut52,10,cpr1-kC-s10,39,43.6,46.25,S0320,100,false,"`cpr1`, 15 runs, 100 ep | Full available curve retained; registered_horizon and in_registered_plateau5_window identify the primary endpoint. Epoch observations are not independent seeds.",accuracy percent; epoch is the raw zero-based epoch index
cpr1,kC,Swap conv49 with shortcut52,10,cpr1-kC-s10,40,43.91,46.86,S0320,100,false,"`cpr1`, 15 runs, 100 ep | Full available curve retained; registered_horizon and in_registered_plateau5_window identify the primary endpoint. Epoch observations are not independent seeds.",accuracy percent; epoch is the raw zero-based epoch index
cpr1,kC,Swap conv49 with shortcut52,10,cpr1-kC-s10,41,44.55,47.69,S0320,100,false,"`cpr1`, 15 runs, 100 ep | Full available curve retained; registered_horizon and in_registered_plateau5_window identify the primary endpoint. Epoch observations are not independent seeds.",accuracy percent; epoch is the raw zero-based epoch index
cpr1,kC,Swap conv49 with shortcut52,10,cpr1-kC-s10,42,44.63,48.02,S0320,100,false,"`cpr1`, 15 runs, 100 ep | Full available curve retained; registered_horizon and in_registered_plateau5_window identify the primary endpoint. Epoch observations are not independent seeds.",accuracy percent; epoch is the raw zero-based epoch index
cpr1,kC,Swap conv49 with shortcut52,10,cpr1-kC-s10,43,44.72,48.31,S0320,100,false,"`cpr1`, 15 runs, 100 ep | Full available curve retained; registered_horizon and in_registered_plateau5_window identify the primary endpoint. Epoch observations are not independent seeds.",accuracy percent; epoch is the raw zero-based epoch index
cpr1,kC,Swap conv49 with shortcut52,10,cpr1-kC-s10,44,44.96,48.65,S0320,100,false,"`cpr1`, 15 runs, 100 ep | Full available curve retained; registered_horizon and in_registered_plateau5_window identify the primary endpoint. Epoch observations are not independent seeds.",accuracy percent; epoch is the raw zero-based epoch index
cpr1,kC,Swap conv49 with shortcut52,10,cpr1-kC-s10,45,44.9,48.92,S0320,100,false,"`cpr1`, 15 runs, 100 ep | Full available curve retained; registered_horizon and in_registered_plateau5_window identify the primary endpoint. Epoch observations are not independent seeds.",accuracy percent; epoch is the raw zero-based epoch index
cpr1,kC,Swap conv49 with shortcut52,10,cpr1-kC-s10,46,45.29,49.37,S0320,100,false,"`cpr1`, 15 runs, 100 ep | Full available curve retained; registered_horizon and in_registered_plateau5_window identify the primary endpoint. Epoch observations are not independent seeds.",accuracy percent; epoch is the raw zero-based epoch index
cpr1,kC,Swap conv49 with shortcut52,10,cpr1-kC-s10,47,45.37,49.59,S0320,100,false,"`cpr1`, 15 runs, 100 ep | Full available curve retained; registered_horizon and in_registered_plateau5_window identify the primary endpoint. Epoch observations are not independent seeds.",accuracy percent; epoch is the raw zero-based epoch index
cpr1,kC,Swap conv49 with shortcut52,10,cpr1-kC-s10,48,45.46,49.71,S0320,100,false,"`cpr1`, 15 runs, 100 ep | Full available curve retained; registered_horizon and in_registered_plateau5_window identify the primary endpoint. Epoch observations are not independent seeds.",accuracy percent; epoch is the raw zero-based epoch index
cpr1,kC,Swap conv49 with shortcut52,10,cpr1-kC-s10,49,45.4,49.75,S0320,100,false,"`cpr1`, 15 runs, 100 ep | Full available curve retained; registered_horizon and in_registered_plateau5_window identify the primary endpoint. Epoch observations are not independent seeds.",accuracy percent; epoch is the raw zero-based epoch index
cpr1,kC,Swap conv49 with shortcut52,10,cpr1-kC-s10,50,45.59,49.93,S0320,100,false,"`cpr1`, 15 runs, 100 ep | Full available curve retained; registered_horizon and in_registered_plateau5_window identify the primary endpoint. Epoch observations are not independent seeds.",accuracy percent; epoch is the raw zero-based epoch index
cpr1,kC,Swap conv49 with shortcut52,10,cpr1-kC-s10,51,45.84,50.1,S0320,100,false,"`cpr1`, 15 runs, 100 ep | Full available curve retained; registered_horizon and in_registered_plateau5_window identify the primary endpoint. Epoch observations are not independent seeds.",accuracy percent; epoch is the raw zero-based epoch index
cpr1,kC,Swap conv49 with shortcut52,10,cpr1-kC-s10,52,45.77,49.95,S0320,100,false,"`cpr1`, 15 runs, 100 ep | Full available curve retained; registered_horizon and in_registered_plateau5_window identify the primary endpoint. Epoch observations are not independent seeds.",accuracy percent; epoch is the raw zero-based epoch index
cpr1,kC,Swap conv49 with shortcut52,10,cpr1-kC-s10,53,45.89,50.36,S0320,100,false,"`cpr1`, 15 runs, 100 ep | Full available curve retained; registered_horizon and in_registered_plateau5_window identify the primary endpoint. Epoch observations are not independent seeds.",accuracy percent; epoch is the raw zero-based epoch index
cpr1,kC,Swap conv49 with shortcut52,10,cpr1-kC-s10,54,45.57,50.39,S0320,100,false,"`cpr1`, 15 runs, 100 ep | Full available curve retained; registered_horizon and in_registered_plateau5_window identify the primary endpoint. Epoch observations are not independent seeds.",accuracy percent; epoch is the raw zero-based epoch index
cpr1,kC,Swap conv49 with shortcut52,10,cpr1-kC-s10,55,45.85,50.33,S0320,100,false,"`cpr1`, 15 runs, 100 ep | Full available curve retained; registered_horizon and in_registered_plateau5_window identify the primary endpoint. Epoch observations are not independent seeds.",accuracy percent; epoch is the raw zero-based epoch index
cpr1,kC,Swap conv49 with shortcut52,10,cpr1-kC-s10,56,45.96,50.52,S0320,100,false,"`cpr1`, 15 runs, 100 ep | Full available curve retained; registered_horizon and in_registered_plateau5_window identify the primary endpoint. Epoch observations are not independent seeds.",accuracy percent; epoch is the raw zero-based epoch index
cpr1,kC,Swap conv49 with shortcut52,10,cpr1-kC-s10,57,45.83,50.5,S0320,100,false,"`cpr1`, 15 runs, 100 ep | Full available curve retained; registered_horizon and in_registered_plateau5_window identify the primary endpoint. Epoch observations are not independent seeds.",accuracy percent; epoch is the raw zero-based epoch index
cpr1,kC,Swap conv49 with shortcut52,10,cpr1-kC-s10,58,45.92,50.6,S0320,100,false,"`cpr1`, 15 runs, 100 ep | Full available curve retained; registered_horizon and in_registered_plateau5_window identify the primary endpoint. Epoch observations are not independent seeds.",accuracy percent; epoch is the raw zero-based epoch index
cpr1,kC,Swap conv49 with shortcut52,10,cpr1-kC-s10,59,45.99,50.65,S0320,100,false,"`cpr1`, 15 runs, 100 ep | Full available curve retained; registered_horizon and in_registered_plateau5_window identify the primary endpoint. Epoch observations are not independent seeds.",accuracy percent; epoch is the raw zero-based epoch index
cpr1,kC,Swap conv49 with shortcut52,10,cpr1-kC-s10,60,46.04,50.58,S0320,100,false,"`cpr1`, 15 runs, 100 ep | Full available curve retained; registered_horizon and in_registered_plateau5_window identify the primary endpoint. Epoch observations are not independent seeds.",accuracy percent; epoch is the raw zero-based epoch index
cpr1,kC,Swap conv49 with shortcut52,10,cpr1-kC-s10,61,45.89,50.52,S0320,100,false,"`cpr1`, 15 runs, 100 ep | Full available curve retained; registered_horizon and in_registered_plateau5_window identify the primary endpoint. Epoch observations are not independent seeds.",accuracy percent; epoch is the raw zero-based epoch index
cpr1,kC,Swap conv49 with shortcut52,10,cpr1-kC-s10,62,46.03,50.56,S0320,100,false,"`cpr1`, 15 runs, 100 ep | Full available curve retained; registered_horizon and in_registered_plateau5_window identify the primary endpoint. Epoch observations are not independent seeds.",accuracy percent; epoch is the raw zero-based epoch index
cpr1,kC,Swap conv49 with shortcut52,10,cpr1-kC-s10,63,46.06,50.5,S0320,100,false,"`cpr1`, 15 runs, 100 ep | Full available curve retained; registered_horizon and in_registered_plateau5_window identify the primary endpoint. Epoch observations are not independent seeds.",accuracy percent; epoch is the raw zero-based epoch index
cpr1,kC,Swap conv49 with shortcut52,10,cpr1-kC-s10,64,46.1,50.77,S0320,100,false,"`cpr1`, 15 runs, 100 ep | Full available curve retained; registered_horizon and in_registered_plateau5_window identify the primary endpoint. Epoch observations are not independent seeds.",accuracy percent; epoch is the raw zero-based epoch index
cpr1,kC,Swap conv49 with shortcut52,10,cpr1-kC-s10,65,45.91,50.9,S0320,100,false,"`cpr1`, 15 runs, 100 ep | Full available curve retained; registered_horizon and in_registered_plateau5_window identify the primary endpoint. Epoch observations are not independent seeds.",accuracy percent; epoch is the raw zero-based epoch index
cpr1,kC,Swap conv49 with shortcut52,10,cpr1-kC-s10,66,46.01,50.68,S0320,100,false,"`cpr1`, 15 runs, 100 ep | Full available curve retained; registered_horizon and in_registered_plateau5_window identify the primary endpoint. Epoch observations are not independent seeds.",accuracy percent; epoch is the raw zero-based epoch index
cpr1,kC,Swap conv49 with shortcut52,10,cpr1-kC-s10,67,46.02,50.72,S0320,100,false,"`cpr1`, 15 runs, 100 ep | Full available curve retained; registered_horizon and in_registered_plateau5_window identify the primary endpoint. Epoch observations are not independent seeds.",accuracy percent; epoch is the raw zero-based epoch index
cpr1,kC,Swap conv49 with shortcut52,10,cpr1-kC-s10,68,45.99,50.78,S0320,100,false,"`cpr1`, 15 runs, 100 ep | Full available curve retained; registered_horizon and in_registered_plateau5_window identify the primary endpoint. Epoch observations are not independent seeds.",accuracy percent; epoch is the raw zero-based epoch index
cpr1,kC,Swap conv49 with shortcut52,10,cpr1-kC-s10,69,45.95,50.53,S0320,100,false,"`cpr1`, 15 runs, 100 ep | Full available curve retained; registered_horizon and in_registered_plateau5_window identify the primary endpoint. Epoch observations are not independent seeds.",accuracy percent; epoch is the raw zero-based epoch index
cpr1,kC,Swap conv49 with shortcut52,10,cpr1-kC-s10,70,45.9,50.84,S0320,100,false,"`cpr1`, 15 runs, 100 ep | Full available curve retained; registered_horizon and in_registered_plateau5_window identify the primary endpoint. Epoch observations are not independent seeds.",accuracy percent; epoch is the raw zero-based epoch index
cpr1,kC,Swap conv49 with shortcut52,10,cpr1-kC-s10,71,46.03,50.83,S0320,100,false,"`cpr1`, 15 runs, 100 ep | Full available curve retained; registered_horizon and in_registered_plateau5_window identify the primary endpoint. Epoch observations are not independent seeds.",accuracy percent; epoch is the raw zero-based epoch index
cpr1,kC,Swap conv49 with shortcut52,10,cpr1-kC-s10,72,46.17,50.83,S0320,100,false,"`cpr1`, 15 runs, 100 ep | Full available curve retained; registered_horizon and in_registered_plateau5_window identify the primary endpoint. Epoch observations are not independent seeds.",accuracy percent; epoch is the raw zero-based epoch index
cpr1,kC,Swap conv49 with shortcut52,10,cpr1-kC-s10,73,45.98,50.89,S0320,100,false,"`cpr1`, 15 runs, 100 ep | Full available curve retained; registered_horizon and in_registered_plateau5_window identify the primary endpoint. Epoch observations are not independent seeds.",accuracy percent; epoch is the raw zero-based epoch index
cpr1,kC,Swap conv49 with shortcut52,10,cpr1-kC-s10,74,46.08,50.83,S0320,100,false,"`cpr1`, 15 runs, 100 ep | Full available curve retained; registered_horizon and in_registered_plateau5_window identify the primary endpoint. Epoch observations are not independent seeds.",accuracy percent; epoch is the raw zero-based epoch index
cpr1,kC,Swap conv49 with shortcut52,10,cpr1-kC-s10,75,46.2,50.77,S0320,100,false,"`cpr1`, 15 runs, 100 ep | Full available curve retained; registered_horizon and in_registered_plateau5_window identify the primary endpoint. Epoch observations are not independent seeds.",accuracy percent; epoch is the raw zero-based epoch index
cpr1,kC,Swap conv49 with shortcut52,10,cpr1-kC-s10,76,45.95,50.72,S0320,100,false,"`cpr1`, 15 runs, 100 ep | Full available curve retained; registered_horizon and in_registered_plateau5_window identify the primary endpoint. Epoch observations are not independent seeds.",accuracy percent; epoch is the raw zero-based epoch index
cpr1,kC,Swap conv49 with shortcut52,10,cpr1-kC-s10,77,45.99,51.01,S0320,100,false,"`cpr1`, 15 runs, 100 ep | Full available curve retained; registered_horizon and in_registered_plateau5_window identify the primary endpoint. Epoch observations are not independent seeds.",accuracy percent; epoch is the raw zero-based epoch index
cpr1,kC,Swap conv49 with shortcut52,10,cpr1-kC-s10,78,46.23,50.84,S0320,100,false,"`cpr1`, 15 runs, 100 ep | Full available curve retained; registered_horizon and in_registered_plateau5_window identify the primary endpoint. Epoch observations are not independent seeds.",accuracy percent; epoch is the raw zero-based epoch index
cpr1,kC,Swap conv49 with shortcut52,10,cpr1-kC-s10,79,45.94,50.95,S0320,100,false,"`cpr1`, 15 runs, 100 ep | Full available curve retained; registered_horizon and in_registered_plateau5_window identify the primary endpoint. Epoch observations are not independent seeds.",accuracy percent; epoch is the raw zero-based epoch index
cpr1,kC,Swap conv49 with shortcut52,10,cpr1-kC-s10,80,46.22,50.9,S0320,100,false,"`cpr1`, 15 runs, 100 ep | Full available curve retained; registered_horizon and in_registered_plateau5_window identify the primary endpoint. Epoch observations are not independent seeds.",accuracy percent; epoch is the raw zero-based epoch index
cpr1,kC,Swap conv49 with shortcut52,10,cpr1-kC-s10,81,45.99,50.85,S0320,100,false,"`cpr1`, 15 runs, 100 ep | Full available curve retained; registered_horizon and in_registered_plateau5_window identify the primary endpoint. Epoch observations are not independent seeds.",accuracy percent; epoch is the raw zero-based epoch index
cpr1,kC,Swap conv49 with shortcut52,10,cpr1-kC-s10,82,46.15,50.8,S0320,100,false,"`cpr1`, 15 runs, 100 ep | Full available curve retained; registered_horizon and in_registered_plateau5_window identify the primary endpoint. Epoch observations are not independent seeds.",accuracy percent; epoch is the raw zero-based epoch index
cpr1,kC,Swap conv49 with shortcut52,10,cpr1-kC-s10,83,46.03,50.93,S0320,100,false,"`cpr1`, 15 runs, 100 ep | Full available curve retained; registered_horizon and in_registered_plateau5_window identify the primary endpoint. Epoch observations are not independent seeds.",accuracy percent; epoch is the raw zero-based epoch index
cpr1,kC,Swap conv49 with shortcut52,10,cpr1-kC-s10,84,46.11,50.64,S0320,100,false,"`cpr1`, 15 runs, 100 ep | Full available curve retained; registered_horizon and in_registered_plateau5_window identify the primary endpoint. Epoch observations are not independent seeds.",accuracy percent; epoch is the raw zero-based epoch index
cpr1,kC,Swap conv49 with shortcut52,10,cpr1-kC-s10,85,46,50.67,S0320,100,false,"`cpr1`, 15 runs, 100 ep | Full available curve retained; registered_horizon and in_registered_plateau5_window identify the primary endpoint. Epoch observations are not independent seeds.",accuracy percent; epoch is the raw zero-based epoch index
cpr1,kC,Swap conv49 with shortcut52,10,cpr1-kC-s10,86,45.85,50.87,S0320,100,false,"`cpr1`, 15 runs, 100 ep | Full available curve retained; registered_horizon and in_registered_plateau5_window identify the primary endpoint. Epoch observations are not independent seeds.",accuracy percent; epoch is the raw zero-based epoch index
cpr1,kC,Swap conv49 with shortcut52,10,cpr1-kC-s10,87,46.08,50.98,S0320,100,false,"`cpr1`, 15 runs, 100 ep | Full available curve retained; registered_horizon and in_registered_plateau5_window identify the primary endpoint. Epoch observations are not independent seeds.",accuracy percent; epoch is the raw zero-based epoch index
cpr1,kC,Swap conv49 with shortcut52,10,cpr1-kC-s10,88,46.25,50.95,S0320,100,false,"`cpr1`, 15 runs, 100 ep | Full available curve retained; registered_horizon and in_registered_plateau5_window identify the primary endpoint. Epoch observations are not independent seeds.",accuracy percent; epoch is the raw zero-based epoch index
cpr1,kC,Swap conv49 with shortcut52,10,cpr1-kC-s10,89,46.16,50.65,S0320,100,false,"`cpr1`, 15 runs, 100 ep | Full available curve retained; registered_horizon and in_registered_plateau5_window identify the primary endpoint. Epoch observations are not independent seeds.",accuracy percent; epoch is the raw zero-based epoch index
cpr1,kC,Swap conv49 with shortcut52,10,cpr1-kC-s10,90,46.15,50.86,S0320,100,false,"`cpr1`, 15 runs, 100 ep | Full available curve retained; registered_horizon and in_registered_plateau5_window identify the primary endpoint. Epoch observations are not independent seeds.",accuracy percent; epoch is the raw zero-based epoch index
cpr1,kC,Swap conv49 with shortcut52,10,cpr1-kC-s10,91,46.01,50.87,S0320,100,false,"`cpr1`, 15 runs, 100 ep | Full available curve retained; registered_horizon and in_registered_plateau5_window identify the primary endpoint. Epoch observations are not independent seeds.",accuracy percent; epoch is the raw zero-based epoch index
cpr1,kC,Swap conv49 with shortcut52,10,cpr1-kC-s10,92,45.98,50.83,S0320,100,false,"`cpr1`, 15 runs, 100 ep | Full available curve retained; registered_horizon and in_registered_plateau5_window identify the primary endpoint. Epoch observations are not independent seeds.",accuracy percent; epoch is the raw zero-based epoch index
cpr1,kC,Swap conv49 with shortcut52,10,cpr1-kC-s10,93,46.2,50.76,S0320,100,false,"`cpr1`, 15 runs, 100 ep | Full available curve retained; registered_horizon and in_registered_plateau5_window identify the primary endpoint. Epoch observations are not independent seeds.",accuracy percent; epoch is the raw zero-based epoch index
cpr1,kC,Swap conv49 with shortcut52,10,cpr1-kC-s10,94,46.27,50.78,S0320,100,false,"`cpr1`, 15 runs, 100 ep | Full available curve retained; registered_horizon and in_registered_plateau5_window identify the primary endpoint. Epoch observations are not independent seeds.",accuracy percent; epoch is the raw zero-based epoch index
cpr1,kC,Swap conv49 with shortcut52,10,cpr1-kC-s10,95,46.15,50.88,S0320,100,true,"`cpr1`, 15 runs, 100 ep | Full available curve retained; registered_horizon and in_registered_plateau5_window identify the primary endpoint. Epoch observations are not independent seeds.",accuracy percent; epoch is the raw zero-based epoch index
cpr1,kC,Swap conv49 with shortcut52,10,cpr1-kC-s10,96,46.12,50.73,S0320,100,true,"`cpr1`, 15 runs, 100 ep | Full available curve retained; registered_horizon and in_registered_plateau5_window identify the primary endpoint. Epoch observations are not independent seeds.",accuracy percent; epoch is the raw zero-based epoch index
cpr1,kC,Swap conv49 with shortcut52,10,cpr1-kC-s10,97,46.08,50.78,S0320,100,true,"`cpr1`, 15 runs, 100 ep | Full available curve retained; registered_horizon and in_registered_plateau5_window identify the primary endpoint. Epoch observations are not independent seeds.",accuracy percent; epoch is the raw zero-based epoch index
cpr1,kC,Swap conv49 with shortcut52,10,cpr1-kC-s10,98,45.91,50.83,S0320,100,true,"`cpr1`, 15 runs, 100 ep | Full available curve retained; registered_horizon and in_registered_plateau5_window identify the primary endpoint. Epoch observations are not independent seeds.",accuracy percent; epoch is the raw zero-based epoch index
cpr1,kC,Swap conv49 with shortcut52,10,cpr1-kC-s10,99,46.21,50.92,S0320,100,true,"`cpr1`, 15 runs, 100 ep | Full available curve retained; registered_horizon and in_registered_plateau5_window identify the primary endpoint. Epoch observations are not independent seeds.",accuracy percent; epoch is the raw zero-based epoch index
cpr1,kC,Swap conv49 with shortcut52,11,cpr1-kC-s11,0,0.95,0.95,S0321,100,false,"`cpr1`, 15 runs, 100 ep | Full available curve retained; registered_horizon and in_registered_plateau5_window identify the primary endpoint. Epoch observations are not independent seeds.",accuracy percent; epoch is the raw zero-based epoch index
cpr1,kC,Swap conv49 with shortcut52,11,cpr1-kC-s11,1,1.03,0.96,S0321,100,false,"`cpr1`, 15 runs, 100 ep | Full available curve retained; registered_horizon and in_registered_plateau5_window identify the primary endpoint. Epoch observations are not independent seeds.",accuracy percent; epoch is the raw zero-based epoch index
cpr1,kC,Swap conv49 with shortcut52,11,cpr1-kC-s11,2,1,0.96,S0321,100,false,"`cpr1`, 15 runs, 100 ep | Full available curve retained; registered_horizon and in_registered_plateau5_window identify the primary endpoint. Epoch observations are not independent seeds.",accuracy percent; epoch is the raw zero-based epoch index
cpr1,kC,Swap conv49 with shortcut52,11,cpr1-kC-s11,3,1.06,0.97,S0321,100,false,"`cpr1`, 15 runs, 100 ep | Full available curve retained; registered_horizon and in_registered_plateau5_window identify the primary endpoint. Epoch observations are not independent seeds.",accuracy percent; epoch is the raw zero-based epoch index
cpr1,kC,Swap conv49 with shortcut52,11,cpr1-kC-s11,4,0.95,0.93,S0321,100,false,"`cpr1`, 15 runs, 100 ep | Full available curve retained; registered_horizon and in_registered_plateau5_window identify the primary endpoint. Epoch observations are not independent seeds.",accuracy percent; epoch is the raw zero-based epoch index
cpr1,kC,Swap conv49 with shortcut52,11,cpr1-kC-s11,5,1.03,0.99,S0321,100,false,"`cpr1`, 15 runs, 100 ep | Full available curve retained; registered_horizon and in_registered_plateau5_window identify the primary endpoint. Epoch observations are not independent seeds.",accuracy percent; epoch is the raw zero-based epoch index
cpr1,kC,Swap conv49 with shortcut52,11,cpr1-kC-s11,6,1.24,1.05,S0321,100,false,"`cpr1`, 15 runs, 100 ep | Full available curve retained; registered_horizon and in_registered_plateau5_window identify the primary endpoint. Epoch observations are not independent seeds.",accuracy percent; epoch is the raw zero-based epoch index
cpr1,kC,Swap conv49 with shortcut52,11,cpr1-kC-s11,7,1.48,1.29,S0321,100,false,"`cpr1`, 15 runs, 100 ep | Full available curve retained; registered_horizon and in_registered_plateau5_window identify the primary endpoint. Epoch observations are not independent seeds.",accuracy percent; epoch is the raw zero-based epoch index
cpr1,kC,Swap conv49 with shortcut52,11,cpr1-kC-s11,8,1.93,1.54,S0321,100,false,"`cpr1`, 15 runs, 100 ep | Full available curve retained; registered_horizon and in_registered_plateau5_window identify the primary endpoint. Epoch observations are not independent seeds.",accuracy percent; epoch is the raw zero-based epoch index
cpr1,kC,Swap conv49 with shortcut52,11,cpr1-kC-s11,9,2.49,2.02,S0321,100,false,"`cpr1`, 15 runs, 100 ep | Full available curve retained; registered_horizon and in_registered_plateau5_window identify the primary endpoint. Epoch observations are not independent seeds.",accuracy percent; epoch is the raw zero-based epoch index
cpr1,kC,Swap conv49 with shortcut52,11,cpr1-kC-s11,10,3.02,2.63,S0321,100,false,"`cpr1`, 15 runs, 100 ep | Full available curve retained; registered_horizon and in_registered_plateau5_window identify the primary endpoint. Epoch observations are not independent seeds.",accuracy percent; epoch is the raw zero-based epoch index
cpr1,kC,Swap conv49 with shortcut52,11,cpr1-kC-s11,11,4.07,3.31,S0321,100,false,"`cpr1`, 15 runs, 100 ep | Full available curve retained; registered_horizon and in_registered_plateau5_window identify the primary endpoint. Epoch observations are not independent seeds.",accuracy percent; epoch is the raw zero-based epoch index
cpr1,kC,Swap conv49 with shortcut52,11,cpr1-kC-s11,12,6.22,4.98,S0321,100,false,"`cpr1`, 15 runs, 100 ep | Full available curve retained; registered_horizon and in_registered_plateau5_window identify the primary endpoint. Epoch observations are not independent seeds.",accuracy percent; epoch is the raw zero-based epoch index
cpr1,kC,Swap conv49 with shortcut52,11,cpr1-kC-s11,13,8.48,7.03,S0321,100,false,"`cpr1`, 15 runs, 100 ep | Full available curve retained; registered_horizon and in_registered_plateau5_window identify the primary endpoint. Epoch observations are not independent seeds.",accuracy percent; epoch is the raw zero-based epoch index
cpr1,kC,Swap conv49 with shortcut52,11,cpr1-kC-s11,14,10.36,9.27,S0321,100,false,"`cpr1`, 15 runs, 100 ep | Full available curve retained; registered_horizon and in_registered_plateau5_window identify the primary endpoint. Epoch observations are not independent seeds.",accuracy percent; epoch is the raw zero-based epoch index
cpr1,kC,Swap conv49 with shortcut52,11,cpr1-kC-s11,15,12.46,11.45,S0321,100,false,"`cpr1`, 15 runs, 100 ep | Full available curve retained; registered_horizon and in_registered_plateau5_window identify the primary endpoint. Epoch observations are not independent seeds.",accuracy percent; epoch is the raw zero-based epoch index
cpr1,kC,Swap conv49 with shortcut52,11,cpr1-kC-s11,16,14.38,13.18,S0321,100,false,"`cpr1`, 15 runs, 100 ep | Full available curve retained; registered_horizon and in_registered_plateau5_window identify the primary endpoint. Epoch observations are not independent seeds.",accuracy percent; epoch is the raw zero-based epoch index
cpr1,kC,Swap conv49 with shortcut52,11,cpr1-kC-s11,17,16.04,14.57,S0321,100,false,"`cpr1`, 15 runs, 100 ep | Full available curve retained; registered_horizon and in_registered_plateau5_window identify the primary endpoint. Epoch observations are not independent seeds.",accuracy percent; epoch is the raw zero-based epoch index
cpr1,kC,Swap conv49 with shortcut52,11,cpr1-kC-s11,18,17.81,16.41,S0321,100,false,"`cpr1`, 15 runs, 100 ep | Full available curve retained; registered_horizon and in_registered_plateau5_window identify the primary endpoint. Epoch observations are not independent seeds.",accuracy percent; epoch is the raw zero-based epoch index
cpr1,kC,Swap conv49 with shortcut52,11,cpr1-kC-s11,19,20.19,18.46,S0321,100,false,"`cpr1`, 15 runs, 100 ep | Full available curve retained; registered_horizon and in_registered_plateau5_window identify the primary endpoint. Epoch observations are not independent seeds.",accuracy percent; epoch is the raw zero-based epoch index
cpr1,kC,Swap conv49 with shortcut52,11,cpr1-kC-s11,20,21.29,20.57,S0321,100,false,"`cpr1`, 15 runs, 100 ep | Full available curve retained; registered_horizon and in_registered_plateau5_window identify the primary endpoint. Epoch observations are not independent seeds.",accuracy percent; epoch is the raw zero-based epoch index
cpr1,kC,Swap conv49 with shortcut52,11,cpr1-kC-s11,21,22.75,22.51,S0321,100,false,"`cpr1`, 15 runs, 100 ep | Full available curve retained; registered_horizon and in_registered_plateau5_window identify the primary endpoint. Epoch observations are not independent seeds.",accuracy percent; epoch is the raw zero-based epoch index
cpr1,kC,Swap conv49 with shortcut52,11,cpr1-kC-s11,22,22.83,24.2,S0321,100,false,"`cpr1`, 15 runs, 100 ep | Full available curve retained; registered_horizon and in_registered_plateau5_window identify the primary endpoint. Epoch observations are not independent seeds.",accuracy percent; epoch is the raw zero-based epoch index
cpr1,kC,Swap conv49 with shortcut52,11,cpr1-kC-s11,23,26.06,25.57,S0321,100,false,"`cpr1`, 15 runs, 100 ep | Full available curve retained; registered_horizon and in_registered_plateau5_window identify the primary endpoint. Epoch observations are not independent seeds.",accuracy percent; epoch is the raw zero-based epoch index
cpr1,kC,Swap conv49 with shortcut52,11,cpr1-kC-s11,24,27.26,27.34,S0321,100,false,"`cpr1`, 15 runs, 100 ep | Full available curve retained; registered_horizon and in_registered_plateau5_window identify the primary endpoint. Epoch observations are not independent seeds.",accuracy percent; epoch is the raw zero-based epoch index
cpr1,kC,Swap conv49 with shortcut52,11,cpr1-kC-s11,25,29.2,28.65,S0321,100,false,"`cpr1`, 15 runs, 100 ep | Full available curve retained; registered_horizon and in_registered_plateau5_window identify the primary endpoint. Epoch observations are not independent seeds.",accuracy percent; epoch is the raw zero-based epoch index
cpr1,kC,Swap conv49 with shortcut52,11,cpr1-kC-s11,26,31.07,30.43,S0321,100,false,"`cpr1`, 15 runs, 100 ep | Full available curve retained; registered_horizon and in_registered_plateau5_window identify the primary endpoint. Epoch observations are not independent seeds.",accuracy percent; epoch is the raw zero-based epoch index
cpr1,kC,Swap conv49 with shortcut52,11,cpr1-kC-s11,27,29.6,31.92,S0321,100,false,"`cpr1`, 15 runs, 100 ep | Full available curve retained; registered_horizon and in_registered_plateau5_window identify the primary endpoint. Epoch observations are not independent seeds.",accuracy percent; epoch is the raw zero-based epoch index
cpr1,kC,Swap conv49 with shortcut52,11,cpr1-kC-s11,28,33.59,33.4,S0321,100,false,"`cpr1`, 15 runs, 100 ep | Full available curve retained; registered_horizon and in_registered_plateau5_window identify the primary endpoint. Epoch observations are not independent seeds.",accuracy percent; epoch is the raw zero-based epoch index
cpr1,kC,Swap conv49 with shortcut52,11,cpr1-kC-s11,29,34.6,35.04,S0321,100,false,"`cpr1`, 15 runs, 100 ep | Full available curve retained; registered_horizon and in_registered_plateau5_window identify the primary endpoint. Epoch observations are not independent seeds.",accuracy percent; epoch is the raw zero-based epoch index
cpr1,kC,Swap conv49 with shortcut52,11,cpr1-kC-s11,30,36.44,36.39,S0321,100,false,"`cpr1`, 15 runs, 100 ep | Full available curve retained; registered_horizon and in_registered_plateau5_window identify the primary endpoint. Epoch observations are not independent seeds.",accuracy percent; epoch is the raw zero-based epoch index
cpr1,kC,Swap conv49 with shortcut52,11,cpr1-kC-s11,31,36.73,37.73,S0321,100,false,"`cpr1`, 15 runs, 100 ep | Full available curve retained; registered_horizon and in_registered_plateau5_window identify the primary endpoint. Epoch observations are not independent seeds.",accuracy percent; epoch is the raw zero-based epoch index
cpr1,kC,Swap conv49 with shortcut52,11,cpr1-kC-s11,32,38.7,39.03,S0321,100,false,"`cpr1`, 15 runs, 100 ep | Full available curve retained; registered_horizon and in_registered_plateau5_window identify the primary endpoint. Epoch observations are not independent seeds.",accuracy percent; epoch is the raw zero-based epoch index
cpr1,kC,Swap conv49 with shortcut52,11,cpr1-kC-s11,33,39.57,40.13,S0321,100,false,"`cpr1`, 15 runs, 100 ep | Full available curve retained; registered_horizon and in_registered_plateau5_window identify the primary endpoint. Epoch observations are not independent seeds.",accuracy percent; epoch is the raw zero-based epoch index
cpr1,kC,Swap conv49 with shortcut52,11,cpr1-kC-s11,34,40.86,41.49,S0321,100,false,"`cpr1`, 15 runs, 100 ep | Full available curve retained; registered_horizon and in_registered_plateau5_window identify the primary endpoint. Epoch observations are not independent seeds.",accuracy percent; epoch is the raw zero-based epoch index
cpr1,kC,Swap conv49 with shortcut52,11,cpr1-kC-s11,35,41.35,42.88,S0321,100,false,"`cpr1`, 15 runs, 100 ep | Full available curve retained; registered_horizon and in_registered_plateau5_window identify the primary endpoint. Epoch observations are not independent seeds.",accuracy percent; epoch is the raw zero-based epoch index
cpr1,kC,Swap conv49 with shortcut52,11,cpr1-kC-s11,36,42.44,43.75,S0321,100,false,"`cpr1`, 15 runs, 100 ep | Full available curve retained; registered_horizon and in_registered_plateau5_window identify the primary endpoint. Epoch observations are not independent seeds.",accuracy percent; epoch is the raw zero-based epoch index
cpr1,kC,Swap conv49 with shortcut52,11,cpr1-kC-s11,37,42.74,44.84,S0321,100,false,"`cpr1`, 15 runs, 100 ep | Full available curve retained; registered_horizon and in_registered_plateau5_window identify the primary endpoint. Epoch observations are not independent seeds.",accuracy percent; epoch is the raw zero-based epoch index
cpr1,kC,Swap conv49 with shortcut52,11,cpr1-kC-s11,38,43.25,45.67,S0321,100,false,"`cpr1`, 15 runs, 100 ep | Full available curve retained; registered_horizon and in_registered_plateau5_window identify the primary endpoint. Epoch observations are not independent seeds.",accuracy percent; epoch is the raw zero-based epoch index
cpr1,kC,Swap conv49 with shortcut52,11,cpr1-kC-s11,39,44,46.16,S0321,100,false,"`cpr1`, 15 runs, 100 ep | Full available curve retained; registered_horizon and in_registered_plateau5_window identify the primary endpoint. Epoch observations are not independent seeds.",accuracy percent; epoch is the raw zero-based epoch index
cpr1,kC,Swap conv49 with shortcut52,11,cpr1-kC-s11,40,44.15,47.03,S0321,100,false,"`cpr1`, 15 runs, 100 ep | Full available curve retained; registered_horizon and in_registered_plateau5_window identify the primary endpoint. Epoch observations are not independent seeds.",accuracy percent; epoch is the raw zero-based epoch index
cpr1,kC,Swap conv49 with shortcut52,11,cpr1-kC-s11,41,44.55,47.4,S0321,100,false,"`cpr1`, 15 runs, 100 ep | Full available curve retained; registered_horizon and in_registered_plateau5_window identify the primary endpoint. Epoch observations are not independent seeds.",accuracy percent; epoch is the raw zero-based epoch index
cpr1,kC,Swap conv49 with shortcut52,11,cpr1-kC-s11,42,44.91,47.99,S0321,100,false,"`cpr1`, 15 runs, 100 ep | Full available curve retained; registered_horizon and in_registered_plateau5_window identify the primary endpoint. Epoch observations are not independent seeds.",accuracy percent; epoch is the raw zero-based epoch index
cpr1,kC,Swap conv49 with shortcut52,11,cpr1-kC-s11,43,45.11,48.47,S0321,100,false,"`cpr1`, 15 runs, 100 ep | Full available curve retained; registered_horizon and in_registered_plateau5_window identify the primary endpoint. Epoch observations are not independent seeds.",accuracy percent; epoch is the raw zero-based epoch index
cpr1,kC,Swap conv49 with shortcut52,11,cpr1-kC-s11,44,45.75,48.58,S0321,100,false,"`cpr1`, 15 runs, 100 ep | Full available curve retained; registered_horizon and in_registered_plateau5_window identify the primary endpoint. Epoch observations are not independent seeds.",accuracy percent; epoch is the raw zero-based epoch index
cpr1,kC,Swap conv49 with shortcut52,11,cpr1-kC-s11,45,45.78,49.23,S0321,100,false,"`cpr1`, 15 runs, 100 ep | Full available curve retained; registered_horizon and in_registered_plateau5_window identify the primary endpoint. Epoch observations are not independent seeds.",accuracy percent; epoch is the raw zero-based epoch index
cpr1,kC,Swap conv49 with shortcut52,11,cpr1-kC-s11,46,45.74,49.53,S0321,100,false,"`cpr1`, 15 runs, 100 ep | Full available curve retained; registered_horizon and in_registered_plateau5_window identify the primary endpoint. Epoch observations are not independent seeds.",accuracy percent; epoch is the raw zero-based epoch index
cpr1,kC,Swap conv49 with shortcut52,11,cpr1-kC-s11,47,45.95,49.73,S0321,100,false,"`cpr1`, 15 runs, 100 ep | Full available curve retained; registered_horizon and in_registered_plateau5_window identify the primary endpoint. Epoch observations are not independent seeds.",accuracy percent; epoch is the raw zero-based epoch index
cpr1,kC,Swap conv49 with shortcut52,11,cpr1-kC-s11,48,46.5,49.84,S0321,100,false,"`cpr1`, 15 runs, 100 ep | Full available curve retained; registered_horizon and in_registered_plateau5_window identify the primary endpoint. Epoch observations are not independent seeds.",accuracy percent; epoch is the raw zero-based epoch index
cpr1,kC,Swap conv49 with shortcut52,11,cpr1-kC-s11,49,46.1,50.03,S0321,100,false,"`cpr1`, 15 runs, 100 ep | Full available curve retained; registered_horizon and in_registered_plateau5_window identify the primary endpoint. Epoch observations are not independent seeds.",accuracy percent; epoch is the raw zero-based epoch index
cpr1,kC,Swap conv49 with shortcut52,11,cpr1-kC-s11,50,46.49,50.04,S0321,100,false,"`cpr1`, 15 runs, 100 ep | Full available curve retained; registered_horizon and in_registered_plateau5_window identify the primary endpoint. Epoch observations are not independent seeds.",accuracy percent; epoch is the raw zero-based epoch index
cpr1,kC,Swap conv49 with shortcut52,11,cpr1-kC-s11,51,46.28,50.4,S0321,100,false,"`cpr1`, 15 runs, 100 ep | Full available curve retained; registered_horizon and in_registered_plateau5_window identify the primary endpoint. Epoch observations are not independent seeds.",accuracy percent; epoch is the raw zero-based epoch index
cpr1,kC,Swap conv49 with shortcut52,11,cpr1-kC-s11,52,46.27,50.4,S0321,100,false,"`cpr1`, 15 runs, 100 ep | Full available curve retained; registered_horizon and in_registered_plateau5_window identify the primary endpoint. Epoch observations are not independent seeds.",accuracy percent; epoch is the raw zero-based epoch index
cpr1,kC,Swap conv49 with shortcut52,11,cpr1-kC-s11,53,46.33,50.7,S0321,100,false,"`cpr1`, 15 runs, 100 ep | Full available curve retained; registered_horizon and in_registered_plateau5_window identify the primary endpoint. Epoch observations are not independent seeds.",accuracy percent; epoch is the raw zero-based epoch index
cpr1,kC,Swap conv49 with shortcut52,11,cpr1-kC-s11,54,46.43,50.57,S0321,100,false,"`cpr1`, 15 runs, 100 ep | Full available curve retained; registered_horizon and in_registered_plateau5_window identify the primary endpoint. Epoch observations are not independent seeds.",accuracy percent; epoch is the raw zero-based epoch index
cpr1,kC,Swap conv49 with shortcut52,11,cpr1-kC-s11,55,46.5,50.69,S0321,100,false,"`cpr1`, 15 runs, 100 ep | Full available curve retained; registered_horizon and in_registered_plateau5_window identify the primary endpoint. Epoch observations are not independent seeds.",accuracy percent; epoch is the raw zero-based epoch index
cpr1,kC,Swap conv49 with shortcut52,11,cpr1-kC-s11,56,46.71,50.87,S0321,100,false,"`cpr1`, 15 runs, 100 ep | Full available curve retained; registered_horizon and in_registered_plateau5_window identify the primary endpoint. Epoch observations are not independent seeds.",accuracy percent; epoch is the raw zero-based epoch index
cpr1,kC,Swap conv49 with shortcut52,11,cpr1-kC-s11,57,46.61,50.96,S0321,100,false,"`cpr1`, 15 runs, 100 ep | Full available curve retained; registered_horizon and in_registered_plateau5_window identify the primary endpoint. Epoch observations are not independent seeds.",accuracy percent; epoch is the raw zero-based epoch index
cpr1,kC,Swap conv49 with shortcut52,11,cpr1-kC-s11,58,46.64,51.02,S0321,100,false,"`cpr1`, 15 runs, 100 ep | Full available curve retained; registered_horizon and in_registered_plateau5_window identify the primary endpoint. Epoch observations are not independent seeds.",accuracy percent; epoch is the raw zero-based epoch index
cpr1,kC,Swap conv49 with shortcut52,11,cpr1-kC-s11,59,46.58,50.98,S0321,100,false,"`cpr1`, 15 runs, 100 ep | Full available curve retained; registered_horizon and in_registered_plateau5_window identify the primary endpoint. Epoch observations are not independent seeds.",accuracy percent; epoch is the raw zero-based epoch index
cpr1,kC,Swap conv49 with shortcut52,11,cpr1-kC-s11,60,46.84,51.21,S0321,100,false,"`cpr1`, 15 runs, 100 ep | Full available curve retained; registered_horizon and in_registered_plateau5_window identify the primary endpoint. Epoch observations are not independent seeds.",accuracy percent; epoch is the raw zero-based epoch index
cpr1,kC,Swap conv49 with shortcut52,11,cpr1-kC-s11,61,47.08,51.11,S0321,100,false,"`cpr1`, 15 runs, 100 ep | Full available curve retained; registered_horizon and in_registered_plateau5_window identify the primary endpoint. Epoch observations are not independent seeds.",accuracy percent; epoch is the raw zero-based epoch index
cpr1,kC,Swap conv49 with shortcut52,11,cpr1-kC-s11,62,46.73,51.3,S0321,100,false,"`cpr1`, 15 runs, 100 ep | Full available curve retained; registered_horizon and in_registered_plateau5_window identify the primary endpoint. Epoch observations are not independent seeds.",accuracy percent; epoch is the raw zero-based epoch index
cpr1,kC,Swap conv49 with shortcut52,11,cpr1-kC-s11,63,46.93,51.22,S0321,100,false,"`cpr1`, 15 runs, 100 ep | Full available curve retained; registered_horizon and in_registered_plateau5_window identify the primary endpoint. Epoch observations are not independent seeds.",accuracy percent; epoch is the raw zero-based epoch index
cpr1,kC,Swap conv49 with shortcut52,11,cpr1-kC-s11,64,46.77,51.2,S0321,100,false,"`cpr1`, 15 runs, 100 ep | Full available curve retained; registered_horizon and in_registered_plateau5_window identify the primary endpoint. Epoch observations are not independent seeds.",accuracy percent; epoch is the raw zero-based epoch index
cpr1,kC,Swap conv49 with shortcut52,11,cpr1-kC-s11,65,46.76,51.07,S0321,100,false,"`cpr1`, 15 runs, 100 ep | Full available curve retained; registered_horizon and in_registered_plateau5_window identify the primary endpoint. Epoch observations are not independent seeds.",accuracy percent; epoch is the raw zero-based epoch index
cpr1,kC,Swap conv49 with shortcut52,11,cpr1-kC-s11,66,46.67,51.11,S0321,100,false,"`cpr1`, 15 runs, 100 ep | Full available curve retained; registered_horizon and in_registered_plateau5_window identify the primary endpoint. Epoch observations are not independent seeds.",accuracy percent; epoch is the raw zero-based epoch index
cpr1,kC,Swap conv49 with shortcut52,11,cpr1-kC-s11,67,46.65,51.36,S0321,100,false,"`cpr1`, 15 runs, 100 ep | Full available curve retained; registered_horizon and in_registered_plateau5_window identify the primary endpoint. Epoch observations are not independent seeds.",accuracy percent; epoch is the raw zero-based epoch index
cpr1,kC,Swap conv49 with shortcut52,11,cpr1-kC-s11,68,46.72,51.32,S0321,100,false,"`cpr1`, 15 runs, 100 ep | Full available curve retained; registered_horizon and in_registered_plateau5_window identify the primary endpoint. Epoch observations are not independent seeds.",accuracy percent; epoch is the raw zero-based epoch index
cpr1,kC,Swap conv49 with shortcut52,11,cpr1-kC-s11,69,46.66,51.29,S0321,100,false,"`cpr1`, 15 runs, 100 ep | Full available curve retained; registered_horizon and in_registered_plateau5_window identify the primary endpoint. Epoch observations are not independent seeds.",accuracy percent; epoch is the raw zero-based epoch index
cpr1,kC,Swap conv49 with shortcut52,11,cpr1-kC-s11,70,46.6,51.25,S0321,100,false,"`cpr1`, 15 runs, 100 ep | Full available curve retained; registered_horizon and in_registered_plateau5_window identify the primary endpoint. Epoch observations are not independent seeds.",accuracy percent; epoch is the raw zero-based epoch index
cpr1,kC,Swap conv49 with shortcut52,11,cpr1-kC-s11,71,46.81,51.42,S0321,100,false,"`cpr1`, 15 runs, 100 ep | Full available curve retained; registered_horizon and in_registered_plateau5_window identify the primary endpoint. Epoch observations are not independent seeds.",accuracy percent; epoch is the raw zero-based epoch index
cpr1,kC,Swap conv49 with shortcut52,11,cpr1-kC-s11,72,46.55,51.24,S0321,100,false,"`cpr1`, 15 runs, 100 ep | Full available curve retained; registered_horizon and in_registered_plateau5_window identify the primary endpoint. Epoch observations are not independent seeds.",accuracy percent; epoch is the raw zero-based epoch index
cpr1,kC,Swap conv49 with shortcut52,11,cpr1-kC-s11,73,46.66,51.28,S0321,100,false,"`cpr1`, 15 runs, 100 ep | Full available curve retained; registered_horizon and in_registered_plateau5_window identify the primary endpoint. Epoch observations are not independent seeds.",accuracy percent; epoch is the raw zero-based epoch index
cpr1,kC,Swap conv49 with shortcut52,11,cpr1-kC-s11,74,46.84,51.21,S0321,100,false,"`cpr1`, 15 runs, 100 ep | Full available curve retained; registered_horizon and in_registered_plateau5_window identify the primary endpoint. Epoch observations are not independent seeds.",accuracy percent; epoch is the raw zero-based epoch index
cpr1,kC,Swap conv49 with shortcut52,11,cpr1-kC-s11,75,46.62,51.18,S0321,100,false,"`cpr1`, 15 runs, 100 ep | Full available curve retained; registered_horizon and in_registered_plateau5_window identify the primary endpoint. Epoch observations are not independent seeds.",accuracy percent; epoch is the raw zero-based epoch index
cpr1,kC,Swap conv49 with shortcut52,11,cpr1-kC-s11,76,46.88,51.24,S0321,100,false,"`cpr1`, 15 runs, 100 ep | Full available curve retained; registered_horizon and in_registered_plateau5_window identify the primary endpoint. Epoch observations are not independent seeds.",accuracy percent; epoch is the raw zero-based epoch index
cpr1,kC,Swap conv49 with shortcut52,11,cpr1-kC-s11,77,46.75,51.38,S0321,100,false,"`cpr1`, 15 runs, 100 ep | Full available curve retained; registered_horizon and in_registered_plateau5_window identify the primary endpoint. Epoch observations are not independent seeds.",accuracy percent; epoch is the raw zero-based epoch index
cpr1,kC,Swap conv49 with shortcut52,11,cpr1-kC-s11,78,46.59,51.37,S0321,100,false,"`cpr1`, 15 runs, 100 ep | Full available curve retained; registered_horizon and in_registered_plateau5_window identify the primary endpoint. Epoch observations are not independent seeds.",accuracy percent; epoch is the raw zero-based epoch index
cpr1,kC,Swap conv49 with shortcut52,11,cpr1-kC-s11,79,46.74,51.33,S0321,100,false,"`cpr1`, 15 runs, 100 ep | Full available curve retained; registered_horizon and in_registered_plateau5_window identify the primary endpoint. Epoch observations are not independent seeds.",accuracy percent; epoch is the raw zero-based epoch index
cpr1,kC,Swap conv49 with shortcut52,11,cpr1-kC-s11,80,46.76,51.26,S0321,100,false,"`cpr1`, 15 runs, 100 ep | Full available curve retained; registered_horizon and in_registered_plateau5_window identify the primary endpoint. Epoch observations are not independent seeds.",accuracy percent; epoch is the raw zero-based epoch index
cpr1,kC,Swap conv49 with shortcut52,11,cpr1-kC-s11,81,46.71,51.38,S0321,100,false,"`cpr1`, 15 runs, 100 ep | Full available curve retained; registered_horizon and in_registered_plateau5_window identify the primary endpoint. Epoch observations are not independent seeds.",accuracy percent; epoch is the raw zero-based epoch index
cpr1,kC,Swap conv49 with shortcut52,11,cpr1-kC-s11,82,46.71,51.36,S0321,100,false,"`cpr1`, 15 runs, 100 ep | Full available curve retained; registered_horizon and in_registered_plateau5_window identify the primary endpoint. Epoch observations are not independent seeds.",accuracy percent; epoch is the raw zero-based epoch index
cpr1,kC,Swap conv49 with shortcut52,11,cpr1-kC-s11,83,46.79,51.19,S0321,100,false,"`cpr1`, 15 runs, 100 ep | Full available curve retained; registered_horizon and in_registered_plateau5_window identify the primary endpoint. Epoch observations are not independent seeds.",accuracy percent; epoch is the raw zero-based epoch index
cpr1,kC,Swap conv49 with shortcut52,11,cpr1-kC-s11,84,46.72,51.31,S0321,100,false,"`cpr1`, 15 runs, 100 ep | Full available curve retained; registered_horizon and in_registered_plateau5_window identify the primary endpoint. Epoch observations are not independent seeds.",accuracy percent; epoch is the raw zero-based epoch index
cpr1,kC,Swap conv49 with shortcut52,11,cpr1-kC-s11,85,46.84,51.25,S0321,100,false,"`cpr1`, 15 runs, 100 ep | Full available curve retained; registered_horizon and in_registered_plateau5_window identify the primary endpoint. Epoch observations are not independent seeds.",accuracy percent; epoch is the raw zero-based epoch index
cpr1,kC,Swap conv49 with shortcut52,11,cpr1-kC-s11,86,46.82,51.37,S0321,100,false,"`cpr1`, 15 runs, 100 ep | Full available curve retained; registered_horizon and in_registered_plateau5_window identify the primary endpoint. Epoch observations are not independent seeds.",accuracy percent; epoch is the raw zero-based epoch index
cpr1,kC,Swap conv49 with shortcut52,11,cpr1-kC-s11,87,46.81,51.35,S0321,100,false,"`cpr1`, 15 runs, 100 ep | Full available curve retained; registered_horizon and in_registered_plateau5_window identify the primary endpoint. Epoch observations are not independent seeds.",accuracy percent; epoch is the raw zero-based epoch index
cpr1,kC,Swap conv49 with shortcut52,11,cpr1-kC-s11,88,46.61,51.32,S0321,100,false,"`cpr1`, 15 runs, 100 ep | Full available curve retained; registered_horizon and in_registered_plateau5_window identify the primary endpoint. Epoch observations are not independent seeds.",accuracy percent; epoch is the raw zero-based epoch index
cpr1,kC,Swap conv49 with shortcut52,11,cpr1-kC-s11,89,46.8,51.27,S0321,100,false,"`cpr1`, 15 runs, 100 ep | Full available curve retained; registered_horizon and in_registered_plateau5_window identify the primary endpoint. Epoch observations are not independent seeds.",accuracy percent; epoch is the raw zero-based epoch index
cpr1,kC,Swap conv49 with shortcut52,11,cpr1-kC-s11,90,46.58,51.49,S0321,100,false,"`cpr1`, 15 runs, 100 ep | Full available curve retained; registered_horizon and in_registered_plateau5_window identify the primary endpoint. Epoch observations are not independent seeds.",accuracy percent; epoch is the raw zero-based epoch index
cpr1,kC,Swap conv49 with shortcut52,11,cpr1-kC-s11,91,46.82,51.34,S0321,100,false,"`cpr1`, 15 runs, 100 ep | Full available curve retained; registered_horizon and in_registered_plateau5_window identify the primary endpoint. Epoch observations are not independent seeds.",accuracy percent; epoch is the raw zero-based epoch index
cpr1,kC,Swap conv49 with shortcut52,11,cpr1-kC-s11,92,46.71,51.29,S0321,100,false,"`cpr1`, 15 runs, 100 ep | Full available curve retained; registered_horizon and in_registered_plateau5_window identify the primary endpoint. Epoch observations are not independent seeds.",accuracy percent; epoch is the raw zero-based epoch index
cpr1,kC,Swap conv49 with shortcut52,11,cpr1-kC-s11,93,46.6,51.34,S0321,100,false,"`cpr1`, 15 runs, 100 ep | Full available curve retained; registered_horizon and in_registered_plateau5_window identify the primary endpoint. Epoch observations are not independent seeds.",accuracy percent; epoch is the raw zero-based epoch index
cpr1,kC,Swap conv49 with shortcut52,11,cpr1-kC-s11,94,46.82,51.39,S0321,100,false,"`cpr1`, 15 runs, 100 ep | Full available curve retained; registered_horizon and in_registered_plateau5_window identify the primary endpoint. Epoch observations are not independent seeds.",accuracy percent; epoch is the raw zero-based epoch index
cpr1,kC,Swap conv49 with shortcut52,11,cpr1-kC-s11,95,46.9,51.61,S0321,100,true,"`cpr1`, 15 runs, 100 ep | Full available curve retained; registered_horizon and in_registered_plateau5_window identify the primary endpoint. Epoch observations are not independent seeds.",accuracy percent; epoch is the raw zero-based epoch index
cpr1,kC,Swap conv49 with shortcut52,11,cpr1-kC-s11,96,46.76,51.32,S0321,100,true,"`cpr1`, 15 runs, 100 ep | Full available curve retained; registered_horizon and in_registered_plateau5_window identify the primary endpoint. Epoch observations are not independent seeds.",accuracy percent; epoch is the raw zero-based epoch index
cpr1,kC,Swap conv49 with shortcut52,11,cpr1-kC-s11,97,46.55,51.24,S0321,100,true,"`cpr1`, 15 runs, 100 ep | Full available curve retained; registered_horizon and in_registered_plateau5_window identify the primary endpoint. Epoch observations are not independent seeds.",accuracy percent; epoch is the raw zero-based epoch index
cpr1,kC,Swap conv49 with shortcut52,11,cpr1-kC-s11,98,46.82,51.31,S0321,100,true,"`cpr1`, 15 runs, 100 ep | Full available curve retained; registered_horizon and in_registered_plateau5_window identify the primary endpoint. Epoch observations are not independent seeds.",accuracy percent; epoch is the raw zero-based epoch index
cpr1,kC,Swap conv49 with shortcut52,11,cpr1-kC-s11,99,46.64,51.27,S0321,100,true,"`cpr1`, 15 runs, 100 ep | Full available curve retained; registered_horizon and in_registered_plateau5_window identify the primary endpoint. Epoch observations are not independent seeds.",accuracy percent; epoch is the raw zero-based epoch index
