arm,seed,n_probe_records,source_ids,step,epoch,beta,L_aggregate,carrier_L_sum,remaining_L_sum,remaining_absolute_L_sum,carriers_strictly_dominate,removal_flips_sign,pinned,determinate,disagree_with_tensor_count,scope,units
sc,18,500,S0587,0,0,-13.814510345459,-6.61234125232113e-09,-3.30717933039182e-09,-3.30516191845986e-09,5.69238425909835e-09,false,false,false,true,false,"`ctd1`, 6 runs, 100 ep | 500 records per seed. Strict domination means carrier sum exceeds the sum of absolute remaining terms; removal_flips_sign is a separate test.",Lion direction units; beta natural log; epoch and step
sc,18,500,S0587,100,0.2,-13.714469909668,-3.37895948177902e-05,-1.3536832597083e-06,-3.24359094608151e-05,3.25710221259233e-05,false,false,false,true,false,"`ctd1`, 6 runs, 100 ep | 500 records per seed. Strict domination means carrier sum exceeds the sum of absolute remaining terms; removal_flips_sign is a separate test.",Lion direction units; beta natural log; epoch and step
sc,18,500,S0587,200,0.4,-13.614429473877,-0.000147239354555495,-3.91775695334218e-06,-0.000143321590074577,0.000143866721828098,false,false,false,true,false,"`ctd1`, 6 runs, 100 ep | 500 records per seed. Strict domination means carrier sum exceeds the sum of absolute remaining terms; removal_flips_sign is a separate test.",Lion direction units; beta natural log; epoch and step
sc,18,500,S0587,300,0.6,-13.5143890380859,-0.000343472513486631,-7.22280144600518e-06,-0.000336249750229245,0.000336996515313065,false,false,false,true,false,"`ctd1`, 6 runs, 100 ep | 500 records per seed. Strict domination means carrier sum exceeds the sum of absolute remaining terms; removal_flips_sign is a separate test.",Lion direction units; beta natural log; epoch and step
sc,18,500,S0587,400,0.8,-13.4143486022949,-0.000570150616113096,-1.10834792849346e-05,-0.000559067001197763,0.000559793979395137,false,false,false,true,false,"`ctd1`, 6 runs, 100 ep | 500 records per seed. Strict domination means carrier sum exceeds the sum of absolute remaining terms; removal_flips_sign is a separate test.",Lion direction units; beta natural log; epoch and step
sc,18,500,S0587,500,1,-13.3143081665039,-0.000910484947962686,-1.61972279784095e-05,-0.000894287705922489,0.000895788059542321,false,false,false,true,false,"`ctd1`, 6 runs, 100 ep | 500 records per seed. Strict domination means carrier sum exceeds the sum of absolute remaining terms; removal_flips_sign is a separate test.",Lion direction units; beta natural log; epoch and step
sc,18,500,S0587,600,1.2,-13.2142677307129,-0.00122050466015935,-2.03985014195496e-05,-0.00120010603414674,0.00120268118182086,false,false,false,true,false,"`ctd1`, 6 runs, 100 ep | 500 records per seed. Strict domination means carrier sum exceeds the sum of absolute remaining terms; removal_flips_sign is a separate test.",Lion direction units; beta natural log; epoch and step
sc,18,500,S0587,700,1.4,-13.1142272949219,-0.0015803609858267,-2.56071062722185e-05,-0.00155475409997193,0.00155818791626977,false,false,false,true,false,"`ctd1`, 6 runs, 100 ep | 500 records per seed. Strict domination means carrier sum exceeds the sum of absolute remaining terms; removal_flips_sign is a separate test.",Lion direction units; beta natural log; epoch and step
sc,18,500,S0587,800,1.6,-13.0141868591309,-0.00199639594648033,-3.03467285448278e-05,-0.00196604929049917,0.00197078837603916,false,false,false,true,false,"`ctd1`, 6 runs, 100 ep | 500 records per seed. Strict domination means carrier sum exceeds the sum of absolute remaining terms; removal_flips_sign is a separate test.",Lion direction units; beta natural log; epoch and step
sc,18,500,S0587,900,1.8,-12.9141464233398,-0.00248049644287676,-3.67640862350527e-05,-0.00244373223921421,0.00244864439618446,false,false,false,true,false,"`ctd1`, 6 runs, 100 ep | 500 records per seed. Strict domination means carrier sum exceeds the sum of absolute remaining terms; removal_flips_sign is a separate test.",Lion direction units; beta natural log; epoch and step
sc,18,500,S0587,1000,2,-12.8141059875488,-0.00295400749891996,-4.35960237155086e-05,-0.00291041152609526,0.0029140000996978,false,false,false,true,false,"`ctd1`, 6 runs, 100 ep | 500 records per seed. Strict domination means carrier sum exceeds the sum of absolute remaining terms; removal_flips_sign is a separate test.",Lion direction units; beta natural log; epoch and step
sc,18,500,S0587,1100,2.2,-12.7140655517578,-0.00350258713588119,-5.08908871779568e-05,-0.00345169470535425,0.00345899606053408,false,false,false,true,false,"`ctd1`, 6 runs, 100 ep | 500 records per seed. Strict domination means carrier sum exceeds the sum of absolute remaining terms; removal_flips_sign is a separate test.",Lion direction units; beta natural log; epoch and step
sc,18,500,S0587,1200,2.4,-12.6140251159668,-0.00412216018885374,-5.93167202168843e-05,-0.00406284318844385,0.00407056482151049,false,false,false,true,false,"`ctd1`, 6 runs, 100 ep | 500 records per seed. Strict domination means carrier sum exceeds the sum of absolute remaining terms; removal_flips_sign is a separate test.",Lion direction units; beta natural log; epoch and step
sc,18,500,S0587,1300,2.6,-12.5139846801758,-0.00468715759925544,-7.07010167388944e-05,-0.00461645421226469,0.00462440746877566,false,false,false,true,false,"`ctd1`, 6 runs, 100 ep | 500 records per seed. Strict domination means carrier sum exceeds the sum of absolute remaining terms; removal_flips_sign is a separate test.",Lion direction units; beta natural log; epoch and step
sc,18,500,S0587,1400,2.8,-12.4139442443848,-0.00563895762898028,-8.04556397270062e-05,-0.00555850148201449,0.00556422074769562,false,false,false,true,false,"`ctd1`, 6 runs, 100 ep | 500 records per seed. Strict domination means carrier sum exceeds the sum of absolute remaining terms; removal_flips_sign is a separate test.",Lion direction units; beta natural log; epoch and step
sc,18,500,S0587,1500,3,-12.3139038085938,-0.00645230342634022,-9.21883567571058e-05,-0.00636011329772457,0.00637204254933492,false,false,false,true,false,"`ctd1`, 6 runs, 100 ep | 500 records per seed. Strict domination means carrier sum exceeds the sum of absolute remaining terms; removal_flips_sign is a separate test.",Lion direction units; beta natural log; epoch and step
sc,18,500,S0587,1600,3.2,-12.2138633728027,-0.00708262929692864,-0.000103983675217023,-0.00697864331383199,0.00699124279248634,false,false,false,true,false,"`ctd1`, 6 runs, 100 ep | 500 records per seed. Strict domination means carrier sum exceeds the sum of absolute remaining terms; removal_flips_sign is a separate test.",Lion direction units; beta natural log; epoch and step
sc,18,500,S0587,1700,3.4,-12.1138229370117,-0.00835254183039069,-0.000116011780119152,-0.00823653104423643,0.00825759891148523,false,false,false,true,false,"`ctd1`, 6 runs, 100 ep | 500 records per seed. Strict domination means carrier sum exceeds the sum of absolute remaining terms; removal_flips_sign is a separate test.",Lion direction units; beta natural log; epoch and step
sc,18,500,S0587,1800,3.6,-12.0137825012207,-0.00933547336608171,-0.00012851680003223,-0.00920695992401672,0.00922563014050777,false,false,false,true,false,"`ctd1`, 6 runs, 100 ep | 500 records per seed. Strict domination means carrier sum exceeds the sum of absolute remaining terms; removal_flips_sign is a separate test.",Lion direction units; beta natural log; epoch and step
sc,18,500,S0587,1900,3.8,-11.9137420654297,-0.0101450094953179,-0.000138982887619932,-0.0100060347345992,0.0100249957048048,false,false,false,true,false,"`ctd1`, 6 runs, 100 ep | 500 records per seed. Strict domination means carrier sum exceeds the sum of absolute remaining terms; removal_flips_sign is a separate test.",Lion direction units; beta natural log; epoch and step
sc,18,500,S0587,2000,4,-11.8137016296387,-0.0119511097669601,-0.000160765220789472,-0.0117903484537976,0.0118002236276836,false,false,false,true,false,"`ctd1`, 6 runs, 100 ep | 500 records per seed. Strict domination means carrier sum exceeds the sum of absolute remaining terms; removal_flips_sign is a separate test.",Lion direction units; beta natural log; epoch and step
sc,18,500,S0587,2100,4.2,-11.7136611938477,-0.0127671129070222,-0.000175458478406654,-0.0125916520408907,0.0126138945761397,false,false,false,true,false,"`ctd1`, 6 runs, 100 ep | 500 records per seed. Strict domination means carrier sum exceeds the sum of absolute remaining terms; removal_flips_sign is a separate test.",Lion direction units; beta natural log; epoch and step
sc,18,500,S0587,2200,4.4,-11.6136207580566,-0.0151098334230483,-0.000207441743623349,-0.0149023915530311,0.0149167628431574,false,false,false,true,false,"`ctd1`, 6 runs, 100 ep | 500 records per seed. Strict domination means carrier sum exceeds the sum of absolute remaining terms; removal_flips_sign is a separate test.",Lion direction units; beta natural log; epoch and step
sc,18,500,S0587,2300,4.6,-11.5135803222656,-0.0163685796782374,-0.000215506857057335,-0.0161530790156327,0.0161797637210846,false,false,false,true,false,"`ctd1`, 6 runs, 100 ep | 500 records per seed. Strict domination means carrier sum exceeds the sum of absolute remaining terms; removal_flips_sign is a separate test.",Lion direction units; beta natural log; epoch and step
sc,18,500,S0587,2400,4.8,-11.4135398864746,-0.0176694246008992,-0.000244965943420539,-0.0174244601267514,0.0174512880888766,false,false,false,true,false,"`ctd1`, 6 runs, 100 ep | 500 records per seed. Strict domination means carrier sum exceeds the sum of absolute remaining terms; removal_flips_sign is a separate test.",Lion direction units; beta natural log; epoch and step
sc,18,500,S0587,2500,5,-11.3134994506836,-0.0200962413102388,-0.000265747364755953,-0.0198305003560341,0.0198525051024921,false,false,false,true,false,"`ctd1`, 6 runs, 100 ep | 500 records per seed. Strict domination means carrier sum exceeds the sum of absolute remaining terms; removal_flips_sign is a separate test.",Lion direction units; beta natural log; epoch and step
sc,18,500,S0587,2600,5.2,-11.2134590148926,-0.0220028894022107,-0.00029050935554551,-0.0217123888757897,0.021728829223207,false,false,false,true,false,"`ctd1`, 6 runs, 100 ep | 500 records per seed. Strict domination means carrier sum exceeds the sum of absolute remaining terms; removal_flips_sign is a separate test.",Lion direction units; beta natural log; epoch and step
sc,18,500,S0587,2700,5.4,-11.1134185791016,-0.0240546613931656,-0.000306785387147102,-0.0237478765543499,0.02379843765286,false,false,false,true,false,"`ctd1`, 6 runs, 100 ep | 500 records per seed. Strict domination means carrier sum exceeds the sum of absolute remaining terms; removal_flips_sign is a separate test.",Lion direction units; beta natural log; epoch and step
sc,18,500,S0587,2800,5.6,-11.0133781433105,-0.0276271898299456,-0.000358139964373549,-0.0272690432500433,0.0273080810469672,false,false,false,true,false,"`ctd1`, 6 runs, 100 ep | 500 records per seed. Strict domination means carrier sum exceeds the sum of absolute remaining terms; removal_flips_sign is a separate test.",Lion direction units; beta natural log; epoch and step
sc,18,500,S0587,2900,5.8,-10.9133377075195,-0.0290070863440633,-0.000384472694713622,-0.0286226207964946,0.0286567204811208,false,false,false,true,false,"`ctd1`, 6 runs, 100 ep | 500 records per seed. Strict domination means carrier sum exceeds the sum of absolute remaining terms; removal_flips_sign is a separate test.",Lion direction units; beta natural log; epoch and step
sc,18,500,S0587,3000,6,-10.8132972717285,-0.0323918923735619,-0.000423384342866484,-0.0319685099744737,0.0320278816765557,false,false,false,true,false,"`ctd1`, 6 runs, 100 ep | 500 records per seed. Strict domination means carrier sum exceeds the sum of absolute remaining terms; removal_flips_sign is a separate test.",Lion direction units; beta natural log; epoch and step
sc,18,500,S0587,3100,6.2,-10.7132568359375,-0.033849280141294,-0.000451441277982667,-0.033397810276912,0.0334495203997758,false,false,false,true,false,"`ctd1`, 6 runs, 100 ep | 500 records per seed. Strict domination means carrier sum exceeds the sum of absolute remaining terms; removal_flips_sign is a separate test.",Lion direction units; beta natural log; epoch and step
sc,18,500,S0587,3200,6.4,-10.6132164001465,-0.0389577209949493,-0.00051921885315096,-0.0384384954097436,0.0385066398657751,false,false,false,true,false,"`ctd1`, 6 runs, 100 ep | 500 records per seed. Strict domination means carrier sum exceeds the sum of absolute remaining terms; removal_flips_sign is a separate test.",Lion direction units; beta natural log; epoch and step
sc,18,500,S0587,3300,6.6,-10.5131759643555,-0.0401156608015299,-0.000527399654674809,-0.0395882617831934,0.0396513982984391,false,false,false,true,false,"`ctd1`, 6 runs, 100 ep | 500 records per seed. Strict domination means carrier sum exceeds the sum of absolute remaining terms; removal_flips_sign is a separate test.",Lion direction units; beta natural log; epoch and step
sc,18,500,S0587,3400,6.8,-10.4131355285645,-0.0466365944594145,-0.000576774349610787,-0.0460598293013383,0.0461328842362711,false,false,false,true,false,"`ctd1`, 6 runs, 100 ep | 500 records per seed. Strict domination means carrier sum exceeds the sum of absolute remaining terms; removal_flips_sign is a separate test.",Lion direction units; beta natural log; epoch and step
sc,18,500,S0587,3500,7,-10.3130950927734,-0.051037885248661,-0.000636432619648986,-0.0504014547870955,0.050486894546555,false,false,false,true,false,"`ctd1`, 6 runs, 100 ep | 500 records per seed. Strict domination means carrier sum exceeds the sum of absolute remaining terms; removal_flips_sign is a separate test.",Lion direction units; beta natural log; epoch and step
sc,18,500,S0587,3600,7.2,-10.2130546569824,-0.0557718843221664,-0.000672148865123745,-0.0550997435536228,0.0552157450725954,false,false,false,true,false,"`ctd1`, 6 runs, 100 ep | 500 records per seed. Strict domination means carrier sum exceeds the sum of absolute remaining terms; removal_flips_sign is a separate test.",Lion direction units; beta natural log; epoch and step
sc,18,500,S0587,3700,7.4,-10.1130142211914,-0.0576219007372856,-0.000693266092275735,-0.0569286400827881,0.0570532036986155,false,false,false,true,false,"`ctd1`, 6 runs, 100 ep | 500 records per seed. Strict domination means carrier sum exceeds the sum of absolute remaining terms; removal_flips_sign is a separate test.",Lion direction units; beta natural log; epoch and step
sc,18,500,S0587,3800,7.6,-10.0129737854004,-0.0619856435805559,-0.000726387852046173,-0.0612592679199391,0.061388714584626,false,false,false,true,false,"`ctd1`, 6 runs, 100 ep | 500 records per seed. Strict domination means carrier sum exceeds the sum of absolute remaining terms; removal_flips_sign is a separate test.",Lion direction units; beta natural log; epoch and step
sc,18,500,S0587,3900,7.8,-9.91293334960938,-0.0670595932751894,-0.000740679028967861,-0.0663189339664072,0.0664486728071765,false,false,false,true,false,"`ctd1`, 6 runs, 100 ep | 500 records per seed. Strict domination means carrier sum exceeds the sum of absolute remaining terms; removal_flips_sign is a separate test.",Lion direction units; beta natural log; epoch and step
sc,18,500,S0587,4000,8,-9.81289291381836,-0.0744945101439953,-0.000773618635867024,-0.0737208999790486,0.0739039563048895,false,false,false,true,false,"`ctd1`, 6 runs, 100 ep | 500 records per seed. Strict domination means carrier sum exceeds the sum of absolute remaining terms; removal_flips_sign is a separate test.",Lion direction units; beta natural log; epoch and step
sc,18,500,S0587,4100,8.2,-9.71285247802734,-0.0791810140013695,-0.000838377585751005,-0.078342640167353,0.0784760440111093,false,false,false,true,false,"`ctd1`, 6 runs, 100 ep | 500 records per seed. Strict domination means carrier sum exceeds the sum of absolute remaining terms; removal_flips_sign is a separate test.",Lion direction units; beta natural log; epoch and step
sc,18,500,S0587,4200,8.4,-9.61281204223633,-0.080359610170126,-0.000793427479766251,-0.0795662038745736,0.079778062435334,false,false,false,true,false,"`ctd1`, 6 runs, 100 ep | 500 records per seed. Strict domination means carrier sum exceeds the sum of absolute remaining terms; removal_flips_sign is a separate test.",Lion direction units; beta natural log; epoch and step
sc,18,500,S0587,4300,8.6,-9.51277160644531,-0.0894926942884922,-0.000859930108708795,-0.0886327776825293,0.0887824442814928,false,false,false,true,false,"`ctd1`, 6 runs, 100 ep | 500 records per seed. Strict domination means carrier sum exceeds the sum of absolute remaining terms; removal_flips_sign is a separate test.",Lion direction units; beta natural log; epoch and step
sc,18,500,S0587,4400,8.8,-9.4127311706543,-0.0967125654220581,-0.000857429148163647,-0.0958551437460915,0.0960684253855721,false,false,false,true,false,"`ctd1`, 6 runs, 100 ep | 500 records per seed. Strict domination means carrier sum exceeds the sum of absolute remaining terms; removal_flips_sign is a separate test.",Lion direction units; beta natural log; epoch and step
sc,18,500,S0587,4500,9,-9.31269073486328,-0.103338725119829,-0.000906949015916325,-0.102431802490561,0.102589397596627,false,false,false,true,false,"`ctd1`, 6 runs, 100 ep | 500 records per seed. Strict domination means carrier sum exceeds the sum of absolute remaining terms; removal_flips_sign is a separate test.",Lion direction units; beta natural log; epoch and step
sc,18,500,S0587,4600,9.2,-9.21265029907227,-0.107052943855524,-0.000757666755089304,-0.106295294903234,0.10649715638227,false,false,false,true,false,"`ctd1`, 6 runs, 100 ep | 500 records per seed. Strict domination means carrier sum exceeds the sum of absolute remaining terms; removal_flips_sign is a separate test.",Lion direction units; beta natural log; epoch and step
sc,18,500,S0587,4700,9.4,-9.11260986328125,-0.111358942836523,-0.000803549324336927,-0.110555386409914,0.110912812237775,false,false,false,true,false,"`ctd1`, 6 runs, 100 ep | 500 records per seed. Strict domination means carrier sum exceeds the sum of absolute remaining terms; removal_flips_sign is a separate test.",Lion direction units; beta natural log; epoch and step
sc,18,500,S0587,4800,9.6,-9.01256942749023,-0.121888133883476,-0.000746740131580736,-0.121141401820248,0.121445369914407,false,false,false,true,false,"`ctd1`, 6 runs, 100 ep | 500 records per seed. Strict domination means carrier sum exceeds the sum of absolute remaining terms; removal_flips_sign is a separate test.",Lion direction units; beta natural log; epoch and step
sc,18,500,S0587,4900,9.8,-8.91252899169922,-0.121764153987169,-0.000702876306604594,-0.121061267582787,0.121574118074364,false,false,false,true,false,"`ctd1`, 6 runs, 100 ep | 500 records per seed. Strict domination means carrier sum exceeds the sum of absolute remaining terms; removal_flips_sign is a separate test.",Lion direction units; beta natural log; epoch and step
sc,18,500,S0587,5000,10,-8.8124885559082,-0.125060495734215,-0.000555902865016833,-0.124504586924963,0.124930285835439,false,false,false,true,false,"`ctd1`, 6 runs, 100 ep | 500 records per seed. Strict domination means carrier sum exceeds the sum of absolute remaining terms; removal_flips_sign is a separate test.",Lion direction units; beta natural log; epoch and step
sc,18,500,S0587,5100,10.2,-8.71244812011719,-0.133288757503033,-0.0004130839901336,-0.132875739622893,0.133317136166358,false,false,false,true,false,"`ctd1`, 6 runs, 100 ep | 500 records per seed. Strict domination means carrier sum exceeds the sum of absolute remaining terms; removal_flips_sign is a separate test.",Lion direction units; beta natural log; epoch and step
sc,18,500,S0587,5200,10.4,-8.61240768432617,-0.136577920615673,-0.000267724541299685,-0.136310234165356,0.136628630357225,false,false,false,true,false,"`ctd1`, 6 runs, 100 ep | 500 records per seed. Strict domination means carrier sum exceeds the sum of absolute remaining terms; removal_flips_sign is a separate test.",Lion direction units; beta natural log; epoch and step
sc,18,500,S0587,5300,10.6,-8.51236724853516,-0.143934984505177,0.000165138146257959,-0.144100085581713,0.144771456000863,false,false,false,true,false,"`ctd1`, 6 runs, 100 ep | 500 records per seed. Strict domination means carrier sum exceeds the sum of absolute remaining terms; removal_flips_sign is a separate test.",Lion direction units; beta natural log; epoch and step
sc,18,500,S0587,5400,10.8,-8.41232681274414,-0.142139863222837,0.000309075834957184,-0.142448970397096,0.142940792027299,false,false,false,true,false,"`ctd1`, 6 runs, 100 ep | 500 records per seed. Strict domination means carrier sum exceeds the sum of absolute remaining terms; removal_flips_sign is a separate test.",Lion direction units; beta natural log; epoch and step
sc,18,500,S0587,5500,11,-8.31228637695312,-0.156128624081612,0.000561858132277848,-0.156690431389514,0.157050706021626,false,false,false,true,false,"`ctd1`, 6 runs, 100 ep | 500 records per seed. Strict domination means carrier sum exceeds the sum of absolute remaining terms; removal_flips_sign is a separate test.",Lion direction units; beta natural log; epoch and step
sc,18,500,S0587,5600,11.2,-8.21224594116211,-0.161723659932613,0.00120013906780514,-0.16292374144643,0.163199576213374,false,false,false,true,false,"`ctd1`, 6 runs, 100 ep | 500 records per seed. Strict domination means carrier sum exceeds the sum of absolute remaining terms; removal_flips_sign is a separate test.",Lion direction units; beta natural log; epoch and step
sc,18,500,S0587,5700,11.4,-8.11220550537109,-0.168329432606697,0.00155966829915997,-0.169889065958721,0.170783278797187,false,false,false,true,false,"`ctd1`, 6 runs, 100 ep | 500 records per seed. Strict domination means carrier sum exceeds the sum of absolute remaining terms; removal_flips_sign is a separate test.",Lion direction units; beta natural log; epoch and step
sc,18,500,S0587,5800,11.6,-8.01216506958008,-0.168583877384663,0.00191450237180106,-0.170498391671596,0.171128614812939,false,false,false,true,false,"`ctd1`, 6 runs, 100 ep | 500 records per seed. Strict domination means carrier sum exceeds the sum of absolute remaining terms; removal_flips_sign is a separate test.",Lion direction units; beta natural log; epoch and step
sc,18,500,S0587,5900,11.8,-7.91216659545898,-0.186853650212288,0.00267306034802459,-0.189526677032379,0.190154394316457,false,false,false,true,false,"`ctd1`, 6 runs, 100 ep | 500 records per seed. Strict domination means carrier sum exceeds the sum of absolute remaining terms; removal_flips_sign is a separate test.",Lion direction units; beta natural log; epoch and step
sc,18,500,S0587,6000,12,-7.81217384338379,-0.183197350800037,0.0033481790946098,-0.186545458060817,0.1875654889435,false,false,false,true,false,"`ctd1`, 6 runs, 100 ep | 500 records per seed. Strict domination means carrier sum exceeds the sum of absolute remaining terms; removal_flips_sign is a separate test.",Lion direction units; beta natural log; epoch and step
sc,18,500,S0587,6100,12.2,-7.71218109130859,-0.190902742743492,0.00455108341411687,-0.195453761997936,0.196568527026733,false,false,false,true,false,"`ctd1`, 6 runs, 100 ep | 500 records per seed. Strict domination means carrier sum exceeds the sum of absolute remaining terms; removal_flips_sign is a separate test.",Lion direction units; beta natural log; epoch and step
sc,18,500,S0587,6200,12.4,-7.6121883392334,-0.177938562631607,0.00562809969997033,-0.183566633663466,0.184639022237278,false,false,false,true,false,"`ctd1`, 6 runs, 100 ep | 500 records per seed. Strict domination means carrier sum exceeds the sum of absolute remaining terms; removal_flips_sign is a separate test.",Lion direction units; beta natural log; epoch and step
sc,18,500,S0587,6300,12.6,-7.5121955871582,-0.184322729706764,0.00692446946632117,-0.191247175778486,0.192049962432762,false,false,false,true,false,"`ctd1`, 6 runs, 100 ep | 500 records per seed. Strict domination means carrier sum exceeds the sum of absolute remaining terms; removal_flips_sign is a separate test.",Lion direction units; beta natural log; epoch and step
sc,18,500,S0587,6400,12.8,-7.41220283508301,-0.181528523564339,0.0074202828342095,-0.188948733931269,0.190395550739581,false,false,false,true,false,"`ctd1`, 6 runs, 100 ep | 500 records per seed. Strict domination means carrier sum exceeds the sum of absolute remaining terms; removal_flips_sign is a separate test.",Lion direction units; beta natural log; epoch and step
sc,18,500,S0587,6500,13,-7.31221008300781,-0.194397501647472,0.00936932848999277,-0.203766789424093,0.205092783753911,false,false,false,true,false,"`ctd1`, 6 runs, 100 ep | 500 records per seed. Strict domination means carrier sum exceeds the sum of absolute remaining terms; removal_flips_sign is a separate test.",Lion direction units; beta natural log; epoch and step
sc,18,500,S0587,6600,13.2,-7.21221733093262,-0.204660545289516,0.0115987147204578,-0.216259302353535,0.217803751176359,false,false,false,true,false,"`ctd1`, 6 runs, 100 ep | 500 records per seed. Strict domination means carrier sum exceeds the sum of absolute remaining terms; removal_flips_sign is a separate test.",Lion direction units; beta natural log; epoch and step
sc,18,500,S0587,6700,13.4,-7.11222457885742,-0.182089588791132,0.0125910478294827,-0.194680607341053,0.19626333358936,false,false,false,true,false,"`ctd1`, 6 runs, 100 ep | 500 records per seed. Strict domination means carrier sum exceeds the sum of absolute remaining terms; removal_flips_sign is a separate test.",Lion direction units; beta natural log; epoch and step
sc,18,500,S0587,6800,13.6,-7.01223182678223,-0.208343979716301,0.0157594779040664,-0.224103440627948,0.226289775654584,false,false,false,true,false,"`ctd1`, 6 runs, 100 ep | 500 records per seed. Strict domination means carrier sum exceeds the sum of absolute remaining terms; removal_flips_sign is a separate test.",Lion direction units; beta natural log; epoch and step
sc,18,500,S0587,6900,13.8,-6.91223907470703,-0.190898302197456,0.0185011313762516,-0.209399438589682,0.212462721350241,false,false,false,true,false,"`ctd1`, 6 runs, 100 ep | 500 records per seed. Strict domination means carrier sum exceeds the sum of absolute remaining terms; removal_flips_sign is a separate test.",Lion direction units; beta natural log; epoch and step
sc,18,500,S0587,7000,14,-6.81224632263184,-0.205354355275631,0.0203186854487285,-0.225673005650586,0.227244097150813,false,false,false,true,false,"`ctd1`, 6 runs, 100 ep | 500 records per seed. Strict domination means carrier sum exceeds the sum of absolute remaining terms; removal_flips_sign is a separate test.",Lion direction units; beta natural log; epoch and step
sc,18,500,S0587,7100,14.2,-6.71225357055664,-0.19572112262249,0.0234538070857525,-0.219174959299539,0.222674556124525,false,false,false,true,false,"`ctd1`, 6 runs, 100 ep | 500 records per seed. Strict domination means carrier sum exceeds the sum of absolute remaining terms; removal_flips_sign is a separate test.",Lion direction units; beta natural log; epoch and step
sc,18,500,S0587,7200,14.4,-6.61226081848145,-0.198091199994087,0.0273105403408408,-0.225401773710752,0.227730401520517,false,false,false,true,false,"`ctd1`, 6 runs, 100 ep | 500 records per seed. Strict domination means carrier sum exceeds the sum of absolute remaining terms; removal_flips_sign is a separate test.",Lion direction units; beta natural log; epoch and step
sc,18,500,S0587,7300,14.6,-6.51226806640625,-0.203371368348598,0.0308070481522009,-0.234178385395296,0.238119327355059,false,false,false,true,false,"`ctd1`, 6 runs, 100 ep | 500 records per seed. Strict domination means carrier sum exceeds the sum of absolute remaining terms; removal_flips_sign is a separate test.",Lion direction units; beta natural log; epoch and step
sc,18,500,S0587,7400,14.8,-6.41227531433105,-0.1936369150877,0.0350697453366593,-0.228706703398478,0.233560762786641,false,false,false,true,false,"`ctd1`, 6 runs, 100 ep | 500 records per seed. Strict domination means carrier sum exceeds the sum of absolute remaining terms; removal_flips_sign is a separate test.",Lion direction units; beta natural log; epoch and step
sc,18,500,S0587,7500,15,-6.31228256225586,-0.213380452990532,0.0453390287235379,-0.258719415773274,0.265011438658738,false,false,false,true,false,"`ctd1`, 6 runs, 100 ep | 500 records per seed. Strict domination means carrier sum exceeds the sum of absolute remaining terms; removal_flips_sign is a separate test.",Lion direction units; beta natural log; epoch and step
sc,18,500,S0587,7600,15.2,-6.21228981018066,-0.204361595213413,0.0515643557533622,-0.255925952440509,0.262903414042,false,false,false,true,false,"`ctd1`, 6 runs, 100 ep | 500 records per seed. Strict domination means carrier sum exceeds the sum of absolute remaining terms; removal_flips_sign is a separate test.",Lion direction units; beta natural log; epoch and step
sc,18,500,S0587,7700,15.4,-6.11229705810547,-0.208353392034769,0.0567653085105121,-0.265118725971809,0.27212628419071,false,false,false,true,false,"`ctd1`, 6 runs, 100 ep | 500 records per seed. Strict domination means carrier sum exceeds the sum of absolute remaining terms; removal_flips_sign is a separate test.",Lion direction units; beta natural log; epoch and step
sc,18,500,S0587,7800,15.6,-6.01230430603027,-0.198383092880249,0.0672576786950231,-0.265640708066104,0.27336283102025,false,false,false,true,false,"`ctd1`, 6 runs, 100 ep | 500 records per seed. Strict domination means carrier sum exceeds the sum of absolute remaining terms; removal_flips_sign is a separate test.",Lion direction units; beta natural log; epoch and step
sc,18,500,S0587,7900,15.8,-5.91231155395508,-0.200889952480793,0.0811757681891322,-0.282065702558916,0.293337401699623,false,false,false,true,false,"`ctd1`, 6 runs, 100 ep | 500 records per seed. Strict domination means carrier sum exceeds the sum of absolute remaining terms; removal_flips_sign is a separate test.",Lion direction units; beta natural log; epoch and step
sc,18,500,S0587,8000,16,-5.81231880187988,-0.189988826215267,0.0912014903500676,-0.281190244447703,0.295112534138047,false,false,false,true,false,"`ctd1`, 6 runs, 100 ep | 500 records per seed. Strict domination means carrier sum exceeds the sum of absolute remaining terms; removal_flips_sign is a separate test.",Lion direction units; beta natural log; epoch and step
sc,18,500,S0587,8100,16.2,-5.71232604980469,-0.165468350052834,0.101248351484537,-0.266716704199487,0.289527256470811,false,false,false,true,false,"`ctd1`, 6 runs, 100 ep | 500 records per seed. Strict domination means carrier sum exceeds the sum of absolute remaining terms; removal_flips_sign is a separate test.",Lion direction units; beta natural log; epoch and step
sc,18,500,S0587,8200,16.4,-5.61233329772949,-0.130509311519563,0.114394843392074,-0.244904198153677,0.268139753378478,false,false,false,true,false,"`ctd1`, 6 runs, 100 ep | 500 records per seed. Strict domination means carrier sum exceeds the sum of absolute remaining terms; removal_flips_sign is a separate test.",Lion direction units; beta natural log; epoch and step
sc,18,500,S0587,8300,16.6,-5.5123405456543,-0.124886674433947,0.133486655168235,-0.258373335204811,0.28313719468984,false,false,false,true,false,"`ctd1`, 6 runs, 100 ep | 500 records per seed. Strict domination means carrier sum exceeds the sum of absolute remaining terms; removal_flips_sign is a separate test.",Lion direction units; beta natural log; epoch and step
sc,18,500,S0587,8400,16.8,-5.4123477935791,-0.0804980296641588,0.153325924836099,-0.233823930686759,0.290734315097944,false,false,false,true,false,"`ctd1`, 6 runs, 100 ep | 500 records per seed. Strict domination means carrier sum exceeds the sum of absolute remaining terms; removal_flips_sign is a separate test.",Lion direction units; beta natural log; epoch and step
sc,18,500,S0587,8500,17,-5.31235504150391,-0.0701134905219078,0.168343134224415,-0.238456579711016,0.271238536330867,false,false,false,true,false,"`ctd1`, 6 runs, 100 ep | 500 records per seed. Strict domination means carrier sum exceeds the sum of absolute remaining terms; removal_flips_sign is a separate test.",Lion direction units; beta natural log; epoch and step
sc,18,500,S0587,8600,17.2,-5.21236228942871,-0.0131520081311464,0.198872140049934,-0.21202413325662,0.291899474233884,false,false,false,true,false,"`ctd1`, 6 runs, 100 ep | 500 records per seed. Strict domination means carrier sum exceeds the sum of absolute remaining terms; removal_flips_sign is a separate test.",Lion direction units; beta natural log; epoch and step
sc,18,500,S0587,8700,17.4,-5.15836620330811,0.00856474890606478,0.213554811477661,-0.204990035323196,0.26925520685739,false,true,false,true,true,"`ctd1`, 6 runs, 100 ep | 500 records per seed. Strict domination means carrier sum exceeds the sum of absolute remaining terms; removal_flips_sign is a separate test.",Lion direction units; beta natural log; epoch and step
sc,18,500,S0587,8800,17.6,-5.2583589553833,0.0421173486858606,0.241645084321499,-0.199527728955479,0.28204264986399,false,true,false,true,true,"`ctd1`, 6 runs, 100 ep | 500 records per seed. Strict domination means carrier sum exceeds the sum of absolute remaining terms; removal_flips_sign is a separate test.",Lion direction units; beta natural log; epoch and step
sc,18,500,S0587,8900,17.8,-5.3583517074585,0.101411835849285,0.281464848294854,-0.180052983169804,0.310273247585258,false,true,false,true,true,"`ctd1`, 6 runs, 100 ep | 500 records per seed. Strict domination means carrier sum exceeds the sum of absolute remaining terms; removal_flips_sign is a separate test.",Lion direction units; beta natural log; epoch and step
sc,18,500,S0587,9000,18,-5.45834445953369,0.129586239904165,0.318199978023767,-0.18861371450752,0.293025151489056,true,true,false,true,true,"`ctd1`, 6 runs, 100 ep | 500 records per seed. Strict domination means carrier sum exceeds the sum of absolute remaining terms; removal_flips_sign is a separate test.",Lion direction units; beta natural log; epoch and step
sc,18,500,S0587,9100,18.2,-5.55833721160889,0.149950706958771,0.35335494056344,-0.203404221395775,0.316687247840565,true,true,false,true,true,"`ctd1`, 6 runs, 100 ep | 500 records per seed. Strict domination means carrier sum exceeds the sum of absolute remaining terms; removal_flips_sign is a separate test.",Lion direction units; beta natural log; epoch and step
sc,18,500,S0587,9200,18.4,-5.65832996368408,0.15985295176506,0.385421834886074,-0.22556883129042,0.334856547770781,true,true,false,true,true,"`ctd1`, 6 runs, 100 ep | 500 records per seed. Strict domination means carrier sum exceeds the sum of absolute remaining terms; removal_flips_sign is a separate test.",Lion direction units; beta natural log; epoch and step
sc,18,500,S0587,9300,18.6,-5.75832271575928,0.201219411194324,0.411589340865612,-0.210370004997386,0.361232304778316,true,true,false,true,true,"`ctd1`, 6 runs, 100 ep | 500 records per seed. Strict domination means carrier sum exceeds the sum of absolute remaining terms; removal_flips_sign is a separate test.",Lion direction units; beta natural log; epoch and step
sc,18,500,S0587,9400,18.8,-5.85831546783447,0.195492200553417,0.427642155438662,-0.232149943255669,0.338726182084285,true,true,false,true,true,"`ctd1`, 6 runs, 100 ep | 500 records per seed. Strict domination means carrier sum exceeds the sum of absolute remaining terms; removal_flips_sign is a separate test.",Lion direction units; beta natural log; epoch and step
sc,18,500,S0587,9500,19,-5.95830821990967,0.20815165489912,0.45653198286891,-0.248380360359515,0.368484063110451,true,true,false,true,true,"`ctd1`, 6 runs, 100 ep | 500 records per seed. Strict domination means carrier sum exceeds the sum of absolute remaining terms; removal_flips_sign is a separate test.",Lion direction units; beta natural log; epoch and step
sc,18,500,S0587,9600,19.2,-6.05830097198486,0.239242018759251,0.506309640407562,-0.26706764873768,0.407065987455417,true,true,false,true,true,"`ctd1`, 6 runs, 100 ep | 500 records per seed. Strict domination means carrier sum exceeds the sum of absolute remaining terms; removal_flips_sign is a separate test.",Lion direction units; beta natural log; epoch and step
sc,18,500,S0587,9700,19.4,-6.15829372406006,0.233910721540451,0.516784009337425,-0.282873314821387,0.39311139862113,true,true,false,true,true,"`ctd1`, 6 runs, 100 ep | 500 records per seed. Strict domination means carrier sum exceeds the sum of absolute remaining terms; removal_flips_sign is a separate test.",Lion direction units; beta natural log; epoch and step
sc,18,500,S0587,9800,19.6,-6.25828647613525,0.225303392112255,0.530227130651474,-0.304923650342189,0.410555602395064,true,true,false,true,true,"`ctd1`, 6 runs, 100 ep | 500 records per seed. Strict domination means carrier sum exceeds the sum of absolute remaining terms; removal_flips_sign is a separate test.",Lion direction units; beta natural log; epoch and step
sc,18,500,S0587,9900,19.8,-6.35827922821045,0.261663231253624,0.565353283286095,-0.303689997926563,0.438285334170075,true,true,false,true,true,"`ctd1`, 6 runs, 100 ep | 500 records per seed. Strict domination means carrier sum exceeds the sum of absolute remaining terms; removal_flips_sign is a separate test.",Lion direction units; beta natural log; epoch and step
sc,18,500,S0587,10000,20,-6.45827198028564,0.230105346441269,0.594273538887501,-0.364168227424643,0.453176743702027,true,true,false,true,true,"`ctd1`, 6 runs, 100 ep | 500 records per seed. Strict domination means carrier sum exceeds the sum of absolute remaining terms; removal_flips_sign is a separate test.",Lion direction units; beta natural log; epoch and step
sc,18,500,S0587,10100,20.2,-6.55826473236084,0.249952467158437,0.591481047868729,-0.341528711816886,0.504526574258239,true,true,false,true,true,"`ctd1`, 6 runs, 100 ep | 500 records per seed. Strict domination means carrier sum exceeds the sum of absolute remaining terms; removal_flips_sign is a separate test.",Lion direction units; beta natural log; epoch and step
sc,18,500,S0587,10200,20.4,-6.65825748443604,0.25558964908123,0.609946069121361,-0.354356353391563,0.494426829858799,true,true,false,true,true,"`ctd1`, 6 runs, 100 ep | 500 records per seed. Strict domination means carrier sum exceeds the sum of absolute remaining terms; removal_flips_sign is a separate test.",Lion direction units; beta natural log; epoch and step
sc,18,500,S0587,10300,20.6,-6.75825023651123,0.264994210004806,0.63794227540493,-0.372948037427648,0.496592039837344,true,true,false,true,true,"`ctd1`, 6 runs, 100 ep | 500 records per seed. Strict domination means carrier sum exceeds the sum of absolute remaining terms; removal_flips_sign is a separate test.",Lion direction units; beta natural log; epoch and step
sc,18,500,S0587,10400,20.8,-6.85824298858643,0.280133354663849,0.659499937295914,-0.37936648548004,0.50621174151367,true,true,false,true,true,"`ctd1`, 6 runs, 100 ep | 500 records per seed. Strict domination means carrier sum exceeds the sum of absolute remaining terms; removal_flips_sign is a separate test.",Lion direction units; beta natural log; epoch and step
sc,18,500,S0587,10500,21,-6.95823574066162,0.267295148968697,0.682235746085644,-0.414940568248137,0.529070721688534,true,true,false,true,true,"`ctd1`, 6 runs, 100 ep | 500 records per seed. Strict domination means carrier sum exceeds the sum of absolute remaining terms; removal_flips_sign is a separate test.",Lion direction units; beta natural log; epoch and step
sc,18,500,S0587,10600,21.2,-7.05822849273682,0.269240152835846,0.699958835542202,-0.430718793226458,0.548438634071533,true,true,false,true,true,"`ctd1`, 6 runs, 100 ep | 500 records per seed. Strict domination means carrier sum exceeds the sum of absolute remaining terms; removal_flips_sign is a separate test.",Lion direction units; beta natural log; epoch and step
sc,18,500,S0587,10700,21.4,-7.15822124481201,0.251774708926678,0.711939322948456,-0.460164731931789,0.561099173232722,true,true,false,true,true,"`ctd1`, 6 runs, 100 ep | 500 records per seed. Strict domination means carrier sum exceeds the sum of absolute remaining terms; removal_flips_sign is a separate test.",Lion direction units; beta natural log; epoch and step
sc,18,500,S0587,10800,21.6,-7.25821399688721,0.280537417531013,0.708995178341866,-0.42845788075058,0.577871326277841,true,true,false,true,true,"`ctd1`, 6 runs, 100 ep | 500 records per seed. Strict domination means carrier sum exceeds the sum of absolute remaining terms; removal_flips_sign is a separate test.",Lion direction units; beta natural log; epoch and step
sc,18,500,S0587,10900,21.8,-7.3582067489624,0.2409045368433,0.731202439963818,-0.49029816925314,0.605545295856609,true,true,false,true,true,"`ctd1`, 6 runs, 100 ep | 500 records per seed. Strict domination means carrier sum exceeds the sum of absolute remaining terms; removal_flips_sign is a separate test.",Lion direction units; beta natural log; epoch and step
sc,18,500,S0587,11000,22,-7.4581995010376,0.230543950200081,0.724531552195549,-0.493987587645171,0.59864573553711,true,true,false,true,true,"`ctd1`, 6 runs, 100 ep | 500 records per seed. Strict domination means carrier sum exceeds the sum of absolute remaining terms; removal_flips_sign is a separate test.",Lion direction units; beta natural log; epoch and step
sc,18,500,S0587,11100,22.2,-7.55819225311279,0.248219883441925,0.743629340827465,-0.495409450476029,0.610236033409922,true,true,false,true,true,"`ctd1`, 6 runs, 100 ep | 500 records per seed. Strict domination means carrier sum exceeds the sum of absolute remaining terms; removal_flips_sign is a separate test.",Lion direction units; beta natural log; epoch and step
sc,18,500,S0587,11200,22.4,-7.65818500518799,0.241136127710342,0.757365404069424,-0.516229319706338,0.625814631461924,true,true,false,true,true,"`ctd1`, 6 runs, 100 ep | 500 records per seed. Strict domination means carrier sum exceeds the sum of absolute remaining terms; removal_flips_sign is a separate test.",Lion direction units; beta natural log; epoch and step
sc,18,500,S0587,11300,22.6,-7.75817775726318,0.263166886568069,0.741169120371342,-0.478002084512599,0.617127476900458,true,true,false,true,true,"`ctd1`, 6 runs, 100 ep | 500 records per seed. Strict domination means carrier sum exceeds the sum of absolute remaining terms; removal_flips_sign is a separate test.",Lion direction units; beta natural log; epoch and step
sc,18,500,S0587,11400,22.8,-7.85817050933838,0.243740935623646,0.758461758494377,-0.514720808599782,0.644381961445492,true,true,false,true,true,"`ctd1`, 6 runs, 100 ep | 500 records per seed. Strict domination means carrier sum exceeds the sum of absolute remaining terms; removal_flips_sign is a separate test.",Lion direction units; beta natural log; epoch and step
sc,18,500,S0587,11500,23,-7.95816326141357,0.204286270588636,0.771628119051456,-0.567341753464001,0.698726088412235,true,true,false,true,true,"`ctd1`, 6 runs, 100 ep | 500 records per seed. Strict domination means carrier sum exceeds the sum of absolute remaining terms; removal_flips_sign is a separate test.",Lion direction units; beta natural log; epoch and step
sc,18,500,S0587,11600,23.2,-8.05818367004395,0.252711583673954,0.774959154427052,-0.522247657023723,0.621256541837289,true,true,false,true,true,"`ctd1`, 6 runs, 100 ep | 500 records per seed. Strict domination means carrier sum exceeds the sum of absolute remaining terms; removal_flips_sign is a separate test.",Lion direction units; beta natural log; epoch and step
sc,18,500,S0587,11700,23.4,-8.15822410583496,0.252390655875206,0.782846005260944,-0.530455532463478,0.683137720704056,true,true,false,true,true,"`ctd1`, 6 runs, 100 ep | 500 records per seed. Strict domination means carrier sum exceeds the sum of absolute remaining terms; removal_flips_sign is a separate test.",Lion direction units; beta natural log; epoch and step
sc,18,500,S0587,11800,23.6,-8.25826454162598,0.239345137029886,0.796211577951908,-0.556866583055273,0.683577296193982,true,true,false,true,true,"`ctd1`, 6 runs, 100 ep | 500 records per seed. Strict domination means carrier sum exceeds the sum of absolute remaining terms; removal_flips_sign is a separate test.",Lion direction units; beta natural log; epoch and step
sc,18,500,S0587,11900,23.8,-8.35830497741699,0.233094128966331,0.790058788657188,-0.556964521394707,0.670266783664965,true,true,false,true,true,"`ctd1`, 6 runs, 100 ep | 500 records per seed. Strict domination means carrier sum exceeds the sum of absolute remaining terms; removal_flips_sign is a separate test.",Lion direction units; beta natural log; epoch and step
sc,18,500,S0587,12000,24,-8.45834541320801,0.256235730648041,0.792821274697781,-0.536585475234273,0.682763768464241,true,true,false,true,true,"`ctd1`, 6 runs, 100 ep | 500 records per seed. Strict domination means carrier sum exceeds the sum of absolute remaining terms; removal_flips_sign is a separate test.",Lion direction units; beta natural log; epoch and step
sc,18,500,S0587,12100,24.2,-8.55838584899902,0.234865842759609,0.798980037868023,-0.564114079754214,0.681373194726908,true,true,false,true,true,"`ctd1`, 6 runs, 100 ep | 500 records per seed. Strict domination means carrier sum exceeds the sum of absolute remaining terms; removal_flips_sign is a separate test.",Lion direction units; beta natural log; epoch and step
sc,18,500,S0587,12200,24.4,-8.65842628479004,0.246344213187695,0.803583930432797,-0.557239522260125,0.709431954486263,true,true,false,true,true,"`ctd1`, 6 runs, 100 ep | 500 records per seed. Strict domination means carrier sum exceeds the sum of absolute remaining terms; removal_flips_sign is a separate test.",Lion direction units; beta natural log; epoch and step
sc,18,500,S0587,12300,24.6,-8.75846672058105,0.237536117434502,0.800012721121311,-0.562476486533268,0.689189593628379,true,true,false,true,true,"`ctd1`, 6 runs, 100 ep | 500 records per seed. Strict domination means carrier sum exceeds the sum of absolute remaining terms; removal_flips_sign is a separate test.",Lion direction units; beta natural log; epoch and step
sc,18,500,S0587,12400,24.8,-8.85850715637207,0.213704281300306,0.818732300400734,-0.60502793511057,0.723725325047531,true,true,false,true,true,"`ctd1`, 6 runs, 100 ep | 500 records per seed. Strict domination means carrier sum exceeds the sum of absolute remaining terms; removal_flips_sign is a separate test.",Lion direction units; beta natural log; epoch and step
sc,18,500,S0587,12500,25,-8.95854759216309,0.230932195484638,0.812605564296246,-0.581673416166893,0.706585760023597,true,true,false,true,true,"`ctd1`, 6 runs, 100 ep | 500 records per seed. Strict domination means carrier sum exceeds the sum of absolute remaining terms; removal_flips_sign is a separate test.",Lion direction units; beta natural log; epoch and step
sc,18,500,S0587,12600,25.2,-9.0585880279541,0.261096426844597,0.835483944416046,-0.574387440631631,0.705531142516816,true,true,false,true,true,"`ctd1`, 6 runs, 100 ep | 500 records per seed. Strict domination means carrier sum exceeds the sum of absolute remaining terms; removal_flips_sign is a separate test.",Lion direction units; beta natural log; epoch and step
sc,18,500,S0587,12700,25.4,-9.15862846374512,0.224734905362129,0.80926164239645,-0.584526860519026,0.714171704467998,true,true,false,true,true,"`ctd1`, 6 runs, 100 ep | 500 records per seed. Strict domination means carrier sum exceeds the sum of absolute remaining terms; removal_flips_sign is a separate test.",Lion direction units; beta natural log; epoch and step
sc,18,500,S0587,12800,25.6,-9.25866889953613,0.256880155205727,0.829353378713131,-0.572473325442672,0.698707285104876,true,true,false,true,true,"`ctd1`, 6 runs, 100 ep | 500 records per seed. Strict domination means carrier sum exceeds the sum of absolute remaining terms; removal_flips_sign is a separate test.",Lion direction units; beta natural log; epoch and step
sc,18,500,S0587,12900,25.8,-9.35870933532715,0.186197055876255,0.818332539498806,-0.632135624843676,0.742027871743136,true,true,false,true,true,"`ctd1`, 6 runs, 100 ep | 500 records per seed. Strict domination means carrier sum exceeds the sum of absolute remaining terms; removal_flips_sign is a separate test.",Lion direction units; beta natural log; epoch and step
sc,18,500,S0587,13000,26,-9.45874977111816,0.221255875378847,0.821096311509609,-0.599840447358213,0.709514403317337,true,true,false,true,true,"`ctd1`, 6 runs, 100 ep | 500 records per seed. Strict domination means carrier sum exceeds the sum of absolute remaining terms; removal_flips_sign is a separate test.",Lion direction units; beta natural log; epoch and step
sc,18,500,S0587,13100,26.2,-9.55879020690918,0.18979427665472,0.805381235480308,-0.615586887770189,0.739782632171648,true,true,false,true,true,"`ctd1`, 6 runs, 100 ep | 500 records per seed. Strict domination means carrier sum exceeds the sum of absolute remaining terms; removal_flips_sign is a separate test.",Lion direction units; beta natural log; epoch and step
sc,18,500,S0587,13200,26.4,-9.6588306427002,0.231992131471634,0.819829849898815,-0.587837792607348,0.712726326516491,true,true,false,true,true,"`ctd1`, 6 runs, 100 ep | 500 records per seed. Strict domination means carrier sum exceeds the sum of absolute remaining terms; removal_flips_sign is a separate test.",Lion direction units; beta natural log; epoch and step
sc,18,500,S0587,13300,26.6,-9.75887107849121,0.195825996994972,0.826661908626556,-0.630835686230802,0.749209401986099,true,true,false,true,true,"`ctd1`, 6 runs, 100 ep | 500 records per seed. Strict domination means carrier sum exceeds the sum of absolute remaining terms; removal_flips_sign is a separate test.",Lion direction units; beta natural log; epoch and step
sc,18,500,S0587,13400,26.8,-9.85891151428223,0.223636975884438,0.818377813696861,-0.594740735227686,0.710758982062305,true,true,false,true,true,"`ctd1`, 6 runs, 100 ep | 500 records per seed. Strict domination means carrier sum exceeds the sum of absolute remaining terms; removal_flips_sign is a separate test.",Lion direction units; beta natural log; epoch and step
sc,18,500,S0587,13500,27,-9.95895195007324,0.179520438611507,0.825480961799622,-0.645960447312973,0.788616134944004,true,true,false,true,true,"`ctd1`, 6 runs, 100 ep | 500 records per seed. Strict domination means carrier sum exceeds the sum of absolute remaining terms; removal_flips_sign is a separate test.",Lion direction units; beta natural log; epoch and step
sc,18,500,S0587,13600,27.2,-10.0589923858643,0.234421592950821,0.839648289978504,-0.605226626449223,0.721581100443984,true,true,false,true,true,"`ctd1`, 6 runs, 100 ep | 500 records per seed. Strict domination means carrier sum exceeds the sum of absolute remaining terms; removal_flips_sign is a separate test.",Lion direction units; beta natural log; epoch and step
sc,18,500,S0587,13700,27.4,-10.1590328216553,0.203963731974363,0.820051582157612,-0.616087740440696,0.756899182662016,true,true,false,true,true,"`ctd1`, 6 runs, 100 ep | 500 records per seed. Strict domination means carrier sum exceeds the sum of absolute remaining terms; removal_flips_sign is a separate test.",Lion direction units; beta natural log; epoch and step
sc,18,500,S0587,13800,27.6,-10.2590732574463,0.189178211987019,0.831460019946098,-0.642281785816647,0.774825160052149,true,true,false,true,true,"`ctd1`, 6 runs, 100 ep | 500 records per seed. Strict domination means carrier sum exceeds the sum of absolute remaining terms; removal_flips_sign is a separate test.",Lion direction units; beta natural log; epoch and step
sc,18,500,S0587,13900,27.8,-10.3591136932373,0.211190892010927,0.819911597669125,-0.608720882725061,0.743566033625689,true,true,false,true,true,"`ctd1`, 6 runs, 100 ep | 500 records per seed. Strict domination means carrier sum exceeds the sum of absolute remaining terms; removal_flips_sign is a separate test.",Lion direction units; beta natural log; epoch and step
sc,18,500,S0587,14000,28,-10.4591541290283,0.245001550018787,0.853809387981892,-0.608807884035486,0.747231189768099,true,true,false,true,true,"`ctd1`, 6 runs, 100 ep | 500 records per seed. Strict domination means carrier sum exceeds the sum of absolute remaining terms; removal_flips_sign is a separate test.",Lion direction units; beta natural log; epoch and step
sc,18,500,S0587,14100,28.2,-10.5591945648193,0.233365422487259,0.840654261410236,-0.607289074773564,0.731049105106342,true,true,false,true,true,"`ctd1`, 6 runs, 100 ep | 500 records per seed. Strict domination means carrier sum exceeds the sum of absolute remaining terms; removal_flips_sign is a separate test.",Lion direction units; beta natural log; epoch and step
sc,18,500,S0587,14200,28.4,-10.6592350006104,0.196919274330139,0.830443105101585,-0.633523938730463,0.761071445607553,true,true,false,true,true,"`ctd1`, 6 runs, 100 ep | 500 records per seed. Strict domination means carrier sum exceeds the sum of absolute remaining terms; removal_flips_sign is a separate test.",Lion direction units; beta natural log; epoch and step
sc,18,500,S0587,14300,28.6,-10.7592754364014,0.220017470419407,0.859813050925732,-0.639795406977157,0.766890344224475,true,true,false,true,true,"`ctd1`, 6 runs, 100 ep | 500 records per seed. Strict domination means carrier sum exceeds the sum of absolute remaining terms; removal_flips_sign is a separate test.",Lion direction units; beta natural log; epoch and step
sc,18,500,S0587,14400,28.8,-10.8593158721924,0.230418454110622,0.860956302285194,-0.630537628600979,0.768023473150123,true,true,false,true,true,"`ctd1`, 6 runs, 100 ep | 500 records per seed. Strict domination means carrier sum exceeds the sum of absolute remaining terms; removal_flips_sign is a separate test.",Lion direction units; beta natural log; epoch and step
sc,18,500,S0587,14500,29,-10.9593563079834,0.220337529480457,0.831133995950222,-0.610796503925997,0.717314608320123,true,true,false,true,true,"`ctd1`, 6 runs, 100 ep | 500 records per seed. Strict domination means carrier sum exceeds the sum of absolute remaining terms; removal_flips_sign is a separate test.",Lion direction units; beta natural log; epoch and step
sc,18,500,S0587,14600,29.2,-11.0593967437744,0.219238768517971,0.825512452423573,-0.60627374075039,0.746243158143267,true,true,false,true,true,"`ctd1`, 6 runs, 100 ep | 500 records per seed. Strict domination means carrier sum exceeds the sum of absolute remaining terms; removal_flips_sign is a separate test.",Lion direction units; beta natural log; epoch and step
sc,18,500,S0587,14700,29.4,-11.1594371795654,0.208135112375021,0.835290947556496,-0.627155797134503,0.757394257652879,true,true,false,true,true,"`ctd1`, 6 runs, 100 ep | 500 records per seed. Strict domination means carrier sum exceeds the sum of absolute remaining terms; removal_flips_sign is a separate test.",Lion direction units; beta natural log; epoch and step
sc,18,500,S0587,14800,29.6,-11.2594776153564,0.217850264906883,0.856818833947182,-0.638968459614227,0.767093271684996,true,true,false,true,true,"`ctd1`, 6 runs, 100 ep | 500 records per seed. Strict domination means carrier sum exceeds the sum of absolute remaining terms; removal_flips_sign is a separate test.",Lion direction units; beta natural log; epoch and step
sc,18,500,S0587,14900,29.8,-11.3595180511475,0.173228858411312,0.835436581075191,-0.662207931309666,0.812674043961005,true,true,false,true,true,"`ctd1`, 6 runs, 100 ep | 500 records per seed. Strict domination means carrier sum exceeds the sum of absolute remaining terms; removal_flips_sign is a separate test.",Lion direction units; beta natural log; epoch and step
sc,18,500,S0587,15000,30,-11.4595584869385,0.186829157173634,0.831668099761009,-0.644838959148456,0.769206145225735,true,true,false,true,true,"`ctd1`, 6 runs, 100 ep | 500 records per seed. Strict domination means carrier sum exceeds the sum of absolute remaining terms; removal_flips_sign is a separate test.",Lion direction units; beta natural log; epoch and step
sc,18,500,S0587,15100,30.2,-11.5595989227295,0.215928477048874,0.855433119833469,-0.639504564499957,0.792237391349447,true,true,false,true,true,"`ctd1`, 6 runs, 100 ep | 500 records per seed. Strict domination means carrier sum exceeds the sum of absolute remaining terms; removal_flips_sign is a separate test.",Lion direction units; beta natural log; epoch and step
sc,18,500,S0587,15200,30.4,-11.6596393585205,0.199413181841373,0.831980317831039,-0.632567195753421,0.759001696989293,true,true,false,true,true,"`ctd1`, 6 runs, 100 ep | 500 records per seed. Strict domination means carrier sum exceeds the sum of absolute remaining terms; removal_flips_sign is a separate test.",Lion direction units; beta natural log; epoch and step
sc,18,500,S0587,15300,30.6,-11.7596797943115,0.217424090206623,0.846747528016567,-0.629323552714789,0.772608008839722,true,true,false,true,true,"`ctd1`, 6 runs, 100 ep | 500 records per seed. Strict domination means carrier sum exceeds the sum of absolute remaining terms; removal_flips_sign is a separate test.",Lion direction units; beta natural log; epoch and step
sc,18,500,S0587,15400,30.8,-11.8597202301025,0.186808006465435,0.834548471868038,-0.647740514659142,0.775637134499846,true,true,false,true,true,"`ctd1`, 6 runs, 100 ep | 500 records per seed. Strict domination means carrier sum exceeds the sum of absolute remaining terms; removal_flips_sign is a separate test.",Lion direction units; beta natural log; epoch and step
sc,18,500,S0587,15500,31,-11.9597606658936,0.225009490549564,0.834205161035061,-0.609195664786502,0.745448451861817,true,true,false,true,true,"`ctd1`, 6 runs, 100 ep | 500 records per seed. Strict domination means carrier sum exceeds the sum of absolute remaining terms; removal_flips_sign is a separate test.",Lion direction units; beta natural log; epoch and step
sc,18,500,S0587,15600,31.2,-12.0598011016846,0.204197263717651,0.851721002161503,-0.647523776028311,0.790493969473346,true,true,false,true,true,"`ctd1`, 6 runs, 100 ep | 500 records per seed. Strict domination means carrier sum exceeds the sum of absolute remaining terms; removal_flips_sign is a separate test.",Lion direction units; beta natural log; epoch and step
sc,18,500,S0587,15700,31.4,-12.1598415374756,0.192455178499222,0.859253877401352,-0.666798613277876,0.811075332675853,true,true,false,true,true,"`ctd1`, 6 runs, 100 ep | 500 records per seed. Strict domination means carrier sum exceeds the sum of absolute remaining terms; removal_flips_sign is a separate test.",Lion direction units; beta natural log; epoch and step
sc,18,500,S0587,15800,31.6,-12.2598819732666,0.167199182510376,0.854877734184265,-0.687678512420868,0.819312336178419,true,true,false,true,true,"`ctd1`, 6 runs, 100 ep | 500 records per seed. Strict domination means carrier sum exceeds the sum of absolute remaining terms; removal_flips_sign is a separate test.",Lion direction units; beta natural log; epoch and step
sc,18,500,S0587,15900,31.8,-12.3599224090576,0.212789478898048,0.856071072816849,-0.643281572515417,0.775123075177277,true,true,false,true,true,"`ctd1`, 6 runs, 100 ep | 500 records per seed. Strict domination means carrier sum exceeds the sum of absolute remaining terms; removal_flips_sign is a separate test.",Lion direction units; beta natural log; epoch and step
sc,18,500,S0587,16000,32,-12.4599628448486,0.199430902861059,0.84667055606842,-0.647239686156456,0.800584001625168,true,true,false,true,true,"`ctd1`, 6 runs, 100 ep | 500 records per seed. Strict domination means carrier sum exceeds the sum of absolute remaining terms; removal_flips_sign is a separate test.",Lion direction units; beta natural log; epoch and step
sc,18,500,S0587,16100,32.2,-12.5600032806396,0.210275380313396,0.845105093717575,-0.634829607632531,0.752199254487317,true,true,false,true,true,"`ctd1`, 6 runs, 100 ep | 500 records per seed. Strict domination means carrier sum exceeds the sum of absolute remaining terms; removal_flips_sign is a separate test.",Lion direction units; beta natural log; epoch and step
sc,18,500,S0587,16200,32.4,-12.6600437164307,0.204640653729439,0.840313746035099,-0.635673102213866,0.769683837138666,true,true,false,true,true,"`ctd1`, 6 runs, 100 ep | 500 records per seed. Strict domination means carrier sum exceeds the sum of absolute remaining terms; removal_flips_sign is a separate test.",Lion direction units; beta natural log; epoch and step
sc,18,500,S0587,16300,32.6,-12.7600841522217,0.206356183462776,0.850539001822472,-0.644182962629071,0.776359803971042,true,true,false,true,true,"`ctd1`, 6 runs, 100 ep | 500 records per seed. Strict domination means carrier sum exceeds the sum of absolute remaining terms; removal_flips_sign is a separate test.",Lion direction units; beta natural log; epoch and step
sc,18,500,S0587,16400,32.8,-12.8601245880127,0.240992447733879,0.840326857566833,-0.599334505738,0.731759250195603,true,true,false,true,true,"`ctd1`, 6 runs, 100 ep | 500 records per seed. Strict domination means carrier sum exceeds the sum of absolute remaining terms; removal_flips_sign is a separate test.",Lion direction units; beta natural log; epoch and step
sc,18,500,S0587,16500,33,-12.9601650238037,0.211474822461605,0.842741666734219,-0.631267114458205,0.750605113767233,true,true,false,true,true,"`ctd1`, 6 runs, 100 ep | 500 records per seed. Strict domination means carrier sum exceeds the sum of absolute remaining terms; removal_flips_sign is a separate test.",Lion direction units; beta natural log; epoch and step
sc,18,500,S0587,16600,33.2,-13.0602054595947,0.23079943805933,0.844345238804817,-0.613546077302269,0.755166005480103,true,true,false,true,true,"`ctd1`, 6 runs, 100 ep | 500 records per seed. Strict domination means carrier sum exceeds the sum of absolute remaining terms; removal_flips_sign is a separate test.",Lion direction units; beta natural log; epoch and step
sc,18,500,S0587,16700,33.4,-13.1602458953857,0.19286150932312,0.83215646892786,-0.639294981246991,0.772756583616962,true,true,false,true,true,"`ctd1`, 6 runs, 100 ep | 500 records per seed. Strict domination means carrier sum exceeds the sum of absolute remaining terms; removal_flips_sign is a separate test.",Lion direction units; beta natural log; epoch and step
sc,18,500,S0587,16800,33.6,-13.2602863311768,0.192883041501045,0.850966960191727,-0.658083862240051,0.795156655538335,true,true,false,true,true,"`ctd1`, 6 runs, 100 ep | 500 records per seed. Strict domination means carrier sum exceeds the sum of absolute remaining terms; removal_flips_sign is a separate test.",Lion direction units; beta natural log; epoch and step
sc,18,500,S0587,16900,33.8,-13.3603267669678,0.212808385491371,0.851803669333458,-0.638995343845841,0.764670764849598,true,true,false,true,true,"`ctd1`, 6 runs, 100 ep | 500 records per seed. Strict domination means carrier sum exceeds the sum of absolute remaining terms; removal_flips_sign is a separate test.",Lion direction units; beta natural log; epoch and step
sc,18,500,S0587,17000,34,-13.4603672027588,0.204995376616716,0.841624884307384,-0.636629615364454,0.790550916715374,true,true,false,true,true,"`ctd1`, 6 runs, 100 ep | 500 records per seed. Strict domination means carrier sum exceeds the sum of absolute remaining terms; removal_flips_sign is a separate test.",Lion direction units; beta natural log; epoch and step
sc,18,500,S0587,17100,34.2,-13.5604076385498,0.213258218765259,0.839910098910332,-0.626651767976961,0.75910875801689,true,true,false,true,true,"`ctd1`, 6 runs, 100 ep | 500 records per seed. Strict domination means carrier sum exceeds the sum of absolute remaining terms; removal_flips_sign is a separate test.",Lion direction units; beta natural log; epoch and step
sc,18,500,S0587,17200,34.4,-13.6604480743408,0.200956754758954,0.837996879220009,-0.637040175009872,0.762888649264744,true,true,false,true,true,"`ctd1`, 6 runs, 100 ep | 500 records per seed. Strict domination means carrier sum exceeds the sum of absolute remaining terms; removal_flips_sign is a separate test.",Lion direction units; beta natural log; epoch and step
sc,18,500,S0587,17300,34.6,-13.7604885101318,0.194167166762054,0.847789211571217,-0.653622139419906,0.787694968647304,true,true,false,true,true,"`ctd1`, 6 runs, 100 ep | 500 records per seed. Strict domination means carrier sum exceeds the sum of absolute remaining terms; removal_flips_sign is a separate test.",Lion direction units; beta natural log; epoch and step
sc,18,500,S0587,17400,34.8,-13.8605289459229,0.24335016310215,0.861162355542183,-0.61781227551437,0.732583371618603,true,true,false,true,true,"`ctd1`, 6 runs, 100 ep | 500 records per seed. Strict domination means carrier sum exceeds the sum of absolute remaining terms; removal_flips_sign is a separate test.",Lion direction units; beta natural log; epoch and step
sc,18,500,S0587,17500,35,-13.9605693817139,0.218628732860088,0.841463620960712,-0.622834568071016,0.750172642577081,true,true,false,true,true,"`ctd1`, 6 runs, 100 ep | 500 records per seed. Strict domination means carrier sum exceeds the sum of absolute remaining terms; removal_flips_sign is a separate test.",Lion direction units; beta natural log; epoch and step
sc,18,500,S0587,17600,35.2,-14.0606098175049,0.205570601671934,0.828187564015389,-0.62261680461969,0.745384042126614,true,true,false,true,true,"`ctd1`, 6 runs, 100 ep | 500 records per seed. Strict domination means carrier sum exceeds the sum of absolute remaining terms; removal_flips_sign is a separate test.",Lion direction units; beta natural log; epoch and step
sc,18,500,S0587,17700,35.4,-14.1606502532959,0.215003417432308,0.827614171802998,-0.612610636183041,0.734406250666967,true,true,false,true,true,"`ctd1`, 6 runs, 100 ep | 500 records per seed. Strict domination means carrier sum exceeds the sum of absolute remaining terms; removal_flips_sign is a separate test.",Lion direction units; beta natural log; epoch and step
sc,18,500,S0587,17800,35.6,-14.2606906890869,0.199503040313721,0.849602854251862,-0.65009975320412,0.787894403038661,true,true,false,true,true,"`ctd1`, 6 runs, 100 ep | 500 records per seed. Strict domination means carrier sum exceeds the sum of absolute remaining terms; removal_flips_sign is a separate test.",Lion direction units; beta natural log; epoch and step
sc,18,500,S0587,17900,35.8,-14.3607311248779,0.221328654885292,0.853699198365211,-0.632370424073014,0.767407396536481,true,true,false,true,true,"`ctd1`, 6 runs, 100 ep | 500 records per seed. Strict domination means carrier sum exceeds the sum of absolute remaining terms; removal_flips_sign is a separate test.",Lion direction units; beta natural log; epoch and step
sc,18,500,S0587,18000,36,-14.4607715606689,0.216111432015896,0.847489096224308,-0.631377633714442,0.772406122019243,true,true,false,true,true,"`ctd1`, 6 runs, 100 ep | 500 records per seed. Strict domination means carrier sum exceeds the sum of absolute remaining terms; removal_flips_sign is a separate test.",Lion direction units; beta natural log; epoch and step
sc,18,500,S0587,18100,36.2,-14.56081199646,0.220093208551407,0.869704450666904,-0.649611199362613,0.778019220045013,true,true,false,true,true,"`ctd1`, 6 runs, 100 ep | 500 records per seed. Strict domination means carrier sum exceeds the sum of absolute remaining terms; removal_flips_sign is a separate test.",Lion direction units; beta natural log; epoch and step
sc,18,500,S0587,18200,36.4,-14.660852432251,0.204109597206116,0.858205963671207,-0.654096370700609,0.787535319962762,true,true,false,true,true,"`ctd1`, 6 runs, 100 ep | 500 records per seed. Strict domination means carrier sum exceeds the sum of absolute remaining terms; removal_flips_sign is a separate test.",Lion direction units; beta natural log; epoch and step
sc,18,500,S0587,18300,36.6,-14.760892868042,0.209872701764107,0.848369912803173,-0.638497205793459,0.773946774507402,true,true,false,true,true,"`ctd1`, 6 runs, 100 ep | 500 records per seed. Strict domination means carrier sum exceeds the sum of absolute remaining terms; removal_flips_sign is a separate test.",Lion direction units; beta natural log; epoch and step
sc,18,500,S0587,18400,36.8,-14.860933303833,0.225810676813126,0.846575890481472,-0.620765057179483,0.75447810614844,true,true,false,true,true,"`ctd1`, 6 runs, 100 ep | 500 records per seed. Strict domination means carrier sum exceeds the sum of absolute remaining terms; removal_flips_sign is a separate test.",Lion direction units; beta natural log; epoch and step
sc,18,500,S0587,18500,37,-14.960973739624,0.221388277411461,0.841380777955055,-0.619992539233819,0.780025796281758,true,true,false,true,true,"`ctd1`, 6 runs, 100 ep | 500 records per seed. Strict domination means carrier sum exceeds the sum of absolute remaining terms; removal_flips_sign is a separate test.",Lion direction units; beta natural log; epoch and step
sc,18,500,S0587,18600,37.2,-15,0.241804549098015,0.862075574696064,-0.620271089139771,0.788807255622817,true,true,true,true,true,"`ctd1`, 6 runs, 100 ep | 500 records per seed. Strict domination means carrier sum exceeds the sum of absolute remaining terms; removal_flips_sign is a separate test.",Lion direction units; beta natural log; epoch and step
sc,18,500,S0587,18700,37.4,-15,0.211680094152689,0.845211991667748,-0.633532031064396,0.771169945732277,true,true,true,true,true,"`ctd1`, 6 runs, 100 ep | 500 records per seed. Strict domination means carrier sum exceeds the sum of absolute remaining terms; removal_flips_sign is a separate test.",Lion direction units; beta natural log; epoch and step
sc,18,500,S0587,18800,37.6,-15,0.203690034151077,0.836606684327126,-0.632916664447413,0.774745642382851,true,true,true,true,true,"`ctd1`, 6 runs, 100 ep | 500 records per seed. Strict domination means carrier sum exceeds the sum of absolute remaining terms; removal_flips_sign is a separate test.",Lion direction units; beta natural log; epoch and step
sc,18,500,S0587,18900,37.8,-15,0.162462848424911,0.826220890879631,-0.663758404669119,0.793931127540685,true,true,true,true,true,"`ctd1`, 6 runs, 100 ep | 500 records per seed. Strict domination means carrier sum exceeds the sum of absolute remaining terms; removal_flips_sign is a separate test.",Lion direction units; beta natural log; epoch and step
sc,18,500,S0587,19000,38,-15,0.193655046075583,0.829257075488567,-0.635602150607409,0.766827458314836,true,true,true,true,true,"`ctd1`, 6 runs, 100 ep | 500 records per seed. Strict domination means carrier sum exceeds the sum of absolute remaining terms; removal_flips_sign is a separate test.",Lion direction units; beta natural log; epoch and step
sc,18,500,S0587,19100,38.2,-15,0.213913533836603,0.836234918236732,-0.622321361541174,0.755699293504824,true,true,true,true,true,"`ctd1`, 6 runs, 100 ep | 500 records per seed. Strict domination means carrier sum exceeds the sum of absolute remaining terms; removal_flips_sign is a separate test.",Lion direction units; beta natural log; epoch and step
sc,18,500,S0587,19200,38.4,-15,0.222340816259384,0.837400096654892,-0.615059358705366,0.748978687055774,true,true,true,true,true,"`ctd1`, 6 runs, 100 ep | 500 records per seed. Strict domination means carrier sum exceeds the sum of absolute remaining terms; removal_flips_sign is a separate test.",Lion direction units; beta natural log; epoch and step
sc,18,500,S0587,19300,38.6,-15,0.18899299800396,0.839352956414223,-0.650359957411922,0.783900000649294,true,true,true,true,true,"`ctd1`, 6 runs, 100 ep | 500 records per seed. Strict domination means carrier sum exceeds the sum of absolute remaining terms; removal_flips_sign is a separate test.",Lion direction units; beta natural log; epoch and step
sc,18,500,S0587,19400,38.8,-15,0.198971828073263,0.848276098072529,-0.649304322948058,0.778114888987523,true,true,true,true,true,"`ctd1`, 6 runs, 100 ep | 500 records per seed. Strict domination means carrier sum exceeds the sum of absolute remaining terms; removal_flips_sign is a separate test.",Lion direction units; beta natural log; epoch and step
sc,18,500,S0587,19500,39,-15,0.215487453341484,0.84145171046257,-0.625964281674976,0.756682043867465,true,true,true,true,true,"`ctd1`, 6 runs, 100 ep | 500 records per seed. Strict domination means carrier sum exceeds the sum of absolute remaining terms; removal_flips_sign is a separate test.",Lion direction units; beta natural log; epoch and step
sc,18,500,S0587,19600,39.2,-15,0.235727876424789,0.845272865891457,-0.609545288013058,0.732864845352336,true,true,true,true,true,"`ctd1`, 6 runs, 100 ep | 500 records per seed. Strict domination means carrier sum exceeds the sum of absolute remaining terms; removal_flips_sign is a separate test.",Lion direction units; beta natural log; epoch and step
sc,18,500,S0587,19700,39.4,-15,0.220386333763599,0.837162362039089,-0.616776446516769,0.749997257999826,true,true,true,true,true,"`ctd1`, 6 runs, 100 ep | 500 records per seed. Strict domination means carrier sum exceeds the sum of absolute remaining terms; removal_flips_sign is a separate test.",Lion direction units; beta natural log; epoch and step
sc,18,500,S0587,19800,39.6,-15,0.222844718396664,0.839538608491421,-0.61669418198673,0.755723245512189,true,true,true,true,true,"`ctd1`, 6 runs, 100 ep | 500 records per seed. Strict domination means carrier sum exceeds the sum of absolute remaining terms; removal_flips_sign is a separate test.",Lion direction units; beta natural log; epoch and step
sc,18,500,S0587,19900,39.8,-15,0.228548035025597,0.842202419042587,-0.613654401596671,0.746073930476734,true,true,true,true,true,"`ctd1`, 6 runs, 100 ep | 500 records per seed. Strict domination means carrier sum exceeds the sum of absolute remaining terms; removal_flips_sign is a separate test.",Lion direction units; beta natural log; epoch and step
sc,18,500,S0587,20000,40,-15,0.203409697301686,0.842748545110226,-0.639338832403359,0.784298972032798,true,true,true,true,true,"`ctd1`, 6 runs, 100 ep | 500 records per seed. Strict domination means carrier sum exceeds the sum of absolute remaining terms; removal_flips_sign is a separate test.",Lion direction units; beta natural log; epoch and step
sc,18,500,S0587,20100,40.2,-15,0.225884892046452,0.852523368597031,-0.626638338459907,0.754088552056965,true,true,true,true,true,"`ctd1`, 6 runs, 100 ep | 500 records per seed. Strict domination means carrier sum exceeds the sum of absolute remaining terms; removal_flips_sign is a separate test.",Lion direction units; beta natural log; epoch and step
sc,18,500,S0587,20200,40.4,-15,0.204833185300231,0.860833033919334,-0.655999727335461,0.802486668443112,true,true,true,true,true,"`ctd1`, 6 runs, 100 ep | 500 records per seed. Strict domination means carrier sum exceeds the sum of absolute remaining terms; removal_flips_sign is a separate test.",Lion direction units; beta natural log; epoch and step
sc,18,500,S0587,20300,40.6,-15,0.151232978701591,0.82743889093399,-0.676205867112671,0.81082684404158,true,true,true,true,true,"`ctd1`, 6 runs, 100 ep | 500 records per seed. Strict domination means carrier sum exceeds the sum of absolute remaining terms; removal_flips_sign is a separate test.",Lion direction units; beta natural log; epoch and step
sc,18,500,S0587,20400,40.8,-15,0.210750487446785,0.822589905560017,-0.611839405277289,0.755416373210841,true,true,true,true,true,"`ctd1`, 6 runs, 100 ep | 500 records per seed. Strict domination means carrier sum exceeds the sum of absolute remaining terms; removal_flips_sign is a separate test.",Lion direction units; beta natural log; epoch and step
sc,18,500,S0587,20500,41,-15,0.211858676373959,0.84010349214077,-0.628244890621159,0.760936182252067,true,true,true,true,true,"`ctd1`, 6 runs, 100 ep | 500 records per seed. Strict domination means carrier sum exceeds the sum of absolute remaining terms; removal_flips_sign is a separate test.",Lion direction units; beta natural log; epoch and step
sc,18,500,S0587,20600,41.2,-15,0.244285687804222,0.829590441286564,-0.585304945210578,0.719722172043498,true,true,true,true,true,"`ctd1`, 6 runs, 100 ep | 500 records per seed. Strict domination means carrier sum exceeds the sum of absolute remaining terms; removal_flips_sign is a separate test.",Lion direction units; beta natural log; epoch and step
sc,18,500,S0587,20700,41.4,-15,0.229828183352947,0.85642211586237,-0.626593939953955,0.762274203825587,true,true,true,true,true,"`ctd1`, 6 runs, 100 ep | 500 records per seed. Strict domination means carrier sum exceeds the sum of absolute remaining terms; removal_flips_sign is a separate test.",Lion direction units; beta natural log; epoch and step
sc,18,500,S0587,20800,41.6,-15,0.213263033330441,0.849233596026898,-0.635970546031854,0.764161524715018,true,true,true,true,true,"`ctd1`, 6 runs, 100 ep | 500 records per seed. Strict domination means carrier sum exceeds the sum of absolute remaining terms; removal_flips_sign is a separate test.",Lion direction units; beta natural log; epoch and step
sc,18,500,S0587,20900,41.8,-15,0.210502457618713,0.853751371800899,-0.643248673145411,0.779151712880468,true,true,true,true,true,"`ctd1`, 6 runs, 100 ep | 500 records per seed. Strict domination means carrier sum exceeds the sum of absolute remaining terms; removal_flips_sign is a separate test.",Lion direction units; beta natural log; epoch and step
sc,18,500,S0587,21000,42,-15,0.217645101249218,0.844719038903713,-0.627074035293691,0.766247053689068,true,true,true,true,true,"`ctd1`, 6 runs, 100 ep | 500 records per seed. Strict domination means carrier sum exceeds the sum of absolute remaining terms; removal_flips_sign is a separate test.",Lion direction units; beta natural log; epoch and step
sc,18,500,S0587,21100,42.2,-15,0.267254292964935,0.851485651731491,-0.584231355946247,0.700337480820724,true,true,true,true,true,"`ctd1`, 6 runs, 100 ep | 500 records per seed. Strict domination means carrier sum exceeds the sum of absolute remaining terms; removal_flips_sign is a separate test.",Lion direction units; beta natural log; epoch and step
sc,18,500,S0587,21200,42.4,-15,0.173270367085934,0.854424315690994,-0.681153827223534,0.816260464201832,true,true,true,true,true,"`ctd1`, 6 runs, 100 ep | 500 records per seed. Strict domination means carrier sum exceeds the sum of absolute remaining terms; removal_flips_sign is a separate test.",Lion direction units; beta natural log; epoch and step
sc,18,500,S0587,21300,42.6,-15,0.217585414648056,0.848103980720043,-0.630518633049985,0.76325133072595,true,true,true,true,true,"`ctd1`, 6 runs, 100 ep | 500 records per seed. Strict domination means carrier sum exceeds the sum of absolute remaining terms; removal_flips_sign is a separate test.",Lion direction units; beta natural log; epoch and step
sc,18,500,S0587,21400,42.8,-15,0.178235095739365,0.841067907214165,-0.662832470511967,0.792498825856819,true,true,true,true,true,"`ctd1`, 6 runs, 100 ep | 500 records per seed. Strict domination means carrier sum exceeds the sum of absolute remaining terms; removal_flips_sign is a separate test.",Lion direction units; beta natural log; epoch and step
sc,18,500,S0587,21500,43,-15,0.171571749448776,0.847415092587471,-0.67584310623958,0.833303989469158,true,true,true,true,true,"`ctd1`, 6 runs, 100 ep | 500 records per seed. Strict domination means carrier sum exceeds the sum of absolute remaining terms; removal_flips_sign is a separate test.",Lion direction units; beta natural log; epoch and step
sc,18,500,S0587,21600,43.2,-15,0.175163490325213,0.844673052430153,-0.669509476766368,0.798897517385038,true,true,true,true,true,"`ctd1`, 6 runs, 100 ep | 500 records per seed. Strict domination means carrier sum exceeds the sum of absolute remaining terms; removal_flips_sign is a separate test.",Lion direction units; beta natural log; epoch and step
sc,18,500,S0587,21700,43.4,-15,0.175503791868687,0.83187106102705,-0.656367374626308,0.787141228454067,true,true,true,true,true,"`ctd1`, 6 runs, 100 ep | 500 records per seed. Strict domination means carrier sum exceeds the sum of absolute remaining terms; removal_flips_sign is a separate test.",Lion direction units; beta natural log; epoch and step
sc,18,500,S0587,21800,43.6,-15,0.215619440376759,0.861404013633728,-0.645784576650391,0.809868466744621,true,true,true,true,true,"`ctd1`, 6 runs, 100 ep | 500 records per seed. Strict domination means carrier sum exceeds the sum of absolute remaining terms; removal_flips_sign is a separate test.",Lion direction units; beta natural log; epoch and step
sc,18,500,S0587,21900,43.8,-15,0.211291904747486,0.850422975420952,-0.639131106536047,0.756892787936636,true,true,true,true,true,"`ctd1`, 6 runs, 100 ep | 500 records per seed. Strict domination means carrier sum exceeds the sum of absolute remaining terms; removal_flips_sign is a separate test.",Lion direction units; beta natural log; epoch and step
sc,18,500,S0587,22000,44,-15,0.210961313545704,0.840751512348652,-0.629790406596351,0.761299728436518,true,true,true,true,true,"`ctd1`, 6 runs, 100 ep | 500 records per seed. Strict domination means carrier sum exceeds the sum of absolute remaining terms; removal_flips_sign is a separate test.",Lion direction units; beta natural log; epoch and step
sc,18,500,S0587,22100,44.2,-15,0.205074489116669,0.842840214073658,-0.637765989467886,0.781391755242709,true,true,true,true,true,"`ctd1`, 6 runs, 100 ep | 500 records per seed. Strict domination means carrier sum exceeds the sum of absolute remaining terms; removal_flips_sign is a separate test.",Lion direction units; beta natural log; epoch and step
sc,18,500,S0587,22200,44.4,-15,0.229662773013115,0.842792643606663,-0.613130122091241,0.776568709125274,true,true,true,true,true,"`ctd1`, 6 runs, 100 ep | 500 records per seed. Strict domination means carrier sum exceeds the sum of absolute remaining terms; removal_flips_sign is a separate test.",Lion direction units; beta natural log; epoch and step
sc,18,500,S0587,22300,44.6,-15,0.273643669486046,0.850826117396355,-0.577182477786596,0.797712927323892,true,true,true,true,true,"`ctd1`, 6 runs, 100 ep | 500 records per seed. Strict domination means carrier sum exceeds the sum of absolute remaining terms; removal_flips_sign is a separate test.",Lion direction units; beta natural log; epoch and step
sc,18,500,S0587,22400,44.8,-15,0.24515215754509,0.850115466117859,-0.604963215544183,0.736836694057536,true,true,true,true,true,"`ctd1`, 6 runs, 100 ep | 500 records per seed. Strict domination means carrier sum exceeds the sum of absolute remaining terms; removal_flips_sign is a separate test.",Lion direction units; beta natural log; epoch and step
sc,18,500,S0587,22500,45,-15,0.196819879114628,0.828785242140293,-0.631965359498241,0.775904718999624,true,true,true,true,true,"`ctd1`, 6 runs, 100 ep | 500 records per seed. Strict domination means carrier sum exceeds the sum of absolute remaining terms; removal_flips_sign is a separate test.",Lion direction units; beta natural log; epoch and step
sc,18,500,S0587,22600,45.2,-15,0.205624814331532,0.837633816897869,-0.632009069839899,0.769996401106675,true,true,true,true,true,"`ctd1`, 6 runs, 100 ep | 500 records per seed. Strict domination means carrier sum exceeds the sum of absolute remaining terms; removal_flips_sign is a separate test.",Lion direction units; beta natural log; epoch and step
sc,18,500,S0587,22700,45.4,-15,0.253637345135212,0.876864342391491,-0.623227008695278,0.746255409669277,true,true,true,true,true,"`ctd1`, 6 runs, 100 ep | 500 records per seed. Strict domination means carrier sum exceeds the sum of absolute remaining terms; removal_flips_sign is a separate test.",Lion direction units; beta natural log; epoch and step
sc,18,500,S0587,22800,45.6,-15,0.23989819586277,0.854614087939262,-0.614715970671723,0.74687539983734,true,true,true,true,true,"`ctd1`, 6 runs, 100 ep | 500 records per seed. Strict domination means carrier sum exceeds the sum of absolute remaining terms; removal_flips_sign is a separate test.",Lion direction units; beta natural log; epoch and step
sc,18,500,S0587,22900,45.8,-15,0.196070634573698,0.833031024038792,-0.636960500325904,0.755884818718141,true,true,true,true,true,"`ctd1`, 6 runs, 100 ep | 500 records per seed. Strict domination means carrier sum exceeds the sum of absolute remaining terms; removal_flips_sign is a separate test.",Lion direction units; beta natural log; epoch and step
sc,18,500,S0587,23000,46,-15,0.247643509507179,0.826170937716961,-0.5785275122087,0.735218806464252,true,true,true,true,true,"`ctd1`, 6 runs, 100 ep | 500 records per seed. Strict domination means carrier sum exceeds the sum of absolute remaining terms; removal_flips_sign is a separate test.",Lion direction units; beta natural log; epoch and step
sc,18,500,S0587,23100,46.2,-15,0.227691060304642,0.855561895668507,-0.627870965936665,0.749327084108802,true,true,true,true,true,"`ctd1`, 6 runs, 100 ep | 500 records per seed. Strict domination means carrier sum exceeds the sum of absolute remaining terms; removal_flips_sign is a separate test.",Lion direction units; beta natural log; epoch and step
sc,18,500,S0587,23200,46.4,-15,0.208097653090954,0.828391799330711,-0.620294160868696,0.76507152415719,true,true,true,true,true,"`ctd1`, 6 runs, 100 ep | 500 records per seed. Strict domination means carrier sum exceeds the sum of absolute remaining terms; removal_flips_sign is a separate test.",Lion direction units; beta natural log; epoch and step
sc,18,500,S0587,23300,46.6,-15,0.234422278404236,0.845157213509083,-0.610735113772171,0.759835848944931,true,true,true,true,true,"`ctd1`, 6 runs, 100 ep | 500 records per seed. Strict domination means carrier sum exceeds the sum of absolute remaining terms; removal_flips_sign is a separate test.",Lion direction units; beta natural log; epoch and step
sc,18,500,S0587,23400,46.8,-15,0.244681611657143,0.856223972141743,-0.611542569941378,0.753109750587612,true,true,true,true,true,"`ctd1`, 6 runs, 100 ep | 500 records per seed. Strict domination means carrier sum exceeds the sum of absolute remaining terms; removal_flips_sign is a separate test.",Lion direction units; beta natural log; epoch and step
sc,18,500,S0587,23500,47,-15,0.236240886151791,0.816812759637833,-0.580571835814027,0.711383272530367,true,true,true,true,true,"`ctd1`, 6 runs, 100 ep | 500 records per seed. Strict domination means carrier sum exceeds the sum of absolute remaining terms; removal_flips_sign is a separate test.",Lion direction units; beta natural log; epoch and step
sc,18,500,S0587,23600,47.2,-15,0.261911259591579,0.837564179301262,-0.575653009956028,0.709144016853048,true,true,true,true,true,"`ctd1`, 6 runs, 100 ep | 500 records per seed. Strict domination means carrier sum exceeds the sum of absolute remaining terms; removal_flips_sign is a separate test.",Lion direction units; beta natural log; epoch and step
sc,18,500,S0587,23700,47.4,-15,0.163751082867384,0.840549103915691,-0.676797848695992,0.822041261184427,true,true,true,true,true,"`ctd1`, 6 runs, 100 ep | 500 records per seed. Strict domination means carrier sum exceeds the sum of absolute remaining terms; removal_flips_sign is a separate test.",Lion direction units; beta natural log; epoch and step
sc,18,500,S0587,23800,47.6,-15,0.209498274326324,0.826452919840813,-0.616954666118281,0.756470784453413,true,true,true,true,true,"`ctd1`, 6 runs, 100 ep | 500 records per seed. Strict domination means carrier sum exceeds the sum of absolute remaining terms; removal_flips_sign is a separate test.",Lion direction units; beta natural log; epoch and step
sc,18,500,S0587,23900,47.8,-15,0.193697733432055,0.835983009636402,-0.642285326551438,0.769451923145981,true,true,true,true,true,"`ctd1`, 6 runs, 100 ep | 500 records per seed. Strict domination means carrier sum exceeds the sum of absolute remaining terms; removal_flips_sign is a separate test.",Lion direction units; beta natural log; epoch and step
sc,18,500,S0587,24000,48,-15,0.199072206020355,0.840544112026692,-0.641471806021457,0.768181425763987,true,true,true,true,true,"`ctd1`, 6 runs, 100 ep | 500 records per seed. Strict domination means carrier sum exceeds the sum of absolute remaining terms; removal_flips_sign is a separate test.",Lion direction units; beta natural log; epoch and step
sc,18,500,S0587,24100,48.2,-15,0.218747548758984,0.850883269309998,-0.632135850586064,0.750478763698402,true,true,true,true,true,"`ctd1`, 6 runs, 100 ep | 500 records per seed. Strict domination means carrier sum exceeds the sum of absolute remaining terms; removal_flips_sign is a separate test.",Lion direction units; beta natural log; epoch and step
sc,18,500,S0587,24200,48.4,-15,0.219085736572742,0.827943404018879,-0.608857790363538,0.752779071449197,true,true,true,true,true,"`ctd1`, 6 runs, 100 ep | 500 records per seed. Strict domination means carrier sum exceeds the sum of absolute remaining terms; removal_flips_sign is a separate test.",Lion direction units; beta natural log; epoch and step
sc,18,500,S0587,24300,48.6,-15,0.191510819643736,0.815626600384712,-0.62411580591089,0.756911486877232,true,true,true,true,true,"`ctd1`, 6 runs, 100 ep | 500 records per seed. Strict domination means carrier sum exceeds the sum of absolute remaining terms; removal_flips_sign is a separate test.",Lion direction units; beta natural log; epoch and step
sc,18,500,S0587,24400,48.8,-15,0.180650313943624,0.829233254492283,-0.648582989847517,0.783371484273545,true,true,true,true,true,"`ctd1`, 6 runs, 100 ep | 500 records per seed. Strict domination means carrier sum exceeds the sum of absolute remaining terms; removal_flips_sign is a separate test.",Lion direction units; beta natural log; epoch and step
sc,18,500,S0587,24500,49,-15,0.201897788513452,0.840534591674805,-0.638636828638505,0.76686418779102,true,true,true,true,true,"`ctd1`, 6 runs, 100 ep | 500 records per seed. Strict domination means carrier sum exceeds the sum of absolute remaining terms; removal_flips_sign is a separate test.",Lion direction units; beta natural log; epoch and step
sc,18,500,S0587,24600,49.2,-15,0.214728915691376,0.860530580580235,-0.6458018270563,0.776161351215148,true,true,true,true,true,"`ctd1`, 6 runs, 100 ep | 500 records per seed. Strict domination means carrier sum exceeds the sum of absolute remaining terms; removal_flips_sign is a separate test.",Lion direction units; beta natural log; epoch and step
sc,18,500,S0587,24700,49.4,-15,0.194511006679386,0.820885770022869,-0.626374624966877,0.758892819697815,true,true,true,true,true,"`ctd1`, 6 runs, 100 ep | 500 records per seed. Strict domination means carrier sum exceeds the sum of absolute remaining terms; removal_flips_sign is a separate test.",Lion direction units; beta natural log; epoch and step
sc,18,500,S0587,24800,49.6,-15,0.215003767609596,0.843621616065502,-0.628617799547632,0.797520482197618,true,true,true,true,true,"`ctd1`, 6 runs, 100 ep | 500 records per seed. Strict domination means carrier sum exceeds the sum of absolute remaining terms; removal_flips_sign is a separate test.",Lion direction units; beta natural log; epoch and step
sc,18,500,S0587,24900,49.8,-15,0.197687089070678,0.844106702506542,-0.64641943268781,0.775186377858643,true,true,true,true,true,"`ctd1`, 6 runs, 100 ep | 500 records per seed. Strict domination means carrier sum exceeds the sum of absolute remaining terms; removal_flips_sign is a separate test.",Lion direction units; beta natural log; epoch and step
sc,18,500,S0587,25000,50,-15,0.237642975151539,0.843792872130871,-0.606149614129299,0.730124263459402,true,true,true,true,true,"`ctd1`, 6 runs, 100 ep | 500 records per seed. Strict domination means carrier sum exceeds the sum of absolute remaining terms; removal_flips_sign is a separate test.",Lion direction units; beta natural log; epoch and step
sc,18,500,S0587,25100,50.2,-15,0.216904360055923,0.866637516021729,-0.649733082081309,0.789041623432911,true,true,true,true,true,"`ctd1`, 6 runs, 100 ep | 500 records per seed. Strict domination means carrier sum exceeds the sum of absolute remaining terms; removal_flips_sign is a separate test.",Lion direction units; beta natural log; epoch and step
sc,18,500,S0587,25200,50.4,-15,0.230086782574654,0.85742783844471,-0.627340952468546,0.75314424049451,true,true,true,true,true,"`ctd1`, 6 runs, 100 ep | 500 records per seed. Strict domination means carrier sum exceeds the sum of absolute remaining terms; removal_flips_sign is a separate test.",Lion direction units; beta natural log; epoch and step
sc,18,500,S0587,25300,50.6,-15,0.227041013538837,0.849676816165447,-0.622635613944541,0.768798037394916,true,true,true,true,true,"`ctd1`, 6 runs, 100 ep | 500 records per seed. Strict domination means carrier sum exceeds the sum of absolute remaining terms; removal_flips_sign is a separate test.",Lion direction units; beta natural log; epoch and step
sc,18,500,S0587,25400,50.8,-15,0.218457926809788,0.839956757426262,-0.621498848770562,0.753778610658475,true,true,true,true,true,"`ctd1`, 6 runs, 100 ep | 500 records per seed. Strict domination means carrier sum exceeds the sum of absolute remaining terms; removal_flips_sign is a separate test.",Lion direction units; beta natural log; epoch and step
sc,18,500,S0587,25500,51,-15,0.208248253166676,0.832604248821735,-0.624355883931366,0.744193725790478,true,true,true,true,true,"`ctd1`, 6 runs, 100 ep | 500 records per seed. Strict domination means carrier sum exceeds the sum of absolute remaining terms; removal_flips_sign is a separate test.",Lion direction units; beta natural log; epoch and step
sc,18,500,S0587,25600,51.2,-15,0.196033336594701,0.839337128400803,-0.643303905446339,0.797125109327919,true,true,true,true,true,"`ctd1`, 6 runs, 100 ep | 500 records per seed. Strict domination means carrier sum exceeds the sum of absolute remaining terms; removal_flips_sign is a separate test.",Lion direction units; beta natural log; epoch and step
sc,18,500,S0587,25700,51.4,-15,0.247374333441257,0.847688108682632,-0.600313818860479,0.754904231598937,true,true,true,true,true,"`ctd1`, 6 runs, 100 ep | 500 records per seed. Strict domination means carrier sum exceeds the sum of absolute remaining terms; removal_flips_sign is a separate test.",Lion direction units; beta natural log; epoch and step
sc,18,500,S0587,25800,51.6,-15,0.218633344769478,0.852042944729328,-0.633409755407399,0.771125918768473,true,true,true,true,true,"`ctd1`, 6 runs, 100 ep | 500 records per seed. Strict domination means carrier sum exceeds the sum of absolute remaining terms; removal_flips_sign is a separate test.",Lion direction units; beta natural log; epoch and step
sc,18,500,S0587,25900,51.8,-15,0.217260010540485,0.848356463015079,-0.631096628639773,0.762175734775576,true,true,true,true,true,"`ctd1`, 6 runs, 100 ep | 500 records per seed. Strict domination means carrier sum exceeds the sum of absolute remaining terms; removal_flips_sign is a separate test.",Lion direction units; beta natural log; epoch and step
sc,18,500,S0587,26000,52,-15,0.214934539049864,0.819230325520039,-0.604295890744498,0.731865776823571,true,true,true,true,true,"`ctd1`, 6 runs, 100 ep | 500 records per seed. Strict domination means carrier sum exceeds the sum of absolute remaining terms; removal_flips_sign is a separate test.",Lion direction units; beta natural log; epoch and step
sc,18,500,S0587,26100,52.2,-15,0.21149962618947,0.826785755157471,-0.615286170786339,0.732656473945781,true,true,true,true,true,"`ctd1`, 6 runs, 100 ep | 500 records per seed. Strict domination means carrier sum exceeds the sum of absolute remaining terms; removal_flips_sign is a separate test.",Lion direction units; beta natural log; epoch and step
sc,18,500,S0587,26200,52.4,-15,0.179915405064821,0.851594907045364,-0.67167960888404,0.810135906695939,true,true,true,true,true,"`ctd1`, 6 runs, 100 ep | 500 records per seed. Strict domination means carrier sum exceeds the sum of absolute remaining terms; removal_flips_sign is a separate test.",Lion direction units; beta natural log; epoch and step
sc,18,500,S0587,26300,52.6,-15,0.192143815755844,0.842403121292591,-0.65025938732673,0.771880494570939,true,true,true,true,true,"`ctd1`, 6 runs, 100 ep | 500 records per seed. Strict domination means carrier sum exceeds the sum of absolute remaining terms; removal_flips_sign is a separate test.",Lion direction units; beta natural log; epoch and step
sc,18,500,S0587,26400,52.8,-15,0.205858089029789,0.845515635609627,-0.6396576256309,0.757395775914813,true,true,true,true,true,"`ctd1`, 6 runs, 100 ep | 500 records per seed. Strict domination means carrier sum exceeds the sum of absolute remaining terms; removal_flips_sign is a separate test.",Lion direction units; beta natural log; epoch and step
sc,18,500,S0587,26500,53,-15,0.24631904810667,0.845551432669163,-0.599232489637035,0.717630296585759,true,true,true,true,true,"`ctd1`, 6 runs, 100 ep | 500 records per seed. Strict domination means carrier sum exceeds the sum of absolute remaining terms; removal_flips_sign is a separate test.",Lion direction units; beta natural log; epoch and step
sc,18,500,S0587,26600,53.2,-15,0.221937230229378,0.839703625440598,-0.61776650727287,0.802314306831829,true,true,true,true,true,"`ctd1`, 6 runs, 100 ep | 500 records per seed. Strict domination means carrier sum exceeds the sum of absolute remaining terms; removal_flips_sign is a separate test.",Lion direction units; beta natural log; epoch and step
sc,18,500,S0587,26700,53.4,-15,0.224204973876476,0.841402846574783,-0.617197831139151,0.783164604858234,true,true,true,true,true,"`ctd1`, 6 runs, 100 ep | 500 records per seed. Strict domination means carrier sum exceeds the sum of absolute remaining terms; removal_flips_sign is a separate test.",Lion direction units; beta natural log; epoch and step
sc,18,500,S0587,26800,53.6,-15,0.189515065401793,0.823975814878941,-0.634460649267135,0.760854478525357,true,true,true,true,true,"`ctd1`, 6 runs, 100 ep | 500 records per seed. Strict domination means carrier sum exceeds the sum of absolute remaining terms; removal_flips_sign is a separate test.",Lion direction units; beta natural log; epoch and step
sc,18,500,S0587,26900,53.8,-15,0.194662604480982,0.828880731761455,-0.634218211289823,0.779596105337265,true,true,true,true,true,"`ctd1`, 6 runs, 100 ep | 500 records per seed. Strict domination means carrier sum exceeds the sum of absolute remaining terms; removal_flips_sign is a separate test.",Lion direction units; beta natural log; epoch and step
sc,18,500,S0587,27000,54,-15,0.239769262075424,0.836153602600098,-0.596384351098766,0.715755436793131,true,true,true,true,true,"`ctd1`, 6 runs, 100 ep | 500 records per seed. Strict domination means carrier sum exceeds the sum of absolute remaining terms; removal_flips_sign is a separate test.",Lion direction units; beta natural log; epoch and step
sc,18,500,S0587,27100,54.2,-15,0.192206418514252,0.83879196792841,-0.646585543102969,0.775156285396201,true,true,true,true,true,"`ctd1`, 6 runs, 100 ep | 500 records per seed. Strict domination means carrier sum exceeds the sum of absolute remaining terms; removal_flips_sign is a separate test.",Lion direction units; beta natural log; epoch and step
sc,18,500,S0587,27200,54.4,-15,0.233910816907883,0.841949507594109,-0.608038605373974,0.733014580037695,true,true,true,true,true,"`ctd1`, 6 runs, 100 ep | 500 records per seed. Strict domination means carrier sum exceeds the sum of absolute remaining terms; removal_flips_sign is a separate test.",Lion direction units; beta natural log; epoch and step
sc,18,500,S0587,27300,54.6,-15,0.227477021515369,0.838474941253662,-0.610997993041286,0.751587446212392,true,true,true,true,true,"`ctd1`, 6 runs, 100 ep | 500 records per seed. Strict domination means carrier sum exceeds the sum of absolute remaining terms; removal_flips_sign is a separate test.",Lion direction units; beta natural log; epoch and step
sc,18,500,S0587,27400,54.8,-15,0.193429439514875,0.855692754685879,-0.662263334081854,0.802022655290921,true,true,true,true,true,"`ctd1`, 6 runs, 100 ep | 500 records per seed. Strict domination means carrier sum exceeds the sum of absolute remaining terms; removal_flips_sign is a separate test.",Lion direction units; beta natural log; epoch and step
sc,18,500,S0587,27500,55,-15,0.212378989113495,0.821675811707973,-0.609296826828677,0.750752434381457,true,true,true,true,true,"`ctd1`, 6 runs, 100 ep | 500 records per seed. Strict domination means carrier sum exceeds the sum of absolute remaining terms; removal_flips_sign is a separate test.",Lion direction units; beta natural log; epoch and step
sc,18,500,S0587,27600,55.2,-15,0.231371612846851,0.841093203425407,-0.609721654148655,0.756552872013629,true,true,true,true,true,"`ctd1`, 6 runs, 100 ep | 500 records per seed. Strict domination means carrier sum exceeds the sum of absolute remaining terms; removal_flips_sign is a separate test.",Lion direction units; beta natural log; epoch and step
sc,18,500,S0587,27700,55.4,-15,0.240355637669563,0.868757331371307,-0.628401843099755,0.782048380136962,true,true,true,true,true,"`ctd1`, 6 runs, 100 ep | 500 records per seed. Strict domination means carrier sum exceeds the sum of absolute remaining terms; removal_flips_sign is a separate test.",Lion direction units; beta natural log; epoch and step
sc,18,500,S0587,27800,55.6,-15,0.213310022652149,0.847861942648888,-0.63455211724642,0.77016643725571,true,true,true,true,true,"`ctd1`, 6 runs, 100 ep | 500 records per seed. Strict domination means carrier sum exceeds the sum of absolute remaining terms; removal_flips_sign is a separate test.",Lion direction units; beta natural log; epoch and step
sc,18,500,S0587,27900,55.8,-15,0.229979339241981,0.846667717397213,-0.616688498071312,0.747481508082842,true,true,true,true,true,"`ctd1`, 6 runs, 100 ep | 500 records per seed. Strict domination means carrier sum exceeds the sum of absolute remaining terms; removal_flips_sign is a separate test.",Lion direction units; beta natural log; epoch and step
sc,18,500,S0587,28000,56,-15,0.169731532037258,0.837662181258202,-0.667930733688502,0.809272910902894,true,true,true,true,true,"`ctd1`, 6 runs, 100 ep | 500 records per seed. Strict domination means carrier sum exceeds the sum of absolute remaining terms; removal_flips_sign is a separate test.",Lion direction units; beta natural log; epoch and step
sc,18,500,S0587,28100,56.2,-15,0.223442220687866,0.851758329570294,-0.628315869797086,0.772123857314898,true,true,true,true,true,"`ctd1`, 6 runs, 100 ep | 500 records per seed. Strict domination means carrier sum exceeds the sum of absolute remaining terms; removal_flips_sign is a separate test.",Lion direction units; beta natural log; epoch and step
sc,18,500,S0587,28200,56.4,-15,0.233650992810726,0.833641269803047,-0.59999019990684,0.760470818226547,true,true,true,true,true,"`ctd1`, 6 runs, 100 ep | 500 records per seed. Strict domination means carrier sum exceeds the sum of absolute remaining terms; removal_flips_sign is a separate test.",Lion direction units; beta natural log; epoch and step
sc,18,500,S0587,28300,56.6,-15,0.170560659468174,0.854078961908817,-0.683518288440104,0.840572349514554,true,true,true,true,true,"`ctd1`, 6 runs, 100 ep | 500 records per seed. Strict domination means carrier sum exceeds the sum of absolute remaining terms; removal_flips_sign is a separate test.",Lion direction units; beta natural log; epoch and step
sc,18,500,S0587,28400,56.8,-15,0.212293463945389,0.845005320012569,-0.632711896515752,0.757503866545517,true,true,true,true,true,"`ctd1`, 6 runs, 100 ep | 500 records per seed. Strict domination means carrier sum exceeds the sum of absolute remaining terms; removal_flips_sign is a separate test.",Lion direction units; beta natural log; epoch and step
sc,18,500,S0587,28500,57,-15,0.243696986138821,0.8615243896842,-0.617827191365598,0.784703095787893,true,true,true,true,true,"`ctd1`, 6 runs, 100 ep | 500 records per seed. Strict domination means carrier sum exceeds the sum of absolute remaining terms; removal_flips_sign is a separate test.",Lion direction units; beta natural log; epoch and step
sc,18,500,S0587,28600,57.2,-15,0.22606958001852,0.849898794293404,-0.623829132115915,0.760538017984996,true,true,true,true,true,"`ctd1`, 6 runs, 100 ep | 500 records per seed. Strict domination means carrier sum exceeds the sum of absolute remaining terms; removal_flips_sign is a separate test.",Lion direction units; beta natural log; epoch and step
sc,18,500,S0587,28700,57.4,-15,0.163354407250881,0.826764319837093,-0.663409831659772,0.794620762030092,true,true,true,true,true,"`ctd1`, 6 runs, 100 ep | 500 records per seed. Strict domination means carrier sum exceeds the sum of absolute remaining terms; removal_flips_sign is a separate test.",Lion direction units; beta natural log; epoch and step
sc,18,500,S0587,28800,57.6,-15,0.21835440993309,0.833090558648109,-0.614735898859254,0.757832842907152,true,true,true,true,true,"`ctd1`, 6 runs, 100 ep | 500 records per seed. Strict domination means carrier sum exceeds the sum of absolute remaining terms; removal_flips_sign is a separate test.",Lion direction units; beta natural log; epoch and step
sc,18,500,S0587,28900,57.8,-15,0.210716094076633,0.837888787686825,-0.627172623476179,0.774318071785854,true,true,true,true,true,"`ctd1`, 6 runs, 100 ep | 500 records per seed. Strict domination means carrier sum exceeds the sum of absolute remaining terms; removal_flips_sign is a separate test.",Lion direction units; beta natural log; epoch and step
sc,18,500,S0587,29000,58,-15,0.223097550868988,0.830174745619297,-0.607076916511556,0.728160405766954,true,true,true,true,true,"`ctd1`, 6 runs, 100 ep | 500 records per seed. Strict domination means carrier sum exceeds the sum of absolute remaining terms; removal_flips_sign is a separate test.",Lion direction units; beta natural log; epoch and step
sc,18,500,S0587,29100,58.2,-15,0.218925645947456,0.832169446349144,-0.613243823872679,0.75749199348605,true,true,true,true,true,"`ctd1`, 6 runs, 100 ep | 500 records per seed. Strict domination means carrier sum exceeds the sum of absolute remaining terms; removal_flips_sign is a separate test.",Lion direction units; beta natural log; epoch and step
sc,18,500,S0587,29200,58.4,-15,0.225757655501366,0.83763752579689,-0.611879861269392,0.754880802713922,true,true,true,true,true,"`ctd1`, 6 runs, 100 ep | 500 records per seed. Strict domination means carrier sum exceeds the sum of absolute remaining terms; removal_flips_sign is a separate test.",Lion direction units; beta natural log; epoch and step
sc,18,500,S0587,29300,58.6,-15,0.233731189370155,0.855310089886189,-0.621579019475669,0.79528570706623,true,true,true,true,true,"`ctd1`, 6 runs, 100 ep | 500 records per seed. Strict domination means carrier sum exceeds the sum of absolute remaining terms; removal_flips_sign is a separate test.",Lion direction units; beta natural log; epoch and step
sc,18,500,S0587,29400,58.8,-15,0.235235694050789,0.838337360322476,-0.603101943109115,0.789108692842203,true,true,true,true,true,"`ctd1`, 6 runs, 100 ep | 500 records per seed. Strict domination means carrier sum exceeds the sum of absolute remaining terms; removal_flips_sign is a separate test.",Lion direction units; beta natural log; epoch and step
sc,18,500,S0587,29500,59,-15,0.229440680146217,0.836784824728966,-0.60734431945798,0.729254884367538,true,true,true,true,true,"`ctd1`, 6 runs, 100 ep | 500 records per seed. Strict domination means carrier sum exceeds the sum of absolute remaining terms; removal_flips_sign is a separate test.",Lion direction units; beta natural log; epoch and step
sc,18,500,S0587,29600,59.2,-15,0.230369874835014,0.839402110874653,-0.609032480410599,0.781672155796639,true,true,true,true,true,"`ctd1`, 6 runs, 100 ep | 500 records per seed. Strict domination means carrier sum exceeds the sum of absolute remaining terms; removal_flips_sign is a separate test.",Lion direction units; beta natural log; epoch and step
sc,18,500,S0587,29700,59.4,-15,0.188742374628782,0.843687461316586,-0.654945345209717,0.799451948436626,true,true,true,true,true,"`ctd1`, 6 runs, 100 ep | 500 records per seed. Strict domination means carrier sum exceeds the sum of absolute remaining terms; removal_flips_sign is a separate test.",Lion direction units; beta natural log; epoch and step
sc,18,500,S0587,29800,59.6,-15,0.249480691552162,0.850032591819763,-0.600552006020735,0.762402396560901,true,true,true,true,true,"`ctd1`, 6 runs, 100 ep | 500 records per seed. Strict domination means carrier sum exceeds the sum of absolute remaining terms; removal_flips_sign is a separate test.",Lion direction units; beta natural log; epoch and step
sc,18,500,S0587,29900,59.8,-15,0.214766302704811,0.860792361199856,-0.646026070457197,0.775742882166742,true,true,true,true,true,"`ctd1`, 6 runs, 100 ep | 500 records per seed. Strict domination means carrier sum exceeds the sum of absolute remaining terms; removal_flips_sign is a separate test.",Lion direction units; beta natural log; epoch and step
sc,18,500,S0587,30000,60,-15,0.230972573161125,0.849079971015453,-0.618107478952726,0.742407321703621,true,true,true,true,true,"`ctd1`, 6 runs, 100 ep | 500 records per seed. Strict domination means carrier sum exceeds the sum of absolute remaining terms; removal_flips_sign is a separate test.",Lion direction units; beta natural log; epoch and step
sc,18,500,S0587,30100,60.2,-15,0.195856389403343,0.830546854436398,-0.634690696846775,0.780990676021639,true,true,true,true,true,"`ctd1`, 6 runs, 100 ep | 500 records per seed. Strict domination means carrier sum exceeds the sum of absolute remaining terms; removal_flips_sign is a separate test.",Lion direction units; beta natural log; epoch and step
sc,18,500,S0587,30200,60.4,-15,0.220877508074045,0.837543419003487,-0.616665998996174,0.753677830415924,true,true,true,true,true,"`ctd1`, 6 runs, 100 ep | 500 records per seed. Strict domination means carrier sum exceeds the sum of absolute remaining terms; removal_flips_sign is a separate test.",Lion direction units; beta natural log; epoch and step
sc,18,500,S0587,30300,60.6,-15,0.215984132885933,0.820878134667873,-0.604894156644491,0.740558973401653,true,true,true,true,true,"`ctd1`, 6 runs, 100 ep | 500 records per seed. Strict domination means carrier sum exceeds the sum of absolute remaining terms; removal_flips_sign is a separate test.",Lion direction units; beta natural log; epoch and step
sc,18,500,S0587,30400,60.8,-15,0.223277319967747,0.827048248052597,-0.603770944854995,0.748252563741352,true,true,true,true,true,"`ctd1`, 6 runs, 100 ep | 500 records per seed. Strict domination means carrier sum exceeds the sum of absolute remaining terms; removal_flips_sign is a separate test.",Lion direction units; beta natural log; epoch and step
sc,18,500,S0587,30500,61,-15,0.217559020221233,0.840938121080399,-0.62337922422837,0.766477264299033,true,true,true,true,true,"`ctd1`, 6 runs, 100 ep | 500 records per seed. Strict domination means carrier sum exceeds the sum of absolute remaining terms; removal_flips_sign is a separate test.",Lion direction units; beta natural log; epoch and step
sc,18,500,S0587,30600,61.2,-15,0.214841187000275,0.852827101945877,-0.637985745601338,0.771560457781027,true,true,true,true,true,"`ctd1`, 6 runs, 100 ep | 500 records per seed. Strict domination means carrier sum exceeds the sum of absolute remaining terms; removal_flips_sign is a separate test.",Lion direction units; beta natural log; epoch and step
sc,18,500,S0587,30700,61.4,-15,0.215305191278458,0.834059382975102,-0.618754262677692,0.746913626585467,true,true,true,true,true,"`ctd1`, 6 runs, 100 ep | 500 records per seed. Strict domination means carrier sum exceeds the sum of absolute remaining terms; removal_flips_sign is a separate test.",Lion direction units; beta natural log; epoch and step
sc,18,500,S0587,30800,61.6,-15,0.179400555789471,0.860504049062729,-0.681103418590078,0.806124659036845,true,true,true,true,true,"`ctd1`, 6 runs, 100 ep | 500 records per seed. Strict domination means carrier sum exceeds the sum of absolute remaining terms; removal_flips_sign is a separate test.",Lion direction units; beta natural log; epoch and step
sc,18,500,S0587,30900,61.8,-15,0.192744862288237,0.829673385620117,-0.636928441785028,0.793359946076168,true,true,true,true,true,"`ctd1`, 6 runs, 100 ep | 500 records per seed. Strict domination means carrier sum exceeds the sum of absolute remaining terms; removal_flips_sign is a separate test.",Lion direction units; beta natural log; epoch and step
sc,18,500,S0587,31000,62,-15,0.198372057080269,0.834907095134258,-0.636534831646031,0.76100709087741,true,true,true,true,true,"`ctd1`, 6 runs, 100 ep | 500 records per seed. Strict domination means carrier sum exceeds the sum of absolute remaining terms; removal_flips_sign is a separate test.",Lion direction units; beta natural log; epoch and step
sc,18,500,S0587,31100,62.2,-15,0.203883801400661,0.840956515073776,-0.637072763370782,0.789140276370711,true,true,true,true,true,"`ctd1`, 6 runs, 100 ep | 500 records per seed. Strict domination means carrier sum exceeds the sum of absolute remaining terms; removal_flips_sign is a separate test.",Lion direction units; beta natural log; epoch and step
sc,18,500,S0587,31200,62.4,-15,0.229967045783997,0.83969711959362,-0.609730024899704,0.752669724554175,true,true,true,true,true,"`ctd1`, 6 runs, 100 ep | 500 records per seed. Strict domination means carrier sum exceeds the sum of absolute remaining terms; removal_flips_sign is a separate test.",Lion direction units; beta natural log; epoch and step
sc,18,500,S0587,31300,62.6,-15,0.231272657215595,0.845295806229114,-0.614023112969346,0.750168861754639,true,true,true,true,true,"`ctd1`, 6 runs, 100 ep | 500 records per seed. Strict domination means carrier sum exceeds the sum of absolute remaining terms; removal_flips_sign is a separate test.",Lion direction units; beta natural log; epoch and step
sc,18,500,S0587,31400,62.8,-15,0.224068759381771,0.857111445069313,-0.63304267501322,0.764595027322738,true,true,true,true,true,"`ctd1`, 6 runs, 100 ep | 500 records per seed. Strict domination means carrier sum exceeds the sum of absolute remaining terms; removal_flips_sign is a separate test.",Lion direction units; beta natural log; epoch and step
sc,18,500,S0587,31500,63,-15,0.199709234386683,0.860487435758114,-0.660778129294062,0.791767881456866,true,true,true,true,true,"`ctd1`, 6 runs, 100 ep | 500 records per seed. Strict domination means carrier sum exceeds the sum of absolute remaining terms; removal_flips_sign is a separate test.",Lion direction units; beta natural log; epoch and step
sc,18,500,S0587,31600,63.2,-15,0.173426152765751,0.84511587023735,-0.671689727464639,0.815259970112686,true,true,true,true,true,"`ctd1`, 6 runs, 100 ep | 500 records per seed. Strict domination means carrier sum exceeds the sum of absolute remaining terms; removal_flips_sign is a separate test.",Lion direction units; beta natural log; epoch and step
sc,18,500,S0587,31700,63.4,-15,0.232878270745277,0.858299322426319,-0.625421068383787,0.756865059070435,true,true,true,true,true,"`ctd1`, 6 runs, 100 ep | 500 records per seed. Strict domination means carrier sum exceeds the sum of absolute remaining terms; removal_flips_sign is a separate test.",Lion direction units; beta natural log; epoch and step
sc,18,500,S0587,31800,63.6,-15,0.211561553180218,0.847328282892704,-0.635766691380718,0.769512718160968,true,true,true,true,true,"`ctd1`, 6 runs, 100 ep | 500 records per seed. Strict domination means carrier sum exceeds the sum of absolute remaining terms; removal_flips_sign is a separate test.",Lion direction units; beta natural log; epoch and step
sc,18,500,S0587,31900,63.8,-15,0.212973124533892,0.843909822404385,-0.630936565668679,0.764177503554919,true,true,true,true,true,"`ctd1`, 6 runs, 100 ep | 500 records per seed. Strict domination means carrier sum exceeds the sum of absolute remaining terms; removal_flips_sign is a separate test.",Lion direction units; beta natural log; epoch and step
sc,18,500,S0587,32000,64,-15,0.224850179255009,0.83186596930027,-0.607015533503812,0.759768788319724,true,true,true,true,true,"`ctd1`, 6 runs, 100 ep | 500 records per seed. Strict domination means carrier sum exceeds the sum of absolute remaining terms; removal_flips_sign is a separate test.",Lion direction units; beta natural log; epoch and step
sc,18,500,S0587,32100,64.2,-15,0.180952125787735,0.823651385307312,-0.64269913554931,0.792420921411394,true,true,true,true,true,"`ctd1`, 6 runs, 100 ep | 500 records per seed. Strict domination means carrier sum exceeds the sum of absolute remaining terms; removal_flips_sign is a separate test.",Lion direction units; beta natural log; epoch and step
sc,18,500,S0587,32200,64.4,-15,0.210664397478104,0.829127790033817,-0.618463218453269,0.740201079783253,true,true,true,true,true,"`ctd1`, 6 runs, 100 ep | 500 records per seed. Strict domination means carrier sum exceeds the sum of absolute remaining terms; removal_flips_sign is a separate test.",Lion direction units; beta natural log; epoch and step
sc,18,500,S0587,32300,64.6,-15,0.232643300294876,0.839286099374294,-0.606642700218197,0.729619208120073,true,true,true,true,true,"`ctd1`, 6 runs, 100 ep | 500 records per seed. Strict domination means carrier sum exceeds the sum of absolute remaining terms; removal_flips_sign is a separate test.",Lion direction units; beta natural log; epoch and step
sc,18,500,S0587,32400,64.8,-15,0.195023051649332,0.827505140006542,-0.632482061084704,0.762582985072652,true,true,true,true,true,"`ctd1`, 6 runs, 100 ep | 500 records per seed. Strict domination means carrier sum exceeds the sum of absolute remaining terms; removal_flips_sign is a separate test.",Lion direction units; beta natural log; epoch and step
sc,18,500,S0587,32500,65,-15,0.207234461605549,0.834129029512405,-0.626894592085984,0.767365999085479,true,true,true,true,true,"`ctd1`, 6 runs, 100 ep | 500 records per seed. Strict domination means carrier sum exceeds the sum of absolute remaining terms; removal_flips_sign is a separate test.",Lion direction units; beta natural log; epoch and step
sc,18,500,S0587,32600,65.2,-15,0.232862955331802,0.846543624997139,-0.613680738464149,0.750440890110662,true,true,true,true,true,"`ctd1`, 6 runs, 100 ep | 500 records per seed. Strict domination means carrier sum exceeds the sum of absolute remaining terms; removal_flips_sign is a separate test.",Lion direction units; beta natural log; epoch and step
sc,18,500,S0587,32700,65.4,-15,0.191003987099975,0.848084633052349,-0.657080708654928,0.806667829614105,true,true,true,true,true,"`ctd1`, 6 runs, 100 ep | 500 records per seed. Strict domination means carrier sum exceeds the sum of absolute remaining terms; removal_flips_sign is a separate test.",Lion direction units; beta natural log; epoch and step
sc,18,500,S0587,32800,65.6,-15,0.208817948400974,0.854589632153511,-0.645771618343014,0.82403628895741,true,true,true,true,true,"`ctd1`, 6 runs, 100 ep | 500 records per seed. Strict domination means carrier sum exceeds the sum of absolute remaining terms; removal_flips_sign is a separate test.",Lion direction units; beta natural log; epoch and step
sc,18,500,S0587,32900,65.8,-15,0.2068753734231,0.84323720484972,-0.636361817191994,0.750148990245395,true,true,true,true,true,"`ctd1`, 6 runs, 100 ep | 500 records per seed. Strict domination means carrier sum exceeds the sum of absolute remaining terms; removal_flips_sign is a separate test.",Lion direction units; beta natural log; epoch and step
sc,18,500,S0587,33000,66,-15,0.234625105559826,0.851250229775906,-0.616625245511022,0.737600858363521,true,true,true,true,true,"`ctd1`, 6 runs, 100 ep | 500 records per seed. Strict domination means carrier sum exceeds the sum of absolute remaining terms; removal_flips_sign is a separate test.",Lion direction units; beta natural log; epoch and step
sc,18,500,S0587,33100,66.2,-15,0.194475977867842,0.838947883248329,-0.644471807666741,0.784480597229594,true,true,true,true,true,"`ctd1`, 6 runs, 100 ep | 500 records per seed. Strict domination means carrier sum exceeds the sum of absolute remaining terms; removal_flips_sign is a separate test.",Lion direction units; beta natural log; epoch and step
sc,18,500,S0587,33200,66.4,-15,0.218890109658241,0.851358498632908,-0.632468123796332,0.767878955807407,true,true,true,true,true,"`ctd1`, 6 runs, 100 ep | 500 records per seed. Strict domination means carrier sum exceeds the sum of absolute remaining terms; removal_flips_sign is a separate test.",Lion direction units; beta natural log; epoch and step
sc,18,500,S0587,33300,66.6,-15,0.266831581294537,0.859884059429169,-0.593052336675231,0.720536695574759,true,true,true,true,true,"`ctd1`, 6 runs, 100 ep | 500 records per seed. Strict domination means carrier sum exceeds the sum of absolute remaining terms; removal_flips_sign is a separate test.",Lion direction units; beta natural log; epoch and step
sc,18,500,S0587,33400,66.8,-15,0.187136946246028,0.861375650763512,-0.674238792249764,0.812370545968463,true,true,true,true,true,"`ctd1`, 6 runs, 100 ep | 500 records per seed. Strict domination means carrier sum exceeds the sum of absolute remaining terms; removal_flips_sign is a separate test.",Lion direction units; beta natural log; epoch and step
sc,18,500,S0587,33500,67,-15,0.247003082931042,0.842025235295296,-0.595022197038952,0.739947238838022,true,true,true,true,true,"`ctd1`, 6 runs, 100 ep | 500 records per seed. Strict domination means carrier sum exceeds the sum of absolute remaining terms; removal_flips_sign is a separate test.",Lion direction units; beta natural log; epoch and step
sc,18,500,S0587,33600,67.2,-15,0.217735826969147,0.846317993104458,-0.628582438142234,0.763532415010445,true,true,true,true,true,"`ctd1`, 6 runs, 100 ep | 500 records per seed. Strict domination means carrier sum exceeds the sum of absolute remaining terms; removal_flips_sign is a separate test.",Lion direction units; beta natural log; epoch and step
sc,18,500,S0587,33700,67.4,-15,0.220272323489189,0.853846183419228,-0.633573931569552,0.76948850145516,true,true,true,true,true,"`ctd1`, 6 runs, 100 ep | 500 records per seed. Strict domination means carrier sum exceeds the sum of absolute remaining terms; removal_flips_sign is a separate test.",Lion direction units; beta natural log; epoch and step
sc,18,500,S0587,33800,67.6,-15,0.188144687563181,0.850307820737362,-0.662163103193029,0.788820070796191,true,true,true,true,true,"`ctd1`, 6 runs, 100 ep | 500 records per seed. Strict domination means carrier sum exceeds the sum of absolute remaining terms; removal_flips_sign is a separate test.",Lion direction units; beta natural log; epoch and step
sc,18,500,S0587,33900,67.8,-15,0.242393377423286,0.834942534565926,-0.592549420848448,0.72550692309633,true,true,true,true,true,"`ctd1`, 6 runs, 100 ep | 500 records per seed. Strict domination means carrier sum exceeds the sum of absolute remaining terms; removal_flips_sign is a separate test.",Lion direction units; beta natural log; epoch and step
sc,18,500,S0587,34000,68,-15,0.214530211687088,0.837404415011406,-0.622874369469446,0.761808753198511,true,true,true,true,true,"`ctd1`, 6 runs, 100 ep | 500 records per seed. Strict domination means carrier sum exceeds the sum of absolute remaining terms; removal_flips_sign is a separate test.",Lion direction units; beta natural log; epoch and step
sc,18,500,S0587,34100,68.2,-15,0.223817986249924,0.841561578214169,-0.61774365079653,0.745225505159607,true,true,true,true,true,"`ctd1`, 6 runs, 100 ep | 500 records per seed. Strict domination means carrier sum exceeds the sum of absolute remaining terms; removal_flips_sign is a separate test.",Lion direction units; beta natural log; epoch and step
sc,18,500,S0587,34200,68.4,-15,0.232347872853279,0.852575491368771,-0.620227763173671,0.776532453575567,true,true,true,true,true,"`ctd1`, 6 runs, 100 ep | 500 records per seed. Strict domination means carrier sum exceeds the sum of absolute remaining terms; removal_flips_sign is a separate test.",Lion direction units; beta natural log; epoch and step
sc,18,500,S0587,34300,68.6,-15,0.226242963969708,0.834819456934929,-0.608576459898302,0.766581793602916,true,true,true,true,true,"`ctd1`, 6 runs, 100 ep | 500 records per seed. Strict domination means carrier sum exceeds the sum of absolute remaining terms; removal_flips_sign is a separate test.",Lion direction units; beta natural log; epoch and step
sc,18,500,S0587,34400,68.8,-15,0.240378971397877,0.839444535970688,-0.599065640047775,0.744970453191945,true,true,true,true,true,"`ctd1`, 6 runs, 100 ep | 500 records per seed. Strict domination means carrier sum exceeds the sum of absolute remaining terms; removal_flips_sign is a separate test.",Lion direction units; beta natural log; epoch and step
sc,18,500,S0587,34500,69,-15,0.227701713144779,0.820768648386002,-0.593066820402475,0.731944388105205,true,true,true,true,true,"`ctd1`, 6 runs, 100 ep | 500 records per seed. Strict domination means carrier sum exceeds the sum of absolute remaining terms; removal_flips_sign is a separate test.",Lion direction units; beta natural log; epoch and step
sc,18,500,S0587,34600,69.2,-15,0.177630430459976,0.843762129545212,-0.666131608745491,0.789959471454495,true,true,true,true,true,"`ctd1`, 6 runs, 100 ep | 500 records per seed. Strict domination means carrier sum exceeds the sum of absolute remaining terms; removal_flips_sign is a separate test.",Lion direction units; beta natural log; epoch and step
sc,18,500,S0587,34700,69.4,-15,0.221759006381035,0.857210530340672,-0.635451553164512,0.750326954439242,true,true,true,true,true,"`ctd1`, 6 runs, 100 ep | 500 records per seed. Strict domination means carrier sum exceeds the sum of absolute remaining terms; removal_flips_sign is a separate test.",Lion direction units; beta natural log; epoch and step
sc,18,500,S0587,34800,69.6,-15,0.217392472922802,0.854242207109928,-0.636849421257855,0.779771540095615,true,true,true,true,true,"`ctd1`, 6 runs, 100 ep | 500 records per seed. Strict domination means carrier sum exceeds the sum of absolute remaining terms; removal_flips_sign is a separate test.",Lion direction units; beta natural log; epoch and step
sc,18,500,S0587,34900,69.8,-15,0.187395476549864,0.844712084531784,-0.657316452667567,0.790784785558401,true,true,true,true,true,"`ctd1`, 6 runs, 100 ep | 500 records per seed. Strict domination means carrier sum exceeds the sum of absolute remaining terms; removal_flips_sign is a separate test.",Lion direction units; beta natural log; epoch and step
sc,18,500,S0587,35000,70,-15,0.208170038461685,0.831602719426155,-0.623432564524762,0.756665655797394,true,true,true,true,true,"`ctd1`, 6 runs, 100 ep | 500 records per seed. Strict domination means carrier sum exceeds the sum of absolute remaining terms; removal_flips_sign is a separate test.",Lion direction units; beta natural log; epoch and step
sc,18,500,S0587,35100,70.2,-15,0.21389158219099,0.821059158444405,-0.60716754286085,0.753540343876045,true,true,true,true,true,"`ctd1`, 6 runs, 100 ep | 500 records per seed. Strict domination means carrier sum exceeds the sum of absolute remaining terms; removal_flips_sign is a separate test.",Lion direction units; beta natural log; epoch and step
sc,18,500,S0587,35200,70.4,-15,0.266902235150337,0.853784218430519,-0.586881927825937,0.771186343029888,true,true,true,true,true,"`ctd1`, 6 runs, 100 ep | 500 records per seed. Strict domination means carrier sum exceeds the sum of absolute remaining terms; removal_flips_sign is a separate test.",Lion direction units; beta natural log; epoch and step
sc,18,500,S0587,35300,70.6,-15,0.231175707280636,0.850313337147236,-0.619137724727648,0.778762103801989,true,true,true,true,true,"`ctd1`, 6 runs, 100 ep | 500 records per seed. Strict domination means carrier sum exceeds the sum of absolute remaining terms; removal_flips_sign is a separate test.",Lion direction units; beta natural log; epoch and step
sc,18,500,S0587,35400,70.8,-15,0.205208800733089,0.842250998318195,-0.637042181265951,0.773745214413157,true,true,true,true,true,"`ctd1`, 6 runs, 100 ep | 500 records per seed. Strict domination means carrier sum exceeds the sum of absolute remaining terms; removal_flips_sign is a separate test.",Lion direction units; beta natural log; epoch and step
sc,18,500,S0587,35500,71,-15,0.202621732652187,0.850665906071663,-0.648044102456058,0.779316092350993,true,true,true,true,true,"`ctd1`, 6 runs, 100 ep | 500 records per seed. Strict domination means carrier sum exceeds the sum of absolute remaining terms; removal_flips_sign is a separate test.",Lion direction units; beta natural log; epoch and step
sc,18,500,S0587,35600,71.2,-15,0.228349982202053,0.830430509150028,-0.602080394644747,0.764760037454528,true,true,true,true,true,"`ctd1`, 6 runs, 100 ep | 500 records per seed. Strict domination means carrier sum exceeds the sum of absolute remaining terms; removal_flips_sign is a separate test.",Lion direction units; beta natural log; epoch and step
sc,18,500,S0587,35700,71.4,-15,0.188398542255163,0.839360116422176,-0.650961425071432,0.77472723208009,true,true,true,true,true,"`ctd1`, 6 runs, 100 ep | 500 records per seed. Strict domination means carrier sum exceeds the sum of absolute remaining terms; removal_flips_sign is a separate test.",Lion direction units; beta natural log; epoch and step
sc,18,500,S0587,35800,71.6,-15,0.179983159899712,0.824837347865105,-0.644854189093928,0.780204516538367,true,true,true,true,true,"`ctd1`, 6 runs, 100 ep | 500 records per seed. Strict domination means carrier sum exceeds the sum of absolute remaining terms; removal_flips_sign is a separate test.",Lion direction units; beta natural log; epoch and step
sc,18,500,S0587,35900,71.8,-15,0.185364006459713,0.843571023643017,-0.658207019002884,0.793847699283333,true,true,true,true,true,"`ctd1`, 6 runs, 100 ep | 500 records per seed. Strict domination means carrier sum exceeds the sum of absolute remaining terms; removal_flips_sign is a separate test.",Lion direction units; beta natural log; epoch and step
sc,18,500,S0587,36000,72,-15,0.184905139356852,0.833120580017567,-0.648215593286636,0.78741770729514,true,true,true,true,true,"`ctd1`, 6 runs, 100 ep | 500 records per seed. Strict domination means carrier sum exceeds the sum of absolute remaining terms; removal_flips_sign is a separate test.",Lion direction units; beta natural log; epoch and step
sc,18,500,S0587,36100,72.2,-15,0.226438887417316,0.850100854039192,-0.623661819839356,0.749029929124401,true,true,true,true,true,"`ctd1`, 6 runs, 100 ep | 500 records per seed. Strict domination means carrier sum exceeds the sum of absolute remaining terms; removal_flips_sign is a separate test.",Lion direction units; beta natural log; epoch and step
sc,18,500,S0587,36200,72.4,-15,0.221183602511883,0.834992982447147,-0.613809289125004,0.757387218386486,true,true,true,true,true,"`ctd1`, 6 runs, 100 ep | 500 records per seed. Strict domination means carrier sum exceeds the sum of absolute remaining terms; removal_flips_sign is a separate test.",Lion direction units; beta natural log; epoch and step
sc,18,500,S0587,36300,72.6,-15,0.253230446577072,0.840707914531231,-0.587477267732788,0.699438491536944,true,true,true,true,true,"`ctd1`, 6 runs, 100 ep | 500 records per seed. Strict domination means carrier sum exceeds the sum of absolute remaining terms; removal_flips_sign is a separate test.",Lion direction units; beta natural log; epoch and step
sc,18,500,S0587,36400,72.8,-15,0.203964120522141,0.833751791715622,-0.629787534110196,0.762785737900563,true,true,true,true,true,"`ctd1`, 6 runs, 100 ep | 500 records per seed. Strict domination means carrier sum exceeds the sum of absolute remaining terms; removal_flips_sign is a separate test.",Lion direction units; beta natural log; epoch and step
sc,18,500,S0587,36500,73,-15,0.195495766401291,0.841328990459442,-0.645833172884568,0.768681859708954,true,true,true,true,true,"`ctd1`, 6 runs, 100 ep | 500 records per seed. Strict domination means carrier sum exceeds the sum of absolute remaining terms; removal_flips_sign is a separate test.",Lion direction units; beta natural log; epoch and step
sc,18,500,S0587,36600,73.2,-15,0.237520161271095,0.860278257727623,-0.622758090135704,0.744517950784603,true,true,true,true,true,"`ctd1`, 6 runs, 100 ep | 500 records per seed. Strict domination means carrier sum exceeds the sum of absolute remaining terms; removal_flips_sign is a separate test.",Lion direction units; beta natural log; epoch and step
sc,18,500,S0587,36700,73.4,-15,0.243930873274803,0.845145925879478,-0.601215033178457,0.737982799695462,true,true,true,true,true,"`ctd1`, 6 runs, 100 ep | 500 records per seed. Strict domination means carrier sum exceeds the sum of absolute remaining terms; removal_flips_sign is a separate test.",Lion direction units; beta natural log; epoch and step
sc,18,500,S0587,36800,73.6,-15,0.203747466206551,0.839955306053162,-0.636207788483853,0.770301729227413,true,true,true,true,true,"`ctd1`, 6 runs, 100 ep | 500 records per seed. Strict domination means carrier sum exceeds the sum of absolute remaining terms; removal_flips_sign is a separate test.",Lion direction units; beta natural log; epoch and step
sc,18,500,S0587,36900,73.8,-15,0.242393918335438,0.841157634556294,-0.598763514704371,0.736906660830238,true,true,true,true,true,"`ctd1`, 6 runs, 100 ep | 500 records per seed. Strict domination means carrier sum exceeds the sum of absolute remaining terms; removal_flips_sign is a separate test.",Lion direction units; beta natural log; epoch and step
sc,18,500,S0587,37000,74,-15,0.232656426727772,0.836330282688141,-0.603673643654338,0.741614260626966,true,true,true,true,true,"`ctd1`, 6 runs, 100 ep | 500 records per seed. Strict domination means carrier sum exceeds the sum of absolute remaining terms; removal_flips_sign is a separate test.",Lion direction units; beta natural log; epoch and step
sc,18,500,S0587,37100,74.2,-15,0.18861408829689,0.851027320325375,-0.662413315993626,0.803843537848525,true,true,true,true,true,"`ctd1`, 6 runs, 100 ep | 500 records per seed. Strict domination means carrier sum exceeds the sum of absolute remaining terms; removal_flips_sign is a separate test.",Lion direction units; beta natural log; epoch and step
sc,18,500,S0587,37200,74.4,-15,0.207172444462776,0.832806223630905,-0.625633635912595,0.777328336445817,true,true,true,true,true,"`ctd1`, 6 runs, 100 ep | 500 records per seed. Strict domination means carrier sum exceeds the sum of absolute remaining terms; removal_flips_sign is a separate test.",Lion direction units; beta natural log; epoch and step
sc,18,500,S0587,37300,74.6,-15,0.156031034886837,0.835262617468834,-0.679231305429516,0.801202986236535,true,true,true,true,true,"`ctd1`, 6 runs, 100 ep | 500 records per seed. Strict domination means carrier sum exceeds the sum of absolute remaining terms; removal_flips_sign is a separate test.",Lion direction units; beta natural log; epoch and step
sc,18,500,S0587,37400,74.8,-15,0.183513218350708,0.84091326892376,-0.657399940512158,0.808354115316769,true,true,true,true,true,"`ctd1`, 6 runs, 100 ep | 500 records per seed. Strict domination means carrier sum exceeds the sum of absolute remaining terms; removal_flips_sign is a separate test.",Lion direction units; beta natural log; epoch and step
sc,18,500,S0587,37500,75,-15,0.19620982632041,0.847614099085331,-0.651404340657018,0.780078987049887,true,true,true,true,true,"`ctd1`, 6 runs, 100 ep | 500 records per seed. Strict domination means carrier sum exceeds the sum of absolute remaining terms; removal_flips_sign is a separate test.",Lion direction units; beta natural log; epoch and step
sc,18,500,S0587,37600,75.2,-15,0.212215969711542,0.832197488844395,-0.619981433544513,0.746891420560337,true,true,true,true,true,"`ctd1`, 6 runs, 100 ep | 500 records per seed. Strict domination means carrier sum exceeds the sum of absolute remaining terms; removal_flips_sign is a separate test.",Lion direction units; beta natural log; epoch and step
sc,18,500,S0587,37700,75.4,-15,0.193184209614992,0.854449860751629,-0.661265424519934,0.814723287506649,true,true,true,true,true,"`ctd1`, 6 runs, 100 ep | 500 records per seed. Strict domination means carrier sum exceeds the sum of absolute remaining terms; removal_flips_sign is a separate test.",Lion direction units; beta natural log; epoch and step
sc,18,500,S0587,37800,75.6,-15,0.219145192205906,0.849159441888332,-0.630014248058978,0.761096066931168,true,true,true,true,true,"`ctd1`, 6 runs, 100 ep | 500 records per seed. Strict domination means carrier sum exceeds the sum of absolute remaining terms; removal_flips_sign is a separate test.",Lion direction units; beta natural log; epoch and step
sc,18,500,S0587,37900,75.8,-15,0.209752161055803,0.832139079272747,-0.622386953757429,0.749378713608441,true,true,true,true,true,"`ctd1`, 6 runs, 100 ep | 500 records per seed. Strict domination means carrier sum exceeds the sum of absolute remaining terms; removal_flips_sign is a separate test.",Lion direction units; beta natural log; epoch and step
sc,18,500,S0587,38000,76,-15,0.199914424307644,0.844314852356911,-0.644400330822009,0.776468762775676,true,true,true,true,true,"`ctd1`, 6 runs, 100 ep | 500 records per seed. Strict domination means carrier sum exceeds the sum of absolute remaining terms; removal_flips_sign is a separate test.",Lion direction units; beta natural log; epoch and step
sc,18,500,S0587,38100,76.2,-15,0.178866795543581,0.837985759973526,-0.659118935643392,0.799993030314408,true,true,true,true,true,"`ctd1`, 6 runs, 100 ep | 500 records per seed. Strict domination means carrier sum exceeds the sum of absolute remaining terms; removal_flips_sign is a separate test.",Lion direction units; beta natural log; epoch and step
sc,18,500,S0587,38200,76.4,-15,0.228474913537502,0.850078409910202,-0.62160329176678,0.737715074968526,true,true,true,true,true,"`ctd1`, 6 runs, 100 ep | 500 records per seed. Strict domination means carrier sum exceeds the sum of absolute remaining terms; removal_flips_sign is a separate test.",Lion direction units; beta natural log; epoch and step
sc,18,500,S0587,38300,76.6,-15,0.224157930910587,0.862351912260055,-0.638193784343781,0.766772340796666,true,true,true,true,true,"`ctd1`, 6 runs, 100 ep | 500 records per seed. Strict domination means carrier sum exceeds the sum of absolute remaining terms; removal_flips_sign is a separate test.",Lion direction units; beta natural log; epoch and step
sc,18,500,S0587,38400,76.8,-15,0.226892989873886,0.847174815833569,-0.620281882855477,0.782604489075436,true,true,true,true,true,"`ctd1`, 6 runs, 100 ep | 500 records per seed. Strict domination means carrier sum exceeds the sum of absolute remaining terms; removal_flips_sign is a separate test.",Lion direction units; beta natural log; epoch and step
sc,18,500,S0587,38500,77,-15,0.231849934160709,0.843468365073204,-0.611618559329247,0.767859983672372,true,true,true,true,true,"`ctd1`, 6 runs, 100 ep | 500 records per seed. Strict domination means carrier sum exceeds the sum of absolute remaining terms; removal_flips_sign is a separate test.",Lion direction units; beta natural log; epoch and step
sc,18,500,S0587,38600,77.2,-15,0.212062142789364,0.835003119707107,-0.622941197869454,0.799996449416926,true,true,true,true,true,"`ctd1`, 6 runs, 100 ep | 500 records per seed. Strict domination means carrier sum exceeds the sum of absolute remaining terms; removal_flips_sign is a separate test.",Lion direction units; beta natural log; epoch and step
sc,18,500,S0587,38700,77.4,-15,0.179839515313506,0.849150034785271,-0.669310752052195,0.796845101568567,true,true,true,true,true,"`ctd1`, 6 runs, 100 ep | 500 records per seed. Strict domination means carrier sum exceeds the sum of absolute remaining terms; removal_flips_sign is a separate test.",Lion direction units; beta natural log; epoch and step
sc,18,500,S0587,38800,77.6,-15,0.21695252507925,0.844235457479954,-0.627282907037437,0.750541653937574,true,true,true,true,true,"`ctd1`, 6 runs, 100 ep | 500 records per seed. Strict domination means carrier sum exceeds the sum of absolute remaining terms; removal_flips_sign is a separate test.",Lion direction units; beta natural log; epoch and step
sc,18,500,S0587,38900,77.8,-15,0.245141848921776,0.843887916207314,-0.598746337498176,0.745712640184399,true,true,true,true,true,"`ctd1`, 6 runs, 100 ep | 500 records per seed. Strict domination means carrier sum exceeds the sum of absolute remaining terms; removal_flips_sign is a separate test.",Lion direction units; beta natural log; epoch and step
sc,18,500,S0587,39000,78,-15,0.176251877844334,0.809113827347755,-0.632862033205015,0.777147472324407,true,true,true,true,true,"`ctd1`, 6 runs, 100 ep | 500 records per seed. Strict domination means carrier sum exceeds the sum of absolute remaining terms; removal_flips_sign is a separate test.",Lion direction units; beta natural log; epoch and step
sc,18,500,S0587,39100,78.2,-15,0.214819434285164,0.825814919173718,-0.610995407233406,0.736788628318266,true,true,true,true,true,"`ctd1`, 6 runs, 100 ep | 500 records per seed. Strict domination means carrier sum exceeds the sum of absolute remaining terms; removal_flips_sign is a separate test.",Lion direction units; beta natural log; epoch and step
sc,18,500,S0587,39200,78.4,-15,0.211908549070358,0.843128049373627,-0.631219455627956,0.770120714510767,true,true,true,true,true,"`ctd1`, 6 runs, 100 ep | 500 records per seed. Strict domination means carrier sum exceeds the sum of absolute remaining terms; removal_flips_sign is a separate test.",Lion direction units; beta natural log; epoch and step
sc,18,500,S0587,39300,78.6,-15,0.183306827396154,0.858002832531929,-0.674696047074309,0.817543958678021,true,true,true,true,true,"`ctd1`, 6 runs, 100 ep | 500 records per seed. Strict domination means carrier sum exceeds the sum of absolute remaining terms; removal_flips_sign is a separate test.",Lion direction units; beta natural log; epoch and step
sc,18,500,S0587,39400,78.8,-15,0.247884269058704,0.847544799745083,-0.599660511566998,0.818148018845528,true,true,true,true,true,"`ctd1`, 6 runs, 100 ep | 500 records per seed. Strict domination means carrier sum exceeds the sum of absolute remaining terms; removal_flips_sign is a separate test.",Lion direction units; beta natural log; epoch and step
sc,18,500,S0587,39500,79,-15,0.239868295192719,0.85225165784359,-0.612383287650937,0.783799205313972,true,true,true,true,true,"`ctd1`, 6 runs, 100 ep | 500 records per seed. Strict domination means carrier sum exceeds the sum of absolute remaining terms; removal_flips_sign is a separate test.",Lion direction units; beta natural log; epoch and step
sc,18,500,S0587,39600,79.2,-15,0.234191420674324,0.832481805980205,-0.598290368029433,0.734232570656223,true,true,true,true,true,"`ctd1`, 6 runs, 100 ep | 500 records per seed. Strict domination means carrier sum exceeds the sum of absolute remaining terms; removal_flips_sign is a separate test.",Lion direction units; beta natural log; epoch and step
sc,18,500,S0587,39700,79.4,-15,0.207842643558979,0.844686008989811,-0.636843330085549,0.777864654752125,true,true,true,true,true,"`ctd1`, 6 runs, 100 ep | 500 records per seed. Strict domination means carrier sum exceeds the sum of absolute remaining terms; removal_flips_sign is a separate test.",Lion direction units; beta natural log; epoch and step
sc,18,500,S0587,39800,79.6,-15,0.206867098808289,0.829555970430374,-0.622689013036882,0.733369312338948,true,true,true,true,true,"`ctd1`, 6 runs, 100 ep | 500 records per seed. Strict domination means carrier sum exceeds the sum of absolute remaining terms; removal_flips_sign is a separate test.",Lion direction units; beta natural log; epoch and step
sc,18,500,S0587,39900,79.8,-15,0.166101433336735,0.83484763354063,-0.668746179878224,0.797206738491184,true,true,true,true,true,"`ctd1`, 6 runs, 100 ep | 500 records per seed. Strict domination means carrier sum exceeds the sum of absolute remaining terms; removal_flips_sign is a separate test.",Lion direction units; beta natural log; epoch and step
sc,18,500,S0587,40000,80,-15,0.167852793633938,0.841749484837055,-0.673896730270519,0.790016990632796,true,true,true,true,true,"`ctd1`, 6 runs, 100 ep | 500 records per seed. Strict domination means carrier sum exceeds the sum of absolute remaining terms; removal_flips_sign is a separate test.",Lion direction units; beta natural log; epoch and step
sc,18,500,S0587,40100,80.2,-15,0.204687213897705,0.839333255589008,-0.634646183457994,0.756390052849497,true,true,true,true,true,"`ctd1`, 6 runs, 100 ep | 500 records per seed. Strict domination means carrier sum exceeds the sum of absolute remaining terms; removal_flips_sign is a separate test.",Lion direction units; beta natural log; epoch and step
sc,18,500,S0587,40200,80.4,-15,0.199309762567282,0.832064491510391,-0.632754659931996,0.755615011596345,true,true,true,true,true,"`ctd1`, 6 runs, 100 ep | 500 records per seed. Strict domination means carrier sum exceeds the sum of absolute remaining terms; removal_flips_sign is a separate test.",Lion direction units; beta natural log; epoch and step
sc,18,500,S0587,40300,80.6,-15,0.239453500509262,0.838263459503651,-0.598810162707059,0.73351059061647,true,true,true,true,true,"`ctd1`, 6 runs, 100 ep | 500 records per seed. Strict domination means carrier sum exceeds the sum of absolute remaining terms; removal_flips_sign is a separate test.",Lion direction units; beta natural log; epoch and step
sc,18,500,S0587,40400,80.8,-15,0.184671888127923,0.836493583023548,-0.651821545779876,0.775981232005051,true,true,true,true,true,"`ctd1`, 6 runs, 100 ep | 500 records per seed. Strict domination means carrier sum exceeds the sum of absolute remaining terms; removal_flips_sign is a separate test.",Lion direction units; beta natural log; epoch and step
sc,18,500,S0587,40500,81,-15,0.202068524062634,0.858798125386238,-0.65672959104525,0.792476932910704,true,true,true,true,true,"`ctd1`, 6 runs, 100 ep | 500 records per seed. Strict domination means carrier sum exceeds the sum of absolute remaining terms; removal_flips_sign is a separate test.",Lion direction units; beta natural log; epoch and step
sc,18,500,S0587,40600,81.2,-15,0.205935391783714,0.834248788654804,-0.628313396116766,0.775807268700839,true,true,true,true,true,"`ctd1`, 6 runs, 100 ep | 500 records per seed. Strict domination means carrier sum exceeds the sum of absolute remaining terms; removal_flips_sign is a separate test.",Lion direction units; beta natural log; epoch and step
sc,18,500,S0587,40700,81.4,-15,0.220495869219303,0.856381487846375,-0.635885739541766,0.776161853677866,true,true,true,true,true,"`ctd1`, 6 runs, 100 ep | 500 records per seed. Strict domination means carrier sum exceeds the sum of absolute remaining terms; removal_flips_sign is a separate test.",Lion direction units; beta natural log; epoch and step
sc,18,500,S0587,40800,81.6,-15,0.193298229575157,0.85000617057085,-0.65670781372466,0.789254566103381,true,true,true,true,true,"`ctd1`, 6 runs, 100 ep | 500 records per seed. Strict domination means carrier sum exceeds the sum of absolute remaining terms; removal_flips_sign is a separate test.",Lion direction units; beta natural log; epoch and step
sc,18,500,S0587,40900,81.8,-15,0.233562698960304,0.852211034297943,-0.618648320772107,0.751715523266401,true,true,true,true,true,"`ctd1`, 6 runs, 100 ep | 500 records per seed. Strict domination means carrier sum exceeds the sum of absolute remaining terms; removal_flips_sign is a separate test.",Lion direction units; beta natural log; epoch and step
sc,18,500,S0587,41000,82,-15,0.224032413959503,0.858692248165607,-0.63465985270301,0.795421660385966,true,true,true,true,true,"`ctd1`, 6 runs, 100 ep | 500 records per seed. Strict domination means carrier sum exceeds the sum of absolute remaining terms; removal_flips_sign is a separate test.",Lion direction units; beta natural log; epoch and step
sc,18,500,S0587,41100,82.2,-15,0.214695909619331,0.83690699338913,-0.622211060218626,0.758936614669903,true,true,true,true,true,"`ctd1`, 6 runs, 100 ep | 500 records per seed. Strict domination means carrier sum exceeds the sum of absolute remaining terms; removal_flips_sign is a separate test.",Lion direction units; beta natural log; epoch and step
sc,18,500,S0587,41200,82.4,-15,0.235866512358189,0.863047628104687,-0.627181140676686,0.790984910754281,true,true,true,true,true,"`ctd1`, 6 runs, 100 ep | 500 records per seed. Strict domination means carrier sum exceeds the sum of absolute remaining terms; removal_flips_sign is a separate test.",Lion direction units; beta natural log; epoch and step
sc,18,500,S0587,41300,82.6,-15,0.224766303598881,0.869202725589275,-0.644436474408701,0.78277878520031,true,true,true,true,true,"`ctd1`, 6 runs, 100 ep | 500 records per seed. Strict domination means carrier sum exceeds the sum of absolute remaining terms; removal_flips_sign is a separate test.",Lion direction units; beta natural log; epoch and step
sc,18,500,S0587,41400,82.8,-15,0.19270912706852,0.864245498180389,-0.671536406486527,0.810312213230506,true,true,true,true,true,"`ctd1`, 6 runs, 100 ep | 500 records per seed. Strict domination means carrier sum exceeds the sum of absolute remaining terms; removal_flips_sign is a separate test.",Lion direction units; beta natural log; epoch and step
sc,18,500,S0587,41500,83,-15,0.199995942413807,0.849251110851765,-0.649255210759475,0.78101876172168,true,true,true,true,true,"`ctd1`, 6 runs, 100 ep | 500 records per seed. Strict domination means carrier sum exceeds the sum of absolute remaining terms; removal_flips_sign is a separate test.",Lion direction units; beta natural log; epoch and step
sc,18,500,S0587,41600,83.2,-15,0.176037735887803,0.811462885141373,-0.635425121050025,0.757382474495103,true,true,true,true,true,"`ctd1`, 6 runs, 100 ep | 500 records per seed. Strict domination means carrier sum exceeds the sum of absolute remaining terms; removal_flips_sign is a separate test.",Lion direction units; beta natural log; epoch and step
sc,18,500,S0587,41700,83.4,-15,0.210864992439747,0.852816633880138,-0.641951576059468,0.788171103501567,true,true,true,true,true,"`ctd1`, 6 runs, 100 ep | 500 records per seed. Strict domination means carrier sum exceeds the sum of absolute remaining terms; removal_flips_sign is a separate test.",Lion direction units; beta natural log; epoch and step
sc,18,500,S0587,41800,83.6,-15,0.237898832559586,0.842670612037182,-0.604771922050634,0.712619062938677,true,true,true,true,true,"`ctd1`, 6 runs, 100 ep | 500 records per seed. Strict domination means carrier sum exceeds the sum of absolute remaining terms; removal_flips_sign is a separate test.",Lion direction units; beta natural log; epoch and step
sc,18,500,S0587,41900,83.8,-15,0.230478754639626,0.85446619540453,-0.623987468434427,0.750829915157794,true,true,true,true,true,"`ctd1`, 6 runs, 100 ep | 500 records per seed. Strict domination means carrier sum exceeds the sum of absolute remaining terms; removal_flips_sign is a separate test.",Lion direction units; beta natural log; epoch and step
sc,18,500,S0587,42000,84,-15,0.204544657468796,0.836644098162651,-0.63209924322972,0.75589987909251,true,true,true,true,true,"`ctd1`, 6 runs, 100 ep | 500 records per seed. Strict domination means carrier sum exceeds the sum of absolute remaining terms; removal_flips_sign is a separate test.",Lion direction units; beta natural log; epoch and step
sc,18,500,S0587,42100,84.2,-15,0.183840575441718,0.825854395329952,-0.642013758521409,0.757020196795168,true,true,true,true,true,"`ctd1`, 6 runs, 100 ep | 500 records per seed. Strict domination means carrier sum exceeds the sum of absolute remaining terms; removal_flips_sign is a separate test.",Lion direction units; beta natural log; epoch and step
sc,18,500,S0587,42200,84.4,-15,0.210234543681145,0.824951831996441,-0.614717315844695,0.736243785974551,true,true,true,true,true,"`ctd1`, 6 runs, 100 ep | 500 records per seed. Strict domination means carrier sum exceeds the sum of absolute remaining terms; removal_flips_sign is a separate test.",Lion direction units; beta natural log; epoch and step
sc,18,500,S0587,42300,84.6,-15,0.237346884608269,0.853268638253212,-0.615921756479912,0.736507291771892,true,true,true,true,true,"`ctd1`, 6 runs, 100 ep | 500 records per seed. Strict domination means carrier sum exceeds the sum of absolute remaining terms; removal_flips_sign is a separate test.",Lion direction units; beta natural log; epoch and step
sc,18,500,S0587,42400,84.8,-15,0.2014060549438,0.86018827110529,-0.65878248506572,0.797791567917235,true,true,true,true,true,"`ctd1`, 6 runs, 100 ep | 500 records per seed. Strict domination means carrier sum exceeds the sum of absolute remaining terms; removal_flips_sign is a separate test.",Lion direction units; beta natural log; epoch and step
sc,18,500,S0587,42500,85,-15,0.215616844594479,0.857401923835278,-0.641785166438939,0.774248258641313,true,true,true,true,true,"`ctd1`, 6 runs, 100 ep | 500 records per seed. Strict domination means carrier sum exceeds the sum of absolute remaining terms; removal_flips_sign is a separate test.",Lion direction units; beta natural log; epoch and step
sc,18,500,S0587,42600,85.2,-15,0.238311433792114,0.862919323146343,-0.624607852683539,0.770299749616061,true,true,true,true,true,"`ctd1`, 6 runs, 100 ep | 500 records per seed. Strict domination means carrier sum exceeds the sum of absolute remaining terms; removal_flips_sign is a separate test.",Lion direction units; beta natural log; epoch and step
sc,18,500,S0587,42700,85.4,-15,0.210495722293854,0.852212269604206,-0.641716441220655,0.779301290822963,true,true,true,true,true,"`ctd1`, 6 runs, 100 ep | 500 records per seed. Strict domination means carrier sum exceeds the sum of absolute remaining terms; removal_flips_sign is a separate test.",Lion direction units; beta natural log; epoch and step
sc,18,500,S0587,42800,85.6,-15,0.213586162030697,0.84819228053093,-0.634606058105136,0.759370763848791,true,true,true,true,true,"`ctd1`, 6 runs, 100 ep | 500 records per seed. Strict domination means carrier sum exceeds the sum of absolute remaining terms; removal_flips_sign is a separate test.",Lion direction units; beta natural log; epoch and step
sc,18,500,S0587,42900,85.8,-15,0.225568154454231,0.829975138604641,-0.604407057797732,0.803417671574573,true,true,true,true,true,"`ctd1`, 6 runs, 100 ep | 500 records per seed. Strict domination means carrier sum exceeds the sum of absolute remaining terms; removal_flips_sign is a separate test.",Lion direction units; beta natural log; epoch and step
sc,18,500,S0587,43000,86,-15,0.215538568794727,0.849415092170238,-0.633876533776515,0.77074147394253,true,true,true,true,true,"`ctd1`, 6 runs, 100 ep | 500 records per seed. Strict domination means carrier sum exceeds the sum of absolute remaining terms; removal_flips_sign is a separate test.",Lion direction units; beta natural log; epoch and step
sc,18,500,S0587,43100,86.2,-15,0.261819568276405,0.851261793076992,-0.589442268173082,0.721709764492573,true,true,true,true,true,"`ctd1`, 6 runs, 100 ep | 500 records per seed. Strict domination means carrier sum exceeds the sum of absolute remaining terms; removal_flips_sign is a separate test.",Lion direction units; beta natural log; epoch and step
sc,18,500,S0587,43200,86.4,-15,0.213370509445667,0.85562943816185,-0.642258747304311,0.783640522802978,true,true,true,true,true,"`ctd1`, 6 runs, 100 ep | 500 records per seed. Strict domination means carrier sum exceeds the sum of absolute remaining terms; removal_flips_sign is a separate test.",Lion direction units; beta natural log; epoch and step
sc,18,500,S0587,43300,86.6,-15,0.190596102923155,0.858156485855579,-0.667560285735772,0.813291601516494,true,true,true,true,true,"`ctd1`, 6 runs, 100 ep | 500 records per seed. Strict domination means carrier sum exceeds the sum of absolute remaining terms; removal_flips_sign is a separate test.",Lion direction units; beta natural log; epoch and step
sc,18,500,S0587,43400,86.8,-15,0.187989729642868,0.833052141964436,-0.645062442685278,0.773805658041786,true,true,true,true,true,"`ctd1`, 6 runs, 100 ep | 500 records per seed. Strict domination means carrier sum exceeds the sum of absolute remaining terms; removal_flips_sign is a separate test.",Lion direction units; beta natural log; epoch and step
sc,18,500,S0587,43500,87,-15,0.209584498405457,0.831707225739956,-0.622122593403967,0.766944672761949,true,true,true,true,true,"`ctd1`, 6 runs, 100 ep | 500 records per seed. Strict domination means carrier sum exceeds the sum of absolute remaining terms; removal_flips_sign is a separate test.",Lion direction units; beta natural log; epoch and step
sc,18,500,S0587,43600,87.2,-15,0.222588209807873,0.856394721567631,-0.63380639952112,0.765710764415701,true,true,true,true,true,"`ctd1`, 6 runs, 100 ep | 500 records per seed. Strict domination means carrier sum exceeds the sum of absolute remaining terms; removal_flips_sign is a separate test.",Lion direction units; beta natural log; epoch and step
sc,18,500,S0587,43700,87.4,-15,0.223033222556114,0.832202555239201,-0.609169216160632,0.749734583186915,true,true,true,true,true,"`ctd1`, 6 runs, 100 ep | 500 records per seed. Strict domination means carrier sum exceeds the sum of absolute remaining terms; removal_flips_sign is a separate test.",Lion direction units; beta natural log; epoch and step
sc,18,500,S0587,43800,87.6,-15,0.189384193718433,0.834641422331333,-0.645257349749619,0.75963143611246,true,true,true,true,true,"`ctd1`, 6 runs, 100 ep | 500 records per seed. Strict domination means carrier sum exceeds the sum of absolute remaining terms; removal_flips_sign is a separate test.",Lion direction units; beta natural log; epoch and step
sc,18,500,S0587,43900,87.8,-15,0.168083734810352,0.838995508849621,-0.670911444940953,0.804064844295567,true,true,true,true,true,"`ctd1`, 6 runs, 100 ep | 500 records per seed. Strict domination means carrier sum exceeds the sum of absolute remaining terms; removal_flips_sign is a separate test.",Lion direction units; beta natural log; epoch and step
sc,18,500,S0587,44000,88,-15,0.221207296848297,0.826798167824745,-0.605590654192468,0.760440719068623,true,true,true,true,true,"`ctd1`, 6 runs, 100 ep | 500 records per seed. Strict domination means carrier sum exceeds the sum of absolute remaining terms; removal_flips_sign is a separate test.",Lion direction units; beta natural log; epoch and step
sc,18,500,S0587,44100,88.2,-15,0.211045052111149,0.841267269849777,-0.630221993102873,0.757282523061417,true,true,true,true,true,"`ctd1`, 6 runs, 100 ep | 500 records per seed. Strict domination means carrier sum exceeds the sum of absolute remaining terms; removal_flips_sign is a separate test.",Lion direction units; beta natural log; epoch and step
sc,18,500,S0587,44200,88.4,-15,0.216184955835342,0.855211195349693,-0.639026199553734,0.773839836576042,true,true,true,true,true,"`ctd1`, 6 runs, 100 ep | 500 records per seed. Strict domination means carrier sum exceeds the sum of absolute remaining terms; removal_flips_sign is a separate test.",Lion direction units; beta natural log; epoch and step
sc,18,500,S0587,44300,88.6,-15,0.163080886006355,0.835215547680855,-0.672134745944663,0.800023031400997,true,true,true,true,true,"`ctd1`, 6 runs, 100 ep | 500 records per seed. Strict domination means carrier sum exceeds the sum of absolute remaining terms; removal_flips_sign is a separate test.",Lion direction units; beta natural log; epoch and step
sc,18,500,S0587,44400,88.8,-15,0.235717071592808,0.840971577167511,-0.605254411150383,0.743283239647792,true,true,true,true,true,"`ctd1`, 6 runs, 100 ep | 500 records per seed. Strict domination means carrier sum exceeds the sum of absolute remaining terms; removal_flips_sign is a separate test.",Lion direction units; beta natural log; epoch and step
sc,18,500,S0587,44500,89,-15,0.224384216964245,0.845938210189343,-0.621553915286876,0.759132408968088,true,true,true,true,true,"`ctd1`, 6 runs, 100 ep | 500 records per seed. Strict domination means carrier sum exceeds the sum of absolute remaining terms; removal_flips_sign is a separate test.",Lion direction units; beta natural log; epoch and step
sc,18,500,S0587,44600,89.2,-15,0.206047506630421,0.835290475189686,-0.629243023089907,0.773062818758262,true,true,true,true,true,"`ctd1`, 6 runs, 100 ep | 500 records per seed. Strict domination means carrier sum exceeds the sum of absolute remaining terms; removal_flips_sign is a separate test.",Lion direction units; beta natural log; epoch and step
sc,18,500,S0587,44700,89.4,-15,0.214320050179958,0.847642713785172,-0.633322404777198,0.755407473815637,true,true,true,true,true,"`ctd1`, 6 runs, 100 ep | 500 records per seed. Strict domination means carrier sum exceeds the sum of absolute remaining terms; removal_flips_sign is a separate test.",Lion direction units; beta natural log; epoch and step
sc,18,500,S0587,44800,89.6,-15,0.220854178071022,0.831164179742336,-0.610309972082689,0.752531325673738,true,true,true,true,true,"`ctd1`, 6 runs, 100 ep | 500 records per seed. Strict domination means carrier sum exceeds the sum of absolute remaining terms; removal_flips_sign is a separate test.",Lion direction units; beta natural log; epoch and step
sc,18,500,S0587,44900,89.8,-15,0.216366489231586,0.824028727412224,-0.607662273706012,0.761551519857278,true,true,true,true,true,"`ctd1`, 6 runs, 100 ep | 500 records per seed. Strict domination means carrier sum exceeds the sum of absolute remaining terms; removal_flips_sign is a separate test.",Lion direction units; beta natural log; epoch and step
sc,18,500,S0587,45000,90,-15,0.243800376355648,0.848887559771538,-0.605087423402119,0.769590382245178,true,true,true,true,true,"`ctd1`, 6 runs, 100 ep | 500 records per seed. Strict domination means carrier sum exceeds the sum of absolute remaining terms; removal_flips_sign is a separate test.",Lion direction units; beta natural log; epoch and step
sc,18,500,S0587,45100,90.2,-15,0.247640979290009,0.84911210089922,-0.601471105277165,0.759290351815275,true,true,true,true,true,"`ctd1`, 6 runs, 100 ep | 500 records per seed. Strict domination means carrier sum exceeds the sum of absolute remaining terms; removal_flips_sign is a separate test.",Lion direction units; beta natural log; epoch and step
sc,18,500,S0587,45200,90.4,-15,0.202322493493557,0.849797770380974,-0.64747523540384,0.795120141679945,true,true,true,true,true,"`ctd1`, 6 runs, 100 ep | 500 records per seed. Strict domination means carrier sum exceeds the sum of absolute remaining terms; removal_flips_sign is a separate test.",Lion direction units; beta natural log; epoch and step
sc,18,500,S0587,45300,90.6,-15,0.177141857147217,0.823604369163513,-0.646462732328712,0.775741648127644,true,true,true,true,true,"`ctd1`, 6 runs, 100 ep | 500 records per seed. Strict domination means carrier sum exceeds the sum of absolute remaining terms; removal_flips_sign is a separate test.",Lion direction units; beta natural log; epoch and step
sc,18,500,S0587,45400,90.8,-15,0.24503251761198,0.859451134502888,-0.614418574627047,0.759579903384468,true,true,true,true,true,"`ctd1`, 6 runs, 100 ep | 500 records per seed. Strict domination means carrier sum exceeds the sum of absolute remaining terms; removal_flips_sign is a separate test.",Lion direction units; beta natural log; epoch and step
sc,18,500,S0587,45500,91,-15,0.255074670910835,0.848819561302662,-0.593744836374032,0.732534198178183,true,true,true,true,true,"`ctd1`, 6 runs, 100 ep | 500 records per seed. Strict domination means carrier sum exceeds the sum of absolute remaining terms; removal_flips_sign is a separate test.",Lion direction units; beta natural log; epoch and step
sc,18,500,S0587,45600,91.2,-15,0.191838670521975,0.856531275808811,-0.664692691303065,0.796534044069398,true,true,true,true,true,"`ctd1`, 6 runs, 100 ep | 500 records per seed. Strict domination means carrier sum exceeds the sum of absolute remaining terms; removal_flips_sign is a separate test.",Lion direction units; beta natural log; epoch and step
sc,18,500,S0587,45700,91.4,-15,0.220006155967712,0.842179748415947,-0.622173844248033,0.756985872014792,true,true,true,true,true,"`ctd1`, 6 runs, 100 ep | 500 records per seed. Strict domination means carrier sum exceeds the sum of absolute remaining terms; removal_flips_sign is a separate test.",Lion direction units; beta natural log; epoch and step
sc,18,500,S0587,45800,91.6,-15,0.206687134504318,0.850198751688004,-0.643511642044302,0.780869413784364,true,true,true,true,true,"`ctd1`, 6 runs, 100 ep | 500 records per seed. Strict domination means carrier sum exceeds the sum of absolute remaining terms; removal_flips_sign is a separate test.",Lion direction units; beta natural log; epoch and step
sc,18,500,S0587,45900,91.8,-15,0.270369350910187,0.856020237505436,-0.585650979904733,0.783724429222582,true,true,true,true,true,"`ctd1`, 6 runs, 100 ep | 500 records per seed. Strict domination means carrier sum exceeds the sum of absolute remaining terms; removal_flips_sign is a separate test.",Lion direction units; beta natural log; epoch and step
sc,18,500,S0587,46000,92,-15,0.183764976263046,0.825910866260529,-0.642145763035342,0.769123651710515,true,true,true,true,true,"`ctd1`, 6 runs, 100 ep | 500 records per seed. Strict domination means carrier sum exceeds the sum of absolute remaining terms; removal_flips_sign is a separate test.",Lion direction units; beta natural log; epoch and step
sc,18,500,S0587,46100,92.2,-15,0.212728774547577,0.836616066098213,-0.623887263008203,0.758397871398097,true,true,true,true,true,"`ctd1`, 6 runs, 100 ep | 500 records per seed. Strict domination means carrier sum exceeds the sum of absolute remaining terms; removal_flips_sign is a separate test.",Lion direction units; beta natural log; epoch and step
sc,18,500,S0587,46200,92.4,-15,0.207396113872528,0.857331527769566,-0.649935495543832,0.781967629664359,true,true,true,true,true,"`ctd1`, 6 runs, 100 ep | 500 records per seed. Strict domination means carrier sum exceeds the sum of absolute remaining terms; removal_flips_sign is a separate test.",Lion direction units; beta natural log; epoch and step
sc,18,500,S0587,46300,92.6,-15,0.217164169251919,0.827144566178322,-0.609980355655091,0.744843755110367,true,true,true,true,true,"`ctd1`, 6 runs, 100 ep | 500 records per seed. Strict domination means carrier sum exceeds the sum of absolute remaining terms; removal_flips_sign is a separate test.",Lion direction units; beta natural log; epoch and step
sc,18,500,S0587,46400,92.8,-15,0.2396803855896,0.851635640859604,-0.611955250077383,0.746469009385257,true,true,true,true,true,"`ctd1`, 6 runs, 100 ep | 500 records per seed. Strict domination means carrier sum exceeds the sum of absolute remaining terms; removal_flips_sign is a separate test.",Lion direction units; beta natural log; epoch and step
sc,18,500,S0587,46500,93,-15,0.252893091738224,0.846926467120647,-0.594033699315185,0.718812160306914,true,true,true,true,true,"`ctd1`, 6 runs, 100 ep | 500 records per seed. Strict domination means carrier sum exceeds the sum of absolute remaining terms; removal_flips_sign is a separate test.",Lion direction units; beta natural log; epoch and step
sc,18,500,S0587,46600,93.2,-15,0.227228319644928,0.856620621681213,-0.629392387919677,0.744498889915019,true,true,true,true,true,"`ctd1`, 6 runs, 100 ep | 500 records per seed. Strict domination means carrier sum exceeds the sum of absolute remaining terms; removal_flips_sign is a separate test.",Lion direction units; beta natural log; epoch and step
sc,18,500,S0587,46700,93.4,-15,0.203571660071611,0.850289753079414,-0.646718232759838,0.800329902335182,true,true,true,true,true,"`ctd1`, 6 runs, 100 ep | 500 records per seed. Strict domination means carrier sum exceeds the sum of absolute remaining terms; removal_flips_sign is a separate test.",Lion direction units; beta natural log; epoch and step
sc,18,500,S0587,46800,93.6,-15,0.184373885393143,0.827452065050602,-0.64307803747796,0.789908124671581,true,true,true,true,true,"`ctd1`, 6 runs, 100 ep | 500 records per seed. Strict domination means carrier sum exceeds the sum of absolute remaining terms; removal_flips_sign is a separate test.",Lion direction units; beta natural log; epoch and step
sc,18,500,S0587,46900,93.8,-15,0.218555147945881,0.842901499569416,-0.624346387784721,0.784246699207637,true,true,true,true,true,"`ctd1`, 6 runs, 100 ep | 500 records per seed. Strict domination means carrier sum exceeds the sum of absolute remaining terms; removal_flips_sign is a separate test.",Lion direction units; beta natural log; epoch and step
sc,18,500,S0587,47000,94,-15,0.256076996028423,0.852657514810562,-0.596580790325993,0.740925167294154,true,true,true,true,true,"`ctd1`, 6 runs, 100 ep | 500 records per seed. Strict domination means carrier sum exceeds the sum of absolute remaining terms; removal_flips_sign is a separate test.",Lion direction units; beta natural log; epoch and step
sc,18,500,S0587,47100,94.2,-15,0.205268412083387,0.836290182173252,-0.631022159914755,0.755084098425323,true,true,true,true,true,"`ctd1`, 6 runs, 100 ep | 500 records per seed. Strict domination means carrier sum exceeds the sum of absolute remaining terms; removal_flips_sign is a separate test.",Lion direction units; beta natural log; epoch and step
sc,18,500,S0587,47200,94.4,-15,0.188802182674408,0.84491424113512,-0.656112083085122,0.790154885696006,true,true,true,true,true,"`ctd1`, 6 runs, 100 ep | 500 records per seed. Strict domination means carrier sum exceeds the sum of absolute remaining terms; removal_flips_sign is a separate test.",Lion direction units; beta natural log; epoch and step
sc,18,500,S0587,47300,94.6,-15,0.218754085898399,0.842317107319832,-0.623562954454746,0.75169427040928,true,true,true,true,true,"`ctd1`, 6 runs, 100 ep | 500 records per seed. Strict domination means carrier sum exceeds the sum of absolute remaining terms; removal_flips_sign is a separate test.",Lion direction units; beta natural log; epoch and step
sc,18,500,S0587,47400,94.8,-15,0.232159253954887,0.844306889176369,-0.612147671855882,0.741435405371567,true,true,true,true,true,"`ctd1`, 6 runs, 100 ep | 500 records per seed. Strict domination means carrier sum exceeds the sum of absolute remaining terms; removal_flips_sign is a separate test.",Lion direction units; beta natural log; epoch and step
sc,18,500,S0587,47500,95,-15,0.280830267071724,0.852235516905785,-0.571405517229982,0.711637666196543,true,true,true,true,true,"`ctd1`, 6 runs, 100 ep | 500 records per seed. Strict domination means carrier sum exceeds the sum of absolute remaining terms; removal_flips_sign is a separate test.",Lion direction units; beta natural log; epoch and step
sc,18,500,S0587,47600,95.2,-15,0.227756223082542,0.860541820526123,-0.632785704254485,0.769827356722607,true,true,true,true,true,"`ctd1`, 6 runs, 100 ep | 500 records per seed. Strict domination means carrier sum exceeds the sum of absolute remaining terms; removal_flips_sign is a separate test.",Lion direction units; beta natural log; epoch and step
sc,18,500,S0587,47700,95.4,-15,0.215842272341251,0.853466340899467,-0.63762409754176,0.780834093045763,true,true,true,true,true,"`ctd1`, 6 runs, 100 ep | 500 records per seed. Strict domination means carrier sum exceeds the sum of absolute remaining terms; removal_flips_sign is a separate test.",Lion direction units; beta natural log; epoch and step
sc,18,500,S0587,47800,95.6,-15,0.237437504529953,0.838482335209846,-0.60104474923204,0.730023462666293,true,true,true,true,true,"`ctd1`, 6 runs, 100 ep | 500 records per seed. Strict domination means carrier sum exceeds the sum of absolute remaining terms; removal_flips_sign is a separate test.",Lion direction units; beta natural log; epoch and step
sc,18,500,S0587,47900,95.8,-15,0.206272398680449,0.861946891248226,-0.655674666772137,0.780862733325438,true,true,true,true,true,"`ctd1`, 6 runs, 100 ep | 500 records per seed. Strict domination means carrier sum exceeds the sum of absolute remaining terms; removal_flips_sign is a separate test.",Lion direction units; beta natural log; epoch and step
sc,18,500,S0587,48000,96,-15,0.202001737058163,0.837431010603905,-0.63542935333337,0.754427194478581,true,true,true,true,true,"`ctd1`, 6 runs, 100 ep | 500 records per seed. Strict domination means carrier sum exceeds the sum of absolute remaining terms; removal_flips_sign is a separate test.",Lion direction units; beta natural log; epoch and step
sc,18,500,S0587,48100,96.2,-15,0.217011742293835,0.835193878412247,-0.618182090967196,0.743185287334393,true,true,true,true,true,"`ctd1`, 6 runs, 100 ep | 500 records per seed. Strict domination means carrier sum exceeds the sum of absolute remaining terms; removal_flips_sign is a separate test.",Lion direction units; beta natural log; epoch and step
sc,18,500,S0587,48200,96.4,-15,0.229661132395267,0.847191376984119,-0.617530232933228,0.745791245594324,true,true,true,true,true,"`ctd1`, 6 runs, 100 ep | 500 records per seed. Strict domination means carrier sum exceeds the sum of absolute remaining terms; removal_flips_sign is a separate test.",Lion direction units; beta natural log; epoch and step
sc,18,500,S0587,48300,96.6,-15,0.231180372834206,0.834198817610741,-0.603018625418895,0.764948290444386,true,true,true,true,true,"`ctd1`, 6 runs, 100 ep | 500 records per seed. Strict domination means carrier sum exceeds the sum of absolute remaining terms; removal_flips_sign is a separate test.",Lion direction units; beta natural log; epoch and step
sc,18,500,S0587,48400,96.8,-15,0.207009774446487,0.843198169767857,-0.636188414793327,0.774143902330599,true,true,true,true,true,"`ctd1`, 6 runs, 100 ep | 500 records per seed. Strict domination means carrier sum exceeds the sum of absolute remaining terms; removal_flips_sign is a separate test.",Lion direction units; beta natural log; epoch and step
sc,18,500,S0587,48500,97,-15,0.210502667725086,0.866762465238571,-0.656260032610066,0.815943151629369,true,true,true,true,true,"`ctd1`, 6 runs, 100 ep | 500 records per seed. Strict domination means carrier sum exceeds the sum of absolute remaining terms; removal_flips_sign is a separate test.",Lion direction units; beta natural log; epoch and step
sc,18,500,S0587,48600,97.2,-15,0.212770749628544,0.856941090524197,-0.644170446693798,0.775000835189613,true,true,true,true,true,"`ctd1`, 6 runs, 100 ep | 500 records per seed. Strict domination means carrier sum exceeds the sum of absolute remaining terms; removal_flips_sign is a separate test.",Lion direction units; beta natural log; epoch and step
sc,18,500,S0587,48700,97.4,-15,0.198013705015183,0.828856167197228,-0.630842558029403,0.763782211013873,true,true,true,true,true,"`ctd1`, 6 runs, 100 ep | 500 records per seed. Strict domination means carrier sum exceeds the sum of absolute remaining terms; removal_flips_sign is a separate test.",Lion direction units; beta natural log; epoch and step
sc,18,500,S0587,48800,97.6,-15,0.222529363632202,0.839760079979897,-0.617230704844209,0.747190445799592,true,true,true,true,true,"`ctd1`, 6 runs, 100 ep | 500 records per seed. Strict domination means carrier sum exceeds the sum of absolute remaining terms; removal_flips_sign is a separate test.",Lion direction units; beta natural log; epoch and step
sc,18,500,S0587,48900,97.8,-15,0.242198148369789,0.846009826660156,-0.603811820789244,0.747704199483584,true,true,true,true,true,"`ctd1`, 6 runs, 100 ep | 500 records per seed. Strict domination means carrier sum exceeds the sum of absolute remaining terms; removal_flips_sign is a separate test.",Lion direction units; beta natural log; epoch and step
sc,18,500,S0587,49000,98,-15,0.232006631791592,0.836591003835201,-0.604584400170313,0.750062693527991,true,true,true,true,true,"`ctd1`, 6 runs, 100 ep | 500 records per seed. Strict domination means carrier sum exceeds the sum of absolute remaining terms; removal_flips_sign is a separate test.",Lion direction units; beta natural log; epoch and step
sc,18,500,S0587,49100,98.2,-15,0.198643893748522,0.837053459882736,-0.638409488264659,0.767022325440729,true,true,true,true,true,"`ctd1`, 6 runs, 100 ep | 500 records per seed. Strict domination means carrier sum exceeds the sum of absolute remaining terms; removal_flips_sign is a separate test.",Lion direction units; beta natural log; epoch and step
sc,18,500,S0587,49200,98.4,-15,0.204752679169178,0.847846958041191,-0.643094300345391,0.786788259998164,true,true,true,true,true,"`ctd1`, 6 runs, 100 ep | 500 records per seed. Strict domination means carrier sum exceeds the sum of absolute remaining terms; removal_flips_sign is a separate test.",Lion direction units; beta natural log; epoch and step
sc,18,500,S0587,49300,98.6,-15,0.19063104018569,0.846856939792633,-0.65622591336342,0.7987598931577,true,true,true,true,true,"`ctd1`, 6 runs, 100 ep | 500 records per seed. Strict domination means carrier sum exceeds the sum of absolute remaining terms; removal_flips_sign is a separate test.",Lion direction units; beta natural log; epoch and step
sc,18,500,S0587,49400,98.8,-15,0.253000155091286,0.844242917001247,-0.591242886059229,0.706269135739979,true,true,true,true,true,"`ctd1`, 6 runs, 100 ep | 500 records per seed. Strict domination means carrier sum exceeds the sum of absolute remaining terms; removal_flips_sign is a separate test.",Lion direction units; beta natural log; epoch and step
sc,18,500,S0587,49500,99,-15,0.205893537402153,0.835552200675011,-0.629658388965697,0.780479602366984,true,true,true,true,true,"`ctd1`, 6 runs, 100 ep | 500 records per seed. Strict domination means carrier sum exceeds the sum of absolute remaining terms; removal_flips_sign is a separate test.",Lion direction units; beta natural log; epoch and step
sc,18,500,S0587,49600,99.2,-15,0.217263282835484,0.826963868737221,-0.60970069292257,0.732078995055872,true,true,true,true,true,"`ctd1`, 6 runs, 100 ep | 500 records per seed. Strict domination means carrier sum exceeds the sum of absolute remaining terms; removal_flips_sign is a separate test.",Lion direction units; beta natural log; epoch and step
sc,18,500,S0587,49700,99.4,-15,0.212042850255966,0.842228546738625,-0.630185813145778,0.771308696037755,true,true,true,true,true,"`ctd1`, 6 runs, 100 ep | 500 records per seed. Strict domination means carrier sum exceeds the sum of absolute remaining terms; removal_flips_sign is a separate test.",Lion direction units; beta natural log; epoch and step
sc,18,500,S0587,49800,99.6,-15,0.216821844875813,0.837929947674274,-0.621108198408058,0.753521262231027,true,true,true,true,true,"`ctd1`, 6 runs, 100 ep | 500 records per seed. Strict domination means carrier sum exceeds the sum of absolute remaining terms; removal_flips_sign is a separate test.",Lion direction units; beta natural log; epoch and step
sc,18,500,S0587,49900,99.8,-15,0.236089992523193,0.846966138482094,-0.610876425018523,0.76312265892534,true,true,true,true,true,"`ctd1`, 6 runs, 100 ep | 500 records per seed. Strict domination means carrier sum exceeds the sum of absolute remaining terms; removal_flips_sign is a separate test.",Lion direction units; beta natural log; epoch and step
sc,19,500,S0588,0,0,-13.814510345459,-5.19780307683959e-09,-2.59288754911324e-09,-2.60491534280483e-09,5.89815963396301e-09,false,false,false,true,false,"`ctd1`, 6 runs, 100 ep | 500 records per seed. Strict domination means carrier sum exceeds the sum of absolute remaining terms; removal_flips_sign is a separate test.",Lion direction units; beta natural log; epoch and step
sc,19,500,S0588,100,0.2,-13.714469909668,-3.69300138117978e-05,-1.29227346690186e-06,-3.56377411298844e-05,3.59543134423934e-05,false,false,false,true,false,"`ctd1`, 6 runs, 100 ep | 500 records per seed. Strict domination means carrier sum exceeds the sum of absolute remaining terms; removal_flips_sign is a separate test.",Lion direction units; beta natural log; epoch and step
sc,19,500,S0588,200,0.4,-13.614429473877,-0.000164043689437676,-3.61505062755896e-06,-0.000160428658964018,0.000160848654036258,false,false,false,true,false,"`ctd1`, 6 runs, 100 ep | 500 records per seed. Strict domination means carrier sum exceeds the sum of absolute remaining terms; removal_flips_sign is a separate test.",Lion direction units; beta natural log; epoch and step
sc,19,500,S0588,300,0.6,-13.5143890380859,-0.000384188958560117,-6.79341201248462e-06,-0.000377395552746802,0.000378251910987983,false,false,false,true,false,"`ctd1`, 6 runs, 100 ep | 500 records per seed. Strict domination means carrier sum exceeds the sum of absolute remaining terms; removal_flips_sign is a separate test.",Lion direction units; beta natural log; epoch and step
sc,19,500,S0588,400,0.8,-13.4143486022949,-0.000618501764256507,-9.76400717718207e-06,-0.000608737747097086,0.000610076830456573,false,false,false,true,false,"`ctd1`, 6 runs, 100 ep | 500 records per seed. Strict domination means carrier sum exceeds the sum of absolute remaining terms; removal_flips_sign is a separate test.",Lion direction units; beta natural log; epoch and step
sc,19,500,S0588,500,1,-13.3143081665039,-0.000895279366523027,-1.2735083851112e-05,-0.000882544348722353,0.000884496424537834,false,false,false,true,false,"`ctd1`, 6 runs, 100 ep | 500 records per seed. Strict domination means carrier sum exceeds the sum of absolute remaining terms; removal_flips_sign is a separate test.",Lion direction units; beta natural log; epoch and step
sc,19,500,S0588,600,1.2,-13.2142677307129,-0.00131069045746699,-1.81197538040578e-05,-0.00129257080717322,0.00129408412822711,false,false,false,true,false,"`ctd1`, 6 runs, 100 ep | 500 records per seed. Strict domination means carrier sum exceeds the sum of absolute remaining terms; removal_flips_sign is a separate test.",Lion direction units; beta natural log; epoch and step
sc,19,500,S0588,700,1.4,-13.1142272949219,-0.00161892042960972,-2.25007552216994e-05,-0.00159641988291741,0.00160073805273913,false,false,false,true,false,"`ctd1`, 6 runs, 100 ep | 500 records per seed. Strict domination means carrier sum exceeds the sum of absolute remaining terms; removal_flips_sign is a separate test.",Lion direction units; beta natural log; epoch and step
sc,19,500,S0588,800,1.6,-13.0141868591309,-0.00214620504993945,-2.83478169876616e-05,-0.00211785734390889,0.0021198612080214,false,false,false,true,false,"`ctd1`, 6 runs, 100 ep | 500 records per seed. Strict domination means carrier sum exceeds the sum of absolute remaining terms; removal_flips_sign is a separate test.",Lion direction units; beta natural log; epoch and step
sc,19,500,S0588,900,1.8,-12.9141464233398,-0.00262606826145202,-3.5424364341452e-05,-0.00259064362242178,0.00259491026604188,false,false,false,true,false,"`ctd1`, 6 runs, 100 ep | 500 records per seed. Strict domination means carrier sum exceeds the sum of absolute remaining terms; removal_flips_sign is a separate test.",Lion direction units; beta natural log; epoch and step
sc,19,500,S0588,1000,2,-12.8141059875488,-0.00311111528426409,-4.06846846999542e-05,-0.0030704314592229,0.00307593721422041,false,false,false,true,false,"`ctd1`, 6 runs, 100 ep | 500 records per seed. Strict domination means carrier sum exceeds the sum of absolute remaining terms; removal_flips_sign is a separate test.",Lion direction units; beta natural log; epoch and step
sc,19,500,S0588,1100,2.2,-12.7140655517578,-0.00355733074247837,-4.56821898296766e-05,-0.00351164958159212,0.00351649933058208,false,false,false,true,false,"`ctd1`, 6 runs, 100 ep | 500 records per seed. Strict domination means carrier sum exceeds the sum of absolute remaining terms; removal_flips_sign is a separate test.",Lion direction units; beta natural log; epoch and step
sc,19,500,S0588,1200,2.4,-12.6140251159668,-0.00425155241973698,-5.36779696631129e-05,-0.00419787398506892,0.0042040800148724,false,false,false,true,false,"`ctd1`, 6 runs, 100 ep | 500 records per seed. Strict domination means carrier sum exceeds the sum of absolute remaining terms; removal_flips_sign is a separate test.",Lion direction units; beta natural log; epoch and step
sc,19,500,S0588,1300,2.6,-12.5139846801758,-0.00506849316880107,-6.555161671713e-05,-0.00500294013403584,0.0050118420649502,false,false,false,true,false,"`ctd1`, 6 runs, 100 ep | 500 records per seed. Strict domination means carrier sum exceeds the sum of absolute remaining terms; removal_flips_sign is a separate test.",Lion direction units; beta natural log; epoch and step
sc,19,500,S0588,1400,2.8,-12.4139442443848,-0.00567058073356748,-7.29823164874688e-05,-0.0055975971323009,0.00560671945642508,false,false,false,true,false,"`ctd1`, 6 runs, 100 ep | 500 records per seed. Strict domination means carrier sum exceeds the sum of absolute remaining terms; removal_flips_sign is a separate test.",Lion direction units; beta natural log; epoch and step
sc,19,500,S0588,1500,3,-12.3139038085938,-0.0064680811483413,-8.06315189038287e-05,-0.00638744954359816,0.00640106026912399,false,false,false,true,false,"`ctd1`, 6 runs, 100 ep | 500 records per seed. Strict domination means carrier sum exceeds the sum of absolute remaining terms; removal_flips_sign is a separate test.",Lion direction units; beta natural log; epoch and step
sc,19,500,S0588,1600,3.2,-12.2138633728027,-0.00764323440380394,-9.38590250370908e-05,-0.00754937455734241,0.0075634538185283,false,false,false,true,false,"`ctd1`, 6 runs, 100 ep | 500 records per seed. Strict domination means carrier sum exceeds the sum of absolute remaining terms; removal_flips_sign is a separate test.",Lion direction units; beta natural log; epoch and step
sc,19,500,S0588,1700,3.4,-12.1138229370117,-0.00847136434167623,-0.00010477315809112,-0.008366589838479,0.00838043487908311,false,false,false,true,false,"`ctd1`, 6 runs, 100 ep | 500 records per seed. Strict domination means carrier sum exceeds the sum of absolute remaining terms; removal_flips_sign is a separate test.",Lion direction units; beta natural log; epoch and step
sc,19,500,S0588,1800,3.6,-12.0137825012207,-0.00955641027539969,-0.000119909118438954,-0.00943650152279547,0.00945258562475901,false,false,false,true,false,"`ctd1`, 6 runs, 100 ep | 500 records per seed. Strict domination means carrier sum exceeds the sum of absolute remaining terms; removal_flips_sign is a separate test.",Lion direction units; beta natural log; epoch and step
sc,19,500,S0588,1900,3.8,-11.9137420654297,-0.011199192982167,-0.000135995733216987,-0.0110631981758503,0.011073878933678,false,false,false,true,false,"`ctd1`, 6 runs, 100 ep | 500 records per seed. Strict domination means carrier sum exceeds the sum of absolute remaining terms; removal_flips_sign is a separate test.",Lion direction units; beta natural log; epoch and step
sc,19,500,S0588,2000,4,-11.8137016296387,-0.0120319460518658,-0.000145398759559612,-0.0118865558532518,0.0119059606171701,false,false,false,true,false,"`ctd1`, 6 runs, 100 ep | 500 records per seed. Strict domination means carrier sum exceeds the sum of absolute remaining terms; removal_flips_sign is a separate test.",Lion direction units; beta natural log; epoch and step
sc,19,500,S0588,2100,4.2,-11.7136611938477,-0.0135278126224875,-0.000162718296269304,-0.0133650985749534,0.0133816811213557,false,false,false,true,false,"`ctd1`, 6 runs, 100 ep | 500 records per seed. Strict domination means carrier sum exceeds the sum of absolute remaining terms; removal_flips_sign is a separate test.",Lion direction units; beta natural log; epoch and step
sc,19,500,S0588,2200,4.4,-11.6136207580566,-0.0150233403779566,-0.00018461160325387,-0.0148387341329681,0.0148846111744434,false,false,false,true,false,"`ctd1`, 6 runs, 100 ep | 500 records per seed. Strict domination means carrier sum exceeds the sum of absolute remaining terms; removal_flips_sign is a separate test.",Lion direction units; beta natural log; epoch and step
sc,19,500,S0588,2300,4.6,-11.5135803222656,-0.0164351664483547,-0.000194171382099739,-0.0162409950065546,0.0162596066214144,false,false,false,true,false,"`ctd1`, 6 runs, 100 ep | 500 records per seed. Strict domination means carrier sum exceeds the sum of absolute remaining terms; removal_flips_sign is a separate test.",Lion direction units; beta natural log; epoch and step
sc,19,500,S0588,2400,4.8,-11.4135398864746,-0.0180497418157756,-0.0002136970495485,-0.0178360458610449,0.0178685766031712,false,false,false,true,false,"`ctd1`, 6 runs, 100 ep | 500 records per seed. Strict domination means carrier sum exceeds the sum of absolute remaining terms; removal_flips_sign is a separate test.",Lion direction units; beta natural log; epoch and step
sc,19,500,S0588,2500,5,-11.3134994506836,-0.0202484449371696,-0.000246384770434815,-0.0200020633831414,0.0200318496600019,false,false,false,true,false,"`ctd1`, 6 runs, 100 ep | 500 records per seed. Strict domination means carrier sum exceeds the sum of absolute remaining terms; removal_flips_sign is a separate test.",Lion direction units; beta natural log; epoch and step
sc,19,500,S0588,2600,5.2,-11.2134590148926,-0.0221174828708172,-0.000266204341460252,-0.0218512754348141,0.0218897602593658,false,false,false,true,false,"`ctd1`, 6 runs, 100 ep | 500 records per seed. Strict domination means carrier sum exceeds the sum of absolute remaining terms; removal_flips_sign is a separate test.",Lion direction units; beta natural log; epoch and step
sc,19,500,S0588,2700,5.4,-11.1134185791016,-0.0263879485428333,-0.000311120876722271,-0.0260768218320219,0.0261122025104111,false,false,false,true,false,"`ctd1`, 6 runs, 100 ep | 500 records per seed. Strict domination means carrier sum exceeds the sum of absolute remaining terms; removal_flips_sign is a separate test.",Lion direction units; beta natural log; epoch and step
sc,19,500,S0588,2800,5.6,-11.0133781433105,-0.0274260688573122,-0.00032263370740111,-0.0271034317482915,0.0271658021838718,false,false,false,true,false,"`ctd1`, 6 runs, 100 ep | 500 records per seed. Strict domination means carrier sum exceeds the sum of absolute remaining terms; removal_flips_sign is a separate test.",Lion direction units; beta natural log; epoch and step
sc,19,500,S0588,2900,5.8,-10.9133377075195,-0.031006452254951,-0.000358817914093379,-0.0306476301961663,0.030733407553738,false,false,false,true,false,"`ctd1`, 6 runs, 100 ep | 500 records per seed. Strict domination means carrier sum exceeds the sum of absolute remaining terms; removal_flips_sign is a separate test.",Lion direction units; beta natural log; epoch and step
sc,19,500,S0588,3000,6,-10.8132972717285,-0.0346663493663073,-0.000400354725570651,-0.0342659991576662,0.0343566898544205,false,false,false,true,false,"`ctd1`, 6 runs, 100 ep | 500 records per seed. Strict domination means carrier sum exceeds the sum of absolute remaining terms; removal_flips_sign is a separate test.",Lion direction units; beta natural log; epoch and step
sc,19,500,S0588,3100,6.2,-10.7132568359375,-0.0370731201022863,-0.00041856617317535,-0.0366545405823418,0.0367606490191749,false,false,false,true,false,"`ctd1`, 6 runs, 100 ep | 500 records per seed. Strict domination means carrier sum exceeds the sum of absolute remaining terms; removal_flips_sign is a separate test.",Lion direction units; beta natural log; epoch and step
sc,19,500,S0588,3200,6.4,-10.6132164001465,-0.0397719070315361,-0.000463661010144278,-0.0393082404205238,0.0393667424963574,false,false,false,true,false,"`ctd1`, 6 runs, 100 ep | 500 records per seed. Strict domination means carrier sum exceeds the sum of absolute remaining terms; removal_flips_sign is a separate test.",Lion direction units; beta natural log; epoch and step
sc,19,500,S0588,3300,6.6,-10.5131759643555,-0.0445433914661407,-0.000476993695338024,-0.0440664021958942,0.0441292708970271,false,false,false,true,false,"`ctd1`, 6 runs, 100 ep | 500 records per seed. Strict domination means carrier sum exceeds the sum of absolute remaining terms; removal_flips_sign is a separate test.",Lion direction units; beta natural log; epoch and step
sc,19,500,S0588,3400,6.8,-10.4131355285645,-0.047263190895319,-0.000511708223348251,-0.0467514812863772,0.0468488991506764,false,false,false,true,false,"`ctd1`, 6 runs, 100 ep | 500 records per seed. Strict domination means carrier sum exceeds the sum of absolute remaining terms; removal_flips_sign is a separate test.",Lion direction units; beta natural log; epoch and step
sc,19,500,S0588,3500,7,-10.3130950927734,-0.0510664571076632,-0.000536815493251197,-0.0505296329495113,0.050669592735122,false,false,false,true,false,"`ctd1`, 6 runs, 100 ep | 500 records per seed. Strict domination means carrier sum exceeds the sum of absolute remaining terms; removal_flips_sign is a separate test.",Lion direction units; beta natural log; epoch and step
sc,19,500,S0588,3600,7.2,-10.2130546569824,-0.0587406944483519,-0.000589888566173613,-0.0581507992641711,0.0582434003665405,false,false,false,true,false,"`ctd1`, 6 runs, 100 ep | 500 records per seed. Strict domination means carrier sum exceeds the sum of absolute remaining terms; removal_flips_sign is a separate test.",Lion direction units; beta natural log; epoch and step
sc,19,500,S0588,3700,7.4,-10.1130142211914,-0.0607884518802166,-0.00063907132280292,-0.0601493801989907,0.0602833833253587,false,false,false,true,false,"`ctd1`, 6 runs, 100 ep | 500 records per seed. Strict domination means carrier sum exceeds the sum of absolute remaining terms; removal_flips_sign is a separate test.",Lion direction units; beta natural log; epoch and step
sc,19,500,S0588,3800,7.6,-10.0129737854004,-0.0669706799089909,-0.000625105751532829,-0.0663455832813032,0.0664761074786003,false,false,false,true,false,"`ctd1`, 6 runs, 100 ep | 500 records per seed. Strict domination means carrier sum exceeds the sum of absolute remaining terms; removal_flips_sign is a separate test.",Lion direction units; beta natural log; epoch and step
sc,19,500,S0588,3900,7.8,-9.91293334960938,-0.0713231049478054,-0.000676632847171277,-0.070646479515656,0.0707765592144622,false,false,false,true,false,"`ctd1`, 6 runs, 100 ep | 500 records per seed. Strict domination means carrier sum exceeds the sum of absolute remaining terms; removal_flips_sign is a separate test.",Lion direction units; beta natural log; epoch and step
sc,19,500,S0588,4000,8,-9.81289291381836,-0.07877476811409,-0.000714637618511915,-0.0780601580907447,0.0782153292269474,false,false,false,true,false,"`ctd1`, 6 runs, 100 ep | 500 records per seed. Strict domination means carrier sum exceeds the sum of absolute remaining terms; removal_flips_sign is a separate test.",Lion direction units; beta natural log; epoch and step
sc,19,500,S0588,4100,8.2,-9.71285247802734,-0.0860353052616119,-0.000743319433240686,-0.0852919796584779,0.0853938265355104,false,false,false,true,false,"`ctd1`, 6 runs, 100 ep | 500 records per seed. Strict domination means carrier sum exceeds the sum of absolute remaining terms; removal_flips_sign is a separate test.",Lion direction units; beta natural log; epoch and step
sc,19,500,S0588,4200,8.4,-9.61281204223633,-0.0937587790191174,-0.000743026957206894,-0.0930157433345034,0.0931504502511547,false,false,false,true,false,"`ctd1`, 6 runs, 100 ep | 500 records per seed. Strict domination means carrier sum exceeds the sum of absolute remaining terms; removal_flips_sign is a separate test.",Lion direction units; beta natural log; epoch and step
sc,19,500,S0588,4300,8.6,-9.51277160644531,-0.104021389037371,-0.000796822425036225,-0.103224535818687,0.103496465963986,false,false,false,true,false,"`ctd1`, 6 runs, 100 ep | 500 records per seed. Strict domination means carrier sum exceeds the sum of absolute remaining terms; removal_flips_sign is a separate test.",Lion direction units; beta natural log; epoch and step
sc,19,500,S0588,4400,8.8,-9.4127311706543,-0.109415260702372,-0.000754864535701927,-0.108660403890038,0.108770479340758,false,false,false,true,false,"`ctd1`, 6 runs, 100 ep | 500 records per seed. Strict domination means carrier sum exceeds the sum of absolute remaining terms; removal_flips_sign is a separate test.",Lion direction units; beta natural log; epoch and step
sc,19,500,S0588,4500,9,-9.31269073486328,-0.113512288033962,-0.000737584788294043,-0.112774723176497,0.112985678915382,false,false,false,true,false,"`ctd1`, 6 runs, 100 ep | 500 records per seed. Strict domination means carrier sum exceeds the sum of absolute remaining terms; removal_flips_sign is a separate test.",Lion direction units; beta natural log; epoch and step
sc,19,500,S0588,4600,9.2,-9.21265029907227,-0.133592338860035,-0.000652644752699416,-0.132939696482121,0.133192398920986,false,false,false,true,false,"`ctd1`, 6 runs, 100 ep | 500 records per seed. Strict domination means carrier sum exceeds the sum of absolute remaining terms; removal_flips_sign is a separate test.",Lion direction units; beta natural log; epoch and step
sc,19,500,S0588,4700,9.4,-9.11260986328125,-0.151286019384861,-0.000558175308833597,-0.150727879989257,0.151001014121005,false,false,false,true,false,"`ctd1`, 6 runs, 100 ep | 500 records per seed. Strict domination means carrier sum exceeds the sum of absolute remaining terms; removal_flips_sign is a separate test.",Lion direction units; beta natural log; epoch and step
sc,19,500,S0588,4800,9.6,-9.01256942749023,-0.145506553351879,-0.000433350235834951,-0.145073134249952,0.145318073986465,false,false,false,true,false,"`ctd1`, 6 runs, 100 ep | 500 records per seed. Strict domination means carrier sum exceeds the sum of absolute remaining terms; removal_flips_sign is a separate test.",Lion direction units; beta natural log; epoch and step
sc,19,500,S0588,4900,9.8,-8.91252899169922,-0.147621953487396,-0.000310216475190828,-0.147311610592158,0.14762875512173,false,false,false,true,false,"`ctd1`, 6 runs, 100 ep | 500 records per seed. Strict domination means carrier sum exceeds the sum of absolute remaining terms; removal_flips_sign is a separate test.",Lion direction units; beta natural log; epoch and step
sc,19,500,S0588,5000,10,-8.8124885559082,-0.144892053306103,-0.00012756815776811,-0.144764429422081,0.145101199327426,false,false,false,true,false,"`ctd1`, 6 runs, 100 ep | 500 records per seed. Strict domination means carrier sum exceeds the sum of absolute remaining terms; removal_flips_sign is a separate test.",Lion direction units; beta natural log; epoch and step
sc,19,500,S0588,5100,10.2,-8.71244812011719,-0.137372463941574,-1.86389091140882e-05,-0.137353787091999,0.137656249872018,false,false,false,true,false,"`ctd1`, 6 runs, 100 ep | 500 records per seed. Strict domination means carrier sum exceeds the sum of absolute remaining terms; removal_flips_sign is a separate test.",Lion direction units; beta natural log; epoch and step
sc,19,500,S0588,5200,10.4,-8.61240768432617,-0.13354439586401,0.000358039522325271,-0.133902477424765,0.134157866801608,false,false,false,true,false,"`ctd1`, 6 runs, 100 ep | 500 records per seed. Strict domination means carrier sum exceeds the sum of absolute remaining terms; removal_flips_sign is a separate test.",Lion direction units; beta natural log; epoch and step
sc,19,500,S0588,5300,10.6,-8.51236724853516,-0.131290037930012,0.000444308239275415,-0.131734299130477,0.131905143856858,false,false,false,true,false,"`ctd1`, 6 runs, 100 ep | 500 records per seed. Strict domination means carrier sum exceeds the sum of absolute remaining terms; removal_flips_sign is a separate test.",Lion direction units; beta natural log; epoch and step
sc,19,500,S0588,5400,10.8,-8.41232681274414,-0.144378882646561,0.000540503404226911,-0.144919359733368,0.145265273371106,false,false,false,true,false,"`ctd1`, 6 runs, 100 ep | 500 records per seed. Strict domination means carrier sum exceeds the sum of absolute remaining terms; removal_flips_sign is a separate test.",Lion direction units; beta natural log; epoch and step
sc,19,500,S0588,5500,11,-8.31228637695312,-0.145344811677933,0.000918634755362291,-0.146263418945915,0.146878242763984,false,false,false,true,false,"`ctd1`, 6 runs, 100 ep | 500 records per seed. Strict domination means carrier sum exceeds the sum of absolute remaining terms; removal_flips_sign is a separate test.",Lion direction units; beta natural log; epoch and step
sc,19,500,S0588,5600,11.2,-8.21224594116211,-0.135179200023413,0.00110872466611909,-0.136287874412369,0.136629887529193,false,false,false,true,false,"`ctd1`, 6 runs, 100 ep | 500 records per seed. Strict domination means carrier sum exceeds the sum of absolute remaining terms; removal_flips_sign is a separate test.",Lion direction units; beta natural log; epoch and step
sc,19,500,S0588,5700,11.4,-8.11220550537109,-0.139860604703426,0.00155820285144728,-0.141418796793536,0.141856704565075,false,false,false,true,false,"`ctd1`, 6 runs, 100 ep | 500 records per seed. Strict domination means carrier sum exceeds the sum of absolute remaining terms; removal_flips_sign is a separate test.",Lion direction units; beta natural log; epoch and step
sc,19,500,S0588,5800,11.6,-8.01216506958008,-0.141534496098757,0.00226530233339872,-0.143799729117256,0.144600179486099,false,false,false,true,false,"`ctd1`, 6 runs, 100 ep | 500 records per seed. Strict domination means carrier sum exceeds the sum of absolute remaining terms; removal_flips_sign is a separate test.",Lion direction units; beta natural log; epoch and step
sc,19,500,S0588,5900,11.8,-7.91216659545898,-0.165519225597382,0.00291140379849821,-0.168430582408848,0.169050015197729,false,false,false,true,false,"`ctd1`, 6 runs, 100 ep | 500 records per seed. Strict domination means carrier sum exceeds the sum of absolute remaining terms; removal_flips_sign is a separate test.",Lion direction units; beta natural log; epoch and step
sc,19,500,S0588,6000,12,-7.81217384338379,-0.138872508704662,0.00303006701578852,-0.141902556841919,0.142593932967461,false,false,false,true,false,"`ctd1`, 6 runs, 100 ep | 500 records per seed. Strict domination means carrier sum exceeds the sum of absolute remaining terms; removal_flips_sign is a separate test.",Lion direction units; beta natural log; epoch and step
sc,19,500,S0588,6100,12.2,-7.71218109130859,-0.164398084580898,0.00377850602380931,-0.168176586854131,0.168677601387932,false,false,false,true,false,"`ctd1`, 6 runs, 100 ep | 500 records per seed. Strict domination means carrier sum exceeds the sum of absolute remaining terms; removal_flips_sign is a separate test.",Lion direction units; beta natural log; epoch and step
sc,19,500,S0588,6200,12.4,-7.6121883392334,-0.172690388560295,0.00484380312263966,-0.177534161216079,0.178491656244785,false,false,false,true,false,"`ctd1`, 6 runs, 100 ep | 500 records per seed. Strict domination means carrier sum exceeds the sum of absolute remaining terms; removal_flips_sign is a separate test.",Lion direction units; beta natural log; epoch and step
sc,19,500,S0588,6300,12.6,-7.5121955871582,-0.175543795526028,0.00667261832859367,-0.182216437954992,0.183679557761423,false,false,false,true,false,"`ctd1`, 6 runs, 100 ep | 500 records per seed. Strict domination means carrier sum exceeds the sum of absolute remaining terms; removal_flips_sign is a separate test.",Lion direction units; beta natural log; epoch and step
sc,19,500,S0588,6400,12.8,-7.41220283508301,-0.19732718616724,0.00835014882031828,-0.205677401286562,0.207172680811459,false,false,false,true,false,"`ctd1`, 6 runs, 100 ep | 500 records per seed. Strict domination means carrier sum exceeds the sum of absolute remaining terms; removal_flips_sign is a separate test.",Lion direction units; beta natural log; epoch and step
sc,19,500,S0588,6500,13,-7.31221008300781,-0.201415020227432,0.00955691311974078,-0.210971959348734,0.212801244442579,false,false,false,true,false,"`ctd1`, 6 runs, 100 ep | 500 records per seed. Strict domination means carrier sum exceeds the sum of absolute remaining terms; removal_flips_sign is a separate test.",Lion direction units; beta natural log; epoch and step
sc,19,500,S0588,6600,13.2,-7.21221733093262,-0.206735551357269,0.0111815341748297,-0.217917060622537,0.219374508982261,false,false,false,true,false,"`ctd1`, 6 runs, 100 ep | 500 records per seed. Strict domination means carrier sum exceeds the sum of absolute remaining terms; removal_flips_sign is a separate test.",Lion direction units; beta natural log; epoch and step
sc,19,500,S0588,6700,13.4,-7.11222457885742,-0.181296624988318,0.0117987161851488,-0.193095367549891,0.194441363908832,false,false,false,true,false,"`ctd1`, 6 runs, 100 ep | 500 records per seed. Strict domination means carrier sum exceeds the sum of absolute remaining terms; removal_flips_sign is a separate test.",Lion direction units; beta natural log; epoch and step
sc,19,500,S0588,6800,13.6,-7.01223182678223,-0.195987206697464,0.0143434656551108,-0.210330718227883,0.212222157610481,false,false,false,true,false,"`ctd1`, 6 runs, 100 ep | 500 records per seed. Strict domination means carrier sum exceeds the sum of absolute remaining terms; removal_flips_sign is a separate test.",Lion direction units; beta natural log; epoch and step
sc,19,500,S0588,6900,13.8,-6.91223907470703,-0.177756999060512,0.0155370494525414,-0.193293996266183,0.194699414709211,false,false,false,true,false,"`ctd1`, 6 runs, 100 ep | 500 records per seed. Strict domination means carrier sum exceeds the sum of absolute remaining terms; removal_flips_sign is a separate test.",Lion direction units; beta natural log; epoch and step
sc,19,500,S0588,7000,14,-6.81224632263184,-0.18429017663002,0.0200528912246227,-0.204343096962526,0.206191629924848,false,false,false,true,false,"`ctd1`, 6 runs, 100 ep | 500 records per seed. Strict domination means carrier sum exceeds the sum of absolute remaining terms; removal_flips_sign is a separate test.",Lion direction units; beta natural log; epoch and step
sc,19,500,S0588,7100,14.2,-6.71225357055664,-0.193549263477325,0.0232229373883456,-0.216772234089819,0.219303313014041,false,false,false,true,false,"`ctd1`, 6 runs, 100 ep | 500 records per seed. Strict domination means carrier sum exceeds the sum of absolute remaining terms; removal_flips_sign is a separate test.",Lion direction units; beta natural log; epoch and step
sc,19,500,S0588,7200,14.4,-6.61226081848145,-0.215520621836185,0.0287385205738246,-0.244259177793629,0.248597300136225,false,false,false,true,false,"`ctd1`, 6 runs, 100 ep | 500 records per seed. Strict domination means carrier sum exceeds the sum of absolute remaining terms; removal_flips_sign is a separate test.",Lion direction units; beta natural log; epoch and step
sc,19,500,S0588,7300,14.6,-6.51226806640625,-0.199894255399704,0.0319133684504777,-0.231807661922505,0.235037648895707,false,false,false,true,false,"`ctd1`, 6 runs, 100 ep | 500 records per seed. Strict domination means carrier sum exceeds the sum of absolute remaining terms; removal_flips_sign is a separate test.",Lion direction units; beta natural log; epoch and step
sc,19,500,S0588,7400,14.8,-6.41227531433105,-0.200603847205639,0.0378621038980782,-0.238465981885666,0.242623891543472,false,false,false,true,false,"`ctd1`, 6 runs, 100 ep | 500 records per seed. Strict domination means carrier sum exceeds the sum of absolute remaining terms; removal_flips_sign is a separate test.",Lion direction units; beta natural log; epoch and step
sc,19,500,S0588,7500,15,-6.31228256225586,-0.195099350810051,0.0446421344764531,-0.239741490235906,0.245414080479827,false,false,false,true,false,"`ctd1`, 6 runs, 100 ep | 500 records per seed. Strict domination means carrier sum exceeds the sum of absolute remaining terms; removal_flips_sign is a separate test.",Lion direction units; beta natural log; epoch and step
sc,19,500,S0588,7600,15.2,-6.21228981018066,-0.203832048177719,0.050741545855999,-0.254573640924255,0.261154775976948,false,false,false,true,false,"`ctd1`, 6 runs, 100 ep | 500 records per seed. Strict domination means carrier sum exceeds the sum of absolute remaining terms; removal_flips_sign is a separate test.",Lion direction units; beta natural log; epoch and step
sc,19,500,S0588,7700,15.4,-6.11229705810547,-0.191285598650575,0.0526821431703866,-0.243967746418235,0.25013256111593,false,false,false,true,false,"`ctd1`, 6 runs, 100 ep | 500 records per seed. Strict domination means carrier sum exceeds the sum of absolute remaining terms; removal_flips_sign is a separate test.",Lion direction units; beta natural log; epoch and step
sc,19,500,S0588,7800,15.6,-6.01230430603027,-0.20215231180191,0.0649325787089765,-0.267084912927385,0.275673945641756,false,false,false,true,false,"`ctd1`, 6 runs, 100 ep | 500 records per seed. Strict domination means carrier sum exceeds the sum of absolute remaining terms; removal_flips_sign is a separate test.",Lion direction units; beta natural log; epoch and step
sc,19,500,S0588,7900,15.8,-5.91231155395508,-0.164159781113267,0.0703132590744644,-0.234473145940169,0.250090858627695,false,false,false,true,false,"`ctd1`, 6 runs, 100 ep | 500 records per seed. Strict domination means carrier sum exceeds the sum of absolute remaining terms; removal_flips_sign is a separate test.",Lion direction units; beta natural log; epoch and step
sc,19,500,S0588,8000,16,-5.81231880187988,-0.175170271098614,0.0898143652826548,-0.264984679766954,0.279146537870412,false,false,false,true,false,"`ctd1`, 6 runs, 100 ep | 500 records per seed. Strict domination means carrier sum exceeds the sum of absolute remaining terms; removal_flips_sign is a separate test.",Lion direction units; beta natural log; epoch and step
sc,19,500,S0588,8100,16.2,-5.71232604980469,-0.156058420240879,0.0981012644246221,-0.254159716559826,0.268289534296292,false,false,false,true,false,"`ctd1`, 6 runs, 100 ep | 500 records per seed. Strict domination means carrier sum exceeds the sum of absolute remaining terms; removal_flips_sign is a separate test.",Lion direction units; beta natural log; epoch and step
sc,19,500,S0588,8200,16.4,-5.61233329772949,-0.135627687722445,0.113545707985759,-0.249173423218264,0.261543626358554,false,false,false,true,false,"`ctd1`, 6 runs, 100 ep | 500 records per seed. Strict domination means carrier sum exceeds the sum of absolute remaining terms; removal_flips_sign is a separate test.",Lion direction units; beta natural log; epoch and step
sc,19,500,S0588,8300,16.6,-5.5123405456543,-0.137056903541088,0.124011315964162,-0.261068175407686,0.278979582688933,false,false,false,true,false,"`ctd1`, 6 runs, 100 ep | 500 records per seed. Strict domination means carrier sum exceeds the sum of absolute remaining terms; removal_flips_sign is a separate test.",Lion direction units; beta natural log; epoch and step
sc,19,500,S0588,8400,16.8,-5.4123477935791,-0.0843880648724735,0.141583407111466,-0.225971487078959,0.267822953773361,false,false,false,true,false,"`ctd1`, 6 runs, 100 ep | 500 records per seed. Strict domination means carrier sum exceeds the sum of absolute remaining terms; removal_flips_sign is a separate test.",Lion direction units; beta natural log; epoch and step
sc,19,500,S0588,8500,17,-5.31235504150391,-0.0557407364249229,0.165680657140911,-0.221421406469707,0.265236818893024,false,false,false,true,false,"`ctd1`, 6 runs, 100 ep | 500 records per seed. Strict domination means carrier sum exceeds the sum of absolute remaining terms; removal_flips_sign is a separate test.",Lion direction units; beta natural log; epoch and step
sc,19,500,S0588,8600,17.2,-5.21236228942871,-0.0413559406995773,0.186759814247489,-0.228115801754846,0.290852936177238,false,false,false,true,false,"`ctd1`, 6 runs, 100 ep | 500 records per seed. Strict domination means carrier sum exceeds the sum of absolute remaining terms; removal_flips_sign is a separate test.",Lion direction units; beta natural log; epoch and step
sc,19,500,S0588,8700,17.4,-5.25035953521729,0.0429436858743429,0.210069018229842,-0.167125376845729,0.275846606960505,false,true,false,true,true,"`ctd1`, 6 runs, 100 ep | 500 records per seed. Strict domination means carrier sum exceeds the sum of absolute remaining terms; removal_flips_sign is a separate test.",Lion direction units; beta natural log; epoch and step
sc,19,500,S0588,8800,17.6,-5.35035228729248,0.0600887849926949,0.241004154086113,-0.180915430327627,0.296305926545619,false,true,false,true,true,"`ctd1`, 6 runs, 100 ep | 500 records per seed. Strict domination means carrier sum exceeds the sum of absolute remaining terms; removal_flips_sign is a separate test.",Lion direction units; beta natural log; epoch and step
sc,19,500,S0588,8900,17.8,-5.45034503936768,0.0769524864852428,0.25614206045866,-0.179189566823716,0.278456251015955,false,true,false,true,true,"`ctd1`, 6 runs, 100 ep | 500 records per seed. Strict domination means carrier sum exceeds the sum of absolute remaining terms; removal_flips_sign is a separate test.",Lion direction units; beta natural log; epoch and step
sc,19,500,S0588,9000,18,-5.55033779144287,0.108520581386983,0.29350556358695,-0.184984988530363,0.318157825686757,false,true,false,true,true,"`ctd1`, 6 runs, 100 ep | 500 records per seed. Strict domination means carrier sum exceeds the sum of absolute remaining terms; removal_flips_sign is a separate test.",Lion direction units; beta natural log; epoch and step
sc,19,500,S0588,9100,18.2,-5.65033054351807,0.120004143565893,0.336475992947817,-0.216471799734981,0.315141496584724,true,true,false,true,true,"`ctd1`, 6 runs, 100 ep | 500 records per seed. Strict domination means carrier sum exceeds the sum of absolute remaining terms; removal_flips_sign is a separate test.",Lion direction units; beta natural log; epoch and step
sc,19,500,S0588,9200,18.4,-5.75032329559326,0.152523221075535,0.371383682638407,-0.218860490329379,0.351781882768185,true,true,false,true,true,"`ctd1`, 6 runs, 100 ep | 500 records per seed. Strict domination means carrier sum exceeds the sum of absolute remaining terms; removal_flips_sign is a separate test.",Lion direction units; beta natural log; epoch and step
sc,19,500,S0588,9300,18.6,-5.85031604766846,0.165585450828075,0.377529342472553,-0.211943868161505,0.362573227289384,true,true,false,true,true,"`ctd1`, 6 runs, 100 ep | 500 records per seed. Strict domination means carrier sum exceeds the sum of absolute remaining terms; removal_flips_sign is a separate test.",Lion direction units; beta natural log; epoch and step
sc,19,500,S0588,9400,18.8,-5.95030879974365,0.162980280816555,0.418878118693829,-0.255897707562178,0.342682777604637,true,true,false,true,true,"`ctd1`, 6 runs, 100 ep | 500 records per seed. Strict domination means carrier sum exceeds the sum of absolute remaining terms; removal_flips_sign is a separate test.",Lion direction units; beta natural log; epoch and step
sc,19,500,S0588,9500,19,-6.05030155181885,0.147577636688948,0.431085911393166,-0.283508351493043,0.382339875451606,true,true,false,true,true,"`ctd1`, 6 runs, 100 ep | 500 records per seed. Strict domination means carrier sum exceeds the sum of absolute remaining terms; removal_flips_sign is a separate test.",Lion direction units; beta natural log; epoch and step
sc,19,500,S0588,9600,19.2,-6.15029430389404,0.140990598499775,0.461598694324493,-0.320608060959802,0.394875267346703,true,true,false,true,true,"`ctd1`, 6 runs, 100 ep | 500 records per seed. Strict domination means carrier sum exceeds the sum of absolute remaining terms; removal_flips_sign is a separate test.",Lion direction units; beta natural log; epoch and step
sc,19,500,S0588,9700,19.4,-6.25028705596924,0.193097740411758,0.50468432456255,-0.31158649513805,0.410251993778121,true,true,false,true,true,"`ctd1`, 6 runs, 100 ep | 500 records per seed. Strict domination means carrier sum exceeds the sum of absolute remaining terms; removal_flips_sign is a separate test.",Lion direction units; beta natural log; epoch and step
sc,19,500,S0588,9800,19.6,-6.35027980804443,0.183508937060833,0.506642804294825,-0.323133960046943,0.402532680552957,true,true,false,true,true,"`ctd1`, 6 runs, 100 ep | 500 records per seed. Strict domination means carrier sum exceeds the sum of absolute remaining terms; removal_flips_sign is a separate test.",Lion direction units; beta natural log; epoch and step
sc,19,500,S0588,9900,19.8,-6.45027256011963,0.191676624119282,0.524914701282978,-0.333238121934343,0.431358507546409,true,true,false,true,true,"`ctd1`, 6 runs, 100 ep | 500 records per seed. Strict domination means carrier sum exceeds the sum of absolute remaining terms; removal_flips_sign is a separate test.",Lion direction units; beta natural log; epoch and step
sc,19,500,S0588,10000,20,-6.55026531219482,0.18722850382328,0.534890574961901,-0.347662146400563,0.444129962959511,true,true,false,true,true,"`ctd1`, 6 runs, 100 ep | 500 records per seed. Strict domination means carrier sum exceeds the sum of absolute remaining terms; removal_flips_sign is a separate test.",Lion direction units; beta natural log; epoch and step
sc,19,500,S0588,10100,20.2,-6.65025806427002,0.219094330072403,0.566375449299812,-0.347281194681597,0.48366490666138,true,true,false,true,true,"`ctd1`, 6 runs, 100 ep | 500 records per seed. Strict domination means carrier sum exceeds the sum of absolute remaining terms; removal_flips_sign is a separate test.",Lion direction units; beta natural log; epoch and step
sc,19,500,S0588,10200,20.4,-6.75025081634521,0.226050528883934,0.586271838843823,-0.3602214066112,0.470134836698125,true,true,false,true,true,"`ctd1`, 6 runs, 100 ep | 500 records per seed. Strict domination means carrier sum exceeds the sum of absolute remaining terms; removal_flips_sign is a separate test.",Lion direction units; beta natural log; epoch and step
sc,19,500,S0588,10300,20.6,-6.85024356842041,0.234039278328419,0.58990713506937,-0.355867970906867,0.475331817878585,true,true,false,true,true,"`ctd1`, 6 runs, 100 ep | 500 records per seed. Strict domination means carrier sum exceeds the sum of absolute remaining terms; removal_flips_sign is a separate test.",Lion direction units; beta natural log; epoch and step
sc,19,500,S0588,10400,20.8,-6.95023632049561,0.201308897137642,0.593540467321873,-0.392231601159818,0.50380221156915,true,true,false,true,true,"`ctd1`, 6 runs, 100 ep | 500 records per seed. Strict domination means carrier sum exceeds the sum of absolute remaining terms; removal_flips_sign is a separate test.",Lion direction units; beta natural log; epoch and step
sc,19,500,S0588,10500,21,-7.0502290725708,0.212075683474541,0.614682526886463,-0.402606682913828,0.511062445672867,true,true,false,true,true,"`ctd1`, 6 runs, 100 ep | 500 records per seed. Strict domination means carrier sum exceeds the sum of absolute remaining terms; removal_flips_sign is a separate test.",Lion direction units; beta natural log; epoch and step
sc,19,500,S0588,10600,21.2,-7.150221824646,0.200653842836618,0.635329738259315,-0.434675952295109,0.529671965891814,true,true,false,true,true,"`ctd1`, 6 runs, 100 ep | 500 records per seed. Strict domination means carrier sum exceeds the sum of absolute remaining terms; removal_flips_sign is a separate test.",Lion direction units; beta natural log; epoch and step
sc,19,500,S0588,10700,21.4,-7.25021457672119,0.198941934108734,0.629715701937675,-0.430773913231911,0.581627228512212,true,true,false,true,true,"`ctd1`, 6 runs, 100 ep | 500 records per seed. Strict domination means carrier sum exceeds the sum of absolute remaining terms; removal_flips_sign is a separate test.",Lion direction units; beta natural log; epoch and step
sc,19,500,S0588,10800,21.6,-7.35020732879639,0.218716153502464,0.657545433938503,-0.43882934938151,0.574591797864301,true,true,false,true,true,"`ctd1`, 6 runs, 100 ep | 500 records per seed. Strict domination means carrier sum exceeds the sum of absolute remaining terms; removal_flips_sign is a separate test.",Lion direction units; beta natural log; epoch and step
sc,19,500,S0588,10900,21.8,-7.45020008087158,0.1999949619174,0.654178726673126,-0.454183705827211,0.563691374326476,true,true,false,true,true,"`ctd1`, 6 runs, 100 ep | 500 records per seed. Strict domination means carrier sum exceeds the sum of absolute remaining terms; removal_flips_sign is a separate test.",Lion direction units; beta natural log; epoch and step
sc,19,500,S0588,11000,22,-7.55019283294678,0.188892622943968,0.674380585551262,-0.48548791316435,0.599302247845814,true,true,false,true,true,"`ctd1`, 6 runs, 100 ep | 500 records per seed. Strict domination means carrier sum exceeds the sum of absolute remaining terms; removal_flips_sign is a separate test.",Lion direction units; beta natural log; epoch and step
sc,19,500,S0588,11100,22.2,-7.65018558502197,0.234425204992294,0.677506504952908,-0.443081264712669,0.593481032232171,true,true,false,true,true,"`ctd1`, 6 runs, 100 ep | 500 records per seed. Strict domination means carrier sum exceeds the sum of absolute remaining terms; removal_flips_sign is a separate test.",Lion direction units; beta natural log; epoch and step
sc,19,500,S0588,11200,22.4,-7.75017833709717,0.224482513964176,0.680444903671741,-0.455962467946108,0.576615711941247,true,true,false,true,true,"`ctd1`, 6 runs, 100 ep | 500 records per seed. Strict domination means carrier sum exceeds the sum of absolute remaining terms; removal_flips_sign is a separate test.",Lion direction units; beta natural log; epoch and step
sc,19,500,S0588,11300,22.6,-7.85017108917236,0.201565699279308,0.68664994686842,-0.485084415937891,0.597339677824775,true,true,false,true,true,"`ctd1`, 6 runs, 100 ep | 500 records per seed. Strict domination means carrier sum exceeds the sum of absolute remaining terms; removal_flips_sign is a separate test.",Lion direction units; beta natural log; epoch and step
sc,19,500,S0588,11400,22.8,-7.95016384124756,0.196500173211098,0.705275109410286,-0.508774994351006,0.635547280752053,true,true,false,true,true,"`ctd1`, 6 runs, 100 ep | 500 records per seed. Strict domination means carrier sum exceeds the sum of absolute remaining terms; removal_flips_sign is a separate test.",Lion direction units; beta natural log; epoch and step
sc,19,500,S0588,11500,23,-8.05018043518066,0.194149363785982,0.705452501773834,-0.511303050731709,0.605147971360071,true,true,false,true,true,"`ctd1`, 6 runs, 100 ep | 500 records per seed. Strict domination means carrier sum exceeds the sum of absolute remaining terms; removal_flips_sign is a separate test.",Lion direction units; beta natural log; epoch and step
sc,19,500,S0588,11600,23.2,-8.15022087097168,0.178227207064629,0.706029213964939,-0.527801982171164,0.645418691298303,true,true,false,true,true,"`ctd1`, 6 runs, 100 ep | 500 records per seed. Strict domination means carrier sum exceeds the sum of absolute remaining terms; removal_flips_sign is a separate test.",Lion direction units; beta natural log; epoch and step
sc,19,500,S0588,11700,23.4,-8.2502613067627,0.195184653997421,0.717136280238628,-0.521951579559186,0.673267180163907,true,true,false,true,true,"`ctd1`, 6 runs, 100 ep | 500 records per seed. Strict domination means carrier sum exceeds the sum of absolute remaining terms; removal_flips_sign is a separate test.",Lion direction units; beta natural log; epoch and step
sc,19,500,S0588,11800,23.6,-8.35030174255371,0.193435144424438,0.722656057775021,-0.52922088263548,0.645237600722965,true,true,false,true,true,"`ctd1`, 6 runs, 100 ep | 500 records per seed. Strict domination means carrier sum exceeds the sum of absolute remaining terms; removal_flips_sign is a separate test.",Lion direction units; beta natural log; epoch and step
sc,19,500,S0588,11900,23.8,-8.45034217834473,0.202220515906811,0.734190759062767,-0.531970339471559,0.628630186661962,true,true,false,true,true,"`ctd1`, 6 runs, 100 ep | 500 records per seed. Strict domination means carrier sum exceeds the sum of absolute remaining terms; removal_flips_sign is a separate test.",Lion direction units; beta natural log; epoch and step
sc,19,500,S0588,12000,24,-8.55038261413574,0.189692665636539,0.745309917628765,-0.55561728160165,0.668485216665243,true,true,false,true,true,"`ctd1`, 6 runs, 100 ep | 500 records per seed. Strict domination means carrier sum exceeds the sum of absolute remaining terms; removal_flips_sign is a separate test.",Lion direction units; beta natural log; epoch and step
sc,19,500,S0588,12100,24.2,-8.65042304992676,0.18677976578474,0.746021011471748,-0.559241264638575,0.69020684852465,true,true,false,true,true,"`ctd1`, 6 runs, 100 ep | 500 records per seed. Strict domination means carrier sum exceeds the sum of absolute remaining terms; removal_flips_sign is a separate test.",Lion direction units; beta natural log; epoch and step
sc,19,500,S0588,12200,24.4,-8.75046348571777,0.206741712987423,0.742514249682427,-0.535772452213649,0.651585016281598,true,true,false,true,true,"`ctd1`, 6 runs, 100 ep | 500 records per seed. Strict domination means carrier sum exceeds the sum of absolute remaining terms; removal_flips_sign is a separate test.",Lion direction units; beta natural log; epoch and step
sc,19,500,S0588,12300,24.6,-8.85050392150879,0.182921004295349,0.74394818842411,-0.561027147551346,0.688793665738109,true,true,false,true,true,"`ctd1`, 6 runs, 100 ep | 500 records per seed. Strict domination means carrier sum exceeds the sum of absolute remaining terms; removal_flips_sign is a separate test.",Lion direction units; beta natural log; epoch and step
sc,19,500,S0588,12400,24.8,-8.9505443572998,0.194166967272758,0.757061716914177,-0.562894781701661,0.658234521000176,true,true,false,true,true,"`ctd1`, 6 runs, 100 ep | 500 records per seed. Strict domination means carrier sum exceeds the sum of absolute remaining terms; removal_flips_sign is a separate test.",Lion direction units; beta natural log; epoch and step
sc,19,500,S0588,12500,25,-9.05058479309082,0.177409263700247,0.746247455477715,-0.568838196111244,0.703906482984212,true,true,false,true,true,"`ctd1`, 6 runs, 100 ep | 500 records per seed. Strict domination means carrier sum exceeds the sum of absolute remaining terms; removal_flips_sign is a separate test.",Lion direction units; beta natural log; epoch and step
sc,19,500,S0588,12600,25.2,-9.15062522888184,0.191935268044472,0.757703158259392,-0.565767810200771,0.695097672672193,true,true,false,true,true,"`ctd1`, 6 runs, 100 ep | 500 records per seed. Strict domination means carrier sum exceeds the sum of absolute remaining terms; removal_flips_sign is a separate test.",Lion direction units; beta natural log; epoch and step
sc,19,500,S0588,12700,25.4,-9.25066566467285,0.154583346843719,0.751774106919765,-0.597190805058366,0.727421538489384,true,true,false,true,true,"`ctd1`, 6 runs, 100 ep | 500 records per seed. Strict domination means carrier sum exceeds the sum of absolute remaining terms; removal_flips_sign is a separate test.",Lion direction units; beta natural log; epoch and step
sc,19,500,S0588,12800,25.6,-9.35070610046387,0.173518449068069,0.763093747198582,-0.589575121465595,0.694199226560801,true,true,false,true,true,"`ctd1`, 6 runs, 100 ep | 500 records per seed. Strict domination means carrier sum exceeds the sum of absolute remaining terms; removal_flips_sign is a separate test.",Lion direction units; beta natural log; epoch and step
sc,19,500,S0588,12900,25.8,-9.45074653625488,0.169586130976677,0.74173180013895,-0.572145613918394,0.697251740213085,true,true,false,true,true,"`ctd1`, 6 runs, 100 ep | 500 records per seed. Strict domination means carrier sum exceeds the sum of absolute remaining terms; removal_flips_sign is a separate test.",Lion direction units; beta natural log; epoch and step
sc,19,500,S0588,13000,26,-9.5507869720459,0.194193609058857,0.768631389737129,-0.574437893713889,0.708839279600033,true,true,false,true,true,"`ctd1`, 6 runs, 100 ep | 500 records per seed. Strict domination means carrier sum exceeds the sum of absolute remaining terms; removal_flips_sign is a separate test.",Lion direction units; beta natural log; epoch and step
sc,19,500,S0588,13100,26.2,-9.65082740783691,0.189854371547699,0.767916716635227,-0.578062322833202,0.701839481484868,true,true,false,true,true,"`ctd1`, 6 runs, 100 ep | 500 records per seed. Strict domination means carrier sum exceeds the sum of absolute remaining terms; removal_flips_sign is a separate test.",Lion direction units; beta natural log; epoch and step
sc,19,500,S0588,13200,26.4,-9.75086784362793,0.170521040260792,0.763960210978985,-0.593439064296251,0.715492793436385,true,true,false,true,true,"`ctd1`, 6 runs, 100 ep | 500 records per seed. Strict domination means carrier sum exceeds the sum of absolute remaining terms; removal_flips_sign is a separate test.",Lion direction units; beta natural log; epoch and step
sc,19,500,S0588,13300,26.6,-9.85090827941895,0.163133683800697,0.765403982996941,-0.602270258663538,0.763152619046633,true,true,false,true,true,"`ctd1`, 6 runs, 100 ep | 500 records per seed. Strict domination means carrier sum exceeds the sum of absolute remaining terms; removal_flips_sign is a separate test.",Lion direction units; beta natural log; epoch and step
sc,19,500,S0588,13400,26.8,-9.95094871520996,0.172906754910946,0.758922743797302,-0.586016002170447,0.693977621728118,true,true,false,true,true,"`ctd1`, 6 runs, 100 ep | 500 records per seed. Strict domination means carrier sum exceeds the sum of absolute remaining terms; removal_flips_sign is a separate test.",Lion direction units; beta natural log; epoch and step
sc,19,500,S0588,13500,27,-10.050989151001,0.151574642211199,0.758961299061775,-0.607386492426093,0.738435943245821,true,true,false,true,true,"`ctd1`, 6 runs, 100 ep | 500 records per seed. Strict domination means carrier sum exceeds the sum of absolute remaining terms; removal_flips_sign is a separate test.",Lion direction units; beta natural log; epoch and step
sc,19,500,S0588,13600,27.2,-10.151029586792,0.147672037780285,0.76466857790947,-0.616996533548297,0.734611269897198,true,true,false,true,true,"`ctd1`, 6 runs, 100 ep | 500 records per seed. Strict domination means carrier sum exceeds the sum of absolute remaining terms; removal_flips_sign is a separate test.",Lion direction units; beta natural log; epoch and step
sc,19,500,S0588,13700,27.4,-10.251070022583,0.176118075847626,0.757301591336727,-0.581183573212275,0.695352652543261,true,true,false,true,true,"`ctd1`, 6 runs, 100 ep | 500 records per seed. Strict domination means carrier sum exceeds the sum of absolute remaining terms; removal_flips_sign is a separate test.",Lion direction units; beta natural log; epoch and step
sc,19,500,S0588,13800,27.6,-10.351110458374,0.20501523911953,0.771393808722496,-0.566378822997839,0.689498760227261,true,true,false,true,true,"`ctd1`, 6 runs, 100 ep | 500 records per seed. Strict domination means carrier sum exceeds the sum of absolute remaining terms; removal_flips_sign is a separate test.",Lion direction units; beta natural log; epoch and step
sc,19,500,S0588,13900,27.8,-10.451150894165,0.181509438157082,0.765092568099499,-0.583583153487984,0.704090064762272,true,true,false,true,true,"`ctd1`, 6 runs, 100 ep | 500 records per seed. Strict domination means carrier sum exceeds the sum of absolute remaining terms; removal_flips_sign is a separate test.",Lion direction units; beta natural log; epoch and step
sc,19,500,S0588,14000,28,-10.5511913299561,0.16465502679348,0.748540921509266,-0.583885992902287,0.699773684549245,true,true,false,true,true,"`ctd1`, 6 runs, 100 ep | 500 records per seed. Strict domination means carrier sum exceeds the sum of absolute remaining terms; removal_flips_sign is a separate test.",Lion direction units; beta natural log; epoch and step
sc,19,500,S0588,14100,28.2,-10.6512317657471,0.187844510376453,0.760762330889702,-0.57291785528852,0.7111006875237,true,true,false,true,true,"`ctd1`, 6 runs, 100 ep | 500 records per seed. Strict domination means carrier sum exceeds the sum of absolute remaining terms; removal_flips_sign is a separate test.",Lion direction units; beta natural log; epoch and step
sc,19,500,S0588,14200,28.4,-10.7512722015381,0.15077038705349,0.769394068419933,-0.618623592137192,0.748635127179932,true,true,false,true,true,"`ctd1`, 6 runs, 100 ep | 500 records per seed. Strict domination means carrier sum exceeds the sum of absolute remaining terms; removal_flips_sign is a separate test.",Lion direction units; beta natural log; epoch and step
sc,19,500,S0588,14300,28.6,-10.8513126373291,0.175590765476227,0.77212460488081,-0.596533896904765,0.702163511079579,true,true,false,true,true,"`ctd1`, 6 runs, 100 ep | 500 records per seed. Strict domination means carrier sum exceeds the sum of absolute remaining terms; removal_flips_sign is a separate test.",Lion direction units; beta natural log; epoch and step
sc,19,500,S0588,14400,28.8,-10.9513530731201,0.203050093352795,0.757684391736984,-0.55463418735755,0.666812756234179,true,true,false,true,true,"`ctd1`, 6 runs, 100 ep | 500 records per seed. Strict domination means carrier sum exceeds the sum of absolute remaining terms; removal_flips_sign is a separate test.",Lion direction units; beta natural log; epoch and step
sc,19,500,S0588,14500,29,-11.0513935089111,0.168799866735935,0.777387790381908,-0.608587884968506,0.723693058378308,true,true,false,true,true,"`ctd1`, 6 runs, 100 ep | 500 records per seed. Strict domination means carrier sum exceeds the sum of absolute remaining terms; removal_flips_sign is a separate test.",Lion direction units; beta natural log; epoch and step
sc,19,500,S0588,14600,29.2,-11.1514339447021,0.140205385908484,0.765603850781918,-0.625398652788948,0.737669437063386,true,true,false,true,true,"`ctd1`, 6 runs, 100 ep | 500 records per seed. Strict domination means carrier sum exceeds the sum of absolute remaining terms; removal_flips_sign is a separate test.",Lion direction units; beta natural log; epoch and step
sc,19,500,S0588,14700,29.4,-11.2514743804932,0.187936320900917,0.776671774685383,-0.588735653491142,0.710164860388443,true,true,false,true,true,"`ctd1`, 6 runs, 100 ep | 500 records per seed. Strict domination means carrier sum exceeds the sum of absolute remaining terms; removal_flips_sign is a separate test.",Lion direction units; beta natural log; epoch and step
sc,19,500,S0588,14800,29.6,-11.3515148162842,0.15823979601264,0.759828393161297,-0.601588681996824,0.715588931239804,true,true,false,true,true,"`ctd1`, 6 runs, 100 ep | 500 records per seed. Strict domination means carrier sum exceeds the sum of absolute remaining terms; removal_flips_sign is a separate test.",Lion direction units; beta natural log; epoch and step
sc,19,500,S0588,14900,29.8,-11.4515552520752,0.150872331857681,0.765094701945782,-0.614222480484165,0.770412534791677,false,true,false,true,true,"`ctd1`, 6 runs, 100 ep | 500 records per seed. Strict domination means carrier sum exceeds the sum of absolute remaining terms; removal_flips_sign is a separate test.",Lion direction units; beta natural log; epoch and step
sc,19,500,S0588,15000,30,-11.5515956878662,0.15962373316288,0.768422938883305,-0.608799175162187,0.735672524579479,true,true,false,true,true,"`ctd1`, 6 runs, 100 ep | 500 records per seed. Strict domination means carrier sum exceeds the sum of absolute remaining terms; removal_flips_sign is a separate test.",Lion direction units; beta natural log; epoch and step
sc,19,500,S0588,15100,30.2,-11.6516361236572,0.137092637643218,0.761801943182945,-0.624709289898254,0.746199424622063,true,true,false,true,true,"`ctd1`, 6 runs, 100 ep | 500 records per seed. Strict domination means carrier sum exceeds the sum of absolute remaining terms; removal_flips_sign is a separate test.",Lion direction units; beta natural log; epoch and step
sc,19,500,S0588,15200,30.4,-11.7516765594482,0.164174380898476,0.78493577092886,-0.620761413661131,0.739997995938285,true,true,false,true,true,"`ctd1`, 6 runs, 100 ep | 500 records per seed. Strict domination means carrier sum exceeds the sum of absolute remaining terms; removal_flips_sign is a separate test.",Lion direction units; beta natural log; epoch and step
sc,19,500,S0588,15300,30.6,-11.8517169952393,0.154061299934983,0.778580179810524,-0.624519110710418,0.748777307809763,true,true,false,true,true,"`ctd1`, 6 runs, 100 ep | 500 records per seed. Strict domination means carrier sum exceeds the sum of absolute remaining terms; removal_flips_sign is a separate test.",Lion direction units; beta natural log; epoch and step
sc,19,500,S0588,15400,30.8,-11.9517574310303,0.167780312895775,0.761536218225956,-0.593756176764884,0.716188851433378,true,true,false,true,true,"`ctd1`, 6 runs, 100 ep | 500 records per seed. Strict domination means carrier sum exceeds the sum of absolute remaining terms; removal_flips_sign is a separate test.",Lion direction units; beta natural log; epoch and step
sc,19,500,S0588,15500,31,-12.0517978668213,0.147714808210731,0.748585081100464,-0.600870482008645,0.718339548500239,true,true,false,true,true,"`ctd1`, 6 runs, 100 ep | 500 records per seed. Strict domination means carrier sum exceeds the sum of absolute remaining terms; removal_flips_sign is a separate test.",Lion direction units; beta natural log; epoch and step
sc,19,500,S0588,15600,31.2,-12.1518383026123,0.16861455142498,0.762507280707359,-0.593892879368346,0.711313679680657,true,true,false,true,true,"`ctd1`, 6 runs, 100 ep | 500 records per seed. Strict domination means carrier sum exceeds the sum of absolute remaining terms; removal_flips_sign is a separate test.",Lion direction units; beta natural log; epoch and step
sc,19,500,S0588,15700,31.4,-12.2518787384033,0.193022766709328,0.769977700710297,-0.576955007318344,0.694370715083932,true,true,false,true,true,"`ctd1`, 6 runs, 100 ep | 500 records per seed. Strict domination means carrier sum exceeds the sum of absolute remaining terms; removal_flips_sign is a separate test.",Lion direction units; beta natural log; epoch and step
sc,19,500,S0588,15800,31.6,-12.3519191741943,0.154445303254761,0.781671603024006,-0.627226293227159,0.759618838420374,true,true,false,true,true,"`ctd1`, 6 runs, 100 ep | 500 records per seed. Strict domination means carrier sum exceeds the sum of absolute remaining terms; removal_flips_sign is a separate test.",Lion direction units; beta natural log; epoch and step
sc,19,500,S0588,15900,31.8,-12.4519596099854,0.169072908163071,0.78335146009922,-0.614278587272794,0.736784245797846,true,true,false,true,true,"`ctd1`, 6 runs, 100 ep | 500 records per seed. Strict domination means carrier sum exceeds the sum of absolute remaining terms; removal_flips_sign is a separate test.",Lion direction units; beta natural log; epoch and step
sc,19,500,S0588,16000,32,-12.5520000457764,0.179656562209129,0.768256685137749,-0.588600093445581,0.707571234764924,true,true,false,true,true,"`ctd1`, 6 runs, 100 ep | 500 records per seed. Strict domination means carrier sum exceeds the sum of absolute remaining terms; removal_flips_sign is a separate test.",Lion direction units; beta natural log; epoch and step
sc,19,500,S0588,16100,32.2,-12.6520404815674,0.165945955365896,0.757253737747669,-0.591307653750576,0.715309375589604,true,true,false,true,true,"`ctd1`, 6 runs, 100 ep | 500 records per seed. Strict domination means carrier sum exceeds the sum of absolute remaining terms; removal_flips_sign is a separate test.",Lion direction units; beta natural log; epoch and step
sc,19,500,S0588,16200,32.4,-12.7520809173584,0.15596855469048,0.771738335490227,-0.61576995919952,0.741239258492556,true,true,false,true,true,"`ctd1`, 6 runs, 100 ep | 500 records per seed. Strict domination means carrier sum exceeds the sum of absolute remaining terms; removal_flips_sign is a separate test.",Lion direction units; beta natural log; epoch and step
sc,19,500,S0588,16300,32.6,-12.8521213531494,0.143113096896559,0.781307320296764,-0.638194334901436,0.773396449064944,true,true,false,true,true,"`ctd1`, 6 runs, 100 ep | 500 records per seed. Strict domination means carrier sum exceeds the sum of absolute remaining terms; removal_flips_sign is a separate test.",Lion direction units; beta natural log; epoch and step
sc,19,500,S0588,16400,32.8,-12.9521617889404,0.158899821341038,0.772914627194405,-0.614014865613819,0.738943215518077,true,true,false,true,true,"`ctd1`, 6 runs, 100 ep | 500 records per seed. Strict domination means carrier sum exceeds the sum of absolute remaining terms; removal_flips_sign is a separate test.",Lion direction units; beta natural log; epoch and step
sc,19,500,S0588,16500,33,-13.0522022247314,0.173530730605125,0.768763941526413,-0.595233075840724,0.703364261139063,true,true,false,true,true,"`ctd1`, 6 runs, 100 ep | 500 records per seed. Strict domination means carrier sum exceeds the sum of absolute remaining terms; removal_flips_sign is a separate test.",Lion direction units; beta natural log; epoch and step
sc,19,500,S0588,16600,33.2,-13.1522426605225,0.15639041531831,0.78248972594738,-0.62609925772507,0.750059642927818,true,true,false,true,true,"`ctd1`, 6 runs, 100 ep | 500 records per seed. Strict domination means carrier sum exceeds the sum of absolute remaining terms; removal_flips_sign is a separate test.",Lion direction units; beta natural log; epoch and step
sc,19,500,S0588,16700,33.4,-13.2522830963135,0.164767006039619,0.774292966723442,-0.609525963244533,0.721310204208504,true,true,false,true,true,"`ctd1`, 6 runs, 100 ep | 500 records per seed. Strict domination means carrier sum exceeds the sum of absolute remaining terms; removal_flips_sign is a separate test.",Lion direction units; beta natural log; epoch and step
sc,19,500,S0588,16800,33.6,-13.3523235321045,0.169243364036083,0.769813953340054,-0.600570351522128,0.7205734286189,true,true,false,true,true,"`ctd1`, 6 runs, 100 ep | 500 records per seed. Strict domination means carrier sum exceeds the sum of absolute remaining terms; removal_flips_sign is a separate test.",Lion direction units; beta natural log; epoch and step
sc,19,500,S0588,16900,33.8,-13.4523639678955,0.16086373180151,0.769108824431896,-0.608244957991974,0.725865243756357,true,true,false,true,true,"`ctd1`, 6 runs, 100 ep | 500 records per seed. Strict domination means carrier sum exceeds the sum of absolute remaining terms; removal_flips_sign is a separate test.",Lion direction units; beta natural log; epoch and step
sc,19,500,S0588,17000,34,-13.5524044036865,0.160050213523209,0.780290657281876,-0.620240364658898,0.751048403932313,true,true,false,true,true,"`ctd1`, 6 runs, 100 ep | 500 records per seed. Strict domination means carrier sum exceeds the sum of absolute remaining terms; removal_flips_sign is a separate test.",Lion direction units; beta natural log; epoch and step
sc,19,500,S0588,17100,34.2,-13.6524448394775,0.135746128112078,0.764589349925518,-0.628843152426848,0.756763264950346,true,true,false,true,true,"`ctd1`, 6 runs, 100 ep | 500 records per seed. Strict domination means carrier sum exceeds the sum of absolute remaining terms; removal_flips_sign is a separate test.",Lion direction units; beta natural log; epoch and step
sc,19,500,S0588,17200,34.4,-13.7524852752686,0.162027621269226,0.74655858874321,-0.584530998823482,0.707999412316724,true,true,false,true,true,"`ctd1`, 6 runs, 100 ep | 500 records per seed. Strict domination means carrier sum exceeds the sum of absolute remaining terms; removal_flips_sign is a separate test.",Lion direction units; beta natural log; epoch and step
sc,19,500,S0588,17300,34.6,-13.8525257110596,0.155458325147629,0.783138804137707,-0.62768057460529,0.749940848324093,true,true,false,true,true,"`ctd1`, 6 runs, 100 ep | 500 records per seed. Strict domination means carrier sum exceeds the sum of absolute remaining terms; removal_flips_sign is a separate test.",Lion direction units; beta natural log; epoch and step
sc,19,500,S0588,17400,34.8,-13.9525661468506,0.15530421435833,0.771046802401543,-0.615742800369765,0.742955761786209,true,true,false,true,true,"`ctd1`, 6 runs, 100 ep | 500 records per seed. Strict domination means carrier sum exceeds the sum of absolute remaining terms; removal_flips_sign is a separate test.",Lion direction units; beta natural log; epoch and step
sc,19,500,S0588,17500,35,-14.0526065826416,0.121424263715744,0.763083092868328,-0.641659046004008,0.793489303641752,false,true,false,true,true,"`ctd1`, 6 runs, 100 ep | 500 records per seed. Strict domination means carrier sum exceeds the sum of absolute remaining terms; removal_flips_sign is a separate test.",Lion direction units; beta natural log; epoch and step
sc,19,500,S0588,17600,35.2,-14.1526470184326,0.160231176018715,0.764981444180012,-0.604750326269777,0.747764608167881,true,true,false,true,true,"`ctd1`, 6 runs, 100 ep | 500 records per seed. Strict domination means carrier sum exceeds the sum of absolute remaining terms; removal_flips_sign is a separate test.",Lion direction units; beta natural log; epoch and step
sc,19,500,S0588,17700,35.4,-14.2526874542236,0.153047825396061,0.768632769584656,-0.615585012503686,0.738326572618632,true,true,false,true,true,"`ctd1`, 6 runs, 100 ep | 500 records per seed. Strict domination means carrier sum exceeds the sum of absolute remaining terms; removal_flips_sign is a separate test.",Lion direction units; beta natural log; epoch and step
sc,19,500,S0588,17800,35.6,-14.3527278900146,0.166232892498374,0.764856630563736,-0.598623928056523,0.736201015734068,true,true,false,true,true,"`ctd1`, 6 runs, 100 ep | 500 records per seed. Strict domination means carrier sum exceeds the sum of absolute remaining terms; removal_flips_sign is a separate test.",Lion direction units; beta natural log; epoch and step
sc,19,500,S0588,17900,35.8,-14.4527683258057,0.199631036818027,0.778227432072163,-0.578596761903401,0.687815164354919,true,true,false,true,true,"`ctd1`, 6 runs, 100 ep | 500 records per seed. Strict domination means carrier sum exceeds the sum of absolute remaining terms; removal_flips_sign is a separate test.",Lion direction units; beta natural log; epoch and step
sc,19,500,S0588,18000,36,-14.5528087615967,0.193836334347725,0.792961217463017,-0.599125223665243,0.712179244489681,true,true,false,true,true,"`ctd1`, 6 runs, 100 ep | 500 records per seed. Strict domination means carrier sum exceeds the sum of absolute remaining terms; removal_flips_sign is a separate test.",Lion direction units; beta natural log; epoch and step
sc,19,500,S0588,18100,36.2,-14.6528491973877,0.159979550540447,0.779986846446991,-0.620007474373205,0.742512809423505,true,true,false,true,true,"`ctd1`, 6 runs, 100 ep | 500 records per seed. Strict domination means carrier sum exceeds the sum of absolute remaining terms; removal_flips_sign is a separate test.",Lion direction units; beta natural log; epoch and step
sc,19,500,S0588,18200,36.4,-14.7528896331787,0.170788989216089,0.772644518315792,-0.60185540255499,0.715697341153903,true,true,false,true,true,"`ctd1`, 6 runs, 100 ep | 500 records per seed. Strict domination means carrier sum exceeds the sum of absolute remaining terms; removal_flips_sign is a separate test.",Lion direction units; beta natural log; epoch and step
sc,19,500,S0588,18300,36.6,-14.8529300689697,0.17255377471447,0.763142803311348,-0.590588951866954,0.705353346887063,true,true,false,true,true,"`ctd1`, 6 runs, 100 ep | 500 records per seed. Strict domination means carrier sum exceeds the sum of absolute remaining terms; removal_flips_sign is a separate test.",Lion direction units; beta natural log; epoch and step
sc,19,500,S0588,18400,36.8,-14.9529705047607,0.16913249194622,0.775751048326492,-0.606618576329618,0.728264597046552,true,true,false,true,true,"`ctd1`, 6 runs, 100 ep | 500 records per seed. Strict domination means carrier sum exceeds the sum of absolute remaining terms; removal_flips_sign is a separate test.",Lion direction units; beta natural log; epoch and step
sc,19,500,S0588,18500,37,-15,0.194594363868237,0.776583807170391,-0.581989312645715,0.69133120578847,true,true,true,true,true,"`ctd1`, 6 runs, 100 ep | 500 records per seed. Strict domination means carrier sum exceeds the sum of absolute remaining terms; removal_flips_sign is a separate test.",Lion direction units; beta natural log; epoch and step
sc,19,500,S0588,18600,37.2,-15,0.178252039849758,0.777806647121906,-0.599554545933586,0.715148127123337,true,true,true,true,true,"`ctd1`, 6 runs, 100 ep | 500 records per seed. Strict domination means carrier sum exceeds the sum of absolute remaining terms; removal_flips_sign is a separate test.",Lion direction units; beta natural log; epoch and step
sc,19,500,S0588,18700,37.4,-15,0.18760459125042,0.783392840623856,-0.595788402222149,0.736976728561785,true,true,true,true,true,"`ctd1`, 6 runs, 100 ep | 500 records per seed. Strict domination means carrier sum exceeds the sum of absolute remaining terms; removal_flips_sign is a separate test.",Lion direction units; beta natural log; epoch and step
sc,19,500,S0588,18800,37.6,-15,0.146481671184301,0.783073860406876,-0.636592281541334,0.773295963159103,true,true,true,true,true,"`ctd1`, 6 runs, 100 ep | 500 records per seed. Strict domination means carrier sum exceeds the sum of absolute remaining terms; removal_flips_sign is a separate test.",Lion direction units; beta natural log; epoch and step
sc,19,500,S0588,18900,37.8,-15,0.148055082932115,0.766171178221703,-0.618116102434845,0.743348326420943,true,true,true,true,true,"`ctd1`, 6 runs, 100 ep | 500 records per seed. Strict domination means carrier sum exceeds the sum of absolute remaining terms; removal_flips_sign is a separate test.",Lion direction units; beta natural log; epoch and step
sc,19,500,S0588,19000,38,-15,0.167669127881527,0.768249067664146,-0.600579980469678,0.752307897866825,true,true,true,true,true,"`ctd1`, 6 runs, 100 ep | 500 records per seed. Strict domination means carrier sum exceeds the sum of absolute remaining terms; removal_flips_sign is a separate test.",Lion direction units; beta natural log; epoch and step
sc,19,500,S0588,19100,38.2,-15,0.164215452969074,0.766404354572296,-0.602188942266207,0.729365375446696,true,true,true,true,true,"`ctd1`, 6 runs, 100 ep | 500 records per seed. Strict domination means carrier sum exceeds the sum of absolute remaining terms; removal_flips_sign is a separate test.",Lion direction units; beta natural log; epoch and step
sc,19,500,S0588,19200,38.4,-15,0.170349533855915,0.785539223253727,-0.615189825705897,0.746557593069406,true,true,true,true,true,"`ctd1`, 6 runs, 100 ep | 500 records per seed. Strict domination means carrier sum exceeds the sum of absolute remaining terms; removal_flips_sign is a separate test.",Lion direction units; beta natural log; epoch and step
sc,19,500,S0588,19300,38.6,-15,0.170155599713326,0.776909343898296,-0.606753858349373,0.731817311749216,true,true,true,true,true,"`ctd1`, 6 runs, 100 ep | 500 records per seed. Strict domination means carrier sum exceeds the sum of absolute remaining terms; removal_flips_sign is a separate test.",Lion direction units; beta natural log; epoch and step
sc,19,500,S0588,19400,38.8,-15,0.179410743713379,0.766456958651543,-0.587046188646386,0.699995362642576,true,true,true,true,true,"`ctd1`, 6 runs, 100 ep | 500 records per seed. Strict domination means carrier sum exceeds the sum of absolute remaining terms; removal_flips_sign is a separate test.",Lion direction units; beta natural log; epoch and step
sc,19,500,S0588,19500,39,-15,0.196400021016598,0.769145824015141,-0.572745874044034,0.706358379759098,true,true,true,true,true,"`ctd1`, 6 runs, 100 ep | 500 records per seed. Strict domination means carrier sum exceeds the sum of absolute remaining terms; removal_flips_sign is a separate test.",Lion direction units; beta natural log; epoch and step
sc,19,500,S0588,19600,39.2,-15,0.162951625697315,0.77392970174551,-0.610978090849989,0.740599924973452,true,true,true,true,true,"`ctd1`, 6 runs, 100 ep | 500 records per seed. Strict domination means carrier sum exceeds the sum of absolute remaining terms; removal_flips_sign is a separate test.",Lion direction units; beta natural log; epoch and step
sc,19,500,S0588,19700,39.4,-15,0.158318277448416,0.775722028315067,-0.617403780177256,0.742634568745325,true,true,true,true,true,"`ctd1`, 6 runs, 100 ep | 500 records per seed. Strict domination means carrier sum exceeds the sum of absolute remaining terms; removal_flips_sign is a separate test.",Lion direction units; beta natural log; epoch and step
sc,19,500,S0588,19800,39.6,-15,0.198536603152752,0.781239345669746,-0.582702717500342,0.74150439125674,true,true,true,true,true,"`ctd1`, 6 runs, 100 ep | 500 records per seed. Strict domination means carrier sum exceeds the sum of absolute remaining terms; removal_flips_sign is a separate test.",Lion direction units; beta natural log; epoch and step
sc,19,500,S0588,19900,39.8,-15,0.168560685217381,0.748265244066715,-0.57970461511386,0.692626490034127,true,true,true,true,true,"`ctd1`, 6 runs, 100 ep | 500 records per seed. Strict domination means carrier sum exceeds the sum of absolute remaining terms; removal_flips_sign is a separate test.",Lion direction units; beta natural log; epoch and step
sc,19,500,S0588,20000,40,-15,0.124318298324943,0.78095758408308,-0.656639423610562,0.781580456668638,false,true,true,true,true,"`ctd1`, 6 runs, 100 ep | 500 records per seed. Strict domination means carrier sum exceeds the sum of absolute remaining terms; removal_flips_sign is a separate test.",Lion direction units; beta natural log; epoch and step
sc,19,500,S0588,20100,40.2,-15,0.153115963935852,0.749973295629024,-0.596857363064009,0.721120363751652,true,true,true,true,true,"`ctd1`, 6 runs, 100 ep | 500 records per seed. Strict domination means carrier sum exceeds the sum of absolute remaining terms; removal_flips_sign is a separate test.",Lion direction units; beta natural log; epoch and step
sc,19,500,S0588,20200,40.4,-15,0.162586723268032,0.768429698050022,-0.605843077535886,0.737016559562929,true,true,true,true,true,"`ctd1`, 6 runs, 100 ep | 500 records per seed. Strict domination means carrier sum exceeds the sum of absolute remaining terms; removal_flips_sign is a separate test.",Lion direction units; beta natural log; epoch and step
sc,19,500,S0588,20300,40.6,-15,0.153306783735752,0.777206887304783,-0.623900000739371,0.763805087352915,true,true,true,true,true,"`ctd1`, 6 runs, 100 ep | 500 records per seed. Strict domination means carrier sum exceeds the sum of absolute remaining terms; removal_flips_sign is a separate test.",Lion direction units; beta natural log; epoch and step
sc,19,500,S0588,20400,40.8,-15,0.169895194470882,0.765718884766102,-0.595823726882486,0.710376859836174,true,true,true,true,true,"`ctd1`, 6 runs, 100 ep | 500 records per seed. Strict domination means carrier sum exceeds the sum of absolute remaining terms; removal_flips_sign is a separate test.",Lion direction units; beta natural log; epoch and step
sc,19,500,S0588,20500,41,-15,0.186438246071339,0.776347556710243,-0.589909304616305,0.702647421274179,true,true,true,true,true,"`ctd1`, 6 runs, 100 ep | 500 records per seed. Strict domination means carrier sum exceeds the sum of absolute remaining terms; removal_flips_sign is a separate test.",Lion direction units; beta natural log; epoch and step
sc,19,500,S0588,20600,41.2,-15,0.162234237976372,0.779879140853882,-0.617644758184474,0.759217993859488,true,true,true,true,true,"`ctd1`, 6 runs, 100 ep | 500 records per seed. Strict domination means carrier sum exceeds the sum of absolute remaining terms; removal_flips_sign is a separate test.",Lion direction units; beta natural log; epoch and step
sc,19,500,S0588,20700,41.4,-15,0.200208549201489,0.773657535016537,-0.573448720582212,0.680888974409038,true,true,true,true,true,"`ctd1`, 6 runs, 100 ep | 500 records per seed. Strict domination means carrier sum exceeds the sum of absolute remaining terms; removal_flips_sign is a separate test.",Lion direction units; beta natural log; epoch and step
sc,19,500,S0588,20800,41.6,-15,0.161395993828774,0.76544721275568,-0.604050830709406,0.717161252588875,true,true,true,true,true,"`ctd1`, 6 runs, 100 ep | 500 records per seed. Strict domination means carrier sum exceeds the sum of absolute remaining terms; removal_flips_sign is a separate test.",Lion direction units; beta natural log; epoch and step
sc,19,500,S0588,20900,41.8,-15,0.161311131715775,0.774934639036655,-0.613623402394,0.734697236096736,true,true,true,true,true,"`ctd1`, 6 runs, 100 ep | 500 records per seed. Strict domination means carrier sum exceeds the sum of absolute remaining terms; removal_flips_sign is a separate test.",Lion direction units; beta natural log; epoch and step
sc,19,500,S0588,21000,42,-15,0.179252104461193,0.779331693053246,-0.600079332871837,0.74873059148922,true,true,true,true,true,"`ctd1`, 6 runs, 100 ep | 500 records per seed. Strict domination means carrier sum exceeds the sum of absolute remaining terms; removal_flips_sign is a separate test.",Lion direction units; beta natural log; epoch and step
sc,19,500,S0588,21100,42.2,-15,0.158175504207611,0.768078772723675,-0.609903292944557,0.761979302481416,true,true,true,true,true,"`ctd1`, 6 runs, 100 ep | 500 records per seed. Strict domination means carrier sum exceeds the sum of absolute remaining terms; removal_flips_sign is a separate test.",Lion direction units; beta natural log; epoch and step
sc,19,500,S0588,21200,42.4,-15,0.147185278311372,0.759355627000332,-0.612170362074312,0.759576747417555,false,true,true,true,true,"`ctd1`, 6 runs, 100 ep | 500 records per seed. Strict domination means carrier sum exceeds the sum of absolute remaining terms; removal_flips_sign is a separate test.",Lion direction units; beta natural log; epoch and step
sc,19,500,S0588,21300,42.6,-15,0.171702045202255,0.775229808688164,-0.603527675853923,0.743854625517258,true,true,true,true,true,"`ctd1`, 6 runs, 100 ep | 500 records per seed. Strict domination means carrier sum exceeds the sum of absolute remaining terms; removal_flips_sign is a separate test.",Lion direction units; beta natural log; epoch and step
sc,19,500,S0588,21400,42.8,-15,0.178087121248245,0.771775269508362,-0.593688122408645,0.720109630200255,true,true,true,true,true,"`ctd1`, 6 runs, 100 ep | 500 records per seed. Strict domination means carrier sum exceeds the sum of absolute remaining terms; removal_flips_sign is a separate test.",Lion direction units; beta natural log; epoch and step
sc,19,500,S0588,21500,43,-15,0.18180627822876,0.781805828213692,-0.599999383733143,0.711924362842206,true,true,true,true,true,"`ctd1`, 6 runs, 100 ep | 500 records per seed. Strict domination means carrier sum exceeds the sum of absolute remaining terms; removal_flips_sign is a separate test.",Lion direction units; beta natural log; epoch and step
sc,19,500,S0588,21600,43.2,-15,0.176649391651154,0.76925276517868,-0.592603439337802,0.711407481072149,true,true,true,true,true,"`ctd1`, 6 runs, 100 ep | 500 records per seed. Strict domination means carrier sum exceeds the sum of absolute remaining terms; removal_flips_sign is a separate test.",Lion direction units; beta natural log; epoch and step
sc,19,500,S0588,21700,43.4,-15,0.165249398350716,0.760333374142647,-0.595083792762159,0.72219476027384,true,true,true,true,true,"`ctd1`, 6 runs, 100 ep | 500 records per seed. Strict domination means carrier sum exceeds the sum of absolute remaining terms; removal_flips_sign is a separate test.",Lion direction units; beta natural log; epoch and step
sc,19,500,S0588,21800,43.6,-15,0.163675463199615,0.779150015115738,-0.615474606605176,0.742144759485791,true,true,true,true,true,"`ctd1`, 6 runs, 100 ep | 500 records per seed. Strict domination means carrier sum exceeds the sum of absolute remaining terms; removal_flips_sign is a separate test.",Lion direction units; beta natural log; epoch and step
sc,19,500,S0588,21900,43.8,-15,0.194639274477959,0.791242857277393,-0.59660366086552,0.745895356149225,true,true,true,true,true,"`ctd1`, 6 runs, 100 ep | 500 records per seed. Strict domination means carrier sum exceeds the sum of absolute remaining terms; removal_flips_sign is a separate test.",Lion direction units; beta natural log; epoch and step
sc,19,500,S0588,22000,44,-15,0.192783819139004,0.777737653255463,-0.584953943703778,0.696307389217787,true,true,true,true,true,"`ctd1`, 6 runs, 100 ep | 500 records per seed. Strict domination means carrier sum exceeds the sum of absolute remaining terms; removal_flips_sign is a separate test.",Lion direction units; beta natural log; epoch and step
sc,19,500,S0588,22100,44.2,-15,0.130470586195588,0.74949958473444,-0.619029089822995,0.744534036514709,true,true,true,true,true,"`ctd1`, 6 runs, 100 ep | 500 records per seed. Strict domination means carrier sum exceeds the sum of absolute remaining terms; removal_flips_sign is a separate test.",Lion direction units; beta natural log; epoch and step
sc,19,500,S0588,22200,44.4,-15,0.156539253145456,0.766810457408428,-0.610271269473867,0.717775210484103,true,true,true,true,true,"`ctd1`, 6 runs, 100 ep | 500 records per seed. Strict domination means carrier sum exceeds the sum of absolute remaining terms; removal_flips_sign is a separate test.",Lion direction units; beta natural log; epoch and step
sc,19,500,S0588,22300,44.6,-15,0.167263938486576,0.779325138032436,-0.612061251226476,0.727882713396059,true,true,true,true,true,"`ctd1`, 6 runs, 100 ep | 500 records per seed. Strict domination means carrier sum exceeds the sum of absolute remaining terms; removal_flips_sign is a separate test.",Lion direction units; beta natural log; epoch and step
sc,19,500,S0588,22400,44.8,-15,0.162137164920568,0.787879799306393,-0.625742691388462,0.768265129667009,true,true,true,true,true,"`ctd1`, 6 runs, 100 ep | 500 records per seed. Strict domination means carrier sum exceeds the sum of absolute remaining terms; removal_flips_sign is a separate test.",Lion direction units; beta natural log; epoch and step
sc,19,500,S0588,22500,45,-15,0.171577216684818,0.7636056214571,-0.592028504483943,0.726381116434123,true,true,true,true,true,"`ctd1`, 6 runs, 100 ep | 500 records per seed. Strict domination means carrier sum exceeds the sum of absolute remaining terms; removal_flips_sign is a separate test.",Lion direction units; beta natural log; epoch and step
sc,19,500,S0588,22600,45.2,-15,0.177926078438759,0.777411405742168,-0.599485356391776,0.739573368759144,true,true,true,true,true,"`ctd1`, 6 runs, 100 ep | 500 records per seed. Strict domination means carrier sum exceeds the sum of absolute remaining terms; removal_flips_sign is a separate test.",Lion direction units; beta natural log; epoch and step
sc,19,500,S0588,22700,45.4,-15,0.164121189713478,0.754616142809391,-0.590495065923909,0.71969910969255,true,true,true,true,true,"`ctd1`, 6 runs, 100 ep | 500 records per seed. Strict domination means carrier sum exceeds the sum of absolute remaining terms; removal_flips_sign is a separate test.",Lion direction units; beta natural log; epoch and step
sc,19,500,S0588,22800,45.6,-15,0.165615954995155,0.778763496875763,-0.613147683690107,0.750721902968343,true,true,true,true,true,"`ctd1`, 6 runs, 100 ep | 500 records per seed. Strict domination means carrier sum exceeds the sum of absolute remaining terms; removal_flips_sign is a separate test.",Lion direction units; beta natural log; epoch and step
sc,19,500,S0588,22900,45.8,-15,0.192491795122623,0.786909402906895,-0.594417570629298,0.710737976982284,true,true,true,true,true,"`ctd1`, 6 runs, 100 ep | 500 records per seed. Strict domination means carrier sum exceeds the sum of absolute remaining terms; removal_flips_sign is a separate test.",Lion direction units; beta natural log; epoch and step
sc,19,500,S0588,23000,46,-15,0.161493653059006,0.779799212515354,-0.618305371063093,0.738967933675508,true,true,true,true,true,"`ctd1`, 6 runs, 100 ep | 500 records per seed. Strict domination means carrier sum exceeds the sum of absolute remaining terms; removal_flips_sign is a separate test.",Lion direction units; beta natural log; epoch and step
sc,19,500,S0588,23100,46.2,-15,0.145916410721839,0.774275872111321,-0.628359439899555,0.769911529939486,true,true,true,true,true,"`ctd1`, 6 runs, 100 ep | 500 records per seed. Strict domination means carrier sum exceeds the sum of absolute remaining terms; removal_flips_sign is a separate test.",Lion direction units; beta natural log; epoch and step
sc,19,500,S0588,23200,46.4,-15,0.127825066447258,0.767065671086311,-0.639240647630754,0.765107364007304,true,true,true,true,true,"`ctd1`, 6 runs, 100 ep | 500 records per seed. Strict domination means carrier sum exceeds the sum of absolute remaining terms; removal_flips_sign is a separate test.",Lion direction units; beta natural log; epoch and step
sc,19,500,S0588,23300,46.6,-15,0.16765630543232,0.77408210337162,-0.606425711622228,0.73071643212561,true,true,true,true,true,"`ctd1`, 6 runs, 100 ep | 500 records per seed. Strict domination means carrier sum exceeds the sum of absolute remaining terms; removal_flips_sign is a separate test.",Lion direction units; beta natural log; epoch and step
sc,19,500,S0588,23400,46.8,-15,0.176854267716408,0.782480852305889,-0.60562647653403,0.732389597575957,true,true,true,true,true,"`ctd1`, 6 runs, 100 ep | 500 records per seed. Strict domination means carrier sum exceeds the sum of absolute remaining terms; removal_flips_sign is a separate test.",Lion direction units; beta natural log; epoch and step
sc,19,500,S0588,23500,47,-15,0.177345052361488,0.778421519696712,-0.601076489538656,0.727612011777575,true,true,true,true,true,"`ctd1`, 6 runs, 100 ep | 500 records per seed. Strict domination means carrier sum exceeds the sum of absolute remaining terms; removal_flips_sign is a separate test.",Lion direction units; beta natural log; epoch and step
sc,19,500,S0588,23600,47.2,-15,0.160555316507816,0.783295400440693,-0.622740167708095,0.751994614297404,true,true,true,true,true,"`ctd1`, 6 runs, 100 ep | 500 records per seed. Strict domination means carrier sum exceeds the sum of absolute remaining terms; removal_flips_sign is a separate test.",Lion direction units; beta natural log; epoch and step
sc,19,500,S0588,23700,47.4,-15,0.1847427546978,0.766472084820271,-0.581729315870376,0.732513891498144,true,true,true,true,true,"`ctd1`, 6 runs, 100 ep | 500 records per seed. Strict domination means carrier sum exceeds the sum of absolute remaining terms; removal_flips_sign is a separate test.",Lion direction units; beta natural log; epoch and step
sc,19,500,S0588,23800,47.6,-15,0.156746904551983,0.772139786183834,-0.615392893926315,0.732306514964154,true,true,true,true,true,"`ctd1`, 6 runs, 100 ep | 500 records per seed. Strict domination means carrier sum exceeds the sum of absolute remaining terms; removal_flips_sign is a separate test.",Lion direction units; beta natural log; epoch and step
sc,19,500,S0588,23900,47.8,-15,0.1824825912714,0.772673785686493,-0.590191299832543,0.699517456761294,true,true,true,true,true,"`ctd1`, 6 runs, 100 ep | 500 records per seed. Strict domination means carrier sum exceeds the sum of absolute remaining terms; removal_flips_sign is a separate test.",Lion direction units; beta natural log; epoch and step
sc,19,500,S0588,24000,48,-15,0.163326399028301,0.771334348618984,-0.608007663917454,0.762721347395802,true,true,true,true,true,"`ctd1`, 6 runs, 100 ep | 500 records per seed. Strict domination means carrier sum exceeds the sum of absolute remaining terms; removal_flips_sign is a separate test.",Lion direction units; beta natural log; epoch and step
sc,19,500,S0588,24100,48.2,-15,0.160340146720409,0.770999146997929,-0.610658799069699,0.741924270883794,true,true,true,true,true,"`ctd1`, 6 runs, 100 ep | 500 records per seed. Strict domination means carrier sum exceeds the sum of absolute remaining terms; removal_flips_sign is a separate test.",Lion direction units; beta natural log; epoch and step
sc,19,500,S0588,24200,48.4,-15,0.145980786532164,0.761229284107685,-0.615248404436784,0.746209382743177,true,true,true,true,true,"`ctd1`, 6 runs, 100 ep | 500 records per seed. Strict domination means carrier sum exceeds the sum of absolute remaining terms; removal_flips_sign is a separate test.",Lion direction units; beta natural log; epoch and step
sc,19,500,S0588,24300,48.6,-15,0.178335224092007,0.7601871997118,-0.581852102735138,0.698349063550268,true,true,true,true,true,"`ctd1`, 6 runs, 100 ep | 500 records per seed. Strict domination means carrier sum exceeds the sum of absolute remaining terms; removal_flips_sign is a separate test.",Lion direction units; beta natural log; epoch and step
sc,19,500,S0588,24400,48.8,-15,0.164357953518629,0.780519273877144,-0.61616115911296,0.72824288650894,true,true,true,true,true,"`ctd1`, 6 runs, 100 ep | 500 records per seed. Strict domination means carrier sum exceeds the sum of absolute remaining terms; removal_flips_sign is a separate test.",Lion direction units; beta natural log; epoch and step
sc,19,500,S0588,24500,49,-15,0.174741780757904,0.771066872775555,-0.596324934083896,0.715811880918955,true,true,true,true,true,"`ctd1`, 6 runs, 100 ep | 500 records per seed. Strict domination means carrier sum exceeds the sum of absolute remaining terms; removal_flips_sign is a separate test.",Lion direction units; beta natural log; epoch and step
sc,19,500,S0588,24600,49.2,-15,0.174419650435448,0.771855892241001,-0.597436166564467,0.752647917898639,true,true,true,true,true,"`ctd1`, 6 runs, 100 ep | 500 records per seed. Strict domination means carrier sum exceeds the sum of absolute remaining terms; removal_flips_sign is a separate test.",Lion direction units; beta natural log; epoch and step
sc,19,500,S0588,24700,49.4,-15,0.187515188753605,0.780774582922459,-0.593259447277515,0.707651152633386,true,true,true,true,true,"`ctd1`, 6 runs, 100 ep | 500 records per seed. Strict domination means carrier sum exceeds the sum of absolute remaining terms; removal_flips_sign is a separate test.",Lion direction units; beta natural log; epoch and step
sc,19,500,S0588,24800,49.6,-15,0.181525671482086,0.77833880931139,-0.596813259144621,0.713050110148809,true,true,true,true,true,"`ctd1`, 6 runs, 100 ep | 500 records per seed. Strict domination means carrier sum exceeds the sum of absolute remaining terms; removal_flips_sign is a separate test.",Lion direction units; beta natural log; epoch and step
sc,19,500,S0588,24900,49.8,-15,0.155460906028748,0.757764293253422,-0.602303277116249,0.728242005937244,true,true,true,true,true,"`ctd1`, 6 runs, 100 ep | 500 records per seed. Strict domination means carrier sum exceeds the sum of absolute remaining terms; removal_flips_sign is a separate test.",Lion direction units; beta natural log; epoch and step
sc,19,500,S0588,25000,50,-15,0.156900060921907,0.763380497694016,-0.606480548236522,0.732781613158483,true,true,true,true,true,"`ctd1`, 6 runs, 100 ep | 500 records per seed. Strict domination means carrier sum exceeds the sum of absolute remaining terms; removal_flips_sign is a separate test.",Lion direction units; beta natural log; epoch and step
sc,19,500,S0588,25100,50.2,-15,0.173696312308311,0.775398053228855,-0.60170156049661,0.714330630297798,true,true,true,true,true,"`ctd1`, 6 runs, 100 ep | 500 records per seed. Strict domination means carrier sum exceeds the sum of absolute remaining terms; removal_flips_sign is a separate test.",Lion direction units; beta natural log; epoch and step
sc,19,500,S0588,25200,50.4,-15,0.160380966961384,0.760292868316174,-0.599911884372528,0.707983835557383,true,true,true,true,true,"`ctd1`, 6 runs, 100 ep | 500 records per seed. Strict domination means carrier sum exceeds the sum of absolute remaining terms; removal_flips_sign is a separate test.",Lion direction units; beta natural log; epoch and step
sc,19,500,S0588,25300,50.6,-15,0.163763369247317,0.77037904560566,-0.606615663494625,0.720030369730586,true,true,true,true,true,"`ctd1`, 6 runs, 100 ep | 500 records per seed. Strict domination means carrier sum exceeds the sum of absolute remaining terms; removal_flips_sign is a separate test.",Lion direction units; beta natural log; epoch and step
sc,19,500,S0588,25400,50.8,-15,0.152051397319883,0.752313369512558,-0.600261860711004,0.716666966567999,true,true,true,true,true,"`ctd1`, 6 runs, 100 ep | 500 records per seed. Strict domination means carrier sum exceeds the sum of absolute remaining terms; removal_flips_sign is a separate test.",Lion direction units; beta natural log; epoch and step
sc,19,500,S0588,25500,51,-15,0.142018780764192,0.788088366389275,-0.646069425034932,0.772877164887598,true,true,true,true,true,"`ctd1`, 6 runs, 100 ep | 500 records per seed. Strict domination means carrier sum exceeds the sum of absolute remaining terms; removal_flips_sign is a separate test.",Lion direction units; beta natural log; epoch and step
sc,19,500,S0588,25600,51.2,-15,0.134579516947269,0.793094910681248,-0.658515396660243,0.79129206920685,true,true,true,true,true,"`ctd1`, 6 runs, 100 ep | 500 records per seed. Strict domination means carrier sum exceeds the sum of absolute remaining terms; removal_flips_sign is a separate test.",Lion direction units; beta natural log; epoch and step
sc,19,500,S0588,25700,51.4,-15,0.187957605719566,0.781281791627407,-0.593324255400955,0.749513413772081,true,true,true,true,true,"`ctd1`, 6 runs, 100 ep | 500 records per seed. Strict domination means carrier sum exceeds the sum of absolute remaining terms; removal_flips_sign is a separate test.",Lion direction units; beta natural log; epoch and step
sc,19,500,S0588,25800,51.6,-15,0.193545401096344,0.776408840715885,-0.582863467805535,0.715915979185391,true,true,true,true,true,"`ctd1`, 6 runs, 100 ep | 500 records per seed. Strict domination means carrier sum exceeds the sum of absolute remaining terms; removal_flips_sign is a separate test.",Lion direction units; beta natural log; epoch and step
sc,19,500,S0588,25900,51.8,-15,0.156311389803886,0.756365951895714,-0.600054659018036,0.718407664144996,true,true,true,true,true,"`ctd1`, 6 runs, 100 ep | 500 records per seed. Strict domination means carrier sum exceeds the sum of absolute remaining terms; removal_flips_sign is a separate test.",Lion direction units; beta natural log; epoch and step
sc,19,500,S0588,26000,52,-15,0.139544194936752,0.769805763661861,-0.630261613652175,0.751026734661383,true,true,true,true,true,"`ctd1`, 6 runs, 100 ep | 500 records per seed. Strict domination means carrier sum exceeds the sum of absolute remaining terms; removal_flips_sign is a separate test.",Lion direction units; beta natural log; epoch and step
sc,19,500,S0588,26100,52.2,-15,0.133256581425667,0.755790729820728,-0.622534076011266,0.767876028540081,false,true,true,true,true,"`ctd1`, 6 runs, 100 ep | 500 records per seed. Strict domination means carrier sum exceeds the sum of absolute remaining terms; removal_flips_sign is a separate test.",Lion direction units; beta natural log; epoch and step
sc,19,500,S0588,26200,52.4,-15,0.1554776545614,0.763808099925518,-0.608330514310296,0.769497653999156,false,true,true,true,true,"`ctd1`, 6 runs, 100 ep | 500 records per seed. Strict domination means carrier sum exceeds the sum of absolute remaining terms; removal_flips_sign is a separate test.",Lion direction units; beta natural log; epoch and step
sc,19,500,S0588,26300,52.6,-15,0.176334956288338,0.787908302247524,-0.611573494625137,0.732866694117908,true,true,true,true,true,"`ctd1`, 6 runs, 100 ep | 500 records per seed. Strict domination means carrier sum exceeds the sum of absolute remaining terms; removal_flips_sign is a separate test.",Lion direction units; beta natural log; epoch and step
sc,19,500,S0588,26400,52.8,-15,0.18042456805706,0.781234893202782,-0.600810197037362,0.722161769044345,true,true,true,true,true,"`ctd1`, 6 runs, 100 ep | 500 records per seed. Strict domination means carrier sum exceeds the sum of absolute remaining terms; removal_flips_sign is a separate test.",Lion direction units; beta natural log; epoch and step
sc,19,500,S0588,26500,53,-15,0.164238649606705,0.771028147637844,-0.6067897019383,0.709284176224259,true,true,true,true,true,"`ctd1`, 6 runs, 100 ep | 500 records per seed. Strict domination means carrier sum exceeds the sum of absolute remaining terms; removal_flips_sign is a separate test.",Lion direction units; beta natural log; epoch and step
sc,19,500,S0588,26600,53.2,-15,0.134872416220605,0.749156764149666,-0.614284472219299,0.73836800618127,true,true,true,true,true,"`ctd1`, 6 runs, 100 ep | 500 records per seed. Strict domination means carrier sum exceeds the sum of absolute remaining terms; removal_flips_sign is a separate test.",Lion direction units; beta natural log; epoch and step
sc,19,500,S0588,26700,53.4,-15,0.157857005298138,0.784546369314194,-0.626689498175648,0.735066485875205,true,true,true,true,true,"`ctd1`, 6 runs, 100 ep | 500 records per seed. Strict domination means carrier sum exceeds the sum of absolute remaining terms; removal_flips_sign is a separate test.",Lion direction units; beta natural log; epoch and step
sc,19,500,S0588,26800,53.6,-15,0.16564275175333,0.79047843515873,-0.624835853413788,0.769157233760961,true,true,true,true,true,"`ctd1`, 6 runs, 100 ep | 500 records per seed. Strict domination means carrier sum exceeds the sum of absolute remaining terms; removal_flips_sign is a separate test.",Lion direction units; beta natural log; epoch and step
sc,19,500,S0588,26900,53.8,-15,0.158095470070839,0.750140380859375,-0.59204495018148,0.718555183146418,true,true,true,true,true,"`ctd1`, 6 runs, 100 ep | 500 records per seed. Strict domination means carrier sum exceeds the sum of absolute remaining terms; removal_flips_sign is a separate test.",Lion direction units; beta natural log; epoch and step
sc,19,500,S0588,27000,54,-15,0.172298291325569,0.779482415318489,-0.607184016736733,0.72367480075261,true,true,true,true,true,"`ctd1`, 6 runs, 100 ep | 500 records per seed. Strict domination means carrier sum exceeds the sum of absolute remaining terms; removal_flips_sign is a separate test.",Lion direction units; beta natural log; epoch and step
sc,19,500,S0588,27100,54.2,-15,0.131830472499132,0.776303645968437,-0.644472956807675,0.793232172706274,false,true,true,true,true,"`ctd1`, 6 runs, 100 ep | 500 records per seed. Strict domination means carrier sum exceeds the sum of absolute remaining terms; removal_flips_sign is a separate test.",Lion direction units; beta natural log; epoch and step
sc,19,500,S0588,27200,54.4,-15,0.185716253519058,0.784462600946426,-0.598746422883207,0.729576891984587,true,true,true,true,true,"`ctd1`, 6 runs, 100 ep | 500 records per seed. Strict domination means carrier sum exceeds the sum of absolute remaining terms; removal_flips_sign is a separate test.",Lion direction units; beta natural log; epoch and step
sc,19,500,S0588,27300,54.6,-15,0.192554369568825,0.795909360051155,-0.603355175883632,0.712272593478781,true,true,true,true,true,"`ctd1`, 6 runs, 100 ep | 500 records per seed. Strict domination means carrier sum exceeds the sum of absolute remaining terms; removal_flips_sign is a separate test.",Lion direction units; beta natural log; epoch and step
sc,19,500,S0588,27400,54.8,-15,0.15885047763586,0.765431234240532,-0.606580714087274,0.716068552334788,true,true,true,true,true,"`ctd1`, 6 runs, 100 ep | 500 records per seed. Strict domination means carrier sum exceeds the sum of absolute remaining terms; removal_flips_sign is a separate test.",Lion direction units; beta natural log; epoch and step
sc,19,500,S0588,27500,55,-15,0.18350565135479,0.77367248237133,-0.590166869502411,0.687482959321517,true,true,true,true,true,"`ctd1`, 6 runs, 100 ep | 500 records per seed. Strict domination means carrier sum exceeds the sum of absolute remaining terms; removal_flips_sign is a separate test.",Lion direction units; beta natural log; epoch and step
sc,19,500,S0588,27600,55.2,-15,0.176110641658306,0.767705091834068,-0.591594510783648,0.703254522464317,true,true,true,true,true,"`ctd1`, 6 runs, 100 ep | 500 records per seed. Strict domination means carrier sum exceeds the sum of absolute remaining terms; removal_flips_sign is a separate test.",Lion direction units; beta natural log; epoch and step
sc,19,500,S0588,27700,55.4,-15,0.173595382273197,0.766197077929974,-0.592601810061535,0.7110255980651,true,true,true,true,true,"`ctd1`, 6 runs, 100 ep | 500 records per seed. Strict domination means carrier sum exceeds the sum of absolute remaining terms; removal_flips_sign is a separate test.",Lion direction units; beta natural log; epoch and step
sc,19,500,S0588,27800,55.6,-15,0.141405230760574,0.782370185852051,-0.640964995799152,0.796437115499668,false,true,true,true,true,"`ctd1`, 6 runs, 100 ep | 500 records per seed. Strict domination means carrier sum exceeds the sum of absolute remaining terms; removal_flips_sign is a separate test.",Lion direction units; beta natural log; epoch and step
sc,19,500,S0588,27900,55.8,-15,0.194047296047211,0.778479790687561,-0.584432333537421,0.693063249372034,true,true,true,true,true,"`ctd1`, 6 runs, 100 ep | 500 records per seed. Strict domination means carrier sum exceeds the sum of absolute remaining terms; removal_flips_sign is a separate test.",Lion direction units; beta natural log; epoch and step
sc,19,500,S0588,28000,56,-15,0.16650180965662,0.764031741023064,-0.597529794738637,0.728657328361578,true,true,true,true,true,"`ctd1`, 6 runs, 100 ep | 500 records per seed. Strict domination means carrier sum exceeds the sum of absolute remaining terms; removal_flips_sign is a separate test.",Lion direction units; beta natural log; epoch and step
sc,19,500,S0588,28100,56.2,-15,0.173088981211185,0.772318218648434,-0.599229370781548,0.735269397192594,true,true,true,true,true,"`ctd1`, 6 runs, 100 ep | 500 records per seed. Strict domination means carrier sum exceeds the sum of absolute remaining terms; removal_flips_sign is a separate test.",Lion direction units; beta natural log; epoch and step
sc,19,500,S0588,28200,56.4,-15,0.143957863934338,0.76822152286768,-0.624263892712693,0.739305448140627,true,true,true,true,true,"`ctd1`, 6 runs, 100 ep | 500 records per seed. Strict domination means carrier sum exceeds the sum of absolute remaining terms; removal_flips_sign is a separate test.",Lion direction units; beta natural log; epoch and step
sc,19,500,S0588,28300,56.6,-15,0.153387399017811,0.783187201619148,-0.629799842591501,0.763164053429977,true,true,true,true,true,"`ctd1`, 6 runs, 100 ep | 500 records per seed. Strict domination means carrier sum exceeds the sum of absolute remaining terms; removal_flips_sign is a separate test.",Lion direction units; beta natural log; epoch and step
sc,19,500,S0588,28400,56.8,-15,0.169282461702824,0.77189903408289,-0.602616385601937,0.746244297199041,true,true,true,true,true,"`ctd1`, 6 runs, 100 ep | 500 records per seed. Strict domination means carrier sum exceeds the sum of absolute remaining terms; removal_flips_sign is a separate test.",Lion direction units; beta natural log; epoch and step
sc,19,500,S0588,28500,57,-15,0.183354112505913,0.770783440768719,-0.587429445569433,0.698850494094904,true,true,true,true,true,"`ctd1`, 6 runs, 100 ep | 500 records per seed. Strict domination means carrier sum exceeds the sum of absolute remaining terms; removal_flips_sign is a separate test.",Lion direction units; beta natural log; epoch and step
sc,19,500,S0588,28600,57.2,-15,0.160262881219387,0.780399917066097,-0.620137152916834,0.751096253439016,true,true,true,true,true,"`ctd1`, 6 runs, 100 ep | 500 records per seed. Strict domination means carrier sum exceeds the sum of absolute remaining terms; removal_flips_sign is a separate test.",Lion direction units; beta natural log; epoch and step
sc,19,500,S0588,28700,57.4,-15,0.167606161534786,0.781053780019283,-0.613447560012594,0.730318104868058,true,true,true,true,true,"`ctd1`, 6 runs, 100 ep | 500 records per seed. Strict domination means carrier sum exceeds the sum of absolute remaining terms; removal_flips_sign is a separate test.",Lion direction units; beta natural log; epoch and step
sc,19,500,S0588,28800,57.6,-15,0.183797504007816,0.7818414285779,-0.598043839949696,0.712409822846985,true,true,true,true,true,"`ctd1`, 6 runs, 100 ep | 500 records per seed. Strict domination means carrier sum exceeds the sum of absolute remaining terms; removal_flips_sign is a separate test.",Lion direction units; beta natural log; epoch and step
sc,19,500,S0588,28900,57.8,-15,0.178413619101048,0.769491650164127,-0.59107811755606,0.755178116708009,true,true,true,true,true,"`ctd1`, 6 runs, 100 ep | 500 records per seed. Strict domination means carrier sum exceeds the sum of absolute remaining terms; removal_flips_sign is a separate test.",Lion direction units; beta natural log; epoch and step
sc,19,500,S0588,29000,58,-15,0.141237357258797,0.758014596998692,-0.616777406541183,0.74511857320876,true,true,true,true,true,"`ctd1`, 6 runs, 100 ep | 500 records per seed. Strict domination means carrier sum exceeds the sum of absolute remaining terms; removal_flips_sign is a separate test.",Lion direction units; beta natural log; epoch and step
sc,19,500,S0588,29100,58.2,-15,0.139094400405884,0.767532216012478,-0.628437679532703,0.754271796470243,true,true,true,true,true,"`ctd1`, 6 runs, 100 ep | 500 records per seed. Strict domination means carrier sum exceeds the sum of absolute remaining terms; removal_flips_sign is a separate test.",Lion direction units; beta natural log; epoch and step
sc,19,500,S0588,29200,58.4,-15,0.165524902939796,0.773880241811275,-0.608355340736853,0.722929221468712,true,true,true,true,true,"`ctd1`, 6 runs, 100 ep | 500 records per seed. Strict domination means carrier sum exceeds the sum of absolute remaining terms; removal_flips_sign is a separate test.",Lion direction units; beta natural log; epoch and step
sc,19,500,S0588,29300,58.6,-15,0.161545543372631,0.767545495927334,-0.606000052157498,0.719706109464488,true,true,true,true,true,"`ctd1`, 6 runs, 100 ep | 500 records per seed. Strict domination means carrier sum exceeds the sum of absolute remaining terms; removal_flips_sign is a separate test.",Lion direction units; beta natural log; epoch and step
sc,19,500,S0588,29400,58.8,-15,0.138288995623589,0.749419555068016,-0.611130663408653,0.734666147482597,true,true,true,true,true,"`ctd1`, 6 runs, 100 ep | 500 records per seed. Strict domination means carrier sum exceeds the sum of absolute remaining terms; removal_flips_sign is a separate test.",Lion direction units; beta natural log; epoch and step
sc,19,500,S0588,29500,59,-15,0.197708542644978,0.774160335958004,-0.576451721936206,0.700952938480435,true,true,true,true,true,"`ctd1`, 6 runs, 100 ep | 500 records per seed. Strict domination means carrier sum exceeds the sum of absolute remaining terms; removal_flips_sign is a separate test.",Lion direction units; beta natural log; epoch and step
sc,19,500,S0588,29600,59.2,-15,0.15321361720562,0.784277710318565,-0.631064109929079,0.771725729658473,true,true,true,true,true,"`ctd1`, 6 runs, 100 ep | 500 records per seed. Strict domination means carrier sum exceeds the sum of absolute remaining terms; removal_flips_sign is a separate test.",Lion direction units; beta natural log; epoch and step
sc,19,500,S0588,29700,59.4,-15,0.138498230278492,0.773325830698013,-0.634827655423624,0.760803398114012,true,true,true,true,true,"`ctd1`, 6 runs, 100 ep | 500 records per seed. Strict domination means carrier sum exceeds the sum of absolute remaining terms; removal_flips_sign is a separate test.",Lion direction units; beta natural log; epoch and step
sc,19,500,S0588,29800,59.6,-15,0.187933081388474,0.785029472410679,-0.597096520687813,0.73136129498302,true,true,true,true,true,"`ctd1`, 6 runs, 100 ep | 500 records per seed. Strict domination means carrier sum exceeds the sum of absolute remaining terms; removal_flips_sign is a separate test.",Lion direction units; beta natural log; epoch and step
sc,19,500,S0588,29900,59.8,-15,0.193851085007191,0.781391960382462,-0.587540881569942,0.70415438379697,true,true,true,true,true,"`ctd1`, 6 runs, 100 ep | 500 records per seed. Strict domination means carrier sum exceeds the sum of absolute remaining terms; removal_flips_sign is a separate test.",Lion direction units; beta natural log; epoch and step
sc,19,500,S0588,30000,60,-15,0.135185787081718,0.764879290759563,-0.629693630500833,0.754997994731593,true,true,true,true,true,"`ctd1`, 6 runs, 100 ep | 500 records per seed. Strict domination means carrier sum exceeds the sum of absolute remaining terms; removal_flips_sign is a separate test.",Lion direction units; beta natural log; epoch and step
sc,19,500,S0588,30100,60.2,-15,0.178805157542229,0.771049574017525,-0.592244402621623,0.708117350052805,true,true,true,true,true,"`ctd1`, 6 runs, 100 ep | 500 records per seed. Strict domination means carrier sum exceeds the sum of absolute remaining terms; removal_flips_sign is a separate test.",Lion direction units; beta natural log; epoch and step
sc,19,500,S0588,30200,60.4,-15,0.146487879753113,0.771178138256073,-0.624690166486074,0.747228652036138,true,true,true,true,true,"`ctd1`, 6 runs, 100 ep | 500 records per seed. Strict domination means carrier sum exceeds the sum of absolute remaining terms; removal_flips_sign is a separate test.",Lion direction units; beta natural log; epoch and step
sc,19,500,S0588,30300,60.6,-15,0.190987052023411,0.775369295477867,-0.58438253227331,0.701609012203824,true,true,true,true,true,"`ctd1`, 6 runs, 100 ep | 500 records per seed. Strict domination means carrier sum exceeds the sum of absolute remaining terms; removal_flips_sign is a separate test.",Lion direction units; beta natural log; epoch and step
sc,19,500,S0588,30400,60.8,-15,0.139669804647565,0.781100577116013,-0.6414307719519,0.773983983901462,true,true,true,true,true,"`ctd1`, 6 runs, 100 ep | 500 records per seed. Strict domination means carrier sum exceeds the sum of absolute remaining terms; removal_flips_sign is a separate test.",Lion direction units; beta natural log; epoch and step
sc,19,500,S0588,30500,61,-15,0.198778223991394,0.767618480324745,-0.5688402416688,0.675401099811511,true,true,true,true,true,"`ctd1`, 6 runs, 100 ep | 500 records per seed. Strict domination means carrier sum exceeds the sum of absolute remaining terms; removal_flips_sign is a separate test.",Lion direction units; beta natural log; epoch and step
sc,19,500,S0588,30600,61.2,-15,0.138882066309452,0.763145062327385,-0.624262849444631,0.772674734028669,false,true,true,true,true,"`ctd1`, 6 runs, 100 ep | 500 records per seed. Strict domination means carrier sum exceeds the sum of absolute remaining terms; removal_flips_sign is a separate test.",Lion direction units; beta natural log; epoch and step
sc,19,500,S0588,30700,61.4,-15,0.173012146353722,0.771084898710251,-0.598072698763701,0.726516439020509,true,true,true,true,true,"`ctd1`, 6 runs, 100 ep | 500 records per seed. Strict domination means carrier sum exceeds the sum of absolute remaining terms; removal_flips_sign is a separate test.",Lion direction units; beta natural log; epoch and step
sc,19,500,S0588,30800,61.6,-15,0.158121848106384,0.768113744258881,-0.609991876163974,0.710952506838123,true,true,true,true,true,"`ctd1`, 6 runs, 100 ep | 500 records per seed. Strict domination means carrier sum exceeds the sum of absolute remaining terms; removal_flips_sign is a separate test.",Lion direction units; beta natural log; epoch and step
sc,19,500,S0588,30900,61.8,-15,0.175349272787571,0.784741076827049,-0.609391728737518,0.734480977294851,true,true,true,true,true,"`ctd1`, 6 runs, 100 ep | 500 records per seed. Strict domination means carrier sum exceeds the sum of absolute remaining terms; removal_flips_sign is a separate test.",Lion direction units; beta natural log; epoch and step
sc,19,500,S0588,31000,62,-15,0.156172892777249,0.780964736640453,-0.624791754656042,0.758068950386939,true,true,true,true,true,"`ctd1`, 6 runs, 100 ep | 500 records per seed. Strict domination means carrier sum exceeds the sum of absolute remaining terms; removal_flips_sign is a separate test.",Lion direction units; beta natural log; epoch and step
sc,19,500,S0588,31100,62.2,-15,0.186871735751629,0.791340284049511,-0.604468440522163,0.716871366022093,true,true,true,true,true,"`ctd1`, 6 runs, 100 ep | 500 records per seed. Strict domination means carrier sum exceeds the sum of absolute remaining terms; removal_flips_sign is a separate test.",Lion direction units; beta natural log; epoch and step
sc,19,500,S0588,31200,62.4,-15,0.163564619421959,0.776529949903488,-0.612965223036505,0.746363660821541,true,true,true,true,true,"`ctd1`, 6 runs, 100 ep | 500 records per seed. Strict domination means carrier sum exceeds the sum of absolute remaining terms; removal_flips_sign is a separate test.",Lion direction units; beta natural log; epoch and step
sc,19,500,S0588,31300,62.6,-15,0.173743739724159,0.772088217735291,-0.59834461626381,0.725218682924404,true,true,true,true,true,"`ctd1`, 6 runs, 100 ep | 500 records per seed. Strict domination means carrier sum exceeds the sum of absolute remaining terms; removal_flips_sign is a separate test.",Lion direction units; beta natural log; epoch and step
sc,19,500,S0588,31400,62.8,-15,0.154716373234987,0.775897569954395,-0.621181059703775,0.751444172052328,true,true,true,true,true,"`ctd1`, 6 runs, 100 ep | 500 records per seed. Strict domination means carrier sum exceeds the sum of absolute remaining terms; removal_flips_sign is a separate test.",Lion direction units; beta natural log; epoch and step
sc,19,500,S0588,31500,63,-15,0.154008780419827,0.776614455878735,-0.622605739765498,0.735164006953204,true,true,true,true,true,"`ctd1`, 6 runs, 100 ep | 500 records per seed. Strict domination means carrier sum exceeds the sum of absolute remaining terms; removal_flips_sign is a separate test.",Lion direction units; beta natural log; epoch and step
sc,19,500,S0588,31600,63.2,-15,0.14583358541131,0.748354034125805,-0.60252079697101,0.701858841624278,true,true,true,true,true,"`ctd1`, 6 runs, 100 ep | 500 records per seed. Strict domination means carrier sum exceeds the sum of absolute remaining terms; removal_flips_sign is a separate test.",Lion direction units; beta natural log; epoch and step
sc,19,500,S0588,31700,63.4,-15,0.149862167984247,0.779704105854034,-0.629842195735233,0.741164478664672,true,true,true,true,true,"`ctd1`, 6 runs, 100 ep | 500 records per seed. Strict domination means carrier sum exceeds the sum of absolute remaining terms; removal_flips_sign is a separate test.",Lion direction units; beta natural log; epoch and step
sc,19,500,S0588,31800,63.6,-15,0.112477764487267,0.75660669952631,-0.644128912779547,0.793423398571417,false,true,true,true,true,"`ctd1`, 6 runs, 100 ep | 500 records per seed. Strict domination means carrier sum exceeds the sum of absolute remaining terms; removal_flips_sign is a separate test.",Lion direction units; beta natural log; epoch and step
sc,19,500,S0588,31900,63.8,-15,0.138492222130299,0.770754960179329,-0.632262618820622,0.747259426594425,true,true,true,true,true,"`ctd1`, 6 runs, 100 ep | 500 records per seed. Strict domination means carrier sum exceeds the sum of absolute remaining terms; removal_flips_sign is a separate test.",Lion direction units; beta natural log; epoch and step
sc,19,500,S0588,32000,64,-15,0.190230104327202,0.791743616759777,-0.60151354044433,0.748442291645961,true,true,true,true,true,"`ctd1`, 6 runs, 100 ep | 500 records per seed. Strict domination means carrier sum exceeds the sum of absolute remaining terms; removal_flips_sign is a separate test.",Lion direction units; beta natural log; epoch and step
sc,19,500,S0588,32100,64.2,-15,0.171860498189926,0.763680675625801,-0.591820274174688,0.737785150568061,true,true,true,true,true,"`ctd1`, 6 runs, 100 ep | 500 records per seed. Strict domination means carrier sum exceeds the sum of absolute remaining terms; removal_flips_sign is a separate test.",Lion direction units; beta natural log; epoch and step
sc,19,500,S0588,32200,64.4,-15,0.158486403524876,0.776758514344692,-0.618272108119828,0.745347237172058,true,true,true,true,true,"`ctd1`, 6 runs, 100 ep | 500 records per seed. Strict domination means carrier sum exceeds the sum of absolute remaining terms; removal_flips_sign is a separate test.",Lion direction units; beta natural log; epoch and step
sc,19,500,S0588,32300,64.6,-15,0.168080346286297,0.769462087750435,-0.60138171134177,0.720791418056666,true,true,true,true,true,"`ctd1`, 6 runs, 100 ep | 500 records per seed. Strict domination means carrier sum exceeds the sum of absolute remaining terms; removal_flips_sign is a separate test.",Lion direction units; beta natural log; epoch and step
sc,19,500,S0588,32400,64.8,-15,0.164027556031942,0.77537048459053,-0.611342814984039,0.742055765237717,true,true,true,true,true,"`ctd1`, 6 runs, 100 ep | 500 records per seed. Strict domination means carrier sum exceeds the sum of absolute remaining terms; removal_flips_sign is a separate test.",Lion direction units; beta natural log; epoch and step
sc,19,500,S0588,32500,65,-15,0.15798654705286,0.780560137331486,-0.622573661237175,0.751142071264985,true,true,true,true,true,"`ctd1`, 6 runs, 100 ep | 500 records per seed. Strict domination means carrier sum exceeds the sum of absolute remaining terms; removal_flips_sign is a separate test.",Lion direction units; beta natural log; epoch and step
sc,19,500,S0588,32600,65.2,-15,0.162471099197865,0.773517522215843,-0.611046506325874,0.725745508049613,true,true,true,true,true,"`ctd1`, 6 runs, 100 ep | 500 records per seed. Strict domination means carrier sum exceeds the sum of absolute remaining terms; removal_flips_sign is a separate test.",Lion direction units; beta natural log; epoch and step
sc,19,500,S0588,32700,65.4,-15,0.167213490605354,0.774292467534542,-0.607078999626606,0.738982014263161,true,true,true,true,true,"`ctd1`, 6 runs, 100 ep | 500 records per seed. Strict domination means carrier sum exceeds the sum of absolute remaining terms; removal_flips_sign is a separate test.",Lion direction units; beta natural log; epoch and step
sc,19,500,S0588,32800,65.6,-15,0.181676191091537,0.800723265111446,-0.619047089476837,0.749512421767369,true,true,true,true,true,"`ctd1`, 6 runs, 100 ep | 500 records per seed. Strict domination means carrier sum exceeds the sum of absolute remaining terms; removal_flips_sign is a separate test.",Lion direction units; beta natural log; epoch and step
sc,19,500,S0588,32900,65.8,-15,0.174900974333286,0.752718813717365,-0.577817750042595,0.719038912548467,true,true,true,true,true,"`ctd1`, 6 runs, 100 ep | 500 records per seed. Strict domination means carrier sum exceeds the sum of absolute remaining terms; removal_flips_sign is a separate test.",Lion direction units; beta natural log; epoch and step
sc,19,500,S0588,33000,66,-15,0.134291811287403,0.760125008225441,-0.625833313156448,0.745535141941201,true,true,true,true,true,"`ctd1`, 6 runs, 100 ep | 500 records per seed. Strict domination means carrier sum exceeds the sum of absolute remaining terms; removal_flips_sign is a separate test.",Lion direction units; beta natural log; epoch and step
sc,19,500,S0588,33100,66.2,-15,0.144985142815858,0.76615627259016,-0.621171313160573,0.741339984086096,true,true,true,true,true,"`ctd1`, 6 runs, 100 ep | 500 records per seed. Strict domination means carrier sum exceeds the sum of absolute remaining terms; removal_flips_sign is a separate test.",Lion direction units; beta natural log; epoch and step
sc,19,500,S0588,33200,66.4,-15,0.165668517351151,0.774028542637825,-0.608360004181776,0.72536361851823,true,true,true,true,true,"`ctd1`, 6 runs, 100 ep | 500 records per seed. Strict domination means carrier sum exceeds the sum of absolute remaining terms; removal_flips_sign is a separate test.",Lion direction units; beta natural log; epoch and step
sc,19,500,S0588,33300,66.6,-15,0.165991482138634,0.774664041399956,-0.608672797696914,0.73620342580644,true,true,true,true,true,"`ctd1`, 6 runs, 100 ep | 500 records per seed. Strict domination means carrier sum exceeds the sum of absolute remaining terms; removal_flips_sign is a separate test.",Lion direction units; beta natural log; epoch and step
sc,19,500,S0588,33400,66.8,-15,0.159232948720455,0.763159427046776,-0.603926422479412,0.715224132519074,true,true,true,true,true,"`ctd1`, 6 runs, 100 ep | 500 records per seed. Strict domination means carrier sum exceeds the sum of absolute remaining terms; removal_flips_sign is a separate test.",Lion direction units; beta natural log; epoch and step
sc,19,500,S0588,33500,67,-15,0.184581929445267,0.779901970922947,-0.595319951328111,0.708920127022827,true,true,true,true,true,"`ctd1`, 6 runs, 100 ep | 500 records per seed. Strict domination means carrier sum exceeds the sum of absolute remaining terms; removal_flips_sign is a separate test.",Lion direction units; beta natural log; epoch and step
sc,19,500,S0588,33600,67.2,-15,0.156386086344719,0.787416923046112,-0.631030719566036,0.758944519074168,true,true,true,true,true,"`ctd1`, 6 runs, 100 ep | 500 records per seed. Strict domination means carrier sum exceeds the sum of absolute remaining terms; removal_flips_sign is a separate test.",Lion direction units; beta natural log; epoch and step
sc,19,500,S0588,33700,67.4,-15,0.157477733492851,0.773708087205887,-0.616230345078645,0.73788860344556,true,true,true,true,true,"`ctd1`, 6 runs, 100 ep | 500 records per seed. Strict domination means carrier sum exceeds the sum of absolute remaining terms; removal_flips_sign is a separate test.",Lion direction units; beta natural log; epoch and step
sc,19,500,S0588,33800,67.6,-15,0.134866822510958,0.767276427149773,-0.632409594312384,0.7599976289837,true,true,true,true,true,"`ctd1`, 6 runs, 100 ep | 500 records per seed. Strict domination means carrier sum exceeds the sum of absolute remaining terms; removal_flips_sign is a separate test.",Lion direction units; beta natural log; epoch and step
sc,19,500,S0588,33900,67.8,-15,0.166101379692554,0.76747363358736,-0.601372400464197,0.722396307518511,true,true,true,true,true,"`ctd1`, 6 runs, 100 ep | 500 records per seed. Strict domination means carrier sum exceeds the sum of absolute remaining terms; removal_flips_sign is a separate test.",Lion direction units; beta natural log; epoch and step
sc,19,500,S0588,34000,68,-15,0.168809036910534,0.765393003821373,-0.596584116310851,0.760648085686853,true,true,true,true,true,"`ctd1`, 6 runs, 100 ep | 500 records per seed. Strict domination means carrier sum exceeds the sum of absolute remaining terms; removal_flips_sign is a separate test.",Lion direction units; beta natural log; epoch and step
sc,19,500,S0588,34100,68.2,-15,0.170189979672432,0.765253709256649,-0.595063861008123,0.707031323934154,true,true,true,true,true,"`ctd1`, 6 runs, 100 ep | 500 records per seed. Strict domination means carrier sum exceeds the sum of absolute remaining terms; removal_flips_sign is a separate test.",Lion direction units; beta natural log; epoch and step
sc,19,500,S0588,34200,68.4,-15,0.161647260189056,0.771316154301167,-0.609668864582659,0.731643338452182,true,true,true,true,true,"`ctd1`, 6 runs, 100 ep | 500 records per seed. Strict domination means carrier sum exceeds the sum of absolute remaining terms; removal_flips_sign is a separate test.",Lion direction units; beta natural log; epoch and step
sc,19,500,S0588,34300,68.6,-15,0.15948644131422,0.765798483788967,-0.606312107151047,0.712291594299626,true,true,true,true,true,"`ctd1`, 6 runs, 100 ep | 500 records per seed. Strict domination means carrier sum exceeds the sum of absolute remaining terms; removal_flips_sign is a separate test.",Lion direction units; beta natural log; epoch and step
sc,19,500,S0588,34400,68.8,-15,0.155703528225422,0.774841639399529,-0.619138325255869,0.736666706060521,true,true,true,true,true,"`ctd1`, 6 runs, 100 ep | 500 records per seed. Strict domination means carrier sum exceeds the sum of absolute remaining terms; removal_flips_sign is a separate test.",Lion direction units; beta natural log; epoch and step
sc,19,500,S0588,34500,69,-15,0.14425195120275,0.763474404811859,-0.619222462004473,0.758272438053245,true,true,true,true,true,"`ctd1`, 6 runs, 100 ep | 500 records per seed. Strict domination means carrier sum exceeds the sum of absolute remaining terms; removal_flips_sign is a separate test.",Lion direction units; beta natural log; epoch and step
sc,19,500,S0588,34600,69.2,-15,0.165848641842604,0.786411459743977,-0.620562896284406,0.747119992109259,true,true,true,true,true,"`ctd1`, 6 runs, 100 ep | 500 records per seed. Strict domination means carrier sum exceeds the sum of absolute remaining terms; removal_flips_sign is a separate test.",Lion direction units; beta natural log; epoch and step
sc,19,500,S0588,34700,69.4,-15,0.155432829260826,0.772489175200462,-0.617056404569109,0.740612296850111,true,true,true,true,true,"`ctd1`, 6 runs, 100 ep | 500 records per seed. Strict domination means carrier sum exceeds the sum of absolute remaining terms; removal_flips_sign is a separate test.",Lion direction units; beta natural log; epoch and step
sc,19,500,S0588,34800,69.6,-15,0.144977972609922,0.767861931025982,-0.622883935207985,0.739214287701383,true,true,true,true,true,"`ctd1`, 6 runs, 100 ep | 500 records per seed. Strict domination means carrier sum exceeds the sum of absolute remaining terms; removal_flips_sign is a separate test.",Lion direction units; beta natural log; epoch and step
sc,19,500,S0588,34900,69.8,-15,0.163551004230976,0.764508254826069,-0.600957073907881,0.734558156970849,true,true,true,true,true,"`ctd1`, 6 runs, 100 ep | 500 records per seed. Strict domination means carrier sum exceeds the sum of absolute remaining terms; removal_flips_sign is a separate test.",Lion direction units; beta natural log; epoch and step
sc,19,500,S0588,35000,70,-15,0.156528486311436,0.773993998765945,-0.617465315666874,0.733671080317078,true,true,true,true,true,"`ctd1`, 6 runs, 100 ep | 500 records per seed. Strict domination means carrier sum exceeds the sum of absolute remaining terms; removal_flips_sign is a separate test.",Lion direction units; beta natural log; epoch and step
sc,19,500,S0588,35100,70.2,-15,0.174573008716106,0.781245867908001,-0.606672924055439,0.72731399668871,true,true,true,true,true,"`ctd1`, 6 runs, 100 ep | 500 records per seed. Strict domination means carrier sum exceeds the sum of absolute remaining terms; removal_flips_sign is a separate test.",Lion direction units; beta natural log; epoch and step
sc,19,500,S0588,35200,70.4,-15,0.142123241908848,0.773466399312019,-0.631343237353013,0.743681893256206,true,true,true,true,true,"`ctd1`, 6 runs, 100 ep | 500 records per seed. Strict domination means carrier sum exceeds the sum of absolute remaining terms; removal_flips_sign is a separate test.",Lion direction units; beta natural log; epoch and step
sc,19,500,S0588,35300,70.6,-15,0.143485103384592,0.791948133707047,-0.648463182695303,0.777874408777751,true,true,true,true,true,"`ctd1`, 6 runs, 100 ep | 500 records per seed. Strict domination means carrier sum exceeds the sum of absolute remaining terms; removal_flips_sign is a separate test.",Lion direction units; beta natural log; epoch and step
sc,19,500,S0588,35400,70.8,-15,0.162797312438488,0.766795994341373,-0.603998755450658,0.724719796248809,true,true,true,true,true,"`ctd1`, 6 runs, 100 ep | 500 records per seed. Strict domination means carrier sum exceeds the sum of absolute remaining terms; removal_flips_sign is a separate test.",Lion direction units; beta natural log; epoch and step
sc,19,500,S0588,35500,71,-15,0.167862936854362,0.76499305665493,-0.597130270177297,0.721313658125621,true,true,true,true,true,"`ctd1`, 6 runs, 100 ep | 500 records per seed. Strict domination means carrier sum exceeds the sum of absolute remaining terms; removal_flips_sign is a separate test.",Lion direction units; beta natural log; epoch and step
sc,19,500,S0588,35600,71.2,-15,0.169476161897182,0.771453721821308,-0.601977740440293,0.726871064655302,true,true,true,true,true,"`ctd1`, 6 runs, 100 ep | 500 records per seed. Strict domination means carrier sum exceeds the sum of absolute remaining terms; removal_flips_sign is a separate test.",Lion direction units; beta natural log; epoch and step
sc,19,500,S0588,35700,71.4,-15,0.143102245032787,0.779330456256866,-0.636228185450966,0.777103414139867,true,true,true,true,true,"`ctd1`, 6 runs, 100 ep | 500 records per seed. Strict domination means carrier sum exceeds the sum of absolute remaining terms; removal_flips_sign is a separate test.",Lion direction units; beta natural log; epoch and step
sc,19,500,S0588,35800,71.6,-15,0.144185032323003,0.776205456256867,-0.632020680465222,0.748194473957948,true,true,true,true,true,"`ctd1`, 6 runs, 100 ep | 500 records per seed. Strict domination means carrier sum exceeds the sum of absolute remaining terms; removal_flips_sign is a separate test.",Lion direction units; beta natural log; epoch and step
sc,19,500,S0588,35900,71.8,-15,0.144175642728806,0.748432189226151,-0.604256669801055,0.719007899745577,true,true,true,true,true,"`ctd1`, 6 runs, 100 ep | 500 records per seed. Strict domination means carrier sum exceeds the sum of absolute remaining terms; removal_flips_sign is a separate test.",Lion direction units; beta natural log; epoch and step
sc,19,500,S0588,36000,72,-15,0.176217061281204,0.772469234466553,-0.596252403699771,0.725707141869577,true,true,true,true,true,"`ctd1`, 6 runs, 100 ep | 500 records per seed. Strict domination means carrier sum exceeds the sum of absolute remaining terms; removal_flips_sign is a separate test.",Lion direction units; beta natural log; epoch and step
sc,19,500,S0588,36100,72.2,-15,0.158948877453804,0.773239463567734,-0.614290680660542,0.726990583313159,true,true,true,true,true,"`ctd1`, 6 runs, 100 ep | 500 records per seed. Strict domination means carrier sum exceeds the sum of absolute remaining terms; removal_flips_sign is a separate test.",Lion direction units; beta natural log; epoch and step
sc,19,500,S0588,36200,72.4,-15,0.175212839245796,0.776095472276211,-0.600882686727328,0.723976700966551,true,true,true,true,true,"`ctd1`, 6 runs, 100 ep | 500 records per seed. Strict domination means carrier sum exceeds the sum of absolute remaining terms; removal_flips_sign is a separate test.",Lion direction units; beta natural log; epoch and step
sc,19,500,S0588,36300,72.6,-15,0.14442882090807,0.759730392694473,-0.615301662158328,0.752058750054294,true,true,true,true,true,"`ctd1`, 6 runs, 100 ep | 500 records per seed. Strict domination means carrier sum exceeds the sum of absolute remaining terms; removal_flips_sign is a separate test.",Lion direction units; beta natural log; epoch and step
sc,19,500,S0588,36400,72.8,-15,0.14800311216386,0.742259499430656,-0.594256473122107,0.698393954593314,true,true,true,true,true,"`ctd1`, 6 runs, 100 ep | 500 records per seed. Strict domination means carrier sum exceeds the sum of absolute remaining terms; removal_flips_sign is a separate test.",Lion direction units; beta natural log; epoch and step
sc,19,500,S0588,36500,73,-15,0.158997958898544,0.771335896849632,-0.612338059791898,0.723916111000187,true,true,true,true,true,"`ctd1`, 6 runs, 100 ep | 500 records per seed. Strict domination means carrier sum exceeds the sum of absolute remaining terms; removal_flips_sign is a separate test.",Lion direction units; beta natural log; epoch and step
sc,19,500,S0588,36600,73.2,-15,0.153541843593121,0.761621417105198,-0.60807974179632,0.739185135003657,true,true,true,true,true,"`ctd1`, 6 runs, 100 ep | 500 records per seed. Strict domination means carrier sum exceeds the sum of absolute remaining terms; removal_flips_sign is a separate test.",Lion direction units; beta natural log; epoch and step
sc,19,500,S0588,36700,73.4,-15,0.169324760138989,0.757745358347893,-0.588420626898846,0.728768886458533,true,true,true,true,true,"`ctd1`, 6 runs, 100 ep | 500 records per seed. Strict domination means carrier sum exceeds the sum of absolute remaining terms; removal_flips_sign is a separate test.",Lion direction units; beta natural log; epoch and step
sc,19,500,S0588,36800,73.6,-15,0.135671524703503,0.764657591283321,-0.62898606020425,0.753239146731437,true,true,true,true,true,"`ctd1`, 6 runs, 100 ep | 500 records per seed. Strict domination means carrier sum exceeds the sum of absolute remaining terms; removal_flips_sign is a separate test.",Lion direction units; beta natural log; epoch and step
sc,19,500,S0588,36900,73.8,-15,0.178445784747601,0.769174757599831,-0.590728920837489,0.70907826216436,true,true,true,true,true,"`ctd1`, 6 runs, 100 ep | 500 records per seed. Strict domination means carrier sum exceeds the sum of absolute remaining terms; removal_flips_sign is a separate test.",Lion direction units; beta natural log; epoch and step
sc,19,500,S0588,37000,74,-15,0.221993981301784,0.792699864506721,-0.570705851482921,0.680928056651442,true,true,true,true,true,"`ctd1`, 6 runs, 100 ep | 500 records per seed. Strict domination means carrier sum exceeds the sum of absolute remaining terms; removal_flips_sign is a separate test.",Lion direction units; beta natural log; epoch and step
sc,19,500,S0588,37100,74.2,-15,0.17754420787096,0.780679257214069,-0.603135111453901,0.708782749913132,true,true,true,true,true,"`ctd1`, 6 runs, 100 ep | 500 records per seed. Strict domination means carrier sum exceeds the sum of absolute remaining terms; removal_flips_sign is a separate test.",Lion direction units; beta natural log; epoch and step
sc,19,500,S0588,37200,74.4,-15,0.184966252744198,0.772172278165817,-0.587205894725977,0.716465284620264,true,true,true,true,true,"`ctd1`, 6 runs, 100 ep | 500 records per seed. Strict domination means carrier sum exceeds the sum of absolute remaining terms; removal_flips_sign is a separate test.",Lion direction units; beta natural log; epoch and step
sc,19,500,S0588,37300,74.6,-15,0.138378784665838,0.768960104882717,-0.630581304175763,0.752394276969,true,true,true,true,true,"`ctd1`, 6 runs, 100 ep | 500 records per seed. Strict domination means carrier sum exceeds the sum of absolute remaining terms; removal_flips_sign is a separate test.",Lion direction units; beta natural log; epoch and step
sc,19,500,S0588,37400,74.8,-15,0.170634964108467,0.768643499910831,-0.5980080920776,0.708774434164718,true,true,true,true,true,"`ctd1`, 6 runs, 100 ep | 500 records per seed. Strict domination means carrier sum exceeds the sum of absolute remaining terms; removal_flips_sign is a separate test.",Lion direction units; beta natural log; epoch and step
sc,19,500,S0588,37500,75,-15,0.170866067707539,0.747703690826893,-0.576837459377566,0.702223366628232,true,true,true,true,true,"`ctd1`, 6 runs, 100 ep | 500 records per seed. Strict domination means carrier sum exceeds the sum of absolute remaining terms; removal_flips_sign is a separate test.",Lion direction units; beta natural log; epoch and step
sc,19,500,S0588,37600,75.2,-15,0.149789462983608,0.756522513926029,-0.606733032792687,0.724779213181915,true,true,true,true,true,"`ctd1`, 6 runs, 100 ep | 500 records per seed. Strict domination means carrier sum exceeds the sum of absolute remaining terms; removal_flips_sign is a separate test.",Lion direction units; beta natural log; epoch and step
sc,19,500,S0588,37700,75.4,-15,0.17168193757534,0.782569551467896,-0.61088744690087,0.758705847035526,true,true,true,true,true,"`ctd1`, 6 runs, 100 ep | 500 records per seed. Strict domination means carrier sum exceeds the sum of absolute remaining terms; removal_flips_sign is a separate test.",Lion direction units; beta natural log; epoch and step
sc,19,500,S0588,37800,75.6,-15,0.194640420377254,0.795605657994747,-0.600965068750867,0.722263215248978,true,true,true,true,true,"`ctd1`, 6 runs, 100 ep | 500 records per seed. Strict domination means carrier sum exceeds the sum of absolute remaining terms; removal_flips_sign is a separate test.",Lion direction units; beta natural log; epoch and step
sc,19,500,S0588,37900,75.8,-15,0.187964159250259,0.783425576984882,-0.595461386542408,0.716825052954144,true,true,true,true,true,"`ctd1`, 6 runs, 100 ep | 500 records per seed. Strict domination means carrier sum exceeds the sum of absolute remaining terms; removal_flips_sign is a separate test.",Lion direction units; beta natural log; epoch and step
sc,19,500,S0588,38000,76,-15,0.147117099165916,0.758874841034412,-0.611757766845074,0.728608305765044,true,true,true,true,true,"`ctd1`, 6 runs, 100 ep | 500 records per seed. Strict domination means carrier sum exceeds the sum of absolute remaining terms; removal_flips_sign is a separate test.",Lion direction units; beta natural log; epoch and step
sc,19,500,S0588,38100,76.2,-15,0.133909569261596,0.769616794586182,-0.635707236870223,0.758117787790809,true,true,true,true,true,"`ctd1`, 6 runs, 100 ep | 500 records per seed. Strict domination means carrier sum exceeds the sum of absolute remaining terms; removal_flips_sign is a separate test.",Lion direction units; beta natural log; epoch and step
sc,19,500,S0588,38200,76.4,-15,0.146650850214064,0.756102266907692,-0.609451387466981,0.74735215073739,true,true,true,true,true,"`ctd1`, 6 runs, 100 ep | 500 records per seed. Strict domination means carrier sum exceeds the sum of absolute remaining terms; removal_flips_sign is a separate test.",Lion direction units; beta natural log; epoch and step
sc,19,500,S0588,38300,76.6,-15,0.15820014923811,0.779256343841553,-0.621056441158814,0.73699031804459,true,true,true,true,true,"`ctd1`, 6 runs, 100 ep | 500 records per seed. Strict domination means carrier sum exceeds the sum of absolute remaining terms; removal_flips_sign is a separate test.",Lion direction units; beta natural log; epoch and step
sc,19,500,S0588,38400,76.8,-15,0.176516239345074,0.769945839047432,-0.593429754075686,0.703530458451138,true,true,true,true,true,"`ctd1`, 6 runs, 100 ep | 500 records per seed. Strict domination means carrier sum exceeds the sum of absolute remaining terms; removal_flips_sign is a separate test.",Lion direction units; beta natural log; epoch and step
sc,19,500,S0588,38500,77,-15,0.128034489601851,0.755821079015732,-0.627786466365637,0.749195140544703,true,true,true,true,true,"`ctd1`, 6 runs, 100 ep | 500 records per seed. Strict domination means carrier sum exceeds the sum of absolute remaining terms; removal_flips_sign is a separate test.",Lion direction units; beta natural log; epoch and step
sc,19,500,S0588,38600,77.2,-15,0.154515306279063,0.76041174530983,-0.605896446654276,0.711491455198609,true,true,true,true,true,"`ctd1`, 6 runs, 100 ep | 500 records per seed. Strict domination means carrier sum exceeds the sum of absolute remaining terms; removal_flips_sign is a separate test.",Lion direction units; beta natural log; epoch and step
sc,19,500,S0588,38700,77.4,-15,0.165191294252872,0.777233481407166,-0.612042277957886,0.726577204403594,true,true,true,true,true,"`ctd1`, 6 runs, 100 ep | 500 records per seed. Strict domination means carrier sum exceeds the sum of absolute remaining terms; removal_flips_sign is a separate test.",Lion direction units; beta natural log; epoch and step
sc,19,500,S0588,38800,77.6,-15,0.166854508221149,0.770341317355633,-0.603486765948048,0.723432465015787,true,true,true,true,true,"`ctd1`, 6 runs, 100 ep | 500 records per seed. Strict domination means carrier sum exceeds the sum of absolute remaining terms; removal_flips_sign is a separate test.",Lion direction units; beta natural log; epoch and step
sc,19,500,S0588,38900,77.8,-15,0.16720959842205,0.759320031106472,-0.592110404195773,0.724682925100478,true,true,true,true,true,"`ctd1`, 6 runs, 100 ep | 500 records per seed. Strict domination means carrier sum exceeds the sum of absolute remaining terms; removal_flips_sign is a separate test.",Lion direction units; beta natural log; epoch and step
sc,19,500,S0588,39000,78,-15,0.13813436999917,0.766736333072185,-0.628601971856787,0.753221056412494,true,true,true,true,true,"`ctd1`, 6 runs, 100 ep | 500 records per seed. Strict domination means carrier sum exceeds the sum of absolute remaining terms; removal_flips_sign is a separate test.",Lion direction units; beta natural log; epoch and step
sc,19,500,S0588,39100,78.2,-15,0.16287318947725,0.770433959364891,-0.607560719470695,0.77460279700361,false,true,true,true,true,"`ctd1`, 6 runs, 100 ep | 500 records per seed. Strict domination means carrier sum exceeds the sum of absolute remaining terms; removal_flips_sign is a separate test.",Lion direction units; beta natural log; epoch and step
sc,19,500,S0588,39200,78.4,-15,0.172830848395824,0.778579245507717,-0.60574842736562,0.728695705293808,true,true,true,true,true,"`ctd1`, 6 runs, 100 ep | 500 records per seed. Strict domination means carrier sum exceeds the sum of absolute remaining terms; removal_flips_sign is a separate test.",Lion direction units; beta natural log; epoch and step
sc,19,500,S0588,39300,78.6,-15,0.169199091754854,0.767431658506393,-0.598232772606991,0.71106953573277,true,true,true,true,true,"`ctd1`, 6 runs, 100 ep | 500 records per seed. Strict domination means carrier sum exceeds the sum of absolute remaining terms; removal_flips_sign is a separate test.",Lion direction units; beta natural log; epoch and step
sc,19,500,S0588,39400,78.8,-15,0.127251242846251,0.774533964693546,-0.647282778800286,0.784311957861951,false,true,true,true,true,"`ctd1`, 6 runs, 100 ep | 500 records per seed. Strict domination means carrier sum exceeds the sum of absolute remaining terms; removal_flips_sign is a separate test.",Lion direction units; beta natural log; epoch and step
sc,19,500,S0588,39500,79,-15,0.149318200349808,0.781957511603832,-0.632639372790439,0.753376872954456,true,true,true,true,true,"`ctd1`, 6 runs, 100 ep | 500 records per seed. Strict domination means carrier sum exceeds the sum of absolute remaining terms; removal_flips_sign is a separate test.",Lion direction units; beta natural log; epoch and step
sc,19,500,S0588,39600,79.2,-15,0.184792663156986,0.785543349385261,-0.60075072048997,0.724940938281753,true,true,true,true,true,"`ctd1`, 6 runs, 100 ep | 500 records per seed. Strict domination means carrier sum exceeds the sum of absolute remaining terms; removal_flips_sign is a separate test.",Lion direction units; beta natural log; epoch and step
sc,19,500,S0588,39700,79.4,-15,0.14587243758142,0.780864642560482,-0.634992215740857,0.773705662750734,true,true,true,true,true,"`ctd1`, 6 runs, 100 ep | 500 records per seed. Strict domination means carrier sum exceeds the sum of absolute remaining terms; removal_flips_sign is a separate test.",Lion direction units; beta natural log; epoch and step
sc,19,500,S0588,39800,79.6,-15,0.190637364983559,0.766959565877914,-0.576322170863341,0.696218451697405,true,true,true,true,true,"`ctd1`, 6 runs, 100 ep | 500 records per seed. Strict domination means carrier sum exceeds the sum of absolute remaining terms; removal_flips_sign is a separate test.",Lion direction units; beta natural log; epoch and step
sc,19,500,S0588,39900,79.8,-15,0.156811252236366,0.747848951816559,-0.591037592948675,0.708707509383663,true,true,true,true,true,"`ctd1`, 6 runs, 100 ep | 500 records per seed. Strict domination means carrier sum exceeds the sum of absolute remaining terms; removal_flips_sign is a separate test.",Lion direction units; beta natural log; epoch and step
sc,19,500,S0588,40000,80,-15,0.185436409711838,0.757873493432999,-0.572436951507495,0.686145604151523,true,true,true,true,true,"`ctd1`, 6 runs, 100 ep | 500 records per seed. Strict domination means carrier sum exceeds the sum of absolute remaining terms; removal_flips_sign is a separate test.",Lion direction units; beta natural log; epoch and step
sc,19,500,S0588,40100,80.2,-15,0.169463824480772,0.789689286053181,-0.620225249785403,0.751644234046125,true,true,true,true,true,"`ctd1`, 6 runs, 100 ep | 500 records per seed. Strict domination means carrier sum exceeds the sum of absolute remaining terms; removal_flips_sign is a separate test.",Lion direction units; beta natural log; epoch and step
sc,19,500,S0588,40200,80.4,-15,0.161037472635508,0.77547307908535,-0.614435653533371,0.724550694624384,true,true,true,true,true,"`ctd1`, 6 runs, 100 ep | 500 records per seed. Strict domination means carrier sum exceeds the sum of absolute remaining terms; removal_flips_sign is a separate test.",Lion direction units; beta natural log; epoch and step
sc,19,500,S0588,40300,80.6,-15,0.154483968019485,0.759437054395676,-0.604953051734952,0.716178512942832,true,true,true,true,true,"`ctd1`, 6 runs, 100 ep | 500 records per seed. Strict domination means carrier sum exceeds the sum of absolute remaining terms; removal_flips_sign is a separate test.",Lion direction units; beta natural log; epoch and step
sc,19,500,S0588,40400,80.8,-15,0.148515515774488,0.755586613714695,-0.607071169169973,0.734679419013361,true,true,true,true,true,"`ctd1`, 6 runs, 100 ep | 500 records per seed. Strict domination means carrier sum exceeds the sum of absolute remaining terms; removal_flips_sign is a separate test.",Lion direction units; beta natural log; epoch and step
sc,19,500,S0588,40500,81,-15,0.178134143352509,0.764209640026092,-0.586075497567231,0.748117056796923,true,true,true,true,true,"`ctd1`, 6 runs, 100 ep | 500 records per seed. Strict domination means carrier sum exceeds the sum of absolute remaining terms; removal_flips_sign is a separate test.",Lion direction units; beta natural log; epoch and step
sc,19,500,S0588,40600,81.2,-15,0.174599446356297,0.780763702094555,-0.606164289286835,0.725368661031439,true,true,true,true,true,"`ctd1`, 6 runs, 100 ep | 500 records per seed. Strict domination means carrier sum exceeds the sum of absolute remaining terms; removal_flips_sign is a separate test.",Lion direction units; beta natural log; epoch and step
sc,19,500,S0588,40700,81.4,-15,0.141564214788377,0.763931259512901,-0.622367053955531,0.761038135094896,true,true,true,true,true,"`ctd1`, 6 runs, 100 ep | 500 records per seed. Strict domination means carrier sum exceeds the sum of absolute remaining terms; removal_flips_sign is a separate test.",Lion direction units; beta natural log; epoch and step
sc,19,500,S0588,40800,81.6,-15,0.167219561338425,0.765659345686436,-0.598439864139618,0.728425341735851,true,true,true,true,true,"`ctd1`, 6 runs, 100 ep | 500 records per seed. Strict domination means carrier sum exceeds the sum of absolute remaining terms; removal_flips_sign is a separate test.",Lion direction units; beta natural log; epoch and step
sc,19,500,S0588,40900,81.8,-15,0.166746354103088,0.777488246560097,-0.610741990152732,0.744616983867135,true,true,true,true,true,"`ctd1`, 6 runs, 100 ep | 500 records per seed. Strict domination means carrier sum exceeds the sum of absolute remaining terms; removal_flips_sign is a separate test.",Lion direction units; beta natural log; epoch and step
sc,19,500,S0588,41000,82,-15,0.186726477742195,0.780701498687267,-0.593975015964736,0.717894721866719,true,true,true,true,true,"`ctd1`, 6 runs, 100 ep | 500 records per seed. Strict domination means carrier sum exceeds the sum of absolute remaining terms; removal_flips_sign is a separate test.",Lion direction units; beta natural log; epoch and step
sc,19,500,S0588,41100,82.2,-15,0.174462860822678,0.76579632461071,-0.591333460259608,0.721755408305893,true,true,true,true,true,"`ctd1`, 6 runs, 100 ep | 500 records per seed. Strict domination means carrier sum exceeds the sum of absolute remaining terms; removal_flips_sign is a separate test.",Lion direction units; beta natural log; epoch and step
sc,19,500,S0588,41200,82.4,-15,0.172785153985024,0.771152126789093,-0.598367016841087,0.711140748464379,true,true,true,true,true,"`ctd1`, 6 runs, 100 ep | 500 records per seed. Strict domination means carrier sum exceeds the sum of absolute remaining terms; removal_flips_sign is a separate test.",Lion direction units; beta natural log; epoch and step
sc,19,500,S0588,41300,82.6,-15,0.186102765798569,0.782431587576866,-0.596328822961175,0.725151646746224,true,true,true,true,true,"`ctd1`, 6 runs, 100 ep | 500 records per seed. Strict domination means carrier sum exceeds the sum of absolute remaining terms; removal_flips_sign is a separate test.",Lion direction units; beta natural log; epoch and step
sc,19,500,S0588,41400,82.8,-15,0.159396530687809,0.762807156145573,-0.603410405833108,0.705292774729003,true,true,true,true,true,"`ctd1`, 6 runs, 100 ep | 500 records per seed. Strict domination means carrier sum exceeds the sum of absolute remaining terms; removal_flips_sign is a separate test.",Lion direction units; beta natural log; epoch and step
sc,19,500,S0588,41500,83,-15,0.178087981045246,0.771150068938732,-0.593062071651801,0.719151493690927,true,true,true,true,true,"`ctd1`, 6 runs, 100 ep | 500 records per seed. Strict domination means carrier sum exceeds the sum of absolute remaining terms; removal_flips_sign is a separate test.",Lion direction units; beta natural log; epoch and step
sc,19,500,S0588,41600,83.2,-15,0.178658126294613,0.773828615248203,-0.595170310918957,0.722468762230392,true,true,true,true,true,"`ctd1`, 6 runs, 100 ep | 500 records per seed. Strict domination means carrier sum exceeds the sum of absolute remaining terms; removal_flips_sign is a separate test.",Lion direction units; beta natural log; epoch and step
sc,19,500,S0588,41700,83.4,-15,0.159880174696445,0.75943288654089,-0.599552510877675,0.75231598094424,true,true,true,true,true,"`ctd1`, 6 runs, 100 ep | 500 records per seed. Strict domination means carrier sum exceeds the sum of absolute remaining terms; removal_flips_sign is a separate test.",Lion direction units; beta natural log; epoch and step
sc,19,500,S0588,41800,83.6,-15,0.137471538968384,0.776375108957291,-0.638903538729619,0.764161108834423,true,true,true,true,true,"`ctd1`, 6 runs, 100 ep | 500 records per seed. Strict domination means carrier sum exceeds the sum of absolute remaining terms; removal_flips_sign is a separate test.",Lion direction units; beta natural log; epoch and step
sc,19,500,S0588,41900,83.8,-15,0.152985260635614,0.750597690045834,-0.597612571721555,0.718365720472838,true,true,true,true,true,"`ctd1`, 6 runs, 100 ep | 500 records per seed. Strict domination means carrier sum exceeds the sum of absolute remaining terms; removal_flips_sign is a separate test.",Lion direction units; beta natural log; epoch and step
sc,19,500,S0588,42000,84,-15,0.137634331546724,0.764694629609585,-0.627060577198415,0.732752854149101,true,true,true,true,true,"`ctd1`, 6 runs, 100 ep | 500 records per seed. Strict domination means carrier sum exceeds the sum of absolute remaining terms; removal_flips_sign is a separate test.",Lion direction units; beta natural log; epoch and step
sc,19,500,S0588,42100,84.2,-15,0.172579412162304,0.770125150680542,-0.597545737474096,0.729413477141682,true,true,true,true,true,"`ctd1`, 6 runs, 100 ep | 500 records per seed. Strict domination means carrier sum exceeds the sum of absolute remaining terms; removal_flips_sign is a separate test.",Lion direction units; beta natural log; epoch and step
sc,19,500,S0588,42200,84.4,-15,0.16850577890873,0.784367451071739,-0.615861766024329,0.751587919747942,true,true,true,true,true,"`ctd1`, 6 runs, 100 ep | 500 records per seed. Strict domination means carrier sum exceeds the sum of absolute remaining terms; removal_flips_sign is a separate test.",Lion direction units; beta natural log; epoch and step
sc,19,500,S0588,42300,84.6,-15,0.1512097209692,0.772577832639217,-0.621367972665905,0.728694754403966,true,true,true,true,true,"`ctd1`, 6 runs, 100 ep | 500 records per seed. Strict domination means carrier sum exceeds the sum of absolute remaining terms; removal_flips_sign is a separate test.",Lion direction units; beta natural log; epoch and step
sc,19,500,S0588,42400,84.8,-15,0.140803211182356,0.777458836138249,-0.636655547183099,0.755071586905015,true,true,true,true,true,"`ctd1`, 6 runs, 100 ep | 500 records per seed. Strict domination means carrier sum exceeds the sum of absolute remaining terms; removal_flips_sign is a separate test.",Lion direction units; beta natural log; epoch and step
sc,19,500,S0588,42500,85,-15,0.155132602155209,0.781213612854481,-0.626080814348197,0.742015031658971,true,true,true,true,true,"`ctd1`, 6 runs, 100 ep | 500 records per seed. Strict domination means carrier sum exceeds the sum of absolute remaining terms; removal_flips_sign is a separate test.",Lion direction units; beta natural log; epoch and step
sc,19,500,S0588,42600,85.2,-15,0.159594018757343,0.765323781967163,-0.605729731710574,0.732288463737336,true,true,true,true,true,"`ctd1`, 6 runs, 100 ep | 500 records per seed. Strict domination means carrier sum exceeds the sum of absolute remaining terms; removal_flips_sign is a separate test.",Lion direction units; beta natural log; epoch and step
sc,19,500,S0588,42700,85.4,-15,0.144900983572006,0.772931654751301,-0.62803079197803,0.751414039174587,true,true,true,true,true,"`ctd1`, 6 runs, 100 ep | 500 records per seed. Strict domination means carrier sum exceeds the sum of absolute remaining terms; removal_flips_sign is a separate test.",Lion direction units; beta natural log; epoch and step
sc,19,500,S0588,42800,85.6,-15,0.124316297471523,0.763045218586922,-0.638729163649754,0.766606615978145,false,true,true,true,true,"`ctd1`, 6 runs, 100 ep | 500 records per seed. Strict domination means carrier sum exceeds the sum of absolute remaining terms; removal_flips_sign is a separate test.",Lion direction units; beta natural log; epoch and step
sc,19,500,S0588,42900,85.8,-15,0.173155188560486,0.773007309436798,-0.599852238709161,0.720745379090647,true,true,true,true,true,"`ctd1`, 6 runs, 100 ep | 500 records per seed. Strict domination means carrier sum exceeds the sum of absolute remaining terms; removal_flips_sign is a separate test.",Lion direction units; beta natural log; epoch and step
sc,19,500,S0588,43000,86,-15,0.160970206558704,0.772496029734612,-0.611525802169774,0.723369626009219,true,true,true,true,true,"`ctd1`, 6 runs, 100 ep | 500 records per seed. Strict domination means carrier sum exceeds the sum of absolute remaining terms; removal_flips_sign is a separate test.",Lion direction units; beta natural log; epoch and step
sc,19,500,S0588,43100,86.2,-15,0.161481530964375,0.780253952741623,-0.618772376845698,0.765990786093141,true,true,true,true,true,"`ctd1`, 6 runs, 100 ep | 500 records per seed. Strict domination means carrier sum exceeds the sum of absolute remaining terms; removal_flips_sign is a separate test.",Lion direction units; beta natural log; epoch and step
sc,19,500,S0588,43200,86.4,-15,0.183885003626347,0.76895053088665,-0.585065675344117,0.698136567676806,true,true,true,true,true,"`ctd1`, 6 runs, 100 ep | 500 records per seed. Strict domination means carrier sum exceeds the sum of absolute remaining terms; removal_flips_sign is a separate test.",Lion direction units; beta natural log; epoch and step
sc,19,500,S0588,43300,86.6,-15,0.190140433609486,0.784731084108353,-0.594590886716367,0.700745555230412,true,true,true,true,true,"`ctd1`, 6 runs, 100 ep | 500 records per seed. Strict domination means carrier sum exceeds the sum of absolute remaining terms; removal_flips_sign is a separate test.",Lion direction units; beta natural log; epoch and step
sc,19,500,S0588,43400,86.8,-15,0.156755445897579,0.743764582276344,-0.587009231924139,0.696127816654007,true,true,true,true,true,"`ctd1`, 6 runs, 100 ep | 500 records per seed. Strict domination means carrier sum exceeds the sum of absolute remaining terms; removal_flips_sign is a separate test.",Lion direction units; beta natural log; epoch and step
sc,19,500,S0588,43500,87,-15,0.190132936835289,0.756984752416611,-0.566851794796088,0.67001960425917,true,true,true,true,true,"`ctd1`, 6 runs, 100 ep | 500 records per seed. Strict domination means carrier sum exceeds the sum of absolute remaining terms; removal_flips_sign is a separate test.",Lion direction units; beta natural log; epoch and step
sc,19,500,S0588,43600,87.2,-15,0.186755971610546,0.768090748786926,-0.581334542002727,0.698526021052461,true,true,true,true,true,"`ctd1`, 6 runs, 100 ep | 500 records per seed. Strict domination means carrier sum exceeds the sum of absolute remaining terms; removal_flips_sign is a separate test.",Lion direction units; beta natural log; epoch and step
sc,19,500,S0588,43700,87.4,-15,0.194944310188293,0.766360738873482,-0.571416466233211,0.692611855790335,true,true,true,true,true,"`ctd1`, 6 runs, 100 ep | 500 records per seed. Strict domination means carrier sum exceeds the sum of absolute remaining terms; removal_flips_sign is a separate test.",Lion direction units; beta natural log; epoch and step
sc,19,500,S0588,43800,87.6,-15,0.170604872703552,0.765233336389065,-0.594628261022547,0.718397638946851,true,true,true,true,true,"`ctd1`, 6 runs, 100 ep | 500 records per seed. Strict domination means carrier sum exceeds the sum of absolute remaining terms; removal_flips_sign is a separate test.",Lion direction units; beta natural log; epoch and step
sc,19,500,S0588,43900,87.8,-15,0.149442697688937,0.766339275240898,-0.616896531651446,0.745736387124862,true,true,true,true,true,"`ctd1`, 6 runs, 100 ep | 500 records per seed. Strict domination means carrier sum exceeds the sum of absolute remaining terms; removal_flips_sign is a separate test.",Lion direction units; beta natural log; epoch and step
sc,19,500,S0588,44000,88,-15,0.126724137365818,0.768133056163788,-0.641408904439913,0.769467773920542,false,true,true,true,true,"`ctd1`, 6 runs, 100 ep | 500 records per seed. Strict domination means carrier sum exceeds the sum of absolute remaining terms; removal_flips_sign is a separate test.",Lion direction units; beta natural log; epoch and step
sc,19,500,S0588,44100,88.2,-15,0.12240624204278,0.755835054814815,-0.633428636071062,0.739311867969832,true,true,true,true,true,"`ctd1`, 6 runs, 100 ep | 500 records per seed. Strict domination means carrier sum exceeds the sum of absolute remaining terms; removal_flips_sign is a separate test.",Lion direction units; beta natural log; epoch and step
sc,19,500,S0588,44200,88.4,-15,0.182205691933632,0.761769127845764,-0.57956356083192,0.702837928983681,true,true,true,true,true,"`ctd1`, 6 runs, 100 ep | 500 records per seed. Strict domination means carrier sum exceeds the sum of absolute remaining terms; removal_flips_sign is a separate test.",Lion direction units; beta natural log; epoch and step
sc,19,500,S0588,44300,88.6,-15,0.175034712441266,0.774059864878655,-0.599025033135428,0.733387569844132,true,true,true,true,true,"`ctd1`, 6 runs, 100 ep | 500 records per seed. Strict domination means carrier sum exceeds the sum of absolute remaining terms; removal_flips_sign is a separate test.",Lion direction units; beta natural log; epoch and step
sc,19,500,S0588,44400,88.8,-15,0.187591440975666,0.776027017831802,-0.588435646612072,0.722236782943048,true,true,true,true,true,"`ctd1`, 6 runs, 100 ep | 500 records per seed. Strict domination means carrier sum exceeds the sum of absolute remaining terms; removal_flips_sign is a separate test.",Lion direction units; beta natural log; epoch and step
sc,19,500,S0588,44500,89,-15,0.151272259652615,0.772488555312157,-0.621216170920002,0.740944135998348,true,true,true,true,true,"`ctd1`, 6 runs, 100 ep | 500 records per seed. Strict domination means carrier sum exceeds the sum of absolute remaining terms; removal_flips_sign is a separate test.",Lion direction units; beta natural log; epoch and step
sc,19,500,S0588,44600,89.2,-15,0.150664948113263,0.779302261769772,-0.628637289797888,0.744259404141366,true,true,true,true,true,"`ctd1`, 6 runs, 100 ep | 500 records per seed. Strict domination means carrier sum exceeds the sum of absolute remaining terms; removal_flips_sign is a separate test.",Lion direction units; beta natural log; epoch and step
sc,19,500,S0588,44700,89.4,-15,0.154491767194122,0.779276667535305,-0.624785074100896,0.742370239580055,true,true,true,true,true,"`ctd1`, 6 runs, 100 ep | 500 records per seed. Strict domination means carrier sum exceeds the sum of absolute remaining terms; removal_flips_sign is a separate test.",Lion direction units; beta natural log; epoch and step
sc,19,500,S0588,44800,89.6,-15,0.196195098757744,0.778704819083214,-0.582509663287681,0.703322145524805,true,true,true,true,true,"`ctd1`, 6 runs, 100 ep | 500 records per seed. Strict domination means carrier sum exceeds the sum of absolute remaining terms; removal_flips_sign is a separate test.",Lion direction units; beta natural log; epoch and step
sc,19,500,S0588,44900,89.8,-15,0.169967302680016,0.761561942100525,-0.591594661515114,0.699353564355147,true,true,true,true,true,"`ctd1`, 6 runs, 100 ep | 500 records per seed. Strict domination means carrier sum exceeds the sum of absolute remaining terms; removal_flips_sign is a separate test.",Lion direction units; beta natural log; epoch and step
sc,19,500,S0588,45000,90,-15,0.168448877334595,0.780432476103306,-0.611983653150526,0.742913949926958,true,true,true,true,true,"`ctd1`, 6 runs, 100 ep | 500 records per seed. Strict domination means carrier sum exceeds the sum of absolute remaining terms; removal_flips_sign is a separate test.",Lion direction units; beta natural log; epoch and step
sc,19,500,S0588,45100,90.2,-15,0.136265724897385,0.763953469693661,-0.627687746442871,0.735588778775968,true,true,true,true,true,"`ctd1`, 6 runs, 100 ep | 500 records per seed. Strict domination means carrier sum exceeds the sum of absolute remaining terms; removal_flips_sign is a separate test.",Lion direction units; beta natural log; epoch and step
sc,19,500,S0588,45200,90.4,-15,0.173621056973934,0.75259326249361,-0.578972176736562,0.706976631471451,true,true,true,true,true,"`ctd1`, 6 runs, 100 ep | 500 records per seed. Strict domination means carrier sum exceeds the sum of absolute remaining terms; removal_flips_sign is a separate test.",Lion direction units; beta natural log; epoch and step
sc,19,500,S0588,45300,90.6,-15,0.151837956253439,0.76501152664423,-0.613173657968241,0.72903848314636,true,true,true,true,true,"`ctd1`, 6 runs, 100 ep | 500 records per seed. Strict domination means carrier sum exceeds the sum of absolute remaining terms; removal_flips_sign is a separate test.",Lion direction units; beta natural log; epoch and step
sc,19,500,S0588,45400,90.8,-15,0.162589468061924,0.758592316508293,-0.596002964386184,0.723913833147867,true,true,true,true,true,"`ctd1`, 6 runs, 100 ep | 500 records per seed. Strict domination means carrier sum exceeds the sum of absolute remaining terms; removal_flips_sign is a separate test.",Lion direction units; beta natural log; epoch and step
sc,19,500,S0588,45500,91,-15,0.136901387572289,0.766105635464192,-0.629204108511397,0.755277941673478,true,true,true,true,true,"`ctd1`, 6 runs, 100 ep | 500 records per seed. Strict domination means carrier sum exceeds the sum of absolute remaining terms; removal_flips_sign is a separate test.",Lion direction units; beta natural log; epoch and step
sc,19,500,S0588,45600,91.2,-15,0.132065334916115,0.763985130190849,-0.631919774170558,0.757495382195418,true,true,true,true,true,"`ctd1`, 6 runs, 100 ep | 500 records per seed. Strict domination means carrier sum exceeds the sum of absolute remaining terms; removal_flips_sign is a separate test.",Lion direction units; beta natural log; epoch and step
sc,19,500,S0588,45700,91.4,-15,0.151571422815323,0.768074749410152,-0.616503497335157,0.74578904954908,true,true,true,true,true,"`ctd1`, 6 runs, 100 ep | 500 records per seed. Strict domination means carrier sum exceeds the sum of absolute remaining terms; removal_flips_sign is a separate test.",Lion direction units; beta natural log; epoch and step
sc,19,500,S0588,45800,91.6,-15,0.160159352421761,0.772476121783257,-0.612316791016099,0.74678836727627,true,true,true,true,true,"`ctd1`, 6 runs, 100 ep | 500 records per seed. Strict domination means carrier sum exceeds the sum of absolute remaining terms; removal_flips_sign is a separate test.",Lion direction units; beta natural log; epoch and step
sc,19,500,S0588,45900,91.8,-15,0.16396701335907,0.774870334565639,-0.610903178583669,0.721962270238839,true,true,true,true,true,"`ctd1`, 6 runs, 100 ep | 500 records per seed. Strict domination means carrier sum exceeds the sum of absolute remaining terms; removal_flips_sign is a separate test.",Lion direction units; beta natural log; epoch and step
sc,19,500,S0588,46000,92,-15,0.197321526706219,0.770992147922516,-0.573670730719584,0.688174324955446,true,true,true,true,true,"`ctd1`, 6 runs, 100 ep | 500 records per seed. Strict domination means carrier sum exceeds the sum of absolute remaining terms; removal_flips_sign is a separate test.",Lion direction units; beta natural log; epoch and step
sc,19,500,S0588,46100,92.2,-15,0.16097919344902,0.772214348614216,-0.61123532773972,0.731405634469863,true,true,true,true,true,"`ctd1`, 6 runs, 100 ep | 500 records per seed. Strict domination means carrier sum exceeds the sum of absolute remaining terms; removal_flips_sign is a separate test.",Lion direction units; beta natural log; epoch and step
sc,19,500,S0588,46200,92.4,-15,0.181546913087368,0.779945029318333,-0.598398341026495,0.724442909262166,true,true,true,true,true,"`ctd1`, 6 runs, 100 ep | 500 records per seed. Strict domination means carrier sum exceeds the sum of absolute remaining terms; removal_flips_sign is a separate test.",Lion direction units; beta natural log; epoch and step
sc,19,500,S0588,46300,92.6,-15,0.166923670470715,0.766652736067772,-0.599729125687139,0.740684991741097,true,true,true,true,true,"`ctd1`, 6 runs, 100 ep | 500 records per seed. Strict domination means carrier sum exceeds the sum of absolute remaining terms; removal_flips_sign is a separate test.",Lion direction units; beta natural log; epoch and step
sc,19,500,S0588,46400,92.8,-15,0.175512008368969,0.771198481321335,-0.595686298737087,0.720925356587281,true,true,true,true,true,"`ctd1`, 6 runs, 100 ep | 500 records per seed. Strict domination means carrier sum exceeds the sum of absolute remaining terms; removal_flips_sign is a separate test.",Lion direction units; beta natural log; epoch and step
sc,19,500,S0588,46500,93,-15,0.153303846344352,0.758238187432289,-0.604934369553979,0.730194320259358,true,true,true,true,true,"`ctd1`, 6 runs, 100 ep | 500 records per seed. Strict domination means carrier sum exceeds the sum of absolute remaining terms; removal_flips_sign is a separate test.",Lion direction units; beta natural log; epoch and step
sc,19,500,S0588,46600,93.2,-15,0.215025581419468,0.775675216317177,-0.560649599883777,0.681043198809448,true,true,true,true,true,"`ctd1`, 6 runs, 100 ep | 500 records per seed. Strict domination means carrier sum exceeds the sum of absolute remaining terms; removal_flips_sign is a separate test.",Lion direction units; beta natural log; epoch and step
sc,19,500,S0588,46700,93.4,-15,0.185619430243969,0.775276127457619,-0.589656881657163,0.717050378101419,true,true,true,true,true,"`ctd1`, 6 runs, 100 ep | 500 records per seed. Strict domination means carrier sum exceeds the sum of absolute remaining terms; removal_flips_sign is a separate test.",Lion direction units; beta natural log; epoch and step
sc,19,500,S0588,46800,93.6,-15,0.157841569161974,0.780810317397118,-0.622968717434219,0.7424166341091,true,true,true,true,true,"`ctd1`, 6 runs, 100 ep | 500 records per seed. Strict domination means carrier sum exceeds the sum of absolute remaining terms; removal_flips_sign is a separate test.",Lion direction units; beta natural log; epoch and step
sc,19,500,S0588,46900,93.8,-15,0.198364074528217,0.772419209778309,-0.574055047964532,0.699032936667265,true,true,true,true,true,"`ctd1`, 6 runs, 100 ep | 500 records per seed. Strict domination means carrier sum exceeds the sum of absolute remaining terms; removal_flips_sign is a separate test.",Lion direction units; beta natural log; epoch and step
sc,19,500,S0588,47000,94,-15,0.176794745028019,0.790278501808643,-0.613483760033807,0.721995830175103,true,true,true,true,true,"`ctd1`, 6 runs, 100 ep | 500 records per seed. Strict domination means carrier sum exceeds the sum of absolute remaining terms; removal_flips_sign is a separate test.",Lion direction units; beta natural log; epoch and step
sc,19,500,S0588,47100,94.2,-15,0.206329235434532,0.785996283590794,-0.579666827517383,0.716296751567631,true,true,true,true,true,"`ctd1`, 6 runs, 100 ep | 500 records per seed. Strict domination means carrier sum exceeds the sum of absolute remaining terms; removal_flips_sign is a separate test.",Lion direction units; beta natural log; epoch and step
sc,19,500,S0588,47200,94.4,-15,0.195478148758411,0.777573312819004,-0.582095075873671,0.685344101887476,true,true,true,true,true,"`ctd1`, 6 runs, 100 ep | 500 records per seed. Strict domination means carrier sum exceeds the sum of absolute remaining terms; removal_flips_sign is a separate test.",Lion direction units; beta natural log; epoch and step
sc,19,500,S0588,47300,94.6,-15,0.153049123287201,0.759167268872261,-0.606118424787951,0.714675646106502,true,true,true,true,true,"`ctd1`, 6 runs, 100 ep | 500 records per seed. Strict domination means carrier sum exceeds the sum of absolute remaining terms; removal_flips_sign is a separate test.",Lion direction units; beta natural log; epoch and step
sc,19,500,S0588,47400,94.8,-15,0.180437888205051,0.769092437624931,-0.588654697874171,0.705435642109256,true,true,true,true,true,"`ctd1`, 6 runs, 100 ep | 500 records per seed. Strict domination means carrier sum exceeds the sum of absolute remaining terms; removal_flips_sign is a separate test.",Lion direction units; beta natural log; epoch and step
sc,19,500,S0588,47500,95,-15,0.126737684756517,0.756422828137875,-0.629685199981668,0.756738825936372,false,true,true,true,true,"`ctd1`, 6 runs, 100 ep | 500 records per seed. Strict domination means carrier sum exceeds the sum of absolute remaining terms; removal_flips_sign is a separate test.",Lion direction units; beta natural log; epoch and step
sc,19,500,S0588,47600,95.2,-15,0.170876680314541,0.762064425647259,-0.591187846217448,0.722839417358941,true,true,true,true,true,"`ctd1`, 6 runs, 100 ep | 500 records per seed. Strict domination means carrier sum exceeds the sum of absolute remaining terms; removal_flips_sign is a separate test.",Lion direction units; beta natural log; epoch and step
sc,19,500,S0588,47700,95.4,-15,0.189803770184517,0.774609126150608,-0.584805523895074,0.709566191282732,true,true,true,true,true,"`ctd1`, 6 runs, 100 ep | 500 records per seed. Strict domination means carrier sum exceeds the sum of absolute remaining terms; removal_flips_sign is a separate test.",Lion direction units; beta natural log; epoch and step
sc,19,500,S0588,47800,95.6,-15,0.159669929742813,0.774901962280274,-0.615232051865485,0.723250683637559,true,true,true,true,true,"`ctd1`, 6 runs, 100 ep | 500 records per seed. Strict domination means carrier sum exceeds the sum of absolute remaining terms; removal_flips_sign is a separate test.",Lion direction units; beta natural log; epoch and step
sc,19,500,S0588,47900,95.8,-15,0.144952044636011,0.775416414439678,-0.630464472820485,0.752542733894451,true,true,true,true,true,"`ctd1`, 6 runs, 100 ep | 500 records per seed. Strict domination means carrier sum exceeds the sum of absolute remaining terms; removal_flips_sign is a separate test.",Lion direction units; beta natural log; epoch and step
sc,19,500,S0588,48000,96,-15,0.128752348152921,0.784767100214958,-0.656014645436518,0.790925763207589,false,true,true,true,true,"`ctd1`, 6 runs, 100 ep | 500 records per seed. Strict domination means carrier sum exceeds the sum of absolute remaining terms; removal_flips_sign is a separate test.",Lion direction units; beta natural log; epoch and step
sc,19,500,S0588,48100,96.2,-15,0.165866316854954,0.770694863796234,-0.604828405661442,0.711670667098019,true,true,true,true,true,"`ctd1`, 6 runs, 100 ep | 500 records per seed. Strict domination means carrier sum exceeds the sum of absolute remaining terms; removal_flips_sign is a separate test.",Lion direction units; beta natural log; epoch and step
sc,19,500,S0588,48200,96.4,-15,0.181040742993355,0.779879352450371,-0.598838432812636,0.714718202791664,true,true,true,true,true,"`ctd1`, 6 runs, 100 ep | 500 records per seed. Strict domination means carrier sum exceeds the sum of absolute remaining terms; removal_flips_sign is a separate test.",Lion direction units; beta natural log; epoch and step
sc,19,500,S0588,48300,96.6,-15,0.171753433346748,0.770797419548035,-0.599043865939905,0.718140780210536,true,true,true,true,true,"`ctd1`, 6 runs, 100 ep | 500 records per seed. Strict domination means carrier sum exceeds the sum of absolute remaining terms; removal_flips_sign is a separate test.",Lion direction units; beta natural log; epoch and step
sc,19,500,S0588,48400,96.8,-15,0.139195208251476,0.764951822161674,-0.625756430865658,0.766355281775122,false,true,true,true,true,"`ctd1`, 6 runs, 100 ep | 500 records per seed. Strict domination means carrier sum exceeds the sum of absolute remaining terms; removal_flips_sign is a separate test.",Lion direction units; beta natural log; epoch and step
sc,19,500,S0588,48500,97,-15,0.143508464097977,0.761983346939087,-0.618475077973346,0.729452295560407,true,true,true,true,true,"`ctd1`, 6 runs, 100 ep | 500 records per seed. Strict domination means carrier sum exceeds the sum of absolute remaining terms; removal_flips_sign is a separate test.",Lion direction units; beta natural log; epoch and step
sc,19,500,S0588,48600,97.2,-15,0.155496491491795,0.776228812336922,-0.620732580349167,0.740527415396295,true,true,true,true,true,"`ctd1`, 6 runs, 100 ep | 500 records per seed. Strict domination means carrier sum exceeds the sum of absolute remaining terms; removal_flips_sign is a separate test.",Lion direction units; beta natural log; epoch and step
sc,19,500,S0588,48700,97.4,-15,0.164148387312889,0.763408739864826,-0.599260516149195,0.712199033489094,true,true,true,true,true,"`ctd1`, 6 runs, 100 ep | 500 records per seed. Strict domination means carrier sum exceeds the sum of absolute remaining terms; removal_flips_sign is a separate test.",Lion direction units; beta natural log; epoch and step
sc,19,500,S0588,48800,97.6,-15,0.135010640323162,0.756466801464558,-0.62145605582092,0.734543612830805,true,true,true,true,true,"`ctd1`, 6 runs, 100 ep | 500 records per seed. Strict domination means carrier sum exceeds the sum of absolute remaining terms; removal_flips_sign is a separate test.",Lion direction units; beta natural log; epoch and step
sc,19,500,S0588,48900,97.8,-15,0.184644220769405,0.771272571384907,-0.586628176726526,0.730795214296131,true,true,true,true,true,"`ctd1`, 6 runs, 100 ep | 500 records per seed. Strict domination means carrier sum exceeds the sum of absolute remaining terms; removal_flips_sign is a separate test.",Lion direction units; beta natural log; epoch and step
sc,19,500,S0588,49000,98,-15,0.151440226659179,0.75940033942461,-0.607960049953641,0.736968799652146,true,true,true,true,true,"`ctd1`, 6 runs, 100 ep | 500 records per seed. Strict domination means carrier sum exceeds the sum of absolute remaining terms; removal_flips_sign is a separate test.",Lion direction units; beta natural log; epoch and step
sc,19,500,S0588,49100,98.2,-15,0.178718167543411,0.776958706974983,-0.598240606300487,0.74182330938379,true,true,true,true,true,"`ctd1`, 6 runs, 100 ep | 500 records per seed. Strict domination means carrier sum exceeds the sum of absolute remaining terms; removal_flips_sign is a separate test.",Lion direction units; beta natural log; epoch and step
sc,19,500,S0588,49200,98.4,-15,0.158743758499622,0.776837280392647,-0.618093421326535,0.737006140078643,true,true,true,true,true,"`ctd1`, 6 runs, 100 ep | 500 records per seed. Strict domination means carrier sum exceeds the sum of absolute remaining terms; removal_flips_sign is a separate test.",Lion direction units; beta natural log; epoch and step
sc,19,500,S0588,49300,98.6,-15,0.15057644918561,0.773731915652752,-0.62315539344894,0.746021836156467,true,true,true,true,true,"`ctd1`, 6 runs, 100 ep | 500 records per seed. Strict domination means carrier sum exceeds the sum of absolute remaining terms; removal_flips_sign is a separate test.",Lion direction units; beta natural log; epoch and step
sc,19,500,S0588,49400,98.8,-15,0.157487125322223,0.771790692210197,-0.614303385558657,0.74821339650469,true,true,true,true,true,"`ctd1`, 6 runs, 100 ep | 500 records per seed. Strict domination means carrier sum exceeds the sum of absolute remaining terms; removal_flips_sign is a separate test.",Lion direction units; beta natural log; epoch and step
sc,19,500,S0588,49500,99,-15,0.183015723526478,0.786460199952126,-0.603444441494605,0.715823551529968,true,true,true,true,true,"`ctd1`, 6 runs, 100 ep | 500 records per seed. Strict domination means carrier sum exceeds the sum of absolute remaining terms; removal_flips_sign is a separate test.",Lion direction units; beta natural log; epoch and step
sc,19,500,S0588,49600,99.2,-15,0.1896146312356,0.777570979297161,-0.587956435130181,0.7271916339694,true,true,true,true,true,"`ctd1`, 6 runs, 100 ep | 500 records per seed. Strict domination means carrier sum exceeds the sum of absolute remaining terms; removal_flips_sign is a separate test.",Lion direction units; beta natural log; epoch and step
sc,19,500,S0588,49700,99.4,-15,0.172155545651913,0.783590532839298,-0.611434748534282,0.723052289477516,true,true,true,true,true,"`ctd1`, 6 runs, 100 ep | 500 records per seed. Strict domination means carrier sum exceeds the sum of absolute remaining terms; removal_flips_sign is a separate test.",Lion direction units; beta natural log; epoch and step
sc,19,500,S0588,49800,99.6,-15,0.160101687908173,0.784842243790627,-0.624740324720835,0.739370816466283,true,true,true,true,true,"`ctd1`, 6 runs, 100 ep | 500 records per seed. Strict domination means carrier sum exceeds the sum of absolute remaining terms; removal_flips_sign is a separate test.",Lion direction units; beta natural log; epoch and step
sc,19,500,S0588,49900,99.8,-15,0.158167346566916,0.76161932349205,-0.603451994718662,0.733703167893887,true,true,true,true,true,"`ctd1`, 6 runs, 100 ep | 500 records per seed. Strict domination means carrier sum exceeds the sum of absolute remaining terms; removal_flips_sign is a separate test.",Lion direction units; beta natural log; epoch and step
sc,20,500,S0589,0,0,-13.814510345459,-3.4863557374365e-09,-1.75114864831016e-09,-1.73520737258015e-09,4.23197201622483e-09,false,false,false,false,false,"`ctd1`, 6 runs, 100 ep | 500 records per seed. Strict domination means carrier sum exceeds the sum of absolute remaining terms; removal_flips_sign is a separate test.",Lion direction units; beta natural log; epoch and step
sc,20,500,S0589,100,0.2,-13.714469909668,-3.07859227177687e-05,-1.15258696666842e-06,-2.96333342920133e-05,2.9742464741242e-05,false,false,false,true,false,"`ctd1`, 6 runs, 100 ep | 500 records per seed. Strict domination means carrier sum exceeds the sum of absolute remaining terms; removal_flips_sign is a separate test.",Lion direction units; beta natural log; epoch and step
sc,20,500,S0589,200,0.4,-13.614429473877,-0.000130253511451883,-3.2862360285435e-06,-0.000126967283496937,0.000127317769590241,false,false,false,true,false,"`ctd1`, 6 runs, 100 ep | 500 records per seed. Strict domination means carrier sum exceeds the sum of absolute remaining terms; removal_flips_sign is a separate test.",Lion direction units; beta natural log; epoch and step
sc,20,500,S0589,300,0.6,-13.5143890380859,-0.000301572188618593,-5.73676577459992e-06,-0.000295835419539522,0.000296371391302849,false,false,false,true,false,"`ctd1`, 6 runs, 100 ep | 500 records per seed. Strict domination means carrier sum exceeds the sum of absolute remaining terms; removal_flips_sign is a separate test.",Lion direction units; beta natural log; epoch and step
sc,20,500,S0589,400,0.8,-13.4143486022949,-0.000505546957720071,-8.76847445852036e-06,-0.000496778623886453,0.000498257039308182,false,false,false,true,false,"`ctd1`, 6 runs, 100 ep | 500 records per seed. Strict domination means carrier sum exceeds the sum of absolute remaining terms; removal_flips_sign is a separate test.",Lion direction units; beta natural log; epoch and step
sc,20,500,S0589,500,1,-13.3143081665039,-0.000763028644723818,-1.24958131209496e-05,-0.00075053285012841,0.000752017793549969,false,false,false,true,false,"`ctd1`, 6 runs, 100 ep | 500 records per seed. Strict domination means carrier sum exceeds the sum of absolute remaining terms; removal_flips_sign is a separate test.",Lion direction units; beta natural log; epoch and step
sc,20,500,S0589,600,1.2,-13.2142677307129,-0.00105025076773018,-1.57593274252577e-05,-0.00103449141904609,0.00103621837682598,false,false,false,true,false,"`ctd1`, 6 runs, 100 ep | 500 records per seed. Strict domination means carrier sum exceeds the sum of absolute remaining terms; removal_flips_sign is a separate test.",Lion direction units; beta natural log; epoch and step
sc,20,500,S0589,700,1.4,-13.1142272949219,-0.00136543547268957,-2.03582820631709e-05,-0.00134507669419731,0.00134680531875423,false,false,false,true,false,"`ctd1`, 6 runs, 100 ep | 500 records per seed. Strict domination means carrier sum exceeds the sum of absolute remaining terms; removal_flips_sign is a separate test.",Lion direction units; beta natural log; epoch and step
sc,20,500,S0589,800,1.6,-13.0141868591309,-0.00180689432891086,-2.54046076406667e-05,-0.00178149007830521,0.00178343597090338,false,false,false,true,false,"`ctd1`, 6 runs, 100 ep | 500 records per seed. Strict domination means carrier sum exceeds the sum of absolute remaining terms; removal_flips_sign is a separate test.",Lion direction units; beta natural log; epoch and step
sc,20,500,S0589,900,1.8,-12.9141464233398,-0.00217573780100793,-3.10071211970353e-05,-0.00214473110505942,0.00214645528908484,false,false,false,true,false,"`ctd1`, 6 runs, 100 ep | 500 records per seed. Strict domination means carrier sum exceeds the sum of absolute remaining terms; removal_flips_sign is a separate test.",Lion direction units; beta natural log; epoch and step
sc,20,500,S0589,1000,2,-12.8141059875488,-0.00246703784214333,-3.5324229111211e-05,-0.00243171219068801,0.00243777173862556,false,false,false,true,false,"`ctd1`, 6 runs, 100 ep | 500 records per seed. Strict domination means carrier sum exceeds the sum of absolute remaining terms; removal_flips_sign is a separate test.",Lion direction units; beta natural log; epoch and step
sc,20,500,S0589,1100,2.2,-12.7140655517578,-0.00299076077062637,-4.05392428092455e-05,-0.00295022143987169,0.00295786833919167,false,false,false,true,false,"`ctd1`, 6 runs, 100 ep | 500 records per seed. Strict domination means carrier sum exceeds the sum of absolute remaining terms; removal_flips_sign is a separate test.",Lion direction units; beta natural log; epoch and step
sc,20,500,S0589,1200,2.4,-12.6140251159668,-0.00369478871580213,-5.02405387123872e-05,-0.00364454757260038,0.00364867860855103,false,false,false,true,false,"`ctd1`, 6 runs, 100 ep | 500 records per seed. Strict domination means carrier sum exceeds the sum of absolute remaining terms; removal_flips_sign is a separate test.",Lion direction units; beta natural log; epoch and step
sc,20,500,S0589,1300,2.6,-12.5139846801758,-0.00437169773504138,-5.81803109525936e-05,-0.0043135162301061,0.00432009946437599,false,false,false,true,false,"`ctd1`, 6 runs, 100 ep | 500 records per seed. Strict domination means carrier sum exceeds the sum of absolute remaining terms; removal_flips_sign is a separate test.",Lion direction units; beta natural log; epoch and step
sc,20,500,S0589,1400,2.8,-12.4139442443848,-0.00504425778053701,-6.43643894363777e-05,-0.00497989246551978,0.00498617206653815,false,false,false,true,false,"`ctd1`, 6 runs, 100 ep | 500 records per seed. Strict domination means carrier sum exceeds the sum of absolute remaining terms; removal_flips_sign is a separate test.",Lion direction units; beta natural log; epoch and step
sc,20,500,S0589,1500,3,-12.3139038085938,-0.00560354324989021,-7.4326205503894e-05,-0.00552921750949751,0.00553377665448367,false,false,false,true,false,"`ctd1`, 6 runs, 100 ep | 500 records per seed. Strict domination means carrier sum exceeds the sum of absolute remaining terms; removal_flips_sign is a separate test.",Lion direction units; beta natural log; epoch and step
sc,20,500,S0589,1600,3.2,-12.2138633728027,-0.00644207112491131,-8.42646539240377e-05,-0.00635780511570696,0.00636615245723855,false,false,false,true,false,"`ctd1`, 6 runs, 100 ep | 500 records per seed. Strict domination means carrier sum exceeds the sum of absolute remaining terms; removal_flips_sign is a separate test.",Lion direction units; beta natural log; epoch and step
sc,20,500,S0589,1700,3.4,-12.1138229370117,-0.00723332636989653,-9.76357465333422e-05,-0.00713569246315826,0.0071450616207879,false,false,false,true,false,"`ctd1`, 6 runs, 100 ep | 500 records per seed. Strict domination means carrier sum exceeds the sum of absolute remaining terms; removal_flips_sign is a separate test.",Lion direction units; beta natural log; epoch and step
sc,20,500,S0589,1800,3.6,-12.0137825012207,-0.00827052090317011,-0.000102767483258504,-0.00816775245210912,0.0081846583604382,false,false,false,true,false,"`ctd1`, 6 runs, 100 ep | 500 records per seed. Strict domination means carrier sum exceeds the sum of absolute remaining terms; removal_flips_sign is a separate test.",Lion direction units; beta natural log; epoch and step
sc,20,500,S0589,1900,3.8,-11.9137420654297,-0.00939944190904498,-0.000119427789650217,-0.00928001194115211,0.00929056642465866,false,false,false,true,false,"`ctd1`, 6 runs, 100 ep | 500 records per seed. Strict domination means carrier sum exceeds the sum of absolute remaining terms; removal_flips_sign is a separate test.",Lion direction units; beta natural log; epoch and step
sc,20,500,S0589,2000,4,-11.8137016296387,-0.010983507707715,-0.000134688253820059,-0.0108488191572284,0.010861629449328,false,false,false,true,false,"`ctd1`, 6 runs, 100 ep | 500 records per seed. Strict domination means carrier sum exceeds the sum of absolute remaining terms; removal_flips_sign is a separate test.",Lion direction units; beta natural log; epoch and step
sc,20,500,S0589,2100,4.2,-11.7136611938477,-0.0115443669259548,-0.000148065038956702,-0.0113963023033843,0.0114070867179418,false,false,false,true,false,"`ctd1`, 6 runs, 100 ep | 500 records per seed. Strict domination means carrier sum exceeds the sum of absolute remaining terms; removal_flips_sign is a separate test.",Lion direction units; beta natural log; epoch and step
sc,20,500,S0589,2200,4.4,-11.6136207580566,-0.0129122459329665,-0.000158073065904318,-0.012754168820375,0.0127670232317273,false,false,false,true,false,"`ctd1`, 6 runs, 100 ep | 500 records per seed. Strict domination means carrier sum exceeds the sum of absolute remaining terms; removal_flips_sign is a separate test.",Lion direction units; beta natural log; epoch and step
sc,20,500,S0589,2300,4.6,-11.5135803222656,-0.0149134024046361,-0.000180499181442428,-0.0147329024969431,0.0147509689138169,false,false,false,true,false,"`ctd1`, 6 runs, 100 ep | 500 records per seed. Strict domination means carrier sum exceeds the sum of absolute remaining terms; removal_flips_sign is a separate test.",Lion direction units; beta natural log; epoch and step
sc,20,500,S0589,2400,4.8,-11.4135398864746,-0.0162339322268963,-0.000201860216475325,-0.0160320706054948,0.0160459236782303,false,false,false,true,false,"`ctd1`, 6 runs, 100 ep | 500 records per seed. Strict domination means carrier sum exceeds the sum of absolute remaining terms; removal_flips_sign is a separate test.",Lion direction units; beta natural log; epoch and step
sc,20,500,S0589,2500,5,-11.3134994506836,-0.0177579974755645,-0.000221492908895016,-0.017536498152011,0.0175667472520749,false,false,false,true,false,"`ctd1`, 6 runs, 100 ep | 500 records per seed. Strict domination means carrier sum exceeds the sum of absolute remaining terms; removal_flips_sign is a separate test.",Lion direction units; beta natural log; epoch and step
sc,20,500,S0589,2600,5.2,-11.2134590148926,-0.0197146447375417,-0.000235113187591196,-0.019479528943424,0.0194970483101559,false,false,false,true,false,"`ctd1`, 6 runs, 100 ep | 500 records per seed. Strict domination means carrier sum exceeds the sum of absolute remaining terms; removal_flips_sign is a separate test.",Lion direction units; beta natural log; epoch and step
sc,20,500,S0589,2700,5.4,-11.1134185791016,-0.022452930919826,-0.000263249141426058,-0.0221896850458237,0.0222096806613266,false,false,false,true,false,"`ctd1`, 6 runs, 100 ep | 500 records per seed. Strict domination means carrier sum exceeds the sum of absolute remaining terms; removal_flips_sign is a separate test.",Lion direction units; beta natural log; epoch and step
sc,20,500,S0589,2800,5.6,-11.0133781433105,-0.0252427324652672,-0.000280929890504922,-0.0249618012412663,0.0249827896117404,false,false,false,true,false,"`ctd1`, 6 runs, 100 ep | 500 records per seed. Strict domination means carrier sum exceeds the sum of absolute remaining terms; removal_flips_sign is a separate test.",Lion direction units; beta natural log; epoch and step
sc,20,500,S0589,2900,5.8,-10.9133377075195,-0.0284220639616251,-0.000320565261790762,-0.0281014895709237,0.0281446909544972,false,false,false,true,false,"`ctd1`, 6 runs, 100 ep | 500 records per seed. Strict domination means carrier sum exceeds the sum of absolute remaining terms; removal_flips_sign is a separate test.",Lion direction units; beta natural log; epoch and step
sc,20,500,S0589,3000,6,-10.8132972717285,-0.0304255794733763,-0.00035531147805159,-0.0300702657505626,0.0301406258368347,false,false,false,true,false,"`ctd1`, 6 runs, 100 ep | 500 records per seed. Strict domination means carrier sum exceeds the sum of absolute remaining terms; removal_flips_sign is a separate test.",Lion direction units; beta natural log; epoch and step
sc,20,500,S0589,3100,6.2,-10.7132568359375,-0.0336962684988975,-0.000392687043495243,-0.0333035737569867,0.0333564206320967,false,false,false,true,false,"`ctd1`, 6 runs, 100 ep | 500 records per seed. Strict domination means carrier sum exceeds the sum of absolute remaining terms; removal_flips_sign is a separate test.",Lion direction units; beta natural log; epoch and step
sc,20,500,S0589,3200,6.4,-10.6132164001465,-0.0359013607725501,-0.000399034447764279,-0.0355023057319908,0.0355543655714722,false,false,false,true,false,"`ctd1`, 6 runs, 100 ep | 500 records per seed. Strict domination means carrier sum exceeds the sum of absolute remaining terms; removal_flips_sign is a separate test.",Lion direction units; beta natural log; epoch and step
sc,20,500,S0589,3300,6.6,-10.5131759643555,-0.0414006344974041,-0.000444379112741444,-0.0409562482729438,0.0410018118453319,false,false,false,true,false,"`ctd1`, 6 runs, 100 ep | 500 records per seed. Strict domination means carrier sum exceeds the sum of absolute remaining terms; removal_flips_sign is a separate test.",Lion direction units; beta natural log; epoch and step
sc,20,500,S0589,3400,6.8,-10.4131355285645,-0.0434452660381794,-0.000481983505596872,-0.0429632882295085,0.0430186432142694,false,false,false,true,false,"`ctd1`, 6 runs, 100 ep | 500 records per seed. Strict domination means carrier sum exceeds the sum of absolute remaining terms; removal_flips_sign is a separate test.",Lion direction units; beta natural log; epoch and step
sc,20,500,S0589,3500,7,-10.3130950927734,-0.0504501268267631,-0.000496076808485668,-0.0499540538551191,0.0500477062822501,false,false,false,true,false,"`ctd1`, 6 runs, 100 ep | 500 records per seed. Strict domination means carrier sum exceeds the sum of absolute remaining terms; removal_flips_sign is a separate test.",Lion direction units; beta natural log; epoch and step
sc,20,500,S0589,3600,7.2,-10.2130546569824,-0.0546787481755018,-0.00054752298456151,-0.0541312410557623,0.0542699917313769,false,false,false,true,false,"`ctd1`, 6 runs, 100 ep | 500 records per seed. Strict domination means carrier sum exceeds the sum of absolute remaining terms; removal_flips_sign is a separate test.",Lion direction units; beta natural log; epoch and step
sc,20,500,S0589,3700,7.4,-10.1130142211914,-0.0602121572941542,-0.000562706086202525,-0.0596494473452356,0.0598254989284204,false,false,false,true,false,"`ctd1`, 6 runs, 100 ep | 500 records per seed. Strict domination means carrier sum exceeds the sum of absolute remaining terms; removal_flips_sign is a separate test.",Lion direction units; beta natural log; epoch and step
sc,20,500,S0589,3800,7.6,-10.0129737854004,-0.0642513431608677,-0.000599074231286068,-0.0636522574345113,0.0638291264426121,false,false,false,true,false,"`ctd1`, 6 runs, 100 ep | 500 records per seed. Strict domination means carrier sum exceeds the sum of absolute remaining terms; removal_flips_sign is a separate test.",Lion direction units; beta natural log; epoch and step
sc,20,500,S0589,3900,7.8,-9.91293334960938,-0.0719532214105129,-0.000588330114260316,-0.0713648646190805,0.0714734512199257,false,false,false,true,false,"`ctd1`, 6 runs, 100 ep | 500 records per seed. Strict domination means carrier sum exceeds the sum of absolute remaining terms; removal_flips_sign is a separate test.",Lion direction units; beta natural log; epoch and step
sc,20,500,S0589,4000,8,-9.81289291381836,-0.0772871814668179,-0.000602256417187164,-0.0766849244919406,0.076816807192484,false,false,false,true,false,"`ctd1`, 6 runs, 100 ep | 500 records per seed. Strict domination means carrier sum exceeds the sum of absolute remaining terms; removal_flips_sign is a separate test.",Lion direction units; beta natural log; epoch and step
sc,20,500,S0589,4100,8.2,-9.71285247802734,-0.0843081742525101,-0.000625415085232817,-0.0836827530740628,0.0838816085623328,false,false,false,true,false,"`ctd1`, 6 runs, 100 ep | 500 records per seed. Strict domination means carrier sum exceeds the sum of absolute remaining terms; removal_flips_sign is a separate test.",Lion direction units; beta natural log; epoch and step
sc,20,500,S0589,4200,8.4,-9.61281204223633,-0.0947371043264866,-0.000687647868471686,-0.0940494501306368,0.0942700240621427,false,false,false,true,false,"`ctd1`, 6 runs, 100 ep | 500 records per seed. Strict domination means carrier sum exceeds the sum of absolute remaining terms; removal_flips_sign is a separate test.",Lion direction units; beta natural log; epoch and step
sc,20,500,S0589,4300,8.6,-9.51277160644531,-0.0953593093901873,-0.000644926616223529,-0.0947143663459364,0.0949295300399108,false,false,false,true,false,"`ctd1`, 6 runs, 100 ep | 500 records per seed. Strict domination means carrier sum exceeds the sum of absolute remaining terms; removal_flips_sign is a separate test.",Lion direction units; beta natural log; epoch and step
sc,20,500,S0589,4400,8.8,-9.4127311706543,-0.11038131788373,-0.000612773104512598,-0.109768534623633,0.110043446766865,false,false,false,true,false,"`ctd1`, 6 runs, 100 ep | 500 records per seed. Strict domination means carrier sum exceeds the sum of absolute remaining terms; removal_flips_sign is a separate test.",Lion direction units; beta natural log; epoch and step
sc,20,500,S0589,4500,9,-9.31269073486328,-0.111441208422184,-0.000543636539077852,-0.110897562693346,0.111145490228456,false,false,false,true,false,"`ctd1`, 6 runs, 100 ep | 500 records per seed. Strict domination means carrier sum exceeds the sum of absolute remaining terms; removal_flips_sign is a separate test.",Lion direction units; beta natural log; epoch and step
sc,20,500,S0589,4600,9.2,-9.21265029907227,-0.117582203447819,-0.000546416250290349,-0.117035791479321,0.117468010810881,false,false,false,true,false,"`ctd1`, 6 runs, 100 ep | 500 records per seed. Strict domination means carrier sum exceeds the sum of absolute remaining terms; removal_flips_sign is a separate test.",Lion direction units; beta natural log; epoch and step
sc,20,500,S0589,4700,9.4,-9.11260986328125,-0.130647991597652,-0.000431490435585147,-0.130216500432439,0.130489994633685,false,false,false,true,false,"`ctd1`, 6 runs, 100 ep | 500 records per seed. Strict domination means carrier sum exceeds the sum of absolute remaining terms; removal_flips_sign is a separate test.",Lion direction units; beta natural log; epoch and step
sc,20,500,S0589,4800,9.6,-9.01256942749023,-0.125289623439312,-0.000247377747655264,-0.125042246749325,0.125403538575023,false,false,false,true,false,"`ctd1`, 6 runs, 100 ep | 500 records per seed. Strict domination means carrier sum exceeds the sum of absolute remaining terms; removal_flips_sign is a separate test.",Lion direction units; beta natural log; epoch and step
sc,20,500,S0589,4900,9.8,-8.91252899169922,-0.122522938251495,-0.000330993402349122,-0.122191994122238,0.122646625272079,false,false,false,true,false,"`ctd1`, 6 runs, 100 ep | 500 records per seed. Strict domination means carrier sum exceeds the sum of absolute remaining terms; removal_flips_sign is a separate test.",Lion direction units; beta natural log; epoch and step
sc,20,500,S0589,5000,10,-8.8124885559082,-0.118067128583789,-0.000300727683679725,-0.117766379732213,0.118259830718718,false,false,false,true,false,"`ctd1`, 6 runs, 100 ep | 500 records per seed. Strict domination means carrier sum exceeds the sum of absolute remaining terms; removal_flips_sign is a separate test.",Lion direction units; beta natural log; epoch and step
sc,20,500,S0589,5100,10.2,-8.71244812011719,-0.122108369320631,-0.000211982614564477,-0.121896438951654,0.122400749443688,false,false,false,true,false,"`ctd1`, 6 runs, 100 ep | 500 records per seed. Strict domination means carrier sum exceeds the sum of absolute remaining terms; removal_flips_sign is a separate test.",Lion direction units; beta natural log; epoch and step
sc,20,500,S0589,5200,10.4,-8.61240768432617,-0.143259787559509,0.000249278633600625,-0.143509092603406,0.143890538913027,false,false,false,true,false,"`ctd1`, 6 runs, 100 ep | 500 records per seed. Strict domination means carrier sum exceeds the sum of absolute remaining terms; removal_flips_sign is a separate test.",Lion direction units; beta natural log; epoch and step
sc,20,500,S0589,5300,10.6,-8.51236724853516,-0.124179420247674,0.00021532439168368,-0.12439469087202,0.124823186264427,false,false,false,true,false,"`ctd1`, 6 runs, 100 ep | 500 records per seed. Strict domination means carrier sum exceeds the sum of absolute remaining terms; removal_flips_sign is a separate test.",Lion direction units; beta natural log; epoch and step
sc,20,500,S0589,5400,10.8,-8.41232681274414,-0.131297110021114,0.000382552608061815,-0.131679670105397,0.132040601054852,false,false,false,true,false,"`ctd1`, 6 runs, 100 ep | 500 records per seed. Strict domination means carrier sum exceeds the sum of absolute remaining terms; removal_flips_sign is a separate test.",Lion direction units; beta natural log; epoch and step
sc,20,500,S0589,5500,11,-8.31228637695312,-0.145410332083702,0.000896582426503301,-0.146306970734192,0.146918923674754,false,false,false,true,false,"`ctd1`, 6 runs, 100 ep | 500 records per seed. Strict domination means carrier sum exceeds the sum of absolute remaining terms; removal_flips_sign is a separate test.",Lion direction units; beta natural log; epoch and step
sc,20,500,S0589,5600,11.2,-8.21224594116211,-0.127125581842847,0.000886648244340904,-0.128012302288415,0.12861846870045,false,false,false,true,false,"`ctd1`, 6 runs, 100 ep | 500 records per seed. Strict domination means carrier sum exceeds the sum of absolute remaining terms; removal_flips_sign is a separate test.",Lion direction units; beta natural log; epoch and step
sc,20,500,S0589,5700,11.4,-8.11220550537109,-0.1420688778162,0.0016496062540682,-0.143718523576209,0.144562824916321,false,false,false,true,false,"`ctd1`, 6 runs, 100 ep | 500 records per seed. Strict domination means carrier sum exceeds the sum of absolute remaining terms; removal_flips_sign is a separate test.",Lion direction units; beta natural log; epoch and step
sc,20,500,S0589,5800,11.6,-8.01216506958008,-0.138511915504932,0.0020715461607324,-0.140583497484747,0.141171404750546,false,false,false,true,false,"`ctd1`, 6 runs, 100 ep | 500 records per seed. Strict domination means carrier sum exceeds the sum of absolute remaining terms; removal_flips_sign is a separate test.",Lion direction units; beta natural log; epoch and step
sc,20,500,S0589,5900,11.8,-7.91216659545898,-0.151881270110607,0.00244474493083544,-0.15432603153466,0.154698417568656,false,false,false,true,false,"`ctd1`, 6 runs, 100 ep | 500 records per seed. Strict domination means carrier sum exceeds the sum of absolute remaining terms; removal_flips_sign is a separate test.",Lion direction units; beta natural log; epoch and step
sc,20,500,S0589,6000,12,-7.81217384338379,-0.153224232792854,0.00302975411177613,-0.156253907310187,0.156921022059927,false,false,false,true,false,"`ctd1`, 6 runs, 100 ep | 500 records per seed. Strict domination means carrier sum exceeds the sum of absolute remaining terms; removal_flips_sign is a separate test.",Lion direction units; beta natural log; epoch and step
sc,20,500,S0589,6100,12.2,-7.71218109130859,-0.163078889250755,0.00427671539364383,-0.167355533232865,0.167900130159785,false,false,false,true,false,"`ctd1`, 6 runs, 100 ep | 500 records per seed. Strict domination means carrier sum exceeds the sum of absolute remaining terms; removal_flips_sign is a separate test.",Lion direction units; beta natural log; epoch and step
sc,20,500,S0589,6200,12.4,-7.6121883392334,-0.157433895766735,0.00432343421853147,-0.161757302599897,0.163047216796866,false,false,false,true,false,"`ctd1`, 6 runs, 100 ep | 500 records per seed. Strict domination means carrier sum exceeds the sum of absolute remaining terms; removal_flips_sign is a separate test.",Lion direction units; beta natural log; epoch and step
sc,20,500,S0589,6300,12.6,-7.5121955871582,-0.166862577199936,0.00585061609745026,-0.172713171104544,0.173769762159202,false,false,false,true,false,"`ctd1`, 6 runs, 100 ep | 500 records per seed. Strict domination means carrier sum exceeds the sum of absolute remaining terms; removal_flips_sign is a separate test.",Lion direction units; beta natural log; epoch and step
sc,20,500,S0589,6400,12.8,-7.41220283508301,-0.182306671142578,0.00691639927681535,-0.189223061211041,0.189994228752866,false,false,false,true,false,"`ctd1`, 6 runs, 100 ep | 500 records per seed. Strict domination means carrier sum exceeds the sum of absolute remaining terms; removal_flips_sign is a separate test.",Lion direction units; beta natural log; epoch and step
sc,20,500,S0589,6500,13,-7.31221008300781,-0.181956981122494,0.00914320359006524,-0.191100176903421,0.192065673833133,false,false,false,true,false,"`ctd1`, 6 runs, 100 ep | 500 records per seed. Strict domination means carrier sum exceeds the sum of absolute remaining terms; removal_flips_sign is a separate test.",Lion direction units; beta natural log; epoch and step
sc,20,500,S0589,6600,13.2,-7.21221733093262,-0.200099562108517,0.0101833905326203,-0.210282976377516,0.211595169184898,false,false,false,true,false,"`ctd1`, 6 runs, 100 ep | 500 records per seed. Strict domination means carrier sum exceeds the sum of absolute remaining terms; removal_flips_sign is a separate test.",Lion direction units; beta natural log; epoch and step
sc,20,500,S0589,6700,13.4,-7.11222457885742,-0.21432968378067,0.0124811417772435,-0.226810836773188,0.228412285405398,false,false,false,true,false,"`ctd1`, 6 runs, 100 ep | 500 records per seed. Strict domination means carrier sum exceeds the sum of absolute remaining terms; removal_flips_sign is a separate test.",Lion direction units; beta natural log; epoch and step
sc,20,500,S0589,6800,13.6,-7.01223182678223,-0.213161949813366,0.01495874337852,-0.228120718503786,0.230004758260046,false,false,false,true,false,"`ctd1`, 6 runs, 100 ep | 500 records per seed. Strict domination means carrier sum exceeds the sum of absolute remaining terms; removal_flips_sign is a separate test.",Lion direction units; beta natural log; epoch and step
sc,20,500,S0589,6900,13.8,-6.91223907470703,-0.187394885718822,0.0159904212458059,-0.203385357857829,0.206519509378327,false,false,false,true,false,"`ctd1`, 6 runs, 100 ep | 500 records per seed. Strict domination means carrier sum exceeds the sum of absolute remaining terms; removal_flips_sign is a separate test.",Lion direction units; beta natural log; epoch and step
sc,20,500,S0589,7000,14,-6.81224632263184,-0.193479128181934,0.0212493716739118,-0.21472849897124,0.217784887342864,false,false,false,true,false,"`ctd1`, 6 runs, 100 ep | 500 records per seed. Strict domination means carrier sum exceeds the sum of absolute remaining terms; removal_flips_sign is a separate test.",Lion direction units; beta natural log; epoch and step
sc,20,500,S0589,7100,14.2,-6.71225357055664,-0.192422658205032,0.0226282575866207,-0.215050866776662,0.217983202888215,false,false,false,true,false,"`ctd1`, 6 runs, 100 ep | 500 records per seed. Strict domination means carrier sum exceeds the sum of absolute remaining terms; removal_flips_sign is a separate test.",Lion direction units; beta natural log; epoch and step
sc,20,500,S0589,7200,14.4,-6.61226081848145,-0.183566839993,0.0265115402173251,-0.210078342802444,0.214620879405265,false,false,false,true,false,"`ctd1`, 6 runs, 100 ep | 500 records per seed. Strict domination means carrier sum exceeds the sum of absolute remaining terms; removal_flips_sign is a separate test.",Lion direction units; beta natural log; epoch and step
sc,20,500,S0589,7300,14.6,-6.51226806640625,-0.196520783007145,0.0320241463836283,-0.228544942229018,0.233459300913637,false,false,false,true,false,"`ctd1`, 6 runs, 100 ep | 500 records per seed. Strict domination means carrier sum exceeds the sum of absolute remaining terms; removal_flips_sign is a separate test.",Lion direction units; beta natural log; epoch and step
sc,20,500,S0589,7400,14.8,-6.41227531433105,-0.201484495401382,0.0372896679677069,-0.238774166454709,0.245302123745819,false,false,false,true,false,"`ctd1`, 6 runs, 100 ep | 500 records per seed. Strict domination means carrier sum exceeds the sum of absolute remaining terms; removal_flips_sign is a separate test.",Lion direction units; beta natural log; epoch and step
sc,20,500,S0589,7500,15,-6.31228256225586,-0.20109281539917,0.0406146476976573,-0.241707352211904,0.247173912166852,false,false,false,true,false,"`ctd1`, 6 runs, 100 ep | 500 records per seed. Strict domination means carrier sum exceeds the sum of absolute remaining terms; removal_flips_sign is a separate test.",Lion direction units; beta natural log; epoch and step
sc,20,500,S0589,7600,15.2,-6.21228981018066,-0.201199419796467,0.0496490393765271,-0.250848431490482,0.257337934999561,false,false,false,true,false,"`ctd1`, 6 runs, 100 ep | 500 records per seed. Strict domination means carrier sum exceeds the sum of absolute remaining terms; removal_flips_sign is a separate test.",Lion direction units; beta natural log; epoch and step
sc,20,500,S0589,7700,15.4,-6.11229705810547,-0.191210989654064,0.053500586329028,-0.244711563102811,0.255274594187557,false,false,false,true,false,"`ctd1`, 6 runs, 100 ep | 500 records per seed. Strict domination means carrier sum exceeds the sum of absolute remaining terms; removal_flips_sign is a separate test.",Lion direction units; beta natural log; epoch and step
sc,20,500,S0589,7800,15.6,-6.01230430603027,-0.206708273291588,0.0665184180252254,-0.273226642659813,0.286997075523198,false,false,false,true,false,"`ctd1`, 6 runs, 100 ep | 500 records per seed. Strict domination means carrier sum exceeds the sum of absolute remaining terms; removal_flips_sign is a separate test.",Lion direction units; beta natural log; epoch and step
sc,20,500,S0589,7900,15.8,-5.91231155395508,-0.196119636297226,0.0727755415253341,-0.268895115850279,0.280728970820661,false,false,false,true,false,"`ctd1`, 6 runs, 100 ep | 500 records per seed. Strict domination means carrier sum exceeds the sum of absolute remaining terms; removal_flips_sign is a separate test.",Lion direction units; beta natural log; epoch and step
sc,20,500,S0589,8000,16,-5.81231880187988,-0.185643082857132,0.088509854581207,-0.274152926932629,0.286115073041402,false,false,false,true,false,"`ctd1`, 6 runs, 100 ep | 500 records per seed. Strict domination means carrier sum exceeds the sum of absolute remaining terms; removal_flips_sign is a separate test.",Lion direction units; beta natural log; epoch and step
sc,20,500,S0589,8100,16.2,-5.71232604980469,-0.170252127945423,0.0897967458702624,-0.260048888450876,0.274715366663702,false,false,false,true,false,"`ctd1`, 6 runs, 100 ep | 500 records per seed. Strict domination means carrier sum exceeds the sum of absolute remaining terms; removal_flips_sign is a separate test.",Lion direction units; beta natural log; epoch and step
sc,20,500,S0589,8200,16.4,-5.61233329772949,-0.142517833411694,0.112057949416339,-0.254575821786098,0.271862661317589,false,false,false,true,false,"`ctd1`, 6 runs, 100 ep | 500 records per seed. Strict domination means carrier sum exceeds the sum of absolute remaining terms; removal_flips_sign is a separate test.",Lion direction units; beta natural log; epoch and step
sc,20,500,S0589,8300,16.6,-5.5123405456543,-0.100086322799325,0.12264376655221,-0.222730103868682,0.258280756912202,false,false,false,true,false,"`ctd1`, 6 runs, 100 ep | 500 records per seed. Strict domination means carrier sum exceeds the sum of absolute remaining terms; removal_flips_sign is a separate test.",Lion direction units; beta natural log; epoch and step
sc,20,500,S0589,8400,16.8,-5.4123477935791,-0.075404042750597,0.141060264781117,-0.216464350002819,0.253767502500001,false,false,false,true,false,"`ctd1`, 6 runs, 100 ep | 500 records per seed. Strict domination means carrier sum exceeds the sum of absolute remaining terms; removal_flips_sign is a separate test.",Lion direction units; beta natural log; epoch and step
sc,20,500,S0589,8500,17,-5.31235504150391,-0.0407406415790319,0.165996994450688,-0.206737606135607,0.269265149285502,false,false,false,true,false,"`ctd1`, 6 runs, 100 ep | 500 records per seed. Strict domination means carrier sum exceeds the sum of absolute remaining terms; removal_flips_sign is a separate test.",Lion direction units; beta natural log; epoch and step
sc,20,500,S0589,8600,17.2,-5.21436214447021,-0.0171531360596418,0.180318437889218,-0.197471603472188,0.263626534908015,false,false,false,true,false,"`ctd1`, 6 runs, 100 ep | 500 records per seed. Strict domination means carrier sum exceeds the sum of absolute remaining terms; removal_flips_sign is a separate test.",Lion direction units; beta natural log; epoch and step
sc,20,500,S0589,8700,17.4,-5.21236228942871,0.014967243000865,0.210806973651052,-0.195839764701122,0.277264920870471,false,true,false,true,true,"`ctd1`, 6 runs, 100 ep | 500 records per seed. Strict domination means carrier sum exceeds the sum of absolute remaining terms; removal_flips_sign is a separate test.",Lion direction units; beta natural log; epoch and step
sc,20,500,S0589,8800,17.6,-5.30635547637939,0.0410912061110139,0.2548350058496,-0.213743865130378,0.293720618038286,false,true,false,true,true,"`ctd1`, 6 runs, 100 ep | 500 records per seed. Strict domination means carrier sum exceeds the sum of absolute remaining terms; removal_flips_sign is a separate test.",Lion direction units; beta natural log; epoch and step
sc,20,500,S0589,8900,17.8,-5.40634822845459,0.0829564578831196,0.268520695343614,-0.185564315950219,0.284682547118277,false,true,false,true,true,"`ctd1`, 6 runs, 100 ep | 500 records per seed. Strict domination means carrier sum exceeds the sum of absolute remaining terms; removal_flips_sign is a separate test.",Lion direction units; beta natural log; epoch and step
sc,20,500,S0589,9000,18,-5.50634098052979,0.103106864541769,0.297225017100573,-0.194118178684717,0.308404849125746,false,true,false,true,true,"`ctd1`, 6 runs, 100 ep | 500 records per seed. Strict domination means carrier sum exceeds the sum of absolute remaining terms; removal_flips_sign is a separate test.",Lion direction units; beta natural log; epoch and step
sc,20,500,S0589,9100,18.2,-5.60633373260498,0.123387099802494,0.338874791562557,-0.21548769788111,0.319613377770577,true,true,false,true,true,"`ctd1`, 6 runs, 100 ep | 500 records per seed. Strict domination means carrier sum exceeds the sum of absolute remaining terms; removal_flips_sign is a separate test.",Lion direction units; beta natural log; epoch and step
sc,20,500,S0589,9200,18.4,-5.70632648468018,0.153615298867226,0.361546962708235,-0.207931738157748,0.344338726326243,true,true,false,true,true,"`ctd1`, 6 runs, 100 ep | 500 records per seed. Strict domination means carrier sum exceeds the sum of absolute remaining terms; removal_flips_sign is a separate test.",Lion direction units; beta natural log; epoch and step
sc,20,500,S0589,9300,18.6,-5.80631923675537,0.151014631614089,0.393826485425234,-0.242811951698548,0.359701714802827,true,true,false,true,true,"`ctd1`, 6 runs, 100 ep | 500 records per seed. Strict domination means carrier sum exceeds the sum of absolute remaining terms; removal_flips_sign is a separate test.",Lion direction units; beta natural log; epoch and step
sc,20,500,S0589,9400,18.8,-5.90631198883057,0.167347398400307,0.418666771054268,-0.251319366399915,0.348625587874923,true,true,false,true,true,"`ctd1`, 6 runs, 100 ep | 500 records per seed. Strict domination means carrier sum exceeds the sum of absolute remaining terms; removal_flips_sign is a separate test.",Lion direction units; beta natural log; epoch and step
sc,20,500,S0589,9500,19,-6.00630474090576,0.206458023190498,0.445893108099699,-0.239435104129143,0.3735255990018,true,true,false,true,true,"`ctd1`, 6 runs, 100 ep | 500 records per seed. Strict domination means carrier sum exceeds the sum of absolute remaining terms; removal_flips_sign is a separate test.",Lion direction units; beta natural log; epoch and step
sc,20,500,S0589,9600,19.2,-6.10629749298096,0.167303872108459,0.45151793435216,-0.284214068829235,0.36485185039646,true,true,false,true,true,"`ctd1`, 6 runs, 100 ep | 500 records per seed. Strict domination means carrier sum exceeds the sum of absolute remaining terms; removal_flips_sign is a separate test.",Lion direction units; beta natural log; epoch and step
sc,20,500,S0589,9700,19.4,-6.20629024505615,0.200558706372976,0.465947602689266,-0.265388854523359,0.404275268687922,true,true,false,true,true,"`ctd1`, 6 runs, 100 ep | 500 records per seed. Strict domination means carrier sum exceeds the sum of absolute remaining terms; removal_flips_sign is a separate test.",Lion direction units; beta natural log; epoch and step
sc,20,500,S0589,9800,19.6,-6.30628299713135,0.213730642199516,0.520865698903799,-0.307135002143917,0.446688983620325,true,true,false,true,true,"`ctd1`, 6 runs, 100 ep | 500 records per seed. Strict domination means carrier sum exceeds the sum of absolute remaining terms; removal_flips_sign is a separate test.",Lion direction units; beta natural log; epoch and step
sc,20,500,S0589,9900,19.8,-6.40627574920654,0.220709928870201,0.532185034453869,-0.311475153095985,0.434055266252953,true,true,false,true,true,"`ctd1`, 6 runs, 100 ep | 500 records per seed. Strict domination means carrier sum exceeds the sum of absolute remaining terms; removal_flips_sign is a separate test.",Lion direction units; beta natural log; epoch and step
sc,20,500,S0589,10000,20,-6.50626850128174,0.20104590728879,0.532703007012606,-0.331657099400771,0.430054986360154,true,true,false,true,true,"`ctd1`, 6 runs, 100 ep | 500 records per seed. Strict domination means carrier sum exceeds the sum of absolute remaining terms; removal_flips_sign is a separate test.",Lion direction units; beta natural log; epoch and step
sc,20,500,S0589,10100,20.2,-6.60626125335693,0.221052357554436,0.56831516623497,-0.34726272468266,0.447032287971863,true,true,false,true,true,"`ctd1`, 6 runs, 100 ep | 500 records per seed. Strict domination means carrier sum exceeds the sum of absolute remaining terms; removal_flips_sign is a separate test.",Lion direction units; beta natural log; epoch and step
sc,20,500,S0589,10200,20.4,-6.70625400543213,0.234025131165981,0.580986422300339,-0.346961320685358,0.447005667560433,true,true,false,true,true,"`ctd1`, 6 runs, 100 ep | 500 records per seed. Strict domination means carrier sum exceeds the sum of absolute remaining terms; removal_flips_sign is a separate test.",Lion direction units; beta natural log; epoch and step
sc,20,500,S0589,10300,20.6,-6.80624675750732,0.208020822703838,0.564023917913437,-0.356003070098055,0.463875864532983,true,true,false,true,true,"`ctd1`, 6 runs, 100 ep | 500 records per seed. Strict domination means carrier sum exceeds the sum of absolute remaining terms; removal_flips_sign is a separate test.",Lion direction units; beta natural log; epoch and step
sc,20,500,S0589,10400,20.8,-6.90623950958252,0.239333279430866,0.621821957826614,-0.382488720620401,0.507242761424092,true,true,false,true,true,"`ctd1`, 6 runs, 100 ep | 500 records per seed. Strict domination means carrier sum exceeds the sum of absolute remaining terms; removal_flips_sign is a separate test.",Lion direction units; beta natural log; epoch and step
sc,20,500,S0589,10500,21,-7.00623226165771,0.229816560447216,0.637316371500492,-0.407499811688768,0.521245357032655,true,true,false,true,true,"`ctd1`, 6 runs, 100 ep | 500 records per seed. Strict domination means carrier sum exceeds the sum of absolute remaining terms; removal_flips_sign is a separate test.",Lion direction units; beta natural log; epoch and step
sc,20,500,S0589,10600,21.2,-7.10622501373291,0.23073319196701,0.631800284981728,-0.401067250481145,0.530169173427174,true,true,false,true,true,"`ctd1`, 6 runs, 100 ep | 500 records per seed. Strict domination means carrier sum exceeds the sum of absolute remaining terms; removal_flips_sign is a separate test.",Lion direction units; beta natural log; epoch and step
sc,20,500,S0589,10700,21.4,-7.20621776580811,0.2130231320858,0.648160986602306,-0.435137934748037,0.546992442463001,true,true,false,true,true,"`ctd1`, 6 runs, 100 ep | 500 records per seed. Strict domination means carrier sum exceeds the sum of absolute remaining terms; removal_flips_sign is a separate test.",Lion direction units; beta natural log; epoch and step
sc,20,500,S0589,10800,21.6,-7.3062105178833,0.188979978114367,0.663618503510952,-0.474638310689693,0.575366413402344,true,true,false,true,true,"`ctd1`, 6 runs, 100 ep | 500 records per seed. Strict domination means carrier sum exceeds the sum of absolute remaining terms; removal_flips_sign is a separate test.",Lion direction units; beta natural log; epoch and step
sc,20,500,S0589,10900,21.8,-7.4062032699585,0.205671285837889,0.676715415716171,-0.471044043513928,0.571103707504869,true,true,false,true,true,"`ctd1`, 6 runs, 100 ep | 500 records per seed. Strict domination means carrier sum exceeds the sum of absolute remaining terms; removal_flips_sign is a separate test.",Lion direction units; beta natural log; epoch and step
sc,20,500,S0589,11000,22,-7.50619602203369,0.209133011102676,0.689214313030243,-0.480081209684079,0.585201185951757,true,true,false,true,true,"`ctd1`, 6 runs, 100 ep | 500 records per seed. Strict domination means carrier sum exceeds the sum of absolute remaining terms; removal_flips_sign is a separate test.",Lion direction units; beta natural log; epoch and step
sc,20,500,S0589,11100,22.2,-7.60618877410889,0.231138761341572,0.701063047349453,-0.469924218055598,0.581337383913069,true,true,false,true,true,"`ctd1`, 6 runs, 100 ep | 500 records per seed. Strict domination means carrier sum exceeds the sum of absolute remaining terms; removal_flips_sign is a separate test.",Lion direction units; beta natural log; epoch and step
sc,20,500,S0589,11200,22.4,-7.70618152618408,0.239129531383514,0.713828034698963,-0.474698350613747,0.632334818608089,true,true,false,true,true,"`ctd1`, 6 runs, 100 ep | 500 records per seed. Strict domination means carrier sum exceeds the sum of absolute remaining terms; removal_flips_sign is a separate test.",Lion direction units; beta natural log; epoch and step
sc,20,500,S0589,11300,22.6,-7.80617427825928,0.245426297187805,0.719735123217106,-0.47430879021249,0.606119261899698,true,true,false,true,true,"`ctd1`, 6 runs, 100 ep | 500 records per seed. Strict domination means carrier sum exceeds the sum of absolute remaining terms; removal_flips_sign is a separate test.",Lion direction units; beta natural log; epoch and step
sc,20,500,S0589,11400,22.8,-7.90616703033447,0.219855757430196,0.724939456582069,-0.50508380680637,0.625660881384173,true,true,false,true,true,"`ctd1`, 6 runs, 100 ep | 500 records per seed. Strict domination means carrier sum exceeds the sum of absolute remaining terms; removal_flips_sign is a separate test.",Lion direction units; beta natural log; epoch and step
sc,20,500,S0589,11500,23,-8.00616264343262,0.22660930454731,0.719523464143276,-0.492914270866561,0.634451147324137,true,true,false,true,true,"`ctd1`, 6 runs, 100 ep | 500 records per seed. Strict domination means carrier sum exceeds the sum of absolute remaining terms; removal_flips_sign is a separate test.",Lion direction units; beta natural log; epoch and step
sc,20,500,S0589,11600,23.2,-8.10620307922363,0.216075858473778,0.733355021476746,-0.517279188572343,0.641979107461714,true,true,false,true,true,"`ctd1`, 6 runs, 100 ep | 500 records per seed. Strict domination means carrier sum exceeds the sum of absolute remaining terms; removal_flips_sign is a separate test.",Lion direction units; beta natural log; epoch and step
sc,20,500,S0589,11700,23.4,-8.20624351501465,0.191148212552071,0.729126037657261,-0.537978148035131,0.664006003577083,true,true,false,true,true,"`ctd1`, 6 runs, 100 ep | 500 records per seed. Strict domination means carrier sum exceeds the sum of absolute remaining terms; removal_flips_sign is a separate test.",Lion direction units; beta natural log; epoch and step
sc,20,500,S0589,11800,23.6,-8.30628395080566,0.244509786367416,0.760969267785549,-0.516459761102543,0.643816103965354,true,true,false,true,true,"`ctd1`, 6 runs, 100 ep | 500 records per seed. Strict domination means carrier sum exceeds the sum of absolute remaining terms; removal_flips_sign is a separate test.",Lion direction units; beta natural log; epoch and step
sc,20,500,S0589,11900,23.8,-8.40632438659668,0.252778185904026,0.730159382522106,-0.477381182025866,0.607202877789669,true,true,false,true,true,"`ctd1`, 6 runs, 100 ep | 500 records per seed. Strict domination means carrier sum exceeds the sum of absolute remaining terms; removal_flips_sign is a separate test.",Lion direction units; beta natural log; epoch and step
sc,20,500,S0589,12000,24,-8.5063648223877,0.207055661082268,0.750249163806438,-0.543193378985325,0.652905204042236,true,true,false,true,true,"`ctd1`, 6 runs, 100 ep | 500 records per seed. Strict domination means carrier sum exceeds the sum of absolute remaining terms; removal_flips_sign is a separate test.",Lion direction units; beta natural log; epoch and step
sc,20,500,S0589,12100,24.2,-8.60640525817871,0.230839870870113,0.759741951525211,-0.528902064213787,0.634759503357952,true,true,false,true,true,"`ctd1`, 6 runs, 100 ep | 500 records per seed. Strict domination means carrier sum exceeds the sum of absolute remaining terms; removal_flips_sign is a separate test.",Lion direction units; beta natural log; epoch and step
sc,20,500,S0589,12200,24.4,-8.70644569396973,0.216378276050091,0.747210618853569,-0.530832278971076,0.673054928435721,true,true,false,true,true,"`ctd1`, 6 runs, 100 ep | 500 records per seed. Strict domination means carrier sum exceeds the sum of absolute remaining terms; removal_flips_sign is a separate test.",Lion direction units; beta natural log; epoch and step
sc,20,500,S0589,12300,24.6,-8.80648612976074,0.170270077884197,0.760915507376194,-0.590645469104902,0.742032630952553,true,true,false,true,true,"`ctd1`, 6 runs, 100 ep | 500 records per seed. Strict domination means carrier sum exceeds the sum of absolute remaining terms; removal_flips_sign is a separate test.",Lion direction units; beta natural log; epoch and step
sc,20,500,S0589,12400,24.8,-8.90652656555176,0.231316351890564,0.770746906101704,-0.539430552381788,0.653714334672333,true,true,false,true,true,"`ctd1`, 6 runs, 100 ep | 500 records per seed. Strict domination means carrier sum exceeds the sum of absolute remaining terms; removal_flips_sign is a separate test.",Lion direction units; beta natural log; epoch and step
sc,20,500,S0589,12500,25,-9.00656700134277,0.19351252168417,0.746695019304752,-0.553182636272243,0.653689834538238,true,true,false,true,true,"`ctd1`, 6 runs, 100 ep | 500 records per seed. Strict domination means carrier sum exceeds the sum of absolute remaining terms; removal_flips_sign is a separate test.",Lion direction units; beta natural log; epoch and step
sc,20,500,S0589,12600,25.2,-9.10660743713379,0.169478330016136,0.752001117169857,-0.582522748737318,0.713349670411043,true,true,false,true,true,"`ctd1`, 6 runs, 100 ep | 500 records per seed. Strict domination means carrier sum exceeds the sum of absolute remaining terms; removal_flips_sign is a separate test.",Lion direction units; beta natural log; epoch and step
sc,20,500,S0589,12700,25.4,-9.2066478729248,0.180396538972855,0.760980747640133,-0.580584046309866,0.702432655838118,true,true,false,true,true,"`ctd1`, 6 runs, 100 ep | 500 records per seed. Strict domination means carrier sum exceeds the sum of absolute remaining terms; removal_flips_sign is a separate test.",Lion direction units; beta natural log; epoch and step
sc,20,500,S0589,12800,25.6,-9.30668830871582,0.183235724270344,0.768632000684738,-0.585396302425588,0.710136442722259,true,true,false,true,true,"`ctd1`, 6 runs, 100 ep | 500 records per seed. Strict domination means carrier sum exceeds the sum of absolute remaining terms; removal_flips_sign is a separate test.",Lion direction units; beta natural log; epoch and step
sc,20,500,S0589,12900,25.8,-9.40672874450684,0.206008081138134,0.764560928940773,-0.558552780182276,0.661037862324542,true,true,false,true,true,"`ctd1`, 6 runs, 100 ep | 500 records per seed. Strict domination means carrier sum exceeds the sum of absolute remaining terms; removal_flips_sign is a separate test.",Lion direction units; beta natural log; epoch and step
sc,20,500,S0589,13000,26,-9.50676918029785,0.17626988440752,0.761176039278507,-0.584906253100257,0.702612078464358,true,true,false,true,true,"`ctd1`, 6 runs, 100 ep | 500 records per seed. Strict domination means carrier sum exceeds the sum of absolute remaining terms; removal_flips_sign is a separate test.",Lion direction units; beta natural log; epoch and step
sc,20,500,S0589,13100,26.2,-9.60680961608887,0.207471093535423,0.766552895307541,-0.559081642331012,0.675245700592268,true,true,false,true,true,"`ctd1`, 6 runs, 100 ep | 500 records per seed. Strict domination means carrier sum exceeds the sum of absolute remaining terms; removal_flips_sign is a separate test.",Lion direction units; beta natural log; epoch and step
sc,20,500,S0589,13200,26.4,-9.70685005187988,0.181072451174259,0.764450854063034,-0.58337807470179,0.733075441806869,true,true,false,true,true,"`ctd1`, 6 runs, 100 ep | 500 records per seed. Strict domination means carrier sum exceeds the sum of absolute remaining terms; removal_flips_sign is a separate test.",Lion direction units; beta natural log; epoch and step
sc,20,500,S0589,13300,26.6,-9.8068904876709,0.206769086420536,0.781680814921856,-0.574911614258795,0.700170045723169,true,true,false,true,true,"`ctd1`, 6 runs, 100 ep | 500 records per seed. Strict domination means carrier sum exceeds the sum of absolute remaining terms; removal_flips_sign is a separate test.",Lion direction units; beta natural log; epoch and step
sc,20,500,S0589,13400,26.8,-9.90693092346191,0.186390880029649,0.786302058398724,-0.599910971471201,0.702402654985264,true,true,false,true,true,"`ctd1`, 6 runs, 100 ep | 500 records per seed. Strict domination means carrier sum exceeds the sum of absolute remaining terms; removal_flips_sign is a separate test.",Lion direction units; beta natural log; epoch and step
sc,20,500,S0589,13500,27,-10.0069713592529,0.181643895804882,0.778017100691795,-0.596373164618544,0.721437374916067,true,true,false,true,true,"`ctd1`, 6 runs, 100 ep | 500 records per seed. Strict domination means carrier sum exceeds the sum of absolute remaining terms; removal_flips_sign is a separate test.",Lion direction units; beta natural log; epoch and step
sc,20,500,S0589,13600,27.2,-10.1070117950439,0.219818867743015,0.77066155821085,-0.550842666508777,0.674672456359929,true,true,false,true,true,"`ctd1`, 6 runs, 100 ep | 500 records per seed. Strict domination means carrier sum exceeds the sum of absolute remaining terms; removal_flips_sign is a separate test.",Lion direction units; beta natural log; epoch and step
sc,20,500,S0589,13700,27.4,-10.207052230835,0.212726205587387,0.784586319327354,-0.571860027707868,0.693827692381791,true,true,false,true,true,"`ctd1`, 6 runs, 100 ep | 500 records per seed. Strict domination means carrier sum exceeds the sum of absolute remaining terms; removal_flips_sign is a separate test.",Lion direction units; beta natural log; epoch and step
sc,20,500,S0589,13800,27.6,-10.307092666626,0.164769030362368,0.788203445076942,-0.623434262351145,0.758685180669556,true,true,false,true,true,"`ctd1`, 6 runs, 100 ep | 500 records per seed. Strict domination means carrier sum exceeds the sum of absolute remaining terms; removal_flips_sign is a separate test.",Lion direction units; beta natural log; epoch and step
sc,20,500,S0589,13900,27.8,-10.407133102417,0.169926782697439,0.78924113214016,-0.619314219084211,0.761808048698825,true,true,false,true,true,"`ctd1`, 6 runs, 100 ep | 500 records per seed. Strict domination means carrier sum exceeds the sum of absolute remaining terms; removal_flips_sign is a separate test.",Lion direction units; beta natural log; epoch and step
sc,20,500,S0589,14000,28,-10.507173538208,0.194075086712837,0.785078819096088,-0.591003767334621,0.744695781925145,true,true,false,true,true,"`ctd1`, 6 runs, 100 ep | 500 records per seed. Strict domination means carrier sum exceeds the sum of absolute remaining terms; removal_flips_sign is a separate test.",Lion direction units; beta natural log; epoch and step
sc,20,500,S0589,14100,28.2,-10.607213973999,0.216682943701744,0.802929012477398,-0.586245977962497,0.710528956624583,true,true,false,true,true,"`ctd1`, 6 runs, 100 ep | 500 records per seed. Strict domination means carrier sum exceeds the sum of absolute remaining terms; removal_flips_sign is a separate test.",Lion direction units; beta natural log; epoch and step
sc,20,500,S0589,14200,28.4,-10.70725440979,0.180546237528324,0.765389803051949,-0.584843620922314,0.695555353131297,true,true,false,true,true,"`ctd1`, 6 runs, 100 ep | 500 records per seed. Strict domination means carrier sum exceeds the sum of absolute remaining terms; removal_flips_sign is a separate test.",Lion direction units; beta natural log; epoch and step
sc,20,500,S0589,14300,28.6,-10.8072948455811,0.199383860826492,0.775095646083355,-0.575711749650799,0.684598496999632,true,true,false,true,true,"`ctd1`, 6 runs, 100 ep | 500 records per seed. Strict domination means carrier sum exceeds the sum of absolute remaining terms; removal_flips_sign is a separate test.",Lion direction units; beta natural log; epoch and step
sc,20,500,S0589,14400,28.8,-10.9073352813721,0.189361874759197,0.784002517163754,-0.594640602713861,0.716053309202852,true,true,false,true,true,"`ctd1`, 6 runs, 100 ep | 500 records per seed. Strict domination means carrier sum exceeds the sum of absolute remaining terms; removal_flips_sign is a separate test.",Lion direction units; beta natural log; epoch and step
sc,20,500,S0589,14500,29,-11.0073757171631,0.198665505647659,0.802066384255886,-0.603400845815673,0.728358778697481,true,true,false,true,true,"`ctd1`, 6 runs, 100 ep | 500 records per seed. Strict domination means carrier sum exceeds the sum of absolute remaining terms; removal_flips_sign is a separate test.",Lion direction units; beta natural log; epoch and step
sc,20,500,S0589,14600,29.2,-11.1074161529541,0.15442917495966,0.792847108840942,-0.638417938683321,0.763727719396317,true,true,false,true,true,"`ctd1`, 6 runs, 100 ep | 500 records per seed. Strict domination means carrier sum exceeds the sum of absolute remaining terms; removal_flips_sign is a separate test.",Lion direction units; beta natural log; epoch and step
sc,20,500,S0589,14700,29.4,-11.2074565887451,0.204516126215458,0.793602399528027,-0.589086434433762,0.706848206724976,true,true,false,true,true,"`ctd1`, 6 runs, 100 ep | 500 records per seed. Strict domination means carrier sum exceeds the sum of absolute remaining terms; removal_flips_sign is a separate test.",Lion direction units; beta natural log; epoch and step
sc,20,500,S0589,14800,29.6,-11.3074970245361,0.231926180422306,0.784567223489285,-0.552641231161738,0.703767638268596,true,true,false,true,true,"`ctd1`, 6 runs, 100 ep | 500 records per seed. Strict domination means carrier sum exceeds the sum of absolute remaining terms; removal_flips_sign is a separate test.",Lion direction units; beta natural log; epoch and step
sc,20,500,S0589,14900,29.8,-11.4075374603271,0.215752190351486,0.785153812170029,-0.569401526850839,0.699317578132974,true,true,false,true,true,"`ctd1`, 6 runs, 100 ep | 500 records per seed. Strict domination means carrier sum exceeds the sum of absolute remaining terms; removal_flips_sign is a separate test.",Lion direction units; beta natural log; epoch and step
sc,20,500,S0589,15000,30,-11.5075778961182,0.212543822824955,0.784602208435535,-0.572058314957917,0.690783108314986,true,true,false,true,true,"`ctd1`, 6 runs, 100 ep | 500 records per seed. Strict domination means carrier sum exceeds the sum of absolute remaining terms; removal_flips_sign is a separate test.",Lion direction units; beta natural log; epoch and step
sc,20,500,S0589,15100,30.2,-11.6076183319092,0.185534045100212,0.7825394064188,-0.59700518353377,0.729577955665559,true,true,false,true,true,"`ctd1`, 6 runs, 100 ep | 500 records per seed. Strict domination means carrier sum exceeds the sum of absolute remaining terms; removal_flips_sign is a separate test.",Lion direction units; beta natural log; epoch and step
sc,20,500,S0589,15200,30.4,-11.7076587677002,0.174414397031069,0.752489955723286,-0.578075410018357,0.706225199025232,true,true,false,true,true,"`ctd1`, 6 runs, 100 ep | 500 records per seed. Strict domination means carrier sum exceeds the sum of absolute remaining terms; removal_flips_sign is a separate test.",Lion direction units; beta natural log; epoch and step
sc,20,500,S0589,15300,30.6,-11.8076992034912,0.157696762681007,0.786414754390717,-0.628717892063969,0.762450711576548,true,true,false,true,true,"`ctd1`, 6 runs, 100 ep | 500 records per seed. Strict domination means carrier sum exceeds the sum of absolute remaining terms; removal_flips_sign is a separate test.",Lion direction units; beta natural log; epoch and step
sc,20,500,S0589,15400,30.8,-11.9077396392822,0.214209097623825,0.787924402952194,-0.573715055045864,0.731147818417549,true,true,false,true,true,"`ctd1`, 6 runs, 100 ep | 500 records per seed. Strict domination means carrier sum exceeds the sum of absolute remaining terms; removal_flips_sign is a separate test.",Lion direction units; beta natural log; epoch and step
sc,20,500,S0589,15500,31,-12.0077800750732,0.186904019117355,0.792445415258408,-0.605541392233431,0.735361684635723,true,true,false,true,true,"`ctd1`, 6 runs, 100 ep | 500 records per seed. Strict domination means carrier sum exceeds the sum of absolute remaining terms; removal_flips_sign is a separate test.",Lion direction units; beta natural log; epoch and step
sc,20,500,S0589,15600,31.2,-12.1078205108643,0.219897611439228,0.785564422607422,-0.565666611103927,0.701502847238783,true,true,false,true,true,"`ctd1`, 6 runs, 100 ep | 500 records per seed. Strict domination means carrier sum exceeds the sum of absolute remaining terms; removal_flips_sign is a separate test.",Lion direction units; beta natural log; epoch and step
sc,20,500,S0589,15700,31.4,-12.2078609466553,0.190946424007416,0.777702811360359,-0.586756376441682,0.727948350636135,true,true,false,true,true,"`ctd1`, 6 runs, 100 ep | 500 records per seed. Strict domination means carrier sum exceeds the sum of absolute remaining terms; removal_flips_sign is a separate test.",Lion direction units; beta natural log; epoch and step
sc,20,500,S0589,15800,31.6,-12.3079013824463,0.228432396054268,0.795045891404152,-0.566613580903612,0.708568240636845,true,true,false,true,true,"`ctd1`, 6 runs, 100 ep | 500 records per seed. Strict domination means carrier sum exceeds the sum of absolute remaining terms; removal_flips_sign is a separate test.",Lion direction units; beta natural log; epoch and step
sc,20,500,S0589,15900,31.8,-12.4079418182373,0.199415035545826,0.798781922459602,-0.599366959147727,0.713984466192477,true,true,false,true,true,"`ctd1`, 6 runs, 100 ep | 500 records per seed. Strict domination means carrier sum exceeds the sum of absolute remaining terms; removal_flips_sign is a separate test.",Lion direction units; beta natural log; epoch and step
sc,20,500,S0589,16000,32,-12.5079822540283,0.168720030784607,0.780196964740753,-0.611477070672544,0.741289998813835,true,true,false,true,true,"`ctd1`, 6 runs, 100 ep | 500 records per seed. Strict domination means carrier sum exceeds the sum of absolute remaining terms; removal_flips_sign is a separate test.",Lion direction units; beta natural log; epoch and step
sc,20,500,S0589,16100,32.2,-12.6080226898193,0.186171884834766,0.78596186041832,-0.599790288263716,0.728743998085952,true,true,false,true,true,"`ctd1`, 6 runs, 100 ep | 500 records per seed. Strict domination means carrier sum exceeds the sum of absolute remaining terms; removal_flips_sign is a separate test.",Lion direction units; beta natural log; epoch and step
sc,20,500,S0589,16200,32.4,-12.7080631256104,0.183015921711922,0.771157731115818,-0.58814203037399,0.704979856913258,true,true,false,true,true,"`ctd1`, 6 runs, 100 ep | 500 records per seed. Strict domination means carrier sum exceeds the sum of absolute remaining terms; removal_flips_sign is a separate test.",Lion direction units; beta natural log; epoch and step
sc,20,500,S0589,16300,32.6,-12.8081035614014,0.149629408121109,0.779861536622047,-0.630232135177141,0.746349290389719,true,true,false,true,true,"`ctd1`, 6 runs, 100 ep | 500 records per seed. Strict domination means carrier sum exceeds the sum of absolute remaining terms; removal_flips_sign is a separate test.",Lion direction units; beta natural log; epoch and step
sc,20,500,S0589,16400,32.8,-12.9081439971924,0.17474804893136,0.7716338083148,-0.596885725219801,0.725260536221214,true,true,false,true,true,"`ctd1`, 6 runs, 100 ep | 500 records per seed. Strict domination means carrier sum exceeds the sum of absolute remaining terms; removal_flips_sign is a separate test.",Lion direction units; beta natural log; epoch and step
sc,20,500,S0589,16500,33,-13.0081844329834,0.199598300457001,0.780247189104557,-0.580648939517809,0.717078860272736,true,true,false,true,true,"`ctd1`, 6 runs, 100 ep | 500 records per seed. Strict domination means carrier sum exceeds the sum of absolute remaining terms; removal_flips_sign is a separate test.",Lion direction units; beta natural log; epoch and step
sc,20,500,S0589,16600,33.2,-13.1082248687744,0.20967995673418,0.811927898228168,-0.602247865166856,0.722042400920344,true,true,false,true,true,"`ctd1`, 6 runs, 100 ep | 500 records per seed. Strict domination means carrier sum exceeds the sum of absolute remaining terms; removal_flips_sign is a separate test.",Lion direction units; beta natural log; epoch and step
sc,20,500,S0589,16700,33.4,-13.2082653045654,0.196558573842049,0.795971548557282,-0.599412946496034,0.733266913133878,true,true,false,true,true,"`ctd1`, 6 runs, 100 ep | 500 records per seed. Strict domination means carrier sum exceeds the sum of absolute remaining terms; removal_flips_sign is a separate test.",Lion direction units; beta natural log; epoch and step
sc,20,500,S0589,16800,33.6,-13.3083057403564,0.174723644554615,0.791671645641327,-0.616947941191836,0.73914304123906,true,true,false,true,true,"`ctd1`, 6 runs, 100 ep | 500 records per seed. Strict domination means carrier sum exceeds the sum of absolute remaining terms; removal_flips_sign is a separate test.",Lion direction units; beta natural log; epoch and step
sc,20,500,S0589,16900,33.8,-13.4083461761475,0.193613885343075,0.791643196344376,-0.59802921929678,0.719085750412694,true,true,false,true,true,"`ctd1`, 6 runs, 100 ep | 500 records per seed. Strict domination means carrier sum exceeds the sum of absolute remaining terms; removal_flips_sign is a separate test.",Lion direction units; beta natural log; epoch and step
sc,20,500,S0589,17000,34,-13.5083866119385,0.199568901956081,0.79228041023016,-0.592711426909307,0.693445945573956,true,true,false,true,true,"`ctd1`, 6 runs, 100 ep | 500 records per seed. Strict domination means carrier sum exceeds the sum of absolute remaining terms; removal_flips_sign is a separate test.",Lion direction units; beta natural log; epoch and step
sc,20,500,S0589,17100,34.2,-13.6084270477295,0.168659802153707,0.784924274682999,-0.616264452473663,0.739857855238253,true,true,false,true,true,"`ctd1`, 6 runs, 100 ep | 500 records per seed. Strict domination means carrier sum exceeds the sum of absolute remaining terms; removal_flips_sign is a separate test.",Lion direction units; beta natural log; epoch and step
sc,20,500,S0589,17200,34.4,-13.7084674835205,0.196059090271592,0.796976137161255,-0.600916876585984,0.730302478241742,true,true,false,true,true,"`ctd1`, 6 runs, 100 ep | 500 records per seed. Strict domination means carrier sum exceeds the sum of absolute remaining terms; removal_flips_sign is a separate test.",Lion direction units; beta natural log; epoch and step
sc,20,500,S0589,17300,34.6,-13.8085079193115,0.171453845500946,0.776864472031593,-0.605410618220441,0.716916536443642,true,true,false,true,true,"`ctd1`, 6 runs, 100 ep | 500 records per seed. Strict domination means carrier sum exceeds the sum of absolute remaining terms; removal_flips_sign is a separate test.",Lion direction units; beta natural log; epoch and step
sc,20,500,S0589,17400,34.8,-13.9085483551025,0.157593094557524,0.789529825747013,-0.631936890618994,0.757563358075555,true,true,false,true,true,"`ctd1`, 6 runs, 100 ep | 500 records per seed. Strict domination means carrier sum exceeds the sum of absolute remaining terms; removal_flips_sign is a separate test.",Lion direction units; beta natural log; epoch and step
sc,20,500,S0589,17500,35,-14.0085887908936,0.195374193787575,0.791208501160145,-0.595834262440496,0.714957660908351,true,true,false,true,true,"`ctd1`, 6 runs, 100 ep | 500 records per seed. Strict domination means carrier sum exceeds the sum of absolute remaining terms; removal_flips_sign is a separate test.",Lion direction units; beta natural log; epoch and step
sc,20,500,S0589,17600,35.2,-14.1086292266846,0.175118541717529,0.784148564934731,-0.609029934542821,0.731060007574195,true,true,false,true,true,"`ctd1`, 6 runs, 100 ep | 500 records per seed. Strict domination means carrier sum exceeds the sum of absolute remaining terms; removal_flips_sign is a separate test.",Lion direction units; beta natural log; epoch and step
sc,20,500,S0589,17700,35.4,-14.2086696624756,0.183516585081816,0.794084152579308,-0.610567516233641,0.727834586073186,true,true,false,true,true,"`ctd1`, 6 runs, 100 ep | 500 records per seed. Strict domination means carrier sum exceeds the sum of absolute remaining terms; removal_flips_sign is a separate test.",Lion direction units; beta natural log; epoch and step
sc,20,500,S0589,17800,35.6,-14.3087100982666,0.174885531514883,0.784148095548153,-0.609262614378883,0.734312263669756,true,true,false,true,true,"`ctd1`, 6 runs, 100 ep | 500 records per seed. Strict domination means carrier sum exceeds the sum of absolute remaining terms; removal_flips_sign is a separate test.",Lion direction units; beta natural log; epoch and step
sc,20,500,S0589,17900,35.8,-14.4087505340576,0.198942504823208,0.789975740015507,-0.591033257645859,0.731346031984504,true,true,false,true,true,"`ctd1`, 6 runs, 100 ep | 500 records per seed. Strict domination means carrier sum exceeds the sum of absolute remaining terms; removal_flips_sign is a separate test.",Lion direction units; beta natural log; epoch and step
sc,20,500,S0589,18000,36,-14.5087909698486,0.219592405855656,0.781792856752873,-0.562200577755948,0.715958514547992,true,true,false,true,true,"`ctd1`, 6 runs, 100 ep | 500 records per seed. Strict domination means carrier sum exceeds the sum of absolute remaining terms; removal_flips_sign is a separate test.",Lion direction units; beta natural log; epoch and step
sc,20,500,S0589,18100,36.2,-14.6088314056396,0.208852291107178,0.808015015721321,-0.599162963487572,0.730186802459434,true,true,false,true,true,"`ctd1`, 6 runs, 100 ep | 500 records per seed. Strict domination means carrier sum exceeds the sum of absolute remaining terms; removal_flips_sign is a separate test.",Lion direction units; beta natural log; epoch and step
sc,20,500,S0589,18200,36.4,-14.7088718414307,0.199968756735325,0.79330986738205,-0.593341203659486,0.713097666028455,true,true,false,true,true,"`ctd1`, 6 runs, 100 ep | 500 records per seed. Strict domination means carrier sum exceeds the sum of absolute remaining terms; removal_flips_sign is a separate test.",Lion direction units; beta natural log; epoch and step
sc,20,500,S0589,18300,36.6,-14.8089122772217,0.208497060835361,0.799349795281887,-0.590852748062821,0.718767718690538,true,true,false,true,true,"`ctd1`, 6 runs, 100 ep | 500 records per seed. Strict domination means carrier sum exceeds the sum of absolute remaining terms; removal_flips_sign is a separate test.",Lion direction units; beta natural log; epoch and step
sc,20,500,S0589,18400,36.8,-14.9089527130127,0.203054754436016,0.792687852680683,-0.589633111536585,0.709563070412645,true,true,false,true,true,"`ctd1`, 6 runs, 100 ep | 500 records per seed. Strict domination means carrier sum exceeds the sum of absolute remaining terms; removal_flips_sign is a separate test.",Lion direction units; beta natural log; epoch and step
sc,20,500,S0589,18500,37,-15,0.171514408290386,0.764175489544868,-0.592661296380106,0.713880374474616,true,true,true,true,true,"`ctd1`, 6 runs, 100 ep | 500 records per seed. Strict domination means carrier sum exceeds the sum of absolute remaining terms; removal_flips_sign is a separate test.",Lion direction units; beta natural log; epoch and step
sc,20,500,S0589,18600,37.2,-15,0.217580072581768,0.791102960705757,-0.573523147012793,0.749388792625587,true,true,true,true,true,"`ctd1`, 6 runs, 100 ep | 500 records per seed. Strict domination means carrier sum exceeds the sum of absolute remaining terms; removal_flips_sign is a separate test.",Lion direction units; beta natural log; epoch and step
sc,20,500,S0589,18700,37.4,-15,0.185209758579731,0.784020298719406,-0.598810720084164,0.736441630623601,true,true,true,true,true,"`ctd1`, 6 runs, 100 ep | 500 records per seed. Strict domination means carrier sum exceeds the sum of absolute remaining terms; removal_flips_sign is a separate test.",Lion direction units; beta natural log; epoch and step
sc,20,500,S0589,18800,37.6,-15,0.168779493868351,0.79190089404583,-0.623121361177306,0.755431196884052,true,true,true,true,true,"`ctd1`, 6 runs, 100 ep | 500 records per seed. Strict domination means carrier sum exceeds the sum of absolute remaining terms; removal_flips_sign is a separate test.",Lion direction units; beta natural log; epoch and step
sc,20,500,S0589,18900,37.8,-15,0.194797509908676,0.778350040316582,-0.583552741013307,0.701853751801593,true,true,true,true,true,"`ctd1`, 6 runs, 100 ep | 500 records per seed. Strict domination means carrier sum exceeds the sum of absolute remaining terms; removal_flips_sign is a separate test.",Lion direction units; beta natural log; epoch and step
sc,20,500,S0589,19000,38,-15,0.232546134293079,0.814554968476295,-0.582008959379834,0.709677671608313,true,true,true,true,true,"`ctd1`, 6 runs, 100 ep | 500 records per seed. Strict domination means carrier sum exceeds the sum of absolute remaining terms; removal_flips_sign is a separate test.",Lion direction units; beta natural log; epoch and step
sc,20,500,S0589,19100,38.2,-15,0.212271159887314,0.786857797205448,-0.574586705737664,0.710116456640588,true,true,true,true,true,"`ctd1`, 6 runs, 100 ep | 500 records per seed. Strict domination means carrier sum exceeds the sum of absolute remaining terms; removal_flips_sign is a separate test.",Lion direction units; beta natural log; epoch and step
sc,20,500,S0589,19200,38.4,-15,0.210665743052959,0.791849027574062,-0.581183255651388,0.708659650463153,true,true,true,true,true,"`ctd1`, 6 runs, 100 ep | 500 records per seed. Strict domination means carrier sum exceeds the sum of absolute remaining terms; removal_flips_sign is a separate test.",Lion direction units; beta natural log; epoch and step
sc,20,500,S0589,19300,38.6,-15,0.200429840385914,0.791304598748684,-0.590874777498482,0.717408294403219,true,true,true,true,true,"`ctd1`, 6 runs, 100 ep | 500 records per seed. Strict domination means carrier sum exceeds the sum of absolute remaining terms; removal_flips_sign is a separate test.",Lion direction units; beta natural log; epoch and step
sc,20,500,S0589,19400,38.8,-15,0.174918219447136,0.788220939040184,-0.613302858704139,0.745397560537288,true,true,true,true,true,"`ctd1`, 6 runs, 100 ep | 500 records per seed. Strict domination means carrier sum exceeds the sum of absolute remaining terms; removal_flips_sign is a separate test.",Lion direction units; beta natural log; epoch and step
sc,20,500,S0589,19500,39,-15,0.181964559853077,0.789138194918632,-0.607173732517208,0.727803657480058,true,true,true,true,true,"`ctd1`, 6 runs, 100 ep | 500 records per seed. Strict domination means carrier sum exceeds the sum of absolute remaining terms; removal_flips_sign is a separate test.",Lion direction units; beta natural log; epoch and step
sc,20,500,S0589,19600,39.2,-15,0.203381676971912,0.804014420509338,-0.600632644286094,0.729921278225271,true,true,true,true,true,"`ctd1`, 6 runs, 100 ep | 500 records per seed. Strict domination means carrier sum exceeds the sum of absolute remaining terms; removal_flips_sign is a separate test.",Lion direction units; beta natural log; epoch and step
sc,20,500,S0589,19700,39.4,-15,0.175878620892763,0.78234435915947,-0.606465768484223,0.741347863264652,true,true,true,true,true,"`ctd1`, 6 runs, 100 ep | 500 records per seed. Strict domination means carrier sum exceeds the sum of absolute remaining terms; removal_flips_sign is a separate test.",Lion direction units; beta natural log; epoch and step
sc,20,500,S0589,19800,39.6,-15,0.213922634720802,0.788507008552551,-0.57458423850502,0.709049799283991,true,true,true,true,true,"`ctd1`, 6 runs, 100 ep | 500 records per seed. Strict domination means carrier sum exceeds the sum of absolute remaining terms; removal_flips_sign is a separate test.",Lion direction units; beta natural log; epoch and step
sc,20,500,S0589,19900,39.8,-15,0.19330297857523,0.788526308536529,-0.595223011849123,0.722292729571529,true,true,true,true,true,"`ctd1`, 6 runs, 100 ep | 500 records per seed. Strict domination means carrier sum exceeds the sum of absolute remaining terms; removal_flips_sign is a separate test.",Lion direction units; beta natural log; epoch and step
sc,20,500,S0589,20000,40,-15,0.191035597026348,0.781890361011028,-0.590854818447161,0.708065822845975,true,true,true,true,true,"`ctd1`, 6 runs, 100 ep | 500 records per seed. Strict domination means carrier sum exceeds the sum of absolute remaining terms; removal_flips_sign is a separate test.",Lion direction units; beta natural log; epoch and step
sc,20,500,S0589,20100,40.2,-15,0.183716729283333,0.791757284104824,-0.608040622266842,0.724581435095567,true,true,true,true,true,"`ctd1`, 6 runs, 100 ep | 500 records per seed. Strict domination means carrier sum exceeds the sum of absolute remaining terms; removal_flips_sign is a separate test.",Lion direction units; beta natural log; epoch and step
sc,20,500,S0589,20200,40.4,-15,0.177953198552132,0.775831370055676,-0.597878369727982,0.719125289799808,true,true,true,true,true,"`ctd1`, 6 runs, 100 ep | 500 records per seed. Strict domination means carrier sum exceeds the sum of absolute remaining terms; removal_flips_sign is a separate test.",Lion direction units; beta natural log; epoch and step
sc,20,500,S0589,20300,40.6,-15,0.190835373103619,0.787698465585709,-0.59686316743406,0.721719440458457,true,true,true,true,true,"`ctd1`, 6 runs, 100 ep | 500 records per seed. Strict domination means carrier sum exceeds the sum of absolute remaining terms; removal_flips_sign is a separate test.",Lion direction units; beta natural log; epoch and step
sc,20,500,S0589,20400,40.8,-15,0.196029984951019,0.789703710377216,-0.59367371109704,0.721131652919166,true,true,true,true,true,"`ctd1`, 6 runs, 100 ep | 500 records per seed. Strict domination means carrier sum exceeds the sum of absolute remaining terms; removal_flips_sign is a separate test.",Lion direction units; beta natural log; epoch and step
sc,20,500,S0589,20500,41,-15,0.199791181087494,0.785630010068417,-0.585838972320815,0.695563620751844,true,true,true,true,true,"`ctd1`, 6 runs, 100 ep | 500 records per seed. Strict domination means carrier sum exceeds the sum of absolute remaining terms; removal_flips_sign is a separate test.",Lion direction units; beta natural log; epoch and step
sc,20,500,S0589,20600,41.2,-15,0.194845940172672,0.796162454783917,-0.601316627703152,0.725391865408666,true,true,true,true,true,"`ctd1`, 6 runs, 100 ep | 500 records per seed. Strict domination means carrier sum exceeds the sum of absolute remaining terms; removal_flips_sign is a separate test.",Lion direction units; beta natural log; epoch and step
sc,20,500,S0589,20700,41.4,-15,0.179730232805014,0.804532311856747,-0.624801965995795,0.737253644880985,true,true,true,true,true,"`ctd1`, 6 runs, 100 ep | 500 records per seed. Strict domination means carrier sum exceeds the sum of absolute remaining terms; removal_flips_sign is a separate test.",Lion direction units; beta natural log; epoch and step
sc,20,500,S0589,20800,41.6,-15,0.177069808542728,0.783107723295689,-0.60603768834481,0.732399343850926,true,true,true,true,true,"`ctd1`, 6 runs, 100 ep | 500 records per seed. Strict domination means carrier sum exceeds the sum of absolute remaining terms; removal_flips_sign is a separate test.",Lion direction units; beta natural log; epoch and step
sc,20,500,S0589,20900,41.8,-15,0.222341103851795,0.80127137452364,-0.578930354155329,0.702439684848298,true,true,true,true,true,"`ctd1`, 6 runs, 100 ep | 500 records per seed. Strict domination means carrier sum exceeds the sum of absolute remaining terms; removal_flips_sign is a separate test.",Lion direction units; beta natural log; epoch and step
sc,20,500,S0589,21000,42,-15,0.206490640342236,0.790980054438114,-0.584489205717227,0.735481244180528,true,true,true,true,true,"`ctd1`, 6 runs, 100 ep | 500 records per seed. Strict domination means carrier sum exceeds the sum of absolute remaining terms; removal_flips_sign is a separate test.",Lion direction units; beta natural log; epoch and step
sc,20,500,S0589,21100,42.2,-15,0.213525024056435,0.80223783403635,-0.588712743809137,0.699304357399305,true,true,true,true,true,"`ctd1`, 6 runs, 100 ep | 500 records per seed. Strict domination means carrier sum exceeds the sum of absolute remaining terms; removal_flips_sign is a separate test.",Lion direction units; beta natural log; epoch and step
sc,20,500,S0589,21200,42.4,-15,0.17091051414609,0.784846143424511,-0.613935454446725,0.74575192485551,true,true,true,true,true,"`ctd1`, 6 runs, 100 ep | 500 records per seed. Strict domination means carrier sum exceeds the sum of absolute remaining terms; removal_flips_sign is a separate test.",Lion direction units; beta natural log; epoch and step
sc,20,500,S0589,21300,42.6,-15,0.193001957237721,0.789377892017364,-0.596375746784199,0.723439955044634,true,true,true,true,true,"`ctd1`, 6 runs, 100 ep | 500 records per seed. Strict domination means carrier sum exceeds the sum of absolute remaining terms; removal_flips_sign is a separate test.",Lion direction units; beta natural log; epoch and step
sc,20,500,S0589,21400,42.8,-15,0.209722054004669,0.786237801611424,-0.576515513322022,0.686352937839922,true,true,true,true,true,"`ctd1`, 6 runs, 100 ep | 500 records per seed. Strict domination means carrier sum exceeds the sum of absolute remaining terms; removal_flips_sign is a separate test.",Lion direction units; beta natural log; epoch and step
sc,20,500,S0589,21500,43,-15,0.218974840641022,0.787383639812469,-0.568408818318983,0.707941954652426,true,true,true,true,true,"`ctd1`, 6 runs, 100 ep | 500 records per seed. Strict domination means carrier sum exceeds the sum of absolute remaining terms; removal_flips_sign is a separate test.",Lion direction units; beta natural log; epoch and step
sc,20,500,S0589,21600,43.2,-15,0.210528239607811,0.789546097815037,-0.579017823396578,0.707136783179942,true,true,true,true,true,"`ctd1`, 6 runs, 100 ep | 500 records per seed. Strict domination means carrier sum exceeds the sum of absolute remaining terms; removal_flips_sign is a separate test.",Lion direction units; beta natural log; epoch and step
sc,20,500,S0589,21700,43.4,-15,0.170457035303116,0.79528640806675,-0.624829271072508,0.747474736373192,true,true,true,true,true,"`ctd1`, 6 runs, 100 ep | 500 records per seed. Strict domination means carrier sum exceeds the sum of absolute remaining terms; removal_flips_sign is a separate test.",Lion direction units; beta natural log; epoch and step
sc,20,500,S0589,21800,43.6,-15,0.227270621061325,0.801165977120399,-0.573895069057642,0.729705368874136,true,true,true,true,true,"`ctd1`, 6 runs, 100 ep | 500 records per seed. Strict domination means carrier sum exceeds the sum of absolute remaining terms; removal_flips_sign is a separate test.",Lion direction units; beta natural log; epoch and step
sc,20,500,S0589,21900,43.8,-15,0.143758291006088,0.79796204417944,-0.654203670909507,0.776319948063517,true,true,true,true,true,"`ctd1`, 6 runs, 100 ep | 500 records per seed. Strict domination means carrier sum exceeds the sum of absolute remaining terms; removal_flips_sign is a separate test.",Lion direction units; beta natural log; epoch and step
sc,20,500,S0589,22000,44,-15,0.197863526642323,0.794461172819138,-0.596597618678391,0.714282957446505,true,true,true,true,true,"`ctd1`, 6 runs, 100 ep | 500 records per seed. Strict domination means carrier sum exceeds the sum of absolute remaining terms; removal_flips_sign is a separate test.",Lion direction units; beta natural log; epoch and step
sc,20,500,S0589,22100,44.2,-15,0.159556055814028,0.7793655782938,-0.619809524874012,0.73836628450544,true,true,true,true,true,"`ctd1`, 6 runs, 100 ep | 500 records per seed. Strict domination means carrier sum exceeds the sum of absolute remaining terms; removal_flips_sign is a separate test.",Lion direction units; beta natural log; epoch and step
sc,20,500,S0589,22200,44.4,-15,0.190246039628983,0.792752315104008,-0.602506415632408,0.715520849627981,true,true,true,true,true,"`ctd1`, 6 runs, 100 ep | 500 records per seed. Strict domination means carrier sum exceeds the sum of absolute remaining terms; removal_flips_sign is a separate test.",Lion direction units; beta natural log; epoch and step
sc,20,500,S0589,22300,44.6,-15,0.186460676789284,0.800539162755012,-0.61407827572325,0.745522403162568,true,true,true,true,true,"`ctd1`, 6 runs, 100 ep | 500 records per seed. Strict domination means carrier sum exceeds the sum of absolute remaining terms; removal_flips_sign is a separate test.",Lion direction units; beta natural log; epoch and step
sc,20,500,S0589,22400,44.8,-15,0.1849669508636,0.794030578434467,-0.609063496558949,0.72922365338002,true,true,true,true,true,"`ctd1`, 6 runs, 100 ep | 500 records per seed. Strict domination means carrier sum exceeds the sum of absolute remaining terms; removal_flips_sign is a separate test.",Lion direction units; beta natural log; epoch and step
sc,20,500,S0589,22500,45,-15,0.184901179373264,0.78727031648159,-0.602369064431832,0.738785991134137,true,true,true,true,true,"`ctd1`, 6 runs, 100 ep | 500 records per seed. Strict domination means carrier sum exceeds the sum of absolute remaining terms; removal_flips_sign is a separate test.",Lion direction units; beta natural log; epoch and step
sc,20,500,S0589,22600,45.2,-15,0.177797156572342,0.775865842401981,-0.598068595943948,0.736551542480004,true,true,true,true,true,"`ctd1`, 6 runs, 100 ep | 500 records per seed. Strict domination means carrier sum exceeds the sum of absolute remaining terms; removal_flips_sign is a separate test.",Lion direction units; beta natural log; epoch and step
sc,20,500,S0589,22700,45.4,-15,0.200158047676086,0.768705117702484,-0.568547162640874,0.690053640555954,true,true,true,true,true,"`ctd1`, 6 runs, 100 ep | 500 records per seed. Strict domination means carrier sum exceeds the sum of absolute remaining terms; removal_flips_sign is a separate test.",Lion direction units; beta natural log; epoch and step
sc,20,500,S0589,22800,45.6,-15,0.170530161261559,0.799984431266785,-0.629454151291998,0.758885904328531,true,true,true,true,true,"`ctd1`, 6 runs, 100 ep | 500 records per seed. Strict domination means carrier sum exceeds the sum of absolute remaining terms; removal_flips_sign is a separate test.",Lion direction units; beta natural log; epoch and step
sc,20,500,S0589,22900,45.8,-15,0.173856350779533,0.79728794246912,-0.623431485100424,0.74828482088776,true,true,true,true,true,"`ctd1`, 6 runs, 100 ep | 500 records per seed. Strict domination means carrier sum exceeds the sum of absolute remaining terms; removal_flips_sign is a separate test.",Lion direction units; beta natural log; epoch and step
sc,20,500,S0589,23000,46,-15,0.20164645165205,0.778075881302357,-0.576429412380102,0.692062513771097,true,true,true,true,true,"`ctd1`, 6 runs, 100 ep | 500 records per seed. Strict domination means carrier sum exceeds the sum of absolute remaining terms; removal_flips_sign is a separate test.",Lion direction units; beta natural log; epoch and step
sc,20,500,S0589,23100,46.2,-15,0.181439532339573,0.788034933805466,-0.606595139448407,0.729432050248741,true,true,true,true,true,"`ctd1`, 6 runs, 100 ep | 500 records per seed. Strict domination means carrier sum exceeds the sum of absolute remaining terms; removal_flips_sign is a separate test.",Lion direction units; beta natural log; epoch and step
sc,20,500,S0589,23200,46.4,-15,0.204637141525745,0.792390143871307,-0.587752893004898,0.693791710987961,true,true,true,true,true,"`ctd1`, 6 runs, 100 ep | 500 records per seed. Strict domination means carrier sum exceeds the sum of absolute remaining terms; removal_flips_sign is a separate test.",Lion direction units; beta natural log; epoch and step
sc,20,500,S0589,23300,46.6,-15,0.215149272978306,0.792530192434788,-0.577380805909917,0.704516107658111,true,true,true,true,true,"`ctd1`, 6 runs, 100 ep | 500 records per seed. Strict domination means carrier sum exceeds the sum of absolute remaining terms; removal_flips_sign is a separate test.",Lion direction units; beta natural log; epoch and step
sc,20,500,S0589,23400,46.8,-15,0.190045441687107,0.774019640684128,-0.583974202591492,0.723578599841164,true,true,true,true,true,"`ctd1`, 6 runs, 100 ep | 500 records per seed. Strict domination means carrier sum exceeds the sum of absolute remaining terms; removal_flips_sign is a separate test.",Lion direction units; beta natural log; epoch and step
sc,20,500,S0589,23500,47,-15,0.199823331832886,0.8162771910429,-0.61645405653274,0.748564014002972,true,true,true,true,true,"`ctd1`, 6 runs, 100 ep | 500 records per seed. Strict domination means carrier sum exceeds the sum of absolute remaining terms; removal_flips_sign is a separate test.",Lion direction units; beta natural log; epoch and step
sc,20,500,S0589,23600,47.2,-15,0.211458167433739,0.79493663161993,-0.583478368409447,0.725113120419297,true,true,true,true,true,"`ctd1`, 6 runs, 100 ep | 500 records per seed. Strict domination means carrier sum exceeds the sum of absolute remaining terms; removal_flips_sign is a separate test.",Lion direction units; beta natural log; epoch and step
sc,20,500,S0589,23700,47.4,-15,0.184606023132801,0.774560177326202,-0.589954055744624,0.715434676997961,true,true,true,true,true,"`ctd1`, 6 runs, 100 ep | 500 records per seed. Strict domination means carrier sum exceeds the sum of absolute remaining terms; removal_flips_sign is a separate test.",Lion direction units; beta natural log; epoch and step
sc,20,500,S0589,23800,47.6,-15,0.219730281829834,0.803606110811234,-0.583875965219869,0.714960877859261,true,true,true,true,true,"`ctd1`, 6 runs, 100 ep | 500 records per seed. Strict domination means carrier sum exceeds the sum of absolute remaining terms; removal_flips_sign is a separate test.",Lion direction units; beta natural log; epoch and step
sc,20,500,S0589,23900,47.8,-15,0.191835306584835,0.796563741564751,-0.604728359587881,0.732130592479354,true,true,true,true,true,"`ctd1`, 6 runs, 100 ep | 500 records per seed. Strict domination means carrier sum exceeds the sum of absolute remaining terms; removal_flips_sign is a separate test.",Lion direction units; beta natural log; epoch and step
sc,20,500,S0589,24000,48,-15,0.185560338944197,0.77347698956728,-0.587916603726876,0.70394606337311,true,true,true,true,true,"`ctd1`, 6 runs, 100 ep | 500 records per seed. Strict domination means carrier sum exceeds the sum of absolute remaining terms; removal_flips_sign is a separate test.",Lion direction units; beta natural log; epoch and step
sc,20,500,S0589,24100,48.2,-15,0.228828831017017,0.794210930168629,-0.565382195752858,0.715010942140037,true,true,true,true,true,"`ctd1`, 6 runs, 100 ep | 500 records per seed. Strict domination means carrier sum exceeds the sum of absolute remaining terms; removal_flips_sign is a separate test.",Lion direction units; beta natural log; epoch and step
sc,20,500,S0589,24200,48.4,-15,0.164236188679934,0.78989779651165,-0.625661432321698,0.749695283013438,true,true,true,true,true,"`ctd1`, 6 runs, 100 ep | 500 records per seed. Strict domination means carrier sum exceeds the sum of absolute remaining terms; removal_flips_sign is a separate test.",Lion direction units; beta natural log; epoch and step
sc,20,500,S0589,24300,48.6,-15,0.191033924371004,0.790773479640484,-0.59973937792297,0.730398105536005,true,true,true,true,true,"`ctd1`, 6 runs, 100 ep | 500 records per seed. Strict domination means carrier sum exceeds the sum of absolute remaining terms; removal_flips_sign is a separate test.",Lion direction units; beta natural log; epoch and step
sc,20,500,S0589,24400,48.8,-15,0.175069756805897,0.785614313185215,-0.610544517915116,0.74004104123153,true,true,true,true,true,"`ctd1`, 6 runs, 100 ep | 500 records per seed. Strict domination means carrier sum exceeds the sum of absolute remaining terms; removal_flips_sign is a separate test.",Lion direction units; beta natural log; epoch and step
sc,20,500,S0589,24500,49,-15,0.165184450894594,0.779379583895206,-0.614195375266283,0.740747901962524,true,true,true,true,true,"`ctd1`, 6 runs, 100 ep | 500 records per seed. Strict domination means carrier sum exceeds the sum of absolute remaining terms; removal_flips_sign is a separate test.",Lion direction units; beta natural log; epoch and step
sc,20,500,S0589,24600,49.2,-15,0.176069664955139,0.791948050260544,-0.615878215542239,0.735260249789212,true,true,true,true,true,"`ctd1`, 6 runs, 100 ep | 500 records per seed. Strict domination means carrier sum exceeds the sum of absolute remaining terms; removal_flips_sign is a separate test.",Lion direction units; beta natural log; epoch and step
sc,20,500,S0589,24700,49.4,-15,0.209579563140869,0.80262590944767,-0.593046160430214,0.714490848187171,true,true,true,true,true,"`ctd1`, 6 runs, 100 ep | 500 records per seed. Strict domination means carrier sum exceeds the sum of absolute remaining terms; removal_flips_sign is a separate test.",Lion direction units; beta natural log; epoch and step
sc,20,500,S0589,24800,49.6,-15,0.200274600088596,0.789700926840305,-0.589426175715917,0.710996677363173,true,true,true,true,true,"`ctd1`, 6 runs, 100 ep | 500 records per seed. Strict domination means carrier sum exceeds the sum of absolute remaining terms; removal_flips_sign is a separate test.",Lion direction units; beta natural log; epoch and step
sc,20,500,S0589,24900,49.8,-15,0.172135079838336,0.785671146214008,-0.613536198759226,0.74479730826784,true,true,true,true,true,"`ctd1`, 6 runs, 100 ep | 500 records per seed. Strict domination means carrier sum exceeds the sum of absolute remaining terms; removal_flips_sign is a separate test.",Lion direction units; beta natural log; epoch and step
sc,20,500,S0589,25000,50,-15,0.156955519318581,0.804232686758041,-0.647276920023148,0.77607133107748,true,true,true,true,true,"`ctd1`, 6 runs, 100 ep | 500 records per seed. Strict domination means carrier sum exceeds the sum of absolute remaining terms; removal_flips_sign is a separate test.",Lion direction units; beta natural log; epoch and step
sc,20,500,S0589,25100,50.2,-15,0.194852700829506,0.783338966965675,-0.588486185343623,0.703302468713497,true,true,true,true,true,"`ctd1`, 6 runs, 100 ep | 500 records per seed. Strict domination means carrier sum exceeds the sum of absolute remaining terms; removal_flips_sign is a separate test.",Lion direction units; beta natural log; epoch and step
sc,20,500,S0589,25200,50.4,-15,0.177463838458061,0.778078258037567,-0.600614472301382,0.713454471146216,true,true,true,true,true,"`ctd1`, 6 runs, 100 ep | 500 records per seed. Strict domination means carrier sum exceeds the sum of absolute remaining terms; removal_flips_sign is a separate test.",Lion direction units; beta natural log; epoch and step
sc,20,500,S0589,25300,50.6,-15,0.168972279131412,0.777532535791397,-0.608560343259225,0.749178227501071,true,true,true,true,true,"`ctd1`, 6 runs, 100 ep | 500 records per seed. Strict domination means carrier sum exceeds the sum of absolute remaining terms; removal_flips_sign is a separate test.",Lion direction units; beta natural log; epoch and step
sc,20,500,S0589,25400,50.8,-15,0.185909599065781,0.796279072761536,-0.610369416729776,0.732592096006596,true,true,true,true,true,"`ctd1`, 6 runs, 100 ep | 500 records per seed. Strict domination means carrier sum exceeds the sum of absolute remaining terms; removal_flips_sign is a separate test.",Lion direction units; beta natural log; epoch and step
sc,20,500,S0589,25500,51,-15,0.176316513121128,0.796813823282719,-0.620496884564295,0.761255329159417,true,true,true,true,true,"`ctd1`, 6 runs, 100 ep | 500 records per seed. Strict domination means carrier sum exceeds the sum of absolute remaining terms; removal_flips_sign is a separate test.",Lion direction units; beta natural log; epoch and step
sc,20,500,S0589,25600,51.2,-15,0.201099988073111,0.793450622260571,-0.592350401137543,0.732163593642878,true,true,true,true,true,"`ctd1`, 6 runs, 100 ep | 500 records per seed. Strict domination means carrier sum exceeds the sum of absolute remaining terms; removal_flips_sign is a separate test.",Lion direction units; beta natural log; epoch and step
sc,20,500,S0589,25700,51.4,-15,0.178069856762886,0.79276497066021,-0.614695108948138,0.729263221322287,true,true,true,true,true,"`ctd1`, 6 runs, 100 ep | 500 records per seed. Strict domination means carrier sum exceeds the sum of absolute remaining terms; removal_flips_sign is a separate test.",Lion direction units; beta natural log; epoch and step
sc,20,500,S0589,25800,51.6,-15,0.159217987954617,0.774682304263115,-0.615464362630416,0.738643181541477,true,true,true,true,true,"`ctd1`, 6 runs, 100 ep | 500 records per seed. Strict domination means carrier sum exceeds the sum of absolute remaining terms; removal_flips_sign is a separate test.",Lion direction units; beta natural log; epoch and step
sc,20,500,S0589,25900,51.8,-15,0.161071475595236,0.786723165214062,-0.625651720531516,0.744604230952621,true,true,true,true,true,"`ctd1`, 6 runs, 100 ep | 500 records per seed. Strict domination means carrier sum exceeds the sum of absolute remaining terms; removal_flips_sign is a separate test.",Lion direction units; beta natural log; epoch and step
sc,20,500,S0589,26000,52,-15,0.189677178859711,0.79894198179245,-0.609264598140476,0.715278671713418,true,true,true,true,true,"`ctd1`, 6 runs, 100 ep | 500 records per seed. Strict domination means carrier sum exceeds the sum of absolute remaining terms; removal_flips_sign is a separate test.",Lion direction units; beta natural log; epoch and step
sc,20,500,S0589,26100,52.2,-15,0.198618397116661,0.790887574851513,-0.592269365117963,0.718746817014753,true,true,true,true,true,"`ctd1`, 6 runs, 100 ep | 500 records per seed. Strict domination means carrier sum exceeds the sum of absolute remaining terms; removal_flips_sign is a separate test.",Lion direction units; beta natural log; epoch and step
sc,20,500,S0589,26200,52.4,-15,0.211934626102448,0.79726754873991,-0.585333035457074,0.716632534787254,true,true,true,true,true,"`ctd1`, 6 runs, 100 ep | 500 records per seed. Strict domination means carrier sum exceeds the sum of absolute remaining terms; removal_flips_sign is a separate test.",Lion direction units; beta natural log; epoch and step
sc,20,500,S0589,26300,52.6,-15,0.183734459429979,0.789364632964134,-0.605630188219817,0.736141473012236,true,true,true,true,true,"`ctd1`, 6 runs, 100 ep | 500 records per seed. Strict domination means carrier sum exceeds the sum of absolute remaining terms; removal_flips_sign is a separate test.",Lion direction units; beta natural log; epoch and step
sc,20,500,S0589,26400,52.8,-15,0.167739363014698,0.786202491819859,-0.618463232501273,0.748228339697135,true,true,true,true,true,"`ctd1`, 6 runs, 100 ep | 500 records per seed. Strict domination means carrier sum exceeds the sum of absolute remaining terms; removal_flips_sign is a separate test.",Lion direction units; beta natural log; epoch and step
sc,20,500,S0589,26500,53,-15,0.170449769124389,0.772435081005096,-0.601985529233963,0.715157370624667,true,true,true,true,true,"`ctd1`, 6 runs, 100 ep | 500 records per seed. Strict domination means carrier sum exceeds the sum of absolute remaining terms; removal_flips_sign is a separate test.",Lion direction units; beta natural log; epoch and step
sc,20,500,S0589,26600,53.2,-15,0.208258552849293,0.796696472167969,-0.58843804531017,0.7246940946476,true,true,true,true,true,"`ctd1`, 6 runs, 100 ep | 500 records per seed. Strict domination means carrier sum exceeds the sum of absolute remaining terms; removal_flips_sign is a separate test.",Lion direction units; beta natural log; epoch and step
sc,20,500,S0589,26700,53.4,-15,0.178272727876902,0.777956074476242,-0.599683598816526,0.755122628277124,true,true,true,true,true,"`ctd1`, 6 runs, 100 ep | 500 records per seed. Strict domination means carrier sum exceeds the sum of absolute remaining terms; removal_flips_sign is a separate test.",Lion direction units; beta natural log; epoch and step
sc,20,500,S0589,26800,53.6,-15,0.19971988350153,0.794431993365288,-0.594712304311423,0.712779819254541,true,true,true,true,true,"`ctd1`, 6 runs, 100 ep | 500 records per seed. Strict domination means carrier sum exceeds the sum of absolute remaining terms; removal_flips_sign is a separate test.",Lion direction units; beta natural log; epoch and step
sc,20,500,S0589,26900,53.8,-15,0.170743606984615,0.801119036972523,-0.630375612929117,0.744216619843735,true,true,true,true,true,"`ctd1`, 6 runs, 100 ep | 500 records per seed. Strict domination means carrier sum exceeds the sum of absolute remaining terms; removal_flips_sign is a separate test.",Lion direction units; beta natural log; epoch and step
sc,20,500,S0589,27000,54,-15,0.172690562158823,0.779965129494667,-0.607274668928056,0.726808390503373,true,true,true,true,true,"`ctd1`, 6 runs, 100 ep | 500 records per seed. Strict domination means carrier sum exceeds the sum of absolute remaining terms; removal_flips_sign is a separate test.",Lion direction units; beta natural log; epoch and step
sc,20,500,S0589,27100,54.2,-15,0.200435000658035,0.804563327133656,-0.604128238782549,0.736400163964252,true,true,true,true,true,"`ctd1`, 6 runs, 100 ep | 500 records per seed. Strict domination means carrier sum exceeds the sum of absolute remaining terms; removal_flips_sign is a separate test.",Lion direction units; beta natural log; epoch and step
sc,20,500,S0589,27200,54.4,-15,0.21624202132225,0.786151158809662,-0.569909228663403,0.703469831585483,true,true,true,true,true,"`ctd1`, 6 runs, 100 ep | 500 records per seed. Strict domination means carrier sum exceeds the sum of absolute remaining terms; removal_flips_sign is a separate test.",Lion direction units; beta natural log; epoch and step
sc,20,500,S0589,27300,54.6,-15,0.139311747252941,0.769862444698811,-0.630550700428155,0.748339688322592,true,true,true,true,true,"`ctd1`, 6 runs, 100 ep | 500 records per seed. Strict domination means carrier sum exceeds the sum of absolute remaining terms; removal_flips_sign is a separate test.",Lion direction units; beta natural log; epoch and step
sc,20,500,S0589,27400,54.8,-15,0.191337996721268,0.799872232973576,-0.608534244512475,0.747660062667137,true,true,true,true,true,"`ctd1`, 6 runs, 100 ep | 500 records per seed. Strict domination means carrier sum exceeds the sum of absolute remaining terms; removal_flips_sign is a separate test.",Lion direction units; beta natural log; epoch and step
sc,20,500,S0589,27500,55,-15,0.214368277788162,0.787183381617069,-0.572815290300491,0.710284229068134,true,true,true,true,true,"`ctd1`, 6 runs, 100 ep | 500 records per seed. Strict domination means carrier sum exceeds the sum of absolute remaining terms; removal_flips_sign is a separate test.",Lion direction units; beta natural log; epoch and step
sc,20,500,S0589,27600,55.2,-15,0.20494799464941,0.777571246027946,-0.572623436145051,0.689123090299273,true,true,true,true,true,"`ctd1`, 6 runs, 100 ep | 500 records per seed. Strict domination means carrier sum exceeds the sum of absolute remaining terms; removal_flips_sign is a separate test.",Lion direction units; beta natural log; epoch and step
sc,20,500,S0589,27700,55.4,-15,0.207429388165474,0.782072541117668,-0.574643210840963,0.734665153562605,true,true,true,true,true,"`ctd1`, 6 runs, 100 ep | 500 records per seed. Strict domination means carrier sum exceeds the sum of absolute remaining terms; removal_flips_sign is a separate test.",Lion direction units; beta natural log; epoch and step
sc,20,500,S0589,27800,55.6,-15,0.219425629079342,0.796489989757538,-0.577064300352509,0.685550271705512,true,true,true,true,true,"`ctd1`, 6 runs, 100 ep | 500 records per seed. Strict domination means carrier sum exceeds the sum of absolute remaining terms; removal_flips_sign is a separate test.",Lion direction units; beta natural log; epoch and step
sc,20,500,S0589,27900,55.8,-15,0.146628095209599,0.785397769510746,-0.638769709877783,0.754731041887157,true,true,true,true,true,"`ctd1`, 6 runs, 100 ep | 500 records per seed. Strict domination means carrier sum exceeds the sum of absolute remaining terms; removal_flips_sign is a separate test.",Lion direction units; beta natural log; epoch and step
sc,20,500,S0589,28000,56,-15,0.188983898609877,0.791078440845013,-0.602094486552346,0.743250592048821,true,true,true,true,true,"`ctd1`, 6 runs, 100 ep | 500 records per seed. Strict domination means carrier sum exceeds the sum of absolute remaining terms; removal_flips_sign is a separate test.",Lion direction units; beta natural log; epoch and step
sc,20,500,S0589,28100,56.2,-15,0.224998012185097,0.797204686701298,-0.572206712804748,0.712800244670146,true,true,true,true,true,"`ctd1`, 6 runs, 100 ep | 500 records per seed. Strict domination means carrier sum exceeds the sum of absolute remaining terms; removal_flips_sign is a separate test.",Lion direction units; beta natural log; epoch and step
sc,20,500,S0589,28200,56.4,-15,0.212154845893383,0.785904954373837,-0.573750049038813,0.707199589112815,true,true,true,true,true,"`ctd1`, 6 runs, 100 ep | 500 records per seed. Strict domination means carrier sum exceeds the sum of absolute remaining terms; removal_flips_sign is a separate test.",Lion direction units; beta natural log; epoch and step
sc,20,500,S0589,28300,56.6,-15,0.175505287945271,0.786699697375298,-0.611194359323434,0.729114807738546,true,true,true,true,true,"`ctd1`, 6 runs, 100 ep | 500 records per seed. Strict domination means carrier sum exceeds the sum of absolute remaining terms; removal_flips_sign is a separate test.",Lion direction units; beta natural log; epoch and step
sc,20,500,S0589,28400,56.8,-15,0.203460523486137,0.794691088795662,-0.591230375950843,0.712269174940164,true,true,true,true,true,"`ctd1`, 6 runs, 100 ep | 500 records per seed. Strict domination means carrier sum exceeds the sum of absolute remaining terms; removal_flips_sign is a separate test.",Lion direction units; beta natural log; epoch and step
sc,20,500,S0589,28500,57,-15,0.180176482349634,0.78684791624546,-0.606671317753842,0.722993296608127,true,true,true,true,true,"`ctd1`, 6 runs, 100 ep | 500 records per seed. Strict domination means carrier sum exceeds the sum of absolute remaining terms; removal_flips_sign is a separate test.",Lion direction units; beta natural log; epoch and step
sc,20,500,S0589,28600,57.2,-15,0.182002334296703,0.791944706439972,-0.609942392834546,0.742822342255295,true,true,true,true,true,"`ctd1`, 6 runs, 100 ep | 500 records per seed. Strict domination means carrier sum exceeds the sum of absolute remaining terms; removal_flips_sign is a separate test.",Lion direction units; beta natural log; epoch and step
sc,20,500,S0589,28700,57.4,-15,0.138658706843853,0.776153184473515,-0.637494580654186,0.775551498962579,true,true,true,true,true,"`ctd1`, 6 runs, 100 ep | 500 records per seed. Strict domination means carrier sum exceeds the sum of absolute remaining terms; removal_flips_sign is a separate test.",Lion direction units; beta natural log; epoch and step
sc,20,500,S0589,28800,57.6,-15,0.199466145038605,0.781868897378445,-0.582402599047792,0.728634289632167,true,true,true,true,true,"`ctd1`, 6 runs, 100 ep | 500 records per seed. Strict domination means carrier sum exceeds the sum of absolute remaining terms; removal_flips_sign is a separate test.",Lion direction units; beta natural log; epoch and step
sc,20,500,S0589,28900,57.8,-15,0.171405050158501,0.784112353622913,-0.612707284831149,0.731523058782668,true,true,true,true,true,"`ctd1`, 6 runs, 100 ep | 500 records per seed. Strict domination means carrier sum exceeds the sum of absolute remaining terms; removal_flips_sign is a separate test.",Lion direction units; beta natural log; epoch and step
sc,20,500,S0589,29000,58,-15,0.194036242365837,0.785283133387566,-0.591247037831238,0.726725423017308,true,true,true,true,true,"`ctd1`, 6 runs, 100 ep | 500 records per seed. Strict domination means carrier sum exceeds the sum of absolute remaining terms; removal_flips_sign is a separate test.",Lion direction units; beta natural log; epoch and step
sc,20,500,S0589,29100,58.2,-15,0.168095700070262,0.779919497668743,-0.611823747031804,0.746570346151339,true,true,true,true,true,"`ctd1`, 6 runs, 100 ep | 500 records per seed. Strict domination means carrier sum exceeds the sum of absolute remaining terms; removal_flips_sign is a separate test.",Lion direction units; beta natural log; epoch and step
sc,20,500,S0589,29200,58.4,-15,0.213383089005947,0.782840637862682,-0.569457562852399,0.688445286303063,true,true,true,true,true,"`ctd1`, 6 runs, 100 ep | 500 records per seed. Strict domination means carrier sum exceeds the sum of absolute remaining terms; removal_flips_sign is a separate test.",Lion direction units; beta natural log; epoch and step
sc,20,500,S0589,29300,58.6,-15,0.200496253371239,0.791041278839111,-0.590545049811783,0.72266468626882,true,true,true,true,true,"`ctd1`, 6 runs, 100 ep | 500 records per seed. Strict domination means carrier sum exceeds the sum of absolute remaining terms; removal_flips_sign is a separate test.",Lion direction units; beta natural log; epoch and step
sc,20,500,S0589,29400,58.8,-15,0.195055513083935,0.790985485911369,-0.595930071545831,0.729739720844395,true,true,true,true,true,"`ctd1`, 6 runs, 100 ep | 500 records per seed. Strict domination means carrier sum exceeds the sum of absolute remaining terms; removal_flips_sign is a separate test.",Lion direction units; beta natural log; epoch and step
sc,20,500,S0589,29500,59,-15,0.164664925634861,0.767701669037342,-0.603036752767048,0.738348024706602,true,true,true,true,true,"`ctd1`, 6 runs, 100 ep | 500 records per seed. Strict domination means carrier sum exceeds the sum of absolute remaining terms; removal_flips_sign is a separate test.",Lion direction units; beta natural log; epoch and step
sc,20,500,S0589,29600,59.2,-15,0.188751448690891,0.801061227917671,-0.612309869957875,0.742850879940755,true,true,true,true,true,"`ctd1`, 6 runs, 100 ep | 500 records per seed. Strict domination means carrier sum exceeds the sum of absolute remaining terms; removal_flips_sign is a separate test.",Lion direction units; beta natural log; epoch and step
sc,20,500,S0589,29700,59.4,-15,0.174741867370903,0.790075406432152,-0.615333474034168,0.742389446580245,true,true,true,true,true,"`ctd1`, 6 runs, 100 ep | 500 records per seed. Strict domination means carrier sum exceeds the sum of absolute remaining terms; removal_flips_sign is a separate test.",Lion direction units; beta natural log; epoch and step
sc,20,500,S0589,29800,59.6,-15,0.160413844138384,0.792643660306931,-0.632229846628633,0.775159122500764,true,true,true,true,true,"`ctd1`, 6 runs, 100 ep | 500 records per seed. Strict domination means carrier sum exceeds the sum of absolute remaining terms; removal_flips_sign is a separate test.",Lion direction units; beta natural log; epoch and step
sc,20,500,S0589,29900,59.8,-15,0.174023763090372,0.768839579820633,-0.59481597467944,0.724732669903327,true,true,true,true,true,"`ctd1`, 6 runs, 100 ep | 500 records per seed. Strict domination means carrier sum exceeds the sum of absolute remaining terms; removal_flips_sign is a separate test.",Lion direction units; beta natural log; epoch and step
sc,20,500,S0589,30000,60,-15,0.181930106878281,0.771506476402283,-0.589576352286247,0.718161679057982,true,true,true,true,true,"`ctd1`, 6 runs, 100 ep | 500 records per seed. Strict domination means carrier sum exceeds the sum of absolute remaining terms; removal_flips_sign is a separate test.",Lion direction units; beta natural log; epoch and step
sc,20,500,S0589,30100,60.2,-15,0.217840264737606,0.799431878328323,-0.581591611028227,0.701894022368754,true,true,true,true,true,"`ctd1`, 6 runs, 100 ep | 500 records per seed. Strict domination means carrier sum exceeds the sum of absolute remaining terms; removal_flips_sign is a separate test.",Lion direction units; beta natural log; epoch and step
sc,20,500,S0589,30200,60.4,-15,0.187977699562907,0.800876000523567,-0.612898309189188,0.732760993437012,true,true,true,true,true,"`ctd1`, 6 runs, 100 ep | 500 records per seed. Strict domination means carrier sum exceeds the sum of absolute remaining terms; removal_flips_sign is a separate test.",Lion direction units; beta natural log; epoch and step
sc,20,500,S0589,30300,60.6,-15,0.19229821562767,0.778701151907444,-0.586402739095837,0.69840357987502,true,true,true,true,true,"`ctd1`, 6 runs, 100 ep | 500 records per seed. Strict domination means carrier sum exceeds the sum of absolute remaining terms; removal_flips_sign is a separate test.",Lion direction units; beta natural log; epoch and step
sc,20,500,S0589,30400,60.8,-15,0.170376944355667,0.786089597642422,-0.615712429237749,0.738041897145297,true,true,true,true,true,"`ctd1`, 6 runs, 100 ep | 500 records per seed. Strict domination means carrier sum exceeds the sum of absolute remaining terms; removal_flips_sign is a separate test.",Lion direction units; beta natural log; epoch and step
sc,20,500,S0589,30500,61,-15,0.131181263923645,0.783332262933254,-0.652150761095424,0.785887687797174,false,true,true,true,true,"`ctd1`, 6 runs, 100 ep | 500 records per seed. Strict domination means carrier sum exceeds the sum of absolute remaining terms; removal_flips_sign is a separate test.",Lion direction units; beta natural log; epoch and step
sc,20,500,S0589,30600,61.2,-15,0.171814672648907,0.796964292228222,-0.625149765292451,0.761839554424512,true,true,true,true,true,"`ctd1`, 6 runs, 100 ep | 500 records per seed. Strict domination means carrier sum exceeds the sum of absolute remaining terms; removal_flips_sign is a separate test.",Lion direction units; beta natural log; epoch and step
sc,20,500,S0589,30700,61.4,-15,0.1978072732687,0.793580004572868,-0.595772620490877,0.723689828564781,true,true,true,true,true,"`ctd1`, 6 runs, 100 ep | 500 records per seed. Strict domination means carrier sum exceeds the sum of absolute remaining terms; removal_flips_sign is a separate test.",Lion direction units; beta natural log; epoch and step
sc,20,500,S0589,30800,61.6,-15,0.225313828885555,0.81437719464302,-0.58906310889468,0.7345154329011,true,true,true,true,true,"`ctd1`, 6 runs, 100 ep | 500 records per seed. Strict domination means carrier sum exceeds the sum of absolute remaining terms; removal_flips_sign is a separate test.",Lion direction units; beta natural log; epoch and step
sc,20,500,S0589,30900,61.8,-15,0.170063029974699,0.774841244518757,-0.604778158195191,0.732538547917071,true,true,true,true,true,"`ctd1`, 6 runs, 100 ep | 500 records per seed. Strict domination means carrier sum exceeds the sum of absolute remaining terms; removal_flips_sign is a separate test.",Lion direction units; beta natural log; epoch and step
sc,20,500,S0589,31000,62,-15,0.195152728259563,0.790379591286182,-0.595226787089936,0.711980329442608,true,true,true,true,true,"`ctd1`, 6 runs, 100 ep | 500 records per seed. Strict domination means carrier sum exceeds the sum of absolute remaining terms; removal_flips_sign is a separate test.",Lion direction units; beta natural log; epoch and step
sc,20,500,S0589,31100,62.2,-15,0.159109471738338,0.789779354631901,-0.630670008043648,0.754818868169491,true,true,true,true,true,"`ctd1`, 6 runs, 100 ep | 500 records per seed. Strict domination means carrier sum exceeds the sum of absolute remaining terms; removal_flips_sign is a separate test.",Lion direction units; beta natural log; epoch and step
sc,20,500,S0589,31200,62.4,-15,0.187449565529823,0.802112492918968,-0.614662861500392,0.752768825523947,true,true,true,true,true,"`ctd1`, 6 runs, 100 ep | 500 records per seed. Strict domination means carrier sum exceeds the sum of absolute remaining terms; removal_flips_sign is a separate test.",Lion direction units; beta natural log; epoch and step
sc,20,500,S0589,31300,62.6,-15,0.210551987588406,0.772165405750275,-0.561613203110755,0.679862107671033,true,true,true,true,true,"`ctd1`, 6 runs, 100 ep | 500 records per seed. Strict domination means carrier sum exceeds the sum of absolute remaining terms; removal_flips_sign is a separate test.",Lion direction units; beta natural log; epoch and step
sc,20,500,S0589,31400,62.8,-15,0.183254386112094,0.789444205164909,-0.60618974747897,0.726528992174394,true,true,true,true,true,"`ctd1`, 6 runs, 100 ep | 500 records per seed. Strict domination means carrier sum exceeds the sum of absolute remaining terms; removal_flips_sign is a separate test.",Lion direction units; beta natural log; epoch and step
sc,20,500,S0589,31500,63,-15,0.181733229756355,0.806265324354172,-0.624531981509295,0.748140785371748,true,true,true,true,true,"`ctd1`, 6 runs, 100 ep | 500 records per seed. Strict domination means carrier sum exceeds the sum of absolute remaining terms; removal_flips_sign is a separate test.",Lion direction units; beta natural log; epoch and step
sc,20,500,S0589,31600,63.2,-15,0.160534463077784,0.794591864943504,-0.634057246278871,0.765788162780382,true,true,true,true,true,"`ctd1`, 6 runs, 100 ep | 500 records per seed. Strict domination means carrier sum exceeds the sum of absolute remaining terms; removal_flips_sign is a separate test.",Lion direction units; beta natural log; epoch and step
sc,20,500,S0589,31700,63.4,-15,0.185899986326694,0.807594454288483,-0.62169445975054,0.748824899187764,true,true,true,true,true,"`ctd1`, 6 runs, 100 ep | 500 records per seed. Strict domination means carrier sum exceeds the sum of absolute remaining terms; removal_flips_sign is a separate test.",Lion direction units; beta natural log; epoch and step
sc,20,500,S0589,31800,63.6,-15,0.163907620310783,0.782283216714859,-0.618375582219903,0.755290127307251,true,true,true,true,true,"`ctd1`, 6 runs, 100 ep | 500 records per seed. Strict domination means carrier sum exceeds the sum of absolute remaining terms; removal_flips_sign is a separate test.",Lion direction units; beta natural log; epoch and step
sc,20,500,S0589,31900,63.8,-15,0.176162420213223,0.787377282977104,-0.611215039078411,0.722641644478858,true,true,true,true,true,"`ctd1`, 6 runs, 100 ep | 500 records per seed. Strict domination means carrier sum exceeds the sum of absolute remaining terms; removal_flips_sign is a separate test.",Lion direction units; beta natural log; epoch and step
sc,20,500,S0589,32000,64,-15,0.180644372850657,0.781035073101521,-0.600390760436085,0.703964582092385,true,true,true,true,true,"`ctd1`, 6 runs, 100 ep | 500 records per seed. Strict domination means carrier sum exceeds the sum of absolute remaining terms; removal_flips_sign is a separate test.",Lion direction units; beta natural log; epoch and step
sc,20,500,S0589,32100,64.2,-15,0.187122606486082,0.779098223149777,-0.591975583146339,0.762369068781302,true,true,true,true,true,"`ctd1`, 6 runs, 100 ep | 500 records per seed. Strict domination means carrier sum exceeds the sum of absolute remaining terms; removal_flips_sign is a separate test.",Lion direction units; beta natural log; epoch and step
sc,20,500,S0589,32200,64.4,-15,0.185831812769175,0.788985650241375,-0.603153880572108,0.722305381971501,true,true,true,true,true,"`ctd1`, 6 runs, 100 ep | 500 records per seed. Strict domination means carrier sum exceeds the sum of absolute remaining terms; removal_flips_sign is a separate test.",Lion direction units; beta natural log; epoch and step
sc,20,500,S0589,32300,64.6,-15,0.17513569444418,0.806300237774849,-0.631164451637272,0.756926810527882,true,true,true,true,true,"`ctd1`, 6 runs, 100 ep | 500 records per seed. Strict domination means carrier sum exceeds the sum of absolute remaining terms; removal_flips_sign is a separate test.",Lion direction units; beta natural log; epoch and step
sc,20,500,S0589,32400,64.8,-15,0.167388715595007,0.795274278521538,-0.627885678808987,0.752210461684543,true,true,true,true,true,"`ctd1`, 6 runs, 100 ep | 500 records per seed. Strict domination means carrier sum exceeds the sum of absolute remaining terms; removal_flips_sign is a separate test.",Lion direction units; beta natural log; epoch and step
sc,20,500,S0589,32500,65,-15,0.165987959038466,0.784969989955425,-0.618982143268883,0.782597236825663,true,true,true,true,true,"`ctd1`, 6 runs, 100 ep | 500 records per seed. Strict domination means carrier sum exceeds the sum of absolute remaining terms; removal_flips_sign is a separate test.",Lion direction units; beta natural log; epoch and step
sc,20,500,S0589,32600,65.2,-15,0.181597892940044,0.794980953633785,-0.613382908956129,0.740545938726183,true,true,true,true,true,"`ctd1`, 6 runs, 100 ep | 500 records per seed. Strict domination means carrier sum exceeds the sum of absolute remaining terms; removal_flips_sign is a separate test.",Lion direction units; beta natural log; epoch and step
sc,20,500,S0589,32700,65.4,-15,0.167909443471581,0.786965620517731,-0.619056042995251,0.755105279230335,true,true,true,true,true,"`ctd1`, 6 runs, 100 ep | 500 records per seed. Strict domination means carrier sum exceeds the sum of absolute remaining terms; removal_flips_sign is a separate test.",Lion direction units; beta natural log; epoch and step
sc,20,500,S0589,32800,65.6,-15,0.192707794904709,0.783634114265442,-0.590926350449132,0.711555323354099,true,true,true,true,true,"`ctd1`, 6 runs, 100 ep | 500 records per seed. Strict domination means carrier sum exceeds the sum of absolute remaining terms; removal_flips_sign is a separate test.",Lion direction units; beta natural log; epoch and step
sc,20,500,S0589,32900,65.8,-15,0.191232392191887,0.791683025658131,-0.600450709829846,0.716118919609261,true,true,true,true,true,"`ctd1`, 6 runs, 100 ep | 500 records per seed. Strict domination means carrier sum exceeds the sum of absolute remaining terms; removal_flips_sign is a separate test.",Lion direction units; beta natural log; epoch and step
sc,20,500,S0589,33000,66,-15,0.178897078335285,0.797358496487141,-0.618461583359328,0.7464347852066,true,true,true,true,true,"`ctd1`, 6 runs, 100 ep | 500 records per seed. Strict domination means carrier sum exceeds the sum of absolute remaining terms; removal_flips_sign is a separate test.",Lion direction units; beta natural log; epoch and step
sc,20,500,S0589,33100,66.2,-15,0.18454967290163,0.78199667185545,-0.597447048519,0.709032053967219,true,true,true,true,true,"`ctd1`, 6 runs, 100 ep | 500 records per seed. Strict domination means carrier sum exceeds the sum of absolute remaining terms; removal_flips_sign is a separate test.",Lion direction units; beta natural log; epoch and step
sc,20,500,S0589,33200,66.4,-15,0.17720835506916,0.77945526689291,-0.602246686495107,0.724841899206729,true,true,true,true,true,"`ctd1`, 6 runs, 100 ep | 500 records per seed. Strict domination means carrier sum exceeds the sum of absolute remaining terms; removal_flips_sign is a separate test.",Lion direction units; beta natural log; epoch and step
sc,20,500,S0589,33300,66.6,-15,0.188311587274075,0.791894361376762,-0.603582567804489,0.738043169041219,true,true,true,true,true,"`ctd1`, 6 runs, 100 ep | 500 records per seed. Strict domination means carrier sum exceeds the sum of absolute remaining terms; removal_flips_sign is a separate test.",Lion direction units; beta natural log; epoch and step
sc,20,500,S0589,33400,66.8,-15,0.20044979006052,0.786760039627552,-0.586310222779602,0.743945271252878,true,true,true,true,true,"`ctd1`, 6 runs, 100 ep | 500 records per seed. Strict domination means carrier sum exceeds the sum of absolute remaining terms; removal_flips_sign is a separate test.",Lion direction units; beta natural log; epoch and step
sc,20,500,S0589,33500,67,-15,0.225308957695961,0.802967032790184,-0.577658251015271,0.705999572151302,true,true,true,true,true,"`ctd1`, 6 runs, 100 ep | 500 records per seed. Strict domination means carrier sum exceeds the sum of absolute remaining terms; removal_flips_sign is a separate test.",Lion direction units; beta natural log; epoch and step
sc,20,500,S0589,33600,67.2,-15,0.139288394525647,0.780642448365688,-0.641353972261982,0.773850582811406,true,true,true,true,true,"`ctd1`, 6 runs, 100 ep | 500 records per seed. Strict domination means carrier sum exceeds the sum of absolute remaining terms; removal_flips_sign is a separate test.",Lion direction units; beta natural log; epoch and step
sc,20,500,S0589,33700,67.4,-15,0.16557903662324,0.801387253403664,-0.635807972435026,0.759165077424717,true,true,true,true,true,"`ctd1`, 6 runs, 100 ep | 500 records per seed. Strict domination means carrier sum exceeds the sum of absolute remaining terms; removal_flips_sign is a separate test.",Lion direction units; beta natural log; epoch and step
sc,20,500,S0589,33800,67.6,-15,0.19937619715929,0.789646901190281,-0.590270689739032,0.732554986756827,true,true,true,true,true,"`ctd1`, 6 runs, 100 ep | 500 records per seed. Strict domination means carrier sum exceeds the sum of absolute remaining terms; removal_flips_sign is a separate test.",Lion direction units; beta natural log; epoch and step
sc,20,500,S0589,33900,67.8,-15,0.205609178543091,0.803697752952576,-0.59808841110417,0.712051536611359,true,true,true,true,true,"`ctd1`, 6 runs, 100 ep | 500 records per seed. Strict domination means carrier sum exceeds the sum of absolute remaining terms; removal_flips_sign is a separate test.",Lion direction units; beta natural log; epoch and step
sc,20,500,S0589,34000,68,-15,0.214929001033306,0.791424834728241,-0.576495668207542,0.689789405564932,true,true,true,true,true,"`ctd1`, 6 runs, 100 ep | 500 records per seed. Strict domination means carrier sum exceeds the sum of absolute remaining terms; removal_flips_sign is a separate test.",Lion direction units; beta natural log; epoch and step
sc,20,500,S0589,34100,68.2,-15,0.163399091362953,0.75475444868207,-0.591355173394163,0.728527239295704,true,true,true,true,true,"`ctd1`, 6 runs, 100 ep | 500 records per seed. Strict domination means carrier sum exceeds the sum of absolute remaining terms; removal_flips_sign is a separate test.",Lion direction units; beta natural log; epoch and step
sc,20,500,S0589,34200,68.4,-15,0.193127931654453,0.783908131718636,-0.590780203975186,0.710283628873498,true,true,true,true,true,"`ctd1`, 6 runs, 100 ep | 500 records per seed. Strict domination means carrier sum exceeds the sum of absolute remaining terms; removal_flips_sign is a separate test.",Lion direction units; beta natural log; epoch and step
sc,20,500,S0589,34300,68.6,-15,0.197474558651447,0.765698863565922,-0.568224274178863,0.681819525440585,true,true,true,true,true,"`ctd1`, 6 runs, 100 ep | 500 records per seed. Strict domination means carrier sum exceeds the sum of absolute remaining terms; removal_flips_sign is a separate test.",Lion direction units; beta natural log; epoch and step
sc,20,500,S0589,34400,68.8,-15,0.173227761685848,0.776063233613968,-0.60283548573053,0.710963687606737,true,true,true,true,true,"`ctd1`, 6 runs, 100 ep | 500 records per seed. Strict domination means carrier sum exceeds the sum of absolute remaining terms; removal_flips_sign is a separate test.",Lion direction units; beta natural log; epoch and step
sc,20,500,S0589,34500,69,-15,0.198918668925762,0.778122934699059,-0.579204161958432,0.701707895390587,true,true,true,true,true,"`ctd1`, 6 runs, 100 ep | 500 records per seed. Strict domination means carrier sum exceeds the sum of absolute remaining terms; removal_flips_sign is a separate test.",Lion direction units; beta natural log; epoch and step
sc,20,500,S0589,34600,69.2,-15,0.232341983914375,0.790804712474346,-0.558462735216301,0.711163596915151,true,true,true,true,true,"`ctd1`, 6 runs, 100 ep | 500 records per seed. Strict domination means carrier sum exceeds the sum of absolute remaining terms; removal_flips_sign is a separate test.",Lion direction units; beta natural log; epoch and step
sc,20,500,S0589,34700,69.4,-15,0.190419627353549,0.77364886701107,-0.583229172252686,0.708469309234783,true,true,true,true,true,"`ctd1`, 6 runs, 100 ep | 500 records per seed. Strict domination means carrier sum exceeds the sum of absolute remaining terms; removal_flips_sign is a separate test.",Lion direction units; beta natural log; epoch and step
sc,20,500,S0589,34800,69.6,-15,0.183900386095047,0.800298947095871,-0.616398486367189,0.727072025200368,true,true,true,true,true,"`ctd1`, 6 runs, 100 ep | 500 records per seed. Strict domination means carrier sum exceeds the sum of absolute remaining terms; removal_flips_sign is a separate test.",Lion direction units; beta natural log; epoch and step
sc,20,500,S0589,34900,69.8,-15,0.191795374453068,0.795762284100056,-0.603966883671768,0.718066027833032,true,true,true,true,true,"`ctd1`, 6 runs, 100 ep | 500 records per seed. Strict domination means carrier sum exceeds the sum of absolute remaining terms; removal_flips_sign is a separate test.",Lion direction units; beta natural log; epoch and step
sc,20,500,S0589,35000,70,-15,0.16990197300911,0.782024532556534,-0.612122491635239,0.743066228328655,true,true,true,true,true,"`ctd1`, 6 runs, 100 ep | 500 records per seed. Strict domination means carrier sum exceeds the sum of absolute remaining terms; removal_flips_sign is a separate test.",Lion direction units; beta natural log; epoch and step
sc,20,500,S0589,35100,70.2,-15,0.189412733912468,0.788001444935799,-0.59858842322588,0.727538145301554,true,true,true,true,true,"`ctd1`, 6 runs, 100 ep | 500 records per seed. Strict domination means carrier sum exceeds the sum of absolute remaining terms; removal_flips_sign is a separate test.",Lion direction units; beta natural log; epoch and step
sc,20,500,S0589,35200,70.4,-15,0.203058661520481,0.803495508432388,-0.600436583576663,0.722428743140938,true,true,true,true,true,"`ctd1`, 6 runs, 100 ep | 500 records per seed. Strict domination means carrier sum exceeds the sum of absolute remaining terms; removal_flips_sign is a separate test.",Lion direction units; beta natural log; epoch and step
sc,20,500,S0589,35300,70.6,-15,0.197882854938507,0.791399830579758,-0.593516830033235,0.740218779948856,true,true,true,true,true,"`ctd1`, 6 runs, 100 ep | 500 records per seed. Strict domination means carrier sum exceeds the sum of absolute remaining terms; removal_flips_sign is a separate test.",Lion direction units; beta natural log; epoch and step
sc,20,500,S0589,35400,70.8,-15,0.153377706557512,0.761198636889458,-0.607820941472156,0.725431342285665,true,true,true,true,true,"`ctd1`, 6 runs, 100 ep | 500 records per seed. Strict domination means carrier sum exceeds the sum of absolute remaining terms; removal_flips_sign is a separate test.",Lion direction units; beta natural log; epoch and step
sc,20,500,S0589,35500,71,-15,0.194729170203209,0.780001847445965,-0.585272446309062,0.710657992873956,true,true,true,true,true,"`ctd1`, 6 runs, 100 ep | 500 records per seed. Strict domination means carrier sum exceeds the sum of absolute remaining terms; removal_flips_sign is a separate test.",Lion direction units; beta natural log; epoch and step
sc,20,500,S0589,35600,71.2,-15,0.124794191122055,0.755481989681721,-0.630687788695269,0.753115580333923,true,true,true,true,true,"`ctd1`, 6 runs, 100 ep | 500 records per seed. Strict domination means carrier sum exceeds the sum of absolute remaining terms; removal_flips_sign is a separate test.",Lion direction units; beta natural log; epoch and step
sc,20,500,S0589,35700,71.4,-15,0.171579886972904,0.789139677584171,-0.617559751320471,0.746041863858693,true,true,true,true,true,"`ctd1`, 6 runs, 100 ep | 500 records per seed. Strict domination means carrier sum exceeds the sum of absolute remaining terms; removal_flips_sign is a separate test.",Lion direction units; beta natural log; epoch and step
sc,20,500,S0589,35800,71.6,-15,0.175361739844084,0.767729564011097,-0.592367904977755,0.710852417465276,true,true,true,true,true,"`ctd1`, 6 runs, 100 ep | 500 records per seed. Strict domination means carrier sum exceeds the sum of absolute remaining terms; removal_flips_sign is a separate test.",Lion direction units; beta natural log; epoch and step
sc,20,500,S0589,35900,71.8,-15,0.178007653355598,0.793332169950008,-0.615324407892861,0.74415637561428,true,true,true,true,true,"`ctd1`, 6 runs, 100 ep | 500 records per seed. Strict domination means carrier sum exceeds the sum of absolute remaining terms; removal_flips_sign is a separate test.",Lion direction units; beta natural log; epoch and step
sc,20,500,S0589,36000,72,-15,0.203602367639542,0.79433146417141,-0.590729026229667,0.728223648052256,true,true,true,true,true,"`ctd1`, 6 runs, 100 ep | 500 records per seed. Strict domination means carrier sum exceeds the sum of absolute remaining terms; removal_flips_sign is a separate test.",Lion direction units; beta natural log; epoch and step
sc,20,500,S0589,36100,72.2,-15,0.219138218462467,0.798946759104729,-0.57980844296809,0.730626214742631,true,true,true,true,true,"`ctd1`, 6 runs, 100 ep | 500 records per seed. Strict domination means carrier sum exceeds the sum of absolute remaining terms; removal_flips_sign is a separate test.",Lion direction units; beta natural log; epoch and step
sc,20,500,S0589,36200,72.4,-15,0.187349282205105,0.797861313819885,-0.61051212954514,0.727775966631242,true,true,true,true,true,"`ctd1`, 6 runs, 100 ep | 500 records per seed. Strict domination means carrier sum exceeds the sum of absolute remaining terms; removal_flips_sign is a separate test.",Lion direction units; beta natural log; epoch and step
sc,20,500,S0589,36300,72.6,-15,0.193491530418396,0.805893774330616,-0.612402590119683,0.734699290829639,true,true,true,true,true,"`ctd1`, 6 runs, 100 ep | 500 records per seed. Strict domination means carrier sum exceeds the sum of absolute remaining terms; removal_flips_sign is a separate test.",Lion direction units; beta natural log; epoch and step
sc,20,500,S0589,36400,72.8,-15,0.152022863924503,0.78816384524107,-0.636141024719291,0.775760002656466,true,true,true,true,true,"`ctd1`, 6 runs, 100 ep | 500 records per seed. Strict domination means carrier sum exceeds the sum of absolute remaining terms; removal_flips_sign is a separate test.",Lion direction units; beta natural log; epoch and step
sc,20,500,S0589,36500,73,-15,0.148341631889343,0.784424529969692,-0.636082782258813,0.790754508839314,false,true,true,true,true,"`ctd1`, 6 runs, 100 ep | 500 records per seed. Strict domination means carrier sum exceeds the sum of absolute remaining terms; removal_flips_sign is a separate test.",Lion direction units; beta natural log; epoch and step
sc,20,500,S0589,36600,73.2,-15,0.18239144384861,0.761220422387123,-0.578828775894857,0.711181529684899,true,true,true,true,true,"`ctd1`, 6 runs, 100 ep | 500 records per seed. Strict domination means carrier sum exceeds the sum of absolute remaining terms; removal_flips_sign is a separate test.",Lion direction units; beta natural log; epoch and step
sc,20,500,S0589,36700,73.4,-15,0.202501259744167,0.78927023857832,-0.586768781771406,0.721296521183029,true,true,true,true,true,"`ctd1`, 6 runs, 100 ep | 500 records per seed. Strict domination means carrier sum exceeds the sum of absolute remaining terms; removal_flips_sign is a separate test.",Lion direction units; beta natural log; epoch and step
sc,20,500,S0589,36800,73.6,-15,0.221758332848549,0.799872881174088,-0.578114187426382,0.726650106823928,true,true,true,true,true,"`ctd1`, 6 runs, 100 ep | 500 records per seed. Strict domination means carrier sum exceeds the sum of absolute remaining terms; removal_flips_sign is a separate test.",Lion direction units; beta natural log; epoch and step
sc,20,500,S0589,36900,73.8,-15,0.184160578250885,0.795519369840622,-0.611358696087586,0.725387206171558,true,true,true,true,true,"`ctd1`, 6 runs, 100 ep | 500 records per seed. Strict domination means carrier sum exceeds the sum of absolute remaining terms; removal_flips_sign is a separate test.",Lion direction units; beta natural log; epoch and step
sc,20,500,S0589,37000,74,-15,0.17349450312322,0.790564954280853,-0.617070406971951,0.733820863729468,true,true,true,true,true,"`ctd1`, 6 runs, 100 ep | 500 records per seed. Strict domination means carrier sum exceeds the sum of absolute remaining terms; removal_flips_sign is a separate test.",Lion direction units; beta natural log; epoch and step
sc,20,500,S0589,37100,74.2,-15,0.194511577486992,0.814707608520985,-0.620195995659162,0.754803978069333,true,true,true,true,true,"`ctd1`, 6 runs, 100 ep | 500 records per seed. Strict domination means carrier sum exceeds the sum of absolute remaining terms; removal_flips_sign is a separate test.",Lion direction units; beta natural log; epoch and step
sc,20,500,S0589,37200,74.4,-15,0.160077686607838,0.780887374281883,-0.620809657420205,0.733420040548981,true,true,true,true,true,"`ctd1`, 6 runs, 100 ep | 500 records per seed. Strict domination means carrier sum exceeds the sum of absolute remaining terms; removal_flips_sign is a separate test.",Lion direction units; beta natural log; epoch and step
sc,20,500,S0589,37300,74.6,-15,0.183388137817383,0.784765547513962,-0.601377299346734,0.736659847384601,true,true,true,true,true,"`ctd1`, 6 runs, 100 ep | 500 records per seed. Strict domination means carrier sum exceeds the sum of absolute remaining terms; removal_flips_sign is a separate test.",Lion direction units; beta natural log; epoch and step
sc,20,500,S0589,37400,74.8,-15,0.197428187727928,0.789829260110855,-0.592401054287564,0.705707759025461,true,true,true,true,true,"`ctd1`, 6 runs, 100 ep | 500 records per seed. Strict domination means carrier sum exceeds the sum of absolute remaining terms; removal_flips_sign is a separate test.",Lion direction units; beta natural log; epoch and step
sc,20,500,S0589,37500,75,-15,0.206392326951027,0.794806341826916,-0.588414073418801,0.70990499730143,true,true,true,true,true,"`ctd1`, 6 runs, 100 ep | 500 records per seed. Strict domination means carrier sum exceeds the sum of absolute remaining terms; removal_flips_sign is a separate test.",Lion direction units; beta natural log; epoch and step
sc,20,500,S0589,37600,75.2,-15,0.18582669198513,0.768528579175472,-0.582702062825194,0.712504896267239,true,true,true,true,true,"`ctd1`, 6 runs, 100 ep | 500 records per seed. Strict domination means carrier sum exceeds the sum of absolute remaining terms; removal_flips_sign is a separate test.",Lion direction units; beta natural log; epoch and step
sc,20,500,S0589,37700,75.4,-15,0.19780695065856,0.799189072847366,-0.601382435127886,0.734328106301558,true,true,true,true,true,"`ctd1`, 6 runs, 100 ep | 500 records per seed. Strict domination means carrier sum exceeds the sum of absolute remaining terms; removal_flips_sign is a separate test.",Lion direction units; beta natural log; epoch and step
sc,20,500,S0589,37800,75.6,-15,0.184651382267475,0.779827778041363,-0.595176568607917,0.722595327178283,true,true,true,true,true,"`ctd1`, 6 runs, 100 ep | 500 records per seed. Strict domination means carrier sum exceeds the sum of absolute remaining terms; removal_flips_sign is a separate test.",Lion direction units; beta natural log; epoch and step
sc,20,500,S0589,37900,75.8,-15,0.212418283522129,0.776223556697369,-0.563805415508801,0.696325330909627,true,true,true,true,true,"`ctd1`, 6 runs, 100 ep | 500 records per seed. Strict domination means carrier sum exceeds the sum of absolute remaining terms; removal_flips_sign is a separate test.",Lion direction units; beta natural log; epoch and step
sc,20,500,S0589,38000,76,-15,0.178626404702663,0.794564570486546,-0.615938353463048,0.737181454492747,true,true,true,true,true,"`ctd1`, 6 runs, 100 ep | 500 records per seed. Strict domination means carrier sum exceeds the sum of absolute remaining terms; removal_flips_sign is a separate test.",Lion direction units; beta natural log; epoch and step
sc,20,500,S0589,38100,76.2,-15,0.133451837301254,0.797971107065678,-0.664519485004844,0.816755567568585,false,true,true,true,true,"`ctd1`, 6 runs, 100 ep | 500 records per seed. Strict domination means carrier sum exceeds the sum of absolute remaining terms; removal_flips_sign is a separate test.",Lion direction units; beta natural log; epoch and step
sc,20,500,S0589,38200,76.4,-15,0.21130361109972,0.79167714715004,-0.580373667201371,0.724748312724847,true,true,true,true,true,"`ctd1`, 6 runs, 100 ep | 500 records per seed. Strict domination means carrier sum exceeds the sum of absolute remaining terms; removal_flips_sign is a separate test.",Lion direction units; beta natural log; epoch and step
sc,20,500,S0589,38300,76.6,-15,0.186823868751526,0.78337764441967,-0.596553715753851,0.704762962534494,true,true,true,true,true,"`ctd1`, 6 runs, 100 ep | 500 records per seed. Strict domination means carrier sum exceeds the sum of absolute remaining terms; removal_flips_sign is a separate test.",Lion direction units; beta natural log; epoch and step
sc,20,500,S0589,38400,76.8,-15,0.182930494099855,0.789144837856293,-0.606214332203501,0.725657307029007,true,true,true,true,true,"`ctd1`, 6 runs, 100 ep | 500 records per seed. Strict domination means carrier sum exceeds the sum of absolute remaining terms; removal_flips_sign is a separate test.",Lion direction units; beta natural log; epoch and step
sc,20,500,S0589,38500,77,-15,0.206965106725693,0.781514470279217,-0.574549443898908,0.682985596795706,true,true,true,true,true,"`ctd1`, 6 runs, 100 ep | 500 records per seed. Strict domination means carrier sum exceeds the sum of absolute remaining terms; removal_flips_sign is a separate test.",Lion direction units; beta natural log; epoch and step
sc,20,500,S0589,38600,77.2,-15,0.214716002345085,0.775987568497658,-0.561271528174268,0.692707523196589,true,true,true,true,true,"`ctd1`, 6 runs, 100 ep | 500 records per seed. Strict domination means carrier sum exceeds the sum of absolute remaining terms; removal_flips_sign is a separate test.",Lion direction units; beta natural log; epoch and step
sc,20,500,S0589,38700,77.4,-15,0.17919504493475,0.766186387836933,-0.586991330648294,0.720363384709805,true,true,true,true,true,"`ctd1`, 6 runs, 100 ep | 500 records per seed. Strict domination means carrier sum exceeds the sum of absolute remaining terms; removal_flips_sign is a separate test.",Lion direction units; beta natural log; epoch and step
sc,20,500,S0589,38800,77.6,-15,0.194755201041698,0.785669438540936,-0.590914477398388,0.72426870670584,true,true,true,true,true,"`ctd1`, 6 runs, 100 ep | 500 records per seed. Strict domination means carrier sum exceeds the sum of absolute remaining terms; removal_flips_sign is a separate test.",Lion direction units; beta natural log; epoch and step
sc,20,500,S0589,38900,77.8,-15,0.177282320708036,0.795435698330402,-0.618153369431076,0.738971826240919,true,true,true,true,true,"`ctd1`, 6 runs, 100 ep | 500 records per seed. Strict domination means carrier sum exceeds the sum of absolute remaining terms; removal_flips_sign is a separate test.",Lion direction units; beta natural log; epoch and step
sc,20,500,S0589,39000,78,-15,0.207600677013397,0.790089450776577,-0.58248868348858,0.699781241059898,true,true,true,true,true,"`ctd1`, 6 runs, 100 ep | 500 records per seed. Strict domination means carrier sum exceeds the sum of absolute remaining terms; removal_flips_sign is a separate test.",Lion direction units; beta natural log; epoch and step
sc,20,500,S0589,39100,78.2,-15,0.215571922063827,0.801688557863235,-0.586116634489338,0.72029979758928,true,true,true,true,true,"`ctd1`, 6 runs, 100 ep | 500 records per seed. Strict domination means carrier sum exceeds the sum of absolute remaining terms; removal_flips_sign is a separate test.",Lion direction units; beta natural log; epoch and step
sc,20,500,S0589,39200,78.4,-15,0.18516176789999,0.790452025830746,-0.605290246170557,0.725975983804733,true,true,true,true,true,"`ctd1`, 6 runs, 100 ep | 500 records per seed. Strict domination means carrier sum exceeds the sum of absolute remaining terms; removal_flips_sign is a separate test.",Lion direction units; beta natural log; epoch and step
sc,20,500,S0589,39300,78.6,-15,0.173426669836044,0.774999541044235,-0.601572763657117,0.730309548631789,true,true,true,true,true,"`ctd1`, 6 runs, 100 ep | 500 records per seed. Strict domination means carrier sum exceeds the sum of absolute remaining terms; removal_flips_sign is a separate test.",Lion direction units; beta natural log; epoch and step
sc,20,500,S0589,39400,78.8,-15,0.187073853611946,0.783215796947479,-0.59614168099464,0.707636845885588,true,true,true,true,true,"`ctd1`, 6 runs, 100 ep | 500 records per seed. Strict domination means carrier sum exceeds the sum of absolute remaining terms; removal_flips_sign is a separate test.",Lion direction units; beta natural log; epoch and step
sc,20,500,S0589,39500,79,-15,0.184077259898186,0.795826350152492,-0.611748878670147,0.743375556354118,true,true,true,true,true,"`ctd1`, 6 runs, 100 ep | 500 records per seed. Strict domination means carrier sum exceeds the sum of absolute remaining terms; removal_flips_sign is a separate test.",Lion direction units; beta natural log; epoch and step
sc,20,500,S0589,39600,79.2,-15,0.174350848700851,0.776414726674557,-0.602063849542731,0.736053812812054,true,true,true,true,true,"`ctd1`, 6 runs, 100 ep | 500 records per seed. Strict domination means carrier sum exceeds the sum of absolute remaining terms; removal_flips_sign is a separate test.",Lion direction units; beta natural log; epoch and step
sc,20,500,S0589,39700,79.4,-15,0.204100446403027,0.804319469630718,-0.600219125001695,0.722935010214928,true,true,true,true,true,"`ctd1`, 6 runs, 100 ep | 500 records per seed. Strict domination means carrier sum exceeds the sum of absolute remaining terms; removal_flips_sign is a separate test.",Lion direction units; beta natural log; epoch and step
sc,20,500,S0589,39800,79.6,-15,0.211291475594044,0.798571412265301,-0.587280083260863,0.718906491088267,true,true,true,true,true,"`ctd1`, 6 runs, 100 ep | 500 records per seed. Strict domination means carrier sum exceeds the sum of absolute remaining terms; removal_flips_sign is a separate test.",Lion direction units; beta natural log; epoch and step
sc,20,500,S0589,39900,79.8,-15,0.113820198178291,0.789645478129387,-0.675825383367226,0.823839936379852,false,true,true,true,true,"`ctd1`, 6 runs, 100 ep | 500 records per seed. Strict domination means carrier sum exceeds the sum of absolute remaining terms; removal_flips_sign is a separate test.",Lion direction units; beta natural log; epoch and step
sc,20,500,S0589,40000,80,-15,0.178841550648212,0.773648342490196,-0.594806827814315,0.723073197280607,true,true,true,true,true,"`ctd1`, 6 runs, 100 ep | 500 records per seed. Strict domination means carrier sum exceeds the sum of absolute remaining terms; removal_flips_sign is a separate test.",Lion direction units; beta natural log; epoch and step
sc,20,500,S0589,40100,80.2,-15,0.146312379091978,0.774645173549652,-0.62833267670847,0.759828173612351,true,true,true,true,true,"`ctd1`, 6 runs, 100 ep | 500 records per seed. Strict domination means carrier sum exceeds the sum of absolute remaining terms; removal_flips_sign is a separate test.",Lion direction units; beta natural log; epoch and step
sc,20,500,S0589,40200,80.4,-15,0.164932219684124,0.782950799167156,-0.618018701769108,0.755521163582205,true,true,true,true,true,"`ctd1`, 6 runs, 100 ep | 500 records per seed. Strict domination means carrier sum exceeds the sum of absolute remaining terms; removal_flips_sign is a separate test.",Lion direction units; beta natural log; epoch and step
sc,20,500,S0589,40300,80.6,-15,0.176994167268276,0.800368729233742,-0.623374402474039,0.746641373034387,true,true,true,true,true,"`ctd1`, 6 runs, 100 ep | 500 records per seed. Strict domination means carrier sum exceeds the sum of absolute remaining terms; removal_flips_sign is a separate test.",Lion direction units; beta natural log; epoch and step
sc,20,500,S0589,40400,80.8,-15,0.204242594540119,0.78638913333416,-0.582146299272878,0.723172786609754,true,true,true,true,true,"`ctd1`, 6 runs, 100 ep | 500 records per seed. Strict domination means carrier sum exceeds the sum of absolute remaining terms; removal_flips_sign is a separate test.",Lion direction units; beta natural log; epoch and step
sc,20,500,S0589,40500,81,-15,0.180013969540596,0.786235074698925,-0.606220948927066,0.760392968754613,true,true,true,true,true,"`ctd1`, 6 runs, 100 ep | 500 records per seed. Strict domination means carrier sum exceeds the sum of absolute remaining terms; removal_flips_sign is a separate test.",Lion direction units; beta natural log; epoch and step
sc,20,500,S0589,40600,81.2,-15,0.175375638902187,0.778185096383095,-0.60280962766721,0.755359946715356,true,true,true,true,true,"`ctd1`, 6 runs, 100 ep | 500 records per seed. Strict domination means carrier sum exceeds the sum of absolute remaining terms; removal_flips_sign is a separate test.",Lion direction units; beta natural log; epoch and step
sc,20,500,S0589,40700,81.4,-15,0.206232830882072,0.79297516644001,-0.586742384121861,0.690663100712753,true,true,true,true,true,"`ctd1`, 6 runs, 100 ep | 500 records per seed. Strict domination means carrier sum exceeds the sum of absolute remaining terms; removal_flips_sign is a separate test.",Lion direction units; beta natural log; epoch and step
sc,20,500,S0589,40800,81.6,-15,0.162116752564907,0.781320375204086,-0.619203801745894,0.764647409331124,true,true,true,true,true,"`ctd1`, 6 runs, 100 ep | 500 records per seed. Strict domination means carrier sum exceeds the sum of absolute remaining terms; removal_flips_sign is a separate test.",Lion direction units; beta natural log; epoch and step
sc,20,500,S0589,40900,81.8,-15,0.16216814480722,0.778546680510044,-0.616378707633822,0.748651281379108,true,true,true,true,true,"`ctd1`, 6 runs, 100 ep | 500 records per seed. Strict domination means carrier sum exceeds the sum of absolute remaining terms; removal_flips_sign is a separate test.",Lion direction units; beta natural log; epoch and step
sc,20,500,S0589,41000,82,-15,0.188988640904427,0.798206847906113,-0.609218229212351,0.746323140400867,true,true,true,true,true,"`ctd1`, 6 runs, 100 ep | 500 records per seed. Strict domination means carrier sum exceeds the sum of absolute remaining terms; removal_flips_sign is a separate test.",Lion direction units; beta natural log; epoch and step
sc,20,500,S0589,41100,82.2,-15,0.187149646878242,0.798201471567154,-0.611051839566483,0.752495310822576,true,true,true,true,true,"`ctd1`, 6 runs, 100 ep | 500 records per seed. Strict domination means carrier sum exceeds the sum of absolute remaining terms; removal_flips_sign is a separate test.",Lion direction units; beta natural log; epoch and step
sc,20,500,S0589,41200,82.4,-15,0.198137339949608,0.791067983210087,-0.592930597209021,0.726890150116516,true,true,true,true,true,"`ctd1`, 6 runs, 100 ep | 500 records per seed. Strict domination means carrier sum exceeds the sum of absolute remaining terms; removal_flips_sign is a separate test.",Lion direction units; beta natural log; epoch and step
sc,20,500,S0589,41300,82.6,-15,0.182484770938754,0.784848813712597,-0.602364173178285,0.719950332935241,true,true,true,true,true,"`ctd1`, 6 runs, 100 ep | 500 records per seed. Strict domination means carrier sum exceeds the sum of absolute remaining terms; removal_flips_sign is a separate test.",Lion direction units; beta natural log; epoch and step
sc,20,500,S0589,41400,82.8,-15,0.24389350861311,0.798793436586857,-0.55490006212309,0.694825932725644,true,true,true,true,true,"`ctd1`, 6 runs, 100 ep | 500 records per seed. Strict domination means carrier sum exceeds the sum of absolute remaining terms; removal_flips_sign is a separate test.",Lion direction units; beta natural log; epoch and step
sc,20,500,S0589,41500,83,-15,0.185521766543388,0.801167131960392,-0.615645362455959,0.75375859400439,true,true,true,true,true,"`ctd1`, 6 runs, 100 ep | 500 records per seed. Strict domination means carrier sum exceeds the sum of absolute remaining terms; removal_flips_sign is a separate test.",Lion direction units; beta natural log; epoch and step
sc,20,500,S0589,41600,83.2,-15,0.177375547587872,0.786639700829983,-0.609264099730433,0.730679501087241,true,true,true,true,true,"`ctd1`, 6 runs, 100 ep | 500 records per seed. Strict domination means carrier sum exceeds the sum of absolute remaining terms; removal_flips_sign is a separate test.",Lion direction units; beta natural log; epoch and step
sc,20,500,S0589,41700,83.4,-15,0.179358035326004,0.790483786165714,-0.61112552786232,0.741170215157688,true,true,true,true,true,"`ctd1`, 6 runs, 100 ep | 500 records per seed. Strict domination means carrier sum exceeds the sum of absolute remaining terms; removal_flips_sign is a separate test.",Lion direction units; beta natural log; epoch and step
sc,20,500,S0589,41800,83.6,-15,0.151349633908831,0.785694681107998,-0.634345029937128,0.755167078158172,true,true,true,true,true,"`ctd1`, 6 runs, 100 ep | 500 records per seed. Strict domination means carrier sum exceeds the sum of absolute remaining terms; removal_flips_sign is a separate test.",Lion direction units; beta natural log; epoch and step
sc,20,500,S0589,41900,83.8,-15,0.192924293875694,0.798446092009544,-0.605521893619937,0.749055260806301,true,true,true,true,true,"`ctd1`, 6 runs, 100 ep | 500 records per seed. Strict domination means carrier sum exceeds the sum of absolute remaining terms; removal_flips_sign is a separate test.",Lion direction units; beta natural log; epoch and step
sc,20,500,S0589,42000,84,-15,0.214764584600925,0.780172809958458,-0.565408355963771,0.687888717838612,true,true,true,true,true,"`ctd1`, 6 runs, 100 ep | 500 records per seed. Strict domination means carrier sum exceeds the sum of absolute remaining terms; removal_flips_sign is a separate test.",Lion direction units; beta natural log; epoch and step
sc,20,500,S0589,42100,84.2,-15,0.208130866289139,0.783177874982357,-0.575047171092398,0.690309653072778,true,true,true,true,true,"`ctd1`, 6 runs, 100 ep | 500 records per seed. Strict domination means carrier sum exceeds the sum of absolute remaining terms; removal_flips_sign is a separate test.",Lion direction units; beta natural log; epoch and step
sc,20,500,S0589,42200,84.4,-15,0.228000237047672,0.785503505170345,-0.557503344404222,0.66715113976752,true,true,true,true,true,"`ctd1`, 6 runs, 100 ep | 500 records per seed. Strict domination means carrier sum exceeds the sum of absolute remaining terms; removal_flips_sign is a separate test.",Lion direction units; beta natural log; epoch and step
sc,20,500,S0589,42300,84.6,-15,0.222693069279194,0.802186225354671,-0.579493356829562,0.718202945907501,true,true,true,true,true,"`ctd1`, 6 runs, 100 ep | 500 records per seed. Strict domination means carrier sum exceeds the sum of absolute remaining terms; removal_flips_sign is a separate test.",Lion direction units; beta natural log; epoch and step
sc,20,500,S0589,42400,84.8,-15,0.194362272322178,0.790643413364887,-0.596281108734394,0.729392255512568,true,true,true,true,true,"`ctd1`, 6 runs, 100 ep | 500 records per seed. Strict domination means carrier sum exceeds the sum of absolute remaining terms; removal_flips_sign is a separate test.",Lion direction units; beta natural log; epoch and step
sc,20,500,S0589,42500,85,-15,0.172582887113094,0.773784123361111,-0.601201185974128,0.729913955829102,true,true,true,true,true,"`ctd1`, 6 runs, 100 ep | 500 records per seed. Strict domination means carrier sum exceeds the sum of absolute remaining terms; removal_flips_sign is a separate test.",Lion direction units; beta natural log; epoch and step
sc,20,500,S0589,42600,85.2,-15,0.155661480501294,0.780908195674419,-0.625246765053373,0.75696919546682,true,true,true,true,true,"`ctd1`, 6 runs, 100 ep | 500 records per seed. Strict domination means carrier sum exceeds the sum of absolute remaining terms; removal_flips_sign is a separate test.",Lion direction units; beta natural log; epoch and step
sc,20,500,S0589,42700,85.4,-15,0.206801247596741,0.791211979091167,-0.584410697796091,0.718906578633357,true,true,true,true,true,"`ctd1`, 6 runs, 100 ep | 500 records per seed. Strict domination means carrier sum exceeds the sum of absolute remaining terms; removal_flips_sign is a separate test.",Lion direction units; beta natural log; epoch and step
sc,20,500,S0589,42800,85.6,-15,0.199678581953049,0.797147357463837,-0.597468726951227,0.745467392515636,true,true,true,true,true,"`ctd1`, 6 runs, 100 ep | 500 records per seed. Strict domination means carrier sum exceeds the sum of absolute remaining terms; removal_flips_sign is a separate test.",Lion direction units; beta natural log; epoch and step
sc,20,500,S0589,42900,85.8,-15,0.168002987653017,0.79801049977541,-0.630007629813437,0.742251677058957,true,true,true,true,true,"`ctd1`, 6 runs, 100 ep | 500 records per seed. Strict domination means carrier sum exceeds the sum of absolute remaining terms; removal_flips_sign is a separate test.",Lion direction units; beta natural log; epoch and step
sc,20,500,S0589,43000,86,-15,0.168477467261255,0.791760244965553,-0.623282892474026,0.739990052227085,true,true,true,true,true,"`ctd1`, 6 runs, 100 ep | 500 records per seed. Strict domination means carrier sum exceeds the sum of absolute remaining terms; removal_flips_sign is a separate test.",Lion direction units; beta natural log; epoch and step
sc,20,500,S0589,43100,86.2,-15,0.20763736218214,0.798000000417233,-0.590362561337827,0.715256493581603,true,true,true,true,true,"`ctd1`, 6 runs, 100 ep | 500 records per seed. Strict domination means carrier sum exceeds the sum of absolute remaining terms; removal_flips_sign is a separate test.",Lion direction units; beta natural log; epoch and step
sc,20,500,S0589,43200,86.4,-15,0.176153171434999,0.787154431641102,-0.611001212202098,0.735693828938963,true,true,true,true,true,"`ctd1`, 6 runs, 100 ep | 500 records per seed. Strict domination means carrier sum exceeds the sum of absolute remaining terms; removal_flips_sign is a separate test.",Lion direction units; beta natural log; epoch and step
sc,20,500,S0589,43300,86.6,-15,0.172705503180623,0.781471291184425,-0.608765935116924,0.731295232822993,true,true,true,true,true,"`ctd1`, 6 runs, 100 ep | 500 records per seed. Strict domination means carrier sum exceeds the sum of absolute remaining terms; removal_flips_sign is a separate test.",Lion direction units; beta natural log; epoch and step
sc,20,500,S0589,43400,86.8,-15,0.204247218370438,0.788564822077751,-0.584317772129356,0.697379965733165,true,true,true,true,true,"`ctd1`, 6 runs, 100 ep | 500 records per seed. Strict domination means carrier sum exceeds the sum of absolute remaining terms; removal_flips_sign is a separate test.",Lion direction units; beta natural log; epoch and step
sc,20,500,S0589,43500,87,-15,0.217983615398407,0.796561898291111,-0.578578310833586,0.69412708003174,true,true,true,true,true,"`ctd1`, 6 runs, 100 ep | 500 records per seed. Strict domination means carrier sum exceeds the sum of absolute remaining terms; removal_flips_sign is a separate test.",Lion direction units; beta natural log; epoch and step
sc,20,500,S0589,43600,87.2,-15,0.162866592407227,0.770016378164291,-0.607149827005856,0.732140027988885,true,true,true,true,true,"`ctd1`, 6 runs, 100 ep | 500 records per seed. Strict domination means carrier sum exceeds the sum of absolute remaining terms; removal_flips_sign is a separate test.",Lion direction units; beta natural log; epoch and step
sc,20,500,S0589,43700,87.4,-15,0.221199095249176,0.796964712440968,-0.575765646171499,0.693932195243383,true,true,true,true,true,"`ctd1`, 6 runs, 100 ep | 500 records per seed. Strict domination means carrier sum exceeds the sum of absolute remaining terms; removal_flips_sign is a separate test.",Lion direction units; beta natural log; epoch and step
sc,20,500,S0589,43800,87.6,-15,0.175718097016215,0.775624346733093,-0.599906261708281,0.739768335244923,true,true,true,true,true,"`ctd1`, 6 runs, 100 ep | 500 records per seed. Strict domination means carrier sum exceeds the sum of absolute remaining terms; removal_flips_sign is a separate test.",Lion direction units; beta natural log; epoch and step
sc,20,500,S0589,43900,87.8,-15,0.186898396909237,0.785867156088352,-0.598968578564541,0.712055707311856,true,true,true,true,true,"`ctd1`, 6 runs, 100 ep | 500 records per seed. Strict domination means carrier sum exceeds the sum of absolute remaining terms; removal_flips_sign is a separate test.",Lion direction units; beta natural log; epoch and step
sc,20,500,S0589,44000,88,-15,0.194842997193337,0.784550867974758,-0.589707707353904,0.716546471107989,true,true,true,true,true,"`ctd1`, 6 runs, 100 ep | 500 records per seed. Strict domination means carrier sum exceeds the sum of absolute remaining terms; removal_flips_sign is a separate test.",Lion direction units; beta natural log; epoch and step
sc,20,500,S0589,44100,88.2,-15,0.161967445164919,0.797277075052261,-0.635309508690074,0.751682015819091,true,true,true,true,true,"`ctd1`, 6 runs, 100 ep | 500 records per seed. Strict domination means carrier sum exceeds the sum of absolute remaining terms; removal_flips_sign is a separate test.",Lion direction units; beta natural log; epoch and step
sc,20,500,S0589,44200,88.4,-15,0.155996759235859,0.770886027812958,-0.614889333861458,0.731561085953729,true,true,true,true,true,"`ctd1`, 6 runs, 100 ep | 500 records per seed. Strict domination means carrier sum exceeds the sum of absolute remaining terms; removal_flips_sign is a separate test.",Lion direction units; beta natural log; epoch and step
sc,20,500,S0589,44300,88.6,-15,0.194793051481247,0.795831890404224,-0.601038885743151,0.7184920031518,true,true,true,true,true,"`ctd1`, 6 runs, 100 ep | 500 records per seed. Strict domination means carrier sum exceeds the sum of absolute remaining terms; removal_flips_sign is a separate test.",Lion direction units; beta natural log; epoch and step
sc,20,500,S0589,44400,88.8,-15,0.184018361568451,0.794364605844021,-0.61034623315536,0.73372570275983,true,true,true,true,true,"`ctd1`, 6 runs, 100 ep | 500 records per seed. Strict domination means carrier sum exceeds the sum of absolute remaining terms; removal_flips_sign is a separate test.",Lion direction units; beta natural log; epoch and step
sc,20,500,S0589,44500,89,-15,0.204568408429623,0.795301976799965,-0.590733687569502,0.70372293725128,true,true,true,true,true,"`ctd1`, 6 runs, 100 ep | 500 records per seed. Strict domination means carrier sum exceeds the sum of absolute remaining terms; removal_flips_sign is a separate test.",Lion direction units; beta natural log; epoch and step
sc,20,500,S0589,44600,89.2,-15,0.174160498287529,0.777537426352501,-0.603376636665507,0.734719342328526,true,true,true,true,true,"`ctd1`, 6 runs, 100 ep | 500 records per seed. Strict domination means carrier sum exceeds the sum of absolute remaining terms; removal_flips_sign is a separate test.",Lion direction units; beta natural log; epoch and step
sc,20,500,S0589,44700,89.4,-15,0.218219293653965,0.787044055759907,-0.568824505110217,0.690660602042692,true,true,true,true,true,"`ctd1`, 6 runs, 100 ep | 500 records per seed. Strict domination means carrier sum exceeds the sum of absolute remaining terms; removal_flips_sign is a separate test.",Lion direction units; beta natural log; epoch and step
sc,20,500,S0589,44800,89.6,-15,0.188426093012094,0.780642904341221,-0.592216699160542,0.733482938450777,true,true,true,true,true,"`ctd1`, 6 runs, 100 ep | 500 records per seed. Strict domination means carrier sum exceeds the sum of absolute remaining terms; removal_flips_sign is a separate test.",Lion direction units; beta natural log; epoch and step
sc,20,500,S0589,44900,89.8,-15,0.190965297818184,0.7832992836833,-0.592333780046619,0.705284041681358,true,true,true,true,true,"`ctd1`, 6 runs, 100 ep | 500 records per seed. Strict domination means carrier sum exceeds the sum of absolute remaining terms; removal_flips_sign is a separate test.",Lion direction units; beta natural log; epoch and step
sc,20,500,S0589,45000,90,-15,0.166170935332775,0.772722797095776,-0.60655179773569,0.737510621382196,true,true,true,true,true,"`ctd1`, 6 runs, 100 ep | 500 records per seed. Strict domination means carrier sum exceeds the sum of absolute remaining terms; removal_flips_sign is a separate test.",Lion direction units; beta natural log; epoch and step
sc,20,500,S0589,45100,90.2,-15,0.182048799097538,0.792054533958435,-0.610005757215372,0.73151524423486,true,true,true,true,true,"`ctd1`, 6 runs, 100 ep | 500 records per seed. Strict domination means carrier sum exceeds the sum of absolute remaining terms; removal_flips_sign is a separate test.",Lion direction units; beta natural log; epoch and step
sc,20,500,S0589,45200,90.4,-15,0.195125977694988,0.788148924708366,-0.593023028957515,0.730315781876135,true,true,true,true,true,"`ctd1`, 6 runs, 100 ep | 500 records per seed. Strict domination means carrier sum exceeds the sum of absolute remaining terms; removal_flips_sign is a separate test.",Lion direction units; beta natural log; epoch and step
sc,20,500,S0589,45300,90.6,-15,0.198155380785465,0.78923170119524,-0.59107639357718,0.709695317982698,true,true,true,true,true,"`ctd1`, 6 runs, 100 ep | 500 records per seed. Strict domination means carrier sum exceeds the sum of absolute remaining terms; removal_flips_sign is a separate test.",Lion direction units; beta natural log; epoch and step
sc,20,500,S0589,45400,90.8,-15,0.212041252851486,0.796013398468495,-0.583972148112352,0.708132103226794,true,true,true,true,true,"`ctd1`, 6 runs, 100 ep | 500 records per seed. Strict domination means carrier sum exceeds the sum of absolute remaining terms; removal_flips_sign is a separate test.",Lion direction units; beta natural log; epoch and step
sc,20,500,S0589,45500,91,-15,0.194174516201019,0.781762409210205,-0.587588133064889,0.702040260278625,true,true,true,true,true,"`ctd1`, 6 runs, 100 ep | 500 records per seed. Strict domination means carrier sum exceeds the sum of absolute remaining terms; removal_flips_sign is a separate test.",Lion direction units; beta natural log; epoch and step
sc,20,500,S0589,45600,91.2,-15,0.175445429980755,0.785548131167889,-0.610102877287079,0.732854649183116,true,true,true,true,true,"`ctd1`, 6 runs, 100 ep | 500 records per seed. Strict domination means carrier sum exceeds the sum of absolute remaining terms; removal_flips_sign is a separate test.",Lion direction units; beta natural log; epoch and step
sc,20,500,S0589,45700,91.4,-15,0.190546315908432,0.790669777989388,-0.600123501993676,0.718953732684577,true,true,true,true,true,"`ctd1`, 6 runs, 100 ep | 500 records per seed. Strict domination means carrier sum exceeds the sum of absolute remaining terms; removal_flips_sign is a separate test.",Lion direction units; beta natural log; epoch and step
sc,20,500,S0589,45800,91.6,-15,0.184940083324909,0.798424857854843,-0.613484942442528,0.730517839809522,true,true,true,true,true,"`ctd1`, 6 runs, 100 ep | 500 records per seed. Strict domination means carrier sum exceeds the sum of absolute remaining terms; removal_flips_sign is a separate test.",Lion direction units; beta natural log; epoch and step
sc,20,500,S0589,45900,91.8,-15,0.211922760307789,0.795148696005344,-0.583226026516422,0.715186542054403,true,true,true,true,true,"`ctd1`, 6 runs, 100 ep | 500 records per seed. Strict domination means carrier sum exceeds the sum of absolute remaining terms; removal_flips_sign is a separate test.",Lion direction units; beta natural log; epoch and step
sc,20,500,S0589,46000,92,-15,0.183524422347546,0.774753837287426,-0.591229546442969,0.709599937299129,true,true,true,true,true,"`ctd1`, 6 runs, 100 ep | 500 records per seed. Strict domination means carrier sum exceeds the sum of absolute remaining terms; removal_flips_sign is a separate test.",Lion direction units; beta natural log; epoch and step
sc,20,500,S0589,46100,92.2,-15,0.208112248778343,0.791339930891991,-0.583227551289122,0.688731617790143,true,true,true,true,true,"`ctd1`, 6 runs, 100 ep | 500 records per seed. Strict domination means carrier sum exceeds the sum of absolute remaining terms; removal_flips_sign is a separate test.",Lion direction units; beta natural log; epoch and step
sc,20,500,S0589,46200,92.4,-15,0.229347531497478,0.787647442519665,-0.558300078734339,0.669507505804961,true,true,true,true,true,"`ctd1`, 6 runs, 100 ep | 500 records per seed. Strict domination means carrier sum exceeds the sum of absolute remaining terms; removal_flips_sign is a separate test.",Lion direction units; beta natural log; epoch and step
sc,20,500,S0589,46300,92.6,-15,0.19164844378829,0.784236228466034,-0.592587717569188,0.714502503485653,true,true,true,true,true,"`ctd1`, 6 runs, 100 ep | 500 records per seed. Strict domination means carrier sum exceeds the sum of absolute remaining terms; removal_flips_sign is a separate test.",Lion direction units; beta natural log; epoch and step
sc,20,500,S0589,46400,92.8,-15,0.215125155448914,0.793170353770256,-0.578045352947481,0.707448831216277,true,true,true,true,true,"`ctd1`, 6 runs, 100 ep | 500 records per seed. Strict domination means carrier sum exceeds the sum of absolute remaining terms; removal_flips_sign is a separate test.",Lion direction units; beta natural log; epoch and step
sc,20,500,S0589,46500,93,-15,0.181015320122242,0.780408562719822,-0.599393453063249,0.713327481194437,true,true,true,true,true,"`ctd1`, 6 runs, 100 ep | 500 records per seed. Strict domination means carrier sum exceeds the sum of absolute remaining terms; removal_flips_sign is a separate test.",Lion direction units; beta natural log; epoch and step
sc,20,500,S0589,46600,93.2,-15,0.202163036167622,0.791083638370037,-0.58892075346248,0.693200491930656,true,true,true,true,true,"`ctd1`, 6 runs, 100 ep | 500 records per seed. Strict domination means carrier sum exceeds the sum of absolute remaining terms; removal_flips_sign is a separate test.",Lion direction units; beta natural log; epoch and step
sc,20,500,S0589,46700,93.4,-15,0.202923984825611,0.788277307152748,-0.585353410456628,0.713534487418838,true,true,true,true,true,"`ctd1`, 6 runs, 100 ep | 500 records per seed. Strict domination means carrier sum exceeds the sum of absolute remaining terms; removal_flips_sign is a separate test.",Lion direction units; beta natural log; epoch and step
sc,20,500,S0589,46800,93.6,-15,0.14208859950304,0.777244053781033,-0.635155668278003,0.75805324877756,true,true,true,true,true,"`ctd1`, 6 runs, 100 ep | 500 records per seed. Strict domination means carrier sum exceeds the sum of absolute remaining terms; removal_flips_sign is a separate test.",Lion direction units; beta natural log; epoch and step
sc,20,500,S0589,46900,93.8,-15,0.205690775811672,0.792944274842739,-0.58725347314504,0.709332996245905,true,true,true,true,true,"`ctd1`, 6 runs, 100 ep | 500 records per seed. Strict domination means carrier sum exceeds the sum of absolute remaining terms; removal_flips_sign is a separate test.",Lion direction units; beta natural log; epoch and step
sc,20,500,S0589,47000,94,-15,0.170982559025288,0.785102498531342,-0.614119941992772,0.752204791194686,true,true,true,true,true,"`ctd1`, 6 runs, 100 ep | 500 records per seed. Strict domination means carrier sum exceeds the sum of absolute remaining terms; removal_flips_sign is a separate test.",Lion direction units; beta natural log; epoch and step
sc,20,500,S0589,47100,94.2,-15,0.202818074822426,0.787124337255955,-0.584306230173775,0.731754634901267,true,true,true,true,true,"`ctd1`, 6 runs, 100 ep | 500 records per seed. Strict domination means carrier sum exceeds the sum of absolute remaining terms; removal_flips_sign is a separate test.",Lion direction units; beta natural log; epoch and step
sc,20,500,S0589,47200,94.4,-15,0.229373303055763,0.792182636260986,-0.56280922735541,0.683677448973413,true,true,true,true,true,"`ctd1`, 6 runs, 100 ep | 500 records per seed. Strict domination means carrier sum exceeds the sum of absolute remaining terms; removal_flips_sign is a separate test.",Lion direction units; beta natural log; epoch and step
sc,20,500,S0589,47300,94.6,-15,0.22284517288208,0.791872601211071,-0.569027315770711,0.69729764256723,true,true,true,true,true,"`ctd1`, 6 runs, 100 ep | 500 records per seed. Strict domination means carrier sum exceeds the sum of absolute remaining terms; removal_flips_sign is a separate test.",Lion direction units; beta natural log; epoch and step
sc,20,500,S0589,47400,94.8,-15,0.167842837423086,0.802637611329555,-0.634794745353213,0.753360156166184,true,true,true,true,true,"`ctd1`, 6 runs, 100 ep | 500 records per seed. Strict domination means carrier sum exceeds the sum of absolute remaining terms; removal_flips_sign is a separate test.",Lion direction units; beta natural log; epoch and step
sc,20,500,S0589,47500,95,-15,0.191590142250061,0.780598220229149,-0.589007998721968,0.716873999146333,true,true,true,true,true,"`ctd1`, 6 runs, 100 ep | 500 records per seed. Strict domination means carrier sum exceeds the sum of absolute remaining terms; removal_flips_sign is a separate test.",Lion direction units; beta natural log; epoch and step
sc,20,500,S0589,47600,95.2,-15,0.135381407104433,0.777504093945026,-0.642122583118226,0.768452514308865,true,true,true,true,true,"`ctd1`, 6 runs, 100 ep | 500 records per seed. Strict domination means carrier sum exceeds the sum of absolute remaining terms; removal_flips_sign is a separate test.",Lion direction units; beta natural log; epoch and step
sc,20,500,S0589,47700,95.4,-15,0.186159457266331,0.796530552208424,-0.610371146682814,0.720939627064149,true,true,true,true,true,"`ctd1`, 6 runs, 100 ep | 500 records per seed. Strict domination means carrier sum exceeds the sum of absolute remaining terms; removal_flips_sign is a separate test.",Lion direction units; beta natural log; epoch and step
sc,20,500,S0589,47800,95.6,-15,0.23051473647356,0.795183987915516,-0.564669105587282,0.687021951765823,true,true,true,true,true,"`ctd1`, 6 runs, 100 ep | 500 records per seed. Strict domination means carrier sum exceeds the sum of absolute remaining terms; removal_flips_sign is a separate test.",Lion direction units; beta natural log; epoch and step
sc,20,500,S0589,47900,95.8,-15,0.201136952638626,0.792166075110435,-0.591029076322445,0.719853391258619,true,true,true,true,true,"`ctd1`, 6 runs, 100 ep | 500 records per seed. Strict domination means carrier sum exceeds the sum of absolute remaining terms; removal_flips_sign is a separate test.",Lion direction units; beta natural log; epoch and step
sc,20,500,S0589,48000,96,-15,0.208429934084415,0.777051937580109,-0.56862192287258,0.712992120062972,true,true,true,true,true,"`ctd1`, 6 runs, 100 ep | 500 records per seed. Strict domination means carrier sum exceeds the sum of absolute remaining terms; removal_flips_sign is a separate test.",Lion direction units; beta natural log; epoch and step
sc,20,500,S0589,48100,96.2,-15,0.213451093435287,0.799095575511456,-0.585644417043449,0.710733139992129,true,true,true,true,true,"`ctd1`, 6 runs, 100 ep | 500 records per seed. Strict domination means carrier sum exceeds the sum of absolute remaining terms; removal_flips_sign is a separate test.",Lion direction units; beta natural log; epoch and step
sc,20,500,S0589,48200,96.4,-15,0.187871959619224,0.77311717569828,-0.585245153311587,0.707554048657437,true,true,true,true,true,"`ctd1`, 6 runs, 100 ep | 500 records per seed. Strict domination means carrier sum exceeds the sum of absolute remaining terms; removal_flips_sign is a separate test.",Lion direction units; beta natural log; epoch and step
sc,20,500,S0589,48300,96.6,-15,0.17805031388998,0.773925071954727,-0.595874674244536,0.728281599922687,true,true,true,true,true,"`ctd1`, 6 runs, 100 ep | 500 records per seed. Strict domination means carrier sum exceeds the sum of absolute remaining terms; removal_flips_sign is a separate test.",Lion direction units; beta natural log; epoch and step
sc,20,500,S0589,48400,96.8,-15,0.159312758594751,0.776112422347069,-0.616799555611794,0.749231352275467,true,true,true,true,true,"`ctd1`, 6 runs, 100 ep | 500 records per seed. Strict domination means carrier sum exceeds the sum of absolute remaining terms; removal_flips_sign is a separate test.",Lion direction units; beta natural log; epoch and step
sc,20,500,S0589,48500,97,-15,0.164114357531071,0.805532237887382,-0.641417689629139,0.785643880176764,true,true,true,true,true,"`ctd1`, 6 runs, 100 ep | 500 records per seed. Strict domination means carrier sum exceeds the sum of absolute remaining terms; removal_flips_sign is a separate test.",Lion direction units; beta natural log; epoch and step
sc,20,500,S0589,48600,97.2,-15,0.191170528531075,0.789705875515938,-0.598535182665705,0.734104716663001,true,true,true,true,true,"`ctd1`, 6 runs, 100 ep | 500 records per seed. Strict domination means carrier sum exceeds the sum of absolute remaining terms; removal_flips_sign is a separate test.",Lion direction units; beta natural log; epoch and step
sc,20,500,S0589,48700,97.4,-15,0.163081437349319,0.774035632610321,-0.61095415614576,0.720449041083771,true,true,true,true,true,"`ctd1`, 6 runs, 100 ep | 500 records per seed. Strict domination means carrier sum exceeds the sum of absolute remaining terms; removal_flips_sign is a separate test.",Lion direction units; beta natural log; epoch and step
sc,20,500,S0589,48800,97.6,-15,0.1619055762887,0.796486972272396,-0.634581084371848,0.758045530980689,true,true,true,true,true,"`ctd1`, 6 runs, 100 ep | 500 records per seed. Strict domination means carrier sum exceeds the sum of absolute remaining terms; removal_flips_sign is a separate test.",Lion direction units; beta natural log; epoch and step
sc,20,500,S0589,48900,97.8,-15,0.213935485482216,0.799726331233978,-0.585790719975949,0.722639923437595,true,true,true,true,true,"`ctd1`, 6 runs, 100 ep | 500 records per seed. Strict domination means carrier sum exceeds the sum of absolute remaining terms; removal_flips_sign is a separate test.",Lion direction units; beta natural log; epoch and step
sc,20,500,S0589,49000,98,-15,0.160844170488417,0.789471186697483,-0.628627045620442,0.76873709735014,true,true,true,true,true,"`ctd1`, 6 runs, 100 ep | 500 records per seed. Strict domination means carrier sum exceeds the sum of absolute remaining terms; removal_flips_sign is a separate test.",Lion direction units; beta natural log; epoch and step
sc,20,500,S0589,49100,98.2,-15,0.202252061665058,0.802823774516582,-0.600571728149652,0.706610794701106,true,true,true,true,true,"`ctd1`, 6 runs, 100 ep | 500 records per seed. Strict domination means carrier sum exceeds the sum of absolute remaining terms; removal_flips_sign is a separate test.",Lion direction units; beta natural log; epoch and step
sc,20,500,S0589,49200,98.4,-15,0.192404729127884,0.769159050285816,-0.576754595564111,0.696107426073817,true,true,true,true,true,"`ctd1`, 6 runs, 100 ep | 500 records per seed. Strict domination means carrier sum exceeds the sum of absolute remaining terms; removal_flips_sign is a separate test.",Lion direction units; beta natural log; epoch and step
sc,20,500,S0589,49300,98.6,-15,0.168783265352249,0.774031586945057,-0.605248546281553,0.720758373140313,true,true,true,true,true,"`ctd1`, 6 runs, 100 ep | 500 records per seed. Strict domination means carrier sum exceeds the sum of absolute remaining terms; removal_flips_sign is a separate test.",Lion direction units; beta natural log; epoch and step
sc,20,500,S0589,49400,98.8,-15,0.181278409436345,0.78899289816618,-0.607714459017751,0.727966156156634,true,true,true,true,true,"`ctd1`, 6 runs, 100 ep | 500 records per seed. Strict domination means carrier sum exceeds the sum of absolute remaining terms; removal_flips_sign is a separate test.",Lion direction units; beta natural log; epoch and step
sc,20,500,S0589,49500,99,-15,0.194864751398563,0.787061451375485,-0.592196677393433,0.746971507575465,true,true,true,true,true,"`ctd1`, 6 runs, 100 ep | 500 records per seed. Strict domination means carrier sum exceeds the sum of absolute remaining terms; removal_flips_sign is a separate test.",Lion direction units; beta natural log; epoch and step
sc,20,500,S0589,49600,99.2,-15,0.176652605086565,0.779824078083038,-0.60317149904057,0.723499671953357,true,true,true,true,true,"`ctd1`, 6 runs, 100 ep | 500 records per seed. Strict domination means carrier sum exceeds the sum of absolute remaining terms; removal_flips_sign is a separate test.",Lion direction units; beta natural log; epoch and step
sc,20,500,S0589,49700,99.4,-15,0.186231629550457,0.772463767230511,-0.586231852264638,0.708680703289184,true,true,true,true,true,"`ctd1`, 6 runs, 100 ep | 500 records per seed. Strict domination means carrier sum exceeds the sum of absolute remaining terms; removal_flips_sign is a separate test.",Lion direction units; beta natural log; epoch and step
sc,20,500,S0589,49800,99.6,-15,0.188524377346039,0.775598941743374,-0.587074406983299,0.709430392797856,true,true,true,true,true,"`ctd1`, 6 runs, 100 ep | 500 records per seed. Strict domination means carrier sum exceeds the sum of absolute remaining terms; removal_flips_sign is a separate test.",Lion direction units; beta natural log; epoch and step
sc,20,500,S0589,49900,99.8,-15,0.188792155683041,0.787387154996395,-0.598595066768507,0.734261410331192,true,true,true,true,true,"`ctd1`, 6 runs, 100 ep | 500 records per seed. Strict domination means carrier sum exceeds the sum of absolute remaining terms; removal_flips_sign is a separate test.",Lion direction units; beta natural log; epoch and step
