measurement_id,run_id,metric,split,units,value,start_epoch_index,end_epoch_index_exclusive,window_records,window_basis,actual_epochs_parsed,terminal_window,job_id,seed,raw_sha256,raw_paths,source_fields,source_pointers,contexts,panels
MEAS-e2a38de3c7469f16,RUN-4700620,legacy_plateau20,test,accuracy_percent,69.162,80,100,20,parsed raw epoch count; legacy terminal CSV window,100,True,4700620,0,08450ea72ab304dd1d64b851ecc24244852ad80d9fc578312cb6e8d9f5cb4ef9,"[""archive/Account1/runs/i3a-1e6-s0-4700620.out""]","[""plateau20""]","[""/panels/alpha0_robustness/cells/0/runs/0/plateau20""]","[""OCC-3311fb016ed3c778""]","[""alpha0_robustness""]"
MEAS-8c06c7d253fae5da,RUN-4700634,legacy_plateau20,test,accuracy_percent,68.112,80,100,20,parsed raw epoch count; legacy terminal CSV window,100,True,4700634,1,544c2f8c7e22adf440e57492b2fcd105de403ae04cf6f7dd34dd8ab584ba0194,"[""archive/Account1/runs/i3a-1e6-s1-4700634.out""]","[""plateau20""]","[""/panels/alpha0_robustness/cells/0/runs/1/plateau20""]","[""OCC-3311fb016ed3c778""]","[""alpha0_robustness""]"
MEAS-b5d50762c2e60d9d,RUN-4700648,legacy_plateau20,test,accuracy_percent,68.766,80,100,20,parsed raw epoch count; legacy terminal CSV window,100,True,4700648,2,4c29c41d9cb9e4929f754a7560fd3a95774c3302abe12ea8699744398d8f197b,"[""archive/Account2/runs/i3a-1e6-s2-4700648.out""]","[""plateau20""]","[""/panels/alpha0_robustness/cells/0/runs/2/plateau20""]","[""OCC-3311fb016ed3c778""]","[""alpha0_robustness""]"
MEAS-93fa56a52e73a3ac,RUN-4700622,legacy_plateau20,test,accuracy_percent,84.787,80,100,20,parsed raw epoch count; legacy terminal CSV window,100,True,4700622,0,0aa1bb8bc2ef84da524ae797e79820bde42849c0450678d6e73cbbb14803fe8d,"[""archive/Account1/runs/i3a-1e5-s0-4700622.out""]","[""plateau20""]","[""/panels/alpha0_robustness/cells/1/runs/0/plateau20""]","[""OCC-fecc20cb16692397""]","[""alpha0_robustness""]"
MEAS-7a17f9e3fc857eb0,RUN-4700636,legacy_plateau20,test,accuracy_percent,84.402,80,100,20,parsed raw epoch count; legacy terminal CSV window,100,True,4700636,1,7becfe18f15982f224a7ac5769e15f4161b16acf38db96818fe4f10d8f643535,"[""archive/Account1/runs/i3a-1e5-s1-4700636.out""]","[""plateau20""]","[""/panels/alpha0_robustness/cells/1/runs/1/plateau20""]","[""OCC-fecc20cb16692397""]","[""alpha0_robustness""]"
MEAS-5066615357258ded,RUN-4700650,legacy_plateau20,test,accuracy_percent,84.366,80,100,20,parsed raw epoch count; legacy terminal CSV window,100,True,4700650,2,e74e253e2b783b4ca0774656629ab035520114db2951d4c1e1d54351bab72cfd,"[""archive/Account2/runs/i3a-1e5-s2-4700650.out""]","[""plateau20""]","[""/panels/alpha0_robustness/cells/1/runs/2/plateau20""]","[""OCC-fecc20cb16692397""]","[""alpha0_robustness""]"
MEAS-9ae317e41c61f2a0,RUN-4700624,legacy_plateau20,test,accuracy_percent,91.375,80,100,20,parsed raw epoch count; legacy terminal CSV window,100,True,4700624,0,22a7a9370823008650e172588e3926f3d22f2e915aabe7399f2a0890062658d3,"[""archive/Account1/runs/i3a-1e4-s0-4700624.out""]","[""plateau20""]","[""/panels/alpha0_robustness/cells/2/runs/0/plateau20""]","[""OCC-ce5bede7195505a2""]","[""alpha0_robustness""]"
MEAS-a940291466b3d50e,RUN-4700638,legacy_plateau20,test,accuracy_percent,91.406,80,100,20,parsed raw epoch count; legacy terminal CSV window,100,True,4700638,1,dbc1f33370860a13f594f7338f25515c602f5b2166cbf75c82dd23a2898af59d,"[""archive/Account1/runs/i3a-1e4-s1-4700638.out""]","[""plateau20""]","[""/panels/alpha0_robustness/cells/2/runs/1/plateau20""]","[""OCC-ce5bede7195505a2""]","[""alpha0_robustness""]"
MEAS-89cbd9c4155ee5c0,RUN-4700652,legacy_plateau20,test,accuracy_percent,91.256,80,100,20,parsed raw epoch count; legacy terminal CSV window,100,True,4700652,2,a9ad1d4e7887d120fd58f0afca8de3fc24552c60fd882b08cf47b9bf98dead9b,"[""archive/Account2/runs/i3a-1e4-s2-4700652.out""]","[""plateau20""]","[""/panels/alpha0_robustness/cells/2/runs/2/plateau20""]","[""OCC-ce5bede7195505a2""]","[""alpha0_robustness""]"
MEAS-75728a90550c39c0,RUN-4700626,legacy_plateau20,test,accuracy_percent,91.662,80,100,20,parsed raw epoch count; legacy terminal CSV window,100,True,4700626,0,6f3f9b33467e9e2c1eeac7ea179ea103dcfaf33cd8745b7621e75dfc1a6cb249,"[""archive/Account1/runs/i3a-3e4-s0-4700626.out""]","[""plateau20""]","[""/panels/alpha0_robustness/cells/3/runs/0/plateau20"",""/panels/schedule_controls/verified_counterweight/cells/0/runs/0/plateau20""]","[""OCC-d04e325f093de499"",""OCC-d172ad0bfaf038b7""]","[""alpha0_robustness"",""schedule_controls""]"
MEAS-f66a53875b3e2e4f,RUN-4700640,legacy_plateau20,test,accuracy_percent,91.739,80,100,20,parsed raw epoch count; legacy terminal CSV window,100,True,4700640,1,ff8584e18ebde2f94bfa6f04a2268877cf145e271bb319278bfcbc5092e98da4,"[""archive/Account1/runs/i3a-3e4-s1-4700640.out""]","[""plateau20""]","[""/panels/alpha0_robustness/cells/3/runs/1/plateau20"",""/panels/schedule_controls/verified_counterweight/cells/0/runs/1/plateau20""]","[""OCC-d04e325f093de499"",""OCC-d172ad0bfaf038b7""]","[""alpha0_robustness"",""schedule_controls""]"
MEAS-8ceea3863055c575,RUN-4700654,legacy_plateau20,test,accuracy_percent,91.987,80,100,20,parsed raw epoch count; legacy terminal CSV window,100,True,4700654,2,c1a025096982265f178ef69c1d1b5741ca0d354f3b1ec60641967c0d81a89071,"[""archive/Account2/runs/i3a-3e4-s2-4700654.out""]","[""plateau20""]","[""/panels/alpha0_robustness/cells/3/runs/2/plateau20"",""/panels/schedule_controls/verified_counterweight/cells/0/runs/2/plateau20""]","[""OCC-d04e325f093de499"",""OCC-d172ad0bfaf038b7""]","[""alpha0_robustness"",""schedule_controls""]"
MEAS-a54e70b642d5643d,RUN-4700628,legacy_plateau20,test,accuracy_percent,89.694,80,100,20,parsed raw epoch count; legacy terminal CSV window,100,True,4700628,0,49ef8f1d0a89fa50e995817add6a6fd37a49c66eba4b3dd2e7811ad6d440a040,"[""archive/Account1/runs/i3a-1e3-s0-4700628.out""]","[""plateau20""]","[""/panels/alpha0_robustness/cells/4/runs/0/plateau20""]","[""OCC-48a75d7f77ae35d9""]","[""alpha0_robustness""]"
MEAS-0321c67de7588b03,RUN-4700642,legacy_plateau20,test,accuracy_percent,89.702,80,100,20,parsed raw epoch count; legacy terminal CSV window,100,True,4700642,1,389b1ab81141fe2e8ffc7cec39914ad61283a167b50313f28bdcde382c326e6d,"[""archive/Account1/runs/i3a-1e3-s1-4700642.out""]","[""plateau20""]","[""/panels/alpha0_robustness/cells/4/runs/1/plateau20""]","[""OCC-48a75d7f77ae35d9""]","[""alpha0_robustness""]"
MEAS-0a2d1ccd33ff8a85,RUN-4700656,legacy_plateau20,test,accuracy_percent,90.242,80,100,20,parsed raw epoch count; legacy terminal CSV window,100,True,4700656,2,235f9d734eeedfddb77de1666b76adb6b063ab44b62b2979560beae8aca07155,"[""archive/Account2/runs/i3a-1e3-s2-4700656.out""]","[""plateau20""]","[""/panels/alpha0_robustness/cells/4/runs/2/plateau20""]","[""OCC-48a75d7f77ae35d9""]","[""alpha0_robustness""]"
MEAS-2c44c303b392a5c2,RUN-4700630,legacy_plateau20,test,accuracy_percent,68.181,80,100,20,parsed raw epoch count; legacy terminal CSV window,100,True,4700630,0,f423159bdb0117151b8e6c46599180d1c82df14bc9e14945612751c627839e14,"[""archive/Account1/runs/i3a-1e2-s0-4700630.out""]","[""plateau20""]","[""/panels/alpha0_robustness/cells/5/runs/0/plateau20""]","[""OCC-94db506f21286341""]","[""alpha0_robustness""]"
MEAS-8b2f6c01391fea24,RUN-4700644,legacy_plateau20,test,accuracy_percent,71.828,80,100,20,parsed raw epoch count; legacy terminal CSV window,100,True,4700644,1,dcc6b2ae1e03299e2ca2193d8bd9d4fc0fa4a3e59d7dab13a92c3e63d89b1ad4,"[""archive/Account1/runs/i3a-1e2-s1-4700644.out""]","[""plateau20""]","[""/panels/alpha0_robustness/cells/5/runs/1/plateau20""]","[""OCC-94db506f21286341""]","[""alpha0_robustness""]"
MEAS-300beca51550903d,RUN-4700658,legacy_plateau20,test,accuracy_percent,71.615,80,100,20,parsed raw epoch count; legacy terminal CSV window,100,True,4700658,2,4faaae28ec11cac3919a2d1b1af5b9c06c6fc0a4be9cc446b9d3709cb6492bfb,"[""archive/Account2/runs/i3a-1e2-s2-4700658.out""]","[""plateau20""]","[""/panels/alpha0_robustness/cells/5/runs/2/plateau20""]","[""OCC-94db506f21286341""]","[""alpha0_robustness""]"
MEAS-2f526a983d747dbb,RUN-4700632,legacy_plateau20,test,accuracy_percent,11.841,80,100,20,parsed raw epoch count; legacy terminal CSV window,100,True,4700632,0,d2a82a38fb17c91e90520e2888ef77c376fe0465ff587a385de2c7dd028c16ab,"[""archive/Account1/runs/i3a-1e1-s0-4700632.out""]","[""plateau20""]","[""/panels/alpha0_robustness/cells/6/runs/0/plateau20""]","[""OCC-ee94ee86d4bc8d60""]","[""alpha0_robustness""]"
MEAS-72980087fdd4d8ad,RUN-4700646,legacy_plateau20,test,accuracy_percent,10.0,80,100,20,parsed raw epoch count; legacy terminal CSV window,100,True,4700646,1,623f359af09b7f618424b2d0e58d84b54b79639e7f92d62a52341786491947fc,"[""archive/Account1/runs/i3a-1e1-s1-4700646.out""]","[""plateau20""]","[""/panels/alpha0_robustness/cells/6/runs/1/plateau20""]","[""OCC-ee94ee86d4bc8d60""]","[""alpha0_robustness""]"
MEAS-c687c3755ffe1c35,RUN-4700660,legacy_plateau20,test,accuracy_percent,15.952,80,100,20,parsed raw epoch count; legacy terminal CSV window,100,True,4700660,2,87420df42f59502fb1fbe16991be6414cbc9ea08ff4e23856f637d595f7a89b4,"[""archive/Account2/runs/i3a-1e1-s2-4700660.out""]","[""plateau20""]","[""/panels/alpha0_robustness/cells/6/runs/2/plateau20""]","[""OCC-ee94ee86d4bc8d60""]","[""alpha0_robustness""]"
MEAS-4a4ae53518aadca8,RUN-4700621,legacy_plateau20,test,accuracy_percent,91.442,80,100,20,parsed raw epoch count; legacy terminal CSV window,100,True,4700621,0,706f844e2a5ef37fe215e169dbe84649f9301dc875410b66f13fa62183b9025f,"[""archive/Account1/runs/i3b-1e6-s0-4700621.out""]","[""plateau20""]","[""/panels/alpha0_robustness/cells/7/runs/0/plateau20""]","[""OCC-0de18a59532b891d""]","[""alpha0_robustness""]"
MEAS-b02a6a4fbef649b4,RUN-4700635,legacy_plateau20,test,accuracy_percent,91.35,80,100,20,parsed raw epoch count; legacy terminal CSV window,100,True,4700635,1,027a70dacf28eabbd6fd22cfd7b8be409e66c04804a7e8ef58c890b966997ddf,"[""archive/Account1/runs/i3b-1e6-s1-4700635.out""]","[""plateau20""]","[""/panels/alpha0_robustness/cells/7/runs/1/plateau20""]","[""OCC-0de18a59532b891d""]","[""alpha0_robustness""]"
MEAS-54354efa31f55c8a,RUN-4700649,legacy_plateau20,test,accuracy_percent,91.697,80,100,20,parsed raw epoch count; legacy terminal CSV window,100,True,4700649,2,9fa2bbcdbd27832533e16adb0d5a161c352a07822f9936a3aecced94b6746375,"[""archive/Account2/runs/i3b-1e6-s2-4700649.out""]","[""plateau20""]","[""/panels/alpha0_robustness/cells/7/runs/2/plateau20""]","[""OCC-0de18a59532b891d""]","[""alpha0_robustness""]"
MEAS-7abcc702da8b293f,RUN-4700623,legacy_plateau20,test,accuracy_percent,91.587,80,100,20,parsed raw epoch count; legacy terminal CSV window,100,True,4700623,0,b2cf218e522cfb5fd39fb9bef9e445617faf26685623d89422acc0f0257d7ff1,"[""archive/Account1/runs/i3b-1e5-s0-4700623.out""]","[""plateau20""]","[""/panels/alpha0_robustness/cells/8/runs/0/plateau20""]","[""OCC-23080352e5be872d""]","[""alpha0_robustness""]"
MEAS-9854305c4ccd52a4,RUN-4700637,legacy_plateau20,test,accuracy_percent,91.428,80,100,20,parsed raw epoch count; legacy terminal CSV window,100,True,4700637,1,5e56989a81b3538e3ccc31c4833a84dc6e640c1634f68e3991d7ae85ef87594f,"[""archive/Account1/runs/i3b-1e5-s1-4700637.out""]","[""plateau20""]","[""/panels/alpha0_robustness/cells/8/runs/1/plateau20""]","[""OCC-23080352e5be872d""]","[""alpha0_robustness""]"
MEAS-fac4d25a1426b0f1,RUN-4700651,legacy_plateau20,test,accuracy_percent,91.591,80,100,20,parsed raw epoch count; legacy terminal CSV window,100,True,4700651,2,afc98f1af3e773b2c174c4428985295af90cecef3062cc5feae3337c1aa25ccf,"[""archive/Account2/runs/i3b-1e5-s2-4700651.out""]","[""plateau20""]","[""/panels/alpha0_robustness/cells/8/runs/2/plateau20""]","[""OCC-23080352e5be872d""]","[""alpha0_robustness""]"
MEAS-c80d14ce2b26526c,RUN-4700625,legacy_plateau20,test,accuracy_percent,91.665,80,100,20,parsed raw epoch count; legacy terminal CSV window,100,True,4700625,0,60d45d121a7fbbe686fe4769fa5dccb680c01e095cb8975884377029e5f12dc4,"[""archive/Account1/runs/i3b-1e4-s0-4700625.out""]","[""plateau20""]","[""/panels/alpha0_robustness/cells/9/runs/0/plateau20""]","[""OCC-0469e1ea5497655c""]","[""alpha0_robustness""]"
MEAS-34c656c8a78aee51,RUN-4700639,legacy_plateau20,test,accuracy_percent,92.109,80,100,20,parsed raw epoch count; legacy terminal CSV window,100,True,4700639,1,92b232dd9fc478d7b0aff83658e22b106886fe9a01d51dd02495be834c3366a8,"[""archive/Account1/runs/i3b-1e4-s1-4700639.out""]","[""plateau20""]","[""/panels/alpha0_robustness/cells/9/runs/1/plateau20""]","[""OCC-0469e1ea5497655c""]","[""alpha0_robustness""]"
MEAS-0f036e5520f18ac3,RUN-4700653,legacy_plateau20,test,accuracy_percent,91.734,80,100,20,parsed raw epoch count; legacy terminal CSV window,100,True,4700653,2,a485402d2ddaf548322c3707426c32a40046c7c23cbff63f76ee16d97a9eb916,"[""archive/Account2/runs/i3b-1e4-s2-4700653.out""]","[""plateau20""]","[""/panels/alpha0_robustness/cells/9/runs/2/plateau20""]","[""OCC-0469e1ea5497655c""]","[""alpha0_robustness""]"
MEAS-075f0960787bc0e8,RUN-4700627,legacy_plateau20,test,accuracy_percent,93.23,80,100,20,parsed raw epoch count; legacy terminal CSV window,100,True,4700627,0,0d6c349f2a2f5a32be2d7cedb076b123b62b72a0a1d54b4ccebeede769d32354,"[""archive/Account1/runs/i3b-3e4-s0-4700627.out""]","[""plateau20""]","[""/panels/alpha0_robustness/cells/10/runs/0/plateau20"",""/panels/schedule_controls/verified_counterweight/cells/1/runs/0/plateau20""]","[""OCC-ed97a5f1d24dd024"",""OCC-f97f854e957efd07""]","[""alpha0_robustness"",""schedule_controls""]"
MEAS-5011ff2c7ddd0fa0,RUN-4700641,legacy_plateau20,test,accuracy_percent,93.213,80,100,20,parsed raw epoch count; legacy terminal CSV window,100,True,4700641,1,42f80180bc92df1cdd88bf75f9fc738a2f95501acd2d98186ed2e840a1221680,"[""archive/Account1/runs/i3b-3e4-s1-4700641.out""]","[""plateau20""]","[""/panels/alpha0_robustness/cells/10/runs/1/plateau20"",""/panels/schedule_controls/verified_counterweight/cells/1/runs/1/plateau20""]","[""OCC-ed97a5f1d24dd024"",""OCC-f97f854e957efd07""]","[""alpha0_robustness"",""schedule_controls""]"
MEAS-cd688c2267f4439a,RUN-4700655,legacy_plateau20,test,accuracy_percent,93.47,80,100,20,parsed raw epoch count; legacy terminal CSV window,100,True,4700655,2,69f878696bef54420859c58e6d3211ac19263184f894af8f14c0e47ad7978fc6,"[""archive/Account2/runs/i3b-3e4-s2-4700655.out""]","[""plateau20""]","[""/panels/alpha0_robustness/cells/10/runs/2/plateau20"",""/panels/schedule_controls/verified_counterweight/cells/1/runs/2/plateau20""]","[""OCC-ed97a5f1d24dd024"",""OCC-f97f854e957efd07""]","[""alpha0_robustness"",""schedule_controls""]"
MEAS-dff24781454d2124,RUN-4700629,legacy_plateau20,test,accuracy_percent,92.191,80,100,20,parsed raw epoch count; legacy terminal CSV window,100,True,4700629,0,83577e1e576f9f0a3a5af6b3855374acd18f1756eef7a3c5f448adb44d2f076b,"[""archive/Account1/runs/i3b-1e3-s0-4700629.out""]","[""plateau20""]","[""/panels/alpha0_robustness/cells/11/runs/0/plateau20""]","[""OCC-f11379db8ed56687""]","[""alpha0_robustness""]"
MEAS-8d7279fd2c8a59e5,RUN-4700643,legacy_plateau20,test,accuracy_percent,92.124,80,100,20,parsed raw epoch count; legacy terminal CSV window,100,True,4700643,1,593cda8123a68197f7bbd9e06c0f7d90e1277e78388e8836739c92155624ae29,"[""archive/Account1/runs/i3b-1e3-s1-4700643.out""]","[""plateau20""]","[""/panels/alpha0_robustness/cells/11/runs/1/plateau20""]","[""OCC-f11379db8ed56687""]","[""alpha0_robustness""]"
MEAS-000dc44dff5ee086,RUN-4700657,legacy_plateau20,test,accuracy_percent,92.228,80,100,20,parsed raw epoch count; legacy terminal CSV window,100,True,4700657,2,49a7f5db8e3feb5c54e7869cf41cc124cc6baf25863a71f605298d9798d01fdc,"[""archive/Account2/runs/i3b-1e3-s2-4700657.out""]","[""plateau20""]","[""/panels/alpha0_robustness/cells/11/runs/2/plateau20""]","[""OCC-f11379db8ed56687""]","[""alpha0_robustness""]"
MEAS-81fc75ca630464f1,RUN-4700631,legacy_plateau20,test,accuracy_percent,90.12,80,100,20,parsed raw epoch count; legacy terminal CSV window,100,True,4700631,0,b95080d723782d7e5bd81558449cf5cb734a05dc432aebd9b832f74d5c5579f1,"[""archive/Account1/runs/i3b-1e2-s0-4700631.out""]","[""plateau20""]","[""/panels/alpha0_robustness/cells/12/runs/0/plateau20""]","[""OCC-13f2a4d494ca1f11""]","[""alpha0_robustness""]"
MEAS-8b35877c99575e33,RUN-4700645,legacy_plateau20,test,accuracy_percent,89.773,80,100,20,parsed raw epoch count; legacy terminal CSV window,100,True,4700645,1,cae2f5111f633b90e5fea1791f7fa93c9f3d272feaf08f1c944f315943453ef5,"[""archive/Account1/runs/i3b-1e2-s1-4700645.out""]","[""plateau20""]","[""/panels/alpha0_robustness/cells/12/runs/1/plateau20""]","[""OCC-13f2a4d494ca1f11""]","[""alpha0_robustness""]"
MEAS-9852908c7c60308b,RUN-4700659,legacy_plateau20,test,accuracy_percent,90.069,80,100,20,parsed raw epoch count; legacy terminal CSV window,100,True,4700659,2,0c7ca773c4167070efcd8aa08f1a7fa32899769b635af497ea9c82afc0252fce,"[""archive/Account2/runs/i3b-1e2-s2-4700659.out""]","[""plateau20""]","[""/panels/alpha0_robustness/cells/12/runs/2/plateau20""]","[""OCC-13f2a4d494ca1f11""]","[""alpha0_robustness""]"
MEAS-23141bdf834c551f,RUN-4700633,legacy_plateau20,test,accuracy_percent,86.858,80,100,20,parsed raw epoch count; legacy terminal CSV window,100,True,4700633,0,e02ae90bc954538a79fb2a37c374730a7244ccd5b24d3344232bc465ecc4c146,"[""archive/Account1/runs/i3b-1e1-s0-4700633.out""]","[""plateau20""]","[""/panels/alpha0_robustness/cells/13/runs/0/plateau20""]","[""OCC-28341680172bc77f""]","[""alpha0_robustness""]"
MEAS-17ed43597d0cde76,RUN-4700647,legacy_plateau20,test,accuracy_percent,80.333,80,100,20,parsed raw epoch count; legacy terminal CSV window,100,True,4700647,1,7bb6d3ba8b0c905c1dad79bd834282a1ff0aa079f9d4a1b5e101c9ae6fb70eca,"[""archive/Account1/runs/i3b-1e1-s1-4700647.out""]","[""plateau20""]","[""/panels/alpha0_robustness/cells/13/runs/1/plateau20""]","[""OCC-28341680172bc77f""]","[""alpha0_robustness""]"
MEAS-5c1e13ac19c75186,RUN-4700661,legacy_plateau20,test,accuracy_percent,10.0,80,100,20,parsed raw epoch count; legacy terminal CSV window,100,True,4700661,2,c3afb8c83d989f7349b113036b42c1cdcafdf00f57e0c7fe79f9001aff9bc33a,"[""archive/Account2/runs/i3b-1e1-s2-4700661.out""]","[""plateau20""]","[""/panels/alpha0_robustness/cells/13/runs/2/plateau20""]","[""OCC-28341680172bc77f""]","[""alpha0_robustness""]"
MEAS-64069e286fb3ce8f,RUN-4700694,legacy_plateau20,test,accuracy_percent,63.495,80,100,20,parsed raw epoch count; legacy terminal CSV window,100,True,4700694,0,492555e6d324fa736f7d4a6d7adbad77408a25f24fda6a94646c9931abb03942,"[""archive/Account1/runs/i3c-1e6-s0-4700694.out""]","[""plateau20""]","[""/panels/alpha0_robustness/cells/14/runs/0/plateau20""]","[""OCC-7f1184083ee9e446""]","[""alpha0_robustness""]"
MEAS-ec65a2ac1d0c7618,RUN-4700695,legacy_plateau20,test,accuracy_percent,62.716,80,100,20,parsed raw epoch count; legacy terminal CSV window,100,True,4700695,1,d37c1780d3bae6b2ac7f2821aea2aac2559ef597330f6ddb88f0b6ea0f7bb227,"[""archive/Account1/runs/i3c-1e6-s1-4700695.out""]","[""plateau20""]","[""/panels/alpha0_robustness/cells/14/runs/1/plateau20""]","[""OCC-7f1184083ee9e446""]","[""alpha0_robustness""]"
MEAS-6e9339ee62f2aaca,RUN-4700696,legacy_plateau20,test,accuracy_percent,63.789,80,100,20,parsed raw epoch count; legacy terminal CSV window,100,True,4700696,2,89219d9c68e59af5ced7d758361c45b12e61e3cf89c4c5ff2f2c54ad2d474ec7,"[""archive/Account1/runs/i3c-1e6-s2-4700696.out""]","[""plateau20""]","[""/panels/alpha0_robustness/cells/14/runs/2/plateau20""]","[""OCC-7f1184083ee9e446""]","[""alpha0_robustness""]"
MEAS-3c3b4eba24cc0ca4,RUN-4700534,legacy_plateau20,test,accuracy_percent,83.986,80,100,20,parsed raw epoch count; legacy terminal CSV window,100,True,4700534,0,50cd61edbaece3f030c81f46c1715fec7a2ef48235f05c5d39ede16c38d88338,"[""archive/Account1/runs/SW-1e-5-s0-4700534.out""]","[""csv_plateau20"",""plateau20""]","[""/panels/alpha0_robustness/cells/15/runs/0/plateau20"",""/panels/schedule_controls/cells_by_family/cosine_SW/3/runs/0/csv_plateau20""]","[""OCC-4ee0cfd44cf6aa8d"",""OCC-74fe7413d0aaf76f""]","[""alpha0_robustness"",""schedule_controls""]"
MEAS-311f0200726a33ae,RUN-4700535,legacy_plateau20,test,accuracy_percent,83.782,80,100,20,parsed raw epoch count; legacy terminal CSV window,100,True,4700535,1,846681c9bb45da10b4f7ad982a168891f7a690d6e9c7d53fc2bba149a05934c5,"[""archive/Account1/runs/SW-1e-5-s1-4700535.out""]","[""csv_plateau20"",""plateau20""]","[""/panels/alpha0_robustness/cells/15/runs/1/plateau20"",""/panels/schedule_controls/cells_by_family/cosine_SW/3/runs/1/csv_plateau20""]","[""OCC-4ee0cfd44cf6aa8d"",""OCC-74fe7413d0aaf76f""]","[""alpha0_robustness"",""schedule_controls""]"
MEAS-96842ceb54efc607,RUN-4700538,legacy_plateau20,test,accuracy_percent,93.041,80,100,20,parsed raw epoch count; legacy terminal CSV window,100,True,4700538,0,b2ec928260fd6a4db5964d4a39dfcd64c673ea86eed0caa8ee142e23eb50e89e,"[""archive/Account1/runs/SW-1e-4-s0-4700538.out""]","[""csv_plateau20"",""plateau20""]","[""/panels/alpha0_robustness/cells/16/runs/0/plateau20"",""/panels/schedule_controls/cells_by_family/cosine_SW/2/runs/0/csv_plateau20""]","[""OCC-bb237e015f669b9e"",""OCC-cd8f8dd00b0c00f9""]","[""alpha0_robustness"",""schedule_controls""]"
MEAS-34bc82fbe6a187f9,RUN-4700539,legacy_plateau20,test,accuracy_percent,92.883,80,100,20,parsed raw epoch count; legacy terminal CSV window,100,True,4700539,1,54894f3c8f872946d8b7ea6d9d86e0afa8c3da8294548180a3c627194652608d,"[""archive/Account1/runs/SW-1e-4-s1-4700539.out""]","[""csv_plateau20"",""plateau20""]","[""/panels/alpha0_robustness/cells/16/runs/1/plateau20"",""/panels/schedule_controls/cells_by_family/cosine_SW/2/runs/1/csv_plateau20""]","[""OCC-bb237e015f669b9e"",""OCC-cd8f8dd00b0c00f9""]","[""alpha0_robustness"",""schedule_controls""]"
MEAS-3bde6788e81fedba,RUN-4700700,legacy_plateau20,test,accuracy_percent,92.73,80,100,20,parsed raw epoch count; legacy terminal CSV window,100,True,4700700,2,2f33d3cbe9b7fa3404d2912bf6d3bf38a8a2e6309e597bb48fa87a951b85d9c1,"[""archive/Account1/runs/i3c-1e4-s2-4700700.out""]","[""plateau20""]","[""/panels/alpha0_robustness/cells/16/runs/2/plateau20""]","[""OCC-bb237e015f669b9e""]","[""alpha0_robustness""]"
MEAS-5612387f69b8cde5,RUN-4700701,legacy_plateau20,test,accuracy_percent,92.936,80,100,20,parsed raw epoch count; legacy terminal CSV window,100,True,4700701,3,09263407b631d151d69a8c07f2e440829a29b3e3c8e313e05f4f8e67985835e3,"[""archive/Account1/runs/i3c-1e4-s3-4700701.out""]","[""plateau20""]","[""/panels/alpha0_robustness/cells/16/runs/3/plateau20""]","[""OCC-bb237e015f669b9e""]","[""alpha0_robustness""]"
MEAS-d1ab659d1e0f6215,RUN-4700540,legacy_plateau20,test,accuracy_percent,94.047,80,100,20,parsed raw epoch count; legacy terminal CSV window,100,True,4700540,0,fd9be42fab5a76e29dd6c18b0f7465cba7bae60f03340b93c7e0f8ba941b29c6,"[""archive/Account1/runs/SW-3e-4-s0-4700540.out""]","[""csv_plateau20"",""plateau20""]","[""/panels/alpha0_robustness/cells/17/runs/0/plateau20"",""/panels/schedule_controls/cells_by_family/cosine_SW/5/runs/0/csv_plateau20""]","[""OCC-01db291be0f3a136"",""OCC-bb576a6c3797338b""]","[""alpha0_robustness"",""schedule_controls""]"
MEAS-ee9228aa18a9c953,RUN-4700541,legacy_plateau20,test,accuracy_percent,93.925,80,100,20,parsed raw epoch count; legacy terminal CSV window,100,True,4700541,1,10fcdd92aa2951555796a7f140ef2629aea8f5b7c8110cba295c49b637ae3566,"[""archive/Account1/runs/SW-3e-4-s1-4700541.out""]","[""csv_plateau20"",""plateau20""]","[""/panels/alpha0_robustness/cells/17/runs/1/plateau20"",""/panels/schedule_controls/cells_by_family/cosine_SW/5/runs/1/csv_plateau20""]","[""OCC-01db291be0f3a136"",""OCC-bb576a6c3797338b""]","[""alpha0_robustness"",""schedule_controls""]"
MEAS-0deea590b2bfe6cc,RUN-4700702,legacy_plateau20,test,accuracy_percent,93.787,80,100,20,parsed raw epoch count; legacy terminal CSV window,100,True,4700702,2,ddc0bf619f9b55c3c9247c4a91046099e1dc2669eacf73ca0c3f7b8e6e7a5bff,"[""archive/Account1/runs/i3c-3e4-s2-4700702.out""]","[""plateau20""]","[""/panels/alpha0_robustness/cells/17/runs/2/plateau20""]","[""OCC-bb576a6c3797338b""]","[""alpha0_robustness""]"
MEAS-9380f5242685dc2c,RUN-4700542,legacy_plateau20,test,accuracy_percent,93.957,80,100,20,parsed raw epoch count; legacy terminal CSV window,100,True,4700542,0,5085b3fc065309f93bd1e95e71e1e946f26f6c2f8fcd5cc8aa3e97d0f968365b,"[""archive/Account1/runs/SW-1e-3-s0-4700542.out""]","[""csv_plateau20"",""plateau20""]","[""/panels/alpha0_robustness/cells/18/runs/0/plateau20"",""/panels/schedule_controls/cells_by_family/cosine_SW/1/runs/0/csv_plateau20""]","[""OCC-133c495f9867dc92"",""OCC-f6dc4e0155132142""]","[""alpha0_robustness"",""schedule_controls""]"
MEAS-9c4530bcd60bca1a,RUN-4700543,legacy_plateau20,test,accuracy_percent,94.099,80,100,20,parsed raw epoch count; legacy terminal CSV window,100,True,4700543,1,fae2e6c91f966a7d3ad79675a5c207f0147b11fe2a2507902a412b23ca62f39a,"[""archive/Account1/runs/SW-1e-3-s1-4700543.out""]","[""csv_plateau20"",""plateau20""]","[""/panels/alpha0_robustness/cells/18/runs/1/plateau20"",""/panels/schedule_controls/cells_by_family/cosine_SW/1/runs/1/csv_plateau20""]","[""OCC-133c495f9867dc92"",""OCC-f6dc4e0155132142""]","[""alpha0_robustness"",""schedule_controls""]"
MEAS-976a77b6ebf726d6,RUN-4700703,legacy_plateau20,test,accuracy_percent,94.175,80,100,20,parsed raw epoch count; legacy terminal CSV window,100,True,4700703,2,181e957e92c2965b67bb7dcedda8fbc04b685a30e1894bfb62a2eaad238e482d,"[""archive/Account1/runs/i3c-1e3-s2-4700703.out""]","[""plateau20""]","[""/panels/alpha0_robustness/cells/18/runs/2/plateau20""]","[""OCC-f6dc4e0155132142""]","[""alpha0_robustness""]"
MEAS-aa7e95624df5abf3,RUN-4700546,legacy_plateau20,test,accuracy_percent,92.46,80,100,20,parsed raw epoch count; legacy terminal CSV window,100,True,4700546,0,825c8d0a69b646fe062f50f878aa1b40d1a3975d822bee92e2a844fe2828167f,"[""archive/Account1/runs/SW-1e-2-s0-4700546.out""]","[""csv_plateau20"",""plateau20""]","[""/panels/alpha0_robustness/cells/19/runs/0/plateau20"",""/panels/schedule_controls/cells_by_family/cosine_SW/0/runs/0/csv_plateau20""]","[""OCC-76879d2129cf22d2"",""OCC-9235134025cc51ce""]","[""alpha0_robustness"",""schedule_controls""]"
MEAS-03c087e20c67ac89,RUN-4700547,legacy_plateau20,test,accuracy_percent,92.701,80,100,20,parsed raw epoch count; legacy terminal CSV window,100,True,4700547,1,8376efaae7b46ba3da3e5dd84cb17059f7c4c4a5a6fbc095429a1c2fa81d8a6c,"[""archive/Account1/runs/SW-1e-2-s1-4700547.out""]","[""csv_plateau20"",""plateau20""]","[""/panels/alpha0_robustness/cells/19/runs/1/plateau20"",""/panels/schedule_controls/cells_by_family/cosine_SW/0/runs/1/csv_plateau20""]","[""OCC-76879d2129cf22d2"",""OCC-9235134025cc51ce""]","[""alpha0_robustness"",""schedule_controls""]"
MEAS-e7c108582c57c5c5,RUN-4700697,legacy_plateau20,test,accuracy_percent,56.532,80,100,20,parsed raw epoch count; legacy terminal CSV window,100,True,4700697,0,1e5cbad1b1da29736eba7ec61d0d678ef0e0a9dcfae7fd5e61a40117eaa7cb89,"[""archive/Account1/runs/i3c-1e1-s0-4700697.out""]","[""plateau20""]","[""/panels/alpha0_robustness/cells/20/runs/0/plateau20""]","[""OCC-c62cfc4c5902f074""]","[""alpha0_robustness""]"
MEAS-21ff531794280388,RUN-4700698,legacy_plateau20,test,accuracy_percent,52.472,80,100,20,parsed raw epoch count; legacy terminal CSV window,100,True,4700698,1,bd057b5d83d08a8aad6f6a14f28133dde30a5e4d84ea2569dc82fb48e51ed0ef,"[""archive/Account1/runs/i3c-1e1-s1-4700698.out""]","[""plateau20""]","[""/panels/alpha0_robustness/cells/20/runs/1/plateau20""]","[""OCC-c62cfc4c5902f074""]","[""alpha0_robustness""]"
MEAS-43cb36a946bbca0b,RUN-4700699,legacy_plateau20,test,accuracy_percent,50.148,80,100,20,parsed raw epoch count; legacy terminal CSV window,100,True,4700699,2,4a982265db5212038d4a36a2f5443944eb3e29152394e8c1075e8e4517d16b27,"[""archive/Account1/runs/i3c-1e1-s2-4700699.out""]","[""plateau20""]","[""/panels/alpha0_robustness/cells/20/runs/2/plateau20""]","[""OCC-c62cfc4c5902f074""]","[""alpha0_robustness""]"
MEAS-58e2fb9ff15d5c42,RUN-4700672,legacy_plateau20,test,accuracy_percent,10.0,280,300,20,parsed raw epoch count; legacy terminal CSV window,300,True,4700672,0,bbb298b5ab103a75faf22429163cb273cf328e2dbd10d4261732aa3552af72c3,"[""archive/Account1/runs/i3a300-1e1-s0-4700672.out""]","[""csv_plateau20""]","[""/panels/alpha0_300_extremes/cells/0/runs/0/csv_plateau20""]","[""OCC-c4fba16063664c20""]","[""alpha0_300_extremes""]"
MEAS-f234094e3b4667b4,RUN-4700680,legacy_plateau20,test,accuracy_percent,17.003,280,300,20,parsed raw epoch count; legacy terminal CSV window,300,True,4700680,1,7273c8377f5f85033620be67202716fca39c96f4a34680476fa24797c598c4ed,"[""archive/Account2/runs/i3a300-1e1-s1-4700680.out""]","[""csv_plateau20""]","[""/panels/alpha0_300_extremes/cells/0/runs/1/csv_plateau20""]","[""OCC-c4fba16063664c20""]","[""alpha0_300_extremes""]"
MEAS-8375793a915387ee,RUN-4700670,legacy_plateau20,test,accuracy_percent,67.73,280,300,20,parsed raw epoch count; legacy terminal CSV window,300,True,4700670,0,db78f3eb30c84dc26cddad006c4d4d5d7b7d7a31a21366ccc982b9fe0b052c34,"[""archive/Account1/runs/i3a300-1e2-s0-4700670.out""]","[""csv_plateau20""]","[""/panels/alpha0_300_extremes/cells/1/runs/0/csv_plateau20""]","[""OCC-086fd09468c4aba2""]","[""alpha0_300_extremes""]"
MEAS-93af53e63c2542e0,RUN-4700678,legacy_plateau20,test,accuracy_percent,74.052,280,300,20,parsed raw epoch count; legacy terminal CSV window,300,True,4700678,1,7026dfd59a3173aad6e464ce1398bbb1378ccdd9c015bba17445730f7981fb80,"[""archive/Account2/runs/i3a300-1e2-s1-4700678.out""]","[""csv_plateau20""]","[""/panels/alpha0_300_extremes/cells/1/runs/1/csv_plateau20""]","[""OCC-086fd09468c4aba2""]","[""alpha0_300_extremes""]"
MEAS-5b3b57f498eee403,RUN-4700668,legacy_plateau20,test,accuracy_percent,86.811,280,300,20,parsed raw epoch count; legacy terminal CSV window,300,True,4700668,0,e62672c4adb9fe4cef0140002e838a3848157ccf208fad48fbf03827548d3aba,"[""archive/Account1/runs/i3a300-1e5-s0-4700668.out""]","[""csv_plateau20""]","[""/panels/alpha0_300_extremes/cells/2/runs/0/csv_plateau20""]","[""OCC-c6ee2b0f45a0fa69""]","[""alpha0_300_extremes""]"
MEAS-8caaae15da019442,RUN-4700676,legacy_plateau20,test,accuracy_percent,86.697,280,300,20,parsed raw epoch count; legacy terminal CSV window,300,True,4700676,1,ab02034b9f193b9160c89cd74ef0ecff332e01f270d1526fd6a691126a02f1c8,"[""archive/Account2/runs/i3a300-1e5-s1-4700676.out""]","[""csv_plateau20""]","[""/panels/alpha0_300_extremes/cells/2/runs/1/csv_plateau20""]","[""OCC-c6ee2b0f45a0fa69""]","[""alpha0_300_extremes""]"
MEAS-f835c0ebc838e393,RUN-4700666,legacy_plateau20,test,accuracy_percent,78.984,280,300,20,parsed raw epoch count; legacy terminal CSV window,300,True,4700666,0,9ae758ca0c8476361a3281c35c0efa22a98721d8cc33668ab5f8514309aca970,"[""archive/Account1/runs/i3a300-1e6-s0-4700666.out""]","[""csv_plateau20""]","[""/panels/alpha0_300_extremes/cells/3/runs/0/csv_plateau20""]","[""OCC-7050e03770ddf336""]","[""alpha0_300_extremes""]"
MEAS-c059982b071c1276,RUN-4700674,legacy_plateau20,test,accuracy_percent,78.029,280,300,20,parsed raw epoch count; legacy terminal CSV window,300,True,4700674,1,87023d70eb353dc6babc310d51e0405123045cedea09c7969d23b8642504f73c,"[""archive/Account2/runs/i3a300-1e6-s1-4700674.out""]","[""csv_plateau20""]","[""/panels/alpha0_300_extremes/cells/3/runs/1/csv_plateau20""]","[""OCC-7050e03770ddf336""]","[""alpha0_300_extremes""]"
MEAS-8476a3078574c540,RUN-4700673,legacy_plateau20,test,accuracy_percent,87.528,280,300,20,parsed raw epoch count; legacy terminal CSV window,300,True,4700673,0,307b783e1eeb3dfb340c88cba2aaf1e62fe1a6aec5af8762f04f130a991aa6ad,"[""archive/Account1/runs/i3b300-1e1-s0-4700673.out""]","[""csv_plateau20""]","[""/panels/alpha0_300_extremes/cells/4/runs/0/csv_plateau20""]","[""OCC-1c407094ffcc15fa""]","[""alpha0_300_extremes""]"
MEAS-9b6be1d405346e63,RUN-4700681,legacy_plateau20,test,accuracy_percent,84.475,280,300,20,parsed raw epoch count; legacy terminal CSV window,300,True,4700681,1,ebc3da69112b4529a852a4bc37e082eab2c8f1f887ea6075cac74a048e2281b1,"[""archive/Account2/runs/i3b300-1e1-s1-4700681.out""]","[""csv_plateau20""]","[""/panels/alpha0_300_extremes/cells/4/runs/1/csv_plateau20""]","[""OCC-1c407094ffcc15fa""]","[""alpha0_300_extremes""]"
MEAS-4ca05084674716b1,RUN-4700671,legacy_plateau20,test,accuracy_percent,90.383,280,300,20,parsed raw epoch count; legacy terminal CSV window,300,True,4700671,0,d429e29d8bf2074775848734d5651784ba0fad0e2b4efa9c7d468d3afe975810,"[""archive/Account1/runs/i3b300-1e2-s0-4700671.out""]","[""csv_plateau20""]","[""/panels/alpha0_300_extremes/cells/5/runs/0/csv_plateau20""]","[""OCC-e3205e3393eb8ce0""]","[""alpha0_300_extremes""]"
MEAS-5381c47f0150461a,RUN-4700679,legacy_plateau20,test,accuracy_percent,90.451,280,300,20,parsed raw epoch count; legacy terminal CSV window,300,True,4700679,1,3b57c430dd4cce285fe8fa7474c62799a8cee9a84d7c0ea9d4d1e4a244e1591e,"[""archive/Account2/runs/i3b300-1e2-s1-4700679.out""]","[""csv_plateau20""]","[""/panels/alpha0_300_extremes/cells/5/runs/1/csv_plateau20""]","[""OCC-e3205e3393eb8ce0""]","[""alpha0_300_extremes""]"
MEAS-f8fb3d10007de254,RUN-4700669,legacy_plateau20,test,accuracy_percent,92.433,280,300,20,parsed raw epoch count; legacy terminal CSV window,300,True,4700669,0,e1bc8e0c02e4146327a93130b08c4ceaffc5c32a35ef0f6a199a11b7487d9dff,"[""archive/Account1/runs/i3b300-1e5-s0-4700669.out""]","[""csv_plateau20""]","[""/panels/alpha0_300_extremes/cells/6/runs/0/csv_plateau20""]","[""OCC-08e2800240886171""]","[""alpha0_300_extremes""]"
MEAS-439d4f213247de06,RUN-4700677,legacy_plateau20,test,accuracy_percent,92.26,280,300,20,parsed raw epoch count; legacy terminal CSV window,300,True,4700677,1,d1c051d43e3c4d61767cde0be0ccabb073f23cab45294db37cab3c29d8b26bc8,"[""archive/Account2/runs/i3b300-1e5-s1-4700677.out""]","[""csv_plateau20""]","[""/panels/alpha0_300_extremes/cells/6/runs/1/csv_plateau20""]","[""OCC-08e2800240886171""]","[""alpha0_300_extremes""]"
MEAS-9b96e2b737d25a76,RUN-4700667,legacy_plateau20,test,accuracy_percent,92.31,280,300,20,parsed raw epoch count; legacy terminal CSV window,300,True,4700667,0,859e0c7a32e8a89d42e1a6031785d7ca0d4fe869602f539c175a800fc5442c8b,"[""archive/Account1/runs/i3b300-1e6-s0-4700667.out""]","[""csv_plateau20""]","[""/panels/alpha0_300_extremes/cells/7/runs/0/csv_plateau20""]","[""OCC-19851be068c15ff8""]","[""alpha0_300_extremes""]"
MEAS-d2af2d1d6c11d911,RUN-4700675,legacy_plateau20,test,accuracy_percent,91.999,280,300,20,parsed raw epoch count; legacy terminal CSV window,300,True,4700675,1,293c45cede3b9ebdb49ec6156ada77cf6912ce3c80e6760a825c5b5791760df2,"[""archive/Account2/runs/i3b300-1e6-s1-4700675.out""]","[""csv_plateau20""]","[""/panels/alpha0_300_extremes/cells/7/runs/1/csv_plateau20""]","[""OCC-19851be068c15ff8""]","[""alpha0_300_extremes""]"
MEAS-2398e967eda9c05b,RUN-4682785,legacy_plateau20,test,accuracy_percent,90.227,80,100,20,parsed raw epoch count; legacy terminal CSV window,100,True,4682785,0,202b90d53b34b5dce371e87982d6460b29320b08985bc6045517ffc07845b4cb,"[""archive/Account1/runs/fx-adamw-1e-3-s0-4682785.out""]","[""csv_plateau20""]","[""/panels/schedule_controls/cells_by_family/fixed_adamw_legacy/0/runs/0/csv_plateau20""]","[""OCC-5690b948b4175945""]","[""schedule_controls""]"
MEAS-56eac8b7b4196a29,RUN-4682786,legacy_plateau20,test,accuracy_percent,90.301,80,100,20,parsed raw epoch count; legacy terminal CSV window,100,True,4682786,1,696b1ebb406a34a68e933ee87762bb30261ac4ff3ef1fc315ae15d155afa816e,"[""archive/Account1/runs/fx-adamw-1e-3-s1-4682786.out""]","[""csv_plateau20""]","[""/panels/schedule_controls/cells_by_family/fixed_adamw_legacy/0/runs/1/csv_plateau20""]","[""OCC-5690b948b4175945""]","[""schedule_controls""]"
MEAS-28bd168b7c56a3ef,RUN-4682781,legacy_plateau20,test,accuracy_percent,91.415,80,100,20,parsed raw epoch count; legacy terminal CSV window,100,True,4682781,0,69b8bf3b829c8df3261986ac9c0eb6c5078bf49891f27ed124f64470ae940f8d,"[""archive/Account1/runs/fx-adamw-1e-4-s0-4682781.out""]","[""csv_plateau20""]","[""/panels/schedule_controls/cells_by_family/fixed_adamw_legacy/1/runs/0/csv_plateau20""]","[""OCC-63709e15bdccd0e9""]","[""schedule_controls""]"
MEAS-1a2b6f8f8a3f03e7,RUN-4682782,legacy_plateau20,test,accuracy_percent,91.238,80,100,20,parsed raw epoch count; legacy terminal CSV window,100,True,4682782,1,9da06c39fdd5da14c8bf217401dadbabb81793ddbe2a645804ad87438f5c274d,"[""archive/Account1/runs/fx-adamw-1e-4-s1-4682782.out""]","[""csv_plateau20""]","[""/panels/schedule_controls/cells_by_family/fixed_adamw_legacy/1/runs/1/csv_plateau20""]","[""OCC-63709e15bdccd0e9""]","[""schedule_controls""]"
MEAS-7cf31e46e72ce547,RUN-4683242,legacy_plateau20,test,accuracy_percent,91.151,80,100,20,parsed raw epoch count; legacy terminal CSV window,100,True,4683242,2,3bfc1a9424faf775036cf92126be39bc1c52df3d201aa8d18a99629015b131dc,"[""archive/Account1/runs/fx-adamw-1e-4-s2-4683242.out""]","[""csv_plateau20""]","[""/panels/schedule_controls/cells_by_family/fixed_adamw_legacy/1/runs/2/csv_plateau20""]","[""OCC-63709e15bdccd0e9""]","[""schedule_controls""]"
MEAS-d4c30af5c316a506,RUN-4683243,legacy_plateau20,test,accuracy_percent,91.306,80,100,20,parsed raw epoch count; legacy terminal CSV window,100,True,4683243,3,e5c55a8fa7a3c884f06bf8cbd0897ed9ef58f26cf878cd10c9c66cd0366573cc,"[""archive/Account1/runs/fx-adamw-1e-4-s3-4683243.out""]","[""csv_plateau20""]","[""/panels/schedule_controls/cells_by_family/fixed_adamw_legacy/1/runs/3/csv_plateau20""]","[""OCC-63709e15bdccd0e9""]","[""schedule_controls""]"
MEAS-3a6f3e6e448e4fd2,RUN-4683244,legacy_plateau20,test,accuracy_percent,90.829,80,100,20,parsed raw epoch count; legacy terminal CSV window,100,True,4683244,4,b68d77226960200e50153a43b8be501f26fa23d5228f9d8c33842e2c927cf4d4,"[""archive/Account1/runs/fx-adamw-1e-4-s4-4683244.out""]","[""csv_plateau20""]","[""/panels/schedule_controls/cells_by_family/fixed_adamw_legacy/1/runs/4/csv_plateau20""]","[""OCC-63709e15bdccd0e9""]","[""schedule_controls""]"
MEAS-a7016972df26e2f9,RUN-4682787,legacy_plateau20,test,accuracy_percent,85.556,80,100,20,parsed raw epoch count; legacy terminal CSV window,100,True,4682787,0,cfd6a653da792b95d9ae57a68c027c1da1e229b175fe1a67dfed07d40a79eb97,"[""archive/Account1/runs/fx-adamw-3e-3-s0-4682787.out""]","[""csv_plateau20""]","[""/panels/schedule_controls/cells_by_family/fixed_adamw_legacy/2/runs/0/csv_plateau20""]","[""OCC-af7e1a74e7e72ccc""]","[""schedule_controls""]"
MEAS-eeeca06256887b44,RUN-4682788,legacy_plateau20,test,accuracy_percent,86.368,80,100,20,parsed raw epoch count; legacy terminal CSV window,100,True,4682788,1,9a6481782e3b6cda3cef49e139de59324241ef80b6bade40340f6ee7d8b0bef8,"[""archive/Account1/runs/fx-adamw-3e-3-s1-4682788.out""]","[""csv_plateau20""]","[""/panels/schedule_controls/cells_by_family/fixed_adamw_legacy/2/runs/1/csv_plateau20""]","[""OCC-af7e1a74e7e72ccc""]","[""schedule_controls""]"
MEAS-be2f2920a604432e,RUN-4682783,legacy_plateau20,test,accuracy_percent,91.876,80,100,20,parsed raw epoch count; legacy terminal CSV window,100,True,4682783,0,7e71133ddd1df337044a54ec03a5d0b2e9a1d4204a8dd4e14be7ab7dae585480,"[""archive/Account1/runs/fx-adamw-3e-4-s0-4682783.out""]","[""csv_plateau20""]","[""/panels/schedule_controls/cells_by_family/fixed_adamw_legacy/3/runs/0/csv_plateau20""]","[""OCC-3cab8d3bbf021b8e""]","[""schedule_controls""]"
MEAS-5b49a228f2da955a,RUN-4682784,legacy_plateau20,test,accuracy_percent,91.739,80,100,20,parsed raw epoch count; legacy terminal CSV window,100,True,4682784,1,d961ff4403bf1aeb51c3e2fd18ec8dc786ea9ef15d37fd15bf413814bc804876,"[""archive/Account1/runs/fx-adamw-3e-4-s1-4682784.out""]","[""csv_plateau20""]","[""/panels/schedule_controls/cells_by_family/fixed_adamw_legacy/3/runs/1/csv_plateau20""]","[""OCC-3cab8d3bbf021b8e""]","[""schedule_controls""]"
MEAS-6119c0f218321eb8,RUN-4683245,legacy_plateau20,test,accuracy_percent,91.938,80,100,20,parsed raw epoch count; legacy terminal CSV window,100,True,4683245,2,c92af950abdaac4201774e9a2ac89bef37ee60ba74d4cf983978d0305759c1d3,"[""archive/Account1/runs/fx-adamw-3e-4-s2-4683245.out""]","[""csv_plateau20""]","[""/panels/schedule_controls/cells_by_family/fixed_adamw_legacy/3/runs/2/csv_plateau20""]","[""OCC-3cab8d3bbf021b8e""]","[""schedule_controls""]"
MEAS-209b5f1db3086b6a,RUN-4683246,legacy_plateau20,test,accuracy_percent,92.025,80,100,20,parsed raw epoch count; legacy terminal CSV window,100,True,4683246,3,90244daf85711c53ef5caf1d97355c36e6f3be56b393da541e4287237a3e6640,"[""archive/Account1/runs/fx-adamw-3e-4-s3-4683246.out""]","[""csv_plateau20""]","[""/panels/schedule_controls/cells_by_family/fixed_adamw_legacy/3/runs/3/csv_plateau20""]","[""OCC-3cab8d3bbf021b8e""]","[""schedule_controls""]"
MEAS-4f81a124e540ea51,RUN-4683247,legacy_plateau20,test,accuracy_percent,91.715,80,100,20,parsed raw epoch count; legacy terminal CSV window,100,True,4683247,4,bd97901de08ff069341732912e8a28ed3dcd8ec67d1a8b95f9c7a2682a40b209,"[""archive/Account1/runs/fx-adamw-3e-4-s4-4683247.out""]","[""csv_plateau20""]","[""/panels/schedule_controls/cells_by_family/fixed_adamw_legacy/3/runs/4/csv_plateau20""]","[""OCC-3cab8d3bbf021b8e""]","[""schedule_controls""]"
MEAS-184604d6276c8130,RUN-4700544,legacy_plateau20,test,accuracy_percent,94.448,80,100,20,parsed raw epoch count; legacy terminal CSV window,100,True,4700544,0,b106143f93658fdefca6bce438697f46ea33dcf0b3b07e421d6dd193821347c9,"[""archive/Account1/runs/SW-3e-3-s0-4700544.out""]","[""csv_plateau20""]","[""/panels/schedule_controls/cells_by_family/cosine_SW/4/runs/0/csv_plateau20""]","[""OCC-b4eab90d64da50b5""]","[""schedule_controls""]"
MEAS-24eb749ff09ef09e,RUN-4700545,legacy_plateau20,test,accuracy_percent,94.263,80,100,20,parsed raw epoch count; legacy terminal CSV window,100,True,4700545,1,af9ed054f6e0cdc48edc321d2a94bc54c0aad7e111f21c7864ea15b28b79bdc8,"[""archive/Account1/runs/SW-3e-3-s1-4700545.out""]","[""csv_plateau20""]","[""/panels/schedule_controls/cells_by_family/cosine_SW/4/runs/1/csv_plateau20""]","[""OCC-b4eab90d64da50b5""]","[""schedule_controls""]"
MEAS-1cc909ede0bf44a3,RUN-4700536,legacy_plateau20,test,accuracy_percent,88.964,80,100,20,parsed raw epoch count; legacy terminal CSV window,100,True,4700536,0,739e11dcf5f3c58aca27c02adbe4f5a484a6e1d5104270e13b4acfd1b3deef44,"[""archive/Account1/runs/SW-3e-5-s0-4700536.out""]","[""csv_plateau20""]","[""/panels/schedule_controls/cells_by_family/cosine_SW/6/runs/0/csv_plateau20""]","[""OCC-0696e4310b22b336""]","[""schedule_controls""]"
MEAS-1b300a189595f92c,RUN-4700537,legacy_plateau20,test,accuracy_percent,88.663,80,100,20,parsed raw epoch count; legacy terminal CSV window,100,True,4700537,1,daedceb59d7a504fc0b2dd04754679cbfd9db26a82f24565ae6cb4404ccc04eb,"[""archive/Account1/runs/SW-3e-5-s1-4700537.out""]","[""csv_plateau20""]","[""/panels/schedule_controls/cells_by_family/cosine_SW/6/runs/1/csv_plateau20""]","[""OCC-0696e4310b22b336""]","[""schedule_controls""]"
MEAS-3e633225bdbcac28,RUN-4683254,legacy_plateau20,test,accuracy_percent,94.129,80,100,20,parsed raw epoch count; legacy terminal CSV window,100,True,4683254,0,44ddbe107e56d529c62b81c69465e6ab773a2750843285d06fb6e0727029f6a4,"[""archive/Account1/runs/fxcos-1e-3-s0-4683254.out""]","[""csv_plateau20""]","[""/panels/schedule_controls/cells_by_family/cosine_fxcos/0/runs/0/csv_plateau20""]","[""OCC-da3a2ca7dcf65a1f""]","[""schedule_controls""]"
MEAS-cca242238fa6d278,RUN-4683255,legacy_plateau20,test,accuracy_percent,94.092,80,100,20,parsed raw epoch count; legacy terminal CSV window,100,True,4683255,1,ef163079ce5ae748a3084fa104c3484467d2613fce490e962cf8da4bba693151,"[""archive/Account1/runs/fxcos-1e-3-s1-4683255.out""]","[""csv_plateau20""]","[""/panels/schedule_controls/cells_by_family/cosine_fxcos/0/runs/1/csv_plateau20""]","[""OCC-da3a2ca7dcf65a1f""]","[""schedule_controls""]"
MEAS-833c5e0fd82b166d,RUN-4683256,legacy_plateau20,test,accuracy_percent,94.058,80,100,20,parsed raw epoch count; legacy terminal CSV window,100,True,4683256,2,77359da32f67fa8ded9540d5684f033c8694a2801fd5a28f3f2e0e8b207005f6,"[""archive/Account1/runs/fxcos-1e-3-s2-4683256.out""]","[""csv_plateau20""]","[""/panels/schedule_controls/cells_by_family/cosine_fxcos/0/runs/2/csv_plateau20""]","[""OCC-da3a2ca7dcf65a1f""]","[""schedule_controls""]"
MEAS-1984fcc60d121a41,RUN-4683733,legacy_plateau20,test,accuracy_percent,94.112,80,100,20,parsed raw epoch count; legacy terminal CSV window,100,True,4683733,3,4039ead2fc3cb85150cd6df355fe096e90684394ba0e47c1bc9840ff9ae22aa9,"[""archive/Account1/runs/fxcos-1e-3-s3-4683733.out""]","[""csv_plateau20""]","[""/panels/schedule_controls/cells_by_family/cosine_fxcos/0/runs/3/csv_plateau20""]","[""OCC-da3a2ca7dcf65a1f""]","[""schedule_controls""]"
MEAS-4ebe54f31c4ad03e,RUN-4683735,legacy_plateau20,test,accuracy_percent,94.162,80,100,20,parsed raw epoch count; legacy terminal CSV window,100,True,4683735,4,5bc10f2cc3b813ce7ac4661dc3d4f9251094e1801bec6b303e10cfa4ee59a387,"[""archive/Account1/runs/fxcos-1e-3-s4-4683735.out""]","[""csv_plateau20""]","[""/panels/schedule_controls/cells_by_family/cosine_fxcos/0/runs/4/csv_plateau20""]","[""OCC-da3a2ca7dcf65a1f""]","[""schedule_controls""]"
MEAS-f400d9e366a49a05,RUN-4683248,legacy_plateau20,test,accuracy_percent,93.044,80,100,20,parsed raw epoch count; legacy terminal CSV window,100,True,4683248,0,fe7ed0bac96de0f5f64a4e0a983d2035e85de5eeedb2ef6c57f5b39409895a59,"[""archive/Account1/runs/fxcos-1e-4-s0-4683248.out""]","[""csv_plateau20""]","[""/panels/schedule_controls/cells_by_family/cosine_fxcos/1/runs/0/csv_plateau20""]","[""OCC-2139391956949947""]","[""schedule_controls""]"
MEAS-169be1d4e530dfd4,RUN-4683249,legacy_plateau20,test,accuracy_percent,92.926,80,100,20,parsed raw epoch count; legacy terminal CSV window,100,True,4683249,1,5abe1a8ef46cc34c3f87f3946c4f4f8e5ff7f7868d31aa5d7b00af5e185eb599,"[""archive/Account1/runs/fxcos-1e-4-s1-4683249.out""]","[""csv_plateau20""]","[""/panels/schedule_controls/cells_by_family/cosine_fxcos/1/runs/1/csv_plateau20""]","[""OCC-2139391956949947""]","[""schedule_controls""]"
MEAS-c8d7be2513dd0d06,RUN-4683250,legacy_plateau20,test,accuracy_percent,92.584,80,100,20,parsed raw epoch count; legacy terminal CSV window,100,True,4683250,2,22a35d046a46c27b739d3f1d30cd0603f86106082d993e93714763f1a0269be6,"[""archive/Account1/runs/fxcos-1e-4-s2-4683250.out""]","[""csv_plateau20""]","[""/panels/schedule_controls/cells_by_family/cosine_fxcos/1/runs/2/csv_plateau20""]","[""OCC-2139391956949947""]","[""schedule_controls""]"
MEAS-c7517228772165b6,RUN-4683737,legacy_plateau20,test,accuracy_percent,94.535,80,100,20,parsed raw epoch count; legacy terminal CSV window,100,True,4683737,0,732e3cdc48bb83687992c50e773aad4ef1ab4addc5a193755c055f404bb0798d,"[""archive/Account1/runs/fxcos-3e-3-s0-4683737.out""]","[""csv_plateau20""]","[""/panels/schedule_controls/cells_by_family/cosine_fxcos/2/runs/0/csv_plateau20""]","[""OCC-7460b5095c2c221e""]","[""schedule_controls""]"
MEAS-dddd24dbd86b0962,RUN-4683738,legacy_plateau20,test,accuracy_percent,94.341,80,100,20,parsed raw epoch count; legacy terminal CSV window,100,True,4683738,1,7fefb6b507df510c95cee7ee6166feef4410024af7e3ff57c076d455228484ab,"[""archive/Account1/runs/fxcos-3e-3-s1-4683738.out""]","[""csv_plateau20""]","[""/panels/schedule_controls/cells_by_family/cosine_fxcos/2/runs/1/csv_plateau20""]","[""OCC-7460b5095c2c221e""]","[""schedule_controls""]"
MEAS-99c553d85a0ebebb,RUN-4683739,legacy_plateau20,test,accuracy_percent,94.499,80,100,20,parsed raw epoch count; legacy terminal CSV window,100,True,4683739,2,542486bb97e23870939a81641423d512367c3cd126ae1ebf4eda1112cdc73f18,"[""archive/Account1/runs/fxcos-3e-3-s2-4683739.out""]","[""csv_plateau20""]","[""/panels/schedule_controls/cells_by_family/cosine_fxcos/2/runs/2/csv_plateau20""]","[""OCC-7460b5095c2c221e""]","[""schedule_controls""]"
MEAS-db7418cc29571625,RUN-4683251,legacy_plateau20,test,accuracy_percent,94.102,80,100,20,parsed raw epoch count; legacy terminal CSV window,100,True,4683251,0,b388c0d8dcf6bebe6a13aaf63970683ee3416cc1f4d1f5c624bd91bda21cda39,"[""archive/Account1/runs/fxcos-3e-4-s0-4683251.out""]","[""csv_plateau20""]","[""/panels/schedule_controls/cells_by_family/cosine_fxcos/3/runs/0/csv_plateau20""]","[""OCC-3693b7600551e919""]","[""schedule_controls""]"
MEAS-789e3ae20c0a4e93,RUN-4683252,legacy_plateau20,test,accuracy_percent,94.069,80,100,20,parsed raw epoch count; legacy terminal CSV window,100,True,4683252,1,64395a8148361b360a1cc9a98ac6f72471e0bd18e38618647cf408550ce824d6,"[""archive/Account1/runs/fxcos-3e-4-s1-4683252.out""]","[""csv_plateau20""]","[""/panels/schedule_controls/cells_by_family/cosine_fxcos/3/runs/1/csv_plateau20""]","[""OCC-3693b7600551e919""]","[""schedule_controls""]"
MEAS-a49b352f44bf8c8a,RUN-4683253,legacy_plateau20,test,accuracy_percent,94.016,80,100,20,parsed raw epoch count; legacy terminal CSV window,100,True,4683253,2,b7406544ee5bc404b33ed43a2d13aa679ac2a17d12cfe577f5782fa158f5cb7c,"[""archive/Account1/runs/fxcos-3e-4-s2-4683253.out""]","[""csv_plateau20""]","[""/panels/schedule_controls/cells_by_family/cosine_fxcos/3/runs/2/csv_plateau20""]","[""OCC-3693b7600551e919""]","[""schedule_controls""]"
MEAS-b0f81c59a291a6c8,RUN-4683734,legacy_plateau20,test,accuracy_percent,93.866,80,100,20,parsed raw epoch count; legacy terminal CSV window,100,True,4683734,3,266dbc5671e1c8395ad800434f2a46c3ab495e55d3dfdd89bf4c1239c542330e,"[""archive/Account1/runs/fxcos-3e-4-s3-4683734.out""]","[""csv_plateau20""]","[""/panels/schedule_controls/cells_by_family/cosine_fxcos/3/runs/3/csv_plateau20""]","[""OCC-3693b7600551e919""]","[""schedule_controls""]"
MEAS-36cee9d148938224,RUN-4683736,legacy_plateau20,test,accuracy_percent,93.843,80,100,20,parsed raw epoch count; legacy terminal CSV window,100,True,4683736,4,25eb9531a6e768ad66f04f2576a2b7ada2f97536bde7ea9eb82194d1611e220f,"[""archive/Account1/runs/fxcos-3e-4-s4-4683736.out""]","[""csv_plateau20""]","[""/panels/schedule_controls/cells_by_family/cosine_fxcos/3/runs/4/csv_plateau20""]","[""OCC-3693b7600551e919""]","[""schedule_controls""]"
MEAS-273c379e913350e5,RUN-4687281,legacy_plateau20,test,accuracy_percent,94.733,80,100,20,parsed raw epoch count; legacy terminal CSV window,100,True,4687281,0,d20db16ae7d502e80d3896b07b83109dcca2e4295278f813d84895fa40d3880f,"[""archive/Account1/runs/bl-sgd-01-s0-4687281.out""]","[""plateau20""]","[""/panels/schedule_controls/verified_counterweight/cells/2/runs/0/plateau20""]","[""OCC-5fbcc5122f63ebc4""]","[""schedule_controls""]"
MEAS-d02a6420cae5fff3,RUN-4687285,legacy_plateau20,test,accuracy_percent,94.775,80,100,20,parsed raw epoch count; legacy terminal CSV window,100,True,4687285,1,0f5e5ccbc30a7502b78a989b8f30c463392f22186f749e30c504d265a08a92eb,"[""archive/Account1/runs/bl-sgd-01-s1-4687285.out""]","[""plateau20""]","[""/panels/schedule_controls/verified_counterweight/cells/2/runs/1/plateau20""]","[""OCC-5fbcc5122f63ebc4""]","[""schedule_controls""]"
MEAS-19437af3723ff17d,RUN-4687289,legacy_plateau20,test,accuracy_percent,94.541,80,100,20,parsed raw epoch count; legacy terminal CSV window,100,True,4687289,2,9e384bc73c6b62cec4c89d4e8ceb81185c30c28e536b6985593a5e186376888a,"[""archive/Account1/runs/bl-sgd-01-s2-4687289.out""]","[""plateau20""]","[""/panels/schedule_controls/verified_counterweight/cells/2/runs/2/plateau20""]","[""OCC-5fbcc5122f63ebc4""]","[""schedule_controls""]"
MEAS-f8b9a949c8e348e9,RUN-4687293,legacy_plateau20,test,accuracy_percent,94.679,80,100,20,parsed raw epoch count; legacy terminal CSV window,100,True,4687293,3,2ef6c8096fd2c37bdb568a34b14d3913ae65bb8d56c4147e3bfef710962dc186,"[""archive/Account1/runs/bl-sgd-01-s3-4687293.out""]","[""plateau20""]","[""/panels/schedule_controls/verified_counterweight/cells/2/runs/3/plateau20""]","[""OCC-5fbcc5122f63ebc4""]","[""schedule_controls""]"
MEAS-1170b72104243c72,RUN-4687297,legacy_plateau20,test,accuracy_percent,94.684,80,100,20,parsed raw epoch count; legacy terminal CSV window,100,True,4687297,4,6c758a44f735f6aa43fb7c49202fd8805c499de2e3f9812edf1d845473d60a96,"[""archive/Account1/runs/bl-sgd-01-s4-4687297.out""]","[""plateau20""]","[""/panels/schedule_controls/verified_counterweight/cells/2/runs/4/plateau20""]","[""OCC-5fbcc5122f63ebc4""]","[""schedule_controls""]"
MEAS-6cb60a3d59a732a8,RUN-4686800,legacy_plateau20,test,accuracy_percent,94.703,80,100,20,parsed raw epoch count; legacy terminal CSV window,100,True,4686800,0,0c10fc77578a2a7d1c341437ba28f203245a10072dfd85da6becf55dfac54736,"[""archive/Account1/runs/f5cos-r34-1e-3-s0-4686800.out""]","[""csv_plateau20""]","[""/panels/baseline_model_transfer/cells/0/runs/0/csv_plateau20""]","[""OCC-e16990df01c87302""]","[""baseline_model_transfer""]"
MEAS-c32d3f2946b4583b,RUN-4686804,legacy_plateau20,test,accuracy_percent,94.651,80,100,20,parsed raw epoch count; legacy terminal CSV window,100,True,4686804,1,110f3d50bf811e0da38d5bdc67b8d7bb4415dffefe1e91a0c840636ba2e3d767,"[""archive/Account1/runs/f5cos-r34-1e-3-s1-4686804.out""]","[""csv_plateau20""]","[""/panels/baseline_model_transfer/cells/0/runs/1/csv_plateau20""]","[""OCC-e16990df01c87302""]","[""baseline_model_transfer""]"
MEAS-ea8bfac33c461b6e,RUN-4686808,legacy_plateau20,test,accuracy_percent,94.669,80,100,20,parsed raw epoch count; legacy terminal CSV window,100,True,4686808,2,dae02615071867744216b26a3202913aa319cacd65048d472880c2d353c154bf,"[""archive/Account1/runs/f5cos-r34-1e-3-s2-4686808.out""]","[""csv_plateau20""]","[""/panels/baseline_model_transfer/cells/0/runs/2/csv_plateau20""]","[""OCC-e16990df01c87302""]","[""baseline_model_transfer""]"
MEAS-b1ea8c75517f2b89,RUN-4686799,legacy_plateau20,test,accuracy_percent,94.109,80,100,20,parsed raw epoch count; legacy terminal CSV window,100,True,4686799,0,648d8ab495e56fc4ebd426f27129d4a3176c694a2c5ab36f7a17b41a5c8bd00d,"[""archive/Account1/runs/f5cos-r34-3e-4-s0-4686799.out""]","[""csv_plateau20""]","[""/panels/baseline_model_transfer/cells/1/runs/0/csv_plateau20""]","[""OCC-73446ae0d4c12f11""]","[""baseline_model_transfer""]"
MEAS-ad4a93174e158de0,RUN-4686803,legacy_plateau20,test,accuracy_percent,94.422,80,100,20,parsed raw epoch count; legacy terminal CSV window,100,True,4686803,1,ce0f75e2e38e4b8ad14262e9f8fa1c7f2059a8a3576210c821ebd30aff313d6d,"[""archive/Account1/runs/f5cos-r34-3e-4-s1-4686803.out""]","[""csv_plateau20""]","[""/panels/baseline_model_transfer/cells/1/runs/1/csv_plateau20""]","[""OCC-73446ae0d4c12f11""]","[""baseline_model_transfer""]"
MEAS-3df9d8a6a65d914b,RUN-4686807,legacy_plateau20,test,accuracy_percent,94.317,80,100,20,parsed raw epoch count; legacy terminal CSV window,100,True,4686807,2,11d66474573e0f17f10cdb5b615aa67d1c6534ff6dfa66a321ab16cfdc4c0225,"[""archive/Account1/runs/f5cos-r34-3e-4-s2-4686807.out""]","[""csv_plateau20""]","[""/panels/baseline_model_transfer/cells/1/runs/2/csv_plateau20""]","[""OCC-73446ae0d4c12f11""]","[""baseline_model_transfer""]"
MEAS-e4f2d92cdb6fb770,RUN-4686802,legacy_plateau20,test,accuracy_percent,94.97,80,100,20,parsed raw epoch count; legacy terminal CSV window,100,True,4686802,0,ad5b9747ff13c1e56bf4183cee55f2806b8a7dc1926bd11432b2b15b4a92f575,"[""archive/Account1/runs/f5cos-r50-1e-3-s0-4686802.out""]","[""csv_plateau20""]","[""/panels/baseline_model_transfer/cells/2/runs/0/csv_plateau20""]","[""OCC-a69555e8f4c4d336""]","[""baseline_model_transfer""]"
MEAS-bc1df8d7594398a1,RUN-4686806,legacy_plateau20,test,accuracy_percent,94.679,80,100,20,parsed raw epoch count; legacy terminal CSV window,100,True,4686806,1,cf701d70d151f0ea37ff805593b0263ae484e7e2188561bf1b7b8014f58b36d2,"[""archive/Account1/runs/f5cos-r50-1e-3-s1-4686806.out""]","[""csv_plateau20""]","[""/panels/baseline_model_transfer/cells/2/runs/1/csv_plateau20""]","[""OCC-a69555e8f4c4d336""]","[""baseline_model_transfer""]"
MEAS-bf223af2ae655f11,RUN-4686810,legacy_plateau20,test,accuracy_percent,94.917,80,100,20,parsed raw epoch count; legacy terminal CSV window,100,True,4686810,2,97086e0bda0ee12dcdd4fbfafade0da8bb614fafd3505810133ee9277b323b4e,"[""archive/Account1/runs/f5cos-r50-1e-3-s2-4686810.out""]","[""csv_plateau20""]","[""/panels/baseline_model_transfer/cells/2/runs/2/csv_plateau20""]","[""OCC-a69555e8f4c4d336""]","[""baseline_model_transfer""]"
MEAS-cf3c7a1a896fc035,RUN-4686801,legacy_plateau20,test,accuracy_percent,94.263,80,100,20,parsed raw epoch count; legacy terminal CSV window,100,True,4686801,0,ce4a005c3dbd578e66c683645f68d6def87d7badb010a31f57373cd18054cc5d,"[""archive/Account1/runs/f5cos-r50-3e-4-s0-4686801.out""]","[""csv_plateau20""]","[""/panels/baseline_model_transfer/cells/3/runs/0/csv_plateau20""]","[""OCC-bf4f1840e3a53234""]","[""baseline_model_transfer""]"
MEAS-a335f979b4f5cc4d,RUN-4686805,legacy_plateau20,test,accuracy_percent,94.553,80,100,20,parsed raw epoch count; legacy terminal CSV window,100,True,4686805,1,1f2dc89259a7fba1ae77c097689be500b9f7ec2608f12681c909a8755952b1a4,"[""archive/Account1/runs/f5cos-r50-3e-4-s1-4686805.out""]","[""csv_plateau20""]","[""/panels/baseline_model_transfer/cells/3/runs/1/csv_plateau20""]","[""OCC-bf4f1840e3a53234""]","[""baseline_model_transfer""]"
MEAS-d42c91c6216cb6d5,RUN-4686809,legacy_plateau20,test,accuracy_percent,94.33,80,100,20,parsed raw epoch count; legacy terminal CSV window,100,True,4686809,2,455de53fa67dbde58e5edcc9a4c2b4a6981bdf80b8c7cf8357fc523e821c7a09,"[""archive/Account1/runs/f5cos-r50-3e-4-s2-4686809.out""]","[""csv_plateau20""]","[""/panels/baseline_model_transfer/cells/3/runs/2/csv_plateau20""]","[""OCC-bf4f1840e3a53234""]","[""baseline_model_transfer""]"
MEAS-f219b58c796a63fc,RUN-4683664,legacy_plateau20,test,accuracy_percent,95.139,280,300,20,parsed raw epoch count; legacy terminal CSV window,300,True,4683664,0,1f1e7b6570a848eb58abdbc40cfcb32fb25cfb40611490b0ecb5d409d01f5cf6,"[""archive/Account1/runs/bg300-cos-s0-4683664.out""]","[""csv_plateau20""]","[""/panels/baseline_budget/cells/0/runs/0/csv_plateau20""]","[""OCC-856af4a131615b14""]","[""baseline_budget""]"
MEAS-22bc37fc43e36ef4,RUN-4683666,legacy_plateau20,test,accuracy_percent,94.819,280,300,20,parsed raw epoch count; legacy terminal CSV window,300,True,4683666,1,6f980c978989f32fc547420e598408f6fc78fd57e4866fd05c17c7d300d809d3,"[""archive/Account1/runs/bg300-cos-s1-4683666.out""]","[""csv_plateau20""]","[""/panels/baseline_budget/cells/0/runs/1/csv_plateau20""]","[""OCC-856af4a131615b14""]","[""baseline_budget""]"
MEAS-3e86aa8742b33d1f,RUN-4683668,legacy_plateau20,test,accuracy_percent,95.04,280,300,20,parsed raw epoch count; legacy terminal CSV window,300,True,4683668,2,fa0c34431b35b941ce692539e55d31ffaa2ea1017d57f4e1801299bf072127f8,"[""archive/Account1/runs/bg300-cos-s2-4683668.out""]","[""csv_plateau20""]","[""/panels/baseline_budget/cells/0/runs/2/csv_plateau20""]","[""OCC-856af4a131615b14""]","[""baseline_budget""]"
MEAS-10c08e0726903c00,RUN-4683670,legacy_plateau20,test,accuracy_percent,95.162,580,600,20,parsed raw epoch count; legacy terminal CSV window,600,True,4683670,0,27d901444855aba6089aec37fc07264458a41e4f9642bef464f4ed4c5b55f0f9,"[""archive/Account1/runs/bg600-cos-s0-4683670.out""]","[""csv_plateau20""]","[""/panels/baseline_budget/cells/1/runs/0/csv_plateau20""]","[""OCC-3348b4d95121712f""]","[""baseline_budget""]"
MEAS-88de77c3b3604e9b,RUN-4683672,legacy_plateau20,test,accuracy_percent,95.02,580,600,20,parsed raw epoch count; legacy terminal CSV window,600,True,4683672,1,573d9baeb3f9584123d85a6d644876f12dc2d249b067785e26bc43ab51508882,"[""archive/Account1/runs/bg600-cos-s1-4683672.out""]","[""csv_plateau20""]","[""/panels/baseline_budget/cells/1/runs/1/csv_plateau20""]","[""OCC-3348b4d95121712f""]","[""baseline_budget""]"
MEAS-8361dd287a72a432,RUN-4683674,legacy_plateau20,test,accuracy_percent,95.233,580,600,20,parsed raw epoch count; legacy terminal CSV window,600,True,4683674,2,c16a644a4051369b86fc79437cda520d0f065bb4707a04ccdf45b9d51c41481c,"[""archive/Account1/runs/bg600-cos-s2-4683674.out""]","[""csv_plateau20""]","[""/panels/baseline_budget/cells/1/runs/2/csv_plateau20""]","[""OCC-3348b4d95121712f""]","[""baseline_budget""]"
MEAS-e100a6ff1ecafc42,RUN-4683665,legacy_plateau20,test,accuracy_percent,93.017,280,300,20,parsed raw epoch count; legacy terminal CSV window,300,True,4683665,0,6f920284b56812d484d5e87d542115fea78b299b7774eab3a14886cd56cdb5f7,"[""archive/Account1/runs/bg300-meta-s0-4683665.out""]","[""csv_plateau20""]","[""/panels/baseline_budget/cells/2/runs/0/csv_plateau20""]","[""OCC-2de1fe4da8caefc8""]","[""baseline_budget""]"
MEAS-97f9ac967d6580ba,RUN-4683667,legacy_plateau20,test,accuracy_percent,93.208,280,300,20,parsed raw epoch count; legacy terminal CSV window,300,True,4683667,1,2a94bcfa750e9ae6e98b2719922a2d8777c8db86a11bf011f5473087037ec08c,"[""archive/Account1/runs/bg300-meta-s1-4683667.out""]","[""csv_plateau20""]","[""/panels/baseline_budget/cells/2/runs/1/csv_plateau20""]","[""OCC-2de1fe4da8caefc8""]","[""baseline_budget""]"
MEAS-32d66879ab35f7c2,RUN-4683669,legacy_plateau20,test,accuracy_percent,92.873,280,300,20,parsed raw epoch count; legacy terminal CSV window,300,True,4683669,2,863dbb8046bb2ef20ef049359d23fd535c692e778b10b823ea2d8c7fa69a2e2d,"[""archive/Account1/runs/bg300-meta-s2-4683669.out""]","[""csv_plateau20""]","[""/panels/baseline_budget/cells/2/runs/2/csv_plateau20""]","[""OCC-2de1fe4da8caefc8""]","[""baseline_budget""]"
MEAS-690029be4010f86d,RUN-4683671,legacy_plateau20,test,accuracy_percent,93.189,580,600,20,parsed raw epoch count; legacy terminal CSV window,600,True,4683671,0,41e682304e7e7be5ec6aff6bcbbb068d062f781dd72761299ae38b90ab28b6a7,"[""archive/Account1/runs/bg600-meta-s0-4683671.out""]","[""csv_plateau20""]","[""/panels/baseline_budget/cells/3/runs/0/csv_plateau20""]","[""OCC-4aa4b449b2dff80b""]","[""baseline_budget""]"
MEAS-92a1f67cf81745f9,RUN-4683673,legacy_plateau20,test,accuracy_percent,93.493,580,600,20,parsed raw epoch count; legacy terminal CSV window,600,True,4683673,1,c5e397bcbc89368794b7447a7bd5b47b293da8ddd9c43b20fdaa0650ba4d39b6,"[""archive/Account1/runs/bg600-meta-s1-4683673.out""]","[""csv_plateau20""]","[""/panels/baseline_budget/cells/3/runs/1/csv_plateau20""]","[""OCC-4aa4b449b2dff80b""]","[""baseline_budget""]"
MEAS-a9ee1880302e5362,RUN-4683675,legacy_plateau20,test,accuracy_percent,92.921,580,600,20,parsed raw epoch count; legacy terminal CSV window,600,True,4683675,2,0279298f0825e29aa28c4993de2466a75af844790ad894e85035ec39b18fb98f,"[""archive/Account1/runs/bg600-meta-s2-4683675.out""]","[""csv_plateau20""]","[""/panels/baseline_budget/cells/3/runs/2/csv_plateau20""]","[""OCC-4aa4b449b2dff80b""]","[""baseline_budget""]"
MEAS-dde72055c6bc2cb9,RUN-4683076,legacy_plateau20,test,accuracy_percent,90.726,80,100,20,parsed raw epoch count; legacy terminal CSV window,100,True,4683076,0,5d189842759bdcda97e6b9697fd7bda1ded61e74663a825200103da772f2ee88,"[""archive/Account1/runs/sc-ResNet10-layer-s0-4683076.out""]","[""csv_plateau20""]","[""/panels/granularity_model_transfer/cells/0/runs/0/csv_plateau20""]","[""OCC-9603891c22ec408a""]","[""granularity_model_transfer""]"
MEAS-2dedc54d6de0a5bc,RUN-4683080,legacy_plateau20,test,accuracy_percent,90.316,80,100,20,parsed raw epoch count; legacy terminal CSV window,100,True,4683080,1,b7ecfb90d4603038629978d9e0975d759c51eb768a08de764f813ac72271376a,"[""archive/Account1/runs/sc-ResNet10-layer-s1-4683080.out""]","[""csv_plateau20""]","[""/panels/granularity_model_transfer/cells/0/runs/1/csv_plateau20""]","[""OCC-9603891c22ec408a""]","[""granularity_model_transfer""]"
MEAS-36662f1a56d3e268,RUN-4683084,legacy_plateau20,test,accuracy_percent,90.816,80,100,20,parsed raw epoch count; legacy terminal CSV window,100,True,4683084,2,8c0fae99d6ba6c1860e495ef017b2e94604c07bd929b80c891f5ce9176fa3d00,"[""archive/Account1/runs/sc-ResNet10-layer-s2-4683084.out""]","[""csv_plateau20""]","[""/panels/granularity_model_transfer/cells/0/runs/2/csv_plateau20""]","[""OCC-9603891c22ec408a""]","[""granularity_model_transfer""]"
MEAS-63a616ed0b7cf012,RUN-4683077,legacy_plateau20,test,accuracy_percent,91.133,80,100,20,parsed raw epoch count; legacy terminal CSV window,100,True,4683077,0,ed0acd09ffc24f9ca350692ea344aa0403bc8157c1c186a87e4451c41e8f90f2,"[""archive/Account1/runs/sc-ResNet10-add-s0-4683077.out""]","[""csv_plateau20""]","[""/panels/granularity_model_transfer/cells/1/runs/0/csv_plateau20""]","[""OCC-867097c678b1dbd8""]","[""granularity_model_transfer""]"
MEAS-4914d3dbe9644055,RUN-4683081,legacy_plateau20,test,accuracy_percent,90.335,80,100,20,parsed raw epoch count; legacy terminal CSV window,100,True,4683081,1,2a6b9d1c8ab28468e5c0e8da0bd52ff42e043565fb8db301539d3748d61365db,"[""archive/Account1/runs/sc-ResNet10-add-s1-4683081.out""]","[""csv_plateau20""]","[""/panels/granularity_model_transfer/cells/1/runs/1/csv_plateau20""]","[""OCC-867097c678b1dbd8""]","[""granularity_model_transfer""]"
MEAS-fb4bc6a375f5c69c,RUN-4683085,legacy_plateau20,test,accuracy_percent,90.956,80,100,20,parsed raw epoch count; legacy terminal CSV window,100,True,4683085,2,e699ea2cfacd82df0acb65fe5e17946c058f2aea6b8b612643067cddedb0be08,"[""archive/Account1/runs/sc-ResNet10-add-s2-4683085.out""]","[""csv_plateau20""]","[""/panels/granularity_model_transfer/cells/1/runs/2/csv_plateau20""]","[""OCC-867097c678b1dbd8""]","[""granularity_model_transfer""]"
MEAS-8f6440b7bb8f2a35,RUN-4683074,legacy_plateau20,test,accuracy_percent,71.697,80,100,20,parsed raw epoch count; legacy terminal CSV window,100,True,4683074,0,58d62e5ec25e783489e4b52486fcddfbc616394785489b9703e2fa3e1cae689d,"[""archive/Account1/runs/sc-ResNet10-scal-s0-4683074.out""]","[""csv_plateau20""]","[""/panels/granularity_model_transfer/cells/2/runs/0/csv_plateau20""]","[""OCC-0e21ba8c6be6dcfe""]","[""granularity_model_transfer""]"
MEAS-e82852f8e61c4bf5,RUN-4683078,legacy_plateau20,test,accuracy_percent,70.36,80,100,20,parsed raw epoch count; legacy terminal CSV window,100,True,4683078,1,4ef506ca076cb2d111746c8fa154aeed2a131c5623f93fede3fdf51baa40abd0,"[""archive/Account1/runs/sc-ResNet10-scal-s1-4683078.out""]","[""csv_plateau20""]","[""/panels/granularity_model_transfer/cells/2/runs/1/csv_plateau20""]","[""OCC-0e21ba8c6be6dcfe""]","[""granularity_model_transfer""]"
MEAS-7f09aee3041ffcd5,RUN-4683082,legacy_plateau20,test,accuracy_percent,70.17,80,100,20,parsed raw epoch count; legacy terminal CSV window,100,True,4683082,2,adaf70792965f8ba262d5e14fba71b49db8f965c54f7196dce2e3727a910bea1,"[""archive/Account1/runs/sc-ResNet10-scal-s2-4683082.out""]","[""csv_plateau20""]","[""/panels/granularity_model_transfer/cells/2/runs/2/csv_plateau20""]","[""OCC-0e21ba8c6be6dcfe""]","[""granularity_model_transfer""]"
MEAS-e3b9fa261d4895a7,RUN-4683088,legacy_plateau20,test,accuracy_percent,90.578,80,100,20,parsed raw epoch count; legacy terminal CSV window,100,True,4683088,0,5f723611546b5a9ee2787bcab97710c7c6514b51b97e0a80db29a3a868ef3a18,"[""archive/Account1/runs/sc-ResNet18-layer-s0-4683088.out""]","[""csv_plateau20""]","[""/panels/granularity_model_transfer/cells/3/runs/0/csv_plateau20""]","[""OCC-0bd265ff0c198108""]","[""granularity_model_transfer""]"
MEAS-d4fbae56aae832e3,RUN-4683092,legacy_plateau20,test,accuracy_percent,90.84,80,100,20,parsed raw epoch count; legacy terminal CSV window,100,True,4683092,1,d068eabbf39ccff2314aa6ec8e27cb6633fbd19b90f2e4cf28c103ac6690dcd3,"[""archive/Account1/runs/sc-ResNet18-layer-s1-4683092.out""]","[""csv_plateau20""]","[""/panels/granularity_model_transfer/cells/3/runs/1/csv_plateau20""]","[""OCC-0bd265ff0c198108""]","[""granularity_model_transfer""]"
MEAS-005d03eb15dc6735,RUN-4683096,legacy_plateau20,test,accuracy_percent,90.641,80,100,20,parsed raw epoch count; legacy terminal CSV window,100,True,4683096,2,cabefb3d8651d24f1d4f87f842101e60ee792577b94d5aaa1200fdae483a4b14,"[""archive/Account1/runs/sc-ResNet18-layer-s2-4683096.out""]","[""csv_plateau20""]","[""/panels/granularity_model_transfer/cells/3/runs/2/csv_plateau20""]","[""OCC-0bd265ff0c198108""]","[""granularity_model_transfer""]"
MEAS-31cc7b7c63e2a4e9,RUN-4683089,legacy_plateau20,test,accuracy_percent,93.44,80,100,20,parsed raw epoch count; legacy terminal CSV window,100,True,4683089,0,953c9ed00795516109f629564a5da5b81475540b6058faf0b33f49252e438906,"[""archive/Account1/runs/sc-ResNet18-add-s0-4683089.out""]","[""csv_plateau20""]","[""/panels/granularity_model_transfer/cells/4/runs/0/csv_plateau20""]","[""OCC-7486e937f23b916c""]","[""granularity_model_transfer""]"
MEAS-19fa4252d117a0c8,RUN-4683093,legacy_plateau20,test,accuracy_percent,93.317,80,100,20,parsed raw epoch count; legacy terminal CSV window,100,True,4683093,1,f10b7edbb2e88df7dd878f3aae2e87bfe4b12db3ff945cfb12176af6574ae1b4,"[""archive/Account1/runs/sc-ResNet18-add-s1-4683093.out""]","[""csv_plateau20""]","[""/panels/granularity_model_transfer/cells/4/runs/1/csv_plateau20""]","[""OCC-7486e937f23b916c""]","[""granularity_model_transfer""]"
MEAS-cea41a9518ebe9dc,RUN-4683097,legacy_plateau20,test,accuracy_percent,93.161,80,100,20,parsed raw epoch count; legacy terminal CSV window,100,True,4683097,2,b2b9e234fdb93669b90bc0f5b33d0c8e70382c89452eda6d75213cc232e90fb8,"[""archive/Account1/runs/sc-ResNet18-add-s2-4683097.out""]","[""csv_plateau20""]","[""/panels/granularity_model_transfer/cells/4/runs/2/csv_plateau20""]","[""OCC-7486e937f23b916c""]","[""granularity_model_transfer""]"
MEAS-a568155b107762a2,RUN-4683087,legacy_plateau20,test,accuracy_percent,91.305,80,100,20,parsed raw epoch count; legacy terminal CSV window,100,True,4683087,0,05dc380a50d1d57eb4ac86668243ec4dec30a14d87dd4889b05bf2fd48dd2acf,"[""archive/Account1/runs/sc-ResNet18-blk6-s0-4683087.out""]","[""csv_plateau20""]","[""/panels/granularity_model_transfer/cells/5/runs/0/csv_plateau20""]","[""OCC-ab6ea29339da431a""]","[""granularity_model_transfer""]"
MEAS-b33a9056432387af,RUN-4683091,legacy_plateau20,test,accuracy_percent,91.533,80,100,20,parsed raw epoch count; legacy terminal CSV window,100,True,4683091,1,67ab936b8b7e4c31336ba0b081f9adce98f5da8977020b1f613997e31635ef1d,"[""archive/Account1/runs/sc-ResNet18-blk6-s1-4683091.out""]","[""csv_plateau20""]","[""/panels/granularity_model_transfer/cells/5/runs/1/csv_plateau20""]","[""OCC-ab6ea29339da431a""]","[""granularity_model_transfer""]"
MEAS-03e30920bac65a8c,RUN-4683095,legacy_plateau20,test,accuracy_percent,91.333,80,100,20,parsed raw epoch count; legacy terminal CSV window,100,True,4683095,2,9ca36180d3cf8429fab7741c3f2be25b32e62ac26d4aafe3ce3695b65b3c2ca6,"[""archive/Account1/runs/sc-ResNet18-blk6-s2-4683095.out""]","[""csv_plateau20""]","[""/panels/granularity_model_transfer/cells/5/runs/2/csv_plateau20""]","[""OCC-ab6ea29339da431a""]","[""granularity_model_transfer""]"
MEAS-32d704f34a5173bd,RUN-4683086,legacy_plateau20,test,accuracy_percent,88.017,80,100,20,parsed raw epoch count; legacy terminal CSV window,100,True,4683086,0,94fb0a3132e601cf0f11d7fe65853be94bc93fecb818efaffd8fb87ef36fd2d5,"[""archive/Account1/runs/sc-ResNet18-scal-s0-4683086.out""]","[""csv_plateau20""]","[""/panels/granularity_model_transfer/cells/6/runs/0/csv_plateau20""]","[""OCC-04d1935bd60b98dc""]","[""granularity_model_transfer""]"
MEAS-11d4f69bcb7fd291,RUN-4683090,legacy_plateau20,test,accuracy_percent,87.742,80,100,20,parsed raw epoch count; legacy terminal CSV window,100,True,4683090,1,e5e4aedb5c8172d8e625e40fd6bed05eadc37eb0e1e134e289da3f707b7119af,"[""archive/Account1/runs/sc-ResNet18-scal-s1-4683090.out""]","[""csv_plateau20""]","[""/panels/granularity_model_transfer/cells/6/runs/1/csv_plateau20""]","[""OCC-04d1935bd60b98dc""]","[""granularity_model_transfer""]"
MEAS-c654cbd06b121ed0,RUN-4683094,legacy_plateau20,test,accuracy_percent,87.699,80,100,20,parsed raw epoch count; legacy terminal CSV window,100,True,4683094,2,cf7294d41afd22a9da26cbb4cb80ff225198b01749f031d1865b2bf5394269df,"[""archive/Account1/runs/sc-ResNet18-scal-s2-4683094.out""]","[""csv_plateau20""]","[""/panels/granularity_model_transfer/cells/6/runs/2/csv_plateau20""]","[""OCC-04d1935bd60b98dc""]","[""granularity_model_transfer""]"
MEAS-9fed4395d94f5eec,RUN-4683100,legacy_plateau20,test,accuracy_percent,90.227,80,100,20,parsed raw epoch count; legacy terminal CSV window,100,True,4683100,0,07ae4f41f8054b029c2bdadcfad160152f7dcc04690ccc8a380d9b7d7cea9546,"[""archive/Account1/runs/sc-ResNet34-layer-s0-4683100.out""]","[""csv_plateau20""]","[""/panels/granularity_model_transfer/cells/7/runs/0/csv_plateau20""]","[""OCC-29d1517d1288a445""]","[""granularity_model_transfer""]"
MEAS-4adf6a4fece28814,RUN-4683104,legacy_plateau20,test,accuracy_percent,90.208,80,100,20,parsed raw epoch count; legacy terminal CSV window,100,True,4683104,1,9710e266a5074fb040d3e9f95a88c855759487416aea47b46abc8efbd94c351d,"[""archive/Account1/runs/sc-ResNet34-layer-s1-4683104.out""]","[""csv_plateau20""]","[""/panels/granularity_model_transfer/cells/7/runs/1/csv_plateau20""]","[""OCC-29d1517d1288a445""]","[""granularity_model_transfer""]"
MEAS-593cf99fba5d1f67,RUN-4683108,legacy_plateau20,test,accuracy_percent,90.224,80,100,20,parsed raw epoch count; legacy terminal CSV window,100,True,4683108,2,11e37061b6cc312809ed362c4d46c38dbc9c05ab14e0ea15384c815cd1b69b8c,"[""archive/Account1/runs/sc-ResNet34-layer-s2-4683108.out""]","[""csv_plateau20""]","[""/panels/granularity_model_transfer/cells/7/runs/2/csv_plateau20""]","[""OCC-29d1517d1288a445""]","[""granularity_model_transfer""]"
MEAS-527dcf12603ce7f6,RUN-4683101,legacy_plateau20,test,accuracy_percent,92.962,80,100,20,parsed raw epoch count; legacy terminal CSV window,100,True,4683101,0,ce44c38521bee28f074c59bd71270836956a66a7ed1adba84049272046172d38,"[""archive/Account1/runs/sc-ResNet34-add-s0-4683101.out""]","[""csv_plateau20""]","[""/panels/granularity_model_transfer/cells/8/runs/0/csv_plateau20""]","[""OCC-096dfab3c229f62b""]","[""granularity_model_transfer""]"
MEAS-d1bf8145b3a88a7e,RUN-4683105,legacy_plateau20,test,accuracy_percent,92.877,80,100,20,parsed raw epoch count; legacy terminal CSV window,100,True,4683105,1,6cc10baf84fb26fa57c5de2d719c213e6844f2b50fc6a520de38c8600a7487aa,"[""archive/Account1/runs/sc-ResNet34-add-s1-4683105.out""]","[""csv_plateau20""]","[""/panels/granularity_model_transfer/cells/8/runs/1/csv_plateau20""]","[""OCC-096dfab3c229f62b""]","[""granularity_model_transfer""]"
MEAS-a005d4726285741d,RUN-4683109,legacy_plateau20,test,accuracy_percent,92.675,80,100,20,parsed raw epoch count; legacy terminal CSV window,100,True,4683109,2,9619f1ac4c25d766ccc6d46545d21e1da82eb1f55f79e379c877f49f68354ef1,"[""archive/Account1/runs/sc-ResNet34-add-s2-4683109.out""]","[""csv_plateau20""]","[""/panels/granularity_model_transfer/cells/8/runs/2/csv_plateau20""]","[""OCC-096dfab3c229f62b""]","[""granularity_model_transfer""]"
MEAS-b8c754bbeacbe3f0,RUN-4683098,legacy_plateau20,test,accuracy_percent,89.464,80,100,20,parsed raw epoch count; legacy terminal CSV window,100,True,4683098,0,ccb18325aaa090cb69e69c041afadc6d3a7f44efd3da479ac6ea3173e8af567d,"[""archive/Account1/runs/sc-ResNet34-scal-s0-4683098.out""]","[""csv_plateau20""]","[""/panels/granularity_model_transfer/cells/9/runs/0/csv_plateau20""]","[""OCC-abd7972491ed6abd""]","[""granularity_model_transfer""]"
MEAS-4b03d28705caa9d6,RUN-4683102,legacy_plateau20,test,accuracy_percent,89.242,80,100,20,parsed raw epoch count; legacy terminal CSV window,100,True,4683102,1,f04534fa9b3619f07b4f75e97e42012fa3436899f4f8e71e7ae1376bb3477078,"[""archive/Account1/runs/sc-ResNet34-scal-s1-4683102.out""]","[""csv_plateau20""]","[""/panels/granularity_model_transfer/cells/9/runs/1/csv_plateau20""]","[""OCC-abd7972491ed6abd""]","[""granularity_model_transfer""]"
MEAS-7b33607b2c54e0ab,RUN-4683106,legacy_plateau20,test,accuracy_percent,89.246,80,100,20,parsed raw epoch count; legacy terminal CSV window,100,True,4683106,2,7ade72f7e002c74b2288ebb91d766e12957a35d76a7c7137abd1f738ae07f658,"[""archive/Account1/runs/sc-ResNet34-scal-s2-4683106.out""]","[""csv_plateau20""]","[""/panels/granularity_model_transfer/cells/9/runs/2/csv_plateau20""]","[""OCC-abd7972491ed6abd""]","[""granularity_model_transfer""]"
MEAS-5b1f58dbc9778b18,RUN-4683473,legacy_plateau20,test,accuracy_percent,89.973,80,100,20,parsed raw epoch count; legacy terminal CSV window,100,True,4683473,0,cb6bcc38613cc3e619cde2e560289f0059fbe9342a0f31f58ab9b078ee9a41a4,"[""archive/Account1/runs/sc50-1e3-layer-s0-4683473.out""]","[""csv_plateau20""]","[""/panels/granularity_model_transfer/cells/10/runs/0/csv_plateau20""]","[""OCC-4b385d9e32838ddc""]","[""granularity_model_transfer""]"
MEAS-621c6f7ca85d95d6,RUN-4683479,legacy_plateau20,test,accuracy_percent,90.427,80,100,20,parsed raw epoch count; legacy terminal CSV window,100,True,4683479,1,60663ae1ec4608ae31f8582fde260fd0672fe87514773b5d28f7f133b74232cc,"[""archive/Account1/runs/sc50-1e3-layer-s1-4683479.out""]","[""csv_plateau20""]","[""/panels/granularity_model_transfer/cells/10/runs/1/csv_plateau20""]","[""OCC-4b385d9e32838ddc""]","[""granularity_model_transfer""]"
MEAS-a5f05fe26f875d69,RUN-4683474,legacy_plateau20,test,accuracy_percent,92.477,80,100,20,parsed raw epoch count; legacy terminal CSV window,100,True,4683474,0,78e374fff95c44f53ea097c1d7238bf3b8e1ee31b05f5ad7819374d920252ff2,"[""archive/Account1/runs/sc50-1e3-add-s0-4683474.out""]","[""csv_plateau20""]","[""/panels/granularity_model_transfer/cells/11/runs/0/csv_plateau20""]","[""OCC-31b49ec1b8801da3""]","[""granularity_model_transfer""]"
MEAS-22442d3eda8cb4ab,RUN-4683480,legacy_plateau20,test,accuracy_percent,92.791,80,100,20,parsed raw epoch count; legacy terminal CSV window,100,True,4683480,1,99df3c523f2ad8faf59bcb0f4b30da3f8a365f9bc06e62d21c9d044db6bb0d69,"[""archive/Account1/runs/sc50-1e3-add-s1-4683480.out""]","[""csv_plateau20""]","[""/panels/granularity_model_transfer/cells/11/runs/1/csv_plateau20""]","[""OCC-31b49ec1b8801da3""]","[""granularity_model_transfer""]"
MEAS-b20853b023b24913,RUN-4683470,legacy_plateau20,test,accuracy_percent,87.71,80,100,20,parsed raw epoch count; legacy terminal CSV window,100,True,4683470,0,cb24e050302e35f94217e6047d4efac3a25e3ce43957125d0e7a232e5ab91ebc,"[""archive/Account1/runs/sc50-1e6-layer-s0-4683470.out""]","[""csv_plateau20""]","[""/panels/granularity_model_transfer/cells/12/runs/0/csv_plateau20""]","[""OCC-d036f50428cdbe91""]","[""granularity_model_transfer""]"
MEAS-4494609f02e46cfa,RUN-4683476,legacy_plateau20,test,accuracy_percent,88.059,80,100,20,parsed raw epoch count; legacy terminal CSV window,100,True,4683476,1,38147c6a26689c321b0bfad698c394dbcbcee26a720d113e696a642bc1e320e8,"[""archive/Account1/runs/sc50-1e6-layer-s1-4683476.out""]","[""csv_plateau20""]","[""/panels/granularity_model_transfer/cells/12/runs/1/csv_plateau20""]","[""OCC-d036f50428cdbe91""]","[""granularity_model_transfer""]"
MEAS-6a6a0499832aab41,RUN-4683471,legacy_plateau20,test,accuracy_percent,90.947,80,100,20,parsed raw epoch count; legacy terminal CSV window,100,True,4683471,0,32bfde27fd6d28aaa76de583c9ba36b01fa10140fc1c3445d960bcc077161980,"[""archive/Account1/runs/sc50-1e6-add-s0-4683471.out""]","[""csv_plateau20""]","[""/panels/granularity_model_transfer/cells/13/runs/0/csv_plateau20""]","[""OCC-da23f0a74070d052""]","[""granularity_model_transfer""]"
MEAS-56779cf45b30516b,RUN-4683477,legacy_plateau20,test,accuracy_percent,91.929,80,100,20,parsed raw epoch count; legacy terminal CSV window,100,True,4683477,1,a4ab29fbeae12a2837a504bcf1aa79e7290b2f997129f438702a148bd9aa9dda,"[""archive/Account1/runs/sc50-1e6-add-s1-4683477.out""]","[""csv_plateau20""]","[""/panels/granularity_model_transfer/cells/13/runs/1/csv_plateau20""]","[""OCC-da23f0a74070d052""]","[""granularity_model_transfer""]"
MEAS-59a10324fe2eef23,RUN-4683472,legacy_plateau20,test,accuracy_percent,89.158,80,100,20,parsed raw epoch count; legacy terminal CSV window,100,True,4683472,0,c949828aca089da7ed44fe0c4b006316367a85d94358ad9ea24f412ce69c4a13,"[""archive/Account1/runs/sc50-1e3-scal-s0-4683472.out""]","[""csv_plateau20""]","[""/panels/granularity_model_transfer/cells/14/runs/0/csv_plateau20""]","[""OCC-2a5a7e8ad3b2ce7d""]","[""granularity_model_transfer""]"
MEAS-cba6ead018812e3e,RUN-4683478,legacy_plateau20,test,accuracy_percent,89.287,80,100,20,parsed raw epoch count; legacy terminal CSV window,100,True,4683478,1,34466fd938cba26cfcb55bcfc12d1a505ab989300dfe5bea906d6766b71958bf,"[""archive/Account1/runs/sc50-1e3-scal-s1-4683478.out""]","[""csv_plateau20""]","[""/panels/granularity_model_transfer/cells/14/runs/1/csv_plateau20""]","[""OCC-2a5a7e8ad3b2ce7d""]","[""granularity_model_transfer""]"
MEAS-d919c1b17d185a17,RUN-4683469,legacy_plateau20,test,accuracy_percent,89.103,80,100,20,parsed raw epoch count; legacy terminal CSV window,100,True,4683469,0,750d79626f897b1bfe8d714baa62ad8c49f3aea5f66508caa867eda8a0d2ae92,"[""archive/Account1/runs/sc50-1e6-scal-s0-4683469.out""]","[""csv_plateau20""]","[""/panels/granularity_model_transfer/cells/15/runs/0/csv_plateau20""]","[""OCC-df0525915d48b2b5""]","[""granularity_model_transfer""]"
MEAS-0a3212a759165c84,RUN-4683475,legacy_plateau20,test,accuracy_percent,89.774,80,100,20,parsed raw epoch count; legacy terminal CSV window,100,True,4683475,1,f94d27e2aaae7580fa4d440a495ab4e39aae9d03ef851962193c4859b1e8e74d,"[""archive/Account1/runs/sc50-1e6-scal-s1-4683475.out""]","[""csv_plateau20""]","[""/panels/granularity_model_transfer/cells/15/runs/1/csv_plateau20""]","[""OCC-df0525915d48b2b5""]","[""granularity_model_transfer""]"
MEAS-d7bd29affaf741f0,RUN-4683269,legacy_plateau20,test,accuracy_percent,70.287,80,100,20,parsed raw epoch count; legacy terminal CSV window,100,True,4683269,0,d10cde2ba167fbd96f8d691d144445ae7cac71c381d3fe70c4584b74922ed3fb,"[""archive/Account1/runs/c100-1e3-layer-s0-4683269.out""]","[""csv_plateau20""]","[""/panels/granularity_cifar100_historical/cells/0/runs/0/csv_plateau20""]","[""OCC-a3b5302a950a1db3""]","[""granularity_cifar100_historical""]"
MEAS-d9baf32a38c28c49,RUN-4683273,legacy_plateau20,test,accuracy_percent,69.938,80,100,20,parsed raw epoch count; legacy terminal CSV window,100,True,4683273,1,d682d468f15aa81287dfefaadd858e54bd58a26b7f0620024df3a2051f8afaa7,"[""archive/Account1/runs/c100-1e3-layer-s1-4683273.out""]","[""csv_plateau20""]","[""/panels/granularity_cifar100_historical/cells/0/runs/1/csv_plateau20""]","[""OCC-a3b5302a950a1db3""]","[""granularity_cifar100_historical""]"
MEAS-c07db9c999b501d8,RUN-4683746,legacy_plateau20,test,accuracy_percent,69.325,80,100,20,parsed raw epoch count; legacy terminal CSV window,100,True,4683746,2,841153bd3f7c9d2a254fd04e7677523e81e52290ec052fa7e56c6c3bdb4d4d52,"[""archive/Account2/runs/c100b-1e3-layer-s2-4683746.out""]","[""csv_plateau20""]","[""/panels/granularity_cifar100_historical/cells/0/runs/2/csv_plateau20""]","[""OCC-a3b5302a950a1db3""]","[""granularity_cifar100_historical""]"
MEAS-9bfc14e02fd85db4,RUN-4683747,legacy_plateau20,test,accuracy_percent,69.534,80,100,20,parsed raw epoch count; legacy terminal CSV window,100,True,4683747,3,adeb03a58290202bbc66bc1c486a1dee2a6c028a07114eb3ed24e9b286148cac,"[""archive/Account2/runs/c100b-1e3-layer-s3-4683747.out""]","[""csv_plateau20""]","[""/panels/granularity_cifar100_historical/cells/0/runs/3/csv_plateau20""]","[""OCC-a3b5302a950a1db3""]","[""granularity_cifar100_historical""]"
MEAS-64fec473c02bd0f1,RUN-4683748,legacy_plateau20,test,accuracy_percent,68.845,80,100,20,parsed raw epoch count; legacy terminal CSV window,100,True,4683748,4,3bc71c5ba681397ccc57ecb45b6e8abfcde2672394402744ddf1da3a02f78e2a,"[""archive/Account2/runs/c100b-1e3-layer-s4-4683748.out""]","[""csv_plateau20""]","[""/panels/granularity_cifar100_historical/cells/0/runs/4/csv_plateau20""]","[""OCC-a3b5302a950a1db3""]","[""granularity_cifar100_historical""]"
MEAS-42c087cebe018034,RUN-4683270,legacy_plateau20,test,accuracy_percent,27.334,80,100,20,parsed raw epoch count; legacy terminal CSV window,100,True,4683270,0,ce67d488de478d30b2fef3308b37252526e032ad0ff4a0d5c4e2e3e3567d617f,"[""archive/Account1/runs/c100-1e3-add-s0-4683270.out""]","[""csv_plateau20""]","[""/panels/granularity_cifar100_historical/cells/1/runs/0/csv_plateau20""]","[""OCC-f7cfaf59434ea243""]","[""granularity_cifar100_historical""]"
MEAS-f4b97ba4281afe90,RUN-4683274,legacy_plateau20,test,accuracy_percent,25.431,80,100,20,parsed raw epoch count; legacy terminal CSV window,100,True,4683274,1,6ad18de74d253c5b904436e6007726aa1938c3402741c9953827f08e82b36be4,"[""archive/Account1/runs/c100-1e3-add-s1-4683274.out""]","[""csv_plateau20""]","[""/panels/granularity_cifar100_historical/cells/1/runs/1/csv_plateau20""]","[""OCC-f7cfaf59434ea243""]","[""granularity_cifar100_historical""]"
MEAS-8d0a4c991a27a607,RUN-4683261,legacy_plateau20,test,accuracy_percent,69.791,80,100,20,parsed raw epoch count; legacy terminal CSV window,100,True,4683261,0,24f2a11a4d88f8f8cb1958c850628fea2eb18cc7392faca1739be107288c1e92,"[""archive/Account1/runs/c100-1e6-layer-s0-4683261.out""]","[""csv_plateau20""]","[""/panels/granularity_cifar100_historical/cells/2/runs/0/csv_plateau20""]","[""OCC-c054a2eec8a994bf""]","[""granularity_cifar100_historical""]"
MEAS-8dafadb06e885f48,RUN-4683265,legacy_plateau20,test,accuracy_percent,69.981,80,100,20,parsed raw epoch count; legacy terminal CSV window,100,True,4683265,1,4dc49ac6163cbfa9a7d9c375cb6d20fceb987e5f827f2d7cc61b6263a01c0e16,"[""archive/Account1/runs/c100-1e6-layer-s1-4683265.out""]","[""csv_plateau20""]","[""/panels/granularity_cifar100_historical/cells/2/runs/1/csv_plateau20""]","[""OCC-c054a2eec8a994bf""]","[""granularity_cifar100_historical""]"
MEAS-7fa74fc6f304f6a7,RUN-4683755,legacy_plateau20,test,accuracy_percent,69.01,80,100,20,parsed raw epoch count; legacy terminal CSV window,100,True,4683755,2,56a9bb32c14263f763522536ec69b8bfb882d8f4f64c539f29d6b999352b597b,"[""archive/Account2/runs/c100b-1e6-layer-s2-4683755.out""]","[""csv_plateau20""]","[""/panels/granularity_cifar100_historical/cells/2/runs/2/csv_plateau20""]","[""OCC-c054a2eec8a994bf""]","[""granularity_cifar100_historical""]"
MEAS-044587ca82741667,RUN-4683756,legacy_plateau20,test,accuracy_percent,69.112,80,100,20,parsed raw epoch count; legacy terminal CSV window,100,True,4683756,3,a6c74006c4cd26b07a605d8122b40e4cd05456cc6ac21d094feb44fb7ed6a432,"[""archive/Account2/runs/c100b-1e6-layer-s3-4683756.out""]","[""csv_plateau20""]","[""/panels/granularity_cifar100_historical/cells/2/runs/3/csv_plateau20""]","[""OCC-c054a2eec8a994bf""]","[""granularity_cifar100_historical""]"
MEAS-57183d80afea1d54,RUN-4683757,legacy_plateau20,test,accuracy_percent,68.631,80,100,20,parsed raw epoch count; legacy terminal CSV window,100,True,4683757,4,8cfc8758a5e1e9962766418ef694d842b06f74e594258ccf7114013098a604cd,"[""archive/Account2/runs/c100b-1e6-layer-s4-4683757.out""]","[""csv_plateau20""]","[""/panels/granularity_cifar100_historical/cells/2/runs/4/csv_plateau20""]","[""OCC-c054a2eec8a994bf""]","[""granularity_cifar100_historical""]"
MEAS-8fc1942b6c9461e5,RUN-4683262,legacy_plateau20,test,accuracy_percent,60.242,80,100,20,parsed raw epoch count; legacy terminal CSV window,100,True,4683262,0,5f1fa0f1aea0e24eb490ecfaed27cfd8ad65440bb42d9dfd21be62885d170128,"[""archive/Account1/runs/c100-1e6-add-s0-4683262.out""]","[""csv_plateau20""]","[""/panels/granularity_cifar100_historical/cells/3/runs/0/csv_plateau20""]","[""OCC-55aa4b0705d5c00f""]","[""granularity_cifar100_historical""]"
MEAS-f319ed51379ea011,RUN-4683266,legacy_plateau20,test,accuracy_percent,57.85,80,100,20,parsed raw epoch count; legacy terminal CSV window,100,True,4683266,1,5586e3cb95d50230cd4e39429cb359127f995d097b1d68076236416f9222f774,"[""archive/Account1/runs/c100-1e6-add-s1-4683266.out""]","[""csv_plateau20""]","[""/panels/granularity_cifar100_historical/cells/3/runs/1/csv_plateau20""]","[""OCC-55aa4b0705d5c00f""]","[""granularity_cifar100_historical""]"
MEAS-465ce4a44886af1d,RUN-4683758,legacy_plateau20,test,accuracy_percent,71.181,80,100,20,parsed raw epoch count; legacy terminal CSV window,100,True,4683758,0,c696bc7bf4872a4881ba1b354a2f740b28c5da98880272591777eb1cf9515ff9,"[""archive/Account2/runs/c100f-node-s0-4683758.out""]","[""csv_plateau20""]","[""/panels/granularity_cifar100_historical/cells/4/runs/0/csv_plateau20""]","[""OCC-09e23abe407b720d""]","[""granularity_cifar100_historical""]"
MEAS-2d7f655f47b26c7a,RUN-4683759,legacy_plateau20,test,accuracy_percent,71.069,80,100,20,parsed raw epoch count; legacy terminal CSV window,100,True,4683759,1,b696b9279cbcdb4eabe88f8371b8c93af106d4b484856bc0c6cd6ecaa4e8abed,"[""archive/Account2/runs/c100f-node-s1-4683759.out""]","[""csv_plateau20""]","[""/panels/granularity_cifar100_historical/cells/4/runs/1/csv_plateau20""]","[""OCC-09e23abe407b720d""]","[""granularity_cifar100_historical""]"
MEAS-2e7a3acfda4875aa,RUN-4683760,legacy_plateau20,test,accuracy_percent,71.302,80,100,20,parsed raw epoch count; legacy terminal CSV window,100,True,4683760,2,65c78c0420b5033bd70de6c727e2d20d4ee6def188d151e4e4062b3951afcd05,"[""archive/Account2/runs/c100f-node-s2-4683760.out""]","[""csv_plateau20""]","[""/panels/granularity_cifar100_historical/cells/4/runs/2/csv_plateau20""]","[""OCC-09e23abe407b720d""]","[""granularity_cifar100_historical""]"
MEAS-885585f3fe1ca0a2,RUN-4683268,legacy_plateau20,test,accuracy_percent,50.432,80,100,20,parsed raw epoch count; legacy terminal CSV window,100,True,4683268,0,d0ff24f3f96b00f8ea6f48a50e54342b2f58cc13109d4289fa77cc0de6204536,"[""archive/Account1/runs/c100-1e3-blk6-s0-4683268.out""]","[""csv_plateau20""]","[""/panels/granularity_cifar100_historical/cells/5/runs/0/csv_plateau20""]","[""OCC-a41212ef49cc86a3""]","[""granularity_cifar100_historical""]"
MEAS-81e6ead743d00b65,RUN-4683272,legacy_plateau20,test,accuracy_percent,52.209,80,100,20,parsed raw epoch count; legacy terminal CSV window,100,True,4683272,1,3dcf7c5f432d246b8661307a6202faac6723b70e130d8ad07d74d92964768f36,"[""archive/Account1/runs/c100-1e3-blk6-s1-4683272.out""]","[""csv_plateau20""]","[""/panels/granularity_cifar100_historical/cells/5/runs/1/csv_plateau20""]","[""OCC-a41212ef49cc86a3""]","[""granularity_cifar100_historical""]"
MEAS-f2e9fb5e2360eb07,RUN-4683743,legacy_plateau20,test,accuracy_percent,51.188,80,100,20,parsed raw epoch count; legacy terminal CSV window,100,True,4683743,2,e8c103868380d84b3a03ccbc2fe801ea57b23a518f27a535e84067a62eb927e2,"[""archive/Account2/runs/c100b-1e3-blk6-s2-4683743.out""]","[""csv_plateau20""]","[""/panels/granularity_cifar100_historical/cells/5/runs/2/csv_plateau20""]","[""OCC-a41212ef49cc86a3""]","[""granularity_cifar100_historical""]"
MEAS-c59821de332be332,RUN-4683744,legacy_plateau20,test,accuracy_percent,51.377,80,100,20,parsed raw epoch count; legacy terminal CSV window,100,True,4683744,3,07f8b838894877f58c7f4c68394db83b75b45627923a7d19c5d33e11abc827f9,"[""archive/Account2/runs/c100b-1e3-blk6-s3-4683744.out""]","[""csv_plateau20""]","[""/panels/granularity_cifar100_historical/cells/5/runs/3/csv_plateau20""]","[""OCC-a41212ef49cc86a3""]","[""granularity_cifar100_historical""]"
MEAS-eca1e1d79d3b3986,RUN-4683745,legacy_plateau20,test,accuracy_percent,51.41,80,100,20,parsed raw epoch count; legacy terminal CSV window,100,True,4683745,4,fc657e73204d354198df318fa6fe0c5551de02be7f5c2c1837e73f83b205c937,"[""archive/Account2/runs/c100b-1e3-blk6-s4-4683745.out""]","[""csv_plateau20""]","[""/panels/granularity_cifar100_historical/cells/5/runs/4/csv_plateau20""]","[""OCC-a41212ef49cc86a3""]","[""granularity_cifar100_historical""]"
MEAS-e730d2c3d9d95466,RUN-4683260,legacy_plateau20,test,accuracy_percent,52.441,80,100,20,parsed raw epoch count; legacy terminal CSV window,100,True,4683260,0,ad01fed37670fd1845430db9356b57c1c904670ef8226b7e963dd9f26830f4af,"[""archive/Account1/runs/c100-1e6-blk6-s0-4683260.out""]","[""csv_plateau20""]","[""/panels/granularity_cifar100_historical/cells/6/runs/0/csv_plateau20""]","[""OCC-3a6358a1e6cb086c""]","[""granularity_cifar100_historical""]"
MEAS-e2d858e779a9a02a,RUN-4683264,legacy_plateau20,test,accuracy_percent,53.016,80,100,20,parsed raw epoch count; legacy terminal CSV window,100,True,4683264,1,60211c01bf5c40f6a45a7000a359bb04a55587a326853b7d50f81722aec6a70b,"[""archive/Account1/runs/c100-1e6-blk6-s1-4683264.out""]","[""csv_plateau20""]","[""/panels/granularity_cifar100_historical/cells/6/runs/1/csv_plateau20""]","[""OCC-3a6358a1e6cb086c""]","[""granularity_cifar100_historical""]"
MEAS-3d18f9990f2a1337,RUN-4683752,legacy_plateau20,test,accuracy_percent,52.066,80,100,20,parsed raw epoch count; legacy terminal CSV window,100,True,4683752,2,8118b79a5c8143299a2d5d5d811b851f12d497088511d8ed880c3b843150149f,"[""archive/Account2/runs/c100b-1e6-blk6-s2-4683752.out""]","[""csv_plateau20""]","[""/panels/granularity_cifar100_historical/cells/6/runs/2/csv_plateau20""]","[""OCC-3a6358a1e6cb086c""]","[""granularity_cifar100_historical""]"
MEAS-b7f1ecb2fe107e9e,RUN-4683753,legacy_plateau20,test,accuracy_percent,52.224,80,100,20,parsed raw epoch count; legacy terminal CSV window,100,True,4683753,3,053b392d4e164a65df074f130738bd9e2af6d8af56ee0d0291ee77efb0e8aa8f,"[""archive/Account2/runs/c100b-1e6-blk6-s3-4683753.out""]","[""csv_plateau20""]","[""/panels/granularity_cifar100_historical/cells/6/runs/3/csv_plateau20""]","[""OCC-3a6358a1e6cb086c""]","[""granularity_cifar100_historical""]"
MEAS-4296424d1a46f4a1,RUN-4683754,legacy_plateau20,test,accuracy_percent,52.659,80,100,20,parsed raw epoch count; legacy terminal CSV window,100,True,4683754,4,f4d2254153971a1670bacf8e85ba83042ff57eb90d3ed1e7a731225354cdaba7,"[""archive/Account2/runs/c100b-1e6-blk6-s4-4683754.out""]","[""csv_plateau20""]","[""/panels/granularity_cifar100_historical/cells/6/runs/4/csv_plateau20""]","[""OCC-3a6358a1e6cb086c""]","[""granularity_cifar100_historical""]"
MEAS-c175fcd6ca5241c6,RUN-4683267,legacy_plateau20,test,accuracy_percent,22.729,80,100,20,parsed raw epoch count; legacy terminal CSV window,100,True,4683267,0,c010b289dab599a86f51bff2c7b2a1fb31b9109a438f4c314f01fd4953a44b08,"[""archive/Account1/runs/c100-1e3-scal-s0-4683267.out""]","[""csv_plateau20""]","[""/panels/granularity_cifar100_historical/cells/7/runs/0/csv_plateau20""]","[""OCC-4cea54474d3bb7f5""]","[""granularity_cifar100_historical""]"
MEAS-93c9ecab2748cb99,RUN-4683271,legacy_plateau20,test,accuracy_percent,22.206,80,100,20,parsed raw epoch count; legacy terminal CSV window,100,True,4683271,1,d8abde0bb81e42b12b7ad7b69195c215d85954fd7673d9de6fe7fed1dfbdd922,"[""archive/Account1/runs/c100-1e3-scal-s1-4683271.out""]","[""csv_plateau20""]","[""/panels/granularity_cifar100_historical/cells/7/runs/1/csv_plateau20""]","[""OCC-4cea54474d3bb7f5""]","[""granularity_cifar100_historical""]"
MEAS-46374fb9a98f8311,RUN-4683740,legacy_plateau20,test,accuracy_percent,22.948,80,100,20,parsed raw epoch count; legacy terminal CSV window,100,True,4683740,2,3472a375beb7c92c373a2454825bc4593317c95b1cb2b586be59cba35e2a49ca,"[""archive/Account2/runs/c100b-1e3-scal-s2-4683740.out""]","[""csv_plateau20""]","[""/panels/granularity_cifar100_historical/cells/7/runs/2/csv_plateau20""]","[""OCC-4cea54474d3bb7f5""]","[""granularity_cifar100_historical""]"
MEAS-d0f68cd2978ae6b5,RUN-4683741,legacy_plateau20,test,accuracy_percent,21.962,80,100,20,parsed raw epoch count; legacy terminal CSV window,100,True,4683741,3,8fabc652504d9bb88260a66265a9fd5553df88078a5a53622adf5661fb7387c5,"[""archive/Account2/runs/c100b-1e3-scal-s3-4683741.out""]","[""csv_plateau20""]","[""/panels/granularity_cifar100_historical/cells/7/runs/3/csv_plateau20""]","[""OCC-4cea54474d3bb7f5""]","[""granularity_cifar100_historical""]"
MEAS-02963e9d4c19a2a7,RUN-4683742,legacy_plateau20,test,accuracy_percent,23.009,80,100,20,parsed raw epoch count; legacy terminal CSV window,100,True,4683742,4,0a879d8d28b1b6d9874f7c95016365a17870559c99e08228053e2ca19a0071c7,"[""archive/Account2/runs/c100b-1e3-scal-s4-4683742.out""]","[""csv_plateau20""]","[""/panels/granularity_cifar100_historical/cells/7/runs/4/csv_plateau20""]","[""OCC-4cea54474d3bb7f5""]","[""granularity_cifar100_historical""]"
MEAS-5948c337602ddb17,RUN-4683259,legacy_plateau20,test,accuracy_percent,22.872,80,100,20,parsed raw epoch count; legacy terminal CSV window,100,True,4683259,0,c6a37b8575f95e7c1504236d3a6c643edd236bdc8dac3413464aa2ce4feed721,"[""archive/Account1/runs/c100-1e6-scal-s0-4683259.out""]","[""csv_plateau20""]","[""/panels/granularity_cifar100_historical/cells/8/runs/0/csv_plateau20""]","[""OCC-2842282eab0ad00a""]","[""granularity_cifar100_historical""]"
MEAS-42f4c429e28dde89,RUN-4683263,legacy_plateau20,test,accuracy_percent,21.729,80,100,20,parsed raw epoch count; legacy terminal CSV window,100,True,4683263,1,6e5647052bf867f70af8c6ae4e41eca3c6af33eb9855ea1ac921da84abdbb455,"[""archive/Account1/runs/c100-1e6-scal-s1-4683263.out""]","[""csv_plateau20""]","[""/panels/granularity_cifar100_historical/cells/8/runs/1/csv_plateau20""]","[""OCC-2842282eab0ad00a""]","[""granularity_cifar100_historical""]"
MEAS-9d91f27e9f33beda,RUN-4683749,legacy_plateau20,test,accuracy_percent,23.378,80,100,20,parsed raw epoch count; legacy terminal CSV window,100,True,4683749,2,4ebd63033022ad3c68136c5f3e9353b7964cb7cb3a42318110834c1d35ca303d,"[""archive/Account2/runs/c100b-1e6-scal-s2-4683749.out""]","[""csv_plateau20""]","[""/panels/granularity_cifar100_historical/cells/8/runs/2/csv_plateau20""]","[""OCC-2842282eab0ad00a""]","[""granularity_cifar100_historical""]"
MEAS-1539dc5f75373b61,RUN-4683750,legacy_plateau20,test,accuracy_percent,22.496,80,100,20,parsed raw epoch count; legacy terminal CSV window,100,True,4683750,3,a809348e961cb691fb2210f438665e48960fea447bd8b125fb53f216a2500e96,"[""archive/Account2/runs/c100b-1e6-scal-s3-4683750.out""]","[""csv_plateau20""]","[""/panels/granularity_cifar100_historical/cells/8/runs/3/csv_plateau20""]","[""OCC-2842282eab0ad00a""]","[""granularity_cifar100_historical""]"
MEAS-58b1a0e892303fa8,RUN-4683751,legacy_plateau20,test,accuracy_percent,23.437,80,100,20,parsed raw epoch count; legacy terminal CSV window,100,True,4683751,4,6b3011859284459a16ea029bae60004e47d042bef11198c967e9574c1efc02bf,"[""archive/Account2/runs/c100b-1e6-scal-s4-4683751.out""]","[""csv_plateau20""]","[""/panels/granularity_cifar100_historical/cells/8/runs/4/csv_plateau20""]","[""OCC-2842282eab0ad00a""]","[""granularity_cifar100_historical""]"
MEAS-b3d45adf44d86bc1,RUN-4683761,legacy_plateau20,test,accuracy_percent,66.946,80,100,20,parsed raw epoch count; legacy terminal CSV window,100,True,4683761,0,e08abf8f3d4f7ca561bfd966cceb4adba44237135b6605d492de47d809097fbd,"[""archive/Account2/runs/c100f-w-s0-4683761.out""]","[""csv_plateau20""]","[""/panels/granularity_cifar100_historical/cells/9/runs/0/csv_plateau20""]","[""OCC-d4dfab191b655a58""]","[""granularity_cifar100_historical""]"
MEAS-fbe95d42418a25bd,RUN-4683762,legacy_plateau20,test,accuracy_percent,66.761,80,100,20,parsed raw epoch count; legacy terminal CSV window,100,True,4683762,1,a063852f2463a8b4dec43999c7c2042167c8f411ff535db7e548f0a6ca507fd5,"[""archive/Account2/runs/c100f-w-s1-4683762.out""]","[""csv_plateau20""]","[""/panels/granularity_cifar100_historical/cells/9/runs/1/csv_plateau20""]","[""OCC-d4dfab191b655a58""]","[""granularity_cifar100_historical""]"
MEAS-75d30e9278d9c6e8,RUN-4683763,legacy_plateau20,test,accuracy_percent,66.433,80,100,20,parsed raw epoch count; legacy terminal CSV window,100,True,4683763,2,df265e022b75ae3769636a718c05fd8f34fa1d342f1ed12988e0b318a407ad22,"[""archive/Account2/runs/c100f-w-s2-4683763.out""]","[""csv_plateau20""]","[""/panels/granularity_cifar100_historical/cells/9/runs/2/csv_plateau20""]","[""OCC-d4dfab191b655a58""]","[""granularity_cifar100_historical""]"
MEAS-8cdf181a43681126,RUN-4920453,legacy_plateau20,test,accuracy_percent,69.441,80,100,20,parsed raw epoch count; legacy terminal CSV window,100,True,4920453,15,abb4b67a69641da6011d5eba3c289368f1c3a14e9240ff48b6dd36653b4c64ad,"[""archive/Account2/runs/cru1-lay-m1e-3-a1e-3-s15-4920453.out""]","[""plateau20""]","[""/panels/granularity_cifar100_tuning/cells/0/runs/0/plateau20""]","[""OCC-86883cacfe2f429b""]","[""granularity_cifar100_tuning""]"
MEAS-b9795b8ac9d7dd7f,RUN-4920473,legacy_plateau20,test,accuracy_percent,69.675,80,100,20,parsed raw epoch count; legacy terminal CSV window,100,True,4920473,16,0e5d82158c481a57f18bb3ce7677c48498d3be49b1624762b8a9ef292382c2c0,"[""archive/Account2/runs/cru1-lay-m1e-3-a1e-3-s16-4920473.out""]","[""plateau20""]","[""/panels/granularity_cifar100_tuning/cells/0/runs/1/plateau20""]","[""OCC-86883cacfe2f429b""]","[""granularity_cifar100_tuning""]"
MEAS-6c8277ffbafb257d,RUN-4920493,legacy_plateau20,test,accuracy_percent,69.94,80,100,20,parsed raw epoch count; legacy terminal CSV window,100,True,4920493,17,fc5bd6848c3e89e527f3b6dbbcbe3eb46b67edd00c15cbeb402a3965a806ac58,"[""archive/Account2/runs/cru1-lay-m1e-3-a1e-3-s17-4920493.out""]","[""plateau20""]","[""/panels/granularity_cifar100_tuning/cells/0/runs/2/plateau20""]","[""OCC-86883cacfe2f429b""]","[""granularity_cifar100_tuning""]"
MEAS-2ca31e06be5fcb76,RUN-4920461,legacy_plateau20,test,accuracy_percent,68.646,80,100,20,parsed raw epoch count; legacy terminal CSV window,100,True,4920461,15,268b6df6c4ed74a6e6e3b33c9618658284fdf22a3c9e195cda069eb9be5a9eb8,"[""archive/Account2/runs/cru1-lay-m1e-3-a1e-6-s15-4920461.out""]","[""plateau20""]","[""/panels/granularity_cifar100_tuning/cells/1/runs/0/plateau20""]","[""OCC-81be15fec4a08dd6""]","[""granularity_cifar100_tuning""]"
MEAS-ff3c1856215f0300,RUN-4920481,legacy_plateau20,test,accuracy_percent,69.412,80,100,20,parsed raw epoch count; legacy terminal CSV window,100,True,4920481,16,02c92c06dcd8eb0d7784c07e22095fc499b31b9285f2a6f263c5d15da0c9e30a,"[""archive/Account2/runs/cru1-lay-m1e-3-a1e-6-s16-4920481.out""]","[""plateau20""]","[""/panels/granularity_cifar100_tuning/cells/1/runs/1/plateau20""]","[""OCC-81be15fec4a08dd6""]","[""granularity_cifar100_tuning""]"
MEAS-a5251c10cc78d005,RUN-4920501,legacy_plateau20,test,accuracy_percent,69.662,80,100,20,parsed raw epoch count; legacy terminal CSV window,100,True,4920501,17,068225011e87b84b99ffdb586c68adf5530c4b458cc9cfa4eed9327a22362518,"[""archive/Account2/runs/cru1-lay-m1e-3-a1e-6-s17-4920501.out""]","[""plateau20""]","[""/panels/granularity_cifar100_tuning/cells/1/runs/2/plateau20""]","[""OCC-81be15fec4a08dd6""]","[""granularity_cifar100_tuning""]"
MEAS-a57d4155f97179b1,RUN-4920449,legacy_plateau20,test,accuracy_percent,70.636,80,100,20,parsed raw epoch count; legacy terminal CSV window,100,True,4920449,15,d820092b809656f45d36e9029043be16bd436dc335996cbbe6a27504f04692fb,"[""archive/Account2/runs/cru1-lay-m1e-4-a1e-3-s15-4920449.out""]","[""plateau20""]","[""/panels/granularity_cifar100_tuning/cells/2/runs/0/plateau20""]","[""OCC-4ba5db411c5123dc""]","[""granularity_cifar100_tuning""]"
MEAS-01c406820a23c5d8,RUN-4920469,legacy_plateau20,test,accuracy_percent,71.135,80,100,20,parsed raw epoch count; legacy terminal CSV window,100,True,4920469,16,d207a88235ffd29c11433f72ad4a9d575e545ceab7bad1ed59c69a1852bb6dea,"[""archive/Account2/runs/cru1-lay-m1e-4-a1e-3-s16-4920469.out""]","[""plateau20""]","[""/panels/granularity_cifar100_tuning/cells/2/runs/1/plateau20""]","[""OCC-4ba5db411c5123dc""]","[""granularity_cifar100_tuning""]"
MEAS-cdc78c437143a874,RUN-4920489,legacy_plateau20,test,accuracy_percent,70.76,80,100,20,parsed raw epoch count; legacy terminal CSV window,100,True,4920489,17,eb136832e8c32de439cf753df1104b966385e95217972282d705b3bec2549991,"[""archive/Account2/runs/cru1-lay-m1e-4-a1e-3-s17-4920489.out""]","[""plateau20""]","[""/panels/granularity_cifar100_tuning/cells/2/runs/2/plateau20""]","[""OCC-4ba5db411c5123dc""]","[""granularity_cifar100_tuning""]"
MEAS-6eb6bafd21ec31cf,RUN-4920457,legacy_plateau20,test,accuracy_percent,9.098,80,100,20,parsed raw epoch count; legacy terminal CSV window,100,True,4920457,15,5e368bd370b3ddbed5e2f8fab5f10df3b9f67101b0dac9ddd5cc3174e19ccb1b,"[""archive/Account2/runs/cru1-lay-m1e-4-a1e-6-s15-4920457.out""]","[""plateau20""]","[""/panels/granularity_cifar100_tuning/cells/3/runs/0/plateau20""]","[""OCC-43eb95cc67c537d9""]","[""granularity_cifar100_tuning""]"
MEAS-af7fa20976be29b2,RUN-4920477,legacy_plateau20,test,accuracy_percent,8.597,80,100,20,parsed raw epoch count; legacy terminal CSV window,100,True,4920477,16,b6b273171d4b439a2a0bb76ac7a5b0e5141950afe2d1741a70df1259705b1636,"[""archive/Account2/runs/cru1-lay-m1e-4-a1e-6-s16-4920477.out""]","[""plateau20""]","[""/panels/granularity_cifar100_tuning/cells/3/runs/1/plateau20""]","[""OCC-43eb95cc67c537d9""]","[""granularity_cifar100_tuning""]"
MEAS-c40a76acda1a39fa,RUN-4920497,legacy_plateau20,test,accuracy_percent,9.329,80,100,20,parsed raw epoch count; legacy terminal CSV window,100,True,4920497,17,eccced7aabc67d409a15286873ca84da74a5ea6d1672844885ed2438f753a1e0,"[""archive/Account2/runs/cru1-lay-m1e-4-a1e-6-s17-4920497.out""]","[""plateau20""]","[""/panels/granularity_cifar100_tuning/cells/3/runs/2/plateau20""]","[""OCC-43eb95cc67c537d9""]","[""granularity_cifar100_tuning""]"
MEAS-a2671c1b20b30eeb,RUN-4920445,legacy_plateau20,test,accuracy_percent,33.664,80,100,20,parsed raw epoch count; legacy terminal CSV window,100,True,4920445,15,297bbfcd51edf6d8865d8019dedf04373088da5f80e9f18b2c394376cfa1208c,"[""archive/Account2/runs/cru1-lay-m1e-5-a1e-3-s15-4920445.out""]","[""plateau20""]","[""/panels/granularity_cifar100_tuning/cells/4/runs/0/plateau20""]","[""OCC-a2ee1f184e601ec0""]","[""granularity_cifar100_tuning""]"
MEAS-b5fa1808d7f4b370,RUN-4920465,legacy_plateau20,test,accuracy_percent,34.355,80,100,20,parsed raw epoch count; legacy terminal CSV window,100,True,4920465,16,5a92be485434811f20c0f5f108df1182017ea706979939bec157c1adc589478c,"[""archive/Account2/runs/cru1-lay-m1e-5-a1e-3-s16-4920465.out""]","[""plateau20""]","[""/panels/granularity_cifar100_tuning/cells/4/runs/1/plateau20""]","[""OCC-a2ee1f184e601ec0""]","[""granularity_cifar100_tuning""]"
MEAS-49ded8631294d5b6,RUN-4920485,legacy_plateau20,test,accuracy_percent,33.587,80,100,20,parsed raw epoch count; legacy terminal CSV window,100,True,4920485,17,bcac9e2940511e40ab0190d4aaa5b7479c4180494b2df99d4afaf656a7c3a97d,"[""archive/Account2/runs/cru1-lay-m1e-5-a1e-3-s17-4920485.out""]","[""plateau20""]","[""/panels/granularity_cifar100_tuning/cells/4/runs/2/plateau20""]","[""OCC-a2ee1f184e601ec0""]","[""granularity_cifar100_tuning""]"
MEAS-55763f17dd071dd8,RUN-4920455,legacy_plateau20,test,accuracy_percent,69.473,80,100,20,parsed raw epoch count; legacy terminal CSV window,100,True,4920455,15,415aacfa8c7e9e1567ec85e095d84ec179643231a5c2290285ac924c66d83d02,"[""archive/Account2/runs/cru1-lay-m3e-3-a1e-3-s15-4920455.out""]","[""plateau20""]","[""/panels/granularity_cifar100_tuning/cells/5/runs/0/plateau20""]","[""OCC-24ca8bcc5e00431a""]","[""granularity_cifar100_tuning""]"
MEAS-b021798beb35f89c,RUN-4920475,legacy_plateau20,test,accuracy_percent,70.018,80,100,20,parsed raw epoch count; legacy terminal CSV window,100,True,4920475,16,f075c7a129672f8653d14cbaa8bb5a702040bf67457cacc7d3adbda0874a0d30,"[""archive/Account2/runs/cru1-lay-m3e-3-a1e-3-s16-4920475.out""]","[""plateau20""]","[""/panels/granularity_cifar100_tuning/cells/5/runs/1/plateau20""]","[""OCC-24ca8bcc5e00431a""]","[""granularity_cifar100_tuning""]"
MEAS-f386efe8a43ff5c9,RUN-4920495,legacy_plateau20,test,accuracy_percent,69.736,80,100,20,parsed raw epoch count; legacy terminal CSV window,100,True,4920495,17,c270314ffffac46c57a8769ad1531e94a6f9377a2960367a171b78a469afd50a,"[""archive/Account2/runs/cru1-lay-m3e-3-a1e-3-s17-4920495.out""]","[""plateau20""]","[""/panels/granularity_cifar100_tuning/cells/5/runs/2/plateau20""]","[""OCC-24ca8bcc5e00431a""]","[""granularity_cifar100_tuning""]"
MEAS-3565173777747754,RUN-4920463,legacy_plateau20,test,accuracy_percent,69.377,80,100,20,parsed raw epoch count; legacy terminal CSV window,100,True,4920463,15,22fa98990c6ccf6ba62d2bdcb14bc1817a7e62b5b5ec440c8d92d96468093b99,"[""archive/Account2/runs/cru1-lay-m3e-3-a1e-6-s15-4920463.out""]","[""plateau20""]","[""/panels/granularity_cifar100_tuning/cells/6/runs/0/plateau20""]","[""OCC-17d77b3a29d620b1""]","[""granularity_cifar100_tuning""]"
MEAS-ca6ed24fbf116156,RUN-4920483,legacy_plateau20,test,accuracy_percent,69.621,80,100,20,parsed raw epoch count; legacy terminal CSV window,100,True,4920483,16,413c90e4e74a24815b7b198f4f6af81d7ce8d31864daca08e45dcead8fb2c29c,"[""archive/Account2/runs/cru1-lay-m3e-3-a1e-6-s16-4920483.out""]","[""plateau20""]","[""/panels/granularity_cifar100_tuning/cells/6/runs/1/plateau20""]","[""OCC-17d77b3a29d620b1""]","[""granularity_cifar100_tuning""]"
MEAS-3fb0a2c15cf4770a,RUN-4920503,legacy_plateau20,test,accuracy_percent,69.516,80,100,20,parsed raw epoch count; legacy terminal CSV window,100,True,4920503,17,94d9e62dbe6cff773a18e03c21a83b013ed03ac075131d6f3000591d53d66069,"[""archive/Account2/runs/cru1-lay-m3e-3-a1e-6-s17-4920503.out""]","[""plateau20""]","[""/panels/granularity_cifar100_tuning/cells/6/runs/2/plateau20""]","[""OCC-17d77b3a29d620b1""]","[""granularity_cifar100_tuning""]"
MEAS-9856dfeeaa1bbc17,RUN-4920451,legacy_plateau20,test,accuracy_percent,69.605,80,100,20,parsed raw epoch count; legacy terminal CSV window,100,True,4920451,15,d4398a3a244e34ca919ac49a6dcb88e0751ea3b9b73216cc878f916e1ef9194b,"[""archive/Account2/runs/cru1-lay-m3e-4-a1e-3-s15-4920451.out""]","[""plateau20""]","[""/panels/granularity_cifar100_tuning/cells/7/runs/0/plateau20""]","[""OCC-785dc357977f2fd5""]","[""granularity_cifar100_tuning""]"
MEAS-8a309d48224049cb,RUN-4920471,legacy_plateau20,test,accuracy_percent,70.066,80,100,20,parsed raw epoch count; legacy terminal CSV window,100,True,4920471,16,e8b11fe8d9fc7878e1981d8864809d606f9869a41690ab145ba9871c7989016b,"[""archive/Account2/runs/cru1-lay-m3e-4-a1e-3-s16-4920471.out""]","[""plateau20""]","[""/panels/granularity_cifar100_tuning/cells/7/runs/1/plateau20""]","[""OCC-785dc357977f2fd5""]","[""granularity_cifar100_tuning""]"
MEAS-d5f10b591d865280,RUN-4920491,legacy_plateau20,test,accuracy_percent,70.419,80,100,20,parsed raw epoch count; legacy terminal CSV window,100,True,4920491,17,94bcc702e9c6d0f267b363d24d5d31824950317e80b29e983c193767fceecc99,"[""archive/Account2/runs/cru1-lay-m3e-4-a1e-3-s17-4920491.out""]","[""plateau20""]","[""/panels/granularity_cifar100_tuning/cells/7/runs/2/plateau20""]","[""OCC-785dc357977f2fd5""]","[""granularity_cifar100_tuning""]"
MEAS-8e2416cc5722e629,RUN-4920459,legacy_plateau20,test,accuracy_percent,67.173,80,100,20,parsed raw epoch count; legacy terminal CSV window,100,True,4920459,15,6d0d99285b78660a03dcaa1e4c94b45b8cb127e6148d6c5eceffbfcf863a79b2,"[""archive/Account2/runs/cru1-lay-m3e-4-a1e-6-s15-4920459.out""]","[""plateau20""]","[""/panels/granularity_cifar100_tuning/cells/8/runs/0/plateau20""]","[""OCC-e5227826bf8b1a3a""]","[""granularity_cifar100_tuning""]"
MEAS-14c354af63347b30,RUN-4920479,legacy_plateau20,test,accuracy_percent,67.785,80,100,20,parsed raw epoch count; legacy terminal CSV window,100,True,4920479,16,fd4f879fa2cadc404b8839188df86fffc68f236f096c925568306a98a1658731,"[""archive/Account2/runs/cru1-lay-m3e-4-a1e-6-s16-4920479.out""]","[""plateau20""]","[""/panels/granularity_cifar100_tuning/cells/8/runs/1/plateau20""]","[""OCC-e5227826bf8b1a3a""]","[""granularity_cifar100_tuning""]"
MEAS-c812a64a52e97920,RUN-4920499,legacy_plateau20,test,accuracy_percent,67.595,80,100,20,parsed raw epoch count; legacy terminal CSV window,100,True,4920499,17,c15380d0fb7f5103d134b9ee17419101b3f45028d2225c7fa5ff34cb19deb0d4,"[""archive/Account2/runs/cru1-lay-m3e-4-a1e-6-s17-4920499.out""]","[""plateau20""]","[""/panels/granularity_cifar100_tuning/cells/8/runs/2/plateau20""]","[""OCC-e5227826bf8b1a3a""]","[""granularity_cifar100_tuning""]"
MEAS-3aa0d7eda0cdca1d,RUN-4920447,legacy_plateau20,test,accuracy_percent,54.215,80,100,20,parsed raw epoch count; legacy terminal CSV window,100,True,4920447,15,26c7bc52cbe86eadd9a75f8881fb88971eaf56342bd11159b501a0f3f06351d9,"[""archive/Account2/runs/cru1-lay-m3e-5-a1e-3-s15-4920447.out""]","[""plateau20""]","[""/panels/granularity_cifar100_tuning/cells/9/runs/0/plateau20""]","[""OCC-529903560fc54c3a""]","[""granularity_cifar100_tuning""]"
MEAS-e0cdb3e8a434c125,RUN-4920467,legacy_plateau20,test,accuracy_percent,54.338,80,100,20,parsed raw epoch count; legacy terminal CSV window,100,True,4920467,16,a11933b76b1db4573989c19c0378d3330d81011231fb46c6a149aeff517ab07f,"[""archive/Account2/runs/cru1-lay-m3e-5-a1e-3-s16-4920467.out""]","[""plateau20""]","[""/panels/granularity_cifar100_tuning/cells/9/runs/1/plateau20""]","[""OCC-529903560fc54c3a""]","[""granularity_cifar100_tuning""]"
MEAS-9e4ba0d4faf0ac8b,RUN-4920487,legacy_plateau20,test,accuracy_percent,53.884,80,100,20,parsed raw epoch count; legacy terminal CSV window,100,True,4920487,17,047e848d766c62dab5498622fae65c1f67a17686e4d179ab69a074a591c757ff,"[""archive/Account2/runs/cru1-lay-m3e-5-a1e-3-s17-4920487.out""]","[""plateau20""]","[""/panels/granularity_cifar100_tuning/cells/9/runs/2/plateau20""]","[""OCC-529903560fc54c3a""]","[""granularity_cifar100_tuning""]"
MEAS-5a548ed18ddad193,RUN-4920452,legacy_plateau20,test,accuracy_percent,23.14,80,100,20,parsed raw epoch count; legacy terminal CSV window,100,True,4920452,15,9a3afdbd550e76a2bfed2e3c8b140e93594cd58c44b42b2b306780ce2ce199d1,"[""archive/Account2/runs/cru1-sc-m1e-3-a1e-3-s15-4920452.out""]","[""plateau20""]","[""/panels/granularity_cifar100_tuning/cells/10/runs/0/plateau20""]","[""OCC-411124aff5e802f9""]","[""granularity_cifar100_tuning""]"
MEAS-754a953c9a8018f2,RUN-4920472,legacy_plateau20,test,accuracy_percent,22.039,80,100,20,parsed raw epoch count; legacy terminal CSV window,100,True,4920472,16,5ac4fc9959b32cf80e5f852b093462faa47d6d08a75df5e22c0679f569ed001b,"[""archive/Account2/runs/cru1-sc-m1e-3-a1e-3-s16-4920472.out""]","[""plateau20""]","[""/panels/granularity_cifar100_tuning/cells/10/runs/1/plateau20""]","[""OCC-411124aff5e802f9""]","[""granularity_cifar100_tuning""]"
MEAS-0ebf59f5b066bab5,RUN-4920492,legacy_plateau20,test,accuracy_percent,22.037,80,100,20,parsed raw epoch count; legacy terminal CSV window,100,True,4920492,17,d22146568ba52deb35f7a800abe0a9881308b6e6cbb4951bcacebb59e2a05391,"[""archive/Account2/runs/cru1-sc-m1e-3-a1e-3-s17-4920492.out""]","[""plateau20""]","[""/panels/granularity_cifar100_tuning/cells/10/runs/2/plateau20""]","[""OCC-411124aff5e802f9""]","[""granularity_cifar100_tuning""]"
MEAS-2269baaedb448601,RUN-4920460,legacy_plateau20,test,accuracy_percent,23.715,80,100,20,parsed raw epoch count; legacy terminal CSV window,100,True,4920460,15,983b971d8e1f10631a722d5ae1fc17b134915b2c3f8ee4bb8ba45d2dee6f7821,"[""archive/Account2/runs/cru1-sc-m1e-3-a1e-6-s15-4920460.out""]","[""plateau20""]","[""/panels/granularity_cifar100_tuning/cells/11/runs/0/plateau20""]","[""OCC-da2b76c4b66cedbe""]","[""granularity_cifar100_tuning""]"
MEAS-67ab35ba440e97f7,RUN-4920480,legacy_plateau20,test,accuracy_percent,22.567,80,100,20,parsed raw epoch count; legacy terminal CSV window,100,True,4920480,16,ddd7e61291a1a7ab8993146a3da6e838514f390f85d61914eb32fb8f0dc377f2,"[""archive/Account2/runs/cru1-sc-m1e-3-a1e-6-s16-4920480.out""]","[""plateau20""]","[""/panels/granularity_cifar100_tuning/cells/11/runs/1/plateau20""]","[""OCC-da2b76c4b66cedbe""]","[""granularity_cifar100_tuning""]"
MEAS-e1d750deb3405e88,RUN-4920500,legacy_plateau20,test,accuracy_percent,22.746,80,100,20,parsed raw epoch count; legacy terminal CSV window,100,True,4920500,17,06badad95201ff6380fd26b4f57d7639289db44a1a18f358f669ef7fb1bab173,"[""archive/Account2/runs/cru1-sc-m1e-3-a1e-6-s17-4920500.out""]","[""plateau20""]","[""/panels/granularity_cifar100_tuning/cells/11/runs/2/plateau20""]","[""OCC-da2b76c4b66cedbe""]","[""granularity_cifar100_tuning""]"
MEAS-e06fd3b97cd4ce6a,RUN-4920448,legacy_plateau20,test,accuracy_percent,35.745,80,100,20,parsed raw epoch count; legacy terminal CSV window,100,True,4920448,15,171540fc15a53141cf8c6017785448b754b4d0f0371d02b780f649ac3877282c,"[""archive/Account2/runs/cru1-sc-m1e-4-a1e-3-s15-4920448.out""]","[""plateau20""]","[""/panels/granularity_cifar100_tuning/cells/12/runs/0/plateau20""]","[""OCC-cc52eae48ecbd702""]","[""granularity_cifar100_tuning""]"
MEAS-478a7f1050adfc0c,RUN-4920468,legacy_plateau20,test,accuracy_percent,35.473,80,100,20,parsed raw epoch count; legacy terminal CSV window,100,True,4920468,16,01650ef93307d80d90ea8b93edf7a55e2d67c095e8502e76cd96af8c5f50c9ff,"[""archive/Account2/runs/cru1-sc-m1e-4-a1e-3-s16-4920468.out""]","[""plateau20""]","[""/panels/granularity_cifar100_tuning/cells/12/runs/1/plateau20""]","[""OCC-cc52eae48ecbd702""]","[""granularity_cifar100_tuning""]"
MEAS-588df39f639751d3,RUN-4920488,legacy_plateau20,test,accuracy_percent,35.678,80,100,20,parsed raw epoch count; legacy terminal CSV window,100,True,4920488,17,294a69b32857c6de8ad665ad822e180e251ed5fcb3823bb727f38ea7bd6cfded,"[""archive/Account2/runs/cru1-sc-m1e-4-a1e-3-s17-4920488.out""]","[""plateau20""]","[""/panels/granularity_cifar100_tuning/cells/12/runs/2/plateau20""]","[""OCC-cc52eae48ecbd702""]","[""granularity_cifar100_tuning""]"
MEAS-daccb7d941a1b7b5,RUN-4920456,legacy_plateau20,test,accuracy_percent,8.865,80,100,20,parsed raw epoch count; legacy terminal CSV window,100,True,4920456,15,3f678e0bc31c864ba44039d4f7966cdea78e44a411dc9339a6060a1e840d2ff8,"[""archive/Account2/runs/cru1-sc-m1e-4-a1e-6-s15-4920456.out""]","[""plateau20""]","[""/panels/granularity_cifar100_tuning/cells/13/runs/0/plateau20""]","[""OCC-83f740971c750b1d""]","[""granularity_cifar100_tuning""]"
MEAS-022bff7f698b15fe,RUN-4920476,legacy_plateau20,test,accuracy_percent,8.403,80,100,20,parsed raw epoch count; legacy terminal CSV window,100,True,4920476,16,c38804c18c4e8fdf3292f0fcf0505eb363c10c7315b17bf53154ecbae4ab8173,"[""archive/Account2/runs/cru1-sc-m1e-4-a1e-6-s16-4920476.out""]","[""plateau20""]","[""/panels/granularity_cifar100_tuning/cells/13/runs/1/plateau20""]","[""OCC-83f740971c750b1d""]","[""granularity_cifar100_tuning""]"
MEAS-36084fdcb8820cc2,RUN-4920496,legacy_plateau20,test,accuracy_percent,9.139,80,100,20,parsed raw epoch count; legacy terminal CSV window,100,True,4920496,17,6272a2dc0b780ef25f83fa1eb649a2162655a42e5dadfce2bf42c9c6dae79cb6,"[""archive/Account2/runs/cru1-sc-m1e-4-a1e-6-s17-4920496.out""]","[""plateau20""]","[""/panels/granularity_cifar100_tuning/cells/13/runs/2/plateau20""]","[""OCC-83f740971c750b1d""]","[""granularity_cifar100_tuning""]"
MEAS-3224fb8101dbc0d0,RUN-4920444,legacy_plateau20,test,accuracy_percent,25.992,80,100,20,parsed raw epoch count; legacy terminal CSV window,100,True,4920444,15,74db6aff1abc2768eb177d7fbf0a0eb87725878e81d8630b50edc1e093c352be,"[""archive/Account2/runs/cru1-sc-m1e-5-a1e-3-s15-4920444.out""]","[""plateau20""]","[""/panels/granularity_cifar100_tuning/cells/14/runs/0/plateau20""]","[""OCC-a2fc555122bee46f""]","[""granularity_cifar100_tuning""]"
MEAS-0cf96c3aa659083c,RUN-4920464,legacy_plateau20,test,accuracy_percent,25.59,80,100,20,parsed raw epoch count; legacy terminal CSV window,100,True,4920464,16,695f5542a8e1aecf0a0118560fa3cf36890259b77d48c2d834aee986d1bd1232,"[""archive/Account2/runs/cru1-sc-m1e-5-a1e-3-s16-4920464.out""]","[""plateau20""]","[""/panels/granularity_cifar100_tuning/cells/14/runs/1/plateau20""]","[""OCC-a2fc555122bee46f""]","[""granularity_cifar100_tuning""]"
MEAS-112f5519a8ef307f,RUN-4920484,legacy_plateau20,test,accuracy_percent,26.308,80,100,20,parsed raw epoch count; legacy terminal CSV window,100,True,4920484,17,c179d11fc254ca5b0808cc0e15073bbc987a5627ea1240054193c5a2b780ea5b,"[""archive/Account2/runs/cru1-sc-m1e-5-a1e-3-s17-4920484.out""]","[""plateau20""]","[""/panels/granularity_cifar100_tuning/cells/14/runs/2/plateau20""]","[""OCC-a2fc555122bee46f""]","[""granularity_cifar100_tuning""]"
MEAS-f964b943f755149e,RUN-4920454,legacy_plateau20,test,accuracy_percent,16.62,80,100,20,parsed raw epoch count; legacy terminal CSV window,100,True,4920454,15,67fd4f753d2473335cea77dc6e2b38a64ad33404e28bac1accd9dc1a2dfe8fcc,"[""archive/Account2/runs/cru1-sc-m3e-3-a1e-3-s15-4920454.out""]","[""plateau20""]","[""/panels/granularity_cifar100_tuning/cells/15/runs/0/plateau20""]","[""OCC-eb365f95c3506ac6""]","[""granularity_cifar100_tuning""]"
MEAS-7c2aa323b329c3c9,RUN-4920474,legacy_plateau20,test,accuracy_percent,16.386,80,100,20,parsed raw epoch count; legacy terminal CSV window,100,True,4920474,16,d564c196e4c1a1913c0d615b20842b3f7d3bffb56cc3d186dfdcf6a95e0b3b09,"[""archive/Account2/runs/cru1-sc-m3e-3-a1e-3-s16-4920474.out""]","[""plateau20""]","[""/panels/granularity_cifar100_tuning/cells/15/runs/1/plateau20""]","[""OCC-eb365f95c3506ac6""]","[""granularity_cifar100_tuning""]"
MEAS-a343e8918cbdd2f1,RUN-4920494,legacy_plateau20,test,accuracy_percent,16.155,80,100,20,parsed raw epoch count; legacy terminal CSV window,100,True,4920494,17,188616295c35d8387af7ca73a89d5303837131f8d90e6be1d01e5b13408b4e29,"[""archive/Account2/runs/cru1-sc-m3e-3-a1e-3-s17-4920494.out""]","[""plateau20""]","[""/panels/granularity_cifar100_tuning/cells/15/runs/2/plateau20""]","[""OCC-eb365f95c3506ac6""]","[""granularity_cifar100_tuning""]"
MEAS-4864587973a14e90,RUN-4920462,legacy_plateau20,test,accuracy_percent,17.122,80,100,20,parsed raw epoch count; legacy terminal CSV window,100,True,4920462,15,879760f1df2c6b88a2155aceed1f081fb0494afdc774914171ad27e6d6aaa0a7,"[""archive/Account2/runs/cru1-sc-m3e-3-a1e-6-s15-4920462.out""]","[""plateau20""]","[""/panels/granularity_cifar100_tuning/cells/16/runs/0/plateau20""]","[""OCC-5dab2fa165cb314f""]","[""granularity_cifar100_tuning""]"
MEAS-523e05af6a57b2a0,RUN-4920482,legacy_plateau20,test,accuracy_percent,16.89,80,100,20,parsed raw epoch count; legacy terminal CSV window,100,True,4920482,16,0e58b6dd9561d95674f1d7d6c4276976a417b24b26123fe1b4b184ec8e308e0b,"[""archive/Account2/runs/cru1-sc-m3e-3-a1e-6-s16-4920482.out""]","[""plateau20""]","[""/panels/granularity_cifar100_tuning/cells/16/runs/1/plateau20""]","[""OCC-5dab2fa165cb314f""]","[""granularity_cifar100_tuning""]"
MEAS-cffb8737687b3ced,RUN-4920502,legacy_plateau20,test,accuracy_percent,16.438,80,100,20,parsed raw epoch count; legacy terminal CSV window,100,True,4920502,17,82a9bf04b4c2820d861ab0822c572689ab38cba7bbdaa71ca42b8f0248e5de47,"[""archive/Account2/runs/cru1-sc-m3e-3-a1e-6-s17-4920502.out""]","[""plateau20""]","[""/panels/granularity_cifar100_tuning/cells/16/runs/2/plateau20""]","[""OCC-5dab2fa165cb314f""]","[""granularity_cifar100_tuning""]"
MEAS-ea53e029de6a7ee4,RUN-4920450,legacy_plateau20,test,accuracy_percent,29.936,80,100,20,parsed raw epoch count; legacy terminal CSV window,100,True,4920450,15,da39f5968db0e6ec506a250bcbcbb51957fe6c28a64dd0d20782dc57ee634533,"[""archive/Account2/runs/cru1-sc-m3e-4-a1e-3-s15-4920450.out""]","[""plateau20""]","[""/panels/granularity_cifar100_tuning/cells/17/runs/0/plateau20""]","[""OCC-9f162139d065c91d""]","[""granularity_cifar100_tuning""]"
MEAS-f45b74bb4feb2616,RUN-4920470,legacy_plateau20,test,accuracy_percent,29.826,80,100,20,parsed raw epoch count; legacy terminal CSV window,100,True,4920470,16,0aa2ab8f0a028d1c9c7a51d5a4f23122dea0e02f039e56d58a9bd615335543af,"[""archive/Account2/runs/cru1-sc-m3e-4-a1e-3-s16-4920470.out""]","[""plateau20""]","[""/panels/granularity_cifar100_tuning/cells/17/runs/1/plateau20""]","[""OCC-9f162139d065c91d""]","[""granularity_cifar100_tuning""]"
MEAS-2a6aa2c6b69e6f6b,RUN-4920490,legacy_plateau20,test,accuracy_percent,29.48,80,100,20,parsed raw epoch count; legacy terminal CSV window,100,True,4920490,17,d9b0d676a3374e3316a0d475dcd64be38f51164536d95ad3f48686ae41b83d69,"[""archive/Account2/runs/cru1-sc-m3e-4-a1e-3-s17-4920490.out""]","[""plateau20""]","[""/panels/granularity_cifar100_tuning/cells/17/runs/2/plateau20""]","[""OCC-9f162139d065c91d""]","[""granularity_cifar100_tuning""]"
MEAS-e05729f5948d903c,RUN-4920458,legacy_plateau20,test,accuracy_percent,28.521,80,100,20,parsed raw epoch count; legacy terminal CSV window,100,True,4920458,15,8f53ff4862d0fe38bac22dcdc5c84a350bd435d78108dd381f2bef17c93dfd9c,"[""archive/Account2/runs/cru1-sc-m3e-4-a1e-6-s15-4920458.out""]","[""plateau20""]","[""/panels/granularity_cifar100_tuning/cells/18/runs/0/plateau20""]","[""OCC-a02f34f97223b245""]","[""granularity_cifar100_tuning""]"
MEAS-b89e05f928f3cb38,RUN-4920478,legacy_plateau20,test,accuracy_percent,29.033,80,100,20,parsed raw epoch count; legacy terminal CSV window,100,True,4920478,16,d5925dc0bebb6d4e0a84cb8ee37d1e560fd76ef695f0b4905176e8520867f90f,"[""archive/Account2/runs/cru1-sc-m3e-4-a1e-6-s16-4920478.out""]","[""plateau20""]","[""/panels/granularity_cifar100_tuning/cells/18/runs/1/plateau20""]","[""OCC-a02f34f97223b245""]","[""granularity_cifar100_tuning""]"
MEAS-ce008bf79369272c,RUN-4920498,legacy_plateau20,test,accuracy_percent,28.149,80,100,20,parsed raw epoch count; legacy terminal CSV window,100,True,4920498,17,24a9cb7089f32097dfd227ee83d43761e8cf05a3fa28e1afe6225c696aad945f,"[""archive/Account2/runs/cru1-sc-m3e-4-a1e-6-s17-4920498.out""]","[""plateau20""]","[""/panels/granularity_cifar100_tuning/cells/18/runs/2/plateau20""]","[""OCC-a02f34f97223b245""]","[""granularity_cifar100_tuning""]"
MEAS-5230196377a2d4cf,RUN-4920446,legacy_plateau20,test,accuracy_percent,29.409,80,100,20,parsed raw epoch count; legacy terminal CSV window,100,True,4920446,15,e1558e9cd2af6936a821a691147de4ebc3be3d646e105f93fb6d51654b61eee1,"[""archive/Account2/runs/cru1-sc-m3e-5-a1e-3-s15-4920446.out""]","[""plateau20""]","[""/panels/granularity_cifar100_tuning/cells/19/runs/0/plateau20""]","[""OCC-5377f3237b3e7a32""]","[""granularity_cifar100_tuning""]"
MEAS-73f9f41ed4f0cb44,RUN-4920466,legacy_plateau20,test,accuracy_percent,29.867,80,100,20,parsed raw epoch count; legacy terminal CSV window,100,True,4920466,16,00bd15a0ef912aec7e89afa24d72bb2a115e79b4972335c2f15184090f8e3dd5,"[""archive/Account2/runs/cru1-sc-m3e-5-a1e-3-s16-4920466.out""]","[""plateau20""]","[""/panels/granularity_cifar100_tuning/cells/19/runs/1/plateau20""]","[""OCC-5377f3237b3e7a32""]","[""granularity_cifar100_tuning""]"
MEAS-1e405632fcb058af,RUN-4920486,legacy_plateau20,test,accuracy_percent,28.887,80,100,20,parsed raw epoch count; legacy terminal CSV window,100,True,4920486,17,c14a9ffdb33fc76de422ed2e85810839aa13472f871fda81d908055f0fc4d28a,"[""archive/Account2/runs/cru1-sc-m3e-5-a1e-3-s17-4920486.out""]","[""plateau20""]","[""/panels/granularity_cifar100_tuning/cells/19/runs/2/plateau20""]","[""OCC-5377f3237b3e7a32""]","[""granularity_cifar100_tuning""]"
MEAS-cc552385b6083226,RUN-4887067,legacy_plateau20,test,accuracy_percent,90.906,80,100,20,parsed raw epoch count; legacy terminal CSV window,100,True,4887067,0,ce47027ed97f2f7226bb3c412981afd94d506583661dd9c49b61f26516beec75,"[""archive/Account2/runs/tn1-c10lay-s0-4887067.out""]","[""plateau20""]","[""/panels/granularity_dataset_network_extensions/tinyimagenet/0/runs/0/plateau20""]","[""OCC-d37036b21d81755a""]","[""granularity_dataset_network_extensions""]"
MEAS-84b0f812d8650499,RUN-4887071,legacy_plateau20,test,accuracy_percent,90.77,80,100,20,parsed raw epoch count; legacy terminal CSV window,100,True,4887071,1,b52f7688d63d5b12ddc16e9d9818d34935dffc2d744d84acf8ef5fd7dc4a2eeb,"[""archive/Account2/runs/tn1-c10lay-s1-4887071.out""]","[""plateau20""]","[""/panels/granularity_dataset_network_extensions/tinyimagenet/0/runs/1/plateau20""]","[""OCC-d37036b21d81755a""]","[""granularity_dataset_network_extensions""]"
MEAS-ede7951afb411620,RUN-4887075,legacy_plateau20,test,accuracy_percent,90.879,80,100,20,parsed raw epoch count; legacy terminal CSV window,100,True,4887075,2,4735cecd867fdc86f058f1a7636bc9a7e4d942b9dadea0e7abcbef30b951d1d6,"[""archive/Account2/runs/tn1-c10lay-s2-4887075.out""]","[""plateau20""]","[""/panels/granularity_dataset_network_extensions/tinyimagenet/0/runs/2/plateau20""]","[""OCC-d37036b21d81755a""]","[""granularity_dataset_network_extensions""]"
MEAS-dfc207147ce5e548,RUN-4887065,legacy_plateau20,test,accuracy_percent,50.826,80,100,20,parsed raw epoch count; legacy terminal CSV window,100,True,4887065,0,387b991da45ba98f353b85301e91c199aa50020461ecbc872e720de9c8bfcc70,"[""archive/Account2/runs/tn1-lay-s0-4887065.out""]","[""plateau20""]","[""/panels/granularity_dataset_network_extensions/tinyimagenet/1/runs/0/plateau20""]","[""OCC-91fdc95b3aa6c060""]","[""granularity_dataset_network_extensions""]"
MEAS-8b5a3f4f233a00a8,RUN-4887069,legacy_plateau20,test,accuracy_percent,50.748,80,100,20,parsed raw epoch count; legacy terminal CSV window,100,True,4887069,1,53f0bb86571e61a18dc1021584d06d5d2103178578a32ffa76692513f695c5c7,"[""archive/Account2/runs/tn1-lay-s1-4887069.out""]","[""plateau20""]","[""/panels/granularity_dataset_network_extensions/tinyimagenet/1/runs/1/plateau20""]","[""OCC-91fdc95b3aa6c060""]","[""granularity_dataset_network_extensions""]"
MEAS-1b35f21359aa68db,RUN-4887073,legacy_plateau20,test,accuracy_percent,51.227,80,100,20,parsed raw epoch count; legacy terminal CSV window,100,True,4887073,2,b4b01bc85c6bfc41f851566bfb3e4b976e535467d6b8bdb3fe258e527feb9b64,"[""archive/Account2/runs/tn1-lay-s2-4887073.out""]","[""plateau20""]","[""/panels/granularity_dataset_network_extensions/tinyimagenet/1/runs/2/plateau20""]","[""OCC-91fdc95b3aa6c060""]","[""granularity_dataset_network_extensions""]"
MEAS-d8af9035934090a2,RUN-4887066,legacy_plateau20,test,accuracy_percent,52.97,80,100,20,parsed raw epoch count; legacy terminal CSV window,100,True,4887066,0,7e6f074cb9c9fc1a0286eab2de64d4b6976625fa45d4dae885986ce8f5eef5cd,"[""archive/Account2/runs/tn1-node-s0-4887066.out""]","[""plateau20""]","[""/panels/granularity_dataset_network_extensions/tinyimagenet/2/runs/0/plateau20""]","[""OCC-ccb6a5598c6e2dda""]","[""granularity_dataset_network_extensions""]"
MEAS-63809e5e82cca099,RUN-4887070,legacy_plateau20,test,accuracy_percent,53.26,80,100,20,parsed raw epoch count; legacy terminal CSV window,100,True,4887070,1,3e237f80624c938252a1a13c663512861103c49b5dda5a938a2c8953cc5d489d,"[""archive/Account2/runs/tn1-node-s1-4887070.out""]","[""plateau20""]","[""/panels/granularity_dataset_network_extensions/tinyimagenet/2/runs/1/plateau20""]","[""OCC-ccb6a5598c6e2dda""]","[""granularity_dataset_network_extensions""]"
MEAS-3fef3041e5e8c299,RUN-4887074,legacy_plateau20,test,accuracy_percent,53.102,80,100,20,parsed raw epoch count; legacy terminal CSV window,100,True,4887074,2,ff92f8f581b75092659f5e5fe90582f5b27b2c94a1fbf368aa7060281664899c,"[""archive/Account2/runs/tn1-node-s2-4887074.out""]","[""plateau20""]","[""/panels/granularity_dataset_network_extensions/tinyimagenet/2/runs/2/plateau20""]","[""OCC-ccb6a5598c6e2dda""]","[""granularity_dataset_network_extensions""]"
MEAS-0a53b427d7c326b5,RUN-4887064,legacy_plateau20,test,accuracy_percent,9.884,80,100,20,parsed raw epoch count; legacy terminal CSV window,100,True,4887064,0,cedcac635ed9dc7bd285ac2e0cbba83b0d68d4b4e9e306e9ab3729ea8579616e,"[""archive/Account2/runs/tn1-scal-s0-4887064.out""]","[""plateau20""]","[""/panels/granularity_dataset_network_extensions/tinyimagenet/3/runs/0/plateau20""]","[""OCC-3a1acf2f15837f64""]","[""granularity_dataset_network_extensions""]"
MEAS-ad3e6d6425034c93,RUN-4887068,legacy_plateau20,test,accuracy_percent,9.864,80,100,20,parsed raw epoch count; legacy terminal CSV window,100,True,4887068,1,a03a0f5f0933550ba4b2b810732afe47636ad01b997894f592b791435fd8ebae,"[""archive/Account2/runs/tn1-scal-s1-4887068.out""]","[""plateau20""]","[""/panels/granularity_dataset_network_extensions/tinyimagenet/3/runs/1/plateau20""]","[""OCC-3a1acf2f15837f64""]","[""granularity_dataset_network_extensions""]"
MEAS-34fe2f34b1df5026,RUN-4887072,legacy_plateau20,test,accuracy_percent,9.801,80,100,20,parsed raw epoch count; legacy terminal CSV window,100,True,4887072,2,55f3bdd27f1e1df7f42f3d7b95e6e4974ff225bc6baa661b10c7c50bdafe5b55,"[""archive/Account2/runs/tn1-scal-s2-4887072.out""]","[""plateau20""]","[""/panels/granularity_dataset_network_extensions/tinyimagenet/3/runs/2/plateau20""]","[""OCC-3a1acf2f15837f64""]","[""granularity_dataset_network_extensions""]"
MEAS-ba83f62e2f654619,RUN-4929673,legacy_plateau20,test,accuracy_percent,35.721,80,100,20,parsed raw epoch count; legacy terminal CSV window,100,True,4929673,31,a63c4cd9b6562752c959cb44f2f08927bd3c3208b50c794381d104984ab6b1ae,"[""archive/Account2/runs/cvg1-k01-s31-4929673.out""]","[""plateau20""]","[""/panels/granularity_dataset_network_extensions/vgg_gap/0/runs/0/plateau20""]","[""OCC-987792a4fb758e42""]","[""granularity_dataset_network_extensions""]"
MEAS-74bb2f6612bb51f2,RUN-4929675,legacy_plateau20,test,accuracy_percent,34.913,80,100,20,parsed raw epoch count; legacy terminal CSV window,100,True,4929675,32,ad680f6c6ee4169b03781e689e3e9f48364ac6be0f47bd8b8b0503e2c52edcdf,"[""archive/Account2/runs/cvg1-k01-s32-4929675.out""]","[""plateau20""]","[""/panels/granularity_dataset_network_extensions/vgg_gap/0/runs/1/plateau20""]","[""OCC-987792a4fb758e42""]","[""granularity_dataset_network_extensions""]"
MEAS-1830be234c035876,RUN-4929677,legacy_plateau20,test,accuracy_percent,34.502,80,100,20,parsed raw epoch count; legacy terminal CSV window,100,True,4929677,33,d7fd0849428abcaed42133d32ef62a3b94b1dc255ed9ab99996869ea1f7084ba,"[""archive/Account2/runs/cvg1-k01-s33-4929677.out""]","[""plateau20""]","[""/panels/granularity_dataset_network_extensions/vgg_gap/0/runs/2/plateau20""]","[""OCC-987792a4fb758e42""]","[""granularity_dataset_network_extensions""]"
MEAS-467487fbe19a76ff,RUN-4929674,legacy_plateau20,test,accuracy_percent,66.275,80,100,20,parsed raw epoch count; legacy terminal CSV window,100,True,4929674,31,71258453325238f6da0bcbbd7d673839afec38a90bbddc6da1afdd868b545a44,"[""archive/Account2/runs/cvg1-kL-s31-4929674.out""]","[""plateau20""]","[""/panels/granularity_dataset_network_extensions/vgg_gap/1/runs/0/plateau20""]","[""OCC-866190c88dd29a6c""]","[""granularity_dataset_network_extensions""]"
MEAS-14bdcd48380e74bf,RUN-4929676,legacy_plateau20,test,accuracy_percent,66.266,80,100,20,parsed raw epoch count; legacy terminal CSV window,100,True,4929676,32,4191bd74699b0fffa054e6bd5744ad497751f7c69d165b8c15623dfd44b65ab0,"[""archive/Account2/runs/cvg1-kL-s32-4929676.out""]","[""plateau20""]","[""/panels/granularity_dataset_network_extensions/vgg_gap/1/runs/1/plateau20""]","[""OCC-866190c88dd29a6c""]","[""granularity_dataset_network_extensions""]"
MEAS-ab80ac5e45f9cc73,RUN-4929678,legacy_plateau20,test,accuracy_percent,66.013,80,100,20,parsed raw epoch count; legacy terminal CSV window,100,True,4929678,33,b162279c1bb885ee76ebc91cb3fa04999b23498792dc4f9b51759a46f5a41525,"[""archive/Account2/runs/cvg1-kL-s33-4929678.out""]","[""plateau20""]","[""/panels/granularity_dataset_network_extensions/vgg_gap/1/runs/2/plateau20""]","[""OCC-866190c88dd29a6c""]","[""granularity_dataset_network_extensions""]"
MEAS-60e053ac15e07a71,RUN-4680939,legacy_plateau20,test,accuracy_percent,91.225,80,100,20,parsed raw epoch count; legacy terminal CSV window,100,True,4680939,0,4cf5de05618fff7ab86f346fe53f8c8e5e3465421cff8f5900c7efa1a183fbd6,"[""archive/Account1/runs/a0L-lplain-1e3-s0-4680939.out""]","[""csv_plateau20""]","[""/panels/full_granularity_ladder/cells/0/runs/0/csv_plateau20"",""/panels/initialization_startup/matched_100/0/runs/0/csv_plateau20""]","[""OCC-1dd6002a2b514d23"",""OCC-ddfb7a5f57ea6568""]","[""full_granularity_ladder"",""initialization_startup""]"
MEAS-b55e2fba2f19430d,RUN-4680810,legacy_plateau20,test,accuracy_percent,91.292,80,100,20,parsed raw epoch count; legacy terminal CSV window,100,True,4680810,0,0e205494d455597e4befd3d21538595987d451676a45dbd563046136029a1db3,"[""archive/Account1/runs/a0h-lplain-1e3-s0-4680810.out""]","[""csv_plateau20""]","[""/panels/full_granularity_ladder/cells/0/runs/1/csv_plateau20""]","[""OCC-ddfb7a5f57ea6568""]","[""full_granularity_ladder""]"
MEAS-6f12852ae7c9a366,RUN-4912746,legacy_plateau20,test,accuracy_percent,91.31,80,100,20,parsed raw epoch count; legacy terminal CSV window,100,True,4912746,0,439f9b1874559d63e1c06bcd03bc0a050d25f1b34f996aa7ab0b5c69550db3dc,"[""archive/Account2/runs/cfr1-lay-C-s0-4912746.out""]","[""csv_plateau20""]","[""/panels/full_granularity_ladder/cells/0/runs/2/csv_plateau20""]","[""OCC-ddfb7a5f57ea6568""]","[""full_granularity_ladder""]"
MEAS-095eaad28c51e287,RUN-4687175,legacy_plateau20,test,accuracy_percent,91.261,80,100,20,parsed raw epoch count; legacy terminal CSV window,100,True,4687175,0,9192142c64e34b568185d0c5ea65d48892c0a10879d1504dea587376119f90c6,"[""archive/Account2/runs/ms-layA-1e3-s0-4687175.out""]","[""csv_plateau20""]","[""/panels/full_granularity_ladder/cells/0/runs/3/csv_plateau20""]","[""OCC-ddfb7a5f57ea6568""]","[""full_granularity_ladder""]"
MEAS-71b3977b355d2f0b,RUN-4682944,legacy_plateau20,test,accuracy_percent,91.159,80,100,20,parsed raw epoch count; legacy terminal CSV window,100,True,4682944,0,35b9202da4767343ba5bbb83be338008e457381586481619ae577e834aad9d09,"[""archive/Account2/runs/mx-a1e3-layer-s0-4682944.out""]","[""csv_plateau20""]","[""/panels/full_granularity_ladder/cells/0/runs/4/csv_plateau20""]","[""OCC-ddfb7a5f57ea6568""]","[""full_granularity_ladder""]"
MEAS-e25d2aa841b1c0f9,RUN-4886444,legacy_plateau20,test,accuracy_percent,91.111,80,100,20,parsed raw epoch count; legacy terminal CSV window,100,True,4886444,0,53c6119f8307b25b9734c1e948814cb691caf41484cd3a923547ab6b9d7c8ee3,"[""archive/Account2/runs/tl1-a3-plain-s0-4886444.out""]","[""csv_plateau20"",""plateau20""]","[""/panels/full_granularity_ladder/cells/0/runs/5/csv_plateau20"",""/panels/original_proposal_and_joint_tuning/twolevel/cells/0/runs/0/plateau20""]","[""OCC-0b5e60162402f755"",""OCC-ddfb7a5f57ea6568""]","[""full_granularity_ladder"",""original_proposal_and_joint_tuning""]"
MEAS-e371c5d8e87ae719,RUN-4680951,legacy_plateau20,test,accuracy_percent,91.223,80,100,20,parsed raw epoch count; legacy terminal CSV window,100,True,4680951,1,273f2d476a914e4942e95429efeb7a96e9f5df49be745ff53360702d7f855060,"[""archive/Account1/runs/a0L-lplain-1e3-s1-4680951.out""]","[""csv_plateau20""]","[""/panels/full_granularity_ladder/cells/0/runs/6/csv_plateau20"",""/panels/initialization_startup/matched_100/0/runs/1/csv_plateau20""]","[""OCC-1dd6002a2b514d23"",""OCC-ddfb7a5f57ea6568""]","[""full_granularity_ladder"",""initialization_startup""]"
MEAS-a3f6d2d8ce6435d4,RUN-4680816,legacy_plateau20,test,accuracy_percent,90.957,80,100,20,parsed raw epoch count; legacy terminal CSV window,100,True,4680816,1,bc893e3f890cd2eb2015563ada22d1ecf77b77357fc09d91eec74af8ff4e8483,"[""archive/Account1/runs/a0h-lplain-1e3-s1-4680816.out""]","[""csv_plateau20""]","[""/panels/full_granularity_ladder/cells/0/runs/7/csv_plateau20""]","[""OCC-ddfb7a5f57ea6568""]","[""full_granularity_ladder""]"
MEAS-cca5383380a2ff46,RUN-4912750,legacy_plateau20,test,accuracy_percent,91.13,80,100,20,parsed raw epoch count; legacy terminal CSV window,100,True,4912750,1,05d1c7d83b2b16ad08757b7410f4eb3c46f53247f064b7867bcd8a7705b16be3,"[""archive/Account2/runs/cfr1-lay-C-s1-4912750.out""]","[""csv_plateau20""]","[""/panels/full_granularity_ladder/cells/0/runs/8/csv_plateau20""]","[""OCC-ddfb7a5f57ea6568""]","[""full_granularity_ladder""]"
MEAS-55d77034994f1fe4,RUN-4687177,legacy_plateau20,test,accuracy_percent,91.005,80,100,20,parsed raw epoch count; legacy terminal CSV window,100,True,4687177,1,b1e4ea014a1fcd39bc35874d0187ed21a08a53d743a6ee80d5a99080d13d2c5a,"[""archive/Account2/runs/ms-layA-1e3-s1-4687177.out""]","[""csv_plateau20""]","[""/panels/full_granularity_ladder/cells/0/runs/9/csv_plateau20""]","[""OCC-ddfb7a5f57ea6568""]","[""full_granularity_ladder""]"
MEAS-48bd5c0ea43d8081,RUN-4682947,legacy_plateau20,test,accuracy_percent,91.249,80,100,20,parsed raw epoch count; legacy terminal CSV window,100,True,4682947,1,46117667917033e216c496e387aef65f503951b304bf38f8b16667693f6214e1,"[""archive/Account2/runs/mx-a1e3-layer-s1-4682947.out""]","[""csv_plateau20""]","[""/panels/full_granularity_ladder/cells/0/runs/10/csv_plateau20""]","[""OCC-ddfb7a5f57ea6568""]","[""full_granularity_ladder""]"
MEAS-2656235b7b5fb652,RUN-4886451,legacy_plateau20,test,accuracy_percent,91.099,80,100,20,parsed raw epoch count; legacy terminal CSV window,100,True,4886451,1,8dcd542208d1934c213886cbf0bb55eabaa0c0782f38e449f439593747b535c7,"[""archive/Account2/runs/tl1-a3-plain-s1-4886451.out""]","[""csv_plateau20"",""plateau20""]","[""/panels/full_granularity_ladder/cells/0/runs/11/csv_plateau20"",""/panels/original_proposal_and_joint_tuning/twolevel/cells/0/runs/1/plateau20""]","[""OCC-0b5e60162402f755"",""OCC-ddfb7a5f57ea6568""]","[""full_granularity_ladder"",""original_proposal_and_joint_tuning""]"
MEAS-ac856e9bb7bc5b0d,RUN-4912754,legacy_plateau20,test,accuracy_percent,91.111,80,100,20,parsed raw epoch count; legacy terminal CSV window,100,True,4912754,2,1ba010d1cb71a3411cdb4761f4091f66a8af669659af3a42a922664ac4f56133,"[""archive/Account2/runs/cfr1-lay-C-s2-4912754.out""]","[""csv_plateau20""]","[""/panels/full_granularity_ladder/cells/0/runs/12/csv_plateau20""]","[""OCC-ddfb7a5f57ea6568""]","[""full_granularity_ladder""]"
MEAS-22f397f895c84bc0,RUN-4687179,legacy_plateau20,test,accuracy_percent,91.261,80,100,20,parsed raw epoch count; legacy terminal CSV window,100,True,4687179,2,53b22ad2f1b6dc8f8afe2de395c2a351aeee5e2440fdd2e36850d7767b064f68,"[""archive/Account2/runs/ms-layA-1e3-s2-4687179.out""]","[""csv_plateau20""]","[""/panels/full_granularity_ladder/cells/0/runs/13/csv_plateau20""]","[""OCC-ddfb7a5f57ea6568""]","[""full_granularity_ladder""]"
MEAS-c90a6a840a64af7a,RUN-4682950,legacy_plateau20,test,accuracy_percent,91.236,80,100,20,parsed raw epoch count; legacy terminal CSV window,100,True,4682950,2,b78df1a70df4a9bf37dbe5f3ff6d4944afaf84987273dff7517070fa38ba9daf,"[""archive/Account2/runs/mx-a1e3-layer-s2-4682950.out""]","[""csv_plateau20""]","[""/panels/full_granularity_ladder/cells/0/runs/14/csv_plateau20""]","[""OCC-ddfb7a5f57ea6568""]","[""full_granularity_ladder""]"
MEAS-48d55065167106c8,RUN-4886458,legacy_plateau20,test,accuracy_percent,91.142,80,100,20,parsed raw epoch count; legacy terminal CSV window,100,True,4886458,2,0977dc4129b490105cb0ad0562a451bd08c980fdd659d69db86c7f29615aa170,"[""archive/Account2/runs/tl1-a3-plain-s2-4886458.out""]","[""csv_plateau20"",""plateau20""]","[""/panels/full_granularity_ladder/cells/0/runs/15/csv_plateau20"",""/panels/original_proposal_and_joint_tuning/twolevel/cells/0/runs/2/plateau20""]","[""OCC-0b5e60162402f755"",""OCC-ddfb7a5f57ea6568""]","[""full_granularity_ladder"",""original_proposal_and_joint_tuning""]"
MEAS-6153f084f79a1d34,RUN-4682953,legacy_plateau20,test,accuracy_percent,91.111,80,100,20,parsed raw epoch count; legacy terminal CSV window,100,True,4682953,3,bbc65c6bfab75c3e4c61786259b44160c3a3339a5dfbb003fe16465f90c27f53,"[""archive/Account2/runs/mx-a1e3-layer-s3-4682953.out""]","[""csv_plateau20""]","[""/panels/full_granularity_ladder/cells/0/runs/16/csv_plateau20""]","[""OCC-ddfb7a5f57ea6568""]","[""full_granularity_ladder""]"
MEAS-8b505e9e72c2ca16,RUN-4700388,legacy_plateau20,test,accuracy_percent,90.934,80,100,20,parsed raw epoch count; legacy terminal CSV window,100,True,4700388,3,179bab436bf6d20b72ff4909ca293b00fd3d092c2f08a69e1cccbf703b0e49b0,"[""archive/Account1/runs/rs-lay-1e3-s3-4700388.out""]","[""csv_plateau20""]","[""/panels/full_granularity_ladder/cells/0/runs/17/csv_plateau20""]","[""OCC-ddfb7a5f57ea6568""]","[""full_granularity_ladder""]"
MEAS-7a56b61b97e9c007,RUN-4682956,legacy_plateau20,test,accuracy_percent,90.713,80,100,20,parsed raw epoch count; legacy terminal CSV window,100,True,4682956,4,206eb1261b21ecbd5397109b1d0c6b14fae56036c40ec388f68b9454bc50dc6b,"[""archive/Account2/runs/mx-a1e3-layer-s4-4682956.out""]","[""csv_plateau20""]","[""/panels/full_granularity_ladder/cells/0/runs/18/csv_plateau20""]","[""OCC-ddfb7a5f57ea6568""]","[""full_granularity_ladder""]"
MEAS-3ab78f94771097c6,RUN-4700392,legacy_plateau20,test,accuracy_percent,90.734,80,100,20,parsed raw epoch count; legacy terminal CSV window,100,True,4700392,4,bc74c19d35c49035e595195348b173a28f81c598bbbf7cd1c48bdc427f149896,"[""archive/Account1/runs/rs-lay-1e3-s4-4700392.out""]","[""csv_plateau20""]","[""/panels/full_granularity_ladder/cells/0/runs/19/csv_plateau20""]","[""OCC-ddfb7a5f57ea6568""]","[""full_granularity_ladder""]"
MEAS-2a48764b0abb8336,RUN-4704499,legacy_plateau20,test,accuracy_percent,92.863,80,100,20,parsed raw epoch count; legacy terminal CSV window,100,True,4704499,0,b395cf673e2b0a403b33c0f80df3d53403e1b43e604524fede9622e8be103d68,"[""archive/Account1/runs/hz9-lay-1e4-s0-4704499.out""]","[""csv_plateau20""]","[""/panels/full_granularity_ladder/cells/1/runs/0/csv_plateau20"",""/panels/full_granularity_ladder/observed_peaks/2/runs/0/csv_plateau20"",""/panels/horizon_reversal/individually_tuned/0/cells/layerwise/runs/0/csv_plateau20"",""/panels/horizon_reversal/individually_tuned/1/cells/layerwise/runs/0/csv_plateau20"",""/panels/horizon_reversal/individually_tuned/2/cells/layerwise/runs/0/csv_plateau20"",""/panels/horizon_reversal/individually_tuned/3/cells/layerwise/runs/0/csv_plateau20"",""/panels/horizon_reversal/individually_tuned/4/cells/layerwise/runs/0/csv_plateau20"",""/panels/horizon_reversal/individually_tuned/5/cells/layerwise/runs/0/csv_plateau20"",""/panels/horizon_reversal/individually_tuned/6/cells/layerwise/runs/0/csv_plateau20"",""/panels/horizon_reversal/individually_tuned/7/cells/layerwise/runs/0/csv_plateau20"",""/panels/horizon_reversal/individually_tuned/8/cells/layerwise/runs/0/csv_plateau20"",""/panels/horizon_reversal/individually_tuned/9/cells/layerwise/runs/0/csv_plateau20""]","[""OCC-0cf344c9a24f8440"",""OCC-344cdfd9ce9c7623"",""OCC-3791511516871909"",""OCC-51ad16e251b8cc9e"",""OCC-56f32295bf68428e"",""OCC-70dbc20ff74cadcb"",""OCC-94d3f7e379c4a317"",""OCC-ad7deecf7580ae63"",""OCC-b863d73559cb9892"",""OCC-d5eece5690e70277"",""OCC-ddeccb6d6ce1dd37"",""OCC-fa061430a75ff642""]","[""full_granularity_ladder"",""horizon_reversal""]"
MEAS-c49d7e187801871b,RUN-4687174,legacy_plateau20,test,accuracy_percent,92.879,80,100,20,parsed raw epoch count; legacy terminal CSV window,100,True,4687174,0,1563458004f3ffa8a918a71acaef7b2ab777bd31ffe827c78fdfe1c7f1cff4c5,"[""archive/Account2/runs/ms-layA-1e4-s0-4687174.out""]","[""csv_plateau20""]","[""/panels/full_granularity_ladder/cells/1/runs/1/csv_plateau20"",""/panels/full_granularity_ladder/observed_peaks/2/runs/1/csv_plateau20""]","[""OCC-0cf344c9a24f8440"",""OCC-51ad16e251b8cc9e""]","[""full_granularity_ladder""]"
MEAS-105ede0dad6c58c1,RUN-4707787,legacy_plateau20,test,accuracy_percent,93.037,80,100,20,parsed raw epoch count; legacy terminal CSV window,100,True,4707787,0,d88576981fd4bad69434f4d0866f12ec11138d5c8405c9d857ca98fc697bad80,"[""archive/Account1/runs/tw0-lay-s0-4707787.out""]","[""csv_plateau20""]","[""/panels/full_granularity_ladder/cells/1/runs/2/csv_plateau20"",""/panels/full_granularity_ladder/observed_peaks/2/runs/2/csv_plateau20"",""/panels/weightwise_tuning/tw0_guard_followup_cells/0/runs/0/csv_plateau20""]","[""OCC-0cf344c9a24f8440"",""OCC-2b26d762aa679966"",""OCC-51ad16e251b8cc9e""]","[""full_granularity_ladder"",""weightwise_tuning""]"
MEAS-8e2bec6613fe51d9,RUN-4704500,legacy_plateau20,test,accuracy_percent,92.735,80,100,20,parsed raw epoch count; legacy terminal CSV window,100,True,4704500,1,02b225f5a5c814477d5afd1e19c31dc6f42ac3f3f543f56d9015a9bc7c454c8f,"[""archive/Account1/runs/hz9-lay-1e4-s1-4704500.out""]","[""csv_plateau20""]","[""/panels/full_granularity_ladder/cells/1/runs/3/csv_plateau20"",""/panels/full_granularity_ladder/observed_peaks/2/runs/3/csv_plateau20"",""/panels/horizon_reversal/individually_tuned/0/cells/layerwise/runs/1/csv_plateau20"",""/panels/horizon_reversal/individually_tuned/1/cells/layerwise/runs/1/csv_plateau20"",""/panels/horizon_reversal/individually_tuned/2/cells/layerwise/runs/1/csv_plateau20"",""/panels/horizon_reversal/individually_tuned/3/cells/layerwise/runs/1/csv_plateau20"",""/panels/horizon_reversal/individually_tuned/4/cells/layerwise/runs/1/csv_plateau20"",""/panels/horizon_reversal/individually_tuned/5/cells/layerwise/runs/1/csv_plateau20"",""/panels/horizon_reversal/individually_tuned/6/cells/layerwise/runs/1/csv_plateau20"",""/panels/horizon_reversal/individually_tuned/7/cells/layerwise/runs/1/csv_plateau20"",""/panels/horizon_reversal/individually_tuned/8/cells/layerwise/runs/1/csv_plateau20"",""/panels/horizon_reversal/individually_tuned/9/cells/layerwise/runs/1/csv_plateau20""]","[""OCC-0cf344c9a24f8440"",""OCC-344cdfd9ce9c7623"",""OCC-3791511516871909"",""OCC-51ad16e251b8cc9e"",""OCC-56f32295bf68428e"",""OCC-70dbc20ff74cadcb"",""OCC-94d3f7e379c4a317"",""OCC-ad7deecf7580ae63"",""OCC-b863d73559cb9892"",""OCC-d5eece5690e70277"",""OCC-ddeccb6d6ce1dd37"",""OCC-fa061430a75ff642""]","[""full_granularity_ladder"",""horizon_reversal""]"
MEAS-d44ea21a136a67ed,RUN-4687176,legacy_plateau20,test,accuracy_percent,92.909,80,100,20,parsed raw epoch count; legacy terminal CSV window,100,True,4687176,1,cd59ca872c0a755b924ba14c45fd74327483dd51fc20cc19c86fee44ec1d073b,"[""archive/Account2/runs/ms-layA-1e4-s1-4687176.out""]","[""csv_plateau20""]","[""/panels/full_granularity_ladder/cells/1/runs/4/csv_plateau20"",""/panels/full_granularity_ladder/observed_peaks/2/runs/4/csv_plateau20""]","[""OCC-0cf344c9a24f8440"",""OCC-51ad16e251b8cc9e""]","[""full_granularity_ladder""]"
MEAS-b9115d6493b34e79,RUN-4707788,legacy_plateau20,test,accuracy_percent,92.95,80,100,20,parsed raw epoch count; legacy terminal CSV window,100,True,4707788,1,45ab071d33a79fa1f16dc0d7013f87111b824c75ef1dbe8b606260d19b4a0370,"[""archive/Account1/runs/tw0-lay-s1-4707788.out""]","[""csv_plateau20""]","[""/panels/full_granularity_ladder/cells/1/runs/5/csv_plateau20"",""/panels/full_granularity_ladder/observed_peaks/2/runs/5/csv_plateau20"",""/panels/weightwise_tuning/tw0_guard_followup_cells/0/runs/1/csv_plateau20""]","[""OCC-0cf344c9a24f8440"",""OCC-2b26d762aa679966"",""OCC-51ad16e251b8cc9e""]","[""full_granularity_ladder"",""weightwise_tuning""]"
MEAS-c1244247d169fa01,RUN-4704501,legacy_plateau20,test,accuracy_percent,92.638,80,100,20,parsed raw epoch count; legacy terminal CSV window,100,True,4704501,2,9b3fd45ecc5b76862edacd5a6e21cf9811512afec4969d24c02f124f028cf9b4,"[""archive/Account1/runs/hz9-lay-1e4-s2-4704501.out""]","[""csv_plateau20""]","[""/panels/full_granularity_ladder/cells/1/runs/6/csv_plateau20"",""/panels/full_granularity_ladder/observed_peaks/2/runs/6/csv_plateau20"",""/panels/horizon_reversal/individually_tuned/0/cells/layerwise/runs/2/csv_plateau20"",""/panels/horizon_reversal/individually_tuned/1/cells/layerwise/runs/2/csv_plateau20"",""/panels/horizon_reversal/individually_tuned/2/cells/layerwise/runs/2/csv_plateau20"",""/panels/horizon_reversal/individually_tuned/3/cells/layerwise/runs/2/csv_plateau20"",""/panels/horizon_reversal/individually_tuned/4/cells/layerwise/runs/2/csv_plateau20"",""/panels/horizon_reversal/individually_tuned/5/cells/layerwise/runs/2/csv_plateau20"",""/panels/horizon_reversal/individually_tuned/6/cells/layerwise/runs/2/csv_plateau20"",""/panels/horizon_reversal/individually_tuned/7/cells/layerwise/runs/2/csv_plateau20"",""/panels/horizon_reversal/individually_tuned/8/cells/layerwise/runs/2/csv_plateau20"",""/panels/horizon_reversal/individually_tuned/9/cells/layerwise/runs/2/csv_plateau20""]","[""OCC-0cf344c9a24f8440"",""OCC-344cdfd9ce9c7623"",""OCC-3791511516871909"",""OCC-51ad16e251b8cc9e"",""OCC-56f32295bf68428e"",""OCC-70dbc20ff74cadcb"",""OCC-94d3f7e379c4a317"",""OCC-ad7deecf7580ae63"",""OCC-b863d73559cb9892"",""OCC-d5eece5690e70277"",""OCC-ddeccb6d6ce1dd37"",""OCC-fa061430a75ff642""]","[""full_granularity_ladder"",""horizon_reversal""]"
MEAS-251a81fc4481452f,RUN-4687178,legacy_plateau20,test,accuracy_percent,92.828,80,100,20,parsed raw epoch count; legacy terminal CSV window,100,True,4687178,2,b90627fb8e43ce8eb083ea847d09c464a7282440c2e637d2e6194b44faf3fd85,"[""archive/Account2/runs/ms-layA-1e4-s2-4687178.out""]","[""csv_plateau20""]","[""/panels/full_granularity_ladder/cells/1/runs/7/csv_plateau20"",""/panels/full_granularity_ladder/observed_peaks/2/runs/7/csv_plateau20""]","[""OCC-0cf344c9a24f8440"",""OCC-51ad16e251b8cc9e""]","[""full_granularity_ladder""]"
MEAS-14e0767310810db4,RUN-4707789,legacy_plateau20,test,accuracy_percent,92.735,80,100,20,parsed raw epoch count; legacy terminal CSV window,100,True,4707789,2,370c7b57ff8049f12a77d41e10c6ab675b3c3ec62fc14ef435d97c560063b0ed,"[""archive/Account1/runs/tw0-lay-s2-4707789.out""]","[""csv_plateau20""]","[""/panels/full_granularity_ladder/cells/1/runs/8/csv_plateau20"",""/panels/full_granularity_ladder/observed_peaks/2/runs/8/csv_plateau20"",""/panels/weightwise_tuning/tw0_guard_followup_cells/0/runs/2/csv_plateau20""]","[""OCC-0cf344c9a24f8440"",""OCC-2b26d762aa679966"",""OCC-51ad16e251b8cc9e""]","[""full_granularity_ladder"",""weightwise_tuning""]"
MEAS-bc25c28036ae79cc,RUN-4700387,legacy_plateau20,test,accuracy_percent,92.876,80,100,20,parsed raw epoch count; legacy terminal CSV window,100,True,4700387,3,998b035a0ed807f2c43b9ad09455174ed2647db803688a64f0491be03324f171,"[""archive/Account1/runs/rs-lay-1e4-s3-4700387.out""]","[""csv_plateau20""]","[""/panels/full_granularity_ladder/cells/1/runs/9/csv_plateau20"",""/panels/full_granularity_ladder/observed_peaks/2/runs/9/csv_plateau20"",""/panels/horizon_reversal/individually_tuned/0/cells/layerwise/runs/3/csv_plateau20"",""/panels/horizon_reversal/individually_tuned/1/cells/layerwise/runs/3/csv_plateau20"",""/panels/horizon_reversal/individually_tuned/2/cells/layerwise/runs/3/csv_plateau20"",""/panels/horizon_reversal/individually_tuned/3/cells/layerwise/runs/3/csv_plateau20"",""/panels/horizon_reversal/individually_tuned/4/cells/layerwise/runs/3/csv_plateau20"",""/panels/horizon_reversal/individually_tuned/5/cells/layerwise/runs/3/csv_plateau20"",""/panels/horizon_reversal/individually_tuned/6/cells/layerwise/runs/3/csv_plateau20"",""/panels/horizon_reversal/individually_tuned/7/cells/layerwise/runs/3/csv_plateau20"",""/panels/horizon_reversal/individually_tuned/8/cells/layerwise/runs/3/csv_plateau20"",""/panels/horizon_reversal/individually_tuned/9/cells/layerwise/runs/3/csv_plateau20""]","[""OCC-0cf344c9a24f8440"",""OCC-344cdfd9ce9c7623"",""OCC-3791511516871909"",""OCC-51ad16e251b8cc9e"",""OCC-56f32295bf68428e"",""OCC-70dbc20ff74cadcb"",""OCC-94d3f7e379c4a317"",""OCC-ad7deecf7580ae63"",""OCC-b863d73559cb9892"",""OCC-d5eece5690e70277"",""OCC-ddeccb6d6ce1dd37"",""OCC-fa061430a75ff642""]","[""full_granularity_ladder"",""horizon_reversal""]"
MEAS-a60473e1c4a69d1c,RUN-4700391,legacy_plateau20,test,accuracy_percent,92.482,80,100,20,parsed raw epoch count; legacy terminal CSV window,100,True,4700391,4,5f8ce8481df49a02f11184a6f2f675878f0904dc89f22b3a9b5d9728ee595d67,"[""archive/Account1/runs/rs-lay-1e4-s4-4700391.out""]","[""csv_plateau20""]","[""/panels/full_granularity_ladder/cells/1/runs/10/csv_plateau20"",""/panels/full_granularity_ladder/observed_peaks/2/runs/10/csv_plateau20"",""/panels/horizon_reversal/individually_tuned/0/cells/layerwise/runs/4/csv_plateau20"",""/panels/horizon_reversal/individually_tuned/1/cells/layerwise/runs/4/csv_plateau20"",""/panels/horizon_reversal/individually_tuned/2/cells/layerwise/runs/4/csv_plateau20"",""/panels/horizon_reversal/individually_tuned/3/cells/layerwise/runs/4/csv_plateau20"",""/panels/horizon_reversal/individually_tuned/4/cells/layerwise/runs/4/csv_plateau20"",""/panels/horizon_reversal/individually_tuned/5/cells/layerwise/runs/4/csv_plateau20"",""/panels/horizon_reversal/individually_tuned/6/cells/layerwise/runs/4/csv_plateau20"",""/panels/horizon_reversal/individually_tuned/7/cells/layerwise/runs/4/csv_plateau20"",""/panels/horizon_reversal/individually_tuned/8/cells/layerwise/runs/4/csv_plateau20"",""/panels/horizon_reversal/individually_tuned/9/cells/layerwise/runs/4/csv_plateau20""]","[""OCC-0cf344c9a24f8440"",""OCC-344cdfd9ce9c7623"",""OCC-3791511516871909"",""OCC-51ad16e251b8cc9e"",""OCC-56f32295bf68428e"",""OCC-70dbc20ff74cadcb"",""OCC-94d3f7e379c4a317"",""OCC-ad7deecf7580ae63"",""OCC-b863d73559cb9892"",""OCC-d5eece5690e70277"",""OCC-ddeccb6d6ce1dd37"",""OCC-fa061430a75ff642""]","[""full_granularity_ladder"",""horizon_reversal""]"
MEAS-4bf4f795e7538146,RUN-4700358,legacy_plateau20,test,accuracy_percent,90.787,80,100,20,parsed raw epoch count; legacy terminal CSV window,100,True,4700358,0,2435a2fb601d07e127025c59e76edb24acf96db67f9ae7731aa4a3d2001ba049,"[""archive/Account1/runs/rs-lay-1e5-s0-4700358.out""]","[""csv_plateau20""]","[""/panels/full_granularity_ladder/cells/2/runs/0/csv_plateau20""]","[""OCC-7ba7a1b4ebaeff3c""]","[""full_granularity_ladder""]"
MEAS-b8856cbd0f5ca115,RUN-4700364,legacy_plateau20,test,accuracy_percent,90.91,80,100,20,parsed raw epoch count; legacy terminal CSV window,100,True,4700364,1,6db5a0c5166b6b2806dc9495a1ad8e96cdc34180644f7a9dad04843ef524692b,"[""archive/Account1/runs/rs-lay-1e5-s1-4700364.out""]","[""csv_plateau20""]","[""/panels/full_granularity_ladder/cells/2/runs/1/csv_plateau20""]","[""OCC-7ba7a1b4ebaeff3c""]","[""full_granularity_ladder""]"
MEAS-6add04dccae063bc,RUN-4700370,legacy_plateau20,test,accuracy_percent,90.731,80,100,20,parsed raw epoch count; legacy terminal CSV window,100,True,4700370,2,dac5fc9ba8b84098f2e4ca6c0915ac9650060b630058938e4bc8b3c62ccd6cb2,"[""archive/Account1/runs/rs-lay-1e5-s2-4700370.out""]","[""csv_plateau20""]","[""/panels/full_granularity_ladder/cells/2/runs/2/csv_plateau20""]","[""OCC-7ba7a1b4ebaeff3c""]","[""full_granularity_ladder""]"
MEAS-b1f04faf9a9f7c49,RUN-4700376,legacy_plateau20,test,accuracy_percent,91.104,80,100,20,parsed raw epoch count; legacy terminal CSV window,100,True,4700376,3,b622b069f01b28aa16646c993711c9f1516804e54a85bc2c356af1c093b77b8a,"[""archive/Account1/runs/rs-lay-1e5-s3-4700376.out""]","[""csv_plateau20""]","[""/panels/full_granularity_ladder/cells/2/runs/3/csv_plateau20""]","[""OCC-7ba7a1b4ebaeff3c""]","[""full_granularity_ladder""]"
MEAS-8a3ff3427604bfdb,RUN-4700382,legacy_plateau20,test,accuracy_percent,90.84,80,100,20,parsed raw epoch count; legacy terminal CSV window,100,True,4700382,4,667ccec3bc5cd4d4b4c4d2ab2e705ee224a6be3a1a50f76a969f4a6edcc92443,"[""archive/Account1/runs/rs-lay-1e5-s4-4700382.out""]","[""csv_plateau20""]","[""/panels/full_granularity_ladder/cells/2/runs/4/csv_plateau20""]","[""OCC-7ba7a1b4ebaeff3c""]","[""full_granularity_ladder""]"
MEAS-73499ee264b24205,RUN-4700394,legacy_plateau20,test,accuracy_percent,89.988,80,100,20,parsed raw epoch count; legacy terminal CSV window,100,True,4700394,0,bedbb3787b650941c513f8e8dece930bd71abbc29699eab9cb71112748e24803,"[""archive/Account1/runs/rs-lay-frz-s0-4700394.out""]","[""csv_plateau20""]","[""/panels/full_granularity_ladder/cells/3/runs/0/csv_plateau20""]","[""OCC-e5f241b44c0c806c""]","[""full_granularity_ladder""]"
MEAS-828277e0d96f6e5c,RUN-4700396,legacy_plateau20,test,accuracy_percent,90.186,80,100,20,parsed raw epoch count; legacy terminal CSV window,100,True,4700396,1,a33b063ce5e78a20ea9be6a3125daad3b26e86487f34fa2ee54dffb7190320a6,"[""archive/Account1/runs/rs-lay-frz-s1-4700396.out""]","[""csv_plateau20""]","[""/panels/full_granularity_ladder/cells/3/runs/1/csv_plateau20""]","[""OCC-e5f241b44c0c806c""]","[""full_granularity_ladder""]"
MEAS-069432bf6e25bad7,RUN-4700398,legacy_plateau20,test,accuracy_percent,90.069,80,100,20,parsed raw epoch count; legacy terminal CSV window,100,True,4700398,2,9256166a0351ed84d6864a0985f71e137fda862ca4815ac0b5f9767f16f2b853,"[""archive/Account1/runs/rs-lay-frz-s2-4700398.out""]","[""csv_plateau20""]","[""/panels/full_granularity_ladder/cells/3/runs/2/csv_plateau20""]","[""OCC-e5f241b44c0c806c""]","[""full_granularity_ladder""]"
MEAS-448ffabfcb6650f4,RUN-4913097,legacy_plateau20,test,accuracy_percent,92.035,80,100,20,parsed raw epoch count; legacy terminal CSV window,100,True,4913097,0,f6b769bcaf553c754450f01e76bed7db83e55da11e74a806de65d59d7e7e4708,"[""archive/Account2/runs/cfr2-lay-C-s0-4913097.out""]","[""csv_plateau20""]","[""/panels/full_granularity_ladder/cells/4/runs/0/csv_plateau20""]","[""OCC-1654a0c04884dd93""]","[""full_granularity_ladder""]"
MEAS-3f3b4ef2a9ab44a0,RUN-4700360,legacy_plateau20,test,accuracy_percent,91.957,80,100,20,parsed raw epoch count; legacy terminal CSV window,100,True,4700360,0,9d802203feeb8c391a4bed64fabaa29abe8e6344fcdebf11441c403f3ebc50b7,"[""archive/Account1/runs/rs-lay-3e4-s0-4700360.out""]","[""csv_plateau20""]","[""/panels/full_granularity_ladder/cells/4/runs/1/csv_plateau20""]","[""OCC-1654a0c04884dd93""]","[""full_granularity_ladder""]"
MEAS-16f731a24e8ab04d,RUN-4913101,legacy_plateau20,test,accuracy_percent,92.037,80,100,20,parsed raw epoch count; legacy terminal CSV window,100,True,4913101,1,e4fd4e4fb5bbbb7d3297cf99ffbffbb3c75bda3a19e460941aa551f15f2c9bbc,"[""archive/Account2/runs/cfr2-lay-C-s1-4913101.out""]","[""csv_plateau20""]","[""/panels/full_granularity_ladder/cells/4/runs/2/csv_plateau20""]","[""OCC-1654a0c04884dd93""]","[""full_granularity_ladder""]"
MEAS-3b3862c836f9dcb7,RUN-4700366,legacy_plateau20,test,accuracy_percent,92.102,80,100,20,parsed raw epoch count; legacy terminal CSV window,100,True,4700366,1,20edebbbcb759b4729e12cbe375390fd0f4eadac0afec763a0a75d8b52b2f9f8,"[""archive/Account1/runs/rs-lay-3e4-s1-4700366.out""]","[""csv_plateau20""]","[""/panels/full_granularity_ladder/cells/4/runs/3/csv_plateau20""]","[""OCC-1654a0c04884dd93""]","[""full_granularity_ladder""]"
MEAS-cfaff6ad49d1d726,RUN-4913105,legacy_plateau20,test,accuracy_percent,91.81,80,100,20,parsed raw epoch count; legacy terminal CSV window,100,True,4913105,2,f3c20c3364a4e5ad84f9a93198bdcfb6e9a3a8314e7a7f6b713a4fb712769553,"[""archive/Account2/runs/cfr2-lay-C-s2-4913105.out""]","[""csv_plateau20""]","[""/panels/full_granularity_ladder/cells/4/runs/4/csv_plateau20""]","[""OCC-1654a0c04884dd93""]","[""full_granularity_ladder""]"
MEAS-7c0a16f230354fe8,RUN-4700372,legacy_plateau20,test,accuracy_percent,92.004,80,100,20,parsed raw epoch count; legacy terminal CSV window,100,True,4700372,2,09c9b0a526e31cd7995475c2557d6ae60f1d7cc35cc2f1f3d9a5b552fc869e68,"[""archive/Account1/runs/rs-lay-3e4-s2-4700372.out""]","[""csv_plateau20""]","[""/panels/full_granularity_ladder/cells/4/runs/5/csv_plateau20""]","[""OCC-1654a0c04884dd93""]","[""full_granularity_ladder""]"
MEAS-e2c719bbf1e25c2c,RUN-4700378,legacy_plateau20,test,accuracy_percent,91.713,80,100,20,parsed raw epoch count; legacy terminal CSV window,100,True,4700378,3,e448824d1fb5a6f98549118e462f7f83a0b7b2cad29a111b744659785555b008,"[""archive/Account1/runs/rs-lay-3e4-s3-4700378.out""]","[""csv_plateau20""]","[""/panels/full_granularity_ladder/cells/4/runs/6/csv_plateau20""]","[""OCC-1654a0c04884dd93""]","[""full_granularity_ladder""]"
MEAS-227af29d614934c8,RUN-4700384,legacy_plateau20,test,accuracy_percent,91.65,80,100,20,parsed raw epoch count; legacy terminal CSV window,100,True,4700384,4,d9e93a627b9620a642f1110498b1349989426661798ca35045bb90715b3eab2c,"[""archive/Account1/runs/rs-lay-3e4-s4-4700384.out""]","[""csv_plateau20""]","[""/panels/full_granularity_ladder/cells/4/runs/7/csv_plateau20""]","[""OCC-1654a0c04884dd93""]","[""full_granularity_ladder""]"
MEAS-7a1a849a55ced6bd,RUN-4700359,legacy_plateau20,test,accuracy_percent,91.745,80,100,20,parsed raw epoch count; legacy terminal CSV window,100,True,4700359,0,ca9e3f1d2257e72a222fa54b814bc94bdba955a82eb4cdebddb3d7a09c7babe8,"[""archive/Account1/runs/rs-lay-3e5-s0-4700359.out""]","[""csv_plateau20""]","[""/panels/full_granularity_ladder/cells/5/runs/0/csv_plateau20""]","[""OCC-8e2c855815073a43""]","[""full_granularity_ladder""]"
MEAS-1e5c46eedb9167ca,RUN-4700365,legacy_plateau20,test,accuracy_percent,91.697,80,100,20,parsed raw epoch count; legacy terminal CSV window,100,True,4700365,1,60912370dbeca856ec60700e1acbb4d72d39335985bac2f2c1445e016cfd5edc,"[""archive/Account1/runs/rs-lay-3e5-s1-4700365.out""]","[""csv_plateau20""]","[""/panels/full_granularity_ladder/cells/5/runs/1/csv_plateau20""]","[""OCC-8e2c855815073a43""]","[""full_granularity_ladder""]"
MEAS-77737c4912e02a5c,RUN-4700371,legacy_plateau20,test,accuracy_percent,91.668,80,100,20,parsed raw epoch count; legacy terminal CSV window,100,True,4700371,2,d5c56cc739ffed489b3e6e7e6657dc084e958890f9a6430187a49b55d4285396,"[""archive/Account1/runs/rs-lay-3e5-s2-4700371.out""]","[""csv_plateau20""]","[""/panels/full_granularity_ladder/cells/5/runs/2/csv_plateau20""]","[""OCC-8e2c855815073a43""]","[""full_granularity_ladder""]"
MEAS-a083881f3c48b7b4,RUN-4700377,legacy_plateau20,test,accuracy_percent,91.631,80,100,20,parsed raw epoch count; legacy terminal CSV window,100,True,4700377,3,ed27da1990925a9c82660944759ce399ca9dbcd29bc36ad3c949364ef62f6ccd,"[""archive/Account1/runs/rs-lay-3e5-s3-4700377.out""]","[""csv_plateau20""]","[""/panels/full_granularity_ladder/cells/5/runs/3/csv_plateau20""]","[""OCC-8e2c855815073a43""]","[""full_granularity_ladder""]"
MEAS-d872a7fa3549940f,RUN-4700383,legacy_plateau20,test,accuracy_percent,91.547,80,100,20,parsed raw epoch count; legacy terminal CSV window,100,True,4700383,4,61d69f4e68412beb837b4ee85c1fe2e7ae776e89009507af7dbc1c4b11a27792,"[""archive/Account1/runs/rs-lay-3e5-s4-4700383.out""]","[""csv_plateau20""]","[""/panels/full_granularity_ladder/cells/5/runs/4/csv_plateau20""]","[""OCC-8e2c855815073a43""]","[""full_granularity_ladder""]"
MEAS-0cd5eac6475036dc,RUN-4700406,legacy_plateau20,test,accuracy_percent,92.547,80,100,20,parsed raw epoch count; legacy terminal CSV window,100,True,4700406,0,d1ecd1065125f435c63b3a2232a53812cd442b140c400d75c0a58bf2a049f057,"[""archive/Account1/runs/rs-node-1e3-s0-4700406.out""]","[""csv_plateau20""]","[""/panels/full_granularity_ladder/cells/6/runs/0/csv_plateau20""]","[""OCC-a58171fa0c2bca40""]","[""full_granularity_ladder""]"
MEAS-c8acbf46261de5b5,RUN-4704502,legacy_plateau20,test,accuracy_percent,92.158,80,100,20,parsed raw epoch count; legacy terminal CSV window,100,True,4704502,3,7353b438c760a43ca477f124b87c14e3ee2a56255b65ff1b6fc47b1e007ce6bf,"[""archive/Account1/runs/hz9-node-1e3-s3-4704502.out""]","[""csv_plateau20""]","[""/panels/full_granularity_ladder/cells/6/runs/1/csv_plateau20""]","[""OCC-a58171fa0c2bca40""]","[""full_granularity_ladder""]"
MEAS-02379a1ecd382a5b,RUN-4704503,legacy_plateau20,test,accuracy_percent,91.972,80,100,20,parsed raw epoch count; legacy terminal CSV window,100,True,4704503,4,662732818a3ecd07d5ff5c8478a40ed78231de0f31828bc97cd495a3e2ff1055,"[""archive/Account1/runs/hz9-node-1e3-s4-4704503.out""]","[""csv_plateau20""]","[""/panels/full_granularity_ladder/cells/6/runs/2/csv_plateau20""]","[""OCC-a58171fa0c2bca40""]","[""full_granularity_ladder""]"
MEAS-66c6c3c20eeb12f2,RUN-4709616,legacy_plateau20,test,accuracy_percent,92.01,80,100,20,parsed raw epoch count; legacy terminal CSV window,100,True,4709616,0,0a18d60548a77c670cebba20be70835a1f1efbe2b2b236bba6b6eab87e878b77,"[""archive/Account1/runs/bn1-node-s0-4709616.out""]","[""csv_plateau20""]","[""/panels/full_granularity_ladder/cells/7/runs/0/csv_plateau20""]","[""OCC-37359c535192489a""]","[""full_granularity_ladder""]"
MEAS-5a943ec534ffd5c8,RUN-4777304,legacy_plateau20,test,accuracy_percent,92.016,80,100,20,parsed raw epoch count; legacy terminal CSV window,100,True,4777304,0,525a791be85d8cb8647a65eba4cf16d1341720a9d79e50fc90e678d5895bbfcc,"[""archive/Account2/runs/gn1-bn-node-s0-4777304.out""]","[""csv_plateau20""]","[""/panels/count_matched_four_submissions/submissions/3/arms/nodewise/runs/0/csv_plateau20"",""/panels/full_granularity_ladder/cells/7/runs/1/csv_plateau20""]","[""OCC-37359c535192489a"",""OCC-41e4429b2e5e7dfc""]","[""count_matched_four_submissions"",""full_granularity_ladder""]"
MEAS-4f97aeb0515fe7be,RUN-4837231,legacy_plateau20,test,accuracy_percent,92.008,80,100,20,parsed raw epoch count; legacy terminal CSV window,100,True,4837231,0,84a142864720db836ca1155b839c4af8f67f54bf50b0bf1e69de6326a1cf6b9b,"[""archive/Account2/runs/ml2-adam-node-s0-4837231.out""]","[""csv_plateau20""]","[""/panels/full_granularity_ladder/cells/7/runs/2/csv_plateau20""]","[""OCC-37359c535192489a""]","[""full_granularity_ladder""]"
MEAS-aed1cb6c164c5a27,RUN-4708791,legacy_plateau20,test,accuracy_percent,92.054,80,100,20,parsed raw epoch count; legacy terminal CSV window,100,True,4708791,0,6f4eef6388271781f5c47f2df089e3dbede9ca46dd5ba67061d9c0445b918f8d,"[""archive/Account1/runs/mm1-node-s0-4708791.out""]","[""csv_plateau20""]","[""/panels/count_matched_four_submissions/submissions/1/arms/nodewise/runs/0/csv_plateau20"",""/panels/full_granularity_ladder/cells/7/runs/3/csv_plateau20""]","[""OCC-37359c535192489a"",""OCC-9b087f28e13dd51b""]","[""count_matched_four_submissions"",""full_granularity_ladder""]"
MEAS-8c247d80152ec3ce,RUN-4709477,legacy_plateau20,test,accuracy_percent,91.906,80,100,20,parsed raw epoch count; legacy terminal CSV window,100,True,4709477,0,7ecd4d15a9c1d3d0c6849c201f1b992925eca24e7271d2fa449b01e9dcb267b8,"[""archive/Account1/runs/pp1-node-s0-4709477.out""]","[""csv_plateau20""]","[""/panels/count_matched_four_submissions/submissions/2/arms/nodewise/runs/0/csv_plateau20"",""/panels/full_granularity_ladder/cells/7/runs/4/csv_plateau20""]","[""OCC-23ac5e0fb290c51a"",""OCC-37359c535192489a""]","[""count_matched_four_submissions"",""full_granularity_ladder""]"
MEAS-81e749ccadac1076,RUN-4700404,legacy_plateau20,test,accuracy_percent,92.088,80,100,20,parsed raw epoch count; legacy terminal CSV window,100,True,4700404,0,654078dc24ddd51e0503b507634bc4256b45d34c0f1fa0cbbda0c4224e11dd3d,"[""archive/Account1/runs/rs-node-1e4-s0-4700404.out""]","[""csv_plateau20""]","[""/panels/full_granularity_ladder/cells/7/runs/5/csv_plateau20""]","[""OCC-37359c535192489a""]","[""full_granularity_ladder""]"
MEAS-3521867c929c051a,RUN-4707784,legacy_plateau20,test,accuracy_percent,91.934,80,100,20,parsed raw epoch count; legacy terminal CSV window,100,True,4707784,0,95b15fd3519dbfd9fc6510759043a4584ce23f08cdcdebac89e92e8af6c307d0,"[""archive/Account1/runs/tw0-node-s0-4707784.out""]","[""csv_plateau20""]","[""/panels/full_granularity_ladder/cells/7/runs/6/csv_plateau20"",""/panels/weightwise_tuning/tw0_guard_followup_cells/1/runs/0/csv_plateau20""]","[""OCC-2d87db06f9816749"",""OCC-37359c535192489a""]","[""full_granularity_ladder"",""weightwise_tuning""]"
MEAS-55071e100e30858c,RUN-4709619,legacy_plateau20,test,accuracy_percent,91.886,80,100,20,parsed raw epoch count; legacy terminal CSV window,100,True,4709619,1,d3c1023a02e320ab7b44ce3cfb548c05c338a568b1db11d22565b0cbe268b056,"[""archive/Account1/runs/bn1-node-s1-4709619.out""]","[""csv_plateau20""]","[""/panels/full_granularity_ladder/cells/7/runs/7/csv_plateau20""]","[""OCC-37359c535192489a""]","[""full_granularity_ladder""]"
MEAS-613fc6b2b894278f,RUN-4777305,legacy_plateau20,test,accuracy_percent,91.907,80,100,20,parsed raw epoch count; legacy terminal CSV window,100,True,4777305,1,3827a7c1bcffc84a93f007b44f5e13ceda00344ba1ebd9d47eababb8b9265c74,"[""archive/Account2/runs/gn1-bn-node-s1-4777305.out""]","[""csv_plateau20""]","[""/panels/count_matched_four_submissions/submissions/3/arms/nodewise/runs/1/csv_plateau20"",""/panels/full_granularity_ladder/cells/7/runs/8/csv_plateau20""]","[""OCC-37359c535192489a"",""OCC-41e4429b2e5e7dfc""]","[""count_matched_four_submissions"",""full_granularity_ladder""]"
MEAS-60b11d3915c91e1a,RUN-4837239,legacy_plateau20,test,accuracy_percent,91.883,80,100,20,parsed raw epoch count; legacy terminal CSV window,100,True,4837239,1,0dab4db09e02b9ff7ba6d3b944fa94dca68ab7b099e984226654beac73ab6e1c,"[""archive/Account2/runs/ml2-adam-node-s1-4837239.out""]","[""csv_plateau20""]","[""/panels/full_granularity_ladder/cells/7/runs/9/csv_plateau20""]","[""OCC-37359c535192489a""]","[""full_granularity_ladder""]"
MEAS-afed7577317171dd,RUN-4708792,legacy_plateau20,test,accuracy_percent,91.765,80,100,20,parsed raw epoch count; legacy terminal CSV window,100,True,4708792,1,ec862b1586a6bc520518eb36f6074852895d76d770b4889ceacd3c9f5feab515,"[""archive/Account1/runs/mm1-node-s1-4708792.out""]","[""csv_plateau20""]","[""/panels/count_matched_four_submissions/submissions/1/arms/nodewise/runs/1/csv_plateau20"",""/panels/full_granularity_ladder/cells/7/runs/10/csv_plateau20""]","[""OCC-37359c535192489a"",""OCC-9b087f28e13dd51b""]","[""count_matched_four_submissions"",""full_granularity_ladder""]"
MEAS-72ca9f0331ea2a14,RUN-4709480,legacy_plateau20,test,accuracy_percent,91.922,80,100,20,parsed raw epoch count; legacy terminal CSV window,100,True,4709480,1,3a71c8131b07ff052ddea4d605fa0dd3d4241e3bfde513d6d2a1a7772b6ebe81,"[""archive/Account1/runs/pp1-node-s1-4709480.out""]","[""csv_plateau20""]","[""/panels/count_matched_four_submissions/submissions/2/arms/nodewise/runs/1/csv_plateau20"",""/panels/full_granularity_ladder/cells/7/runs/11/csv_plateau20""]","[""OCC-23ac5e0fb290c51a"",""OCC-37359c535192489a""]","[""count_matched_four_submissions"",""full_granularity_ladder""]"
MEAS-d540cca25d9f2b19,RUN-4707785,legacy_plateau20,test,accuracy_percent,91.835,80,100,20,parsed raw epoch count; legacy terminal CSV window,100,True,4707785,1,163639d98e17c4496551063d8ffb46f362507abd2242e3918eac295bca03de1f,"[""archive/Account1/runs/tw0-node-s1-4707785.out""]","[""csv_plateau20""]","[""/panels/full_granularity_ladder/cells/7/runs/12/csv_plateau20"",""/panels/weightwise_tuning/tw0_guard_followup_cells/1/runs/1/csv_plateau20""]","[""OCC-2d87db06f9816749"",""OCC-37359c535192489a""]","[""full_granularity_ladder"",""weightwise_tuning""]"
MEAS-23c3bf10f9af0324,RUN-4709622,legacy_plateau20,test,accuracy_percent,91.988,80,100,20,parsed raw epoch count; legacy terminal CSV window,100,True,4709622,2,6e7a5960324800a8399f2696f299f15c2ef878d41cdb72f6b5387e7de8fac01c,"[""archive/Account1/runs/bn1-node-s2-4709622.out""]","[""csv_plateau20""]","[""/panels/full_granularity_ladder/cells/7/runs/13/csv_plateau20""]","[""OCC-37359c535192489a""]","[""full_granularity_ladder""]"
MEAS-f3ee4cb81d250579,RUN-4777306,legacy_plateau20,test,accuracy_percent,91.808,80,100,20,parsed raw epoch count; legacy terminal CSV window,100,True,4777306,2,8a1a1cc498121fa436ded582daefe75543a23dfa54fadde4e0a88be68e5bbd4c,"[""archive/Account2/runs/gn1-bn-node-s2-4777306.out""]","[""csv_plateau20""]","[""/panels/count_matched_four_submissions/submissions/3/arms/nodewise/runs/2/csv_plateau20"",""/panels/full_granularity_ladder/cells/7/runs/14/csv_plateau20""]","[""OCC-37359c535192489a"",""OCC-41e4429b2e5e7dfc""]","[""count_matched_four_submissions"",""full_granularity_ladder""]"
MEAS-29a636caee3024f3,RUN-4837247,legacy_plateau20,test,accuracy_percent,91.671,80,100,20,parsed raw epoch count; legacy terminal CSV window,100,True,4837247,2,f395eca1217be26e0c3053c11dd19083cad12060a22d0bbf3913667b033d8968,"[""archive/Account2/runs/ml2-adam-node-s2-4837247.out""]","[""csv_plateau20""]","[""/panels/full_granularity_ladder/cells/7/runs/15/csv_plateau20""]","[""OCC-37359c535192489a""]","[""full_granularity_ladder""]"
MEAS-7bbc5c533cb1fe42,RUN-4708793,legacy_plateau20,test,accuracy_percent,91.826,80,100,20,parsed raw epoch count; legacy terminal CSV window,100,True,4708793,2,e537e969e096734ec8d47c6cc4d95892250c545fd6d524098fb63d04ccbf35ca,"[""archive/Account1/runs/mm1-node-s2-4708793.out""]","[""csv_plateau20""]","[""/panels/count_matched_four_submissions/submissions/1/arms/nodewise/runs/2/csv_plateau20"",""/panels/full_granularity_ladder/cells/7/runs/16/csv_plateau20""]","[""OCC-37359c535192489a"",""OCC-9b087f28e13dd51b""]","[""count_matched_four_submissions"",""full_granularity_ladder""]"
MEAS-d9ae440f557f6de6,RUN-4709483,legacy_plateau20,test,accuracy_percent,92.037,80,100,20,parsed raw epoch count; legacy terminal CSV window,100,True,4709483,2,ba56e98ce7a39d1af9e964c884e44e5dec3ebaaad4722360427dbda2a0ceec39,"[""archive/Account1/runs/pp1-node-s2-4709483.out""]","[""csv_plateau20""]","[""/panels/count_matched_four_submissions/submissions/2/arms/nodewise/runs/2/csv_plateau20"",""/panels/full_granularity_ladder/cells/7/runs/17/csv_plateau20""]","[""OCC-23ac5e0fb290c51a"",""OCC-37359c535192489a""]","[""count_matched_four_submissions"",""full_granularity_ladder""]"
MEAS-2f237ea9aa965301,RUN-4707786,legacy_plateau20,test,accuracy_percent,91.881,80,100,20,parsed raw epoch count; legacy terminal CSV window,100,True,4707786,2,d9b22d4ac2a304e8d1171ca89d438fbdd08699b9fda88e17aa6c13dc056c6c96,"[""archive/Account1/runs/tw0-node-s2-4707786.out""]","[""csv_plateau20""]","[""/panels/full_granularity_ladder/cells/7/runs/18/csv_plateau20"",""/panels/weightwise_tuning/tw0_guard_followup_cells/1/runs/2/csv_plateau20""]","[""OCC-2d87db06f9816749"",""OCC-37359c535192489a""]","[""full_granularity_ladder"",""weightwise_tuning""]"
MEAS-c48f20bb3afc33ae,RUN-4715633,legacy_plateau20,test,accuracy_percent,91.907,80,100,20,parsed raw epoch count; legacy terminal CSV window,100,True,4715633,3,e71d98db05335ccc6b5af51b609a300dd0ad857c6dbaf894a984c16004691827,"[""archive/Account1/runs/cc1-node-s3-4715633.out""]","[""csv_plateau20""]","[""/panels/count_matched_four_submissions/submissions/0/arms/nodewise/runs/0/csv_plateau20"",""/panels/full_granularity_ladder/cells/7/runs/19/csv_plateau20""]","[""OCC-37359c535192489a"",""OCC-beecfe2a2680a07a""]","[""count_matched_four_submissions"",""full_granularity_ladder""]"
MEAS-79dccbdf175054c5,RUN-4777307,legacy_plateau20,test,accuracy_percent,91.867,80,100,20,parsed raw epoch count; legacy terminal CSV window,100,True,4777307,3,e2bc479799b6171f82903539573552c489ceb61bedde45cb9d5c75185da85346,"[""archive/Account2/runs/gn1-bn-node-s3-4777307.out""]","[""csv_plateau20""]","[""/panels/count_matched_four_submissions/submissions/3/arms/nodewise/runs/3/csv_plateau20"",""/panels/full_granularity_ladder/cells/7/runs/20/csv_plateau20""]","[""OCC-37359c535192489a"",""OCC-41e4429b2e5e7dfc""]","[""count_matched_four_submissions"",""full_granularity_ladder""]"
MEAS-55269880aca72a19,RUN-4715637,legacy_plateau20,test,accuracy_percent,91.718,80,100,20,parsed raw epoch count; legacy terminal CSV window,100,True,4715637,4,b0b2bc3fbdcfacd5cd14bb4bb2ba74b180ca3102edbe67066f98b4a6f3b9d9f5,"[""archive/Account1/runs/cc1-node-s4-4715637.out""]","[""csv_plateau20""]","[""/panels/count_matched_four_submissions/submissions/0/arms/nodewise/runs/1/csv_plateau20"",""/panels/full_granularity_ladder/cells/7/runs/21/csv_plateau20""]","[""OCC-37359c535192489a"",""OCC-beecfe2a2680a07a""]","[""count_matched_four_submissions"",""full_granularity_ladder""]"
MEAS-18efe351ff675005,RUN-4715641,legacy_plateau20,test,accuracy_percent,91.898,80,100,20,parsed raw epoch count; legacy terminal CSV window,100,True,4715641,5,1264aaa6d5aa1bfd413c99f643e575049fff77acf8c477b526762da55d434ce1,"[""archive/Account1/runs/cc1-node-s5-4715641.out""]","[""csv_plateau20""]","[""/panels/count_matched_four_submissions/submissions/0/arms/nodewise/runs/2/csv_plateau20"",""/panels/full_granularity_ladder/cells/7/runs/22/csv_plateau20""]","[""OCC-37359c535192489a"",""OCC-beecfe2a2680a07a""]","[""count_matched_four_submissions"",""full_granularity_ladder""]"
MEAS-12b0c941f2cc4764,RUN-4849133,legacy_plateau20,test,accuracy_percent,91.716,80,100,20,parsed raw epoch count; legacy terminal CSV window,100,True,4849133,6,98d9bb4942a4fd1e126826bc29b9c9c45bbb41e5bfc73d18fef565b3239586f6,"[""archive/Account1/runs/rp1-node-s6-4849133.out""]","[""csv_plateau20""]","[""/panels/full_granularity_ladder/cells/7/runs/23/csv_plateau20""]","[""OCC-37359c535192489a""]","[""full_granularity_ladder""]"
MEAS-cabd83e6050b5f38,RUN-4849137,legacy_plateau20,test,accuracy_percent,91.784,80,100,20,parsed raw epoch count; legacy terminal CSV window,100,True,4849137,7,e75a7adf667e494560fd130bee1bb6350ea5ecc39c2c9fce6d21eccfdd9db635,"[""archive/Account1/runs/rp1-node-s7-4849137.out""]","[""csv_plateau20""]","[""/panels/full_granularity_ladder/cells/7/runs/24/csv_plateau20""]","[""OCC-37359c535192489a""]","[""full_granularity_ladder""]"
MEAS-401b8cfbceda748e,RUN-4849141,legacy_plateau20,test,accuracy_percent,91.854,80,100,20,parsed raw epoch count; legacy terminal CSV window,100,True,4849141,8,66c28bb5e07a97a769f9b70c5333c912ac30912282a5f9234bae8106501b10cc,"[""archive/Account1/runs/rp1-node-s8-4849141.out""]","[""csv_plateau20""]","[""/panels/full_granularity_ladder/cells/7/runs/25/csv_plateau20""]","[""OCC-37359c535192489a""]","[""full_granularity_ladder""]"
MEAS-b66204d36b5b3556,RUN-4849145,legacy_plateau20,test,accuracy_percent,91.896,80,100,20,parsed raw epoch count; legacy terminal CSV window,100,True,4849145,9,cf8738616e9e32d0d92e396a32799d28aa93995ddecfde25ae3178df3749ca64,"[""archive/Account1/runs/rp1-node-s9-4849145.out""]","[""csv_plateau20""]","[""/panels/full_granularity_ladder/cells/7/runs/26/csv_plateau20""]","[""OCC-37359c535192489a""]","[""full_granularity_ladder""]"
MEAS-22ec4b775b4ca520,RUN-4849149,legacy_plateau20,test,accuracy_percent,91.7,80,100,20,parsed raw epoch count; legacy terminal CSV window,100,True,4849149,10,d8aba9ef592766644f649f8ef9dd770d54fcbab5ea3a87bb037790773ed1b430,"[""archive/Account1/runs/rp1-node-s10-4849149.out""]","[""csv_plateau20""]","[""/panels/full_granularity_ladder/cells/7/runs/27/csv_plateau20""]","[""OCC-37359c535192489a""]","[""full_granularity_ladder""]"
MEAS-ad5083bbf65ab0b6,RUN-4849153,legacy_plateau20,test,accuracy_percent,91.972,80,100,20,parsed raw epoch count; legacy terminal CSV window,100,True,4849153,11,dddcb537d786af6eccca0b1a2e6b90d319ee403105a53a8845f317bbf76eaf31,"[""archive/Account1/runs/rp1-node-s11-4849153.out""]","[""csv_plateau20""]","[""/panels/full_granularity_ladder/cells/7/runs/28/csv_plateau20""]","[""OCC-37359c535192489a""]","[""full_granularity_ladder""]"
MEAS-c9eaeaf55eda8a92,RUN-4700407,legacy_plateau20,test,accuracy_percent,91.31,80,100,20,parsed raw epoch count; legacy terminal CSV window,100,True,4700407,0,0d16a784579e154d5e8f9c9e723cebd76f4c4516f2a6a3191299e7f671e72560,"[""archive/Account1/runs/rs-node-3e3-s0-4700407.out""]","[""csv_plateau20""]","[""/panels/full_granularity_ladder/cells/8/runs/0/csv_plateau20""]","[""OCC-f45976c3bf5fe4e2""]","[""full_granularity_ladder""]"
MEAS-fb761c7762604d60,RUN-4712722,legacy_plateau20,test,accuracy_percent,92.343,80,100,20,parsed raw epoch count; legacy terminal CSV window,100,True,4712722,0,eccd3d37fe9d92b1d5d1047bf756e42f987b4f2f158647fc9536b3bc8ae16e8a,"[""archive/Account1/runs/ar1-node-s0-4712722.out""]","[""csv_plateau20""]","[""/panels/full_granularity_ladder/cells/9/runs/0/csv_plateau20"",""/panels/full_granularity_ladder/observed_peaks/3/runs/0/csv_plateau20""]","[""OCC-a33900feac201c98"",""OCC-af6301fd73cf6fd0""]","[""full_granularity_ladder""]"
MEAS-4d39218d9049990a,RUN-4708203,legacy_plateau20,test,accuracy_percent,92.401,80,100,20,parsed raw epoch count; legacy terminal CSV window,100,True,4708203,0,7640201868e9c3d4f3a919e3e931ca2ef1e03419d26b8b710b6e9a1875f08f0c,"[""archive/Account1/runs/at1-node-s0-4708203.out""]","[""csv_plateau20""]","[""/panels/full_granularity_ladder/cells/9/runs/1/csv_plateau20"",""/panels/full_granularity_ladder/observed_peaks/3/runs/1/csv_plateau20""]","[""OCC-a33900feac201c98"",""OCC-af6301fd73cf6fd0""]","[""full_granularity_ladder""]"
MEAS-9afc9361c839aad6,RUN-4700405,legacy_plateau20,test,accuracy_percent,92.515,80,100,20,parsed raw epoch count; legacy terminal CSV window,100,True,4700405,0,068e0b70749f4517923115bbf52a389caa8d31ed4ef0553f48eabc8a99041e10,"[""archive/Account1/runs/rs-node-3e4-s0-4700405.out""]","[""csv_plateau20""]","[""/panels/full_granularity_ladder/cells/9/runs/2/csv_plateau20"",""/panels/full_granularity_ladder/observed_peaks/3/runs/2/csv_plateau20"",""/panels/horizon_reversal/individually_tuned/0/cells/nodewise/runs/0/csv_plateau20"",""/panels/horizon_reversal/individually_tuned/1/cells/nodewise/runs/0/csv_plateau20"",""/panels/horizon_reversal/individually_tuned/2/cells/nodewise/runs/0/csv_plateau20"",""/panels/horizon_reversal/individually_tuned/3/cells/nodewise/runs/0/csv_plateau20"",""/panels/horizon_reversal/individually_tuned/4/cells/nodewise/runs/0/csv_plateau20"",""/panels/horizon_reversal/individually_tuned/5/cells/nodewise/runs/0/csv_plateau20"",""/panels/horizon_reversal/individually_tuned/6/cells/nodewise/runs/0/csv_plateau20"",""/panels/horizon_reversal/individually_tuned/7/cells/nodewise/runs/0/csv_plateau20"",""/panels/horizon_reversal/individually_tuned/8/cells/nodewise/runs/0/csv_plateau20"",""/panels/horizon_reversal/individually_tuned/9/cells/nodewise/runs/0/csv_plateau20""]","[""OCC-050a9c78acff1640"",""OCC-11a09128e77c5079"",""OCC-13f0b88cfc09d36d"",""OCC-2f570639f2e7e933"",""OCC-314ecc3a89bc1128"",""OCC-4dbaabb29754622f"",""OCC-7ad848fd22f3cd1f"",""OCC-81fef8efe5dd6db2"",""OCC-a33900feac201c98"",""OCC-af6301fd73cf6fd0"",""OCC-c4353498601e8f08"",""OCC-d4c167ffe64f0db8""]","[""full_granularity_ladder"",""horizon_reversal""]"
MEAS-a37e2f380d7f354c,RUN-4712726,legacy_plateau20,test,accuracy_percent,92.379,80,100,20,parsed raw epoch count; legacy terminal CSV window,100,True,4712726,1,8283f8548b6191d50f60789189da9d11b69203d611ebed14420217aa341ca5b9,"[""archive/Account1/runs/ar1-node-s1-4712726.out""]","[""csv_plateau20""]","[""/panels/full_granularity_ladder/cells/9/runs/3/csv_plateau20"",""/panels/full_granularity_ladder/observed_peaks/3/runs/3/csv_plateau20""]","[""OCC-a33900feac201c98"",""OCC-af6301fd73cf6fd0""]","[""full_granularity_ladder""]"
MEAS-813752d686035dd8,RUN-4708204,legacy_plateau20,test,accuracy_percent,92.603,80,100,20,parsed raw epoch count; legacy terminal CSV window,100,True,4708204,1,797a9b3db165de04f21bed32e49cba8b924783bd2e664f7d7c5800ca1d1cc810,"[""archive/Account1/runs/at1-node-s1-4708204.out""]","[""csv_plateau20""]","[""/panels/full_granularity_ladder/cells/9/runs/4/csv_plateau20"",""/panels/full_granularity_ladder/observed_peaks/3/runs/4/csv_plateau20""]","[""OCC-a33900feac201c98"",""OCC-af6301fd73cf6fd0""]","[""full_granularity_ladder""]"
MEAS-68a1768c4be377d8,RUN-4704495,legacy_plateau20,test,accuracy_percent,92.57,80,100,20,parsed raw epoch count; legacy terminal CSV window,100,True,4704495,1,6f084523c5e4ed21b9c85ce65225d64d6417d128fc32a91789596b7777a3a325,"[""archive/Account1/runs/hz9-node-3e4-s1-4704495.out""]","[""csv_plateau20""]","[""/panels/full_granularity_ladder/cells/9/runs/5/csv_plateau20"",""/panels/full_granularity_ladder/observed_peaks/3/runs/5/csv_plateau20"",""/panels/horizon_reversal/individually_tuned/0/cells/nodewise/runs/1/csv_plateau20"",""/panels/horizon_reversal/individually_tuned/1/cells/nodewise/runs/1/csv_plateau20"",""/panels/horizon_reversal/individually_tuned/2/cells/nodewise/runs/1/csv_plateau20"",""/panels/horizon_reversal/individually_tuned/3/cells/nodewise/runs/1/csv_plateau20"",""/panels/horizon_reversal/individually_tuned/4/cells/nodewise/runs/1/csv_plateau20"",""/panels/horizon_reversal/individually_tuned/5/cells/nodewise/runs/1/csv_plateau20"",""/panels/horizon_reversal/individually_tuned/6/cells/nodewise/runs/1/csv_plateau20"",""/panels/horizon_reversal/individually_tuned/7/cells/nodewise/runs/1/csv_plateau20"",""/panels/horizon_reversal/individually_tuned/8/cells/nodewise/runs/1/csv_plateau20"",""/panels/horizon_reversal/individually_tuned/9/cells/nodewise/runs/1/csv_plateau20""]","[""OCC-050a9c78acff1640"",""OCC-11a09128e77c5079"",""OCC-13f0b88cfc09d36d"",""OCC-2f570639f2e7e933"",""OCC-314ecc3a89bc1128"",""OCC-4dbaabb29754622f"",""OCC-7ad848fd22f3cd1f"",""OCC-81fef8efe5dd6db2"",""OCC-a33900feac201c98"",""OCC-af6301fd73cf6fd0"",""OCC-c4353498601e8f08"",""OCC-d4c167ffe64f0db8""]","[""full_granularity_ladder"",""horizon_reversal""]"
MEAS-75a6a38523552695,RUN-4712730,legacy_plateau20,test,accuracy_percent,92.244,80,100,20,parsed raw epoch count; legacy terminal CSV window,100,True,4712730,2,ee607b97a280777a85b2e343f0cb71f38e207ac7c4f43fd77caf195bb69ffe13,"[""archive/Account1/runs/ar1-node-s2-4712730.out""]","[""csv_plateau20""]","[""/panels/full_granularity_ladder/cells/9/runs/6/csv_plateau20"",""/panels/full_granularity_ladder/observed_peaks/3/runs/6/csv_plateau20""]","[""OCC-a33900feac201c98"",""OCC-af6301fd73cf6fd0""]","[""full_granularity_ladder""]"
MEAS-4bcce254c50ad0e2,RUN-4708205,legacy_plateau20,test,accuracy_percent,92.296,80,100,20,parsed raw epoch count; legacy terminal CSV window,100,True,4708205,2,f4b2b4470b2ba17954378d5051cc43c55a8ff4d98abb9840ef297135d0e95c1d,"[""archive/Account1/runs/at1-node-s2-4708205.out""]","[""csv_plateau20""]","[""/panels/full_granularity_ladder/cells/9/runs/7/csv_plateau20"",""/panels/full_granularity_ladder/observed_peaks/3/runs/7/csv_plateau20""]","[""OCC-a33900feac201c98"",""OCC-af6301fd73cf6fd0""]","[""full_granularity_ladder""]"
MEAS-b085c5e7761decf9,RUN-4704496,legacy_plateau20,test,accuracy_percent,92.166,80,100,20,parsed raw epoch count; legacy terminal CSV window,100,True,4704496,2,343c3f45b2ba3c1fbfb10272fa431446611aa1b3c4420d4d60f8541c87dc833b,"[""archive/Account1/runs/hz9-node-3e4-s2-4704496.out""]","[""csv_plateau20""]","[""/panels/full_granularity_ladder/cells/9/runs/8/csv_plateau20"",""/panels/full_granularity_ladder/observed_peaks/3/runs/8/csv_plateau20"",""/panels/horizon_reversal/individually_tuned/0/cells/nodewise/runs/2/csv_plateau20"",""/panels/horizon_reversal/individually_tuned/1/cells/nodewise/runs/2/csv_plateau20"",""/panels/horizon_reversal/individually_tuned/2/cells/nodewise/runs/2/csv_plateau20"",""/panels/horizon_reversal/individually_tuned/3/cells/nodewise/runs/2/csv_plateau20"",""/panels/horizon_reversal/individually_tuned/4/cells/nodewise/runs/2/csv_plateau20"",""/panels/horizon_reversal/individually_tuned/5/cells/nodewise/runs/2/csv_plateau20"",""/panels/horizon_reversal/individually_tuned/6/cells/nodewise/runs/2/csv_plateau20"",""/panels/horizon_reversal/individually_tuned/7/cells/nodewise/runs/2/csv_plateau20"",""/panels/horizon_reversal/individually_tuned/8/cells/nodewise/runs/2/csv_plateau20"",""/panels/horizon_reversal/individually_tuned/9/cells/nodewise/runs/2/csv_plateau20""]","[""OCC-050a9c78acff1640"",""OCC-11a09128e77c5079"",""OCC-13f0b88cfc09d36d"",""OCC-2f570639f2e7e933"",""OCC-314ecc3a89bc1128"",""OCC-4dbaabb29754622f"",""OCC-7ad848fd22f3cd1f"",""OCC-81fef8efe5dd6db2"",""OCC-a33900feac201c98"",""OCC-af6301fd73cf6fd0"",""OCC-c4353498601e8f08"",""OCC-d4c167ffe64f0db8""]","[""full_granularity_ladder"",""horizon_reversal""]"
MEAS-ad9c3d70e8a87d44,RUN-4704497,legacy_plateau20,test,accuracy_percent,92.384,80,100,20,parsed raw epoch count; legacy terminal CSV window,100,True,4704497,3,34a2405fca4350f6ac292ac9cbcff18e2cbb26f7e118c08bd7701a4e20becc57,"[""archive/Account1/runs/hz9-node-3e4-s3-4704497.out""]","[""csv_plateau20""]","[""/panels/full_granularity_ladder/cells/9/runs/9/csv_plateau20"",""/panels/full_granularity_ladder/observed_peaks/3/runs/9/csv_plateau20"",""/panels/horizon_reversal/individually_tuned/0/cells/nodewise/runs/3/csv_plateau20"",""/panels/horizon_reversal/individually_tuned/1/cells/nodewise/runs/3/csv_plateau20"",""/panels/horizon_reversal/individually_tuned/2/cells/nodewise/runs/3/csv_plateau20"",""/panels/horizon_reversal/individually_tuned/3/cells/nodewise/runs/3/csv_plateau20"",""/panels/horizon_reversal/individually_tuned/4/cells/nodewise/runs/3/csv_plateau20"",""/panels/horizon_reversal/individually_tuned/5/cells/nodewise/runs/3/csv_plateau20"",""/panels/horizon_reversal/individually_tuned/6/cells/nodewise/runs/3/csv_plateau20"",""/panels/horizon_reversal/individually_tuned/7/cells/nodewise/runs/3/csv_plateau20"",""/panels/horizon_reversal/individually_tuned/8/cells/nodewise/runs/3/csv_plateau20"",""/panels/horizon_reversal/individually_tuned/9/cells/nodewise/runs/3/csv_plateau20""]","[""OCC-050a9c78acff1640"",""OCC-11a09128e77c5079"",""OCC-13f0b88cfc09d36d"",""OCC-2f570639f2e7e933"",""OCC-314ecc3a89bc1128"",""OCC-4dbaabb29754622f"",""OCC-7ad848fd22f3cd1f"",""OCC-81fef8efe5dd6db2"",""OCC-a33900feac201c98"",""OCC-af6301fd73cf6fd0"",""OCC-c4353498601e8f08"",""OCC-d4c167ffe64f0db8""]","[""full_granularity_ladder"",""horizon_reversal""]"
MEAS-1de2e0a3a67129dd,RUN-4704498,legacy_plateau20,test,accuracy_percent,92.218,80,100,20,parsed raw epoch count; legacy terminal CSV window,100,True,4704498,4,19e94fe99ecffc4f23e934e516ca34151da0306a02a85ced57d3b8cd8c38993d,"[""archive/Account1/runs/hz9-node-3e4-s4-4704498.out""]","[""csv_plateau20""]","[""/panels/full_granularity_ladder/cells/9/runs/10/csv_plateau20"",""/panels/full_granularity_ladder/observed_peaks/3/runs/10/csv_plateau20"",""/panels/horizon_reversal/individually_tuned/0/cells/nodewise/runs/4/csv_plateau20"",""/panels/horizon_reversal/individually_tuned/1/cells/nodewise/runs/4/csv_plateau20"",""/panels/horizon_reversal/individually_tuned/2/cells/nodewise/runs/4/csv_plateau20"",""/panels/horizon_reversal/individually_tuned/3/cells/nodewise/runs/4/csv_plateau20"",""/panels/horizon_reversal/individually_tuned/4/cells/nodewise/runs/4/csv_plateau20"",""/panels/horizon_reversal/individually_tuned/5/cells/nodewise/runs/4/csv_plateau20"",""/panels/horizon_reversal/individually_tuned/6/cells/nodewise/runs/4/csv_plateau20"",""/panels/horizon_reversal/individually_tuned/7/cells/nodewise/runs/4/csv_plateau20"",""/panels/horizon_reversal/individually_tuned/8/cells/nodewise/runs/4/csv_plateau20"",""/panels/horizon_reversal/individually_tuned/9/cells/nodewise/runs/4/csv_plateau20""]","[""OCC-050a9c78acff1640"",""OCC-11a09128e77c5079"",""OCC-13f0b88cfc09d36d"",""OCC-2f570639f2e7e933"",""OCC-314ecc3a89bc1128"",""OCC-4dbaabb29754622f"",""OCC-7ad848fd22f3cd1f"",""OCC-81fef8efe5dd6db2"",""OCC-a33900feac201c98"",""OCC-af6301fd73cf6fd0"",""OCC-c4353498601e8f08"",""OCC-d4c167ffe64f0db8""]","[""full_granularity_ladder"",""horizon_reversal""]"
MEAS-9ac060ca3f43040b,RUN-4680938,legacy_plateau20,test,accuracy_percent,91.643,80,100,20,parsed raw epoch count; legacy terminal CSV window,100,True,4680938,0,1492572e318f9bdd7aa7d710455ae67d46aec4f7e26217b0b83a4baa35f1ee0d,"[""archive/Account1/runs/a0L-blk6-1e3-s0-4680938.out""]","[""csv_plateau20""]","[""/panels/full_granularity_ladder/cells/10/runs/0/csv_plateau20"",""/panels/initialization_startup/matched_100/6/runs/0/csv_plateau20""]","[""OCC-6b6656e12aaaba8d"",""OCC-c65c6801a80877f3""]","[""full_granularity_ladder"",""initialization_startup""]"
MEAS-8ffeaeda23349faf,RUN-4680882,legacy_plateau20,test,accuracy_percent,91.633,80,100,20,parsed raw epoch count; legacy terminal CSV window,100,True,4680882,0,82664a4e863e003b5915b72e3d44683d9c32e6db0493b11e18d198ecde0c1fe4,"[""archive/Account1/runs/a0h-blk6-1e3-s0-4680882.out""]","[""csv_plateau20""]","[""/panels/full_granularity_ladder/cells/10/runs/1/csv_plateau20""]","[""OCC-6b6656e12aaaba8d""]","[""full_granularity_ladder""]"
MEAS-e78d9f4192ce4b3f,RUN-4700402,legacy_plateau20,test,accuracy_percent,91.609,80,100,20,parsed raw epoch count; legacy terminal CSV window,100,True,4700402,0,e0bc1a47ec4a61a92a5ad2ca02a625ddd1408330b911cb75dcee777826148cab,"[""archive/Account1/runs/rs-blk6-1e3-s0-4700402.out""]","[""csv_plateau20""]","[""/panels/full_granularity_ladder/cells/10/runs/2/csv_plateau20""]","[""OCC-6b6656e12aaaba8d""]","[""full_granularity_ladder""]"
MEAS-c97a1156dc898fd8,RUN-4680950,legacy_plateau20,test,accuracy_percent,91.424,80,100,20,parsed raw epoch count; legacy terminal CSV window,100,True,4680950,1,45c7ae4127c21710d45d3750bad2a654cc87f6c08a125c39a9f2422d9cae49dc,"[""archive/Account1/runs/a0L-blk6-1e3-s1-4680950.out""]","[""csv_plateau20""]","[""/panels/full_granularity_ladder/cells/10/runs/3/csv_plateau20"",""/panels/initialization_startup/matched_100/6/runs/1/csv_plateau20""]","[""OCC-6b6656e12aaaba8d"",""OCC-c65c6801a80877f3""]","[""full_granularity_ladder"",""initialization_startup""]"
MEAS-f520438ccdbe4e0b,RUN-4680883,legacy_plateau20,test,accuracy_percent,91.492,80,100,20,parsed raw epoch count; legacy terminal CSV window,100,True,4680883,1,374442e7dd93376370d363a97575cf74676393691c66b0810cb097f1cdb885a6,"[""archive/Account1/runs/a0h-blk6-1e3-s1-4680883.out""]","[""csv_plateau20""]","[""/panels/full_granularity_ladder/cells/10/runs/4/csv_plateau20""]","[""OCC-6b6656e12aaaba8d""]","[""full_granularity_ladder""]"
MEAS-a119b4b835f057ec,RUN-4708200,legacy_plateau20,test,accuracy_percent,92.48,80,100,20,parsed raw epoch count; legacy terminal CSV window,100,True,4708200,0,c775c6348753862de4f5596e1e7773872c9a8c0b93c3402400427af092d10620,"[""archive/Account1/runs/at1-blk6-s0-4708200.out""]","[""csv_plateau20""]","[""/panels/full_granularity_ladder/cells/11/runs/0/csv_plateau20"",""/panels/full_granularity_ladder/observed_peaks/1/runs/0/csv_plateau20""]","[""OCC-6aa660639000e15e"",""OCC-bc20f33939793abd""]","[""full_granularity_ladder""]"
MEAS-90bd86d3be5f9103,RUN-4700400,legacy_plateau20,test,accuracy_percent,92.621,80,100,20,parsed raw epoch count; legacy terminal CSV window,100,True,4700400,0,2fd4c74a724c3eed390f23d52d8e3c6ecfb962b957a5d5b1983fdacf30899f55,"[""archive/Account1/runs/rs-blk6-1e4-s0-4700400.out""]","[""csv_plateau20""]","[""/panels/full_granularity_ladder/cells/11/runs/1/csv_plateau20"",""/panels/full_granularity_ladder/observed_peaks/1/runs/1/csv_plateau20""]","[""OCC-6aa660639000e15e"",""OCC-bc20f33939793abd""]","[""full_granularity_ladder""]"
MEAS-d59278bd33d2a05c,RUN-4708201,legacy_plateau20,test,accuracy_percent,92.424,80,100,20,parsed raw epoch count; legacy terminal CSV window,100,True,4708201,1,55411b27cdbf351d3ff76801be1a945c64e08ed12aeb64c78af186239e408ec2,"[""archive/Account1/runs/at1-blk6-s1-4708201.out""]","[""csv_plateau20""]","[""/panels/full_granularity_ladder/cells/11/runs/2/csv_plateau20"",""/panels/full_granularity_ladder/observed_peaks/1/runs/2/csv_plateau20""]","[""OCC-6aa660639000e15e"",""OCC-bc20f33939793abd""]","[""full_granularity_ladder""]"
MEAS-6cd3e1fabc74fa57,RUN-4700410,legacy_plateau20,test,accuracy_percent,92.54,80,100,20,parsed raw epoch count; legacy terminal CSV window,100,True,4700410,1,a6e0b634f833ee595b8ff405bcc76110ed8d756cf316df1322ad601d9942c211,"[""archive/Account1/runs/rs-blk6-1e4-s1-4700410.out""]","[""csv_plateau20""]","[""/panels/full_granularity_ladder/cells/11/runs/3/csv_plateau20"",""/panels/full_granularity_ladder/observed_peaks/1/runs/3/csv_plateau20""]","[""OCC-6aa660639000e15e"",""OCC-bc20f33939793abd""]","[""full_granularity_ladder""]"
MEAS-c33e163ae62b63a7,RUN-4708202,legacy_plateau20,test,accuracy_percent,92.299,80,100,20,parsed raw epoch count; legacy terminal CSV window,100,True,4708202,2,96e0f59cc09652f9013647b9f98f02466e26fb7fa57ec3a29139372b0afe1416,"[""archive/Account1/runs/at1-blk6-s2-4708202.out""]","[""csv_plateau20""]","[""/panels/full_granularity_ladder/cells/11/runs/4/csv_plateau20"",""/panels/full_granularity_ladder/observed_peaks/1/runs/4/csv_plateau20""]","[""OCC-6aa660639000e15e"",""OCC-bc20f33939793abd""]","[""full_granularity_ladder""]"
MEAS-bd0ce64041355237,RUN-4700403,legacy_plateau20,test,accuracy_percent,91.375,80,100,20,parsed raw epoch count; legacy terminal CSV window,100,True,4700403,0,64425adc0ff869a6a72c2213a342a947a178ff2b327670c1fe3f4abaf202ae07,"[""archive/Account1/runs/rs-blk6-3e3-s0-4700403.out""]","[""csv_plateau20""]","[""/panels/full_granularity_ladder/cells/12/runs/0/csv_plateau20""]","[""OCC-21cbd3c9eedaeae3""]","[""full_granularity_ladder""]"
MEAS-297b44969a5a1629,RUN-4700401,legacy_plateau20,test,accuracy_percent,91.939,80,100,20,parsed raw epoch count; legacy terminal CSV window,100,True,4700401,0,d7f9caa0f8b524fd1b421fba89e7e8820a16fc8eaa1182ddad6d9bb7797b3387,"[""archive/Account1/runs/rs-blk6-3e4-s0-4700401.out""]","[""csv_plateau20""]","[""/panels/full_granularity_ladder/cells/13/runs/0/csv_plateau20""]","[""OCC-39f0a0069e5457a6""]","[""full_granularity_ladder""]"
MEAS-6e5178b42b3143e3,RUN-4700399,legacy_plateau20,test,accuracy_percent,91.432,80,100,20,parsed raw epoch count; legacy terminal CSV window,100,True,4700399,0,e8d023419c029e208bf2389a40a341af1d22c3afd2c7605b4eba010d6993c363,"[""archive/Account1/runs/rs-blk6-3e5-s0-4700399.out""]","[""csv_plateau20""]","[""/panels/full_granularity_ladder/cells/14/runs/0/csv_plateau20""]","[""OCC-e13713229ae82bf6""]","[""full_granularity_ladder""]"
MEAS-a7409721ce861b0f,RUN-4700409,legacy_plateau20,test,accuracy_percent,91.456,80,100,20,parsed raw epoch count; legacy terminal CSV window,100,True,4700409,1,868423dee485da3679db399baa0dd212af1b697f9de8f96c6644918b2e152819,"[""archive/Account1/runs/rs-blk6-3e5-s1-4700409.out""]","[""csv_plateau20""]","[""/panels/full_granularity_ladder/cells/14/runs/1/csv_plateau20""]","[""OCC-e13713229ae82bf6""]","[""full_granularity_ladder""]"
MEAS-188d6e06208df6d7,RUN-4680937,legacy_plateau20,test,accuracy_percent,87.891,80,100,20,parsed raw epoch count; legacy terminal CSV window,100,True,4680937,0,1afca40d743ef58590a0a76a032989227233a71d551d874553637363efeabf0d,"[""archive/Account1/runs/a0L-scal-1e3-s0-4680937.out""]","[""csv_plateau20""]","[""/panels/full_granularity_ladder/cells/15/runs/0/csv_plateau20"",""/panels/initialization_startup/matched_100/9/runs/0/csv_plateau20""]","[""OCC-7a782e2da3626eed"",""OCC-890259ac1aeb7983""]","[""full_granularity_ladder"",""initialization_startup""]"
MEAS-3525c3cdbab94003,RUN-4680809,legacy_plateau20,test,accuracy_percent,87.951,80,100,20,parsed raw epoch count; legacy terminal CSV window,100,True,4680809,0,88f6766dacf5c279371865e0d62ea30947dc8eea99dc921da525e045e80760dd,"[""archive/Account1/runs/a0h-scal-1e3-s0-4680809.out""]","[""csv_plateau20""]","[""/panels/full_granularity_ladder/cells/15/runs/1/csv_plateau20""]","[""OCC-7a782e2da3626eed""]","[""full_granularity_ladder""]"
MEAS-67e045b66053255c,RUN-4912745,legacy_plateau20,test,accuracy_percent,88.005,80,100,20,parsed raw epoch count; legacy terminal CSV window,100,True,4912745,0,f4d4aaaad079fab92243ee18099edeb74fc012cae31de4abf4d1df2fa672d1f5,"[""archive/Account2/runs/cfr1-sc-C-s0-4912745.out""]","[""csv_plateau20""]","[""/panels/full_granularity_ladder/cells/15/runs/2/csv_plateau20""]","[""OCC-7a782e2da3626eed""]","[""full_granularity_ladder""]"
MEAS-a420f61622554e7c,RUN-4687146,legacy_plateau20,test,accuracy_percent,88.086,80,100,20,parsed raw epoch count; legacy terminal CSV window,100,True,4687146,0,ccca6e8f1100625e805b306d9455648041a993eb1da2ad06de7d55b9a3e9494c,"[""archive/Account2/runs/ms-scalA-1e3-s0-4687146.out""]","[""csv_plateau20""]","[""/panels/full_granularity_ladder/cells/15/runs/3/csv_plateau20""]","[""OCC-7a782e2da3626eed""]","[""full_granularity_ladder""]"
MEAS-ef50698b80bf867b,RUN-4682943,legacy_plateau20,test,accuracy_percent,87.635,80,100,20,parsed raw epoch count; legacy terminal CSV window,100,True,4682943,0,c4813ba2ef18818301798e665b7a4f798cd70088cd4c9601a0fc7ed34a0edc56,"[""archive/Account2/runs/mx-a1e3-scal-s0-4682943.out""]","[""csv_plateau20""]","[""/panels/full_granularity_ladder/cells/15/runs/4/csv_plateau20""]","[""OCC-7a782e2da3626eed""]","[""full_granularity_ladder""]"
MEAS-de7043905abfce43,RUN-4886445,legacy_plateau20,test,accuracy_percent,87.773,80,100,20,parsed raw epoch count; legacy terminal CSV window,100,True,4886445,0,fcab90fc224bc519c985473288fcad13b2aca7f9a07a1ade1d1b66ad7b395850,"[""archive/Account2/runs/tl1-a3-scal-s0-4886445.out""]","[""csv_plateau20"",""plateau20""]","[""/panels/full_granularity_ladder/cells/15/runs/5/csv_plateau20"",""/panels/original_proposal_and_joint_tuning/twolevel/cells/6/runs/0/plateau20""]","[""OCC-651a884a5240f4c7"",""OCC-7a782e2da3626eed""]","[""full_granularity_ladder"",""original_proposal_and_joint_tuning""]"
MEAS-cc7942d814b87f08,RUN-4680949,legacy_plateau20,test,accuracy_percent,87.804,80,100,20,parsed raw epoch count; legacy terminal CSV window,100,True,4680949,1,c4293162a3cb62d5906bc68a552077208aab39524dedd59065923ddbc12fcf52,"[""archive/Account1/runs/a0L-scal-1e3-s1-4680949.out""]","[""csv_plateau20""]","[""/panels/full_granularity_ladder/cells/15/runs/6/csv_plateau20"",""/panels/initialization_startup/matched_100/9/runs/1/csv_plateau20""]","[""OCC-7a782e2da3626eed"",""OCC-890259ac1aeb7983""]","[""full_granularity_ladder"",""initialization_startup""]"
MEAS-3ab1d2e3214067c7,RUN-4680815,legacy_plateau20,test,accuracy_percent,87.81,80,100,20,parsed raw epoch count; legacy terminal CSV window,100,True,4680815,1,ae4c1b1a80cff92e8d5bb1d60db633f0ed280a7c263103fa0b9f00669783f972,"[""archive/Account1/runs/a0h-scal-1e3-s1-4680815.out""]","[""csv_plateau20""]","[""/panels/full_granularity_ladder/cells/15/runs/7/csv_plateau20""]","[""OCC-7a782e2da3626eed""]","[""full_granularity_ladder""]"
MEAS-ad9736ea3ce12c60,RUN-4912749,legacy_plateau20,test,accuracy_percent,87.787,80,100,20,parsed raw epoch count; legacy terminal CSV window,100,True,4912749,1,21cffd1d067db266002e9294f0febbcc846682b3cc8cc2610a640b3fc913117c,"[""archive/Account2/runs/cfr1-sc-C-s1-4912749.out""]","[""csv_plateau20""]","[""/panels/full_granularity_ladder/cells/15/runs/8/csv_plateau20""]","[""OCC-7a782e2da3626eed""]","[""full_granularity_ladder""]"
MEAS-d6ca394475b300b0,RUN-4687148,legacy_plateau20,test,accuracy_percent,87.614,80,100,20,parsed raw epoch count; legacy terminal CSV window,100,True,4687148,1,8ed362b15dcc1f306116722b3030471235b80ce6623dcf018be939983968b9d4,"[""archive/Account2/runs/ms-scalA-1e3-s1-4687148.out""]","[""csv_plateau20""]","[""/panels/full_granularity_ladder/cells/15/runs/9/csv_plateau20""]","[""OCC-7a782e2da3626eed""]","[""full_granularity_ladder""]"
MEAS-3649ee00e84ec441,RUN-4682946,legacy_plateau20,test,accuracy_percent,87.869,80,100,20,parsed raw epoch count; legacy terminal CSV window,100,True,4682946,1,d8a96aea3b3d28223938a01535f022d018c9e324d1f6e623ddbfa07dac14b66f,"[""archive/Account2/runs/mx-a1e3-scal-s1-4682946.out""]","[""csv_plateau20""]","[""/panels/full_granularity_ladder/cells/15/runs/10/csv_plateau20""]","[""OCC-7a782e2da3626eed""]","[""full_granularity_ladder""]"
MEAS-bf473d46a5443a21,RUN-4886452,legacy_plateau20,test,accuracy_percent,87.791,80,100,20,parsed raw epoch count; legacy terminal CSV window,100,True,4886452,1,a280f9eb762ac84aa4c79cc215504f94c5f9d0384aa5c0e6cf93a07f9512110b,"[""archive/Account2/runs/tl1-a3-scal-s1-4886452.out""]","[""csv_plateau20"",""plateau20""]","[""/panels/full_granularity_ladder/cells/15/runs/11/csv_plateau20"",""/panels/original_proposal_and_joint_tuning/twolevel/cells/6/runs/1/plateau20""]","[""OCC-651a884a5240f4c7"",""OCC-7a782e2da3626eed""]","[""full_granularity_ladder"",""original_proposal_and_joint_tuning""]"
MEAS-9db4e28473ff03f8,RUN-4912753,legacy_plateau20,test,accuracy_percent,87.588,80,100,20,parsed raw epoch count; legacy terminal CSV window,100,True,4912753,2,c465915c95dd5611691fc27b7713336a790a05a25c29b2773af131ff98a1eb6d,"[""archive/Account2/runs/cfr1-sc-C-s2-4912753.out""]","[""csv_plateau20""]","[""/panels/full_granularity_ladder/cells/15/runs/12/csv_plateau20""]","[""OCC-7a782e2da3626eed""]","[""full_granularity_ladder""]"
MEAS-82188b90b2fea0ad,RUN-4687150,legacy_plateau20,test,accuracy_percent,87.953,80,100,20,parsed raw epoch count; legacy terminal CSV window,100,True,4687150,2,80eea2e64c2986ddc3cc016ee71e84234f976e60c8189f23eb5b87a1ccba4971,"[""archive/Account2/runs/ms-scalA-1e3-s2-4687150.out""]","[""csv_plateau20""]","[""/panels/full_granularity_ladder/cells/15/runs/13/csv_plateau20""]","[""OCC-7a782e2da3626eed""]","[""full_granularity_ladder""]"
MEAS-6f655ee9b68d2d74,RUN-4682949,legacy_plateau20,test,accuracy_percent,87.632,80,100,20,parsed raw epoch count; legacy terminal CSV window,100,True,4682949,2,97140f28f5402193ae167d0bf3cdd3399689f13abc9d1c8047d2f2670806e9aa,"[""archive/Account2/runs/mx-a1e3-scal-s2-4682949.out""]","[""csv_plateau20""]","[""/panels/full_granularity_ladder/cells/15/runs/14/csv_plateau20""]","[""OCC-7a782e2da3626eed""]","[""full_granularity_ladder""]"
MEAS-17cdf9900ea13d81,RUN-4886459,legacy_plateau20,test,accuracy_percent,87.702,80,100,20,parsed raw epoch count; legacy terminal CSV window,100,True,4886459,2,ade40cece905d83e4608025a446206bce06e42bba5d971833c4f5dbc57c8f6fe,"[""archive/Account2/runs/tl1-a3-scal-s2-4886459.out""]","[""csv_plateau20"",""plateau20""]","[""/panels/full_granularity_ladder/cells/15/runs/15/csv_plateau20"",""/panels/original_proposal_and_joint_tuning/twolevel/cells/6/runs/2/plateau20""]","[""OCC-651a884a5240f4c7"",""OCC-7a782e2da3626eed""]","[""full_granularity_ladder"",""original_proposal_and_joint_tuning""]"
MEAS-07397ebff5a1c5de,RUN-4682952,legacy_plateau20,test,accuracy_percent,87.284,80,100,20,parsed raw epoch count; legacy terminal CSV window,100,True,4682952,3,b7468b8e84b02476b892bf4ee79d4a87e953ab9d43636fdbd031333803bb7197,"[""archive/Account2/runs/mx-a1e3-scal-s3-4682952.out""]","[""csv_plateau20""]","[""/panels/full_granularity_ladder/cells/15/runs/16/csv_plateau20""]","[""OCC-7a782e2da3626eed""]","[""full_granularity_ladder""]"
MEAS-4fc822ed032a437b,RUN-4700386,legacy_plateau20,test,accuracy_percent,87.818,80,100,20,parsed raw epoch count; legacy terminal CSV window,100,True,4700386,3,f87df4fdcb2a3be46a54c0007ee4f75d76b67db79ee838f26a55d957af163fc3,"[""archive/Account1/runs/rs-scal-1e3-s3-4700386.out""]","[""csv_plateau20""]","[""/panels/full_granularity_ladder/cells/15/runs/17/csv_plateau20""]","[""OCC-7a782e2da3626eed""]","[""full_granularity_ladder""]"
MEAS-6c8fb8619bbfe814,RUN-4682955,legacy_plateau20,test,accuracy_percent,87.465,80,100,20,parsed raw epoch count; legacy terminal CSV window,100,True,4682955,4,cc1d5cc180814d70e6da1056bc169ccc0eae0e0d002e62065305520dcd6e8fe9,"[""archive/Account2/runs/mx-a1e3-scal-s4-4682955.out""]","[""csv_plateau20""]","[""/panels/full_granularity_ladder/cells/15/runs/18/csv_plateau20""]","[""OCC-7a782e2da3626eed""]","[""full_granularity_ladder""]"
MEAS-4034ae9d388a2144,RUN-4700390,legacy_plateau20,test,accuracy_percent,87.801,80,100,20,parsed raw epoch count; legacy terminal CSV window,100,True,4700390,4,1d184474110f6914e7360f92d44e4e5430af92bba06520ca36810831ccf91eb5,"[""archive/Account1/runs/rs-scal-1e3-s4-4700390.out""]","[""csv_plateau20""]","[""/panels/full_granularity_ladder/cells/15/runs/19/csv_plateau20""]","[""OCC-7a782e2da3626eed""]","[""full_granularity_ladder""]"
MEAS-c45eba616156a4eb,RUN-4687145,legacy_plateau20,test,accuracy_percent,92.355,80,100,20,parsed raw epoch count; legacy terminal CSV window,100,True,4687145,0,7905c48a2fefec7400ac7af44f62d3aab760c68f89a003e6a249ddc04a361458,"[""archive/Account2/runs/ms-scalA-1e4-s0-4687145.out""]","[""csv_plateau20""]","[""/panels/full_granularity_ladder/cells/16/runs/0/csv_plateau20"",""/panels/full_granularity_ladder/observed_peaks/0/runs/0/csv_plateau20""]","[""OCC-5cd50d88e6fc954c"",""OCC-98ae1dfe007eb755""]","[""full_granularity_ladder""]"
MEAS-6278bad93037deb3,RUN-4687147,legacy_plateau20,test,accuracy_percent,92.455,80,100,20,parsed raw epoch count; legacy terminal CSV window,100,True,4687147,1,9365de25f41b11a25d473391b68c6c8f5ff2b4f708369920e0e1520d56dcd995,"[""archive/Account2/runs/ms-scalA-1e4-s1-4687147.out""]","[""csv_plateau20""]","[""/panels/full_granularity_ladder/cells/16/runs/1/csv_plateau20"",""/panels/full_granularity_ladder/observed_peaks/0/runs/1/csv_plateau20""]","[""OCC-5cd50d88e6fc954c"",""OCC-98ae1dfe007eb755""]","[""full_granularity_ladder""]"
MEAS-d286492e0236ae6d,RUN-4687149,legacy_plateau20,test,accuracy_percent,91.957,80,100,20,parsed raw epoch count; legacy terminal CSV window,100,True,4687149,2,313705066d651bb5b5f8c35e01e016fac1110bf6ea5cf0eaa001e1f233f11b88,"[""archive/Account2/runs/ms-scalA-1e4-s2-4687149.out""]","[""csv_plateau20""]","[""/panels/full_granularity_ladder/cells/16/runs/2/csv_plateau20"",""/panels/full_granularity_ladder/observed_peaks/0/runs/2/csv_plateau20""]","[""OCC-5cd50d88e6fc954c"",""OCC-98ae1dfe007eb755""]","[""full_granularity_ladder""]"
MEAS-ae3f01025e42d411,RUN-4700385,legacy_plateau20,test,accuracy_percent,92.174,80,100,20,parsed raw epoch count; legacy terminal CSV window,100,True,4700385,3,0a3b1fcf556b32c231cfc01940e2a3626229f67aaa2afada06829c81fd6a7c04,"[""archive/Account1/runs/rs-scal-1e4-s3-4700385.out""]","[""csv_plateau20""]","[""/panels/full_granularity_ladder/cells/16/runs/3/csv_plateau20"",""/panels/full_granularity_ladder/observed_peaks/0/runs/3/csv_plateau20""]","[""OCC-5cd50d88e6fc954c"",""OCC-98ae1dfe007eb755""]","[""full_granularity_ladder""]"
MEAS-6b17cc524c8b2568,RUN-4700389,legacy_plateau20,test,accuracy_percent,92.216,80,100,20,parsed raw epoch count; legacy terminal CSV window,100,True,4700389,4,689ff8fded9724711f2f89d5eafeefec9b42de2a31b21dd40be0eef6d65ed6d7,"[""archive/Account1/runs/rs-scal-1e4-s4-4700389.out""]","[""csv_plateau20""]","[""/panels/full_granularity_ladder/cells/16/runs/4/csv_plateau20"",""/panels/full_granularity_ladder/observed_peaks/0/runs/4/csv_plateau20""]","[""OCC-5cd50d88e6fc954c"",""OCC-98ae1dfe007eb755""]","[""full_granularity_ladder""]"
MEAS-dd6ffe4b6ee9572e,RUN-4700355,legacy_plateau20,test,accuracy_percent,90.662,80,100,20,parsed raw epoch count; legacy terminal CSV window,100,True,4700355,0,ba68553b965244dc1340b0a0bec0b3554ba59394b8707a9697bddc44a5ad78a2,"[""archive/Account1/runs/rs-scal-1e5-s0-4700355.out""]","[""csv_plateau20""]","[""/panels/full_granularity_ladder/cells/17/runs/0/csv_plateau20""]","[""OCC-5ee074864d4fc53f""]","[""full_granularity_ladder""]"
MEAS-a15af8e350253828,RUN-4700361,legacy_plateau20,test,accuracy_percent,90.761,80,100,20,parsed raw epoch count; legacy terminal CSV window,100,True,4700361,1,f0cad0206b2b7828c94f5a53402f4bcf93dc3889f383b9897e7646f9b2898570,"[""archive/Account1/runs/rs-scal-1e5-s1-4700361.out""]","[""csv_plateau20""]","[""/panels/full_granularity_ladder/cells/17/runs/1/csv_plateau20""]","[""OCC-5ee074864d4fc53f""]","[""full_granularity_ladder""]"
MEAS-c134ddbe4d492caf,RUN-4700367,legacy_plateau20,test,accuracy_percent,90.526,80,100,20,parsed raw epoch count; legacy terminal CSV window,100,True,4700367,2,705bf204d716766e78a796b11da2d189f51de8670634509636fca6c17d6d7a1b,"[""archive/Account1/runs/rs-scal-1e5-s2-4700367.out""]","[""csv_plateau20""]","[""/panels/full_granularity_ladder/cells/17/runs/2/csv_plateau20""]","[""OCC-5ee074864d4fc53f""]","[""full_granularity_ladder""]"
MEAS-3706fc053e9eec70,RUN-4700373,legacy_plateau20,test,accuracy_percent,90.804,80,100,20,parsed raw epoch count; legacy terminal CSV window,100,True,4700373,3,9a27e32cf0116d1a15e1f8a1a2dd0ed288226b4f7c9d2dfe3f9e47c3df44f24f,"[""archive/Account1/runs/rs-scal-1e5-s3-4700373.out""]","[""csv_plateau20""]","[""/panels/full_granularity_ladder/cells/17/runs/3/csv_plateau20""]","[""OCC-5ee074864d4fc53f""]","[""full_granularity_ladder""]"
MEAS-a1dfb5cbb920271e,RUN-4700379,legacy_plateau20,test,accuracy_percent,90.744,80,100,20,parsed raw epoch count; legacy terminal CSV window,100,True,4700379,4,e80176800075c6a0d3b5cb53761ba95e006e5340944d2616f3a48941509be1ec,"[""archive/Account1/runs/rs-scal-1e5-s4-4700379.out""]","[""csv_plateau20""]","[""/panels/full_granularity_ladder/cells/17/runs/4/csv_plateau20""]","[""OCC-5ee074864d4fc53f""]","[""full_granularity_ladder""]"
MEAS-45f22a584256e085,RUN-4700393,legacy_plateau20,test,accuracy_percent,90.117,80,100,20,parsed raw epoch count; legacy terminal CSV window,100,True,4700393,0,32cff8ee3e4baee7c7af67c352092833cc6b84ef722a924f12dcb76626504606,"[""archive/Account1/runs/rs-scal-frz-s0-4700393.out""]","[""csv_plateau20""]","[""/panels/full_granularity_ladder/cells/18/runs/0/csv_plateau20""]","[""OCC-ec13575d86f19509""]","[""full_granularity_ladder""]"
MEAS-6baa12804b2eb726,RUN-4700395,legacy_plateau20,test,accuracy_percent,90.117,80,100,20,parsed raw epoch count; legacy terminal CSV window,100,True,4700395,1,e476db2a584d2992ee3f3fe2ee3d833f631d06a87e01e2963b36ffe1293584ef,"[""archive/Account1/runs/rs-scal-frz-s1-4700395.out""]","[""csv_plateau20""]","[""/panels/full_granularity_ladder/cells/18/runs/1/csv_plateau20""]","[""OCC-ec13575d86f19509""]","[""full_granularity_ladder""]"
MEAS-09b74d6538a819c4,RUN-4700397,legacy_plateau20,test,accuracy_percent,90.335,80,100,20,parsed raw epoch count; legacy terminal CSV window,100,True,4700397,2,714d99ad97d8089370cabb66be009d765fa245f8076f135b681f49f2c7f9e7a8,"[""archive/Account1/runs/rs-scal-frz-s2-4700397.out""]","[""csv_plateau20""]","[""/panels/full_granularity_ladder/cells/18/runs/2/csv_plateau20""]","[""OCC-ec13575d86f19509""]","[""full_granularity_ladder""]"
MEAS-76dc438593c9c9ee,RUN-4913096,legacy_plateau20,test,accuracy_percent,88.809,80,100,20,parsed raw epoch count; legacy terminal CSV window,100,True,4913096,0,5e53da082838f2b940bf547a4a7676f4c5c8f4330229970b13894641ad231e13,"[""archive/Account2/runs/cfr2-sc-C-s0-4913096.out""]","[""csv_plateau20""]","[""/panels/full_granularity_ladder/cells/19/runs/0/csv_plateau20""]","[""OCC-3546a2e234d53f00""]","[""full_granularity_ladder""]"
MEAS-958bd6cafde98a41,RUN-4700357,legacy_plateau20,test,accuracy_percent,89.213,80,100,20,parsed raw epoch count; legacy terminal CSV window,100,True,4700357,0,2eb583d617213c369f2fe4fc6e95144ef7e1f55ba1f115710bbfdf363004c633,"[""archive/Account1/runs/rs-scal-3e4-s0-4700357.out""]","[""csv_plateau20""]","[""/panels/full_granularity_ladder/cells/19/runs/1/csv_plateau20""]","[""OCC-3546a2e234d53f00""]","[""full_granularity_ladder""]"
MEAS-e294931a25c98d77,RUN-4913100,legacy_plateau20,test,accuracy_percent,88.883,80,100,20,parsed raw epoch count; legacy terminal CSV window,100,True,4913100,1,fd9f67895ec52910f7804981f38c8d579c6f0dfe5841ae2eb4fe704d5bde100f,"[""archive/Account2/runs/cfr2-sc-C-s1-4913100.out""]","[""csv_plateau20""]","[""/panels/full_granularity_ladder/cells/19/runs/2/csv_plateau20""]","[""OCC-3546a2e234d53f00""]","[""full_granularity_ladder""]"
MEAS-02bf928c7f80ab35,RUN-4700363,legacy_plateau20,test,accuracy_percent,89.205,80,100,20,parsed raw epoch count; legacy terminal CSV window,100,True,4700363,1,d2c0cfa072e91410140955c3ea3c1e728ccfee15fafc31208bdcb7ae50b89676,"[""archive/Account1/runs/rs-scal-3e4-s1-4700363.out""]","[""csv_plateau20""]","[""/panels/full_granularity_ladder/cells/19/runs/3/csv_plateau20""]","[""OCC-3546a2e234d53f00""]","[""full_granularity_ladder""]"
MEAS-f5a01b6c18e859ce,RUN-4913104,legacy_plateau20,test,accuracy_percent,88.665,80,100,20,parsed raw epoch count; legacy terminal CSV window,100,True,4913104,2,3566859315c6159f6d89987fe1a20bcdf4a8853b2d12114768cacc338307263c,"[""archive/Account2/runs/cfr2-sc-C-s2-4913104.out""]","[""csv_plateau20""]","[""/panels/full_granularity_ladder/cells/19/runs/4/csv_plateau20""]","[""OCC-3546a2e234d53f00""]","[""full_granularity_ladder""]"
MEAS-04594eb010a37cfe,RUN-4700369,legacy_plateau20,test,accuracy_percent,88.677,80,100,20,parsed raw epoch count; legacy terminal CSV window,100,True,4700369,2,c2195eba019d0482cddf9554a442359c21aa86671e55f3d1da920e6a1ebd17c6,"[""archive/Account1/runs/rs-scal-3e4-s2-4700369.out""]","[""csv_plateau20""]","[""/panels/full_granularity_ladder/cells/19/runs/5/csv_plateau20""]","[""OCC-3546a2e234d53f00""]","[""full_granularity_ladder""]"
MEAS-cfc0e10c3f26d864,RUN-4700375,legacy_plateau20,test,accuracy_percent,88.046,80,100,20,parsed raw epoch count; legacy terminal CSV window,100,True,4700375,3,0b547724f3dc428657cc77a9c9b53bfd23b88355c9cdcdd5842a11bff191bcdb,"[""archive/Account1/runs/rs-scal-3e4-s3-4700375.out""]","[""csv_plateau20""]","[""/panels/full_granularity_ladder/cells/19/runs/6/csv_plateau20""]","[""OCC-3546a2e234d53f00""]","[""full_granularity_ladder""]"
MEAS-57fb8f4dd1d746fa,RUN-4700381,legacy_plateau20,test,accuracy_percent,88.576,80,100,20,parsed raw epoch count; legacy terminal CSV window,100,True,4700381,4,783b6abfe7c57ee2d3811c6ca4afffd3cb9262a5ab3149bc0d4dea0964765e85,"[""archive/Account1/runs/rs-scal-3e4-s4-4700381.out""]","[""csv_plateau20""]","[""/panels/full_granularity_ladder/cells/19/runs/7/csv_plateau20""]","[""OCC-3546a2e234d53f00""]","[""full_granularity_ladder""]"
MEAS-be34303f2a0587ab,RUN-4700356,legacy_plateau20,test,accuracy_percent,91.701,80,100,20,parsed raw epoch count; legacy terminal CSV window,100,True,4700356,0,aad1672f0b0ce75a23c3585c919013380eda41a6651d0e18994d1c888537c62c,"[""archive/Account1/runs/rs-scal-3e5-s0-4700356.out""]","[""csv_plateau20""]","[""/panels/full_granularity_ladder/cells/20/runs/0/csv_plateau20""]","[""OCC-11497b8a1c60e20a""]","[""full_granularity_ladder""]"
MEAS-4bb4e2c01e2e9cef,RUN-4700362,legacy_plateau20,test,accuracy_percent,91.401,80,100,20,parsed raw epoch count; legacy terminal CSV window,100,True,4700362,1,f476abb0c4385e58b0b449c213927016c3052d9982e8bbc5bc3e38a55f3d34aa,"[""archive/Account1/runs/rs-scal-3e5-s1-4700362.out""]","[""csv_plateau20""]","[""/panels/full_granularity_ladder/cells/20/runs/1/csv_plateau20""]","[""OCC-11497b8a1c60e20a""]","[""full_granularity_ladder""]"
MEAS-b3efb16e52763b16,RUN-4700368,legacy_plateau20,test,accuracy_percent,91.659,80,100,20,parsed raw epoch count; legacy terminal CSV window,100,True,4700368,2,25892e5861328cfd69782ec31cc7a7a3d73278e9459e30f37f8af3f317f59412,"[""archive/Account1/runs/rs-scal-3e5-s2-4700368.out""]","[""csv_plateau20""]","[""/panels/full_granularity_ladder/cells/20/runs/2/csv_plateau20""]","[""OCC-11497b8a1c60e20a""]","[""full_granularity_ladder""]"
MEAS-f696fee7702c84c5,RUN-4700374,legacy_plateau20,test,accuracy_percent,91.601,80,100,20,parsed raw epoch count; legacy terminal CSV window,100,True,4700374,3,3c2d2ed75b5f19b0d8626e018f104f5bc6cad70fa103beaef30bc210331ec5c7,"[""archive/Account1/runs/rs-scal-3e5-s3-4700374.out""]","[""csv_plateau20""]","[""/panels/full_granularity_ladder/cells/20/runs/3/csv_plateau20""]","[""OCC-11497b8a1c60e20a""]","[""full_granularity_ladder""]"
MEAS-582666196da9f0ae,RUN-4700380,legacy_plateau20,test,accuracy_percent,91.413,80,100,20,parsed raw epoch count; legacy terminal CSV window,100,True,4700380,4,16653b85bf72168d38940dea75a61282a871c1bdf23e9cd5d6215f765506648a,"[""archive/Account1/runs/rs-scal-3e5-s4-4700380.out""]","[""csv_plateau20""]","[""/panels/full_granularity_ladder/cells/20/runs/4/csv_plateau20""]","[""OCC-11497b8a1c60e20a""]","[""full_granularity_ladder""]"
MEAS-9c8afa44b14f6daa,RUN-4700578,legacy_plateau20,test,accuracy_percent,90.913,80,100,20,parsed raw epoch count; legacy terminal CSV window,100,True,4700578,0,f7be5c4e38df23d2aee030dbabf6402e5299ea27b5d2adb0d04ff7814a3a57c5,"[""archive/Account1/runs/kt2-ww-a1e-3-s0-4700578.out""]","[""csv_plateau20""]","[""/panels/full_granularity_ladder/cells/21/runs/0/csv_plateau20""]","[""OCC-cace545b12a6a008""]","[""full_granularity_ladder""]"
MEAS-1408cfc2219112b8,RUN-4707498,legacy_plateau20,test,accuracy_percent,90.877,80,100,20,parsed raw epoch count; legacy terminal CSV window,100,True,4707498,0,f1ceb9fd48f119a69e18f49341a7aedf6986cef3b27e2490ba972a36e0a8834c,"[""archive/Account1/runs/wm9-w-1e3-s0-4707498.out""]","[""csv_plateau20""]","[""/panels/full_granularity_ladder/cells/21/runs/1/csv_plateau20"",""/panels/weightwise_tuning/wm9_cells/0/runs/0/csv_plateau20""]","[""OCC-a020ad79ab033134"",""OCC-cace545b12a6a008""]","[""full_granularity_ladder"",""weightwise_tuning""]"
MEAS-f23aecd92c46cb4c,RUN-4707499,legacy_plateau20,test,accuracy_percent,90.674,80,100,20,parsed raw epoch count; legacy terminal CSV window,100,True,4707499,1,4366dbab919100a1a719058330ae1c29d5faa5c8c6460310b6b85e5762346d67,"[""archive/Account1/runs/wm9-w-1e3-s1-4707499.out""]","[""csv_plateau20""]","[""/panels/full_granularity_ladder/cells/21/runs/2/csv_plateau20"",""/panels/weightwise_tuning/wm9_cells/0/runs/1/csv_plateau20""]","[""OCC-a020ad79ab033134"",""OCC-cace545b12a6a008""]","[""full_granularity_ladder"",""weightwise_tuning""]"
MEAS-55e4d48cf65f1516,RUN-4707781,legacy_plateau20,test,accuracy_percent,90.909,80,100,20,parsed raw epoch count; legacy terminal CSV window,100,True,4707781,0,c75582c650af8db1d49a7bda96e0bccf6bd79c8a1aff0c5aab4331b9a0549ec0,"[""archive/Account1/runs/tw0-w-s0-4707781.out""]","[""csv_plateau20""]","[""/panels/full_granularity_ladder/cells/22/runs/0/csv_plateau20"",""/panels/full_granularity_ladder/observed_peaks/4/runs/0/csv_plateau20"",""/panels/weightwise_tuning/tw0_guard_followup_cells/2/runs/0/csv_plateau20""]","[""OCC-17a2cb9fde9ec84e"",""OCC-2fadc7439003aef3"",""OCC-51df0a5ead7cea0b""]","[""full_granularity_ladder"",""weightwise_tuning""]"
MEAS-18c985519b0a7401,RUN-4707494,legacy_plateau20,test,accuracy_percent,90.974,80,100,20,parsed raw epoch count; legacy terminal CSV window,100,True,4707494,0,9760cf7b98eaf5415489be79dcb0fc51c614b540ac820d41168acadd65f072f3,"[""archive/Account1/runs/wm9-w-1e4-s0-4707494.out""]","[""csv_plateau20""]","[""/panels/full_granularity_ladder/cells/22/runs/1/csv_plateau20"",""/panels/full_granularity_ladder/observed_peaks/4/runs/1/csv_plateau20"",""/panels/weightwise_tuning/wm9_cells/1/runs/0/csv_plateau20""]","[""OCC-17a2cb9fde9ec84e"",""OCC-202772af760b7254"",""OCC-2fadc7439003aef3""]","[""full_granularity_ladder"",""weightwise_tuning""]"
MEAS-70c4c99c22df3443,RUN-4707782,legacy_plateau20,test,accuracy_percent,90.861,80,100,20,parsed raw epoch count; legacy terminal CSV window,100,True,4707782,1,1ae840d44cda1cbdbd04405d84295956ead240f7f37fd7db51b01f7266926e79,"[""archive/Account1/runs/tw0-w-s1-4707782.out""]","[""csv_plateau20""]","[""/panels/full_granularity_ladder/cells/22/runs/2/csv_plateau20"",""/panels/full_granularity_ladder/observed_peaks/4/runs/2/csv_plateau20"",""/panels/weightwise_tuning/tw0_guard_followup_cells/2/runs/1/csv_plateau20""]","[""OCC-17a2cb9fde9ec84e"",""OCC-2fadc7439003aef3"",""OCC-51df0a5ead7cea0b""]","[""full_granularity_ladder"",""weightwise_tuning""]"
MEAS-76d9d1f3742f3f32,RUN-4707495,legacy_plateau20,test,accuracy_percent,90.785,80,100,20,parsed raw epoch count; legacy terminal CSV window,100,True,4707495,1,318e622fd951c5c11c63674d18d179d0330854d1dd057f810ef1dd8a8e4f3739,"[""archive/Account1/runs/wm9-w-1e4-s1-4707495.out""]","[""csv_plateau20""]","[""/panels/full_granularity_ladder/cells/22/runs/3/csv_plateau20"",""/panels/full_granularity_ladder/observed_peaks/4/runs/3/csv_plateau20"",""/panels/weightwise_tuning/wm9_cells/1/runs/1/csv_plateau20""]","[""OCC-17a2cb9fde9ec84e"",""OCC-202772af760b7254"",""OCC-2fadc7439003aef3""]","[""full_granularity_ladder"",""weightwise_tuning""]"
MEAS-0adc003fce7e6df1,RUN-4707783,legacy_plateau20,test,accuracy_percent,90.951,80,100,20,parsed raw epoch count; legacy terminal CSV window,100,True,4707783,2,456624effbe13ae58cd1c1284714853944096d6bc1385222efda88c2b0ef04e9,"[""archive/Account1/runs/tw0-w-s2-4707783.out""]","[""csv_plateau20""]","[""/panels/full_granularity_ladder/cells/22/runs/4/csv_plateau20"",""/panels/full_granularity_ladder/observed_peaks/4/runs/4/csv_plateau20"",""/panels/weightwise_tuning/tw0_guard_followup_cells/2/runs/2/csv_plateau20""]","[""OCC-17a2cb9fde9ec84e"",""OCC-2fadc7439003aef3"",""OCC-51df0a5ead7cea0b""]","[""full_granularity_ladder"",""weightwise_tuning""]"
MEAS-f387fa8ad9f6331c,RUN-4707490,legacy_plateau20,test,accuracy_percent,90.458,80,100,20,parsed raw epoch count; legacy terminal CSV window,100,True,4707490,0,5ed4a1e08c465b15baceb99063186a416c320f9433b2e17f5358adeefd5bdf4f,"[""archive/Account1/runs/wm9-w-1e5-s0-4707490.out""]","[""csv_plateau20""]","[""/panels/full_granularity_ladder/cells/23/runs/0/csv_plateau20"",""/panels/weightwise_tuning/wm9_cells/2/runs/0/csv_plateau20""]","[""OCC-9f623f2900f62240"",""OCC-f6b98adb9fe1b502""]","[""full_granularity_ladder"",""weightwise_tuning""]"
MEAS-02274eaafbb67069,RUN-4707491,legacy_plateau20,test,accuracy_percent,90.228,80,100,20,parsed raw epoch count; legacy terminal CSV window,100,True,4707491,1,0ed2bc974ba21267a61e9f1b5415288171afa3bb604a614d9b2d23df15e0fdba,"[""archive/Account1/runs/wm9-w-1e5-s1-4707491.out""]","[""csv_plateau20""]","[""/panels/full_granularity_ladder/cells/23/runs/1/csv_plateau20"",""/panels/weightwise_tuning/wm9_cells/2/runs/1/csv_plateau20""]","[""OCC-9f623f2900f62240"",""OCC-f6b98adb9fe1b502""]","[""full_granularity_ladder"",""weightwise_tuning""]"
MEAS-0c13febdbdc35af1,RUN-4707496,legacy_plateau20,test,accuracy_percent,90.889,80,100,20,parsed raw epoch count; legacy terminal CSV window,100,True,4707496,0,debf5fb7cf373f4bdc9e782e986d76285284e912c3e6fe68c707a8e55fac23af,"[""archive/Account1/runs/wm9-w-3e4-s0-4707496.out""]","[""csv_plateau20""]","[""/panels/full_granularity_ladder/cells/24/runs/0/csv_plateau20"",""/panels/weightwise_tuning/wm9_cells/3/runs/0/csv_plateau20""]","[""OCC-405fa9e426a5fdcf"",""OCC-4c8efa63c30b5358""]","[""full_granularity_ladder"",""weightwise_tuning""]"
MEAS-a4b9f494ddfcce08,RUN-4707497,legacy_plateau20,test,accuracy_percent,90.773,80,100,20,parsed raw epoch count; legacy terminal CSV window,100,True,4707497,1,8833e854d9a62320213035955cb70ac694811be28ddabe037a10bc423e4126ab,"[""archive/Account1/runs/wm9-w-3e4-s1-4707497.out""]","[""csv_plateau20""]","[""/panels/full_granularity_ladder/cells/24/runs/1/csv_plateau20"",""/panels/weightwise_tuning/wm9_cells/3/runs/1/csv_plateau20""]","[""OCC-405fa9e426a5fdcf"",""OCC-4c8efa63c30b5358""]","[""full_granularity_ladder"",""weightwise_tuning""]"
MEAS-db0907b88af4f4e3,RUN-4707492,legacy_plateau20,test,accuracy_percent,90.698,80,100,20,parsed raw epoch count; legacy terminal CSV window,100,True,4707492,0,1dce330d3ab55d07f8fde18d5ed6c273cd42b73d06e6b00e8cb752f786bd7d2b,"[""archive/Account1/runs/wm9-w-3e5-s0-4707492.out""]","[""csv_plateau20""]","[""/panels/full_granularity_ladder/cells/25/runs/0/csv_plateau20"",""/panels/weightwise_tuning/wm9_cells/4/runs/0/csv_plateau20""]","[""OCC-3393c0dec49f6192"",""OCC-6b7bb66fde64cb17""]","[""full_granularity_ladder"",""weightwise_tuning""]"
MEAS-1467420f53b09e6f,RUN-4707493,legacy_plateau20,test,accuracy_percent,90.66,80,100,20,parsed raw epoch count; legacy terminal CSV window,100,True,4707493,1,41166ac21e8fc89ce910c0a0f45a8a28f6292ffed2ab02521d56f60a7f700e87,"[""archive/Account1/runs/wm9-w-3e5-s1-4707493.out""]","[""csv_plateau20""]","[""/panels/full_granularity_ladder/cells/25/runs/1/csv_plateau20"",""/panels/weightwise_tuning/wm9_cells/4/runs/1/csv_plateau20""]","[""OCC-3393c0dec49f6192"",""OCC-6b7bb66fde64cb17""]","[""full_granularity_ladder"",""weightwise_tuning""]"
MEAS-922cf76170b193a8,RUN-4702517,legacy_plateau20,test,accuracy_percent,89.01,20,40,20,parsed raw epoch count; legacy terminal CSV window,40,True,4702517,0,aa43e9f67007587c908046fe96de76d95527b697c0e252391dff3e723443b69b,"[""archive/Account2/runs/br6-lay-c2-s0-4702517.out""]","[""csv_plateau20""]","[""/panels/horizon_reversal/shared_ms/0/cells/br6/layerwise/runs/0/csv_plateau20"",""/panels/horizon_reversal/shared_ms/1/cells/br6/layerwise/runs/0/csv_plateau20"",""/panels/horizon_reversal/shared_ms/2/cells/br6/layerwise/runs/0/csv_plateau20"",""/panels/horizon_reversal/shared_ms/3/cells/br6/layerwise/runs/0/csv_plateau20"",""/panels/horizon_reversal/shared_ms/4/cells/br6/layerwise/runs/0/csv_plateau20"",""/panels/horizon_reversal/shared_ms/5/cells/br6/layerwise/runs/0/csv_plateau20""]","[""OCC-1ab60157685f60bc"",""OCC-9091816efe0413a6"",""OCC-b694e0d29677448c"",""OCC-daa2335fbdc9470e"",""OCC-e31359102835e1a1"",""OCC-e95de5e8611eeadc""]","[""horizon_reversal""]"
MEAS-b0dcd16c8adae6c2,RUN-4702518,legacy_plateau20,test,accuracy_percent,88.95,20,40,20,parsed raw epoch count; legacy terminal CSV window,40,True,4702518,1,035c1e8162ef646d3ba90f15e1661709ac7219c8a49d6a3ad9dc69530a3e12e1,"[""archive/Account2/runs/br6-lay-c2-s1-4702518.out""]","[""csv_plateau20""]","[""/panels/horizon_reversal/shared_ms/0/cells/br6/layerwise/runs/1/csv_plateau20"",""/panels/horizon_reversal/shared_ms/1/cells/br6/layerwise/runs/1/csv_plateau20"",""/panels/horizon_reversal/shared_ms/2/cells/br6/layerwise/runs/1/csv_plateau20"",""/panels/horizon_reversal/shared_ms/3/cells/br6/layerwise/runs/1/csv_plateau20"",""/panels/horizon_reversal/shared_ms/4/cells/br6/layerwise/runs/1/csv_plateau20"",""/panels/horizon_reversal/shared_ms/5/cells/br6/layerwise/runs/1/csv_plateau20""]","[""OCC-1ab60157685f60bc"",""OCC-9091816efe0413a6"",""OCC-b694e0d29677448c"",""OCC-daa2335fbdc9470e"",""OCC-e31359102835e1a1"",""OCC-e95de5e8611eeadc""]","[""horizon_reversal""]"
MEAS-4a87bee77647f07e,RUN-4702519,legacy_plateau20,test,accuracy_percent,88.934,20,40,20,parsed raw epoch count; legacy terminal CSV window,40,True,4702519,2,800d14090b1cb96fd9f11da1c88a06b50fe03af9205b5faa7a00539e7f09045e,"[""archive/Account2/runs/br6-lay-c2-s2-4702519.out""]","[""csv_plateau20""]","[""/panels/horizon_reversal/shared_ms/0/cells/br6/layerwise/runs/2/csv_plateau20"",""/panels/horizon_reversal/shared_ms/1/cells/br6/layerwise/runs/2/csv_plateau20"",""/panels/horizon_reversal/shared_ms/2/cells/br6/layerwise/runs/2/csv_plateau20"",""/panels/horizon_reversal/shared_ms/3/cells/br6/layerwise/runs/2/csv_plateau20"",""/panels/horizon_reversal/shared_ms/4/cells/br6/layerwise/runs/2/csv_plateau20"",""/panels/horizon_reversal/shared_ms/5/cells/br6/layerwise/runs/2/csv_plateau20""]","[""OCC-1ab60157685f60bc"",""OCC-9091816efe0413a6"",""OCC-b694e0d29677448c"",""OCC-daa2335fbdc9470e"",""OCC-e31359102835e1a1"",""OCC-e95de5e8611eeadc""]","[""horizon_reversal""]"
MEAS-d19d91f6382e3758,RUN-4702520,legacy_plateau20,test,accuracy_percent,88.689,20,40,20,parsed raw epoch count; legacy terminal CSV window,40,True,4702520,3,4e4f05fcf6f11c946a02e44938089cdbfdd48e339b125768cc80a95a84fda544,"[""archive/Account2/runs/br6-lay-c2-s3-4702520.out""]","[""csv_plateau20""]","[""/panels/horizon_reversal/shared_ms/0/cells/br6/layerwise/runs/3/csv_plateau20"",""/panels/horizon_reversal/shared_ms/1/cells/br6/layerwise/runs/3/csv_plateau20"",""/panels/horizon_reversal/shared_ms/2/cells/br6/layerwise/runs/3/csv_plateau20"",""/panels/horizon_reversal/shared_ms/3/cells/br6/layerwise/runs/3/csv_plateau20"",""/panels/horizon_reversal/shared_ms/4/cells/br6/layerwise/runs/3/csv_plateau20"",""/panels/horizon_reversal/shared_ms/5/cells/br6/layerwise/runs/3/csv_plateau20""]","[""OCC-1ab60157685f60bc"",""OCC-9091816efe0413a6"",""OCC-b694e0d29677448c"",""OCC-daa2335fbdc9470e"",""OCC-e31359102835e1a1"",""OCC-e95de5e8611eeadc""]","[""horizon_reversal""]"
MEAS-98593ae74b391d82,RUN-4702521,legacy_plateau20,test,accuracy_percent,89.962,20,40,20,parsed raw epoch count; legacy terminal CSV window,40,True,4702521,0,633106dc3910c9bb32825e994de2a66585e6ab2f2eb50a5426e0b5039f2a66b8,"[""archive/Account2/runs/br6-node-c2-s0-4702521.out""]","[""csv_plateau20""]","[""/panels/horizon_reversal/shared_ms/0/cells/br6/nodewise/runs/0/csv_plateau20"",""/panels/horizon_reversal/shared_ms/1/cells/br6/nodewise/runs/0/csv_plateau20"",""/panels/horizon_reversal/shared_ms/2/cells/br6/nodewise/runs/0/csv_plateau20"",""/panels/horizon_reversal/shared_ms/3/cells/br6/nodewise/runs/0/csv_plateau20"",""/panels/horizon_reversal/shared_ms/4/cells/br6/nodewise/runs/0/csv_plateau20"",""/panels/horizon_reversal/shared_ms/5/cells/br6/nodewise/runs/0/csv_plateau20""]","[""OCC-3080fa4f21ee6e84"",""OCC-4107ab476aa655ef"",""OCC-7219ea78617cd645"",""OCC-911a70a7a12d1e32"",""OCC-c26bbb95f4ab827d"",""OCC-e8e1d7d83a6ac87e""]","[""horizon_reversal""]"
MEAS-22d3f4a2ad3c5b89,RUN-4702522,legacy_plateau20,test,accuracy_percent,89.872,20,40,20,parsed raw epoch count; legacy terminal CSV window,40,True,4702522,1,e50f6626a709aabe535361e93be44344eb2cd6488d0f03756e04ae600badf03f,"[""archive/Account2/runs/br6-node-c2-s1-4702522.out""]","[""csv_plateau20""]","[""/panels/horizon_reversal/shared_ms/0/cells/br6/nodewise/runs/1/csv_plateau20"",""/panels/horizon_reversal/shared_ms/1/cells/br6/nodewise/runs/1/csv_plateau20"",""/panels/horizon_reversal/shared_ms/2/cells/br6/nodewise/runs/1/csv_plateau20"",""/panels/horizon_reversal/shared_ms/3/cells/br6/nodewise/runs/1/csv_plateau20"",""/panels/horizon_reversal/shared_ms/4/cells/br6/nodewise/runs/1/csv_plateau20"",""/panels/horizon_reversal/shared_ms/5/cells/br6/nodewise/runs/1/csv_plateau20""]","[""OCC-3080fa4f21ee6e84"",""OCC-4107ab476aa655ef"",""OCC-7219ea78617cd645"",""OCC-911a70a7a12d1e32"",""OCC-c26bbb95f4ab827d"",""OCC-e8e1d7d83a6ac87e""]","[""horizon_reversal""]"
MEAS-2b4256a37cef2952,RUN-4702523,legacy_plateau20,test,accuracy_percent,89.901,20,40,20,parsed raw epoch count; legacy terminal CSV window,40,True,4702523,2,c56894845f609fe9c6e3c7b21f65ff37a2dfbdc3c8488cea7595568d60044bbc,"[""archive/Account2/runs/br6-node-c2-s2-4702523.out""]","[""csv_plateau20""]","[""/panels/horizon_reversal/shared_ms/0/cells/br6/nodewise/runs/2/csv_plateau20"",""/panels/horizon_reversal/shared_ms/1/cells/br6/nodewise/runs/2/csv_plateau20"",""/panels/horizon_reversal/shared_ms/2/cells/br6/nodewise/runs/2/csv_plateau20"",""/panels/horizon_reversal/shared_ms/3/cells/br6/nodewise/runs/2/csv_plateau20"",""/panels/horizon_reversal/shared_ms/4/cells/br6/nodewise/runs/2/csv_plateau20"",""/panels/horizon_reversal/shared_ms/5/cells/br6/nodewise/runs/2/csv_plateau20""]","[""OCC-3080fa4f21ee6e84"",""OCC-4107ab476aa655ef"",""OCC-7219ea78617cd645"",""OCC-911a70a7a12d1e32"",""OCC-c26bbb95f4ab827d"",""OCC-e8e1d7d83a6ac87e""]","[""horizon_reversal""]"
MEAS-44d7a338405b443f,RUN-4702524,legacy_plateau20,test,accuracy_percent,89.662,20,40,20,parsed raw epoch count; legacy terminal CSV window,40,True,4702524,3,cdd90a1e0a6b4b2cc344b4f252f3825f7d2decf31e3f0d091ed183b7b7f1db10,"[""archive/Account2/runs/br6-node-c2-s3-4702524.out""]","[""csv_plateau20""]","[""/panels/horizon_reversal/shared_ms/0/cells/br6/nodewise/runs/3/csv_plateau20"",""/panels/horizon_reversal/shared_ms/1/cells/br6/nodewise/runs/3/csv_plateau20"",""/panels/horizon_reversal/shared_ms/2/cells/br6/nodewise/runs/3/csv_plateau20"",""/panels/horizon_reversal/shared_ms/3/cells/br6/nodewise/runs/3/csv_plateau20"",""/panels/horizon_reversal/shared_ms/4/cells/br6/nodewise/runs/3/csv_plateau20"",""/panels/horizon_reversal/shared_ms/5/cells/br6/nodewise/runs/3/csv_plateau20""]","[""OCC-3080fa4f21ee6e84"",""OCC-4107ab476aa655ef"",""OCC-7219ea78617cd645"",""OCC-911a70a7a12d1e32"",""OCC-c26bbb95f4ab827d"",""OCC-e8e1d7d83a6ac87e""]","[""horizon_reversal""]"
MEAS-ad9d2df8295d19ea,RUN-4702451,legacy_plateau20,test,accuracy_percent,89.16,20,40,20,parsed raw epoch count; legacy terminal CSV window,40,True,4702451,0,712042d779216da90bebff352338f6366e32aef4fedf7998bc590d44f6a65929,"[""archive/Account2/runs/bl5-lay-e40-s0-4702451.out""]","[""csv_plateau20""]","[""/panels/horizon_reversal/shared_ms/0/cells/bl5/layerwise/runs/0/csv_plateau20"",""/panels/horizon_reversal/shared_ms/1/cells/bl5/layerwise/runs/0/csv_plateau20"",""/panels/horizon_reversal/shared_ms/2/cells/bl5/layerwise/runs/0/csv_plateau20"",""/panels/horizon_reversal/shared_ms/3/cells/bl5/layerwise/runs/0/csv_plateau20"",""/panels/horizon_reversal/shared_ms/4/cells/bl5/layerwise/runs/0/csv_plateau20"",""/panels/horizon_reversal/shared_ms/5/cells/bl5/layerwise/runs/0/csv_plateau20""]","[""OCC-4e82c22cb2942efa"",""OCC-84fd57ed001083f5"",""OCC-ae4d29a0aa53477d"",""OCC-b41c376228f863c2"",""OCC-dbfecb461b6cdef1"",""OCC-ea743af7f3a64857""]","[""horizon_reversal""]"
MEAS-44af90aca38588cb,RUN-4702452,legacy_plateau20,test,accuracy_percent,88.579,20,40,20,parsed raw epoch count; legacy terminal CSV window,40,True,4702452,1,616edc5f9ec2d97f6272d6ec34128668c9b062e07208ff1729f1e487dceb967b,"[""archive/Account2/runs/bl5-lay-e40-s1-4702452.out""]","[""csv_plateau20""]","[""/panels/horizon_reversal/shared_ms/0/cells/bl5/layerwise/runs/1/csv_plateau20"",""/panels/horizon_reversal/shared_ms/1/cells/bl5/layerwise/runs/1/csv_plateau20"",""/panels/horizon_reversal/shared_ms/2/cells/bl5/layerwise/runs/1/csv_plateau20"",""/panels/horizon_reversal/shared_ms/3/cells/bl5/layerwise/runs/1/csv_plateau20"",""/panels/horizon_reversal/shared_ms/4/cells/bl5/layerwise/runs/1/csv_plateau20"",""/panels/horizon_reversal/shared_ms/5/cells/bl5/layerwise/runs/1/csv_plateau20""]","[""OCC-4e82c22cb2942efa"",""OCC-84fd57ed001083f5"",""OCC-ae4d29a0aa53477d"",""OCC-b41c376228f863c2"",""OCC-dbfecb461b6cdef1"",""OCC-ea743af7f3a64857""]","[""horizon_reversal""]"
MEAS-5b7f457cb71d0915,RUN-4702453,legacy_plateau20,test,accuracy_percent,88.746,20,40,20,parsed raw epoch count; legacy terminal CSV window,40,True,4702453,2,4dc97789d538fe4f686e3b0d3a54d0eba58c236d901bfda47bcab3ad0b1b2b67,"[""archive/Account2/runs/bl5-lay-e40-s2-4702453.out""]","[""csv_plateau20""]","[""/panels/horizon_reversal/shared_ms/0/cells/bl5/layerwise/runs/2/csv_plateau20"",""/panels/horizon_reversal/shared_ms/1/cells/bl5/layerwise/runs/2/csv_plateau20"",""/panels/horizon_reversal/shared_ms/2/cells/bl5/layerwise/runs/2/csv_plateau20"",""/panels/horizon_reversal/shared_ms/3/cells/bl5/layerwise/runs/2/csv_plateau20"",""/panels/horizon_reversal/shared_ms/4/cells/bl5/layerwise/runs/2/csv_plateau20"",""/panels/horizon_reversal/shared_ms/5/cells/bl5/layerwise/runs/2/csv_plateau20""]","[""OCC-4e82c22cb2942efa"",""OCC-84fd57ed001083f5"",""OCC-ae4d29a0aa53477d"",""OCC-b41c376228f863c2"",""OCC-dbfecb461b6cdef1"",""OCC-ea743af7f3a64857""]","[""horizon_reversal""]"
MEAS-d40e3c3969058939,RUN-4702454,legacy_plateau20,test,accuracy_percent,89.949,20,40,20,parsed raw epoch count; legacy terminal CSV window,40,True,4702454,0,607bf8b0acd1815a0939479c2d420f9ff3ba9a552a105f2cba25b4d03f7b7018,"[""archive/Account2/runs/bl5-node-e40-s0-4702454.out""]","[""csv_plateau20""]","[""/panels/horizon_reversal/shared_ms/0/cells/bl5/nodewise/runs/0/csv_plateau20"",""/panels/horizon_reversal/shared_ms/1/cells/bl5/nodewise/runs/0/csv_plateau20"",""/panels/horizon_reversal/shared_ms/2/cells/bl5/nodewise/runs/0/csv_plateau20"",""/panels/horizon_reversal/shared_ms/3/cells/bl5/nodewise/runs/0/csv_plateau20"",""/panels/horizon_reversal/shared_ms/4/cells/bl5/nodewise/runs/0/csv_plateau20"",""/panels/horizon_reversal/shared_ms/5/cells/bl5/nodewise/runs/0/csv_plateau20""]","[""OCC-1bba420615f62ff5"",""OCC-4363b75cc516a8c4"",""OCC-58844d0a78da0d0d"",""OCC-815b2d3fb771f132"",""OCC-a4fb9f82d3eac025"",""OCC-b1c9da0e6727bce2""]","[""horizon_reversal""]"
MEAS-81068452cd3fbabc,RUN-4702455,legacy_plateau20,test,accuracy_percent,89.968,20,40,20,parsed raw epoch count; legacy terminal CSV window,40,True,4702455,1,f2b5b1083f47d66e9eecd35d091a521a7affbbf63fa35c5f9b6118950709721a,"[""archive/Account2/runs/bl5-node-e40-s1-4702455.out""]","[""csv_plateau20""]","[""/panels/horizon_reversal/shared_ms/0/cells/bl5/nodewise/runs/1/csv_plateau20"",""/panels/horizon_reversal/shared_ms/1/cells/bl5/nodewise/runs/1/csv_plateau20"",""/panels/horizon_reversal/shared_ms/2/cells/bl5/nodewise/runs/1/csv_plateau20"",""/panels/horizon_reversal/shared_ms/3/cells/bl5/nodewise/runs/1/csv_plateau20"",""/panels/horizon_reversal/shared_ms/4/cells/bl5/nodewise/runs/1/csv_plateau20"",""/panels/horizon_reversal/shared_ms/5/cells/bl5/nodewise/runs/1/csv_plateau20""]","[""OCC-1bba420615f62ff5"",""OCC-4363b75cc516a8c4"",""OCC-58844d0a78da0d0d"",""OCC-815b2d3fb771f132"",""OCC-a4fb9f82d3eac025"",""OCC-b1c9da0e6727bce2""]","[""horizon_reversal""]"
MEAS-cf050aae020f1f7d,RUN-4702456,legacy_plateau20,test,accuracy_percent,89.996,20,40,20,parsed raw epoch count; legacy terminal CSV window,40,True,4702456,2,fb2dc4b4a05a351ac114de44a7fa37ddef5aa755b70c73de75ef6704da146d40,"[""archive/Account2/runs/bl5-node-e40-s2-4702456.out""]","[""csv_plateau20""]","[""/panels/horizon_reversal/shared_ms/0/cells/bl5/nodewise/runs/2/csv_plateau20"",""/panels/horizon_reversal/shared_ms/1/cells/bl5/nodewise/runs/2/csv_plateau20"",""/panels/horizon_reversal/shared_ms/2/cells/bl5/nodewise/runs/2/csv_plateau20"",""/panels/horizon_reversal/shared_ms/3/cells/bl5/nodewise/runs/2/csv_plateau20"",""/panels/horizon_reversal/shared_ms/4/cells/bl5/nodewise/runs/2/csv_plateau20"",""/panels/horizon_reversal/shared_ms/5/cells/bl5/nodewise/runs/2/csv_plateau20""]","[""OCC-1bba420615f62ff5"",""OCC-4363b75cc516a8c4"",""OCC-58844d0a78da0d0d"",""OCC-815b2d3fb771f132"",""OCC-a4fb9f82d3eac025"",""OCC-b1c9da0e6727bce2""]","[""horizon_reversal""]"
MEAS-7e757c46e831474b,RUN-4680996,legacy_plateau20,test,accuracy_percent,91.965,280,300,20,parsed raw epoch count; legacy terminal CSV window,300,True,4680996,0,a8523426dec9fe2f91e32c2a2c5bbf4398ce32b478c34baf0a2b29c9ad58044d,"[""archive/Account1/runs/e300-lsh01-s0-4680996.out""]","[""csv_plateau20""]","[""/panels/long_trajectory_pooling/e300/0/cells/0/runs/0/csv_plateau20"",""/panels/long_trajectory_pooling/e300/1/cells/0/runs/0/csv_plateau20"",""/panels/long_trajectory_pooling/e300/2/cells/0/runs/0/csv_plateau20""]","[""OCC-3150f96fa0b58915"",""OCC-5a57a6774c6bca23"",""OCC-f4271e844d0f102a""]","[""long_trajectory_pooling""]"
MEAS-816061a5338fbf54,RUN-4680999,legacy_plateau20,test,accuracy_percent,91.847,280,300,20,parsed raw epoch count; legacy terminal CSV window,300,True,4680999,1,066c32d206e15e03cc282232d18a9a1c9352f5388b388218ecd9088e649a5eb6,"[""archive/Account1/runs/e300-lsh01-s1-4680999.out""]","[""csv_plateau20""]","[""/panels/long_trajectory_pooling/e300/0/cells/0/runs/1/csv_plateau20"",""/panels/long_trajectory_pooling/e300/1/cells/0/runs/1/csv_plateau20"",""/panels/long_trajectory_pooling/e300/2/cells/0/runs/1/csv_plateau20""]","[""OCC-3150f96fa0b58915"",""OCC-5a57a6774c6bca23"",""OCC-f4271e844d0f102a""]","[""long_trajectory_pooling""]"
MEAS-1ce1f43e5222dc21,RUN-4680995,legacy_plateau20,test,accuracy_percent,92.02,280,300,20,parsed raw epoch count; legacy terminal CSV window,300,True,4680995,0,f3835799feeed179053625a2847e3509fa6213d924e72df4652d5afb15905889,"[""archive/Account1/runs/e300-lplain-s0-4680995.out""]","[""csv_plateau20""]","[""/panels/long_trajectory_pooling/e300/0/cells/1/runs/0/csv_plateau20"",""/panels/long_trajectory_pooling/e300/1/cells/1/runs/0/csv_plateau20"",""/panels/long_trajectory_pooling/e300/2/cells/1/runs/0/csv_plateau20""]","[""OCC-1ef41d22eb99ea8f"",""OCC-5ddd01e660851fa2"",""OCC-cfc53daa32ed3411""]","[""long_trajectory_pooling""]"
MEAS-7a17be15d4cbd3f3,RUN-4680998,legacy_plateau20,test,accuracy_percent,91.453,280,300,20,parsed raw epoch count; legacy terminal CSV window,300,True,4680998,1,d7042fc36be6e8e556570629d1705dda58ee3ddd18f0b6bad19e469ba8e4dd81,"[""archive/Account1/runs/e300-lplain-s1-4680998.out""]","[""csv_plateau20""]","[""/panels/long_trajectory_pooling/e300/0/cells/1/runs/1/csv_plateau20"",""/panels/long_trajectory_pooling/e300/1/cells/1/runs/1/csv_plateau20"",""/panels/long_trajectory_pooling/e300/2/cells/1/runs/1/csv_plateau20""]","[""OCC-1ef41d22eb99ea8f"",""OCC-5ddd01e660851fa2"",""OCC-cfc53daa32ed3411""]","[""long_trajectory_pooling""]"
MEAS-5c1886669d357063,RUN-4680994,legacy_plateau20,test,accuracy_percent,88.203,280,300,20,parsed raw epoch count; legacy terminal CSV window,300,True,4680994,0,efd8bf133c5a33ccc6ede4d13905a027938ae1ce467bad4d96aa79e825b712c6,"[""archive/Account1/runs/e300-scal-s0-4680994.out""]","[""csv_plateau20""]","[""/panels/long_trajectory_pooling/e300/0/cells/2/runs/0/csv_plateau20"",""/panels/long_trajectory_pooling/e300/1/cells/2/runs/0/csv_plateau20"",""/panels/long_trajectory_pooling/e300/2/cells/2/runs/0/csv_plateau20""]","[""OCC-5fe4728c6d837bec"",""OCC-9f58da16569f3ef0"",""OCC-dcc5bea25fa9b9bb""]","[""long_trajectory_pooling""]"
MEAS-feedb76e2d276c6b,RUN-4680997,legacy_plateau20,test,accuracy_percent,88.371,280,300,20,parsed raw epoch count; legacy terminal CSV window,300,True,4680997,1,b1ff98a08284464b6b891750390e550fc6ff2acbaebcec9ba87f0e4c7838d256,"[""archive/Account1/runs/e300-scal-s1-4680997.out""]","[""csv_plateau20""]","[""/panels/long_trajectory_pooling/e300/0/cells/2/runs/1/csv_plateau20"",""/panels/long_trajectory_pooling/e300/1/cells/2/runs/1/csv_plateau20"",""/panels/long_trajectory_pooling/e300/2/cells/2/runs/1/csv_plateau20""]","[""OCC-5fe4728c6d837bec"",""OCC-9f58da16569f3ef0"",""OCC-dcc5bea25fa9b9bb""]","[""long_trajectory_pooling""]"
MEAS-42661c7f2f990144,RUN-4681640,legacy_plateau20,test,accuracy_percent,93.005,280,300,20,parsed raw epoch count; legacy terminal CSV window,300,True,4681640,0,ab4266a41d52a6fa510f41c004683d3feebc4b2e1ae1ab6db45fff06a296a30c,"[""archive/Account1/runs/e3a-r01-s0-4681640.out""]","[""csv_plateau20""]","[""/panels/long_trajectory_pooling/e3a/0/cells/0/runs/0/csv_plateau20"",""/panels/long_trajectory_pooling/e3a/1/cells/0/runs/0/csv_plateau20"",""/panels/long_trajectory_pooling/e3a/2/cells/0/runs/0/csv_plateau20""]","[""OCC-8ce591dbdd6c32c6"",""OCC-8f9bcf9ae3a63db3"",""OCC-9e2fc6ecdcc8a61b""]","[""long_trajectory_pooling""]"
MEAS-740d99c067d9da82,RUN-4681644,legacy_plateau20,test,accuracy_percent,93.552,280,300,20,parsed raw epoch count; legacy terminal CSV window,300,True,4681644,1,ee8aca5099ce39eaf07edf53fa6b2d4d3131d32340abcc491d5583f9fb77779c,"[""archive/Account1/runs/e3a-r01-s1-4681644.out""]","[""csv_plateau20""]","[""/panels/long_trajectory_pooling/e3a/0/cells/0/runs/1/csv_plateau20"",""/panels/long_trajectory_pooling/e3a/1/cells/0/runs/1/csv_plateau20"",""/panels/long_trajectory_pooling/e3a/2/cells/0/runs/1/csv_plateau20""]","[""OCC-8ce591dbdd6c32c6"",""OCC-8f9bcf9ae3a63db3"",""OCC-9e2fc6ecdcc8a61b""]","[""long_trajectory_pooling""]"
MEAS-5501edf7abd8ab26,RUN-4681639,legacy_plateau20,test,accuracy_percent,93.07,280,300,20,parsed raw epoch count; legacy terminal CSV window,300,True,4681639,0,03b797b97db27938d5f1d94518afc5addc71d8b01d4ebaaa3104a08c9a255442,"[""archive/Account1/runs/e3a-r005-s0-4681639.out""]","[""csv_plateau20""]","[""/panels/long_trajectory_pooling/e3a/0/cells/1/runs/0/csv_plateau20"",""/panels/long_trajectory_pooling/e3a/1/cells/1/runs/0/csv_plateau20"",""/panels/long_trajectory_pooling/e3a/2/cells/1/runs/0/csv_plateau20""]","[""OCC-1911acae0a687325"",""OCC-2dc7c8acc99fa147"",""OCC-433247bc19ca481c""]","[""long_trajectory_pooling""]"
MEAS-95062bc7880068d1,RUN-4681643,legacy_plateau20,test,accuracy_percent,92.941,280,300,20,parsed raw epoch count; legacy terminal CSV window,300,True,4681643,1,4e6506fac78fbb5e04364fd69f6f8693690c8525978e6526ef74caea072b1981,"[""archive/Account1/runs/e3a-r005-s1-4681643.out""]","[""csv_plateau20""]","[""/panels/long_trajectory_pooling/e3a/0/cells/1/runs/1/csv_plateau20"",""/panels/long_trajectory_pooling/e3a/1/cells/1/runs/1/csv_plateau20"",""/panels/long_trajectory_pooling/e3a/2/cells/1/runs/1/csv_plateau20""]","[""OCC-1911acae0a687325"",""OCC-2dc7c8acc99fa147"",""OCC-433247bc19ca481c""]","[""long_trajectory_pooling""]"
MEAS-b7860f25939c8a05,RUN-4681651,legacy_plateau20,test,accuracy_percent,91.951,280,300,20,parsed raw epoch count; legacy terminal CSV window,300,True,4681651,0,2ffbe881b8e142fdb4c37de1a9ea7d0b615aa47c6860a6d29be3fe1e8e6d9cad,"[""archive/Account1/runs/e3a-lsh01-s0-4681651.out""]","[""csv_plateau20""]","[""/panels/long_trajectory_pooling/e3a/0/cells/2/runs/0/csv_plateau20"",""/panels/long_trajectory_pooling/e3a/1/cells/2/runs/0/csv_plateau20"",""/panels/long_trajectory_pooling/e3a/2/cells/2/runs/0/csv_plateau20""]","[""OCC-4b41e4d07f184d82"",""OCC-e2e90690390de0c2"",""OCC-fef3d0509817eeea""]","[""long_trajectory_pooling""]"
MEAS-416ef6c7d73c3583,RUN-4681652,legacy_plateau20,test,accuracy_percent,91.812,280,300,20,parsed raw epoch count; legacy terminal CSV window,300,True,4681652,1,cfd19494b180abee5eedd73b68b91ba220e4569f81a0d1056a633ae83276691a,"[""archive/Account1/runs/e3a-lsh01-s1-4681652.out""]","[""csv_plateau20""]","[""/panels/long_trajectory_pooling/e3a/0/cells/2/runs/1/csv_plateau20"",""/panels/long_trajectory_pooling/e3a/1/cells/2/runs/1/csv_plateau20"",""/panels/long_trajectory_pooling/e3a/2/cells/2/runs/1/csv_plateau20""]","[""OCC-4b41e4d07f184d82"",""OCC-e2e90690390de0c2"",""OCC-fef3d0509817eeea""]","[""long_trajectory_pooling""]"
MEAS-928f9d9d3d089bca,RUN-4681638,legacy_plateau20,test,accuracy_percent,92.305,280,300,20,parsed raw epoch count; legacy terminal CSV window,300,True,4681638,0,52e713b0a4d216953206b66cf9dc0d446da9ceedacee180aeb61aa49e8854d7c,"[""archive/Account1/runs/e3a-r0-s0-4681638.out""]","[""csv_plateau20""]","[""/panels/long_trajectory_pooling/e3a/0/cells/3/runs/0/csv_plateau20"",""/panels/long_trajectory_pooling/e3a/1/cells/3/runs/0/csv_plateau20"",""/panels/long_trajectory_pooling/e3a/2/cells/3/runs/0/csv_plateau20""]","[""OCC-597b4d48ca3d442a"",""OCC-5b88131d78e5ffa1"",""OCC-e136a7e2e1943ef7""]","[""long_trajectory_pooling""]"
MEAS-d61f48fb69250e79,RUN-4681642,legacy_plateau20,test,accuracy_percent,91.843,280,300,20,parsed raw epoch count; legacy terminal CSV window,300,True,4681642,1,aa3532c569178d0dee85f758a557f7b6d59223645f2243f42f642d5c2d33f3c0,"[""archive/Account1/runs/e3a-r0-s1-4681642.out""]","[""csv_plateau20""]","[""/panels/long_trajectory_pooling/e3a/0/cells/3/runs/1/csv_plateau20"",""/panels/long_trajectory_pooling/e3a/1/cells/3/runs/1/csv_plateau20"",""/panels/long_trajectory_pooling/e3a/2/cells/3/runs/1/csv_plateau20""]","[""OCC-597b4d48ca3d442a"",""OCC-5b88131d78e5ffa1"",""OCC-e136a7e2e1943ef7""]","[""long_trajectory_pooling""]"
MEAS-b6c4e560ea6ee622,RUN-4681637,legacy_plateau20,test,accuracy_percent,91.907,280,300,20,parsed raw epoch count; legacy terminal CSV window,300,True,4681637,0,9ceddb2adce9edb04b215f7f75527b9f53274fa04637d9bf801ae98d5e069855,"[""archive/Account1/runs/e3a-lplain-s0-4681637.out""]","[""csv_plateau20""]","[""/panels/long_trajectory_pooling/e3a/0/cells/4/runs/0/csv_plateau20"",""/panels/long_trajectory_pooling/e3a/1/cells/4/runs/0/csv_plateau20"",""/panels/long_trajectory_pooling/e3a/2/cells/4/runs/0/csv_plateau20""]","[""OCC-2f3ee07b832ca586"",""OCC-42fbacea0cc1dc6e"",""OCC-7ab63cb25fc05952""]","[""long_trajectory_pooling""]"
MEAS-4786e0957d3f36ee,RUN-4681641,legacy_plateau20,test,accuracy_percent,91.684,280,300,20,parsed raw epoch count; legacy terminal CSV window,300,True,4681641,1,30208feaabb4ddd996d7aed29d588ceb2023a59da0f607da46f24e027fd3525f,"[""archive/Account1/runs/e3a-lplain-s1-4681641.out""]","[""csv_plateau20""]","[""/panels/long_trajectory_pooling/e3a/0/cells/4/runs/1/csv_plateau20"",""/panels/long_trajectory_pooling/e3a/1/cells/4/runs/1/csv_plateau20"",""/panels/long_trajectory_pooling/e3a/2/cells/4/runs/1/csv_plateau20""]","[""OCC-2f3ee07b832ca586"",""OCC-42fbacea0cc1dc6e"",""OCC-7ab63cb25fc05952""]","[""long_trajectory_pooling""]"
MEAS-4e111d1b9171e675,RUN-4681087,legacy_plateau20,test,accuracy_percent,75.296,0,20,20,parsed raw epoch count; legacy terminal CSV window,20,True,4681087,0,a38e4f103f9e6278ad70da23eacbaece7b02591230b7ac0fed8ea6d3d98dff9c,"[""archive/Account1/runs/p3-lay-plain-4681087.out""]","[""csv_plateau20""]","[""/panels/initialization_startup/short_confounded/0/runs/0/csv_plateau20""]","[""OCC-b00e26c4f11dc660""]","[""initialization_startup""]"
MEAS-df2f763ab74fee56,RUN-4681084,legacy_plateau20,test,accuracy_percent,69.88,0,20,20,parsed raw epoch count; legacy terminal CSV window,20,True,4681084,0,454ec113d77b4e0bd5ee22560e0f5a365c6b2bcbc0807a0c61c670a9100e7651,"[""archive/Account1/runs/p3-lay-L1p0-4681084.out""]","[""csv_plateau20""]","[""/panels/initialization_startup/short_confounded/1/runs/0/csv_plateau20""]","[""OCC-8ffacc35047fd9b5""]","[""initialization_startup""]"
MEAS-c1db8f5d524dda23,RUN-4681052,legacy_plateau20,test,accuracy_percent,33.054,0,20,20,parsed raw epoch count; legacy terminal CSV window,20,True,4681052,0,a3b5bc9c59adc7e03f51317f198e021a6fba1e013593531cf4dcf34690792e53,"[""archive/Account2/runs/p2-lay-plain-4681052.out""]","[""csv_plateau20""]","[""/panels/initialization_startup/short_confounded/2/runs/0/csv_plateau20""]","[""OCC-905a3fc75a59fad6""]","[""initialization_startup""]"
MEAS-584563f8b54acf94,RUN-4681049,legacy_plateau20,test,accuracy_percent,25.935,0,20,20,parsed raw epoch count; legacy terminal CSV window,20,True,4681049,0,b6de5d178da3fd5298fe752371616384572573514e5311c98df527fb686d655b,"[""archive/Account2/runs/p2-lay-L1p0-4681049.out""]","[""csv_plateau20""]","[""/panels/initialization_startup/short_confounded/3/runs/0/csv_plateau20""]","[""OCC-88ec88763a8f1222""]","[""initialization_startup""]"
MEAS-4a7c56219110036b,RUN-4681085,legacy_plateau20,test,accuracy_percent,65.876,0,20,20,parsed raw epoch count; legacy terminal CSV window,20,True,4681085,0,69ac8c695371ddf464c5a2b68c1aa3cd5390ce4881beecb15aec62f4e490ece3,"[""archive/Account1/runs/p3-node-L1p0-4681085.out""]","[""csv_plateau20""]","[""/panels/initialization_startup/short_confounded/4/runs/0/csv_plateau20""]","[""OCC-3d7d87639a89aacd""]","[""initialization_startup""]"
MEAS-686d37804c8d01dd,RUN-4681050,legacy_plateau20,test,accuracy_percent,18.765,0,20,20,parsed raw epoch count; legacy terminal CSV window,20,True,4681050,0,df3dfd2621d76e3c59828852541d6c9fa09db19ae27a84302b76b67e3d6d421c,"[""archive/Account2/runs/p2-node-L1p0-4681050.out""]","[""csv_plateau20""]","[""/panels/initialization_startup/short_confounded/5/runs/0/csv_plateau20""]","[""OCC-b20e3e94f1940588""]","[""initialization_startup""]"
MEAS-619661e5b506a85e,RUN-4681083,legacy_plateau20,test,accuracy_percent,71.109,0,20,20,parsed raw epoch count; legacy terminal CSV window,20,True,4681083,0,b85e983611c3061e20ff39ca11ea84bfebffe36b7f0c7300be3ad2dcd845b609,"[""archive/Account1/runs/p3-blk6-L1p0-4681083.out""]","[""csv_plateau20""]","[""/panels/initialization_startup/short_confounded/6/runs/0/csv_plateau20""]","[""OCC-fecec4aa1e44775f""]","[""initialization_startup""]"
MEAS-734da70dee8fedef,RUN-4681048,legacy_plateau20,test,accuracy_percent,31.782,0,20,20,parsed raw epoch count; legacy terminal CSV window,20,True,4681048,0,123c83487997953c94e734d7aba9bc561c49bcda31031fe4c2d6cb9ec9ff922e,"[""archive/Account2/runs/p2-blk6-L1p0-4681048.out""]","[""csv_plateau20""]","[""/panels/initialization_startup/short_confounded/7/runs/0/csv_plateau20""]","[""OCC-573ed3374be760d5""]","[""initialization_startup""]"
MEAS-9c41cb0c44610350,RUN-4681082,legacy_plateau20,test,accuracy_percent,71.943,0,20,20,parsed raw epoch count; legacy terminal CSV window,20,True,4681082,0,5e0c248449eeba56f50fe95d0bffcfc1092426b2aaebf38e96cedb0b7fe924c0,"[""archive/Account1/runs/p3-scal-4681082.out""]","[""csv_plateau20""]","[""/panels/initialization_startup/short_confounded/8/runs/0/csv_plateau20""]","[""OCC-45608372897bb490""]","[""initialization_startup""]"
MEAS-4132f4e76c5b0e44,RUN-4681047,legacy_plateau20,test,accuracy_percent,32.475,0,20,20,parsed raw epoch count; legacy terminal CSV window,20,True,4681047,0,3bd3820c0c19645869a709dd9c7f143f60fe4bed77bd6993f5f8eb4572a8c682,"[""archive/Account2/runs/p2-scal-4681047.out""]","[""csv_plateau20""]","[""/panels/initialization_startup/short_confounded/9/runs/0/csv_plateau20""]","[""OCC-87830e5b0575058c""]","[""initialization_startup""]"
MEAS-f383ccd227e76e9a,RUN-4681086,legacy_plateau20,test,accuracy_percent,60.761,0,20,20,parsed raw epoch count; legacy terminal CSV window,20,True,4681086,0,bb6d4ddaf40ed75a18518feeb02ab539f7883d483e979f5592f1bf9158a61697,"[""archive/Account1/runs/p3-w-L1p0-4681086.out""]","[""csv_plateau20""]","[""/panels/initialization_startup/short_confounded/10/runs/0/csv_plateau20""]","[""OCC-462083e6e0b52d80""]","[""initialization_startup""]"
MEAS-3f887e6515824abb,RUN-4681051,legacy_plateau20,test,accuracy_percent,13.61,0,20,20,parsed raw epoch count; legacy terminal CSV window,20,True,4681051,0,5128fe3ea185a3854af5866219577228508e98858bdef1eddeb07dadd2d3e367,"[""archive/Account2/runs/p2-w-L1p0-4681051.out""]","[""csv_plateau20""]","[""/panels/initialization_startup/short_confounded/11/runs/0/csv_plateau20""]","[""OCC-8882c6df72c3ead2""]","[""initialization_startup""]"
MEAS-a674da8b3a2cf79d,RUN-4680940,legacy_plateau20,test,accuracy_percent,92.443,80,100,20,parsed raw epoch count; legacy terminal CSV window,100,True,4680940,0,752545cc7422ea115fdcb277d502322a4bb0770cfc4fd4c52de71a5a86d5b9b5,"[""archive/Account1/runs/a0L-lsh01-1e3-s0-4680940.out""]","[""csv_plateau20""]","[""/panels/initialization_startup/matched_100/1/runs/0/csv_plateau20""]","[""OCC-5ef75c7bead0cdea""]","[""initialization_startup""]"
MEAS-288aad47f115121f,RUN-4680952,legacy_plateau20,test,accuracy_percent,92.079,80,100,20,parsed raw epoch count; legacy terminal CSV window,100,True,4680952,1,bb1865dca61e874c9479079f034045a2dcc4f3d37a7c1893746eca780a5970d4,"[""archive/Account1/runs/a0L-lsh01-1e3-s1-4680952.out""]","[""csv_plateau20""]","[""/panels/initialization_startup/matched_100/1/runs/1/csv_plateau20""]","[""OCC-5ef75c7bead0cdea""]","[""initialization_startup""]"
MEAS-823603076fa468c9,RUN-4680943,legacy_plateau20,test,accuracy_percent,90.891,80,100,20,parsed raw epoch count; legacy terminal CSV window,100,True,4680943,0,289d009fd92e98d6566a3f6a31bfdd7a1de65e2d89ab3e4daf5099b2e5ca573c,"[""archive/Account1/runs/a0L-lplain-1e4-s0-4680943.out""]","[""csv_plateau20""]","[""/panels/initialization_startup/matched_100/2/runs/0/csv_plateau20""]","[""OCC-8fa5cd1949f8562b""]","[""initialization_startup""]"
MEAS-8a0bc58bc3c10224,RUN-4680955,legacy_plateau20,test,accuracy_percent,91.114,80,100,20,parsed raw epoch count; legacy terminal CSV window,100,True,4680955,1,c6cfd354f334e6da88fcd224f12574adf1a08a2e14055f7e29d996b0b9d6d894,"[""archive/Account1/runs/a0L-lplain-1e4-s1-4680955.out""]","[""csv_plateau20""]","[""/panels/initialization_startup/matched_100/2/runs/1/csv_plateau20""]","[""OCC-8fa5cd1949f8562b""]","[""initialization_startup""]"
MEAS-5becb026157ccd36,RUN-4680944,legacy_plateau20,test,accuracy_percent,92.28,80,100,20,parsed raw epoch count; legacy terminal CSV window,100,True,4680944,0,a344ee0c6c8a102547bdb40fa1bd29474cd381515fa410df60c14aaaceaf672d,"[""archive/Account1/runs/a0L-lsh01-1e4-s0-4680944.out""]","[""csv_plateau20""]","[""/panels/initialization_startup/matched_100/3/runs/0/csv_plateau20""]","[""OCC-687a3b069a4a5ea9""]","[""initialization_startup""]"
MEAS-36c4215238c9e362,RUN-4680956,legacy_plateau20,test,accuracy_percent,92.318,80,100,20,parsed raw epoch count; legacy terminal CSV window,100,True,4680956,1,fbc698bd370b13b22fd39fd93870195374f6320986f543372d8eda05e01f0cb4,"[""archive/Account1/runs/a0L-lsh01-1e4-s1-4680956.out""]","[""csv_plateau20""]","[""/panels/initialization_startup/matched_100/3/runs/1/csv_plateau20""]","[""OCC-687a3b069a4a5ea9""]","[""initialization_startup""]"
MEAS-a9abf78a5d63223a,RUN-4680947,legacy_plateau20,test,accuracy_percent,90.838,80,100,20,parsed raw epoch count; legacy terminal CSV window,100,True,4680947,0,db354dbc8be69a264e6d5b9638593889aebf1dc86d70959e8782c867db7ceec4,"[""archive/Account1/runs/a0L-lplain-1e6-s0-4680947.out""]","[""csv_plateau20""]","[""/panels/initialization_startup/matched_100/4/runs/0/csv_plateau20""]","[""OCC-c4bc3925e7d4a709""]","[""initialization_startup""]"
MEAS-84341ab36b84c259,RUN-4680959,legacy_plateau20,test,accuracy_percent,90.846,80,100,20,parsed raw epoch count; legacy terminal CSV window,100,True,4680959,1,d14627619d2628989ee46fa5a9b4319755cabdfe3a46092ec586997c5f146fae,"[""archive/Account1/runs/a0L-lplain-1e6-s1-4680959.out""]","[""csv_plateau20""]","[""/panels/initialization_startup/matched_100/4/runs/1/csv_plateau20""]","[""OCC-c4bc3925e7d4a709""]","[""initialization_startup""]"
MEAS-10650aa72449ff0d,RUN-4680948,legacy_plateau20,test,accuracy_percent,92.462,80,100,20,parsed raw epoch count; legacy terminal CSV window,100,True,4680948,0,a1346b91f84b801d493067c1f3779a2d6c906395c63afd6604bdcc620e318d30,"[""archive/Account1/runs/a0L-lsh01-1e6-s0-4680948.out""]","[""csv_plateau20""]","[""/panels/abandoned_fixes/M0_layerwise_lambda/6/runs/0/csv_plateau20"",""/panels/initialization_startup/matched_100/5/runs/0/csv_plateau20""]","[""OCC-2672f430232fda1e"",""OCC-8fc012b26d8aba7c""]","[""abandoned_fixes"",""initialization_startup""]"
MEAS-bcccc427539db1b2,RUN-4680960,legacy_plateau20,test,accuracy_percent,92.263,80,100,20,parsed raw epoch count; legacy terminal CSV window,100,True,4680960,1,106d4699561a45f625c3c74160b1295c5e22fa09cd2e582fea7f92d8f3578219,"[""archive/Account1/runs/a0L-lsh01-1e6-s1-4680960.out""]","[""csv_plateau20""]","[""/panels/abandoned_fixes/M0_layerwise_lambda/6/runs/4/csv_plateau20"",""/panels/initialization_startup/matched_100/5/runs/1/csv_plateau20""]","[""OCC-2672f430232fda1e"",""OCC-8fc012b26d8aba7c""]","[""abandoned_fixes"",""initialization_startup""]"
MEAS-1334cda0f832dc8e,RUN-4680942,legacy_plateau20,test,accuracy_percent,91.547,80,100,20,parsed raw epoch count; legacy terminal CSV window,100,True,4680942,0,648202431fdad337e0a2e202d4867c198e670aa55da4a1ddf7bad81f5d0c7ce6,"[""archive/Account1/runs/a0L-blk6-1e4-s0-4680942.out""]","[""csv_plateau20""]","[""/panels/initialization_startup/matched_100/7/runs/0/csv_plateau20""]","[""OCC-ff6437b643081713""]","[""initialization_startup""]"
MEAS-cced6a327adf06ef,RUN-4680954,legacy_plateau20,test,accuracy_percent,91.374,80,100,20,parsed raw epoch count; legacy terminal CSV window,100,True,4680954,1,619a26dbf0cb7bfad70e82d0f4be395d2001f7693a95c3eafcdf5961309109f6,"[""archive/Account1/runs/a0L-blk6-1e4-s1-4680954.out""]","[""csv_plateau20""]","[""/panels/initialization_startup/matched_100/7/runs/1/csv_plateau20""]","[""OCC-ff6437b643081713""]","[""initialization_startup""]"
MEAS-a713dc6d5cdf84f4,RUN-4680946,legacy_plateau20,test,accuracy_percent,91.433,80,100,20,parsed raw epoch count; legacy terminal CSV window,100,True,4680946,0,85f9819f9506e1fab93c385d007d767c146eeed4e8f1134130beeefcb77c84bd,"[""archive/Account1/runs/a0L-blk6-1e6-s0-4680946.out""]","[""csv_plateau20""]","[""/panels/initialization_startup/matched_100/8/runs/0/csv_plateau20""]","[""OCC-b38ae9f08be98e19""]","[""initialization_startup""]"
MEAS-c8a7da53d628feec,RUN-4680958,legacy_plateau20,test,accuracy_percent,91.459,80,100,20,parsed raw epoch count; legacy terminal CSV window,100,True,4680958,1,0b38b58934df22fe412588b5c74495e48a8a023519e70b2062991f82b770e679,"[""archive/Account1/runs/a0L-blk6-1e6-s1-4680958.out""]","[""csv_plateau20""]","[""/panels/initialization_startup/matched_100/8/runs/1/csv_plateau20""]","[""OCC-b38ae9f08be98e19""]","[""initialization_startup""]"
MEAS-486e6c1432be1279,RUN-4680941,legacy_plateau20,test,accuracy_percent,87.726,80,100,20,parsed raw epoch count; legacy terminal CSV window,100,True,4680941,0,d31bfac4fd1223e2c8611fb266d4e27d056701b4f431995f328618fa5955bdaf,"[""archive/Account1/runs/a0L-scal-1e4-s0-4680941.out""]","[""csv_plateau20""]","[""/panels/initialization_startup/matched_100/10/runs/0/csv_plateau20""]","[""OCC-b5358621a44d4e9d""]","[""initialization_startup""]"
MEAS-88a4040ce9effb72,RUN-4680953,legacy_plateau20,test,accuracy_percent,88.126,80,100,20,parsed raw epoch count; legacy terminal CSV window,100,True,4680953,1,5e58444b698b4b3e579c80a578d3464df37c5cbe0dc5920b70112dbcbe67737e,"[""archive/Account1/runs/a0L-scal-1e4-s1-4680953.out""]","[""csv_plateau20""]","[""/panels/initialization_startup/matched_100/10/runs/1/csv_plateau20""]","[""OCC-b5358621a44d4e9d""]","[""initialization_startup""]"
MEAS-d3f52907363f3724,RUN-4680945,legacy_plateau20,test,accuracy_percent,87.725,80,100,20,parsed raw epoch count; legacy terminal CSV window,100,True,4680945,0,4dd7b683e2dcf3254537f82d5e8ae12a888a115847989c594a19a00b08a32605,"[""archive/Account1/runs/a0L-scal-1e6-s0-4680945.out""]","[""csv_plateau20""]","[""/panels/initialization_startup/matched_100/11/runs/0/csv_plateau20""]","[""OCC-4ef370b8de452b8c""]","[""initialization_startup""]"
MEAS-a565295582dfac24,RUN-4680957,legacy_plateau20,test,accuracy_percent,87.737,80,100,20,parsed raw epoch count; legacy terminal CSV window,100,True,4680957,1,6fb33045fbe0d56c4cb104a75fd79b6ef2ce08793c02a54d2fc5d6ce835991ec,"[""archive/Account1/runs/a0L-scal-1e6-s1-4680957.out""]","[""csv_plateau20""]","[""/panels/initialization_startup/matched_100/11/runs/1/csv_plateau20""]","[""OCC-4ef370b8de452b8c""]","[""initialization_startup""]"
MEAS-83db5e5a2f94b4b9,RUN-4681054,legacy_plateau20,test,accuracy_percent,90.873,80,100,20,parsed raw epoch count; legacy terminal CSV window,100,True,4681054,0,59ffde3d84db46a473f2e48f2b45d39765ef11b9428386e6b9e02741e4ff90ca,"[""archive/Account1/runs/lp-l-L1e5-s0-4681054.out""]","[""csv_plateau20""]","[""/panels/abandoned_fixes/M0_layerwise_lambda/0/runs/0/csv_plateau20""]","[""OCC-b4e68bc12cfa6093""]","[""abandoned_fixes""]"
MEAS-0a3e4abba829dac2,RUN-4681057,legacy_plateau20,test,accuracy_percent,90.732,80,100,20,parsed raw epoch count; legacy terminal CSV window,100,True,4681057,1,d6f09e68c347b8b0f5fafe8ba96ad06a1415fdc4d4cc793b2cb55601722bda84,"[""archive/Account1/runs/lp-l-L1e5-s1-4681057.out""]","[""csv_plateau20""]","[""/panels/abandoned_fixes/M0_layerwise_lambda/0/runs/1/csv_plateau20""]","[""OCC-b4e68bc12cfa6093""]","[""abandoned_fixes""]"
MEAS-264b58911bdef47f,RUN-4681055,legacy_plateau20,test,accuracy_percent,90.792,80,100,20,parsed raw epoch count; legacy terminal CSV window,100,True,4681055,0,fc3ab8b008c71c0d357c585c486765e81c18d405602ffac0eb7170732ced4c0a,"[""archive/Account1/runs/lp-l-L3e5-s0-4681055.out""]","[""csv_plateau20""]","[""/panels/abandoned_fixes/M0_layerwise_lambda/1/runs/0/csv_plateau20""]","[""OCC-790b854007ede5d7""]","[""abandoned_fixes""]"
MEAS-8aa63d0768ab90f9,RUN-4681058,legacy_plateau20,test,accuracy_percent,90.787,80,100,20,parsed raw epoch count; legacy terminal CSV window,100,True,4681058,1,637dda1b23f2c7a2f8e0e8c47ce872ab1a2c7d942f26cac90a88c4da1c0e04a8,"[""archive/Account1/runs/lp-l-L3e5-s1-4681058.out""]","[""csv_plateau20""]","[""/panels/abandoned_fixes/M0_layerwise_lambda/1/runs/1/csv_plateau20""]","[""OCC-790b854007ede5d7""]","[""abandoned_fixes""]"
MEAS-ef730d84a80b565f,RUN-4681056,legacy_plateau20,test,accuracy_percent,90.482,80,100,20,parsed raw epoch count; legacy terminal CSV window,100,True,4681056,0,93ac255de0f8232b0a4abe1888a7ce0dc9f986cbba4f8fcfa57395e791b63b6d,"[""archive/Account1/runs/lp-l-L1e4-s0-4681056.out""]","[""csv_plateau20""]","[""/panels/abandoned_fixes/M0_layerwise_lambda/2/runs/0/csv_plateau20""]","[""OCC-9c823374098eaace""]","[""abandoned_fixes""]"
MEAS-b60f50d8ab6b3eb4,RUN-4681059,legacy_plateau20,test,accuracy_percent,90.749,80,100,20,parsed raw epoch count; legacy terminal CSV window,100,True,4681059,1,26d3b8262d7f8356132ae11b10a2eae705eb3605b04baeb70c8bce3f5cb6dd3c,"[""archive/Account1/runs/lp-l-L1e4-s1-4681059.out""]","[""csv_plateau20""]","[""/panels/abandoned_fixes/M0_layerwise_lambda/2/runs/1/csv_plateau20""]","[""OCC-9c823374098eaace""]","[""abandoned_fixes""]"
MEAS-c5c842ec5df705b7,RUN-4680676,legacy_plateau20,test,accuracy_percent,92.268,80,100,20,parsed raw epoch count; legacy terminal CSV window,100,True,4680676,0,47b633aebc07357f7c7d62433ab9c3ef5ce85e007f64bc761ef4938c63f97019,"[""archive/Account1/runs/h2-l-L0p001-s0-4680676.out""]","[""csv_plateau20""]","[""/panels/abandoned_fixes/M0_layerwise_lambda/3/runs/0/csv_plateau20""]","[""OCC-d46da34d1e425119""]","[""abandoned_fixes""]"
MEAS-9de7162a978a3c3b,RUN-4680683,legacy_plateau20,test,accuracy_percent,92.499,80,100,20,parsed raw epoch count; legacy terminal CSV window,100,True,4680683,1,21048f06a7fa893000fb01b3a68dbc1108aa5cca89104557af10d870fb9d0441,"[""archive/Account1/runs/h2-l-L0p001-s1-4680683.out""]","[""csv_plateau20""]","[""/panels/abandoned_fixes/M0_layerwise_lambda/3/runs/1/csv_plateau20""]","[""OCC-d46da34d1e425119""]","[""abandoned_fixes""]"
MEAS-7b93b10c51c586c1,RUN-4680690,legacy_plateau20,test,accuracy_percent,92.204,80,100,20,parsed raw epoch count; legacy terminal CSV window,100,True,4680690,2,25c41add4e984509e9d78d0e82080922a2d3e23416d5cf058517fc9e93afd2a0,"[""archive/Account1/runs/h2-l-L0p001-s2-4680690.out""]","[""csv_plateau20""]","[""/panels/abandoned_fixes/M0_layerwise_lambda/3/runs/2/csv_plateau20""]","[""OCC-d46da34d1e425119""]","[""abandoned_fixes""]"
MEAS-274f80e019cefdc4,RUN-4680677,legacy_plateau20,test,accuracy_percent,92.31,80,100,20,parsed raw epoch count; legacy terminal CSV window,100,True,4680677,0,4e7607525db74d8067ac39bace60de1ba528f8dae7647f7dfbf6b29169345880,"[""archive/Account1/runs/h2-l-L0p01-s0-4680677.out""]","[""csv_plateau20""]","[""/panels/abandoned_fixes/M0_layerwise_lambda/4/runs/0/csv_plateau20""]","[""OCC-528ee3c0806e46d0""]","[""abandoned_fixes""]"
MEAS-bd42eddad718b457,RUN-4680684,legacy_plateau20,test,accuracy_percent,92.502,80,100,20,parsed raw epoch count; legacy terminal CSV window,100,True,4680684,1,24b1f6e5da7c14878473f1c7e1a16a8d4e4e7076e6b04fff3bf3f007a68becaa,"[""archive/Account1/runs/h2-l-L0p01-s1-4680684.out""]","[""csv_plateau20""]","[""/panels/abandoned_fixes/M0_layerwise_lambda/4/runs/1/csv_plateau20""]","[""OCC-528ee3c0806e46d0""]","[""abandoned_fixes""]"
MEAS-fcda58337aeedf03,RUN-4680691,legacy_plateau20,test,accuracy_percent,92.604,80,100,20,parsed raw epoch count; legacy terminal CSV window,100,True,4680691,2,fd0a5f8981a108357c368bae3a735d5787871ee47e2f76f0237d34a2c2477607,"[""archive/Account1/runs/h2-l-L0p01-s2-4680691.out""]","[""csv_plateau20""]","[""/panels/abandoned_fixes/M0_layerwise_lambda/4/runs/2/csv_plateau20""]","[""OCC-528ee3c0806e46d0""]","[""abandoned_fixes""]"
MEAS-2d1d21f751d8da98,RUN-4680777,legacy_plateau20,test,accuracy_percent,92.187,80,100,20,parsed raw epoch count; legacy terminal CSV window,100,True,4680777,0,206af99d989d6d6bc5ceef8b8d15c7bba1dcc282642825786255333467e9d6e1,"[""archive/Account1/runs/h2-lam003-s0-4680777.out""]","[""csv_plateau20""]","[""/panels/abandoned_fixes/M0_layerwise_lambda/5/runs/0/csv_plateau20""]","[""OCC-d9bd7259eb81ea01""]","[""abandoned_fixes""]"
MEAS-027d9800a4639a95,RUN-4680782,legacy_plateau20,test,accuracy_percent,92.227,80,100,20,parsed raw epoch count; legacy terminal CSV window,100,True,4680782,1,38a22c34199346d752bd7ffc69774913a194d4d3622333c166a7dac8b13ed4a6,"[""archive/Account1/runs/h2-lam003-s1-4680782.out""]","[""csv_plateau20""]","[""/panels/abandoned_fixes/M0_layerwise_lambda/5/runs/1/csv_plateau20""]","[""OCC-d9bd7259eb81ea01""]","[""abandoned_fixes""]"
MEAS-3619190113decf84,RUN-4680787,legacy_plateau20,test,accuracy_percent,92.323,80,100,20,parsed raw epoch count; legacy terminal CSV window,100,True,4680787,2,406db1801fb896b60eff3375c5b07f0e546b9839f002db6b3af072f6e28628d9,"[""archive/Account1/runs/h2-lam003-s2-4680787.out""]","[""csv_plateau20""]","[""/panels/abandoned_fixes/M0_layerwise_lambda/5/runs/2/csv_plateau20""]","[""OCC-d9bd7259eb81ea01""]","[""abandoned_fixes""]"
MEAS-05a67581dcadeae8,RUN-4680823,legacy_plateau20,test,accuracy_percent,92.239,80,100,20,parsed raw epoch count; legacy terminal CSV window,100,True,4680823,0,5feadb30844a6d2cb8078a0a15a53f9656eb29fed9e483f6af87150e7658c823,"[""archive/Account1/runs/a0h-lsh01-1e6-s0-4680823.out""]","[""csv_plateau20""]","[""/panels/abandoned_fixes/M0_layerwise_lambda/6/runs/1/csv_plateau20""]","[""OCC-2672f430232fda1e""]","[""abandoned_fixes""]"
MEAS-eb198fd719fb29b6,RUN-4680778,legacy_plateau20,test,accuracy_percent,92.162,80,100,20,parsed raw epoch count; legacy terminal CSV window,100,True,4680778,0,5620fbca70776d1d6377966d9b393cf342cea13f1be27363742d7a269d50f17d,"[""archive/Account1/runs/h2-lam01-s0-4680778.out""]","[""csv_plateau20""]","[""/panels/abandoned_fixes/M0_layerwise_lambda/6/runs/2/csv_plateau20""]","[""OCC-2672f430232fda1e""]","[""abandoned_fixes""]"
MEAS-76b42f886794cf1a,RUN-4680586,legacy_plateau20,test,accuracy_percent,92.3,80,100,20,parsed raw epoch count; legacy terminal CSV window,100,True,4680586,0,4df91cdc2937f6852e4f935d7a71f20333b1225b8aae6bde364f8ae5c6f9dc32,"[""archive/Account1/runs/hs-l-lam01-s0-4680586.out""]","[""csv_plateau20""]","[""/panels/abandoned_fixes/M0_layerwise_lambda/6/runs/3/csv_plateau20""]","[""OCC-2672f430232fda1e""]","[""abandoned_fixes""]"
MEAS-2d6add57a2618fa9,RUN-4680783,legacy_plateau20,test,accuracy_percent,92.343,80,100,20,parsed raw epoch count; legacy terminal CSV window,100,True,4680783,1,364e60713e010d6793f588c36a70cccf33c5d7a5e5450d3ebe746757c85bae34,"[""archive/Account1/runs/h2-lam01-s1-4680783.out""]","[""csv_plateau20""]","[""/panels/abandoned_fixes/M0_layerwise_lambda/6/runs/5/csv_plateau20""]","[""OCC-2672f430232fda1e""]","[""abandoned_fixes""]"
MEAS-9bcee5f7be43d351,RUN-4680592,legacy_plateau20,test,accuracy_percent,92.244,80,100,20,parsed raw epoch count; legacy terminal CSV window,100,True,4680592,1,ebf2ca3144b831d76554c9f2f2cd9916d16bd8752ef57e7415fb97c0a9829c7c,"[""archive/Account1/runs/hs-l-lam01-s1-4680592.out""]","[""csv_plateau20""]","[""/panels/abandoned_fixes/M0_layerwise_lambda/6/runs/6/csv_plateau20""]","[""OCC-2672f430232fda1e""]","[""abandoned_fixes""]"
MEAS-15cca7850d984c43,RUN-4680697,legacy_plateau20,test,accuracy_percent,92.361,80,100,20,parsed raw epoch count; legacy terminal CSV window,100,True,4680697,2,e0c3d733eb580635d86321cd1f73f9d48ba714c6fb181d7ddfa714604bcbf7d2,"[""archive/Account1/runs/h2-l-L0p1-s2-4680697.out""]","[""csv_plateau20""]","[""/panels/abandoned_fixes/M0_layerwise_lambda/6/runs/7/csv_plateau20""]","[""OCC-2672f430232fda1e""]","[""abandoned_fixes""]"
MEAS-9d806c340d66f291,RUN-4680965,legacy_plateau20,test,accuracy_percent,92.201,80,100,20,parsed raw epoch count; legacy terminal CSV window,100,True,4680965,2,fb7285a8aafdbacdc67b37a0c4ffeb3ab2d0b6fb45493f6cd54814432b6ba49e,"[""archive/Account2/runs/hs-l-lam01-s2-4680965.out""]","[""csv_plateau20""]","[""/panels/abandoned_fixes/M0_layerwise_lambda/6/runs/8/csv_plateau20""]","[""OCC-2672f430232fda1e""]","[""abandoned_fixes""]"
MEAS-01fec08004374525,RUN-4680966,legacy_plateau20,test,accuracy_percent,92.35,80,100,20,parsed raw epoch count; legacy terminal CSV window,100,True,4680966,3,2102a85822020f2d562fa3d22ec19a6a9ebcf5edf7134125d88a138405131c45,"[""archive/Account2/runs/hs-l-lam01-s3-4680966.out""]","[""csv_plateau20""]","[""/panels/abandoned_fixes/M0_layerwise_lambda/6/runs/9/csv_plateau20""]","[""OCC-2672f430232fda1e""]","[""abandoned_fixes""]"
MEAS-2bc9cf18ed20de43,RUN-4680967,legacy_plateau20,test,accuracy_percent,92.296,80,100,20,parsed raw epoch count; legacy terminal CSV window,100,True,4680967,4,d0e3b8b1aa43fe438124f54ee3f958461f418ff297199a33d8b16cf11d5bd021,"[""archive/Account2/runs/hs-l-lam01-s4-4680967.out""]","[""csv_plateau20""]","[""/panels/abandoned_fixes/M0_layerwise_lambda/6/runs/10/csv_plateau20""]","[""OCC-2672f430232fda1e""]","[""abandoned_fixes""]"
MEAS-52085ac574e223de,RUN-4680779,legacy_plateau20,test,accuracy_percent,92.406,80,100,20,parsed raw epoch count; legacy terminal CSV window,100,True,4680779,0,6d8d9cdcfbfa79f32980c5e9d17f628ae1501f94c37f5c3f146267d861637e99,"[""archive/Account1/runs/h2-lam03-s0-4680779.out""]","[""csv_plateau20""]","[""/panels/abandoned_fixes/M0_layerwise_lambda/7/runs/0/csv_plateau20""]","[""OCC-06d5dc64393afff5""]","[""abandoned_fixes""]"
MEAS-8361ec715bf275f2,RUN-4680784,legacy_plateau20,test,accuracy_percent,92.191,80,100,20,parsed raw epoch count; legacy terminal CSV window,100,True,4680784,1,510fc9893115125dadcf593b62ec91f38a514d029195b7894c0c1723097bc3e4,"[""archive/Account1/runs/h2-lam03-s1-4680784.out""]","[""csv_plateau20""]","[""/panels/abandoned_fixes/M0_layerwise_lambda/7/runs/1/csv_plateau20""]","[""OCC-06d5dc64393afff5""]","[""abandoned_fixes""]"
MEAS-3c5be7855d87f0ee,RUN-4680789,legacy_plateau20,test,accuracy_percent,92.075,80,100,20,parsed raw epoch count; legacy terminal CSV window,100,True,4680789,2,562b63ba3e519b97aa51351aac3fba163d388f62f27142b3269ab011abc75398,"[""archive/Account1/runs/h2-lam03-s2-4680789.out""]","[""csv_plateau20""]","[""/panels/abandoned_fixes/M0_layerwise_lambda/7/runs/2/csv_plateau20""]","[""OCC-06d5dc64393afff5""]","[""abandoned_fixes""]"
MEAS-2674380928e96c15,RUN-4680678,legacy_plateau20,test,accuracy_percent,92.254,80,100,20,parsed raw epoch count; legacy terminal CSV window,100,True,4680678,0,05e9d79bdd964dd43b9642fe6d17bb54d5c6e86900aaf5e56fe2eb02a749d255,"[""archive/Account1/runs/h2-l-L0p5-s0-4680678.out""]","[""csv_plateau20""]","[""/panels/abandoned_fixes/M0_layerwise_lambda/8/runs/0/csv_plateau20""]","[""OCC-878242533005647c""]","[""abandoned_fixes""]"
MEAS-bf3411aceac65cd2,RUN-4680685,legacy_plateau20,test,accuracy_percent,92.285,80,100,20,parsed raw epoch count; legacy terminal CSV window,100,True,4680685,1,f8fc4f0181195c9cb4ba502b5decb5cbc8db5bdd41ddc39e2f917f95b05107cf,"[""archive/Account1/runs/h2-l-L0p5-s1-4680685.out""]","[""csv_plateau20""]","[""/panels/abandoned_fixes/M0_layerwise_lambda/8/runs/1/csv_plateau20""]","[""OCC-878242533005647c""]","[""abandoned_fixes""]"
MEAS-5892eb9698e0052e,RUN-4680692,legacy_plateau20,test,accuracy_percent,92.049,80,100,20,parsed raw epoch count; legacy terminal CSV window,100,True,4680692,2,0294f79d4e63508df48d6a3b6c8df0872e7ba1b0e13e6a02c848f406bd59652f,"[""archive/Account1/runs/h2-l-L0p5-s2-4680692.out""]","[""csv_plateau20""]","[""/panels/abandoned_fixes/M0_layerwise_lambda/8/runs/2/csv_plateau20""]","[""OCC-878242533005647c""]","[""abandoned_fixes""]"
MEAS-17f87d14791731c1,RUN-4680679,legacy_plateau20,test,accuracy_percent,92.414,80,100,20,parsed raw epoch count; legacy terminal CSV window,100,True,4680679,0,7a516693f82a3770489838336458410215da3e636484dcae7796fbf62a33f59f,"[""archive/Account1/runs/h2-l-L1p0-s0-4680679.out""]","[""csv_plateau20""]","[""/panels/abandoned_fixes/M0_layerwise_lambda/9/runs/0/csv_plateau20""]","[""OCC-376c2567443a8f97""]","[""abandoned_fixes""]"
MEAS-677d73421165a9b5,RUN-4680686,legacy_plateau20,test,accuracy_percent,92.221,80,100,20,parsed raw epoch count; legacy terminal CSV window,100,True,4680686,1,4b2843d2a46b137f42834f43edd893a4e60bbfbaa2feea0e8fe94a7d39f16355,"[""archive/Account1/runs/h2-l-L1p0-s1-4680686.out""]","[""csv_plateau20""]","[""/panels/abandoned_fixes/M0_layerwise_lambda/9/runs/1/csv_plateau20""]","[""OCC-376c2567443a8f97""]","[""abandoned_fixes""]"
MEAS-12749c1a20c75554,RUN-4680693,legacy_plateau20,test,accuracy_percent,91.963,80,100,20,parsed raw epoch count; legacy terminal CSV window,100,True,4680693,2,b178ce5ab784546471e56c16ee021ea8c2c83f8128539a1cafe96ecdc37dfbd8,"[""archive/Account1/runs/h2-l-L1p0-s2-4680693.out""]","[""csv_plateau20""]","[""/panels/abandoned_fixes/M0_layerwise_lambda/9/runs/2/csv_plateau20""]","[""OCC-376c2567443a8f97""]","[""abandoned_fixes""]"
MEAS-340c143cbf9479f6,RUN-4681674,legacy_plateau20,test,accuracy_percent,87.854,80,100,20,parsed raw epoch count; legacy terminal CSV window,100,True,4681674,0,c130be701a7eeed86056f70892c36c8ba27ee67db12536b4216b2cd51bac90ee,"[""archive/Account1/runs/zsw-l-r0-s0-4681674.out""]","[""csv_plateau20""]","[""/panels/abandoned_fixes/zpool/0/runs/0/csv_plateau20""]","[""OCC-fd1ee5ac151fe50c""]","[""abandoned_fixes""]"
MEAS-66b66104d319527d,RUN-4681811,legacy_plateau20,test,accuracy_percent,87.519,80,100,20,parsed raw epoch count; legacy terminal CSV window,100,True,4681811,0,c4b919d90bd055a648c66293c5be9c820b9f8399b97bb9b41fd14e31381d42ed,"[""archive/Account2/runs/zsx-l-r0-s0-4681811.out""]","[""csv_plateau20""]","[""/panels/abandoned_fixes/zpool/0/runs/1/csv_plateau20""]","[""OCC-fd1ee5ac151fe50c""]","[""abandoned_fixes""]"
MEAS-e1052ca375c25ce4,RUN-4681686,legacy_plateau20,test,accuracy_percent,87.855,80,100,20,parsed raw epoch count; legacy terminal CSV window,100,True,4681686,1,da6ae89978fc35b9ab37ba57b6b0cd405e90791c71f0ceef25459224f1fa4654,"[""archive/Account1/runs/zsw-l-r0-s1-4681686.out""]","[""csv_plateau20""]","[""/panels/abandoned_fixes/zpool/0/runs/2/csv_plateau20""]","[""OCC-fd1ee5ac151fe50c""]","[""abandoned_fixes""]"
MEAS-33bc11538a23517e,RUN-4681823,legacy_plateau20,test,accuracy_percent,87.704,80,100,20,parsed raw epoch count; legacy terminal CSV window,100,True,4681823,1,36f1c611b8b9e8c8cc8c45c3fda0ac3f79478c483914f29290a1d7d138b5aec2,"[""archive/Account2/runs/zsx-l-r0-s1-4681823.out""]","[""csv_plateau20""]","[""/panels/abandoned_fixes/zpool/0/runs/3/csv_plateau20""]","[""OCC-fd1ee5ac151fe50c""]","[""abandoned_fixes""]"
MEAS-8690543f2b5febce,RUN-4681698,legacy_plateau20,test,accuracy_percent,87.766,80,100,20,parsed raw epoch count; legacy terminal CSV window,100,True,4681698,2,51632e2fbf016e5e77392007649c1de83ce03d924cd4b1cb2b204e12b343354f,"[""archive/Account1/runs/zsw-l-r0-s2-4681698.out""]","[""csv_plateau20""]","[""/panels/abandoned_fixes/zpool/0/runs/4/csv_plateau20""]","[""OCC-fd1ee5ac151fe50c""]","[""abandoned_fixes""]"
MEAS-ac1374c3adf3badd,RUN-4681676,legacy_plateau20,test,accuracy_percent,89.332,80,100,20,parsed raw epoch count; legacy terminal CSV window,100,True,4681676,0,17e5b76941621a8ab14cbb726ef1682333f06f468e0f50b1cb06d1273a572507,"[""archive/Account1/runs/zsw-l-r01-s0-4681676.out""]","[""csv_plateau20""]","[""/panels/abandoned_fixes/zpool/1/runs/0/csv_plateau20""]","[""OCC-844addf11d51442c""]","[""abandoned_fixes""]"
MEAS-f0727d6a489e9389,RUN-4681813,legacy_plateau20,test,accuracy_percent,89.576,80,100,20,parsed raw epoch count; legacy terminal CSV window,100,True,4681813,0,62521e3d58169a01b8f486207dbcf1dc25f32ce1534a8f5ccf182b6d30c4fcdb,"[""archive/Account2/runs/zsx-l-r01-s0-4681813.out""]","[""csv_plateau20""]","[""/panels/abandoned_fixes/zpool/1/runs/1/csv_plateau20""]","[""OCC-844addf11d51442c""]","[""abandoned_fixes""]"
MEAS-c2cd73c0230c1e3c,RUN-4681688,legacy_plateau20,test,accuracy_percent,89.432,80,100,20,parsed raw epoch count; legacy terminal CSV window,100,True,4681688,1,104af1c3d016d82c2cddbf7669d329db8469400b74318d1c531d0d665a7942a3,"[""archive/Account1/runs/zsw-l-r01-s1-4681688.out""]","[""csv_plateau20""]","[""/panels/abandoned_fixes/zpool/1/runs/2/csv_plateau20""]","[""OCC-844addf11d51442c""]","[""abandoned_fixes""]"
MEAS-0e46a21a4c57170c,RUN-4681825,legacy_plateau20,test,accuracy_percent,89.363,80,100,20,parsed raw epoch count; legacy terminal CSV window,100,True,4681825,1,ece2f92c9cbfc59b9e16b87c6c77f1cb016ed9ea80eff03045354dbc33df2ed6,"[""archive/Account2/runs/zsx-l-r01-s1-4681825.out""]","[""csv_plateau20""]","[""/panels/abandoned_fixes/zpool/1/runs/3/csv_plateau20""]","[""OCC-844addf11d51442c""]","[""abandoned_fixes""]"
MEAS-db0908ec14731fb3,RUN-4681700,legacy_plateau20,test,accuracy_percent,89.65,80,100,20,parsed raw epoch count; legacy terminal CSV window,100,True,4681700,2,921eebf3c3722deb40c6ec5b711c3cc467b810a87f0751bf225357f312181b4e,"[""archive/Account1/runs/zsw-l-r01-s2-4681700.out""]","[""csv_plateau20""]","[""/panels/abandoned_fixes/zpool/1/runs/4/csv_plateau20""]","[""OCC-844addf11d51442c""]","[""abandoned_fixes""]"
MEAS-7b091d1d6126db67,RUN-4681678,legacy_plateau20,test,accuracy_percent,89.393,80,100,20,parsed raw epoch count; legacy terminal CSV window,100,True,4681678,0,ced509ce96eee106b8f1ac67fb8a9a6f9ffd12da8b8a2c3a34148f0e961ecc3a,"[""archive/Account1/runs/zsw-l-r03-s0-4681678.out""]","[""csv_plateau20""]","[""/panels/abandoned_fixes/zpool/2/runs/0/csv_plateau20""]","[""OCC-47ea005becb1ec84""]","[""abandoned_fixes""]"
MEAS-c911ddefaa12c2dd,RUN-4681815,legacy_plateau20,test,accuracy_percent,89.371,80,100,20,parsed raw epoch count; legacy terminal CSV window,100,True,4681815,0,20d950a866b05d442db588cc6f6802064caf7919228e02bc7c3ccc510e3a4f81,"[""archive/Account2/runs/zsx-l-r03-s0-4681815.out""]","[""csv_plateau20""]","[""/panels/abandoned_fixes/zpool/2/runs/1/csv_plateau20""]","[""OCC-47ea005becb1ec84""]","[""abandoned_fixes""]"
MEAS-b87024f20276cb8a,RUN-4681690,legacy_plateau20,test,accuracy_percent,89.352,80,100,20,parsed raw epoch count; legacy terminal CSV window,100,True,4681690,1,845e515e979890f124885ad8632df39acb5a687c1c871d12b8a871a908d4fecc,"[""archive/Account1/runs/zsw-l-r03-s1-4681690.out""]","[""csv_plateau20""]","[""/panels/abandoned_fixes/zpool/2/runs/2/csv_plateau20""]","[""OCC-47ea005becb1ec84""]","[""abandoned_fixes""]"
MEAS-1ea09c492a74b1d2,RUN-4681827,legacy_plateau20,test,accuracy_percent,89.504,80,100,20,parsed raw epoch count; legacy terminal CSV window,100,True,4681827,1,e94249686d9c6050ee3539c07d8cb014e2e5c2f66b5752c909d56305915f17c6,"[""archive/Account2/runs/zsx-l-r03-s1-4681827.out""]","[""csv_plateau20""]","[""/panels/abandoned_fixes/zpool/2/runs/3/csv_plateau20""]","[""OCC-47ea005becb1ec84""]","[""abandoned_fixes""]"
MEAS-db0edecbdffd1a97,RUN-4681702,legacy_plateau20,test,accuracy_percent,89.761,80,100,20,parsed raw epoch count; legacy terminal CSV window,100,True,4681702,2,6e3faef4d800c4930dd5c0db972797deeec5c838cb537a2801cb6fd8aa1d3734,"[""archive/Account1/runs/zsw-l-r03-s2-4681702.out""]","[""csv_plateau20""]","[""/panels/abandoned_fixes/zpool/2/runs/4/csv_plateau20""]","[""OCC-47ea005becb1ec84""]","[""abandoned_fixes""]"
MEAS-8ada47a93aeb0137,RUN-4681680,legacy_plateau20,test,accuracy_percent,89.119,80,100,20,parsed raw epoch count; legacy terminal CSV window,100,True,4681680,0,6ee0c56d7d37a24fd2ccf0c020c082ba4320f5991954c8d3502a98cf3faea274,"[""archive/Account1/runs/zsw-l-r05-s0-4681680.out""]","[""csv_plateau20""]","[""/panels/abandoned_fixes/zpool/3/runs/0/csv_plateau20""]","[""OCC-1435d2426b51dc89""]","[""abandoned_fixes""]"
MEAS-d146d51426e4d17a,RUN-4681817,legacy_plateau20,test,accuracy_percent,89.115,80,100,20,parsed raw epoch count; legacy terminal CSV window,100,True,4681817,0,268ec129e2dbf99d48d7f0e9284f89d999e12c0124c98f24a96b0dd91b2fc050,"[""archive/Account2/runs/zsx-l-r05-s0-4681817.out""]","[""csv_plateau20""]","[""/panels/abandoned_fixes/zpool/3/runs/1/csv_plateau20""]","[""OCC-1435d2426b51dc89""]","[""abandoned_fixes""]"
MEAS-cef94e55e4309dcc,RUN-4681692,legacy_plateau20,test,accuracy_percent,89.121,80,100,20,parsed raw epoch count; legacy terminal CSV window,100,True,4681692,1,6abe4c716360a7305e6c675d2f4a838638386b1262375cc2b9761370880c96ff,"[""archive/Account1/runs/zsw-l-r05-s1-4681692.out""]","[""csv_plateau20""]","[""/panels/abandoned_fixes/zpool/3/runs/2/csv_plateau20""]","[""OCC-1435d2426b51dc89""]","[""abandoned_fixes""]"
MEAS-1adaf65c95fd552b,RUN-4681704,legacy_plateau20,test,accuracy_percent,89.326,80,100,20,parsed raw epoch count; legacy terminal CSV window,100,True,4681704,2,1efbfcb02bf0264d55160de0e1fac23f93583fa6d31e2f51862fea22d764ecb8,"[""archive/Account1/runs/zsw-l-r05-s2-4681704.out""]","[""csv_plateau20""]","[""/panels/abandoned_fixes/zpool/3/runs/3/csv_plateau20""]","[""OCC-1435d2426b51dc89""]","[""abandoned_fixes""]"
MEAS-8c363ad3129f3b4f,RUN-4682645,legacy_plateau20,test,accuracy_percent,89.207,80,100,20,parsed raw epoch count; legacy terminal CSV window,100,True,4682645,0,ada95564fb3ba2000d027d8d94f93b686d259f5f864744f2b645d78fa79fa467,"[""archive/Account2/runs/zrn-l-r07-s0-4682645.out""]","[""csv_plateau20""]","[""/panels/abandoned_fixes/zpool/4/runs/0/csv_plateau20""]","[""OCC-c3aadff827eee25f""]","[""abandoned_fixes""]"
MEAS-5ca7446bc7dd6787,RUN-4681682,legacy_plateau20,test,accuracy_percent,88.992,80,100,20,parsed raw epoch count; legacy terminal CSV window,100,True,4681682,0,fadf34f7e24edbeb3e3fdabe6793016dc6ec669c7eefc14378699ae1dce9dc58,"[""archive/Account1/runs/zsw-l-r07-s0-4681682.out""]","[""csv_plateau20""]","[""/panels/abandoned_fixes/zpool/4/runs/1/csv_plateau20""]","[""OCC-c3aadff827eee25f""]","[""abandoned_fixes""]"
MEAS-a1835f17f8ff2d52,RUN-4681819,legacy_plateau20,test,accuracy_percent,88.826,80,100,20,parsed raw epoch count; legacy terminal CSV window,100,True,4681819,0,4e5d5261ebd425c48e7fea94074301b2e5c59dcb116f7335fe69de77aa1de58a,"[""archive/Account2/runs/zsx-l-r07-s0-4681819.out""]","[""csv_plateau20""]","[""/panels/abandoned_fixes/zpool/4/runs/2/csv_plateau20""]","[""OCC-c3aadff827eee25f""]","[""abandoned_fixes""]"
MEAS-c66ccc0a706b1a06,RUN-4682655,legacy_plateau20,test,accuracy_percent,89.313,80,100,20,parsed raw epoch count; legacy terminal CSV window,100,True,4682655,1,6edeb1abd1b44a2ce9144caad37056f34f30593f08920f74750ba6dedebd8f60,"[""archive/Account2/runs/zrn-l-r07-s1-4682655.out""]","[""csv_plateau20""]","[""/panels/abandoned_fixes/zpool/4/runs/3/csv_plateau20""]","[""OCC-c3aadff827eee25f""]","[""abandoned_fixes""]"
MEAS-0ce5986635b2e004,RUN-4681694,legacy_plateau20,test,accuracy_percent,89.1,80,100,20,parsed raw epoch count; legacy terminal CSV window,100,True,4681694,1,59570688030041fdd7c811606ef9a681aa1d892c1360f2f5da6f341ac9594e4d,"[""archive/Account1/runs/zsw-l-r07-s1-4681694.out""]","[""csv_plateau20""]","[""/panels/abandoned_fixes/zpool/4/runs/4/csv_plateau20""]","[""OCC-c3aadff827eee25f""]","[""abandoned_fixes""]"
MEAS-a74d0691d7ec18c1,RUN-4681706,legacy_plateau20,test,accuracy_percent,89.164,80,100,20,parsed raw epoch count; legacy terminal CSV window,100,True,4681706,2,1f9c5ff91dcb1a52dc0d05046efd0037bd7f5dbb41c1bfc32c9f8d6f3153653c,"[""archive/Account1/runs/zsw-l-r07-s2-4681706.out""]","[""csv_plateau20""]","[""/panels/abandoned_fixes/zpool/4/runs/5/csv_plateau20""]","[""OCC-c3aadff827eee25f""]","[""abandoned_fixes""]"
MEAS-e3a97a8eb01295b7,RUN-4682647,legacy_plateau20,test,accuracy_percent,90.048,80,100,20,parsed raw epoch count; legacy terminal CSV window,100,True,4682647,0,809f22a0a3762e2e204ba0dd7afc5f6e8532db45b6cb447bc49a54bd652a8fe9,"[""archive/Account2/runs/zrn-l-r09-s0-4682647.out""]","[""csv_plateau20""]","[""/panels/abandoned_fixes/zpool/5/runs/0/csv_plateau20""]","[""OCC-783ca19e39999514""]","[""abandoned_fixes""]"
MEAS-910a5c6f4b45d595,RUN-4682657,legacy_plateau20,test,accuracy_percent,90.344,80,100,20,parsed raw epoch count; legacy terminal CSV window,100,True,4682657,1,a310a86b061a96317c27e372393df2e7b70a4a837cee9d154139e4abb4869414,"[""archive/Account2/runs/zrn-l-r09-s1-4682657.out""]","[""csv_plateau20""]","[""/panels/abandoned_fixes/zpool/5/runs/1/csv_plateau20""]","[""OCC-783ca19e39999514""]","[""abandoned_fixes""]"
MEAS-93d4a908b74267e1,RUN-4682649,legacy_plateau20,test,accuracy_percent,90.518,80,100,20,parsed raw epoch count; legacy terminal CSV window,100,True,4682649,0,45b1fc1a544b80fe7e86324ed27946b5368c12c5682d3f3a242e53575d532199,"[""archive/Account2/runs/zrn-l-r095-s0-4682649.out""]","[""csv_plateau20""]","[""/panels/abandoned_fixes/zpool/6/runs/0/csv_plateau20""]","[""OCC-55fb42da6bd55eaf""]","[""abandoned_fixes""]"
MEAS-4f857eb022f92fc3,RUN-4682659,legacy_plateau20,test,accuracy_percent,90.352,80,100,20,parsed raw epoch count; legacy terminal CSV window,100,True,4682659,1,49140f1422fc55b6c4c01e5b148d3ad783972560803fc8258a9b0886ca38d421,"[""archive/Account2/runs/zrn-l-r095-s1-4682659.out""]","[""csv_plateau20""]","[""/panels/abandoned_fixes/zpool/6/runs/1/csv_plateau20""]","[""OCC-55fb42da6bd55eaf""]","[""abandoned_fixes""]"
MEAS-3246a015ccfd7d89,RUN-4682651,legacy_plateau20,test,accuracy_percent,90.971,80,100,20,parsed raw epoch count; legacy terminal CSV window,100,True,4682651,0,ac1d7eb225dc4c1dfa2f3bdfe08dd75a28a5587caf36f49e364ba25420cf6db4,"[""archive/Account2/runs/zrn-l-r099-s0-4682651.out""]","[""csv_plateau20""]","[""/panels/abandoned_fixes/zpool/7/runs/0/csv_plateau20""]","[""OCC-4538443b3aa7e108""]","[""abandoned_fixes""]"
MEAS-e1851e60e8141302,RUN-4682653,legacy_plateau20,test,accuracy_percent,90.836,80,100,20,parsed raw epoch count; legacy terminal CSV window,100,True,4682653,0,772a54d9e3b6cc380bffeeae697b8c2fd16ccf2954a4a1f38db16820c8bfb399,"[""archive/Account2/runs/zrn-l-r1-s0-4682653.out""]","[""csv_plateau20""]","[""/panels/abandoned_fixes/zpool/8/runs/0/csv_plateau20""]","[""OCC-11dc64609c5e2151""]","[""abandoned_fixes""]"
MEAS-032b64e2bd541985,RUN-4681684,legacy_plateau20,test,accuracy_percent,90.761,80,100,20,parsed raw epoch count; legacy terminal CSV window,100,True,4681684,0,c5d4fcd23ed883e8867e5a46f567e5dda47bc4826739be775d70bbe6f33fb7da,"[""archive/Account1/runs/zsw-l-r1-s0-4681684.out""]","[""csv_plateau20""]","[""/panels/abandoned_fixes/zpool/8/runs/1/csv_plateau20""]","[""OCC-11dc64609c5e2151""]","[""abandoned_fixes""]"
MEAS-353e0ce48654f7e9,RUN-4681821,legacy_plateau20,test,accuracy_percent,91.047,80,100,20,parsed raw epoch count; legacy terminal CSV window,100,True,4681821,0,839e71136993745fc742f92e53878f28dd76ba601d834df571e826b6892d9465,"[""archive/Account2/runs/zsx-l-r1-s0-4681821.out""]","[""csv_plateau20""]","[""/panels/abandoned_fixes/zpool/8/runs/2/csv_plateau20""]","[""OCC-11dc64609c5e2151""]","[""abandoned_fixes""]"
MEAS-7f1f501d83ea92fe,RUN-4681696,legacy_plateau20,test,accuracy_percent,90.833,80,100,20,parsed raw epoch count; legacy terminal CSV window,100,True,4681696,1,ef6707508bf5182bc943f3ebe2ec256fb3d1b52071d8b705391292201046abe4,"[""archive/Account1/runs/zsw-l-r1-s1-4681696.out""]","[""csv_plateau20""]","[""/panels/abandoned_fixes/zpool/8/runs/3/csv_plateau20""]","[""OCC-11dc64609c5e2151""]","[""abandoned_fixes""]"
MEAS-4e6ee22c664d250f,RUN-4681708,legacy_plateau20,test,accuracy_percent,91.186,80,100,20,parsed raw epoch count; legacy terminal CSV window,100,True,4681708,2,a63f07d27fe360737b5c7de304003f068cb84dbf7dd37c1c839c4db53d3fcd58,"[""archive/Account1/runs/zsw-l-r1-s2-4681708.out""]","[""csv_plateau20""]","[""/panels/abandoned_fixes/zpool/8/runs/4/csv_plateau20""]","[""OCC-11dc64609c5e2151""]","[""abandoned_fixes""]"
MEAS-5f2006937b1a6dea,RUN-4681673,legacy_plateau20,test,accuracy_percent,87.761,80,100,20,parsed raw epoch count; legacy terminal CSV window,100,True,4681673,0,19f4c1abc534212a99f8985078a60f7fa7cdbce74a0f7fabcbe8d42c87867512,"[""archive/Account1/runs/zsw-w-r0-s0-4681673.out""]","[""csv_plateau20""]","[""/panels/abandoned_fixes/zpool/9/runs/0/csv_plateau20""]","[""OCC-da8afe1a2e1bf504""]","[""abandoned_fixes""]"
MEAS-00ab739eb0966462,RUN-4681810,legacy_plateau20,test,accuracy_percent,87.794,80,100,20,parsed raw epoch count; legacy terminal CSV window,100,True,4681810,0,58b8ddd488afcc012e8ffe0ee478d0a90329566dc57dbf3cfbc01ca34e560441,"[""archive/Account2/runs/zsx-w-r0-s0-4681810.out""]","[""csv_plateau20""]","[""/panels/abandoned_fixes/zpool/9/runs/1/csv_plateau20""]","[""OCC-da8afe1a2e1bf504""]","[""abandoned_fixes""]"
MEAS-66297010d738d129,RUN-4681685,legacy_plateau20,test,accuracy_percent,87.797,80,100,20,parsed raw epoch count; legacy terminal CSV window,100,True,4681685,1,fdfa23b9cee1e3135b121d521a9333b0ca956473db381f3f8311e6b1643ba21a,"[""archive/Account1/runs/zsw-w-r0-s1-4681685.out""]","[""csv_plateau20""]","[""/panels/abandoned_fixes/zpool/9/runs/2/csv_plateau20""]","[""OCC-da8afe1a2e1bf504""]","[""abandoned_fixes""]"
MEAS-c0f61fa1e9e55c25,RUN-4681822,legacy_plateau20,test,accuracy_percent,87.756,80,100,20,parsed raw epoch count; legacy terminal CSV window,100,True,4681822,1,373f352ec126dad9dffbbcc80c0649ff994405a4b077776343f2a88c4829a8af,"[""archive/Account2/runs/zsx-w-r0-s1-4681822.out""]","[""csv_plateau20""]","[""/panels/abandoned_fixes/zpool/9/runs/3/csv_plateau20""]","[""OCC-da8afe1a2e1bf504""]","[""abandoned_fixes""]"
MEAS-7355eecab74beb93,RUN-4681697,legacy_plateau20,test,accuracy_percent,87.707,80,100,20,parsed raw epoch count; legacy terminal CSV window,100,True,4681697,2,e54feb7de5f98e250bdd598b23ffbe789f4b73f02bb24a8e25da76fbdf397392,"[""archive/Account1/runs/zsw-w-r0-s2-4681697.out""]","[""csv_plateau20""]","[""/panels/abandoned_fixes/zpool/9/runs/4/csv_plateau20""]","[""OCC-da8afe1a2e1bf504""]","[""abandoned_fixes""]"
MEAS-ce03e251ff4f144e,RUN-4681675,legacy_plateau20,test,accuracy_percent,87.773,80,100,20,parsed raw epoch count; legacy terminal CSV window,100,True,4681675,0,0486d10fb374562b149a5b430f07e7e49dd6c52cea97aaef0e86875347613318,"[""archive/Account1/runs/zsw-w-r01-s0-4681675.out""]","[""csv_plateau20""]","[""/panels/abandoned_fixes/zpool/10/runs/0/csv_plateau20""]","[""OCC-dc53dcb6ca9ace72""]","[""abandoned_fixes""]"
MEAS-1c7068bcb8cc401d,RUN-4681812,legacy_plateau20,test,accuracy_percent,87.921,80,100,20,parsed raw epoch count; legacy terminal CSV window,100,True,4681812,0,194fdacf08cb978400a020fc7f6c592a3838ad91f0950666af5113175a35ae73,"[""archive/Account2/runs/zsx-w-r01-s0-4681812.out""]","[""csv_plateau20""]","[""/panels/abandoned_fixes/zpool/10/runs/1/csv_plateau20""]","[""OCC-dc53dcb6ca9ace72""]","[""abandoned_fixes""]"
MEAS-48a930ef1bd0932f,RUN-4681687,legacy_plateau20,test,accuracy_percent,87.938,80,100,20,parsed raw epoch count; legacy terminal CSV window,100,True,4681687,1,c77a4a39e4e4b13f1212f37cae90614a0b748acb7f20c85bb19d44ae9c28be5c,"[""archive/Account1/runs/zsw-w-r01-s1-4681687.out""]","[""csv_plateau20""]","[""/panels/abandoned_fixes/zpool/10/runs/2/csv_plateau20""]","[""OCC-dc53dcb6ca9ace72""]","[""abandoned_fixes""]"
MEAS-d8b1d35971e5549b,RUN-4681824,legacy_plateau20,test,accuracy_percent,87.84,80,100,20,parsed raw epoch count; legacy terminal CSV window,100,True,4681824,1,8071e02986d0e75c8b6d212cf56c7125208c347860e9fc898a925ee963973287,"[""archive/Account2/runs/zsx-w-r01-s1-4681824.out""]","[""csv_plateau20""]","[""/panels/abandoned_fixes/zpool/10/runs/3/csv_plateau20""]","[""OCC-dc53dcb6ca9ace72""]","[""abandoned_fixes""]"
MEAS-88d8b3c1880ddd29,RUN-4681699,legacy_plateau20,test,accuracy_percent,87.764,80,100,20,parsed raw epoch count; legacy terminal CSV window,100,True,4681699,2,390f08e754483316a9b9105da10d1dde9a9b435e4161afb32b488478fb695507,"[""archive/Account1/runs/zsw-w-r01-s2-4681699.out""]","[""csv_plateau20""]","[""/panels/abandoned_fixes/zpool/10/runs/4/csv_plateau20""]","[""OCC-dc53dcb6ca9ace72""]","[""abandoned_fixes""]"
MEAS-7a200ad42768e1de,RUN-4681677,legacy_plateau20,test,accuracy_percent,88.039,80,100,20,parsed raw epoch count; legacy terminal CSV window,100,True,4681677,0,9122d923a64b130196cefb62c0a280f60aa2f37aee8ab461634c1a27b056c3d0,"[""archive/Account1/runs/zsw-w-r03-s0-4681677.out""]","[""csv_plateau20""]","[""/panels/abandoned_fixes/zpool/11/runs/0/csv_plateau20""]","[""OCC-0945ce7b627a5f0b""]","[""abandoned_fixes""]"
MEAS-1e87d341a23fe9d9,RUN-4681814,legacy_plateau20,test,accuracy_percent,87.854,80,100,20,parsed raw epoch count; legacy terminal CSV window,100,True,4681814,0,3cdb20aa0abc76d32811ea3f1a9e1241dbeb9981bbb5c89eb52eed86bcd74eb4,"[""archive/Account2/runs/zsx-w-r03-s0-4681814.out""]","[""csv_plateau20""]","[""/panels/abandoned_fixes/zpool/11/runs/1/csv_plateau20""]","[""OCC-0945ce7b627a5f0b""]","[""abandoned_fixes""]"
MEAS-2614fc6c768ba481,RUN-4681689,legacy_plateau20,test,accuracy_percent,87.708,80,100,20,parsed raw epoch count; legacy terminal CSV window,100,True,4681689,1,b942e87b90f20e4f6ec2f5ab1d4ba8b39a1a62e0e64b77c567661da108a53b0c,"[""archive/Account1/runs/zsw-w-r03-s1-4681689.out""]","[""csv_plateau20""]","[""/panels/abandoned_fixes/zpool/11/runs/2/csv_plateau20""]","[""OCC-0945ce7b627a5f0b""]","[""abandoned_fixes""]"
MEAS-38d127050ce55832,RUN-4681826,legacy_plateau20,test,accuracy_percent,88.035,80,100,20,parsed raw epoch count; legacy terminal CSV window,100,True,4681826,1,a08a8673c81451130434379d87884bac9fd8f9e20e6b9e75a2b5ebc2e789428f,"[""archive/Account2/runs/zsx-w-r03-s1-4681826.out""]","[""csv_plateau20""]","[""/panels/abandoned_fixes/zpool/11/runs/3/csv_plateau20""]","[""OCC-0945ce7b627a5f0b""]","[""abandoned_fixes""]"
MEAS-ae9a82db67eeec8e,RUN-4681701,legacy_plateau20,test,accuracy_percent,88.112,80,100,20,parsed raw epoch count; legacy terminal CSV window,100,True,4681701,2,e07c07235cbc9d365c1ccb610ea90ef0db44f31ea0e40a86349dc29ee942cde4,"[""archive/Account1/runs/zsw-w-r03-s2-4681701.out""]","[""csv_plateau20""]","[""/panels/abandoned_fixes/zpool/11/runs/4/csv_plateau20""]","[""OCC-0945ce7b627a5f0b""]","[""abandoned_fixes""]"
MEAS-df8058e1bb9577a4,RUN-4681679,legacy_plateau20,test,accuracy_percent,87.859,80,100,20,parsed raw epoch count; legacy terminal CSV window,100,True,4681679,0,2bedae1170aaafc62f3cac5c1327a05adf6feba6a7c29fb0a9918bc7f7408a2e,"[""archive/Account1/runs/zsw-w-r05-s0-4681679.out""]","[""csv_plateau20""]","[""/panels/abandoned_fixes/zpool/12/runs/0/csv_plateau20""]","[""OCC-1499db5bddd3549f""]","[""abandoned_fixes""]"
MEAS-c518f4a09f4c8a70,RUN-4681816,legacy_plateau20,test,accuracy_percent,87.703,80,100,20,parsed raw epoch count; legacy terminal CSV window,100,True,4681816,0,6137ce9ab397f5cdcaad08fd1c4f0311548e8d390f03c7f60f7da4957fc2cce4,"[""archive/Account2/runs/zsx-w-r05-s0-4681816.out""]","[""csv_plateau20""]","[""/panels/abandoned_fixes/zpool/12/runs/1/csv_plateau20""]","[""OCC-1499db5bddd3549f""]","[""abandoned_fixes""]"
MEAS-7b065c2acdb24bf3,RUN-4681691,legacy_plateau20,test,accuracy_percent,87.94,80,100,20,parsed raw epoch count; legacy terminal CSV window,100,True,4681691,1,b9b012c9ca737d51e23b0463aed47ba0b0d5400c80f194be2d230149d0fd5e2d,"[""archive/Account1/runs/zsw-w-r05-s1-4681691.out""]","[""csv_plateau20""]","[""/panels/abandoned_fixes/zpool/12/runs/2/csv_plateau20""]","[""OCC-1499db5bddd3549f""]","[""abandoned_fixes""]"
MEAS-bc7c57aa2ac9bb7f,RUN-4681703,legacy_plateau20,test,accuracy_percent,87.979,80,100,20,parsed raw epoch count; legacy terminal CSV window,100,True,4681703,2,1193c1f29d9e3c5f315f8531179202cc3220300ea36f3854de912582946fddbf,"[""archive/Account1/runs/zsw-w-r05-s2-4681703.out""]","[""csv_plateau20""]","[""/panels/abandoned_fixes/zpool/12/runs/3/csv_plateau20""]","[""OCC-1499db5bddd3549f""]","[""abandoned_fixes""]"
MEAS-1eb049e4d6058669,RUN-4682644,legacy_plateau20,test,accuracy_percent,88.114,80,100,20,parsed raw epoch count; legacy terminal CSV window,100,True,4682644,0,49b8cd16f8e135c8191735c4a800fe005b9f4a3127da0f08953272aa9b1a1f5c,"[""archive/Account2/runs/zrn-w-r07-s0-4682644.out""]","[""csv_plateau20""]","[""/panels/abandoned_fixes/zpool/13/runs/0/csv_plateau20""]","[""OCC-8b5855f674d6d827""]","[""abandoned_fixes""]"
MEAS-c4959cfa0c3c24de,RUN-4681681,legacy_plateau20,test,accuracy_percent,87.98,80,100,20,parsed raw epoch count; legacy terminal CSV window,100,True,4681681,0,41a1ee376332a5f64574c6b3e69673117f9e943416ea5d8035a1030fe1571c90,"[""archive/Account1/runs/zsw-w-r07-s0-4681681.out""]","[""csv_plateau20""]","[""/panels/abandoned_fixes/zpool/13/runs/1/csv_plateau20""]","[""OCC-8b5855f674d6d827""]","[""abandoned_fixes""]"
MEAS-56245943bfe20fd0,RUN-4681818,legacy_plateau20,test,accuracy_percent,88.28,80,100,20,parsed raw epoch count; legacy terminal CSV window,100,True,4681818,0,2400dee1b900ebb862b587a8f43629cd3b674f1ce6e843cae9e820ae6a2348a3,"[""archive/Account2/runs/zsx-w-r07-s0-4681818.out""]","[""csv_plateau20""]","[""/panels/abandoned_fixes/zpool/13/runs/2/csv_plateau20""]","[""OCC-8b5855f674d6d827""]","[""abandoned_fixes""]"
MEAS-7b61c866cbee3170,RUN-4682654,legacy_plateau20,test,accuracy_percent,87.929,80,100,20,parsed raw epoch count; legacy terminal CSV window,100,True,4682654,1,9fd782abda3af0630be6b6f4e9ce86b053618c90396f2178a36e5ee94784a340,"[""archive/Account2/runs/zrn-w-r07-s1-4682654.out""]","[""csv_plateau20""]","[""/panels/abandoned_fixes/zpool/13/runs/3/csv_plateau20""]","[""OCC-8b5855f674d6d827""]","[""abandoned_fixes""]"
MEAS-914ec9628c1a7bc6,RUN-4681693,legacy_plateau20,test,accuracy_percent,88.18,80,100,20,parsed raw epoch count; legacy terminal CSV window,100,True,4681693,1,25aa5204b993a5d9746b82455896f973c9368a5bfeb9f319b7178b4625cb3aeb,"[""archive/Account1/runs/zsw-w-r07-s1-4681693.out""]","[""csv_plateau20""]","[""/panels/abandoned_fixes/zpool/13/runs/4/csv_plateau20""]","[""OCC-8b5855f674d6d827""]","[""abandoned_fixes""]"
MEAS-bf2d7baf88ad8d82,RUN-4681705,legacy_plateau20,test,accuracy_percent,87.9,80,100,20,parsed raw epoch count; legacy terminal CSV window,100,True,4681705,2,07203c2b6c9af00bbfd1bcf04a6021da3825274ee23f20fe34761634b474cfc3,"[""archive/Account1/runs/zsw-w-r07-s2-4681705.out""]","[""csv_plateau20""]","[""/panels/abandoned_fixes/zpool/13/runs/5/csv_plateau20""]","[""OCC-8b5855f674d6d827""]","[""abandoned_fixes""]"
MEAS-dd7df8351ae64968,RUN-4682646,legacy_plateau20,test,accuracy_percent,88.584,80,100,20,parsed raw epoch count; legacy terminal CSV window,100,True,4682646,0,1736d523f0a8d0331ec5212911e02aaff5043e5493cdbc145b352f01bc89df4a,"[""archive/Account2/runs/zrn-w-r09-s0-4682646.out""]","[""csv_plateau20""]","[""/panels/abandoned_fixes/zpool/14/runs/0/csv_plateau20""]","[""OCC-8218832dcce52a7a""]","[""abandoned_fixes""]"
MEAS-61f7c0a8a6fa627b,RUN-4682656,legacy_plateau20,test,accuracy_percent,88.436,80,100,20,parsed raw epoch count; legacy terminal CSV window,100,True,4682656,1,38c14ada22163d736ca5905b9bce365e011e2124802fa72149b5bef50c4e1072,"[""archive/Account2/runs/zrn-w-r09-s1-4682656.out""]","[""csv_plateau20""]","[""/panels/abandoned_fixes/zpool/14/runs/1/csv_plateau20""]","[""OCC-8218832dcce52a7a""]","[""abandoned_fixes""]"
MEAS-fcef5081b6cf7836,RUN-4682648,legacy_plateau20,test,accuracy_percent,88.806,80,100,20,parsed raw epoch count; legacy terminal CSV window,100,True,4682648,0,a72dc5217c32c15fdefd80fef4e3063ac63304e9bd9d4b13699e434918a2b1ad,"[""archive/Account2/runs/zrn-w-r095-s0-4682648.out""]","[""csv_plateau20""]","[""/panels/abandoned_fixes/zpool/15/runs/0/csv_plateau20""]","[""OCC-9a15fec1448f1365""]","[""abandoned_fixes""]"
MEAS-99c5e7e58b62604f,RUN-4682658,legacy_plateau20,test,accuracy_percent,88.791,80,100,20,parsed raw epoch count; legacy terminal CSV window,100,True,4682658,1,bfd50676ceb8c6cf9dd6c241618a746c2928587f85bb2b70914157948a79d17c,"[""archive/Account2/runs/zrn-w-r095-s1-4682658.out""]","[""csv_plateau20""]","[""/panels/abandoned_fixes/zpool/15/runs/1/csv_plateau20""]","[""OCC-9a15fec1448f1365""]","[""abandoned_fixes""]"
MEAS-ea79e2e30b9952e0,RUN-4682650,legacy_plateau20,test,accuracy_percent,88.827,80,100,20,parsed raw epoch count; legacy terminal CSV window,100,True,4682650,0,741c994d495bc81d3f3e961c3a5ccebb6b770f1a1e8c5febad6d7181cd554c9b,"[""archive/Account2/runs/zrn-w-r099-s0-4682650.out""]","[""csv_plateau20""]","[""/panels/abandoned_fixes/zpool/16/runs/0/csv_plateau20""]","[""OCC-fa57237f6c17fe32""]","[""abandoned_fixes""]"
MEAS-612853db61c4f1b8,RUN-4682660,legacy_plateau20,test,accuracy_percent,89.276,80,100,20,parsed raw epoch count; legacy terminal CSV window,100,True,4682660,1,63e3a19ea0e27fd6757bcb7be7bd967f6ad8f1a29a631b3ad46735575a5ebb26,"[""archive/Account2/runs/zrn-w-r099-s1-4682660.out""]","[""csv_plateau20""]","[""/panels/abandoned_fixes/zpool/16/runs/1/csv_plateau20""]","[""OCC-fa57237f6c17fe32""]","[""abandoned_fixes""]"
MEAS-3e119c9af89169bc,RUN-4682652,legacy_plateau20,test,accuracy_percent,78.079,80,100,20,parsed raw epoch count; legacy terminal CSV window,100,True,4682652,0,e25d6659e8b4b195ce95db0c890c957141da9e953a597051403edf61873c31c3,"[""archive/Account2/runs/zrn-w-r1-s0-4682652.out""]","[""csv_plateau20""]","[""/panels/abandoned_fixes/zpool/17/runs/0/csv_plateau20""]","[""OCC-42d85117b63d9bb5""]","[""abandoned_fixes""]"
MEAS-aa70a09427fa42b0,RUN-4681683,legacy_plateau20,test,accuracy_percent,78.074,80,100,20,parsed raw epoch count; legacy terminal CSV window,100,True,4681683,0,36ac9a497235ec8c3a5ecda33d4d5384a02f0e92daddbd7a86f3c069e118901a,"[""archive/Account1/runs/zsw-w-r1-s0-4681683.out""]","[""csv_plateau20""]","[""/panels/abandoned_fixes/zpool/17/runs/1/csv_plateau20""]","[""OCC-42d85117b63d9bb5""]","[""abandoned_fixes""]"
MEAS-b901b5d956c817fa,RUN-4681820,legacy_plateau20,test,accuracy_percent,78.063,80,100,20,parsed raw epoch count; legacy terminal CSV window,100,True,4681820,0,b4863e3a15306290467d0b6261dd5d0499e330576c9a7800526a38134187204b,"[""archive/Account2/runs/zsx-w-r1-s0-4681820.out""]","[""csv_plateau20""]","[""/panels/abandoned_fixes/zpool/17/runs/2/csv_plateau20""]","[""OCC-42d85117b63d9bb5""]","[""abandoned_fixes""]"
MEAS-3a49da858921c05f,RUN-4681695,legacy_plateau20,test,accuracy_percent,78.063,80,100,20,parsed raw epoch count; legacy terminal CSV window,100,True,4681695,1,6e6350bafff72c8b4229b47fbc90d209f9b3d27f437d9dd2e467efca4df64d63,"[""archive/Account1/runs/zsw-w-r1-s1-4681695.out""]","[""csv_plateau20""]","[""/panels/abandoned_fixes/zpool/17/runs/3/csv_plateau20""]","[""OCC-42d85117b63d9bb5""]","[""abandoned_fixes""]"
MEAS-05d799f1c898bb12,RUN-4681707,legacy_plateau20,test,accuracy_percent,77.328,80,100,20,parsed raw epoch count; legacy terminal CSV window,100,True,4681707,2,354265c56296ef03972c4388a9f772613789e18c0c396de6d4adfdf8685446eb,"[""archive/Account1/runs/zsw-w-r1-s2-4681707.out""]","[""csv_plateau20""]","[""/panels/abandoned_fixes/zpool/17/runs/4/csv_plateau20""]","[""OCC-42d85117b63d9bb5""]","[""abandoned_fixes""]"
MEAS-da56a0c8ac813298,RUN-4700569,legacy_plateau20,test,accuracy_percent,92.766,80,100,20,parsed raw epoch count; legacy terminal CSV window,100,True,4700569,0,4886f8c699c6c63b5f1790d8a00b43dc3bf2fc2b13a6da44b889886f0c7ca846,"[""archive/Account1/runs/I1-layer-s0-4700569.out""]","[""csv_plateau20""]","[""/panels/abandoned_fixes/I1_schedule_unidentified/0/runs/0/csv_plateau20""]","[""OCC-2a15fb40860e8310""]","[""abandoned_fixes""]"
MEAS-2a7d4e4453ee7cbd,RUN-4700570,legacy_plateau20,test,accuracy_percent,92.512,80,100,20,parsed raw epoch count; legacy terminal CSV window,100,True,4700570,1,487a6bcd2742750efbd1ee9c0a14ff9a20a77f0d2ee6c4d820f52021ad9a7446,"[""archive/Account1/runs/I1-layer-s1-4700570.out""]","[""csv_plateau20""]","[""/panels/abandoned_fixes/I1_schedule_unidentified/0/runs/1/csv_plateau20""]","[""OCC-2a15fb40860e8310""]","[""abandoned_fixes""]"
MEAS-b6dd09d68a139c84,RUN-4700571,legacy_plateau20,test,accuracy_percent,92.355,80,100,20,parsed raw epoch count; legacy terminal CSV window,100,True,4700571,2,91c276def2c39fd587e2665a8a995eaad17a2de33f265cb40f381dcd5fed8780,"[""archive/Account1/runs/I1-layer-s2-4700571.out""]","[""csv_plateau20""]","[""/panels/abandoned_fixes/I1_schedule_unidentified/0/runs/2/csv_plateau20""]","[""OCC-2a15fb40860e8310""]","[""abandoned_fixes""]"
MEAS-b7f173b5adc88ccc,RUN-4700562,legacy_plateau20,test,accuracy_percent,92.255,80,100,20,parsed raw epoch count; legacy terminal CSV window,100,True,4700562,0,d0f65a2168d0488906f7c331db2bec9ed81bbf2a89123f5cb5e6b3f9ef7e3f0d,"[""archive/Account1/runs/I1-inert-4700562.out""]","[""csv_plateau20""]","[""/panels/abandoned_fixes/I1_schedule_unidentified/1/runs/0/csv_plateau20""]","[""OCC-723cfdf8d5d9f67e""]","[""abandoned_fixes""]"
MEAS-906c2727eeb75930,RUN-4700566,legacy_plateau20,test,accuracy_percent,92.232,80,100,20,parsed raw epoch count; legacy terminal CSV window,100,True,4700566,0,2c04316f85ae2a174362346af210865fa250c4c611ac61596d8e87a8d5e0b99b,"[""archive/Account1/runs/I1-blk6-s0-4700566.out""]","[""csv_plateau20""]","[""/panels/abandoned_fixes/I1_schedule_unidentified/2/runs/0/csv_plateau20""]","[""OCC-ce8ccb48b1a08410""]","[""abandoned_fixes""]"
MEAS-8ea8a06ba54d154f,RUN-4700567,legacy_plateau20,test,accuracy_percent,91.92,80,100,20,parsed raw epoch count; legacy terminal CSV window,100,True,4700567,1,ff66a84194d033769735e6d87e9bc1acd85b4f7ce43ecb8054dc5fb98a587c3b,"[""archive/Account1/runs/I1-blk6-s1-4700567.out""]","[""csv_plateau20""]","[""/panels/abandoned_fixes/I1_schedule_unidentified/2/runs/1/csv_plateau20""]","[""OCC-ce8ccb48b1a08410""]","[""abandoned_fixes""]"
MEAS-fbb3b8d828df0e82,RUN-4700568,legacy_plateau20,test,accuracy_percent,92.267,80,100,20,parsed raw epoch count; legacy terminal CSV window,100,True,4700568,2,4753881eba54a035d9b69d016337cdd23fef0cd18922a451c1789c5f1193210f,"[""archive/Account1/runs/I1-blk6-s2-4700568.out""]","[""csv_plateau20""]","[""/panels/abandoned_fixes/I1_schedule_unidentified/2/runs/2/csv_plateau20""]","[""OCC-ce8ccb48b1a08410""]","[""abandoned_fixes""]"
MEAS-6c44bd3d9236460b,RUN-4700563,legacy_plateau20,test,accuracy_percent,92.126,80,100,20,parsed raw epoch count; legacy terminal CSV window,100,True,4700563,0,16d27db2441f3a54469bf104dfbe53aa390ba33205eb8e8486a10881ef90fc0c,"[""archive/Account1/runs/I1-scal-s0-4700563.out""]","[""csv_plateau20""]","[""/panels/abandoned_fixes/I1_schedule_unidentified/3/runs/0/csv_plateau20""]","[""OCC-d6be960e1fe33cf6""]","[""abandoned_fixes""]"
MEAS-a7a6dc525dde22d6,RUN-4700564,legacy_plateau20,test,accuracy_percent,92.213,80,100,20,parsed raw epoch count; legacy terminal CSV window,100,True,4700564,1,da21f0b043dae8f71aad2322ea6aa44a481a55a4231e4ff9991a4940b8c81628,"[""archive/Account1/runs/I1-scal-s1-4700564.out""]","[""csv_plateau20""]","[""/panels/abandoned_fixes/I1_schedule_unidentified/3/runs/1/csv_plateau20""]","[""OCC-d6be960e1fe33cf6""]","[""abandoned_fixes""]"
MEAS-a1d1d9967d06acf0,RUN-4700565,legacy_plateau20,test,accuracy_percent,92.316,80,100,20,parsed raw epoch count; legacy terminal CSV window,100,True,4700565,2,d98bc2710ddf202ce8dcacd3a0107fe461edb5ef7cbe9f99b499c9196a372d19,"[""archive/Account1/runs/I1-scal-s2-4700565.out""]","[""csv_plateau20""]","[""/panels/abandoned_fixes/I1_schedule_unidentified/3/runs/2/csv_plateau20""]","[""OCC-d6be960e1fe33cf6""]","[""abandoned_fixes""]"
MEAS-40e5d16b9e4eaa36,RUN-4684264,legacy_plateau20,test,accuracy_percent,82.219,80,100,20,parsed raw epoch count; legacy terminal CSV window,100,True,4684264,0,d8b8a713d35b2522b7218a29ea601b3f7509fe7a6117f692aee7962b77b7abff,"[""archive/Account2/runs/r10c-r0-s0-4684264.out""]","[""csv_plateau20""]","[""/panels/additive_transfer_curves/cells/0/runs/0/csv_plateau20""]","[""OCC-104cafc3d4a5aecc""]","[""additive_transfer_curves""]"
MEAS-c9b0a3a509da777e,RUN-4684265,legacy_plateau20,test,accuracy_percent,82.323,80,100,20,parsed raw epoch count; legacy terminal CSV window,100,True,4684265,1,37cf626e56f270634da59361281e5a8d9f0f0f3637ae159ab7826ac5c1781de6,"[""archive/Account2/runs/r10c-r0-s1-4684265.out""]","[""csv_plateau20""]","[""/panels/additive_transfer_curves/cells/0/runs/1/csv_plateau20""]","[""OCC-104cafc3d4a5aecc""]","[""additive_transfer_curves""]"
MEAS-b5aa3bba6ef254ff,RUN-4684266,legacy_plateau20,test,accuracy_percent,82.036,80,100,20,parsed raw epoch count; legacy terminal CSV window,100,True,4684266,2,5a426f4fbe875fedd4c0ce6a7284aa29e914e1d0235dae401cea4d89d202274b,"[""archive/Account2/runs/r10c-r0-s2-4684266.out""]","[""csv_plateau20""]","[""/panels/additive_transfer_curves/cells/0/runs/2/csv_plateau20""]","[""OCC-104cafc3d4a5aecc""]","[""additive_transfer_curves""]"
MEAS-5bd6439c4760ab5f,RUN-4684267,legacy_plateau20,test,accuracy_percent,88.681,80,100,20,parsed raw epoch count; legacy terminal CSV window,100,True,4684267,0,69109b5d00fc36f869f0f59c0d236f581ed8cd27a2c574d52c7799a81bd7f765,"[""archive/Account2/runs/r10c-r005-s0-4684267.out""]","[""csv_plateau20""]","[""/panels/additive_transfer_curves/cells/1/runs/0/csv_plateau20""]","[""OCC-b66f823e75610214""]","[""additive_transfer_curves""]"
MEAS-0c8ae2c6f32d32de,RUN-4684268,legacy_plateau20,test,accuracy_percent,88.646,80,100,20,parsed raw epoch count; legacy terminal CSV window,100,True,4684268,1,3acc35d626e016706601a0eab4cc35ed4d2847139bbebaae4eaa9ddfb3b4d973,"[""archive/Account2/runs/r10c-r005-s1-4684268.out""]","[""csv_plateau20""]","[""/panels/additive_transfer_curves/cells/1/runs/1/csv_plateau20""]","[""OCC-b66f823e75610214""]","[""additive_transfer_curves""]"
MEAS-04aba9bf2ce9fb18,RUN-4684269,legacy_plateau20,test,accuracy_percent,88.674,80,100,20,parsed raw epoch count; legacy terminal CSV window,100,True,4684269,2,e729ccc60b20fedc4c7d826fe2e8f8713733cfc8de68cda0a30bebc66aa4829c,"[""archive/Account2/runs/r10c-r005-s2-4684269.out""]","[""csv_plateau20""]","[""/panels/additive_transfer_curves/cells/1/runs/2/csv_plateau20""]","[""OCC-b66f823e75610214""]","[""additive_transfer_curves""]"
MEAS-239c80554d314c08,RUN-4684270,legacy_plateau20,test,accuracy_percent,89.977,80,100,20,parsed raw epoch count; legacy terminal CSV window,100,True,4684270,0,a04176fbd7c49b5bdc41c14a629a235735eeb99e198855f74172c6ca49549fe6,"[""archive/Account2/runs/r10c-r01-s0-4684270.out""]","[""csv_plateau20""]","[""/panels/additive_transfer_curves/cells/2/runs/0/csv_plateau20""]","[""OCC-58bfd4b29aa7ce0f""]","[""additive_transfer_curves""]"
MEAS-29047c3b04ab104a,RUN-4684271,legacy_plateau20,test,accuracy_percent,89.692,80,100,20,parsed raw epoch count; legacy terminal CSV window,100,True,4684271,1,26df12cd962fda5a4f6901a6ae0605a26cbf68a28e31b8a8a65e0d0066e6a868,"[""archive/Account2/runs/r10c-r01-s1-4684271.out""]","[""csv_plateau20""]","[""/panels/additive_transfer_curves/cells/2/runs/1/csv_plateau20""]","[""OCC-58bfd4b29aa7ce0f""]","[""additive_transfer_curves""]"
MEAS-2b4ad3258fac7445,RUN-4684272,legacy_plateau20,test,accuracy_percent,89.701,80,100,20,parsed raw epoch count; legacy terminal CSV window,100,True,4684272,2,14c5265cabcaae5b6a5c53137f3abd583f2321cdd33b7aa249d35123fa300056,"[""archive/Account2/runs/r10c-r01-s2-4684272.out""]","[""csv_plateau20""]","[""/panels/additive_transfer_curves/cells/2/runs/2/csv_plateau20""]","[""OCC-58bfd4b29aa7ce0f""]","[""additive_transfer_curves""]"
MEAS-fb53abb36fc84df3,RUN-4684273,legacy_plateau20,test,accuracy_percent,90.674,80,100,20,parsed raw epoch count; legacy terminal CSV window,100,True,4684273,0,6c709fee6f05fce10147587a2390a747befe889bc3c3f203a2186e9a07d98a1d,"[""archive/Account2/runs/r10c-r02-s0-4684273.out""]","[""csv_plateau20""]","[""/panels/additive_transfer_curves/cells/3/runs/0/csv_plateau20""]","[""OCC-34d8554d9522fd68""]","[""additive_transfer_curves""]"
MEAS-84ba573a4c4e5312,RUN-4684274,legacy_plateau20,test,accuracy_percent,90.745,80,100,20,parsed raw epoch count; legacy terminal CSV window,100,True,4684274,1,4aa73a94037555b9ec76b07bc00e28e3e60d0c27fbb1d77d3162b0d6dc878d0b,"[""archive/Account2/runs/r10c-r02-s1-4684274.out""]","[""csv_plateau20""]","[""/panels/additive_transfer_curves/cells/3/runs/1/csv_plateau20""]","[""OCC-34d8554d9522fd68""]","[""additive_transfer_curves""]"
MEAS-038c8ace9209200e,RUN-4684275,legacy_plateau20,test,accuracy_percent,90.883,80,100,20,parsed raw epoch count; legacy terminal CSV window,100,True,4684275,2,8b73e3cd6d27da026611beea7fb3da13e765a75b5da6576272190af440f0aa37,"[""archive/Account2/runs/r10c-r02-s2-4684275.out""]","[""csv_plateau20""]","[""/panels/additive_transfer_curves/cells/3/runs/2/csv_plateau20""]","[""OCC-34d8554d9522fd68""]","[""additive_transfer_curves""]"
MEAS-c083d81fb0a73be2,RUN-4684276,legacy_plateau20,test,accuracy_percent,91.097,80,100,20,parsed raw epoch count; legacy terminal CSV window,100,True,4684276,0,13ddedf8538514310f630700eb7117583c85f9262ad4369d369025df36061b69,"[""archive/Account2/runs/r10c-r05-s0-4684276.out""]","[""csv_plateau20""]","[""/panels/additive_transfer_curves/cells/4/runs/0/csv_plateau20""]","[""OCC-db8f858e9e0d4451""]","[""additive_transfer_curves""]"
MEAS-fc0fde4a9c6331d7,RUN-4684277,legacy_plateau20,test,accuracy_percent,91.097,80,100,20,parsed raw epoch count; legacy terminal CSV window,100,True,4684277,1,1ba6940e66b4349f36ad86fdc6bf912d43016f372b13667c03022ae2b5f9b962,"[""archive/Account2/runs/r10c-r05-s1-4684277.out""]","[""csv_plateau20""]","[""/panels/additive_transfer_curves/cells/4/runs/1/csv_plateau20""]","[""OCC-db8f858e9e0d4451""]","[""additive_transfer_curves""]"
MEAS-b5640832723b04af,RUN-4684278,legacy_plateau20,test,accuracy_percent,90.943,80,100,20,parsed raw epoch count; legacy terminal CSV window,100,True,4684278,2,8ed52ee6c31a34efae4dce2b2350d8021c05fe99baa587d6ca28c3a1aafb2994,"[""archive/Account2/runs/r10c-r05-s2-4684278.out""]","[""csv_plateau20""]","[""/panels/additive_transfer_curves/cells/4/runs/2/csv_plateau20""]","[""OCC-db8f858e9e0d4451""]","[""additive_transfer_curves""]"
MEAS-db4c907ebaa6c291,RUN-4684279,legacy_plateau20,test,accuracy_percent,91.436,80,100,20,parsed raw epoch count; legacy terminal CSV window,100,True,4684279,0,2a33c3ce70c574650e29131ccafc1f6a1a469f9a55d18f00946d8aa4a7c67343,"[""archive/Account2/runs/r10c-r1-s0-4684279.out""]","[""csv_plateau20""]","[""/panels/additive_transfer_curves/cells/5/runs/0/csv_plateau20""]","[""OCC-b69d70880db2ecd6""]","[""additive_transfer_curves""]"
MEAS-53db72ce2bd9496e,RUN-4684280,legacy_plateau20,test,accuracy_percent,91.172,80,100,20,parsed raw epoch count; legacy terminal CSV window,100,True,4684280,1,d067eca3580bab0eacdccf2fe4829650319aac03c2ec9c75b0efc35e3fa59621,"[""archive/Account2/runs/r10c-r1-s1-4684280.out""]","[""csv_plateau20""]","[""/panels/additive_transfer_curves/cells/5/runs/1/csv_plateau20""]","[""OCC-b69d70880db2ecd6""]","[""additive_transfer_curves""]"
MEAS-773e6671e818ff60,RUN-4684281,legacy_plateau20,test,accuracy_percent,90.893,80,100,20,parsed raw epoch count; legacy terminal CSV window,100,True,4684281,2,3a296912e4d51cbbe7692f1916ac5815b555605dc2f26cdf32dcd5be52b03891,"[""archive/Account2/runs/r10c-r1-s2-4684281.out""]","[""csv_plateau20""]","[""/panels/additive_transfer_curves/cells/5/runs/2/csv_plateau20""]","[""OCC-b69d70880db2ecd6""]","[""additive_transfer_curves""]"
MEAS-3d0472637eb3d09e,RUN-4683316,legacy_plateau20,test,accuracy_percent,82.044,80,100,20,parsed raw epoch count; legacy terminal CSV window,100,True,4683316,0,2cc35acd81e439c99615fd466e5a76f7ad7398ef7f12ebd556cb4310c187ac3d,"[""archive/Account2/runs/r10-r0-s0-4683316.out""]","[""csv_plateau20""]","[""/panels/additive_transfer_curves/cells/6/runs/0/csv_plateau20""]","[""OCC-226d02443f6e2e07""]","[""additive_transfer_curves""]"
MEAS-a2a179638a873a00,RUN-4683317,legacy_plateau20,test,accuracy_percent,82.19,80,100,20,parsed raw epoch count; legacy terminal CSV window,100,True,4683317,1,989b13bd49019f3234b673c9c9eb65fc383e39db40f904d81d941d3a333b8d03,"[""archive/Account2/runs/r10-r0-s1-4683317.out""]","[""csv_plateau20""]","[""/panels/additive_transfer_curves/cells/6/runs/1/csv_plateau20""]","[""OCC-226d02443f6e2e07""]","[""additive_transfer_curves""]"
MEAS-cd5f2fcc8b9e7f29,RUN-4683318,legacy_plateau20,test,accuracy_percent,82.109,80,100,20,parsed raw epoch count; legacy terminal CSV window,100,True,4683318,2,82b88dff99a13fee8a42f63023643a74470a30c8ff336c020f7ad3f058d480a7,"[""archive/Account2/runs/r10-r0-s2-4683318.out""]","[""csv_plateau20""]","[""/panels/additive_transfer_curves/cells/6/runs/2/csv_plateau20""]","[""OCC-226d02443f6e2e07""]","[""additive_transfer_curves""]"
MEAS-b8073a261744c5fc,RUN-4683319,legacy_plateau20,test,accuracy_percent,89.404,80,100,20,parsed raw epoch count; legacy terminal CSV window,100,True,4683319,0,a54c847fcdb8875b8cb643a874dc5d2461925d35a2a9049b8f86ef0238a798ba,"[""archive/Account2/runs/r10-r003-s0-4683319.out""]","[""csv_plateau20""]","[""/panels/additive_transfer_curves/cells/7/runs/0/csv_plateau20""]","[""OCC-91013dd89f66584a""]","[""additive_transfer_curves""]"
MEAS-0d351346d8c001e2,RUN-4683320,legacy_plateau20,test,accuracy_percent,88.904,80,100,20,parsed raw epoch count; legacy terminal CSV window,100,True,4683320,1,62210c6b3188fec310e9ee1801b1b87541f0650d864ac1763deeb9d61db44863,"[""archive/Account2/runs/r10-r003-s1-4683320.out""]","[""csv_plateau20""]","[""/panels/additive_transfer_curves/cells/7/runs/1/csv_plateau20""]","[""OCC-91013dd89f66584a""]","[""additive_transfer_curves""]"
MEAS-7d9acd88663f77e2,RUN-4683321,legacy_plateau20,test,accuracy_percent,89.386,80,100,20,parsed raw epoch count; legacy terminal CSV window,100,True,4683321,2,7ed9a72fd565664b2f4ddc836209032cf75abea34e09119d6b2f1ce7b32cd79a,"[""archive/Account2/runs/r10-r003-s2-4683321.out""]","[""csv_plateau20""]","[""/panels/additive_transfer_curves/cells/7/runs/2/csv_plateau20""]","[""OCC-91013dd89f66584a""]","[""additive_transfer_curves""]"
MEAS-505ca4ae80aa6a95,RUN-4683322,legacy_plateau20,test,accuracy_percent,90.324,80,100,20,parsed raw epoch count; legacy terminal CSV window,100,True,4683322,0,a2a8acdee71166a99d70ea538ffc026dd589ac7eb75ce61bcd313aa2a3d20542,"[""archive/Account2/runs/r10-r005-s0-4683322.out""]","[""csv_plateau20""]","[""/panels/additive_transfer_curves/cells/8/runs/0/csv_plateau20""]","[""OCC-9b5c041080272800""]","[""additive_transfer_curves""]"
MEAS-7dca0a0b4980c09d,RUN-4683323,legacy_plateau20,test,accuracy_percent,89.847,80,100,20,parsed raw epoch count; legacy terminal CSV window,100,True,4683323,1,b8cc3d38a63e4207c399e54717f0ffdd2fc3c451a7ab2d8b764182035848b12d,"[""archive/Account2/runs/r10-r005-s1-4683323.out""]","[""csv_plateau20""]","[""/panels/additive_transfer_curves/cells/8/runs/1/csv_plateau20""]","[""OCC-9b5c041080272800""]","[""additive_transfer_curves""]"
MEAS-2a0ec51a937ab202,RUN-4683324,legacy_plateau20,test,accuracy_percent,90.62,80,100,20,parsed raw epoch count; legacy terminal CSV window,100,True,4683324,2,8e6a3986e0d9b3bf3a3f6452bfb2a97bb675e14d76d27ef00b8e8d1c4c160275,"[""archive/Account2/runs/r10-r005-s2-4683324.out""]","[""csv_plateau20""]","[""/panels/additive_transfer_curves/cells/8/runs/2/csv_plateau20""]","[""OCC-9b5c041080272800""]","[""additive_transfer_curves""]"
MEAS-a27a270f7678ee74,RUN-4683325,legacy_plateau20,test,accuracy_percent,90.832,80,100,20,parsed raw epoch count; legacy terminal CSV window,100,True,4683325,0,1bce5c62a21daf0532cd281a24e69f5de0c57698808f4ce2bd928f0a92881a5d,"[""archive/Account2/runs/r10-r006-s0-4683325.out""]","[""csv_plateau20""]","[""/panels/additive_transfer_curves/cells/9/runs/0/csv_plateau20""]","[""OCC-a5c45a3a50d74a5f""]","[""additive_transfer_curves""]"
MEAS-c0cd8478273f3a95,RUN-4683326,legacy_plateau20,test,accuracy_percent,90.477,80,100,20,parsed raw epoch count; legacy terminal CSV window,100,True,4683326,1,0f68d24b419e71382ae0a697233124ec9f7670e732532df1559e0ac311bf997a,"[""archive/Account2/runs/r10-r006-s1-4683326.out""]","[""csv_plateau20""]","[""/panels/additive_transfer_curves/cells/9/runs/1/csv_plateau20""]","[""OCC-a5c45a3a50d74a5f""]","[""additive_transfer_curves""]"
MEAS-4a508df0c49f1e70,RUN-4683327,legacy_plateau20,test,accuracy_percent,90.982,80,100,20,parsed raw epoch count; legacy terminal CSV window,100,True,4683327,2,44c4bd5ab05b83d14324a80a500bda191a50a082e8b691d0955065e0c6242da7,"[""archive/Account2/runs/r10-r006-s2-4683327.out""]","[""csv_plateau20""]","[""/panels/additive_transfer_curves/cells/9/runs/2/csv_plateau20""]","[""OCC-a5c45a3a50d74a5f""]","[""additive_transfer_curves""]"
MEAS-77bc5907af7db7df,RUN-4683328,legacy_plateau20,test,accuracy_percent,91.103,80,100,20,parsed raw epoch count; legacy terminal CSV window,100,True,4683328,0,998d7306280dbb5ae494eb65728f2dcf56490754f4b5b50ba519e91c23659fcb,"[""archive/Account2/runs/r10-r007-s0-4683328.out""]","[""csv_plateau20""]","[""/panels/additive_transfer_curves/cells/10/runs/0/csv_plateau20""]","[""OCC-75d5e716358fb3f6""]","[""additive_transfer_curves""]"
MEAS-0637a1a180e06320,RUN-4683329,legacy_plateau20,test,accuracy_percent,90.745,80,100,20,parsed raw epoch count; legacy terminal CSV window,100,True,4683329,1,2b508e737f8be09d8fd348ac0c8606d4ed74ebe5a486955d7c9f80b8cc191cd3,"[""archive/Account2/runs/r10-r007-s1-4683329.out""]","[""csv_plateau20""]","[""/panels/additive_transfer_curves/cells/10/runs/1/csv_plateau20""]","[""OCC-75d5e716358fb3f6""]","[""additive_transfer_curves""]"
MEAS-393e630e31fec638,RUN-4683330,legacy_plateau20,test,accuracy_percent,91.466,80,100,20,parsed raw epoch count; legacy terminal CSV window,100,True,4683330,2,b4a0d95cd043c16f447e094de79f2d871a399f85b127c473a6aea411d1f1437d,"[""archive/Account2/runs/r10-r007-s2-4683330.out""]","[""csv_plateau20""]","[""/panels/additive_transfer_curves/cells/10/runs/2/csv_plateau20""]","[""OCC-75d5e716358fb3f6""]","[""additive_transfer_curves""]"
MEAS-f37c9bcac0a0dd13,RUN-4683616,legacy_plateau20,test,accuracy_percent,91.492,80,100,20,parsed raw epoch count; legacy terminal CSV window,100,True,4683616,0,15f3cd5abb1181c6af1a26588ea91b38d8bce6c64f294d189c9c6fd8dce6e6da,"[""archive/Account2/runs/r10b-r008-s0-4683616.out""]","[""csv_plateau20""]","[""/panels/additive_transfer_curves/cells/11/runs/0/csv_plateau20""]","[""OCC-79def7016d90c0b6""]","[""additive_transfer_curves""]"
MEAS-154974d6d7d72cd1,RUN-4683617,legacy_plateau20,test,accuracy_percent,91.079,80,100,20,parsed raw epoch count; legacy terminal CSV window,100,True,4683617,1,e66e7e1dc831ae0288e929be1616d4160dc6113144b2b1a0970273a6a88c1eb5,"[""archive/Account2/runs/r10b-r008-s1-4683617.out""]","[""csv_plateau20""]","[""/panels/additive_transfer_curves/cells/11/runs/1/csv_plateau20""]","[""OCC-79def7016d90c0b6""]","[""additive_transfer_curves""]"
MEAS-163791791ba44f6d,RUN-4683618,legacy_plateau20,test,accuracy_percent,91.596,80,100,20,parsed raw epoch count; legacy terminal CSV window,100,True,4683618,2,5a8d4b17bae4bdf1434dc5c4d0a1648f71d713a2727de612564be6479e56bcdf,"[""archive/Account2/runs/r10b-r008-s2-4683618.out""]","[""csv_plateau20""]","[""/panels/additive_transfer_curves/cells/11/runs/2/csv_plateau20""]","[""OCC-79def7016d90c0b6""]","[""additive_transfer_curves""]"
MEAS-94b977107e2ef589,RUN-4683331,legacy_plateau20,test,accuracy_percent,91.611,80,100,20,parsed raw epoch count; legacy terminal CSV window,100,True,4683331,0,ea7119a5f842f14cecdca488912652892c32401be3e2b04bf81df595d8845786,"[""archive/Account2/runs/r10-r01-s0-4683331.out""]","[""csv_plateau20""]","[""/panels/additive_transfer_curves/cells/12/runs/0/csv_plateau20""]","[""OCC-986ec17ec83b1f12""]","[""additive_transfer_curves""]"
MEAS-9af4bf1d4612bd36,RUN-4683332,legacy_plateau20,test,accuracy_percent,91.532,80,100,20,parsed raw epoch count; legacy terminal CSV window,100,True,4683332,1,b9d0e86614f43de5597677b5460a3c36a563501b3e0b5906c80963bd777fc1f4,"[""archive/Account2/runs/r10-r01-s1-4683332.out""]","[""csv_plateau20""]","[""/panels/additive_transfer_curves/cells/12/runs/1/csv_plateau20""]","[""OCC-986ec17ec83b1f12""]","[""additive_transfer_curves""]"
MEAS-36ad59e1bc64d073,RUN-4683333,legacy_plateau20,test,accuracy_percent,91.627,80,100,20,parsed raw epoch count; legacy terminal CSV window,100,True,4683333,2,66ae6359f4b611850eae50317af7faf8124bc9ea5e407aeee7e94bf989675f61,"[""archive/Account2/runs/r10-r01-s2-4683333.out""]","[""csv_plateau20""]","[""/panels/additive_transfer_curves/cells/12/runs/2/csv_plateau20""]","[""OCC-986ec17ec83b1f12""]","[""additive_transfer_curves""]"
MEAS-a30cb3ccfbec02a0,RUN-4683619,legacy_plateau20,test,accuracy_percent,91.393,80,100,20,parsed raw epoch count; legacy terminal CSV window,100,True,4683619,0,074353fe110ae9f3a6550ed5f3f7548a21f9eb8f1fdbfa8c0c6bad86c0fa2264,"[""archive/Account2/runs/r10b-r015-s0-4683619.out""]","[""csv_plateau20""]","[""/panels/additive_transfer_curves/cells/13/runs/0/csv_plateau20""]","[""OCC-150778c9509c69ba""]","[""additive_transfer_curves""]"
MEAS-f25ac1dc6b50dd59,RUN-4683620,legacy_plateau20,test,accuracy_percent,91.261,80,100,20,parsed raw epoch count; legacy terminal CSV window,100,True,4683620,1,8bef14e80cb14d347325b495443178fe8dd8b967d24975aa43b08153091edb1f,"[""archive/Account2/runs/r10b-r015-s1-4683620.out""]","[""csv_plateau20""]","[""/panels/additive_transfer_curves/cells/13/runs/1/csv_plateau20""]","[""OCC-150778c9509c69ba""]","[""additive_transfer_curves""]"
MEAS-15ae725e5affbd21,RUN-4683621,legacy_plateau20,test,accuracy_percent,91.47,80,100,20,parsed raw epoch count; legacy terminal CSV window,100,True,4683621,2,a424caf92ca2b81748ee8aa2990bea1954db47ccf9afd439096466ea85399f15,"[""archive/Account2/runs/r10b-r015-s2-4683621.out""]","[""csv_plateau20""]","[""/panels/additive_transfer_curves/cells/13/runs/2/csv_plateau20""]","[""OCC-150778c9509c69ba""]","[""additive_transfer_curves""]"
MEAS-29f008fac95e54fc,RUN-4683334,legacy_plateau20,test,accuracy_percent,91.211,80,100,20,parsed raw epoch count; legacy terminal CSV window,100,True,4683334,0,212ef19311118035ce04d4ec6e7dc003be88e93790cf539f8ad8660347114bdf,"[""archive/Account2/runs/r10-r02-s0-4683334.out""]","[""csv_plateau20""]","[""/panels/additive_transfer_curves/cells/14/runs/0/csv_plateau20""]","[""OCC-5664a636dbbaa1d1""]","[""additive_transfer_curves""]"
MEAS-28490de60b84d20c,RUN-4683335,legacy_plateau20,test,accuracy_percent,90.816,80,100,20,parsed raw epoch count; legacy terminal CSV window,100,True,4683335,1,20e3dba121df80df573f12376fdf6eacb149b70a4a598eb4d0ac30f314f86904,"[""archive/Account2/runs/r10-r02-s1-4683335.out""]","[""csv_plateau20""]","[""/panels/additive_transfer_curves/cells/14/runs/1/csv_plateau20""]","[""OCC-5664a636dbbaa1d1""]","[""additive_transfer_curves""]"
MEAS-7bd00fbe910a1e16,RUN-4683336,legacy_plateau20,test,accuracy_percent,91.212,80,100,20,parsed raw epoch count; legacy terminal CSV window,100,True,4683336,2,9b6ae1d251dc45af34d2364760f294347cd33f8e2d68360aa26d2a487d1026ef,"[""archive/Account2/runs/r10-r02-s2-4683336.out""]","[""csv_plateau20""]","[""/panels/additive_transfer_curves/cells/14/runs/2/csv_plateau20""]","[""OCC-5664a636dbbaa1d1""]","[""additive_transfer_curves""]"
MEAS-62cd75fcdf9e2271,RUN-4683622,legacy_plateau20,test,accuracy_percent,90.921,80,100,20,parsed raw epoch count; legacy terminal CSV window,100,True,4683622,0,9615a6a87f009d5c0e4c52828d349d61e2fe7efd08782bc848328ec649e2d10c,"[""archive/Account2/runs/r10b-r03-s0-4683622.out""]","[""csv_plateau20""]","[""/panels/additive_transfer_curves/cells/15/runs/0/csv_plateau20""]","[""OCC-abd4256d9d1f88e4""]","[""additive_transfer_curves""]"
MEAS-14cb6a28363f97a6,RUN-4683623,legacy_plateau20,test,accuracy_percent,90.553,80,100,20,parsed raw epoch count; legacy terminal CSV window,100,True,4683623,1,3ed68ecb835329699f78da95590b9828927d861724f18a3d7e106e741196e168,"[""archive/Account2/runs/r10b-r03-s1-4683623.out""]","[""csv_plateau20""]","[""/panels/additive_transfer_curves/cells/15/runs/1/csv_plateau20""]","[""OCC-abd4256d9d1f88e4""]","[""additive_transfer_curves""]"
MEAS-2cdbc7692589d4ea,RUN-4683624,legacy_plateau20,test,accuracy_percent,90.869,80,100,20,parsed raw epoch count; legacy terminal CSV window,100,True,4683624,2,4928f43de92b973efbdf6cc044b86860375caf8b3d6d8b99bb9e33ea77162e78,"[""archive/Account2/runs/r10b-r03-s2-4683624.out""]","[""csv_plateau20""]","[""/panels/additive_transfer_curves/cells/15/runs/2/csv_plateau20""]","[""OCC-abd4256d9d1f88e4""]","[""additive_transfer_curves""]"
MEAS-2a39eb5f37b1dec8,RUN-4683625,legacy_plateau20,test,accuracy_percent,90.47,80,100,20,parsed raw epoch count; legacy terminal CSV window,100,True,4683625,0,5a5526d100726aff8b627cf047a95c15be31d658af6f0752e1d57a78ff313c57,"[""archive/Account2/runs/r10b-r04-s0-4683625.out""]","[""csv_plateau20""]","[""/panels/additive_transfer_curves/cells/16/runs/0/csv_plateau20""]","[""OCC-ec760b2c7d22b982""]","[""additive_transfer_curves""]"
MEAS-c509dad513742202,RUN-4683626,legacy_plateau20,test,accuracy_percent,90.463,80,100,20,parsed raw epoch count; legacy terminal CSV window,100,True,4683626,1,0e28b38bab89f3b75a5ca4f724936ee4621279c284d4f568227a9f5103950b05,"[""archive/Account2/runs/r10b-r04-s1-4683626.out""]","[""csv_plateau20""]","[""/panels/additive_transfer_curves/cells/16/runs/1/csv_plateau20""]","[""OCC-ec760b2c7d22b982""]","[""additive_transfer_curves""]"
MEAS-1a238d00d729e387,RUN-4683627,legacy_plateau20,test,accuracy_percent,90.738,80,100,20,parsed raw epoch count; legacy terminal CSV window,100,True,4683627,2,cd6b0ed82a124c7e1b6ac06f5b343e75a427d21fb9552b15953453189e572c85,"[""archive/Account2/runs/r10b-r04-s2-4683627.out""]","[""csv_plateau20""]","[""/panels/additive_transfer_curves/cells/16/runs/2/csv_plateau20""]","[""OCC-ec760b2c7d22b982""]","[""additive_transfer_curves""]"
MEAS-c443b9bee7e4b3ed,RUN-4683628,legacy_plateau20,test,accuracy_percent,90.37,80,100,20,parsed raw epoch count; legacy terminal CSV window,100,True,4683628,0,5b0835715837f3afe30bff3ba062e50e9f7773f5baca88d061e181c66c4c37a6,"[""archive/Account2/runs/r10b-r06-s0-4683628.out""]","[""csv_plateau20""]","[""/panels/additive_transfer_curves/cells/17/runs/0/csv_plateau20""]","[""OCC-334c1e38ac9528fc""]","[""additive_transfer_curves""]"
MEAS-7363970636fddee6,RUN-4683629,legacy_plateau20,test,accuracy_percent,90.263,80,100,20,parsed raw epoch count; legacy terminal CSV window,100,True,4683629,1,b9f7c0e0d770832ee5f8cb4e61cf8751a600699614450b304a8ad8e75de39473,"[""archive/Account2/runs/r10b-r06-s1-4683629.out""]","[""csv_plateau20""]","[""/panels/additive_transfer_curves/cells/17/runs/1/csv_plateau20""]","[""OCC-334c1e38ac9528fc""]","[""additive_transfer_curves""]"
MEAS-2e643194d7b5b804,RUN-4683630,legacy_plateau20,test,accuracy_percent,90.842,80,100,20,parsed raw epoch count; legacy terminal CSV window,100,True,4683630,2,86685f14ccc4d1631267842a2ffb9cfc7deb5dc73c97fddece6599c2a3a570cc,"[""archive/Account2/runs/r10b-r06-s2-4683630.out""]","[""csv_plateau20""]","[""/panels/additive_transfer_curves/cells/17/runs/2/csv_plateau20""]","[""OCC-334c1e38ac9528fc""]","[""additive_transfer_curves""]"
MEAS-e9e7e6a199bbe4f0,RUN-4683337,legacy_plateau20,test,accuracy_percent,90.772,80,100,20,parsed raw epoch count; legacy terminal CSV window,100,True,4683337,0,1d3c88f04b3e36fa319f55e9c61a0e21e113abb1b0eb1fbb3bbb36782d55ca93,"[""archive/Account2/runs/r10-r1-s0-4683337.out""]","[""csv_plateau20""]","[""/panels/additive_transfer_curves/cells/18/runs/0/csv_plateau20""]","[""OCC-1b1caa0a8252754a""]","[""additive_transfer_curves""]"
MEAS-ef1190b50c1d4976,RUN-4683338,legacy_plateau20,test,accuracy_percent,90.451,80,100,20,parsed raw epoch count; legacy terminal CSV window,100,True,4683338,1,93e9da685839a2fdb45e9e22eac327b546a3fa8283e2f03194e60e30d68d4717,"[""archive/Account2/runs/r10-r1-s1-4683338.out""]","[""csv_plateau20""]","[""/panels/additive_transfer_curves/cells/18/runs/1/csv_plateau20""]","[""OCC-1b1caa0a8252754a""]","[""additive_transfer_curves""]"
MEAS-afec4022346debc1,RUN-4683339,legacy_plateau20,test,accuracy_percent,90.536,80,100,20,parsed raw epoch count; legacy terminal CSV window,100,True,4683339,2,d5d40de326fb3d3b0d2dec0634d2d2227ea5b299b42b5d2fe30740e392ae2983,"[""archive/Account2/runs/r10-r1-s2-4683339.out""]","[""csv_plateau20""]","[""/panels/additive_transfer_curves/cells/18/runs/2/csv_plateau20""]","[""OCC-1b1caa0a8252754a""]","[""additive_transfer_curves""]"
MEAS-4d057c874c48dde0,RUN-4687180,legacy_plateau20,test,accuracy_percent,92.174,80,100,20,parsed raw epoch count; legacy terminal CSV window,100,True,4687180,3,0abde81e445a43490a3f979586e6009560cf72a6f39219957435f3b6c36f395e,"[""archive/Account1/runs/ac-r0-s3-4687180.out""]","[""csv_plateau20""]","[""/panels/additive_transfer_curves/cells/19/runs/0/csv_plateau20""]","[""OCC-2498aa484bca857f""]","[""additive_transfer_curves""]"
MEAS-bd4083d69cb8770f,RUN-4687181,legacy_plateau20,test,accuracy_percent,92.232,80,100,20,parsed raw epoch count; legacy terminal CSV window,100,True,4687181,4,c19b5564c559163fb6a88b740890ae8a06c65ece9f0ccb4c1640cf0865bfd9a2,"[""archive/Account1/runs/ac-r0-s4-4687181.out""]","[""csv_plateau20""]","[""/panels/additive_transfer_curves/cells/19/runs/1/csv_plateau20""]","[""OCC-2498aa484bca857f""]","[""additive_transfer_curves""]"
MEAS-428288aaf755c10d,RUN-4687202,legacy_plateau20,test,accuracy_percent,92.18,80,100,20,parsed raw epoch count; legacy terminal CSV window,100,True,4687202,0,6f5407bee217cb47d1877c4edbd1b73a0bee61965111e3351903dbd63c1fc2c5,"[""archive/Account1/runs/ac-r002-s0-4687202.out""]","[""csv_plateau20""]","[""/panels/additive_transfer_curves/cells/20/runs/0/csv_plateau20""]","[""OCC-a4636e80a8b53f69""]","[""additive_transfer_curves""]"
MEAS-fdb59ffec7646ff4,RUN-4687206,legacy_plateau20,test,accuracy_percent,92.204,80,100,20,parsed raw epoch count; legacy terminal CSV window,100,True,4687206,1,0599fe3c7642085bb5ee893b2e4f6ea264e6300a6c0fb019f3b1cad9103e880f,"[""archive/Account1/runs/ac-r002-s1-4687206.out""]","[""csv_plateau20""]","[""/panels/additive_transfer_curves/cells/20/runs/1/csv_plateau20""]","[""OCC-a4636e80a8b53f69""]","[""additive_transfer_curves""]"
MEAS-c65a6ab54a69bc82,RUN-4687210,legacy_plateau20,test,accuracy_percent,91.993,80,100,20,parsed raw epoch count; legacy terminal CSV window,100,True,4687210,2,2f0692bf078e0dd0235d73859c35e0856fcf34c97ac31e63c0137b230c459e08,"[""archive/Account1/runs/ac-r002-s2-4687210.out""]","[""csv_plateau20""]","[""/panels/additive_transfer_curves/cells/20/runs/2/csv_plateau20""]","[""OCC-a4636e80a8b53f69""]","[""additive_transfer_curves""]"
MEAS-c7ce70bc3fd1a67b,RUN-4687214,legacy_plateau20,test,accuracy_percent,91.928,80,100,20,parsed raw epoch count; legacy terminal CSV window,100,True,4687214,3,56ccfc7ea1d642b2bc6b6b2a9bf019ecd0304920434ae36b7551daf4f021dda8,"[""archive/Account1/runs/ac-r002-s3-4687214.out""]","[""csv_plateau20""]","[""/panels/additive_transfer_curves/cells/20/runs/3/csv_plateau20""]","[""OCC-a4636e80a8b53f69""]","[""additive_transfer_curves""]"
MEAS-390cbeb6899878bc,RUN-4687218,legacy_plateau20,test,accuracy_percent,92.157,80,100,20,parsed raw epoch count; legacy terminal CSV window,100,True,4687218,4,c6d293a8da5d4d393281fc40500be5ecb1ce33f5503b2b5ae6a707d91e917f5c,"[""archive/Account1/runs/ac-r002-s4-4687218.out""]","[""csv_plateau20""]","[""/panels/additive_transfer_curves/cells/20/runs/4/csv_plateau20""]","[""OCC-a4636e80a8b53f69""]","[""additive_transfer_curves""]"
MEAS-e038a1bccac9f302,RUN-4687182,legacy_plateau20,test,accuracy_percent,92.078,80,100,20,parsed raw epoch count; legacy terminal CSV window,100,True,4687182,3,7e3d9b4c0aba30515bfa91825aea1eb2063a10acba3555c93cef6dcf3213548f,"[""archive/Account1/runs/ac-r003-s3-4687182.out""]","[""csv_plateau20""]","[""/panels/additive_transfer_curves/cells/21/runs/0/csv_plateau20""]","[""OCC-ac96bed146f46228""]","[""additive_transfer_curves""]"
MEAS-5065693722b9c834,RUN-4687183,legacy_plateau20,test,accuracy_percent,91.999,80,100,20,parsed raw epoch count; legacy terminal CSV window,100,True,4687183,4,d08119cc0d226bb246088d2f235150182ea005386b21abe2b644d734bab16838,"[""archive/Account1/runs/ac-r003-s4-4687183.out""]","[""csv_plateau20""]","[""/panels/additive_transfer_curves/cells/21/runs/1/csv_plateau20""]","[""OCC-ac96bed146f46228""]","[""additive_transfer_curves""]"
MEAS-7e7903955b98de4b,RUN-4687203,legacy_plateau20,test,accuracy_percent,92.034,80,100,20,parsed raw epoch count; legacy terminal CSV window,100,True,4687203,0,90234935441d37ce6fa7c10860cbec25e82967c0164d30b474a1563585132a83,"[""archive/Account1/runs/ac-r004-s0-4687203.out""]","[""csv_plateau20""]","[""/panels/additive_transfer_curves/cells/22/runs/0/csv_plateau20""]","[""OCC-fda37ab308481c09""]","[""additive_transfer_curves""]"
MEAS-0c14342066a7308e,RUN-4687207,legacy_plateau20,test,accuracy_percent,92.002,80,100,20,parsed raw epoch count; legacy terminal CSV window,100,True,4687207,1,b82601fed58b0e445f0a8ee23d6450b81fe36407d0d520f9c24c9de8ea5834c6,"[""archive/Account1/runs/ac-r004-s1-4687207.out""]","[""csv_plateau20""]","[""/panels/additive_transfer_curves/cells/22/runs/1/csv_plateau20""]","[""OCC-fda37ab308481c09""]","[""additive_transfer_curves""]"
MEAS-50733e62adc6df98,RUN-4687211,legacy_plateau20,test,accuracy_percent,92.13,80,100,20,parsed raw epoch count; legacy terminal CSV window,100,True,4687211,2,b6d855ecb040b7d8ba25689905e50e55ff03529ed477fca42780e9533a71cbe1,"[""archive/Account1/runs/ac-r004-s2-4687211.out""]","[""csv_plateau20""]","[""/panels/additive_transfer_curves/cells/22/runs/2/csv_plateau20""]","[""OCC-fda37ab308481c09""]","[""additive_transfer_curves""]"
MEAS-8d049e581a74d650,RUN-4687215,legacy_plateau20,test,accuracy_percent,91.981,80,100,20,parsed raw epoch count; legacy terminal CSV window,100,True,4687215,3,b7a9852d4eab08615be5e82c5948a68a3be101b25c2c5fbf2f54047fcab2fc8a,"[""archive/Account1/runs/ac-r004-s3-4687215.out""]","[""csv_plateau20""]","[""/panels/additive_transfer_curves/cells/22/runs/3/csv_plateau20""]","[""OCC-fda37ab308481c09""]","[""additive_transfer_curves""]"
MEAS-84f0515473c0f436,RUN-4687219,legacy_plateau20,test,accuracy_percent,91.981,80,100,20,parsed raw epoch count; legacy terminal CSV window,100,True,4687219,4,7f15e4c283f2c1207f417c53070e783c03cdd2f31141ffccaa7b9f0a0297db1f,"[""archive/Account1/runs/ac-r004-s4-4687219.out""]","[""csv_plateau20""]","[""/panels/additive_transfer_curves/cells/22/runs/4/csv_plateau20""]","[""OCC-fda37ab308481c09""]","[""additive_transfer_curves""]"
MEAS-68c2d709a2e6f6a1,RUN-4687184,legacy_plateau20,test,accuracy_percent,92.222,80,100,20,parsed raw epoch count; legacy terminal CSV window,100,True,4687184,2,710060b89e2ae6db9151ab8505e3bc4d166ba11c9cb65718ebe8d420aad2291b,"[""archive/Account1/runs/ac-r005-s2-4687184.out""]","[""csv_plateau20""]","[""/panels/additive_transfer_curves/cells/23/runs/0/csv_plateau20""]","[""OCC-84ad950f9ec955ae""]","[""additive_transfer_curves""]"
MEAS-2d8e2dc9cde2d58e,RUN-4687185,legacy_plateau20,test,accuracy_percent,91.99,80,100,20,parsed raw epoch count; legacy terminal CSV window,100,True,4687185,3,fa93e6e3808c313019467dfe03449178c0ba083520af635674a30c9373c8e5ee,"[""archive/Account1/runs/ac-r005-s3-4687185.out""]","[""csv_plateau20""]","[""/panels/additive_transfer_curves/cells/23/runs/1/csv_plateau20""]","[""OCC-84ad950f9ec955ae""]","[""additive_transfer_curves""]"
MEAS-2ff604a5bcbd6c93,RUN-4687186,legacy_plateau20,test,accuracy_percent,92.311,80,100,20,parsed raw epoch count; legacy terminal CSV window,100,True,4687186,4,9cd250bcd3fcd7bc3c08b75e6e8f0b4b343f6a8cc6aacc6de5997103453a5e02,"[""archive/Account1/runs/ac-r005-s4-4687186.out""]","[""csv_plateau20""]","[""/panels/additive_transfer_curves/cells/23/runs/2/csv_plateau20""]","[""OCC-84ad950f9ec955ae""]","[""additive_transfer_curves""]"
MEAS-1389241eda7c81ad,RUN-4687187,legacy_plateau20,test,accuracy_percent,92.062,80,100,20,parsed raw epoch count; legacy terminal CSV window,100,True,4687187,2,8b4f38ccd88ec7b3f71b59f8622a10a22fbc4e03203ca855c384e13428c9b799,"[""archive/Account1/runs/ac-r007-s2-4687187.out""]","[""csv_plateau20""]","[""/panels/additive_transfer_curves/cells/24/runs/0/csv_plateau20""]","[""OCC-5b1b38a8f7b8a8ed""]","[""additive_transfer_curves""]"
MEAS-f68db749976fd547,RUN-4687188,legacy_plateau20,test,accuracy_percent,92.027,80,100,20,parsed raw epoch count; legacy terminal CSV window,100,True,4687188,3,b0813244966de13ea7fc35397265bbeb326c436b1376057f5269262c99906c08,"[""archive/Account1/runs/ac-r007-s3-4687188.out""]","[""csv_plateau20""]","[""/panels/additive_transfer_curves/cells/24/runs/1/csv_plateau20""]","[""OCC-5b1b38a8f7b8a8ed""]","[""additive_transfer_curves""]"
MEAS-d9a4782bb5334230,RUN-4687189,legacy_plateau20,test,accuracy_percent,92.167,80,100,20,parsed raw epoch count; legacy terminal CSV window,100,True,4687189,4,7178c765e67e64b7f6daa15fd52243a8067b2f15fcd90f48cbf9d37ce527c0dd,"[""archive/Account1/runs/ac-r007-s4-4687189.out""]","[""csv_plateau20""]","[""/panels/additive_transfer_curves/cells/24/runs/2/csv_plateau20""]","[""OCC-5b1b38a8f7b8a8ed""]","[""additive_transfer_curves""]"
MEAS-b0d3f28b4194def1,RUN-4687204,legacy_plateau20,test,accuracy_percent,92.192,80,100,20,parsed raw epoch count; legacy terminal CSV window,100,True,4687204,0,b672344dd3c34e9baecce8955f3e0a9a25b554a3b73d19451cbfdc495d7269e3,"[""archive/Account1/runs/ac-r008-s0-4687204.out""]","[""csv_plateau20""]","[""/panels/additive_transfer_curves/cells/25/runs/0/csv_plateau20""]","[""OCC-db8edb6e431e62f0""]","[""additive_transfer_curves""]"
MEAS-5ebed9c7eb86d5b4,RUN-4687208,legacy_plateau20,test,accuracy_percent,92.544,80,100,20,parsed raw epoch count; legacy terminal CSV window,100,True,4687208,1,8b5c57ce8874401646552d6eb5160f9dcc532e360ccffbfa1d4861f74bd06726,"[""archive/Account1/runs/ac-r008-s1-4687208.out""]","[""csv_plateau20""]","[""/panels/additive_transfer_curves/cells/25/runs/1/csv_plateau20""]","[""OCC-db8edb6e431e62f0""]","[""additive_transfer_curves""]"
MEAS-e9904cb6ea0ca196,RUN-4687212,legacy_plateau20,test,accuracy_percent,92.192,80,100,20,parsed raw epoch count; legacy terminal CSV window,100,True,4687212,2,14e7f4b285a8f89e592bd93f2a07f0818f8df4076fd99841d2b4462294edb941,"[""archive/Account1/runs/ac-r008-s2-4687212.out""]","[""csv_plateau20""]","[""/panels/additive_transfer_curves/cells/25/runs/2/csv_plateau20""]","[""OCC-db8edb6e431e62f0""]","[""additive_transfer_curves""]"
MEAS-fd7717de3ff66539,RUN-4687216,legacy_plateau20,test,accuracy_percent,92.099,80,100,20,parsed raw epoch count; legacy terminal CSV window,100,True,4687216,3,1f7480699089004306b75166b2cd6092f8771bdcfd028f0b6bb0d7abe0c0d893,"[""archive/Account1/runs/ac-r008-s3-4687216.out""]","[""csv_plateau20""]","[""/panels/additive_transfer_curves/cells/25/runs/3/csv_plateau20""]","[""OCC-db8edb6e431e62f0""]","[""additive_transfer_curves""]"
MEAS-09f5a153fd5026d7,RUN-4687220,legacy_plateau20,test,accuracy_percent,92.028,80,100,20,parsed raw epoch count; legacy terminal CSV window,100,True,4687220,4,cb4c13672e91fe042b11916611fe217d416fc8f9c8e37dbf43c0f09baf0a0841,"[""archive/Account1/runs/ac-r008-s4-4687220.out""]","[""csv_plateau20""]","[""/panels/additive_transfer_curves/cells/25/runs/4/csv_plateau20""]","[""OCC-db8edb6e431e62f0""]","[""additive_transfer_curves""]"
MEAS-2c088510e12a1b4f,RUN-4687190,legacy_plateau20,test,accuracy_percent,92.311,80,100,20,parsed raw epoch count; legacy terminal CSV window,100,True,4687190,3,80209ec2c3ad15ca5fc41beccc815d969f5832311c30aca3db1e26b2ec8db5c3,"[""archive/Account1/runs/ac-r01-s3-4687190.out""]","[""csv_plateau20""]","[""/panels/additive_transfer_curves/cells/26/runs/0/csv_plateau20""]","[""OCC-348b5a517eef4e46""]","[""additive_transfer_curves""]"
MEAS-bd7382610d40289d,RUN-4687191,legacy_plateau20,test,accuracy_percent,92.473,80,100,20,parsed raw epoch count; legacy terminal CSV window,100,True,4687191,4,5ab90ec1141bfc4dbda7665f97f8dfefb1bbe5495e4593073400b23405a4f864,"[""archive/Account1/runs/ac-r01-s4-4687191.out""]","[""csv_plateau20""]","[""/panels/additive_transfer_curves/cells/26/runs/1/csv_plateau20""]","[""OCC-348b5a517eef4e46""]","[""additive_transfer_curves""]"
MEAS-3d549441aacdb1d2,RUN-4687205,legacy_plateau20,test,accuracy_percent,92.129,80,100,20,parsed raw epoch count; legacy terminal CSV window,100,True,4687205,0,2445a544fc08d5e1564d9beaec85e829b491900e32843cae67421a85dd951ce0,"[""archive/Account1/runs/ac-r015-s0-4687205.out""]","[""csv_plateau20""]","[""/panels/additive_transfer_curves/cells/27/runs/0/csv_plateau20""]","[""OCC-97e78d1f83b7ec5d""]","[""additive_transfer_curves""]"
MEAS-622483b4bd535ba5,RUN-4687209,legacy_plateau20,test,accuracy_percent,92.304,80,100,20,parsed raw epoch count; legacy terminal CSV window,100,True,4687209,1,139670a02e0810b20b96b47e281a5f42c8bb82d10651c9462e257e7096c3e77d,"[""archive/Account1/runs/ac-r015-s1-4687209.out""]","[""csv_plateau20""]","[""/panels/additive_transfer_curves/cells/27/runs/1/csv_plateau20""]","[""OCC-97e78d1f83b7ec5d""]","[""additive_transfer_curves""]"
MEAS-5a2e587af6b33ae2,RUN-4687213,legacy_plateau20,test,accuracy_percent,92.105,80,100,20,parsed raw epoch count; legacy terminal CSV window,100,True,4687213,2,542d75d8010c0a72e4b04a616d631032719bae8fd7a70cf38f307104e5f8c91d,"[""archive/Account1/runs/ac-r015-s2-4687213.out""]","[""csv_plateau20""]","[""/panels/additive_transfer_curves/cells/27/runs/2/csv_plateau20""]","[""OCC-97e78d1f83b7ec5d""]","[""additive_transfer_curves""]"
MEAS-a6148ed442f9c966,RUN-4687217,legacy_plateau20,test,accuracy_percent,92.247,80,100,20,parsed raw epoch count; legacy terminal CSV window,100,True,4687217,3,50977fc9b424e81b599b423ea921bdfe402418d67c58c8f2eab69f0af6fec22f,"[""archive/Account1/runs/ac-r015-s3-4687217.out""]","[""csv_plateau20""]","[""/panels/additive_transfer_curves/cells/27/runs/3/csv_plateau20""]","[""OCC-97e78d1f83b7ec5d""]","[""additive_transfer_curves""]"
MEAS-bd333306921d25b8,RUN-4687221,legacy_plateau20,test,accuracy_percent,91.995,80,100,20,parsed raw epoch count; legacy terminal CSV window,100,True,4687221,4,68cb43308b5c3e4ea33f1cb3b4f2842a3f11cdc345ba9ad580f9911deabd97a9,"[""archive/Account1/runs/ac-r015-s4-4687221.out""]","[""csv_plateau20""]","[""/panels/additive_transfer_curves/cells/27/runs/4/csv_plateau20""]","[""OCC-97e78d1f83b7ec5d""]","[""additive_transfer_curves""]"
MEAS-3ea24eaa7019392f,RUN-4687192,legacy_plateau20,test,accuracy_percent,91.823,80,100,20,parsed raw epoch count; legacy terminal CSV window,100,True,4687192,3,e1e39e937afc4398f0f6a187fb773e1f94c3d1814e9829d8d0cd9950557768a2,"[""archive/Account1/runs/ac-r02-s3-4687192.out""]","[""csv_plateau20""]","[""/panels/additive_transfer_curves/cells/28/runs/0/csv_plateau20""]","[""OCC-8493ed4744bdd1f7""]","[""additive_transfer_curves""]"
MEAS-f7400b2c6bc9bd8f,RUN-4687193,legacy_plateau20,test,accuracy_percent,91.856,80,100,20,parsed raw epoch count; legacy terminal CSV window,100,True,4687193,4,0c545c64a6623a8b336205f0f3efedfd9d66fdfd0acae1fdaa34d0109257edc9,"[""archive/Account1/runs/ac-r02-s4-4687193.out""]","[""csv_plateau20""]","[""/panels/additive_transfer_curves/cells/28/runs/1/csv_plateau20""]","[""OCC-8493ed4744bdd1f7""]","[""additive_transfer_curves""]"
MEAS-ce1e0156319b8e99,RUN-4687194,legacy_plateau20,test,accuracy_percent,91.797,80,100,20,parsed raw epoch count; legacy terminal CSV window,100,True,4687194,2,b1a3047e4fb2d9580cb2936a49a2fbc9aa46ebac0feb0166fa438ccdaf3f9f42,"[""archive/Account1/runs/ac-r03-s2-4687194.out""]","[""csv_plateau20""]","[""/panels/additive_transfer_curves/cells/29/runs/0/csv_plateau20""]","[""OCC-be26cf7865d01d29""]","[""additive_transfer_curves""]"
MEAS-0355cea14c4c8611,RUN-4687195,legacy_plateau20,test,accuracy_percent,91.51,80,100,20,parsed raw epoch count; legacy terminal CSV window,100,True,4687195,3,03a0b9df57f08edba752ff7ae8c622792187ae989cebdea4fe6fa47dcd0cef89,"[""archive/Account1/runs/ac-r03-s3-4687195.out""]","[""csv_plateau20""]","[""/panels/additive_transfer_curves/cells/29/runs/1/csv_plateau20""]","[""OCC-be26cf7865d01d29""]","[""additive_transfer_curves""]"
MEAS-7845a7291b997bd0,RUN-4687196,legacy_plateau20,test,accuracy_percent,91.242,80,100,20,parsed raw epoch count; legacy terminal CSV window,100,True,4687196,4,e6dfc2d0b4f3ffad84421cd41b904a55cb4f3f3e9d2a943375a15a97f10f57f0,"[""archive/Account1/runs/ac-r03-s4-4687196.out""]","[""csv_plateau20""]","[""/panels/additive_transfer_curves/cells/29/runs/2/csv_plateau20""]","[""OCC-be26cf7865d01d29""]","[""additive_transfer_curves""]"
MEAS-8d153fd7fc704d8b,RUN-4687197,legacy_plateau20,test,accuracy_percent,91.228,80,100,20,parsed raw epoch count; legacy terminal CSV window,100,True,4687197,3,19fc2437978814d5feca986ce537c2dbaee4b3dd6ca06f49de42122700dad118,"[""archive/Account1/runs/ac-r04-s3-4687197.out""]","[""csv_plateau20""]","[""/panels/additive_transfer_curves/cells/30/runs/0/csv_plateau20""]","[""OCC-2016cef783396a1a""]","[""additive_transfer_curves""]"
MEAS-e91366274ca09510,RUN-4687198,legacy_plateau20,test,accuracy_percent,91.189,80,100,20,parsed raw epoch count; legacy terminal CSV window,100,True,4687198,4,04c695802ec524a87a424496738eac29f997abf08e30f83d1ec11c408cbf9f70,"[""archive/Account1/runs/ac-r04-s4-4687198.out""]","[""csv_plateau20""]","[""/panels/additive_transfer_curves/cells/30/runs/1/csv_plateau20""]","[""OCC-2016cef783396a1a""]","[""additive_transfer_curves""]"
MEAS-f21550e9e0475ca8,RUN-4687199,legacy_plateau20,test,accuracy_percent,91.173,80,100,20,parsed raw epoch count; legacy terminal CSV window,100,True,4687199,2,83145330218b5e14b5d94463c16f509c71bc89c3c6cfc1a4cd225b9d4775cf7a,"[""archive/Account1/runs/ac-r1-s2-4687199.out""]","[""csv_plateau20""]","[""/panels/additive_transfer_curves/cells/31/runs/0/csv_plateau20""]","[""OCC-dae862caf601dd4d""]","[""additive_transfer_curves""]"
MEAS-ed412a7dcba284fb,RUN-4687200,legacy_plateau20,test,accuracy_percent,91.338,80,100,20,parsed raw epoch count; legacy terminal CSV window,100,True,4687200,3,9e5b703fbdb4841ae378b9d51027d78fb6eb550d352868b5658e490e9edab292,"[""archive/Account1/runs/ac-r1-s3-4687200.out""]","[""csv_plateau20""]","[""/panels/additive_transfer_curves/cells/31/runs/1/csv_plateau20""]","[""OCC-dae862caf601dd4d""]","[""additive_transfer_curves""]"
MEAS-c03d36dee6ac4ede,RUN-4687201,legacy_plateau20,test,accuracy_percent,90.87,80,100,20,parsed raw epoch count; legacy terminal CSV window,100,True,4687201,4,57a2854c69884d8f5b994814b8b5d0c4a90f2d42c2df3cdc476686f672b30006,"[""archive/Account1/runs/ac-r1-s4-4687201.out""]","[""csv_plateau20""]","[""/panels/additive_transfer_curves/cells/31/runs/2/csv_plateau20""]","[""OCC-dae862caf601dd4d""]","[""additive_transfer_curves""]"
MEAS-e17374ec93f4d09a,RUN-4683340,legacy_plateau20,test,accuracy_percent,8.88,80,100,20,parsed raw epoch count; legacy terminal CSV window,100,True,4683340,0,fcd3456bc1455a0392378be5b6b08a5704eaa6450cc908a057b8bde08f4fd877,"[""archive/Account1/runs/rc100-r0-s0-4683340.out""]","[""csv_plateau20""]","[""/panels/additive_transfer_curves/cells/32/runs/0/csv_plateau20""]","[""OCC-b317482a8b0eeb4d""]","[""additive_transfer_curves""]"
MEAS-999be841d349f188,RUN-4683341,legacy_plateau20,test,accuracy_percent,9.085,80,100,20,parsed raw epoch count; legacy terminal CSV window,100,True,4683341,1,66ee753987676a5d05162e01151a5e1b16027c46408917f65bc74ab49b6e029f,"[""archive/Account1/runs/rc100-r0-s1-4683341.out""]","[""csv_plateau20""]","[""/panels/additive_transfer_curves/cells/32/runs/1/csv_plateau20""]","[""OCC-b317482a8b0eeb4d""]","[""additive_transfer_curves""]"
MEAS-5421fc678938716c,RUN-4683342,legacy_plateau20,test,accuracy_percent,14.816,80,100,20,parsed raw epoch count; legacy terminal CSV window,100,True,4683342,0,9a7e0d1cc980bce7fc45c66cdfe6912680e9cf95e702c134e47f2dbba101a600,"[""archive/Account1/runs/rc100-r003-s0-4683342.out""]","[""csv_plateau20""]","[""/panels/additive_transfer_curves/cells/33/runs/0/csv_plateau20""]","[""OCC-285dd8c0f941d6b2""]","[""additive_transfer_curves""]"
MEAS-4abb2873dbeb5ec6,RUN-4683343,legacy_plateau20,test,accuracy_percent,13.003,80,100,20,parsed raw epoch count; legacy terminal CSV window,100,True,4683343,1,7ed024c500361bee0ffc84fd973f2c2ea80b600bd86094c0ca66dad3ad2ea0cf,"[""archive/Account1/runs/rc100-r003-s1-4683343.out""]","[""csv_plateau20""]","[""/panels/additive_transfer_curves/cells/33/runs/1/csv_plateau20""]","[""OCC-285dd8c0f941d6b2""]","[""additive_transfer_curves""]"
MEAS-94c06b5b420389b6,RUN-4683344,legacy_plateau20,test,accuracy_percent,17.567,80,100,20,parsed raw epoch count; legacy terminal CSV window,100,True,4683344,0,e7ca00e65e1418a8f49d7100faf3500c677438560b3921ffb3b6fd1a68e09009,"[""archive/Account1/runs/rc100-r005-s0-4683344.out""]","[""csv_plateau20""]","[""/panels/additive_transfer_curves/cells/34/runs/0/csv_plateau20""]","[""OCC-f6b6cb296e25e48e""]","[""additive_transfer_curves""]"
MEAS-af47814c5454429a,RUN-4683345,legacy_plateau20,test,accuracy_percent,17.707,80,100,20,parsed raw epoch count; legacy terminal CSV window,100,True,4683345,1,4f52d1c41d4a8c683e4bde3ff835baabbbbd922d08a38b12ebdb451519e22aa1,"[""archive/Account1/runs/rc100-r005-s1-4683345.out""]","[""csv_plateau20""]","[""/panels/additive_transfer_curves/cells/34/runs/1/csv_plateau20""]","[""OCC-f6b6cb296e25e48e""]","[""additive_transfer_curves""]"
MEAS-451d1d00ac836f01,RUN-4683346,legacy_plateau20,test,accuracy_percent,27.033,80,100,20,parsed raw epoch count; legacy terminal CSV window,100,True,4683346,0,12f8d64c7242c2af465111a6106750302a87303919e298338b4737df37fb0107,"[""archive/Account1/runs/rc100-r007-s0-4683346.out""]","[""csv_plateau20""]","[""/panels/additive_transfer_curves/cells/35/runs/0/csv_plateau20""]","[""OCC-78eca51bf0c1bdc9""]","[""additive_transfer_curves""]"
MEAS-c6e9e23be5e3ce1a,RUN-4683347,legacy_plateau20,test,accuracy_percent,26.355,80,100,20,parsed raw epoch count; legacy terminal CSV window,100,True,4683347,1,b53d8ee921bf4c8eb5b4ca379a284654fe0f72d9f20a797aff4a8438d728b52a,"[""archive/Account1/runs/rc100-r007-s1-4683347.out""]","[""csv_plateau20""]","[""/panels/additive_transfer_curves/cells/35/runs/1/csv_plateau20""]","[""OCC-78eca51bf0c1bdc9""]","[""additive_transfer_curves""]"
MEAS-a7e643c7d4d274bb,RUN-4683348,legacy_plateau20,test,accuracy_percent,43.212,80,100,20,parsed raw epoch count; legacy terminal CSV window,100,True,4683348,0,9b341af34c3584a61a11cd55f99130d770ef776e1c7fc2e8edca1280e955df18,"[""archive/Account1/runs/rc100-r01-s0-4683348.out""]","[""csv_plateau20""]","[""/panels/additive_transfer_curves/cells/36/runs/0/csv_plateau20""]","[""OCC-08dfaf4058de7dba""]","[""additive_transfer_curves""]"
MEAS-806844268b6ec716,RUN-4683349,legacy_plateau20,test,accuracy_percent,42.301,80,100,20,parsed raw epoch count; legacy terminal CSV window,100,True,4683349,1,f8090b7e0a3573f90f284aada76fba4e00a44d30192c2bf1825f1100433987d0,"[""archive/Account1/runs/rc100-r01-s1-4683349.out""]","[""csv_plateau20""]","[""/panels/additive_transfer_curves/cells/36/runs/1/csv_plateau20""]","[""OCC-08dfaf4058de7dba""]","[""additive_transfer_curves""]"
MEAS-9da402249a246cc4,RUN-4683350,legacy_plateau20,test,accuracy_percent,68.535,80,100,20,parsed raw epoch count; legacy terminal CSV window,100,True,4683350,0,ff72a07388b204d8a02777f5135bb76f808de7592025fe7d0e36b2d66c038f62,"[""archive/Account1/runs/rc100-r02-s0-4683350.out""]","[""csv_plateau20""]","[""/panels/additive_transfer_curves/cells/37/runs/0/csv_plateau20""]","[""OCC-cb0342963cd82937""]","[""additive_transfer_curves""]"
MEAS-7d296d5796da004b,RUN-4683351,legacy_plateau20,test,accuracy_percent,68.108,80,100,20,parsed raw epoch count; legacy terminal CSV window,100,True,4683351,1,51c64edae18d5cd9d51d1ddf449ed3830400fa737e5ce3d0fe1a209e7a3a50e4,"[""archive/Account1/runs/rc100-r02-s1-4683351.out""]","[""csv_plateau20""]","[""/panels/additive_transfer_curves/cells/37/runs/1/csv_plateau20""]","[""OCC-cb0342963cd82937""]","[""additive_transfer_curves""]"
MEAS-10cafb8ddf819e07,RUN-4683352,legacy_plateau20,test,accuracy_percent,69.621,80,100,20,parsed raw epoch count; legacy terminal CSV window,100,True,4683352,0,8448a1493d37169e8dbcd4d1b91114f2a8b2d6d549962557e4341826e7d58159,"[""archive/Account1/runs/rc100-r1-s0-4683352.out""]","[""csv_plateau20""]","[""/panels/additive_transfer_curves/cells/38/runs/0/csv_plateau20""]","[""OCC-97415022af02a230""]","[""additive_transfer_curves""]"
MEAS-2c3a55b607344bde,RUN-4683353,legacy_plateau20,test,accuracy_percent,70.212,80,100,20,parsed raw epoch count; legacy terminal CSV window,100,True,4683353,1,82c6a2f28e228ba9b9b2ef216dab7bdfcca3df08bb89e1de3175f263d2de50e8,"[""archive/Account1/runs/rc100-r1-s1-4683353.out""]","[""csv_plateau20""]","[""/panels/additive_transfer_curves/cells/38/runs/1/csv_plateau20""]","[""OCC-97415022af02a230""]","[""additive_transfer_curves""]"
MEAS-6fba5110427a7e5b,RUN-4683593,legacy_plateau20,test,accuracy_percent,10.803,80,100,20,parsed raw epoch count; legacy terminal CSV window,100,True,4683593,0,070cecf4d37a83ebaffcd4be305c40a214dea75216c249dfd01483ea0ed63926,"[""archive/Account2/runs/rc6-r0-s0-4683593.out""]","[""csv_plateau20""]","[""/panels/additive_transfer_curves/cells/39/runs/0/csv_plateau20""]","[""OCC-67585a3335d6c13b""]","[""additive_transfer_curves""]"
MEAS-f35d1ecd80d46220,RUN-4683594,legacy_plateau20,test,accuracy_percent,11.607,80,100,20,parsed raw epoch count; legacy terminal CSV window,100,True,4683594,1,f2e4e5e34eac29c75fe256adb487a208718ff8b64e3edb77f794a11412672929,"[""archive/Account2/runs/rc6-r0-s1-4683594.out""]","[""csv_plateau20""]","[""/panels/additive_transfer_curves/cells/39/runs/1/csv_plateau20""]","[""OCC-67585a3335d6c13b""]","[""additive_transfer_curves""]"
MEAS-555b510560f1fc15,RUN-4683595,legacy_plateau20,test,accuracy_percent,44.499,80,100,20,parsed raw epoch count; legacy terminal CSV window,100,True,4683595,0,f7d529d7d41e170d30ada0c029a424f02f7beaba9dcd5d9851364f02a1ffe1c2,"[""archive/Account2/runs/rc6-r005-s0-4683595.out""]","[""csv_plateau20""]","[""/panels/additive_transfer_curves/cells/40/runs/0/csv_plateau20""]","[""OCC-9fc2bd2b30673859""]","[""additive_transfer_curves""]"
MEAS-d98baf15304543a9,RUN-4683596,legacy_plateau20,test,accuracy_percent,42.514,80,100,20,parsed raw epoch count; legacy terminal CSV window,100,True,4683596,1,0e3810dfb0d2099002973e63b6ec74837a00fb1424ccebbba0425994beb3a532,"[""archive/Account2/runs/rc6-r005-s1-4683596.out""]","[""csv_plateau20""]","[""/panels/additive_transfer_curves/cells/40/runs/1/csv_plateau20""]","[""OCC-9fc2bd2b30673859""]","[""additive_transfer_curves""]"
MEAS-9fe4b6eecb55443e,RUN-4683597,legacy_plateau20,test,accuracy_percent,69.145,80,100,20,parsed raw epoch count; legacy terminal CSV window,100,True,4683597,0,186df666f091e94487dd75e05944bea0b65c259e1a1f9d9758d537109087535b,"[""archive/Account2/runs/rc6-r01-s0-4683597.out""]","[""csv_plateau20""]","[""/panels/additive_transfer_curves/cells/41/runs/0/csv_plateau20""]","[""OCC-b35a5fe6dd55196d""]","[""additive_transfer_curves""]"
MEAS-dab085452dde02a3,RUN-4683598,legacy_plateau20,test,accuracy_percent,68.546,80,100,20,parsed raw epoch count; legacy terminal CSV window,100,True,4683598,1,69e39adec7a50d215725199a8ba1f61a60a256304fd671a35337f7a1f10bdf01,"[""archive/Account2/runs/rc6-r01-s1-4683598.out""]","[""csv_plateau20""]","[""/panels/additive_transfer_curves/cells/41/runs/1/csv_plateau20""]","[""OCC-b35a5fe6dd55196d""]","[""additive_transfer_curves""]"
MEAS-5cef301ef27ebed5,RUN-4683599,legacy_plateau20,test,accuracy_percent,69.877,80,100,20,parsed raw epoch count; legacy terminal CSV window,100,True,4683599,0,b8591ae14dc1ddbb801773699ec6eb14310dca4766928d9b9e39e8b56a79d1c0,"[""archive/Account2/runs/rc6-r02-s0-4683599.out""]","[""csv_plateau20""]","[""/panels/additive_transfer_curves/cells/42/runs/0/csv_plateau20""]","[""OCC-10bcda73231dbcc7""]","[""additive_transfer_curves""]"
MEAS-a1becdf92941c18a,RUN-4683600,legacy_plateau20,test,accuracy_percent,69.903,80,100,20,parsed raw epoch count; legacy terminal CSV window,100,True,4683600,1,d33546734535dcc615a44d04ce6135286672da931ea53e10eed2e392412f11d4,"[""archive/Account2/runs/rc6-r02-s1-4683600.out""]","[""csv_plateau20""]","[""/panels/additive_transfer_curves/cells/42/runs/1/csv_plateau20""]","[""OCC-10bcda73231dbcc7""]","[""additive_transfer_curves""]"
MEAS-a25f4e1ca4372cdc,RUN-4683601,legacy_plateau20,test,accuracy_percent,69.453,80,100,20,parsed raw epoch count; legacy terminal CSV window,100,True,4683601,0,9ff799b8de41586c8b5e9a6fc1df92743fb8ba8301031b4ce91000e856d3b7c1,"[""archive/Account2/runs/rc6-r04-s0-4683601.out""]","[""csv_plateau20""]","[""/panels/additive_transfer_curves/cells/43/runs/0/csv_plateau20""]","[""OCC-9b6b1bfa43a2a941""]","[""additive_transfer_curves""]"
MEAS-801dbf62f617c328,RUN-4683602,legacy_plateau20,test,accuracy_percent,69.248,80,100,20,parsed raw epoch count; legacy terminal CSV window,100,True,4683602,1,6667fb74fab4192f83b53a618946d3fc3b63dfdc95f70833495193d87892a7b5,"[""archive/Account2/runs/rc6-r04-s1-4683602.out""]","[""csv_plateau20""]","[""/panels/additive_transfer_curves/cells/43/runs/1/csv_plateau20""]","[""OCC-9b6b1bfa43a2a941""]","[""additive_transfer_curves""]"
MEAS-51b2671bed19b3e7,RUN-4683603,legacy_plateau20,test,accuracy_percent,69.585,80,100,20,parsed raw epoch count; legacy terminal CSV window,100,True,4683603,0,55d6d0b3a6ac1135d35526fa721f888fea4ad2b5d8334394abcdc9e94f8129d3,"[""archive/Account2/runs/rc6-r07-s0-4683603.out""]","[""csv_plateau20""]","[""/panels/additive_transfer_curves/cells/44/runs/0/csv_plateau20""]","[""OCC-835c042d7b64aae5""]","[""additive_transfer_curves""]"
MEAS-8eef79c9c9a7e3c3,RUN-4683604,legacy_plateau20,test,accuracy_percent,69.648,80,100,20,parsed raw epoch count; legacy terminal CSV window,100,True,4683604,1,d766e7d4e5e4906862831eb1da9ad1d89f9709476285684d638e9fdee33649a5,"[""archive/Account2/runs/rc6-r07-s1-4683604.out""]","[""csv_plateau20""]","[""/panels/additive_transfer_curves/cells/44/runs/1/csv_plateau20""]","[""OCC-835c042d7b64aae5""]","[""additive_transfer_curves""]"
MEAS-f9f62d9b0bd69a05,RUN-4683605,legacy_plateau20,test,accuracy_percent,69.52,80,100,20,parsed raw epoch count; legacy terminal CSV window,100,True,4683605,0,cb01a1bdac7f68d8a53f2d40830ff78168bb8c90a4db1cef71600f02671a066d,"[""archive/Account2/runs/rc6-r1-s0-4683605.out""]","[""csv_plateau20""]","[""/panels/additive_transfer_curves/cells/45/runs/0/csv_plateau20""]","[""OCC-3467d9ba09de3bab""]","[""additive_transfer_curves""]"
MEAS-c332bd907e8db981,RUN-4683606,legacy_plateau20,test,accuracy_percent,69.564,80,100,20,parsed raw epoch count; legacy terminal CSV window,100,True,4683606,1,b79eedf158db1572c7ed41cf7f4759406c1bba41aa4d38a7d45d0be80ede87c0,"[""archive/Account2/runs/rc6-r1-s1-4683606.out""]","[""csv_plateau20""]","[""/panels/additive_transfer_curves/cells/45/runs/1/csv_plateau20""]","[""OCC-3467d9ba09de3bab""]","[""additive_transfer_curves""]"
MEAS-9e4e6d74575dae68,RUN-4684237,legacy_plateau20,test,accuracy_percent,93.132,80,100,20,parsed raw epoch count; legacy terminal CSV window,100,True,4684237,0,e8e8d8486a2807ce066de1607437d7689ad475e446d49ed17eb3cb53315fa11d,"[""archive/Account1/runs/r34r-r0-s0-4684237.out""]","[""csv_plateau20""]","[""/panels/additive_transfer_curves/cells/46/runs/0/csv_plateau20""]","[""OCC-7dfc2e1f8fcf21bf""]","[""additive_transfer_curves""]"
MEAS-f2dfd3641587fd03,RUN-4684238,legacy_plateau20,test,accuracy_percent,93.015,80,100,20,parsed raw epoch count; legacy terminal CSV window,100,True,4684238,1,b65a34c2ce72a9616f7b6c15d798418adda5e7e9b1ab1a8bf98350332f5f47e7,"[""archive/Account1/runs/r34r-r0-s1-4684238.out""]","[""csv_plateau20""]","[""/panels/additive_transfer_curves/cells/46/runs/1/csv_plateau20""]","[""OCC-7dfc2e1f8fcf21bf""]","[""additive_transfer_curves""]"
MEAS-88c7b99495f9ab56,RUN-4684239,legacy_plateau20,test,accuracy_percent,93.145,80,100,20,parsed raw epoch count; legacy terminal CSV window,100,True,4684239,2,67d115464ea7243feb4b11f059904d7ea0c4a6e5a5d2eb33740b288e691fa8e3,"[""archive/Account1/runs/r34r-r0-s2-4684239.out""]","[""csv_plateau20""]","[""/panels/additive_transfer_curves/cells/46/runs/2/csv_plateau20""]","[""OCC-7dfc2e1f8fcf21bf""]","[""additive_transfer_curves""]"
MEAS-7498f95f5670f6b5,RUN-4685602,legacy_plateau20,test,accuracy_percent,93.297,80,100,20,parsed raw epoch count; legacy terminal CSV window,100,True,4685602,0,8e715d76617cc706804837fcbeab77c61f7890ab2d4e09cf63b4e167c6fe9fd7,"[""archive/Account2/runs/r34f-r0005-s0-4685602.out""]","[""csv_plateau20""]","[""/panels/additive_transfer_curves/cells/47/runs/0/csv_plateau20""]","[""OCC-999683d5204b9cfa""]","[""additive_transfer_curves""]"
MEAS-911d4e12c88987e8,RUN-4685603,legacy_plateau20,test,accuracy_percent,93.268,80,100,20,parsed raw epoch count; legacy terminal CSV window,100,True,4685603,1,b33992785ae089be4e480d2310097e5f811eba96988e6dc3657e1874ecdba579,"[""archive/Account2/runs/r34f-r0005-s1-4685603.out""]","[""csv_plateau20""]","[""/panels/additive_transfer_curves/cells/47/runs/1/csv_plateau20""]","[""OCC-999683d5204b9cfa""]","[""additive_transfer_curves""]"
MEAS-44ecfb092ebacc6b,RUN-4685604,legacy_plateau20,test,accuracy_percent,93.262,80,100,20,parsed raw epoch count; legacy terminal CSV window,100,True,4685604,2,ddc7bef33539ccba7af18c16e10e15f49f0fca5722196b5e98cb092c966634e6,"[""archive/Account2/runs/r34f-r0005-s2-4685604.out""]","[""csv_plateau20""]","[""/panels/additive_transfer_curves/cells/47/runs/2/csv_plateau20""]","[""OCC-999683d5204b9cfa""]","[""additive_transfer_curves""]"
MEAS-7bf859eb4882a566,RUN-4685605,legacy_plateau20,test,accuracy_percent,93.543,80,100,20,parsed raw epoch count; legacy terminal CSV window,100,True,4685605,0,65b8515189764f337d1b82c8a8cf613bbd35d72cf3c636922de2479cb7da647c,"[""archive/Account2/runs/r34f-r001-s0-4685605.out""]","[""csv_plateau20""]","[""/panels/additive_transfer_curves/cells/48/runs/0/csv_plateau20""]","[""OCC-3a2d2fbea69babce""]","[""additive_transfer_curves""]"
MEAS-e609c074faa51d6f,RUN-4685606,legacy_plateau20,test,accuracy_percent,93.434,80,100,20,parsed raw epoch count; legacy terminal CSV window,100,True,4685606,1,233f709c11e072a6ef08dbf4af35132cd8d85829ca47d0dc08328844502b4890,"[""archive/Account2/runs/r34f-r001-s1-4685606.out""]","[""csv_plateau20""]","[""/panels/additive_transfer_curves/cells/48/runs/1/csv_plateau20""]","[""OCC-3a2d2fbea69babce""]","[""additive_transfer_curves""]"
MEAS-b47b6be1cd40b3c4,RUN-4685607,legacy_plateau20,test,accuracy_percent,93.34,80,100,20,parsed raw epoch count; legacy terminal CSV window,100,True,4685607,2,2ee3f615395759b5abf1bca9f51981109069e4c52fb5df1d036aa9073da61dea,"[""archive/Account2/runs/r34f-r001-s2-4685607.out""]","[""csv_plateau20""]","[""/panels/additive_transfer_curves/cells/48/runs/2/csv_plateau20""]","[""OCC-3a2d2fbea69babce""]","[""additive_transfer_curves""]"
MEAS-12ec67eefcaca2ae,RUN-4685608,legacy_plateau20,test,accuracy_percent,93.891,80,100,20,parsed raw epoch count; legacy terminal CSV window,100,True,4685608,0,eb016d303ea6842c24295825929be7ed7d00d643921885d1f051fbae37f8ba71,"[""archive/Account2/runs/r34f-r0015-s0-4685608.out""]","[""csv_plateau20""]","[""/panels/additive_transfer_curves/cells/49/runs/0/csv_plateau20""]","[""OCC-12fd3c4b4e32f43f""]","[""additive_transfer_curves""]"
MEAS-ebe2d11c0ee8da2c,RUN-4685609,legacy_plateau20,test,accuracy_percent,93.617,80,100,20,parsed raw epoch count; legacy terminal CSV window,100,True,4685609,1,7e389bf1bfa0e02162925c88feabbfd4bede484f1f6c50fdc9fe5113e5ab686c,"[""archive/Account2/runs/r34f-r0015-s1-4685609.out""]","[""csv_plateau20""]","[""/panels/additive_transfer_curves/cells/49/runs/1/csv_plateau20""]","[""OCC-12fd3c4b4e32f43f""]","[""additive_transfer_curves""]"
MEAS-9a4b68887c1d9f22,RUN-4685610,legacy_plateau20,test,accuracy_percent,93.828,80,100,20,parsed raw epoch count; legacy terminal CSV window,100,True,4685610,2,1a815ff37bce02636fff5397f25e21ceb20ceca9d3da858f8eced8d586aa165b,"[""archive/Account2/runs/r34f-r0015-s2-4685610.out""]","[""csv_plateau20""]","[""/panels/additive_transfer_curves/cells/49/runs/2/csv_plateau20""]","[""OCC-12fd3c4b4e32f43f""]","[""additive_transfer_curves""]"
MEAS-4ae3dc2173ed9c85,RUN-4684240,legacy_plateau20,test,accuracy_percent,93.905,80,100,20,parsed raw epoch count; legacy terminal CSV window,100,True,4684240,0,d652f3c25035c0146977bd562fca780f5e23f16620b224f8995b10ba9817e8ed,"[""archive/Account1/runs/r34r-r002-s0-4684240.out""]","[""csv_plateau20""]","[""/panels/additive_transfer_curves/cells/50/runs/0/csv_plateau20""]","[""OCC-eafdb382c1b85879""]","[""additive_transfer_curves""]"
MEAS-c715e4077ff37f13,RUN-4684241,legacy_plateau20,test,accuracy_percent,93.679,80,100,20,parsed raw epoch count; legacy terminal CSV window,100,True,4684241,1,64c573a7925e939f916cc62c1e69a7958e2238bfcfa2d1f572805e3fc4fb85dc,"[""archive/Account1/runs/r34r-r002-s1-4684241.out""]","[""csv_plateau20""]","[""/panels/additive_transfer_curves/cells/50/runs/1/csv_plateau20""]","[""OCC-eafdb382c1b85879""]","[""additive_transfer_curves""]"
MEAS-bf39cd961e5b4dc9,RUN-4684242,legacy_plateau20,test,accuracy_percent,94.066,80,100,20,parsed raw epoch count; legacy terminal CSV window,100,True,4684242,2,b9fcd1752b06f565e5cc35a5ca1187464fd3cdb266d6ca5cbf0805bdaba1b778,"[""archive/Account1/runs/r34r-r002-s2-4684242.out""]","[""csv_plateau20""]","[""/panels/additive_transfer_curves/cells/50/runs/2/csv_plateau20""]","[""OCC-eafdb382c1b85879""]","[""additive_transfer_curves""]"
MEAS-5893d96296107790,RUN-4685611,legacy_plateau20,test,accuracy_percent,94.05,80,100,20,parsed raw epoch count; legacy terminal CSV window,100,True,4685611,0,8121e428b8570f606ad304aa6fc7d7ecce02d61802abf19dd69c2e0ec238f1ae,"[""archive/Account2/runs/r34f-r0025-s0-4685611.out""]","[""csv_plateau20""]","[""/panels/additive_transfer_curves/cells/51/runs/0/csv_plateau20""]","[""OCC-b5813d8c1e426bd6""]","[""additive_transfer_curves""]"
MEAS-bf2716965bbf1543,RUN-4685612,legacy_plateau20,test,accuracy_percent,93.772,80,100,20,parsed raw epoch count; legacy terminal CSV window,100,True,4685612,1,34c8db08e3aa695acdcd01de19ba5bf126b25cf681a941a51a416c809fd0477c,"[""archive/Account2/runs/r34f-r0025-s1-4685612.out""]","[""csv_plateau20""]","[""/panels/additive_transfer_curves/cells/51/runs/1/csv_plateau20""]","[""OCC-b5813d8c1e426bd6""]","[""additive_transfer_curves""]"
MEAS-a1af711a0448bf1d,RUN-4685613,legacy_plateau20,test,accuracy_percent,93.968,80,100,20,parsed raw epoch count; legacy terminal CSV window,100,True,4685613,2,d62275c13ad20b2f7c7ec7a67cf6699e9d07ec7dd5e3b8aa4575d95c17a0d992,"[""archive/Account2/runs/r34f-r0025-s2-4685613.out""]","[""csv_plateau20""]","[""/panels/additive_transfer_curves/cells/51/runs/2/csv_plateau20""]","[""OCC-b5813d8c1e426bd6""]","[""additive_transfer_curves""]"
MEAS-5b75227154389bc4,RUN-4684243,legacy_plateau20,test,accuracy_percent,93.872,80,100,20,parsed raw epoch count; legacy terminal CSV window,100,True,4684243,0,d48dffc9c5eb478514d2825bb0d024ec4a225266e5039c29590677d98c4f3ad5,"[""archive/Account1/runs/r34r-r003-s0-4684243.out""]","[""csv_plateau20""]","[""/panels/additive_transfer_curves/cells/52/runs/0/csv_plateau20""]","[""OCC-12e211a73e9254b7""]","[""additive_transfer_curves""]"
MEAS-a44fa1951d7b797a,RUN-4684244,legacy_plateau20,test,accuracy_percent,93.697,80,100,20,parsed raw epoch count; legacy terminal CSV window,100,True,4684244,1,54bd9f3315da75384b3b05af9d75b20f703c7eb4f1d87d527d1d79eb50d18495,"[""archive/Account1/runs/r34r-r003-s1-4684244.out""]","[""csv_plateau20""]","[""/panels/additive_transfer_curves/cells/52/runs/1/csv_plateau20""]","[""OCC-12e211a73e9254b7""]","[""additive_transfer_curves""]"
MEAS-a22b60098ad0e5fc,RUN-4684245,legacy_plateau20,test,accuracy_percent,93.87,80,100,20,parsed raw epoch count; legacy terminal CSV window,100,True,4684245,2,a9d6da8f5378ad7d5d86f686725787682d446e8094436c434c70beff63ceca0e,"[""archive/Account1/runs/r34r-r003-s2-4684245.out""]","[""csv_plateau20""]","[""/panels/additive_transfer_curves/cells/52/runs/2/csv_plateau20""]","[""OCC-12e211a73e9254b7""]","[""additive_transfer_curves""]"
MEAS-aef626b9e15f3a2f,RUN-4684246,legacy_plateau20,test,accuracy_percent,93.45,80,100,20,parsed raw epoch count; legacy terminal CSV window,100,True,4684246,0,15d1015ce2d092d74767694972392d4454108b64f3fd7cbc85d35a3ec266ffd3,"[""archive/Account1/runs/r34r-r004-s0-4684246.out""]","[""csv_plateau20""]","[""/panels/additive_transfer_curves/cells/53/runs/0/csv_plateau20""]","[""OCC-b3a465ca15c163ae""]","[""additive_transfer_curves""]"
MEAS-4208b7d3f1bfa34c,RUN-4684247,legacy_plateau20,test,accuracy_percent,93.454,80,100,20,parsed raw epoch count; legacy terminal CSV window,100,True,4684247,1,e9e7477c9c52bfeff1023011b4ab976ac397490fb7af06a82b6d54c42bdd1751,"[""archive/Account1/runs/r34r-r004-s1-4684247.out""]","[""csv_plateau20""]","[""/panels/additive_transfer_curves/cells/53/runs/1/csv_plateau20""]","[""OCC-b3a465ca15c163ae""]","[""additive_transfer_curves""]"
MEAS-0210df2edf4e05e9,RUN-4684248,legacy_plateau20,test,accuracy_percent,93.191,80,100,20,parsed raw epoch count; legacy terminal CSV window,100,True,4684248,2,c71c99e228e0de6b4e39fda033a82ad4625350ebb42511fd1ed7da83fd381d30,"[""archive/Account1/runs/r34r-r004-s2-4684248.out""]","[""csv_plateau20""]","[""/panels/additive_transfer_curves/cells/53/runs/2/csv_plateau20""]","[""OCC-b3a465ca15c163ae""]","[""additive_transfer_curves""]"
MEAS-850c7c6b7e58f211,RUN-4684249,legacy_plateau20,test,accuracy_percent,93.16,80,100,20,parsed raw epoch count; legacy terminal CSV window,100,True,4684249,0,fdec1586fe3d78519186bcc57954cc5b432d41a9c562deffd40bcf4cf3a4a223,"[""archive/Account1/runs/r34r-r005-s0-4684249.out""]","[""csv_plateau20""]","[""/panels/additive_transfer_curves/cells/54/runs/0/csv_plateau20""]","[""OCC-17f5377ce048d85e""]","[""additive_transfer_curves""]"
MEAS-44a60881efa799b8,RUN-4684250,legacy_plateau20,test,accuracy_percent,93.079,80,100,20,parsed raw epoch count; legacy terminal CSV window,100,True,4684250,1,ccd0c2a6abab7d953f2fdf784a64d578168906f071b703905c4fa8e3bbe6d024,"[""archive/Account1/runs/r34r-r005-s1-4684250.out""]","[""csv_plateau20""]","[""/panels/additive_transfer_curves/cells/54/runs/1/csv_plateau20""]","[""OCC-17f5377ce048d85e""]","[""additive_transfer_curves""]"
MEAS-6282046fdcf46f8f,RUN-4684251,legacy_plateau20,test,accuracy_percent,92.805,80,100,20,parsed raw epoch count; legacy terminal CSV window,100,True,4684251,2,f72f403d0706acc08e2b960e38a9b2b4f253a2bdb21bd4452ddaaff01f951b62,"[""archive/Account1/runs/r34r-r005-s2-4684251.out""]","[""csv_plateau20""]","[""/panels/additive_transfer_curves/cells/54/runs/2/csv_plateau20""]","[""OCC-17f5377ce048d85e""]","[""additive_transfer_curves""]"
MEAS-dd71c1ae3e4ca49c,RUN-4684252,legacy_plateau20,test,accuracy_percent,92.389,80,100,20,parsed raw epoch count; legacy terminal CSV window,100,True,4684252,0,78833d718c22ad67bed5f3a77e2dab405ea4d2234a75cae6a00b1a662c8bbbb0,"[""archive/Account1/runs/r34r-r008-s0-4684252.out""]","[""csv_plateau20""]","[""/panels/additive_transfer_curves/cells/55/runs/0/csv_plateau20""]","[""OCC-2237b3d67c3adc51""]","[""additive_transfer_curves""]"
MEAS-aafc6c6c1fa2c008,RUN-4684253,legacy_plateau20,test,accuracy_percent,92.517,80,100,20,parsed raw epoch count; legacy terminal CSV window,100,True,4684253,1,3adb05ae007c2c50f45d04cbacd38f505eace05bb64c3bde35128de2f14e75fd,"[""archive/Account1/runs/r34r-r008-s1-4684253.out""]","[""csv_plateau20""]","[""/panels/additive_transfer_curves/cells/55/runs/1/csv_plateau20""]","[""OCC-2237b3d67c3adc51""]","[""additive_transfer_curves""]"
MEAS-afd37d1838e0795c,RUN-4684254,legacy_plateau20,test,accuracy_percent,91.996,80,100,20,parsed raw epoch count; legacy terminal CSV window,100,True,4684254,2,5c677f6994b05b6708dda7f1bae6282a53b749d442ea84fe580ad0bb1ca3a414,"[""archive/Account1/runs/r34r-r008-s2-4684254.out""]","[""csv_plateau20""]","[""/panels/additive_transfer_curves/cells/55/runs/2/csv_plateau20""]","[""OCC-2237b3d67c3adc51""]","[""additive_transfer_curves""]"
MEAS-daacdbf11cc4c02d,RUN-4684255,legacy_plateau20,test,accuracy_percent,91.696,80,100,20,parsed raw epoch count; legacy terminal CSV window,100,True,4684255,0,147892dc426cc7ad3c5a652cf4ad01bdfd934dd7b0a897ae21bb60b4b5e16027,"[""archive/Account1/runs/r34r-r01-s0-4684255.out""]","[""csv_plateau20""]","[""/panels/additive_transfer_curves/cells/56/runs/0/csv_plateau20""]","[""OCC-d9373506c2c90482""]","[""additive_transfer_curves""]"
MEAS-4dcb06b900a9a571,RUN-4684256,legacy_plateau20,test,accuracy_percent,92.164,80,100,20,parsed raw epoch count; legacy terminal CSV window,100,True,4684256,1,0d8926cf318b2b75b87937a205adfebf96ad893eff70eed656c7928da628d3a2,"[""archive/Account1/runs/r34r-r01-s1-4684256.out""]","[""csv_plateau20""]","[""/panels/additive_transfer_curves/cells/56/runs/1/csv_plateau20""]","[""OCC-d9373506c2c90482""]","[""additive_transfer_curves""]"
MEAS-44abad3ca0fa081a,RUN-4684257,legacy_plateau20,test,accuracy_percent,91.306,80,100,20,parsed raw epoch count; legacy terminal CSV window,100,True,4684257,2,745ace5ba6f69e61df72b13ae676ecb40eee86fe9146b27db7fb7a36ffc4921f,"[""archive/Account1/runs/r34r-r01-s2-4684257.out""]","[""csv_plateau20""]","[""/panels/additive_transfer_curves/cells/56/runs/2/csv_plateau20""]","[""OCC-d9373506c2c90482""]","[""additive_transfer_curves""]"
MEAS-ccce7c523086b1cd,RUN-4684258,legacy_plateau20,test,accuracy_percent,90.707,80,100,20,parsed raw epoch count; legacy terminal CSV window,100,True,4684258,0,85b7b6b66c5ded73f59892f77c8225a2a74c45042c0a16f8fb8caaf0fcaf4cb3,"[""archive/Account1/runs/r34r-r02-s0-4684258.out""]","[""csv_plateau20""]","[""/panels/additive_transfer_curves/cells/57/runs/0/csv_plateau20""]","[""OCC-30f1a30a7e66c592""]","[""additive_transfer_curves""]"
MEAS-c1818004f2d61b66,RUN-4684259,legacy_plateau20,test,accuracy_percent,90.598,80,100,20,parsed raw epoch count; legacy terminal CSV window,100,True,4684259,1,804f41175f3b3b09b241e41b6b7ad7e6942a88bf6813d6cba9450ba3b3f1fcae,"[""archive/Account1/runs/r34r-r02-s1-4684259.out""]","[""csv_plateau20""]","[""/panels/additive_transfer_curves/cells/57/runs/1/csv_plateau20""]","[""OCC-30f1a30a7e66c592""]","[""additive_transfer_curves""]"
MEAS-546dc052c2d61979,RUN-4684260,legacy_plateau20,test,accuracy_percent,90.347,80,100,20,parsed raw epoch count; legacy terminal CSV window,100,True,4684260,2,ad618401c622328210d7ced9d173ccb05109ac093789cad858bef29cea2b4d22,"[""archive/Account1/runs/r34r-r02-s2-4684260.out""]","[""csv_plateau20""]","[""/panels/additive_transfer_curves/cells/57/runs/2/csv_plateau20""]","[""OCC-30f1a30a7e66c592""]","[""additive_transfer_curves""]"
MEAS-464539c0f604ac1c,RUN-4684261,legacy_plateau20,test,accuracy_percent,90.455,80,100,20,parsed raw epoch count; legacy terminal CSV window,100,True,4684261,0,3b0f0c9380f5a69a9384c3aff54053991fcfbe55d0108d52096570c646156021,"[""archive/Account1/runs/r34r-r1-s0-4684261.out""]","[""csv_plateau20""]","[""/panels/additive_transfer_curves/cells/58/runs/0/csv_plateau20""]","[""OCC-4c52d059d74c6bc4""]","[""additive_transfer_curves""]"
MEAS-921bc6bb85dbc0d6,RUN-4684262,legacy_plateau20,test,accuracy_percent,90.149,80,100,20,parsed raw epoch count; legacy terminal CSV window,100,True,4684262,1,cfcf4c77cb9d4ffdb5522b1d9b5950734589ae8476adb5f04553a4a620b17773,"[""archive/Account1/runs/r34r-r1-s1-4684262.out""]","[""csv_plateau20""]","[""/panels/additive_transfer_curves/cells/58/runs/1/csv_plateau20""]","[""OCC-4c52d059d74c6bc4""]","[""additive_transfer_curves""]"
MEAS-0b5d4387da7da0d7,RUN-4684263,legacy_plateau20,test,accuracy_percent,90.203,80,100,20,parsed raw epoch count; legacy terminal CSV window,100,True,4684263,2,0537ef4bb1698d505b8244a22f492365608ac369139847f59b179bd3fdda8977,"[""archive/Account1/runs/r34r-r1-s2-4684263.out""]","[""csv_plateau20""]","[""/panels/additive_transfer_curves/cells/58/runs/2/csv_plateau20""]","[""OCC-4c52d059d74c6bc4""]","[""additive_transfer_curves""]"
MEAS-27512698afc4c022,RUN-4885972,legacy_plateau20,test,accuracy_percent,93.185,80,100,20,parsed raw epoch count; legacy terminal CSV window,100,True,4885972,0,2dc04f3ca2610e917c43ed34cd20e48f12f213665d3ff4bd893fbd9cf05a02ee,"[""archive/Account1/runs/a2g3-1e3-r0-s0-4885972.out""]","[""csv_plateau20""]","[""/panels/additive_transfer_curves/cells/59/runs/0/csv_plateau20""]","[""OCC-e4c59f32d120bf93""]","[""additive_transfer_curves""]"
MEAS-1e73f83d81b06a87,RUN-4885973,legacy_plateau20,test,accuracy_percent,93.053,80,100,20,parsed raw epoch count; legacy terminal CSV window,100,True,4885973,1,97715bd4e5d9d4a78fbee06524e6b868e419f41a5ecf9b2727facfe9030049f7,"[""archive/Account1/runs/a2g3-1e3-r0-s1-4885973.out""]","[""csv_plateau20""]","[""/panels/additive_transfer_curves/cells/59/runs/1/csv_plateau20""]","[""OCC-e4c59f32d120bf93""]","[""additive_transfer_curves""]"
MEAS-e1db37ac9c36160a,RUN-4885974,legacy_plateau20,test,accuracy_percent,93.151,80,100,20,parsed raw epoch count; legacy terminal CSV window,100,True,4885974,2,171b7cc6c21e4ad1358a7f3aec6c72cac77ce9e1b3ee16b60372a42541930e12,"[""archive/Account1/runs/a2g3-1e3-r0-s2-4885974.out""]","[""csv_plateau20""]","[""/panels/additive_transfer_curves/cells/59/runs/2/csv_plateau20""]","[""OCC-e4c59f32d120bf93""]","[""additive_transfer_curves""]"
MEAS-52b5edb9acc91ff0,RUN-4885975,legacy_plateau20,test,accuracy_percent,93.15,80,100,20,parsed raw epoch count; legacy terminal CSV window,100,True,4885975,0,3cfc56117ea754f99b8c00812b3fbe07c56702b6a71429a9362b8e3ef85730b4,"[""archive/Account1/runs/a2g3-1e3-r0p03-s0-4885975.out""]","[""csv_plateau20""]","[""/panels/additive_transfer_curves/cells/60/runs/0/csv_plateau20""]","[""OCC-1e0d247b2356dfd7""]","[""additive_transfer_curves""]"
MEAS-d4e8a3b6e87502d2,RUN-4885976,legacy_plateau20,test,accuracy_percent,93.225,80,100,20,parsed raw epoch count; legacy terminal CSV window,100,True,4885976,1,5221227e71cba3e729abd0ed10a46be8fb937f02382df596dd4bbde1c8352b07,"[""archive/Account1/runs/a2g3-1e3-r0p03-s1-4885976.out""]","[""csv_plateau20""]","[""/panels/additive_transfer_curves/cells/60/runs/1/csv_plateau20""]","[""OCC-1e0d247b2356dfd7""]","[""additive_transfer_curves""]"
MEAS-b83d6c6ca00441c9,RUN-4885977,legacy_plateau20,test,accuracy_percent,93.246,80,100,20,parsed raw epoch count; legacy terminal CSV window,100,True,4885977,2,3fdabad2a1979b663d64957c498af8a824da046739ca9002152bc6363c0d1852,"[""archive/Account1/runs/a2g3-1e3-r0p03-s2-4885977.out""]","[""csv_plateau20""]","[""/panels/additive_transfer_curves/cells/60/runs/2/csv_plateau20""]","[""OCC-1e0d247b2356dfd7""]","[""additive_transfer_curves""]"
MEAS-d0eff6e81a434ae9,RUN-4885978,legacy_plateau20,test,accuracy_percent,92.891,80,100,20,parsed raw epoch count; legacy terminal CSV window,100,True,4885978,0,6518d40bb57a5f5114bf185d2a5bb4ac51ff197e717d914d59e056dc015c2768,"[""archive/Account1/runs/a2g3-1e3-r0p06-s0-4885978.out""]","[""csv_plateau20""]","[""/panels/additive_transfer_curves/cells/61/runs/0/csv_plateau20""]","[""OCC-a5bae5be2f48aef5""]","[""additive_transfer_curves""]"
MEAS-38ccbe047860e3ff,RUN-4885979,legacy_plateau20,test,accuracy_percent,92.785,80,100,20,parsed raw epoch count; legacy terminal CSV window,100,True,4885979,1,f8872a7595f642685cb5457f6f3512aea0abb7e24278f2b031cfddf14039ebf7,"[""archive/Account1/runs/a2g3-1e3-r0p06-s1-4885979.out""]","[""csv_plateau20""]","[""/panels/additive_transfer_curves/cells/61/runs/1/csv_plateau20""]","[""OCC-a5bae5be2f48aef5""]","[""additive_transfer_curves""]"
MEAS-4091a8add2bb9878,RUN-4885980,legacy_plateau20,test,accuracy_percent,92.723,80,100,20,parsed raw epoch count; legacy terminal CSV window,100,True,4885980,2,cbb584c9b353ba8269ef6775e05d58eac18afc98b225ff587419f846dc95c229,"[""archive/Account1/runs/a2g3-1e3-r0p06-s2-4885980.out""]","[""csv_plateau20""]","[""/panels/additive_transfer_curves/cells/61/runs/2/csv_plateau20""]","[""OCC-a5bae5be2f48aef5""]","[""additive_transfer_curves""]"
MEAS-065c9a5ab82437cb,RUN-4885981,legacy_plateau20,test,accuracy_percent,91.778,80,100,20,parsed raw epoch count; legacy terminal CSV window,100,True,4885981,0,be9da22921e5d962f56fa7a1ab5759eb08c79603013ce6ff2f17d2de1f77f916,"[""archive/Account1/runs/a2g3-1e3-r0p1-s0-4885981.out""]","[""csv_plateau20""]","[""/panels/additive_transfer_curves/cells/62/runs/0/csv_plateau20""]","[""OCC-9050f23d15ed9a6b""]","[""additive_transfer_curves""]"
MEAS-a3df2637244162cc,RUN-4885982,legacy_plateau20,test,accuracy_percent,92.208,80,100,20,parsed raw epoch count; legacy terminal CSV window,100,True,4885982,1,048bfda36a7a8d8e1207abdb0e0e1a980f18c288dd0e3b17abe58975ab698558,"[""archive/Account1/runs/a2g3-1e3-r0p1-s1-4885982.out""]","[""csv_plateau20""]","[""/panels/additive_transfer_curves/cells/62/runs/1/csv_plateau20""]","[""OCC-9050f23d15ed9a6b""]","[""additive_transfer_curves""]"
MEAS-c3dee4721fbd06a5,RUN-4885983,legacy_plateau20,test,accuracy_percent,92.089,80,100,20,parsed raw epoch count; legacy terminal CSV window,100,True,4885983,2,b6cb9e4d3c0ba0abf091d4229d3bc45669c869dd3bd50e8ce808c5873f386ca8,"[""archive/Account1/runs/a2g3-1e3-r0p1-s2-4885983.out""]","[""csv_plateau20""]","[""/panels/additive_transfer_curves/cells/62/runs/2/csv_plateau20""]","[""OCC-9050f23d15ed9a6b""]","[""additive_transfer_curves""]"
MEAS-945937ea2cafed9a,RUN-4885984,legacy_plateau20,test,accuracy_percent,91.013,80,100,20,parsed raw epoch count; legacy terminal CSV window,100,True,4885984,0,0846ead2aea88252d28c530e03bbe4325b521a796dfa8a537ee38b0d5c84132b,"[""archive/Account1/runs/a2g3-1e3-r0p2-s0-4885984.out""]","[""csv_plateau20""]","[""/panels/additive_transfer_curves/cells/63/runs/0/csv_plateau20""]","[""OCC-d911bfec811c3beb""]","[""additive_transfer_curves""]"
MEAS-871d48fe3200f838,RUN-4885985,legacy_plateau20,test,accuracy_percent,90.891,80,100,20,parsed raw epoch count; legacy terminal CSV window,100,True,4885985,1,dfc48c7598ece69d0a3021056452ffed7f61197deca22e24f69f699311043370,"[""archive/Account1/runs/a2g3-1e3-r0p2-s1-4885985.out""]","[""csv_plateau20""]","[""/panels/additive_transfer_curves/cells/63/runs/1/csv_plateau20""]","[""OCC-d911bfec811c3beb""]","[""additive_transfer_curves""]"
MEAS-1759019356664523,RUN-4885986,legacy_plateau20,test,accuracy_percent,90.925,80,100,20,parsed raw epoch count; legacy terminal CSV window,100,True,4885986,2,76cc3560451c72d67d5709182f0a84706159bd17596e5589c3a10b4f6bdb8546,"[""archive/Account1/runs/a2g3-1e3-r0p2-s2-4885986.out""]","[""csv_plateau20""]","[""/panels/additive_transfer_curves/cells/63/runs/2/csv_plateau20""]","[""OCC-d911bfec811c3beb""]","[""additive_transfer_curves""]"
MEAS-2dfc16bccbcf7a34,RUN-4885987,legacy_plateau20,test,accuracy_percent,89.992,80,100,20,parsed raw epoch count; legacy terminal CSV window,100,True,4885987,0,5ea31624054af72cc2469d4d36f578c7de93474518df4803ac9c6f6b29897e4e,"[""archive/Account1/runs/a2g3-1e3-r1-s0-4885987.out""]","[""csv_plateau20""]","[""/panels/additive_transfer_curves/cells/64/runs/0/csv_plateau20""]","[""OCC-2b852c4cdd959034""]","[""additive_transfer_curves""]"
MEAS-b9965141909162e3,RUN-4885988,legacy_plateau20,test,accuracy_percent,89.413,80,100,20,parsed raw epoch count; legacy terminal CSV window,100,True,4885988,1,b522b3cb42fded61fafb7423f96621efdd55215a66a09e1e19f696b6f6ccd06d,"[""archive/Account1/runs/a2g3-1e3-r1-s1-4885988.out""]","[""csv_plateau20""]","[""/panels/additive_transfer_curves/cells/64/runs/1/csv_plateau20""]","[""OCC-2b852c4cdd959034""]","[""additive_transfer_curves""]"
MEAS-4339d66420e2e071,RUN-4885989,legacy_plateau20,test,accuracy_percent,89.977,80,100,20,parsed raw epoch count; legacy terminal CSV window,100,True,4885989,2,1640a7bb6393f3bad20dfff615e46a1572b3cbd222007ae749c2d8833785341d,"[""archive/Account1/runs/a2g3-1e3-r1-s2-4885989.out""]","[""csv_plateau20""]","[""/panels/additive_transfer_curves/cells/64/runs/2/csv_plateau20""]","[""OCC-2b852c4cdd959034""]","[""additive_transfer_curves""]"
MEAS-4c35e77890e76d65,RUN-4885954,legacy_plateau20,test,accuracy_percent,93.051,80,100,20,parsed raw epoch count; legacy terminal CSV window,100,True,4885954,0,2805908f8524568b0be4c607633a4526efea525d7ad9aa52f4784e7b2945596e,"[""archive/Account1/runs/a2g3-1e6-r0-s0-4885954.out""]","[""csv_plateau20""]","[""/panels/additive_transfer_curves/cells/65/runs/0/csv_plateau20""]","[""OCC-d9ac73d6520e1328""]","[""additive_transfer_curves""]"
MEAS-f37d63aab82ecd87,RUN-4885955,legacy_plateau20,test,accuracy_percent,93.383,80,100,20,parsed raw epoch count; legacy terminal CSV window,100,True,4885955,1,7e3739dbab8645fc6f7c66dbbec07398e1f5e78cb72e212737dd9b87474d80a3,"[""archive/Account1/runs/a2g3-1e6-r0-s1-4885955.out""]","[""csv_plateau20""]","[""/panels/additive_transfer_curves/cells/65/runs/1/csv_plateau20""]","[""OCC-d9ac73d6520e1328""]","[""additive_transfer_curves""]"
MEAS-be6a48cea6d93a4b,RUN-4885956,legacy_plateau20,test,accuracy_percent,93.412,80,100,20,parsed raw epoch count; legacy terminal CSV window,100,True,4885956,2,887abd386b396658d33af1982f697b07a87d70f6bdd4a6be4fab73d9142e99b2,"[""archive/Account1/runs/a2g3-1e6-r0-s2-4885956.out""]","[""csv_plateau20""]","[""/panels/additive_transfer_curves/cells/65/runs/2/csv_plateau20""]","[""OCC-d9ac73d6520e1328""]","[""additive_transfer_curves""]"
MEAS-973e5118c5eac895,RUN-4885957,legacy_plateau20,test,accuracy_percent,92.204,80,100,20,parsed raw epoch count; legacy terminal CSV window,100,True,4885957,0,5f71f5638d39522374250b71e9f88ea4e4d6548504c5b716955768690e946970,"[""archive/Account1/runs/a2g3-1e6-r0p03-s0-4885957.out""]","[""csv_plateau20""]","[""/panels/additive_transfer_curves/cells/66/runs/0/csv_plateau20""]","[""OCC-a2db6ed7ad40a19c""]","[""additive_transfer_curves""]"
MEAS-8f9eaa337b5b2085,RUN-4885958,legacy_plateau20,test,accuracy_percent,92.628,80,100,20,parsed raw epoch count; legacy terminal CSV window,100,True,4885958,1,a6ea4a5505bc4e0beb4c6d99e59902c22f95b3d876705766d216cee4517a1e72,"[""archive/Account1/runs/a2g3-1e6-r0p03-s1-4885958.out""]","[""csv_plateau20""]","[""/panels/additive_transfer_curves/cells/66/runs/1/csv_plateau20""]","[""OCC-a2db6ed7ad40a19c""]","[""additive_transfer_curves""]"
MEAS-43ad878c55e9acae,RUN-4885959,legacy_plateau20,test,accuracy_percent,92.38,80,100,20,parsed raw epoch count; legacy terminal CSV window,100,True,4885959,2,38570cadc2a656af25988347625bc16622518600ee3bea5578d18b7a44e73195,"[""archive/Account1/runs/a2g3-1e6-r0p03-s2-4885959.out""]","[""csv_plateau20""]","[""/panels/additive_transfer_curves/cells/66/runs/2/csv_plateau20""]","[""OCC-a2db6ed7ad40a19c""]","[""additive_transfer_curves""]"
MEAS-be106a136c949912,RUN-4885960,legacy_plateau20,test,accuracy_percent,91.323,80,100,20,parsed raw epoch count; legacy terminal CSV window,100,True,4885960,0,c8414bb84f6b9545f5f2024ee0773d4c7cc8ea56782fdcd57425f884e6ca88fd,"[""archive/Account1/runs/a2g3-1e6-r0p06-s0-4885960.out""]","[""csv_plateau20""]","[""/panels/additive_transfer_curves/cells/67/runs/0/csv_plateau20""]","[""OCC-14d38936739a3b22""]","[""additive_transfer_curves""]"
MEAS-55cca655f9ef5334,RUN-4885961,legacy_plateau20,test,accuracy_percent,91.459,80,100,20,parsed raw epoch count; legacy terminal CSV window,100,True,4885961,1,2364fa86ead11572e1e4a726d6bbdadfd1bf615838ad1cc83cfc9379458a2eea,"[""archive/Account1/runs/a2g3-1e6-r0p06-s1-4885961.out""]","[""csv_plateau20""]","[""/panels/additive_transfer_curves/cells/67/runs/1/csv_plateau20""]","[""OCC-14d38936739a3b22""]","[""additive_transfer_curves""]"
MEAS-3765fb64fa6fd340,RUN-4885962,legacy_plateau20,test,accuracy_percent,91.917,80,100,20,parsed raw epoch count; legacy terminal CSV window,100,True,4885962,2,cad33136e671adf0f60c2b2b503f11a32453a52ecc0f8d438756b5d48e76e9bd,"[""archive/Account1/runs/a2g3-1e6-r0p06-s2-4885962.out""]","[""csv_plateau20""]","[""/panels/additive_transfer_curves/cells/67/runs/2/csv_plateau20""]","[""OCC-14d38936739a3b22""]","[""additive_transfer_curves""]"
MEAS-654060b3384087b6,RUN-4885963,legacy_plateau20,test,accuracy_percent,90.688,80,100,20,parsed raw epoch count; legacy terminal CSV window,100,True,4885963,0,f276dd667a9f5306adabb77f795959aa779f0a17edbc42a43c7bb0756c7d7084,"[""archive/Account1/runs/a2g3-1e6-r0p1-s0-4885963.out""]","[""csv_plateau20""]","[""/panels/additive_transfer_curves/cells/68/runs/0/csv_plateau20""]","[""OCC-194b83c7973ea6b6""]","[""additive_transfer_curves""]"
MEAS-d2b8b39b9b833ccb,RUN-4885964,legacy_plateau20,test,accuracy_percent,91.114,80,100,20,parsed raw epoch count; legacy terminal CSV window,100,True,4885964,1,5675107ff10d3b0d949235014940c13cce704b4117e59cb1391bcbad316ced1e,"[""archive/Account1/runs/a2g3-1e6-r0p1-s1-4885964.out""]","[""csv_plateau20""]","[""/panels/additive_transfer_curves/cells/68/runs/1/csv_plateau20""]","[""OCC-194b83c7973ea6b6""]","[""additive_transfer_curves""]"
MEAS-ef6bdf68ea1b9b38,RUN-4885965,legacy_plateau20,test,accuracy_percent,90.951,80,100,20,parsed raw epoch count; legacy terminal CSV window,100,True,4885965,2,df27e1e579afc7f11db94c278d814c3b5627b0818fc71c86a8251a7aa9a0c3ea,"[""archive/Account1/runs/a2g3-1e6-r0p1-s2-4885965.out""]","[""csv_plateau20""]","[""/panels/additive_transfer_curves/cells/68/runs/2/csv_plateau20""]","[""OCC-194b83c7973ea6b6""]","[""additive_transfer_curves""]"
MEAS-0a398e1349a68b63,RUN-4885966,legacy_plateau20,test,accuracy_percent,89.151,80,100,20,parsed raw epoch count; legacy terminal CSV window,100,True,4885966,0,9708f161a475e56337b1ab3b438f2dd9724f84e26b254da5f8b2e63dc76cf74a,"[""archive/Account1/runs/a2g3-1e6-r0p2-s0-4885966.out""]","[""csv_plateau20""]","[""/panels/additive_transfer_curves/cells/69/runs/0/csv_plateau20""]","[""OCC-b967575b05dd23e9""]","[""additive_transfer_curves""]"
MEAS-c631802773228c7b,RUN-4885967,legacy_plateau20,test,accuracy_percent,89.535,80,100,20,parsed raw epoch count; legacy terminal CSV window,100,True,4885967,1,88fb8a5de7b4c97ec2a6fab7fe8af91f61c765f053ba86e42d7630840b8251ef,"[""archive/Account1/runs/a2g3-1e6-r0p2-s1-4885967.out""]","[""csv_plateau20""]","[""/panels/additive_transfer_curves/cells/69/runs/1/csv_plateau20""]","[""OCC-b967575b05dd23e9""]","[""additive_transfer_curves""]"
MEAS-a6de8554f88bf3e4,RUN-4885968,legacy_plateau20,test,accuracy_percent,89.636,80,100,20,parsed raw epoch count; legacy terminal CSV window,100,True,4885968,2,a12fa1b609ba0375ae642e4b5c603df8976796d48aef4cdf6916e7355cadfea8,"[""archive/Account1/runs/a2g3-1e6-r0p2-s2-4885968.out""]","[""csv_plateau20""]","[""/panels/additive_transfer_curves/cells/69/runs/2/csv_plateau20""]","[""OCC-b967575b05dd23e9""]","[""additive_transfer_curves""]"
MEAS-cf7622e4827ce8fa,RUN-4885969,legacy_plateau20,test,accuracy_percent,87.668,80,100,20,parsed raw epoch count; legacy terminal CSV window,100,True,4885969,0,5407884fb4282d27d4aa1d6a2cfb3dc88ef9fb97566a3bff69ba35d49c77ba99,"[""archive/Account1/runs/a2g3-1e6-r1-s0-4885969.out""]","[""csv_plateau20""]","[""/panels/additive_transfer_curves/cells/70/runs/0/csv_plateau20""]","[""OCC-77e4f1eb3d74531d""]","[""additive_transfer_curves""]"
MEAS-08dd8b9bde77399f,RUN-4885970,legacy_plateau20,test,accuracy_percent,88.11,80,100,20,parsed raw epoch count; legacy terminal CSV window,100,True,4885970,1,e517af2002bbf2a0123d9d8c44fca4e33fdb1bfdbfb54e053987234f02f9bd7b,"[""archive/Account1/runs/a2g3-1e6-r1-s1-4885970.out""]","[""csv_plateau20""]","[""/panels/additive_transfer_curves/cells/70/runs/1/csv_plateau20""]","[""OCC-77e4f1eb3d74531d""]","[""additive_transfer_curves""]"
MEAS-2cf3d87e9375b823,RUN-4885971,legacy_plateau20,test,accuracy_percent,88.303,80,100,20,parsed raw epoch count; legacy terminal CSV window,100,True,4885971,2,5e7b82197d30e3172e3e4922066d89b1234c3e372192827c6f07c9e8c6b76a12,"[""archive/Account1/runs/a2g3-1e6-r1-s2-4885971.out""]","[""csv_plateau20""]","[""/panels/additive_transfer_curves/cells/70/runs/2/csv_plateau20""]","[""OCC-77e4f1eb3d74531d""]","[""additive_transfer_curves""]"
MEAS-b1c2f4a5cb2db6ef,RUN-4885881,legacy_plateau20,test,accuracy_percent,91.09,80,100,20,parsed raw epoch count; legacy terminal CSV window,100,True,4885881,0,c0a64ba84565928d7c9ebc6d615c5613a5661ab2d1b2edcd3e71771dbde4cc35,"[""archive/Account1/runs/g4m-r0-m1e2-s0-4885881.out""]","[""plateau20""]","[""/panels/original_proposal_and_joint_tuning/g4m/cells/0/runs/0/plateau20""]","[""OCC-676cadaebaf3351b""]","[""original_proposal_and_joint_tuning""]"
MEAS-d114bf97c79df122,RUN-4885908,legacy_plateau20,test,accuracy_percent,90.734,80,100,20,parsed raw epoch count; legacy terminal CSV window,100,True,4885908,1,fbbcad07cf44d743c9e4d8c4807449fa5444a1fce2873bb5e5563a3806e97c80,"[""archive/Account1/runs/g4m-r0-m1e2-s1-4885908.out""]","[""plateau20""]","[""/panels/original_proposal_and_joint_tuning/g4m/cells/0/runs/1/plateau20""]","[""OCC-676cadaebaf3351b""]","[""original_proposal_and_joint_tuning""]"
MEAS-a8a6053a70dc89f3,RUN-4885932,legacy_plateau20,test,accuracy_percent,90.679,80,100,20,parsed raw epoch count; legacy terminal CSV window,100,True,4885932,2,c4f314a944483b4ea41c7a74c6d51d27b35b1ad4ab2c6a671b432bffb7d7f1a0,"[""archive/Account1/runs/g4m-r0-m1e2-s2-4885932.out""]","[""plateau20""]","[""/panels/original_proposal_and_joint_tuning/g4m/cells/0/runs/2/plateau20""]","[""OCC-676cadaebaf3351b""]","[""original_proposal_and_joint_tuning""]"
MEAS-06300f89b347df17,RUN-4885879,legacy_plateau20,test,accuracy_percent,92.421,80,100,20,parsed raw epoch count; legacy terminal CSV window,100,True,4885879,0,78007e83dd3f31bd5f7b1bb85b9cf76d3cbb4eaf550840e98655ce0f883ba25b,"[""archive/Account1/runs/g4m-r0-m1e3-s0-4885879.out""]","[""plateau20""]","[""/panels/original_proposal_and_joint_tuning/g4m/cells/1/runs/0/plateau20"",""/panels/original_proposal_and_joint_tuning/g4m/optimized_r_envelope/0/runs/0/plateau20""]","[""OCC-320b29746795bd36"",""OCC-dd4f48ffb5d45da5""]","[""original_proposal_and_joint_tuning""]"
MEAS-84850745cc28ea78,RUN-4885906,legacy_plateau20,test,accuracy_percent,92.328,80,100,20,parsed raw epoch count; legacy terminal CSV window,100,True,4885906,1,afae33da7b87ce88ba70e25825e99466f6eaa0d46366cadd1f5398f9ee17058b,"[""archive/Account1/runs/g4m-r0-m1e3-s1-4885906.out""]","[""plateau20""]","[""/panels/original_proposal_and_joint_tuning/g4m/cells/1/runs/1/plateau20"",""/panels/original_proposal_and_joint_tuning/g4m/optimized_r_envelope/0/runs/1/plateau20""]","[""OCC-320b29746795bd36"",""OCC-dd4f48ffb5d45da5""]","[""original_proposal_and_joint_tuning""]"
MEAS-c0eb65540d451782,RUN-4885930,legacy_plateau20,test,accuracy_percent,92.347,80,100,20,parsed raw epoch count; legacy terminal CSV window,100,True,4885930,2,bb45a7c72e11162be577782e71430e4cdfb1c7f996b9e5c72dc96dad490140f1,"[""archive/Account1/runs/g4m-r0-m1e3-s2-4885930.out""]","[""plateau20""]","[""/panels/original_proposal_and_joint_tuning/g4m/cells/1/runs/2/plateau20"",""/panels/original_proposal_and_joint_tuning/g4m/optimized_r_envelope/0/runs/2/plateau20""]","[""OCC-320b29746795bd36"",""OCC-dd4f48ffb5d45da5""]","[""original_proposal_and_joint_tuning""]"
MEAS-8feda0ebc2ec539d,RUN-4885877,legacy_plateau20,test,accuracy_percent,33.805,80,100,20,parsed raw epoch count; legacy terminal CSV window,100,True,4885877,0,c6bd80748e3e75660d867628e4af24644db5c28e42aa7f260bdcaef1ba790d60,"[""archive/Account1/runs/g4m-r0-m1e4-s0-4885877.out""]","[""plateau20""]","[""/panels/original_proposal_and_joint_tuning/g4m/cells/2/runs/0/plateau20""]","[""OCC-309c1bd313bde08f""]","[""original_proposal_and_joint_tuning""]"
MEAS-1358a55c35a01d0a,RUN-4885904,legacy_plateau20,test,accuracy_percent,34.462,80,100,20,parsed raw epoch count; legacy terminal CSV window,100,True,4885904,1,34eca65c351634754504bb9266825bf375ce0e50f18d4e2dcf0c4470d589a4f5,"[""archive/Account1/runs/g4m-r0-m1e4-s1-4885904.out""]","[""plateau20""]","[""/panels/original_proposal_and_joint_tuning/g4m/cells/2/runs/1/plateau20""]","[""OCC-309c1bd313bde08f""]","[""original_proposal_and_joint_tuning""]"
MEAS-31156fce50a572ac,RUN-4885928,legacy_plateau20,test,accuracy_percent,34.513,80,100,20,parsed raw epoch count; legacy terminal CSV window,100,True,4885928,2,30399daa1b457dec2301d9390e65423d253f35b4fed7267361c2340e886054ba,"[""archive/Account1/runs/g4m-r0-m1e4-s2-4885928.out""]","[""plateau20""]","[""/panels/original_proposal_and_joint_tuning/g4m/cells/2/runs/2/plateau20""]","[""OCC-309c1bd313bde08f""]","[""original_proposal_and_joint_tuning""]"
MEAS-43153efc3fae343d,RUN-4885882,legacy_plateau20,test,accuracy_percent,90.729,80,100,20,parsed raw epoch count; legacy terminal CSV window,100,True,4885882,0,344fde878ca0823a4871b10114391fcb321910179078f36ac8268daadba495a0,"[""archive/Account1/runs/g4m-r0-m3e2-s0-4885882.out""]","[""plateau20""]","[""/panels/original_proposal_and_joint_tuning/g4m/cells/3/runs/0/plateau20""]","[""OCC-72ca984507296d01""]","[""original_proposal_and_joint_tuning""]"
MEAS-f6310e2c29cc1520,RUN-4885909,legacy_plateau20,test,accuracy_percent,90.233,80,100,20,parsed raw epoch count; legacy terminal CSV window,100,True,4885909,1,08e496879975ced4af2ea7c57eaa2d11dee134290eb98e56db02af7ecfc926a4,"[""archive/Account1/runs/g4m-r0-m3e2-s1-4885909.out""]","[""plateau20""]","[""/panels/original_proposal_and_joint_tuning/g4m/cells/3/runs/1/plateau20""]","[""OCC-72ca984507296d01""]","[""original_proposal_and_joint_tuning""]"
MEAS-7934e2723576583c,RUN-4885933,legacy_plateau20,test,accuracy_percent,89.908,80,100,20,parsed raw epoch count; legacy terminal CSV window,100,True,4885933,2,376b2d7a68f4b675bbf748d5e05bcef5caea84e7c496fe617f1e917944e59242,"[""archive/Account1/runs/g4m-r0-m3e2-s2-4885933.out""]","[""plateau20""]","[""/panels/original_proposal_and_joint_tuning/g4m/cells/3/runs/2/plateau20""]","[""OCC-72ca984507296d01""]","[""original_proposal_and_joint_tuning""]"
MEAS-c573ce9ae1984c5d,RUN-4885880,legacy_plateau20,test,accuracy_percent,91.758,80,100,20,parsed raw epoch count; legacy terminal CSV window,100,True,4885880,0,a59deb03e027628f4113a3d8bc4e66d7b09d235f7741a7128ffbf98f9ac0c4bd,"[""archive/Account1/runs/g4m-r0-m3e3-s0-4885880.out""]","[""plateau20""]","[""/panels/original_proposal_and_joint_tuning/g4m/cells/4/runs/0/plateau20""]","[""OCC-5bdf09bdc934bdc7""]","[""original_proposal_and_joint_tuning""]"
MEAS-e4f066407c303b68,RUN-4885907,legacy_plateau20,test,accuracy_percent,91.514,80,100,20,parsed raw epoch count; legacy terminal CSV window,100,True,4885907,1,4dc7a05330d4ad875315e808b7c0306301d2e55fe39aeab5c3b102f084e6dff2,"[""archive/Account1/runs/g4m-r0-m3e3-s1-4885907.out""]","[""plateau20""]","[""/panels/original_proposal_and_joint_tuning/g4m/cells/4/runs/1/plateau20""]","[""OCC-5bdf09bdc934bdc7""]","[""original_proposal_and_joint_tuning""]"
MEAS-fef817e7f6e1d5e8,RUN-4885931,legacy_plateau20,test,accuracy_percent,91.518,80,100,20,parsed raw epoch count; legacy terminal CSV window,100,True,4885931,2,33d612ed5e1ff6ed4a6256dfc2f2a6d611ed6452fec177be3a4776f50f4f3aab,"[""archive/Account1/runs/g4m-r0-m3e3-s2-4885931.out""]","[""plateau20""]","[""/panels/original_proposal_and_joint_tuning/g4m/cells/4/runs/2/plateau20""]","[""OCC-5bdf09bdc934bdc7""]","[""original_proposal_and_joint_tuning""]"
MEAS-dce10f75f9400727,RUN-4885878,legacy_plateau20,test,accuracy_percent,87.135,80,100,20,parsed raw epoch count; legacy terminal CSV window,100,True,4885878,0,0b701a4f3e760c5fd597944ce9d9f713ed8ed863af0669bf8bfd4b2b0dcb8368,"[""archive/Account1/runs/g4m-r0-m3e4-s0-4885878.out""]","[""plateau20""]","[""/panels/original_proposal_and_joint_tuning/g4m/cells/5/runs/0/plateau20""]","[""OCC-957f5e6ce4c45614""]","[""original_proposal_and_joint_tuning""]"
MEAS-9cc5ba845fa42815,RUN-4885905,legacy_plateau20,test,accuracy_percent,87.163,80,100,20,parsed raw epoch count; legacy terminal CSV window,100,True,4885905,1,24b25296e841dd190ca01c5cb459a0786246e9d1f515ebe9952d2951d869bd1a,"[""archive/Account1/runs/g4m-r0-m3e4-s1-4885905.out""]","[""plateau20""]","[""/panels/original_proposal_and_joint_tuning/g4m/cells/5/runs/1/plateau20""]","[""OCC-957f5e6ce4c45614""]","[""original_proposal_and_joint_tuning""]"
MEAS-2f933c613883a77a,RUN-4885929,legacy_plateau20,test,accuracy_percent,86.577,80,100,20,parsed raw epoch count; legacy terminal CSV window,100,True,4885929,2,3dd3b792d2b6a3d6f6c1940bb3bfcd1280c5f2af1289f60ff5e0f016d1de3bd6,"[""archive/Account1/runs/g4m-r0-m3e4-s2-4885929.out""]","[""plateau20""]","[""/panels/original_proposal_and_joint_tuning/g4m/cells/5/runs/2/plateau20""]","[""OCC-957f5e6ce4c45614""]","[""original_proposal_and_joint_tuning""]"
MEAS-6b35527cdc7df15e,RUN-4885890,legacy_plateau20,test,accuracy_percent,91.058,80,100,20,parsed raw epoch count; legacy terminal CSV window,100,True,4885890,0,ed71d5fe9efdf8c4352bee9c5da6f3b1e11bfefaf7d2b0524bce9ca09c5455b6,"[""archive/Account1/runs/g4m-r006-m1e2-s0-4885890.out""]","[""plateau20""]","[""/panels/original_proposal_and_joint_tuning/g4m/cells/6/runs/0/plateau20""]","[""OCC-f40839f37c3de14b""]","[""original_proposal_and_joint_tuning""]"
MEAS-08b738e4e1ccc2e5,RUN-4885914,legacy_plateau20,test,accuracy_percent,90.824,80,100,20,parsed raw epoch count; legacy terminal CSV window,100,True,4885914,1,96d10c8d5cc2aee7944558e39646b93faffc166bcb0d9c3643e35f7616c5e5ba,"[""archive/Account1/runs/g4m-r006-m1e2-s1-4885914.out""]","[""plateau20""]","[""/panels/original_proposal_and_joint_tuning/g4m/cells/6/runs/1/plateau20""]","[""OCC-f40839f37c3de14b""]","[""original_proposal_and_joint_tuning""]"
MEAS-91ae45ffb2b589c1,RUN-4885938,legacy_plateau20,test,accuracy_percent,90.915,80,100,20,parsed raw epoch count; legacy terminal CSV window,100,True,4885938,2,5bc188c4e1988c16322180d04b033837b3470783d76153081a8b181c390d4144,"[""archive/Account1/runs/g4m-r006-m1e2-s2-4885938.out""]","[""plateau20""]","[""/panels/original_proposal_and_joint_tuning/g4m/cells/6/runs/2/plateau20""]","[""OCC-f40839f37c3de14b""]","[""original_proposal_and_joint_tuning""]"
MEAS-1df668a6c1cfea6d,RUN-4885888,legacy_plateau20,test,accuracy_percent,93.206,80,100,20,parsed raw epoch count; legacy terminal CSV window,100,True,4885888,0,491752775abaa7269fbbddca3cd4d9da95fdfed551770817baafa2282b9be39c,"[""archive/Account1/runs/g4m-r006-m1e3-s0-4885888.out""]","[""plateau20""]","[""/panels/original_proposal_and_joint_tuning/g4m/cells/7/runs/0/plateau20"",""/panels/original_proposal_and_joint_tuning/g4m/optimized_r_envelope/1/runs/0/plateau20""]","[""OCC-1f7f0c5379b8960b"",""OCC-abcb46b891abe63c""]","[""original_proposal_and_joint_tuning""]"
MEAS-7575cd91e17d4cad,RUN-4885912,legacy_plateau20,test,accuracy_percent,93.252,80,100,20,parsed raw epoch count; legacy terminal CSV window,100,True,4885912,1,1e7bd27cf8ad6b0ba725ff8811ebcce3f0aef83c6a9f5f5ffd36b212b8d6b89d,"[""archive/Account1/runs/g4m-r006-m1e3-s1-4885912.out""]","[""plateau20""]","[""/panels/original_proposal_and_joint_tuning/g4m/cells/7/runs/1/plateau20"",""/panels/original_proposal_and_joint_tuning/g4m/optimized_r_envelope/1/runs/1/plateau20""]","[""OCC-1f7f0c5379b8960b"",""OCC-abcb46b891abe63c""]","[""original_proposal_and_joint_tuning""]"
MEAS-b7469cde12563c64,RUN-4885936,legacy_plateau20,test,accuracy_percent,93.249,80,100,20,parsed raw epoch count; legacy terminal CSV window,100,True,4885936,2,d678ad0bde64d66dbeaa484462cf6dfee4dac7b7c5153a4211dfb48992fa51fb,"[""archive/Account1/runs/g4m-r006-m1e3-s2-4885936.out""]","[""plateau20""]","[""/panels/original_proposal_and_joint_tuning/g4m/cells/7/runs/2/plateau20"",""/panels/original_proposal_and_joint_tuning/g4m/optimized_r_envelope/1/runs/2/plateau20""]","[""OCC-1f7f0c5379b8960b"",""OCC-abcb46b891abe63c""]","[""original_proposal_and_joint_tuning""]"
MEAS-7133f2e56c8ff4a6,RUN-4885883,legacy_plateau20,test,accuracy_percent,34.172,80,100,20,parsed raw epoch count; legacy terminal CSV window,100,True,4885883,0,f3903eb4ad7719cb3ddcd28a8c76ddb46830270f1105f8b8ef15be10ae52b70b,"[""archive/Account1/runs/g4m-r006-m1e4-s0-4885883.out""]","[""plateau20""]","[""/panels/original_proposal_and_joint_tuning/g4m/cells/8/runs/0/plateau20""]","[""OCC-abb5b55386b9bc07""]","[""original_proposal_and_joint_tuning""]"
MEAS-1ea70ff3f4f20c62,RUN-4885910,legacy_plateau20,test,accuracy_percent,34.95,80,100,20,parsed raw epoch count; legacy terminal CSV window,100,True,4885910,1,53630f47e3d50e67f31ff819ffc998ddb673d8fb883985a31789f4b823547084,"[""archive/Account1/runs/g4m-r006-m1e4-s1-4885910.out""]","[""plateau20""]","[""/panels/original_proposal_and_joint_tuning/g4m/cells/8/runs/1/plateau20""]","[""OCC-abb5b55386b9bc07""]","[""original_proposal_and_joint_tuning""]"
MEAS-5ee5f2f5c09bc53c,RUN-4885934,legacy_plateau20,test,accuracy_percent,34.938,80,100,20,parsed raw epoch count; legacy terminal CSV window,100,True,4885934,2,af9f6a7e007410d68188d388e231aedddcc229a1ccee4ca06c4712657a3086bd,"[""archive/Account1/runs/g4m-r006-m1e4-s2-4885934.out""]","[""plateau20""]","[""/panels/original_proposal_and_joint_tuning/g4m/cells/8/runs/2/plateau20""]","[""OCC-abb5b55386b9bc07""]","[""original_proposal_and_joint_tuning""]"
MEAS-943d7a4e0b78ea52,RUN-4885891,legacy_plateau20,test,accuracy_percent,91.047,80,100,20,parsed raw epoch count; legacy terminal CSV window,100,True,4885891,0,432d17eee4c26e56b822d86da28a5b355bdb759adc425ea4695cba9b42016a95,"[""archive/Account1/runs/g4m-r006-m3e2-s0-4885891.out""]","[""plateau20""]","[""/panels/original_proposal_and_joint_tuning/g4m/cells/9/runs/0/plateau20""]","[""OCC-71ef28d2183faca4""]","[""original_proposal_and_joint_tuning""]"
MEAS-93289a001a2dbd5f,RUN-4885915,legacy_plateau20,test,accuracy_percent,90.99,80,100,20,parsed raw epoch count; legacy terminal CSV window,100,True,4885915,1,8dd7a6af94cdf799910c360dedfa999f452df606972f40e809c91cfe850f2561,"[""archive/Account1/runs/g4m-r006-m3e2-s1-4885915.out""]","[""plateau20""]","[""/panels/original_proposal_and_joint_tuning/g4m/cells/9/runs/1/plateau20""]","[""OCC-71ef28d2183faca4""]","[""original_proposal_and_joint_tuning""]"
MEAS-5bcc7c495d7635a9,RUN-4885939,legacy_plateau20,test,accuracy_percent,90.758,80,100,20,parsed raw epoch count; legacy terminal CSV window,100,True,4885939,2,f77187dff3d3c1314937bf78efb32e87f0bd8dcc689c3059398874242861f610,"[""archive/Account1/runs/g4m-r006-m3e2-s2-4885939.out""]","[""plateau20""]","[""/panels/original_proposal_and_joint_tuning/g4m/cells/9/runs/2/plateau20""]","[""OCC-71ef28d2183faca4""]","[""original_proposal_and_joint_tuning""]"
MEAS-1a5a733a58bb299b,RUN-4885889,legacy_plateau20,test,accuracy_percent,91.752,80,100,20,parsed raw epoch count; legacy terminal CSV window,100,True,4885889,0,334b6e868ac55a148f10e1dbb14742d5da43082fe5ec59f21a810ee635828791,"[""archive/Account1/runs/g4m-r006-m3e3-s0-4885889.out""]","[""plateau20""]","[""/panels/original_proposal_and_joint_tuning/g4m/cells/10/runs/0/plateau20""]","[""OCC-ea92ff409ed9f650""]","[""original_proposal_and_joint_tuning""]"
MEAS-20c1ae4ec44e4375,RUN-4885913,legacy_plateau20,test,accuracy_percent,91.987,80,100,20,parsed raw epoch count; legacy terminal CSV window,100,True,4885913,1,62484df42b75450926bb62b6f55556857475a3ffa311bae6eb7acc4a01d58186,"[""archive/Account1/runs/g4m-r006-m3e3-s1-4885913.out""]","[""plateau20""]","[""/panels/original_proposal_and_joint_tuning/g4m/cells/10/runs/1/plateau20""]","[""OCC-ea92ff409ed9f650""]","[""original_proposal_and_joint_tuning""]"
MEAS-ba92105f486042d6,RUN-4885937,legacy_plateau20,test,accuracy_percent,91.651,80,100,20,parsed raw epoch count; legacy terminal CSV window,100,True,4885937,2,23373535daaf729b2f355f5a8e777758892a526b72c91ceef2f0d44a577ab2d8,"[""archive/Account1/runs/g4m-r006-m3e3-s2-4885937.out""]","[""plateau20""]","[""/panels/original_proposal_and_joint_tuning/g4m/cells/10/runs/2/plateau20""]","[""OCC-ea92ff409ed9f650""]","[""original_proposal_and_joint_tuning""]"
MEAS-8f6db8ff716a4a1a,RUN-4885884,legacy_plateau20,test,accuracy_percent,87.211,80,100,20,parsed raw epoch count; legacy terminal CSV window,100,True,4885884,0,5df2467704a5f855c0b8dea6cbb0cdbf1de17f29babeca26a98ebeeb5bce9d1b,"[""archive/Account1/runs/g4m-r006-m3e4-s0-4885884.out""]","[""plateau20""]","[""/panels/original_proposal_and_joint_tuning/g4m/cells/11/runs/0/plateau20""]","[""OCC-420d558e90f86b87""]","[""original_proposal_and_joint_tuning""]"
MEAS-9d0384f9fd843945,RUN-4885911,legacy_plateau20,test,accuracy_percent,87.698,80,100,20,parsed raw epoch count; legacy terminal CSV window,100,True,4885911,1,bc9298dc95c45a4a7cb99abcdf02ca5586aff2aec3d43549dd65b4744de9bc3f,"[""archive/Account1/runs/g4m-r006-m3e4-s1-4885911.out""]","[""plateau20""]","[""/panels/original_proposal_and_joint_tuning/g4m/cells/11/runs/1/plateau20""]","[""OCC-420d558e90f86b87""]","[""original_proposal_and_joint_tuning""]"
MEAS-fd2efcf45eb71740,RUN-4885935,legacy_plateau20,test,accuracy_percent,87.703,80,100,20,parsed raw epoch count; legacy terminal CSV window,100,True,4885935,2,7dbdc49280cac637ce4c1fc09d8d3edb915529ff16e323d3637a6f734bb81f26,"[""archive/Account1/runs/g4m-r006-m3e4-s2-4885935.out""]","[""plateau20""]","[""/panels/original_proposal_and_joint_tuning/g4m/cells/11/runs/2/plateau20""]","[""OCC-420d558e90f86b87""]","[""original_proposal_and_joint_tuning""]"
MEAS-e4ec5deba3c46846,RUN-4885896,legacy_plateau20,test,accuracy_percent,90.778,80,100,20,parsed raw epoch count; legacy terminal CSV window,100,True,4885896,0,48938b9a09969c0a91873527599beebf8d219aa9ce843ee6c4fe99b7e1382669,"[""archive/Account1/runs/g4m-r02-m1e2-s0-4885896.out""]","[""plateau20""]","[""/panels/original_proposal_and_joint_tuning/g4m/cells/12/runs/0/plateau20""]","[""OCC-90c6f258fb4d028a""]","[""original_proposal_and_joint_tuning""]"
MEAS-07f2788fcd439f9d,RUN-4885920,legacy_plateau20,test,accuracy_percent,91.11,80,100,20,parsed raw epoch count; legacy terminal CSV window,100,True,4885920,1,c35572b9154fd8c1e13d80092b253c0e8f7a49a308a477989cac9366c61215f7,"[""archive/Account1/runs/g4m-r02-m1e2-s1-4885920.out""]","[""plateau20""]","[""/panels/original_proposal_and_joint_tuning/g4m/cells/12/runs/1/plateau20""]","[""OCC-90c6f258fb4d028a""]","[""original_proposal_and_joint_tuning""]"
MEAS-0d70d4f8ead8fd93,RUN-4885944,legacy_plateau20,test,accuracy_percent,90.492,80,100,20,parsed raw epoch count; legacy terminal CSV window,100,True,4885944,2,e1982db6da66f9669a9fb0c7227ef8ee6e6934f82bcbf252e0ebfd63a2cabcdf,"[""archive/Account1/runs/g4m-r02-m1e2-s2-4885944.out""]","[""plateau20""]","[""/panels/original_proposal_and_joint_tuning/g4m/cells/12/runs/2/plateau20""]","[""OCC-90c6f258fb4d028a""]","[""original_proposal_and_joint_tuning""]"
MEAS-c657403fb6b32fee,RUN-4885894,legacy_plateau20,test,accuracy_percent,91.249,80,100,20,parsed raw epoch count; legacy terminal CSV window,100,True,4885894,0,4128d30a20913341d5056e3811ba42e1b331421ffd3b7856cdf8fa1f5417d78d,"[""archive/Account1/runs/g4m-r02-m1e3-s0-4885894.out""]","[""plateau20""]","[""/panels/original_proposal_and_joint_tuning/g4m/cells/13/runs/0/plateau20""]","[""OCC-41688e3be92ece91""]","[""original_proposal_and_joint_tuning""]"
MEAS-c8119397bbb10306,RUN-4885918,legacy_plateau20,test,accuracy_percent,91.499,80,100,20,parsed raw epoch count; legacy terminal CSV window,100,True,4885918,1,eb9de12f677b7747bbc5d751c4eb43f58eb8b3900ebba370e07c9ee63fc4f8dd,"[""archive/Account1/runs/g4m-r02-m1e3-s1-4885918.out""]","[""plateau20""]","[""/panels/original_proposal_and_joint_tuning/g4m/cells/13/runs/1/plateau20""]","[""OCC-41688e3be92ece91""]","[""original_proposal_and_joint_tuning""]"
MEAS-c436d1f11f74bb6d,RUN-4885942,legacy_plateau20,test,accuracy_percent,91.35,80,100,20,parsed raw epoch count; legacy terminal CSV window,100,True,4885942,2,57925dc3e01cf87ff0b29674fe1383adfff4ce29b21de22c27ea429b8231ee7e,"[""archive/Account1/runs/g4m-r02-m1e3-s2-4885942.out""]","[""plateau20""]","[""/panels/original_proposal_and_joint_tuning/g4m/cells/13/runs/2/plateau20""]","[""OCC-41688e3be92ece91""]","[""original_proposal_and_joint_tuning""]"
MEAS-01400a1be1664535,RUN-4885892,legacy_plateau20,test,accuracy_percent,35.054,80,100,20,parsed raw epoch count; legacy terminal CSV window,100,True,4885892,0,8671803600b69d22673342367856c5bf457a2eea9e1b7fb2c48f4b1714707a42,"[""archive/Account1/runs/g4m-r02-m1e4-s0-4885892.out""]","[""plateau20""]","[""/panels/original_proposal_and_joint_tuning/g4m/cells/14/runs/0/plateau20""]","[""OCC-70332f481d3ecf2f""]","[""original_proposal_and_joint_tuning""]"
MEAS-b941049b580ea102,RUN-4885916,legacy_plateau20,test,accuracy_percent,36.02,80,100,20,parsed raw epoch count; legacy terminal CSV window,100,True,4885916,1,f2739cf33e9e69550c0cbcc06c43f6712d8483697a66e0f81016a656c6a2aa44,"[""archive/Account1/runs/g4m-r02-m1e4-s1-4885916.out""]","[""plateau20""]","[""/panels/original_proposal_and_joint_tuning/g4m/cells/14/runs/1/plateau20""]","[""OCC-70332f481d3ecf2f""]","[""original_proposal_and_joint_tuning""]"
MEAS-95b0d92220439e6d,RUN-4885940,legacy_plateau20,test,accuracy_percent,35.992,80,100,20,parsed raw epoch count; legacy terminal CSV window,100,True,4885940,2,3721047ba0563653d8a342b3c0ca8d7a934e660a4340b57d483799899098ed67,"[""archive/Account1/runs/g4m-r02-m1e4-s2-4885940.out""]","[""plateau20""]","[""/panels/original_proposal_and_joint_tuning/g4m/cells/14/runs/2/plateau20""]","[""OCC-70332f481d3ecf2f""]","[""original_proposal_and_joint_tuning""]"
MEAS-7a2d6e38c8ecaaf2,RUN-4885897,legacy_plateau20,test,accuracy_percent,90.858,80,100,20,parsed raw epoch count; legacy terminal CSV window,100,True,4885897,0,9bef26695295ec7ae55cfcea38acf340ec8abf907538046c8fb85917f72d493a,"[""archive/Account1/runs/g4m-r02-m3e2-s0-4885897.out""]","[""plateau20""]","[""/panels/original_proposal_and_joint_tuning/g4m/cells/15/runs/0/plateau20""]","[""OCC-242336ce964e64e9""]","[""original_proposal_and_joint_tuning""]"
MEAS-b383ddb8927c5030,RUN-4885921,legacy_plateau20,test,accuracy_percent,90.626,80,100,20,parsed raw epoch count; legacy terminal CSV window,100,True,4885921,1,f3325c8a05545b48a96aef9983391daeca5eb474be223013249ca37635622d5d,"[""archive/Account1/runs/g4m-r02-m3e2-s1-4885921.out""]","[""plateau20""]","[""/panels/original_proposal_and_joint_tuning/g4m/cells/15/runs/1/plateau20""]","[""OCC-242336ce964e64e9""]","[""original_proposal_and_joint_tuning""]"
MEAS-cac735a2d4d68679,RUN-4885945,legacy_plateau20,test,accuracy_percent,90.43,80,100,20,parsed raw epoch count; legacy terminal CSV window,100,True,4885945,2,1f2fbf3d5a41ba5910bd67fc58181434deee641d3cfae31535cbcd9929bf2591,"[""archive/Account1/runs/g4m-r02-m3e2-s2-4885945.out""]","[""plateau20""]","[""/panels/original_proposal_and_joint_tuning/g4m/cells/15/runs/2/plateau20""]","[""OCC-242336ce964e64e9""]","[""original_proposal_and_joint_tuning""]"
MEAS-efbd9dd2dfaccca4,RUN-4885895,legacy_plateau20,test,accuracy_percent,90.917,80,100,20,parsed raw epoch count; legacy terminal CSV window,100,True,4885895,0,a8006c548a94f16eeaeb328c6a5b9f89500d594aa4b0ab2e50b0e1368fa4f896,"[""archive/Account1/runs/g4m-r02-m3e3-s0-4885895.out""]","[""plateau20""]","[""/panels/original_proposal_and_joint_tuning/g4m/cells/16/runs/0/plateau20""]","[""OCC-272de2d211479cbd""]","[""original_proposal_and_joint_tuning""]"
MEAS-89b52c21a0ead8fb,RUN-4885919,legacy_plateau20,test,accuracy_percent,91.191,80,100,20,parsed raw epoch count; legacy terminal CSV window,100,True,4885919,1,bb7b39aecde149aae5078874fb40130dc0e115e067980d0158e17725c00984b7,"[""archive/Account1/runs/g4m-r02-m3e3-s1-4885919.out""]","[""plateau20""]","[""/panels/original_proposal_and_joint_tuning/g4m/cells/16/runs/1/plateau20""]","[""OCC-272de2d211479cbd""]","[""original_proposal_and_joint_tuning""]"
MEAS-9cbf2ee72fbe3f77,RUN-4885943,legacy_plateau20,test,accuracy_percent,90.782,80,100,20,parsed raw epoch count; legacy terminal CSV window,100,True,4885943,2,d3d0927b5976dbc8cd4f86cf404146e04ca719d9f1ed48ff583f5e4a027873d3,"[""archive/Account1/runs/g4m-r02-m3e3-s2-4885943.out""]","[""plateau20""]","[""/panels/original_proposal_and_joint_tuning/g4m/cells/16/runs/2/plateau20""]","[""OCC-272de2d211479cbd""]","[""original_proposal_and_joint_tuning""]"
MEAS-1d8a128df8296282,RUN-4885893,legacy_plateau20,test,accuracy_percent,89.71,80,100,20,parsed raw epoch count; legacy terminal CSV window,100,True,4885893,0,ed3aecafe7b718674147230fec21b9633245c673592959e12e6a036b7ba4c9e3,"[""archive/Account1/runs/g4m-r02-m3e4-s0-4885893.out""]","[""plateau20""]","[""/panels/original_proposal_and_joint_tuning/g4m/cells/17/runs/0/plateau20"",""/panels/original_proposal_and_joint_tuning/g4m/optimized_r_envelope/2/runs/0/plateau20""]","[""OCC-3f7b50bfc077c525"",""OCC-ead729412a29b41e""]","[""original_proposal_and_joint_tuning""]"
MEAS-6e733f64775a7b76,RUN-4885917,legacy_plateau20,test,accuracy_percent,89.983,80,100,20,parsed raw epoch count; legacy terminal CSV window,100,True,4885917,1,bc226a7645a48315ece800e0951154b041451c1a8b80af7a7dc42a432984df4c,"[""archive/Account1/runs/g4m-r02-m3e4-s1-4885917.out""]","[""plateau20""]","[""/panels/original_proposal_and_joint_tuning/g4m/cells/17/runs/1/plateau20"",""/panels/original_proposal_and_joint_tuning/g4m/optimized_r_envelope/2/runs/1/plateau20""]","[""OCC-3f7b50bfc077c525"",""OCC-ead729412a29b41e""]","[""original_proposal_and_joint_tuning""]"
MEAS-6693c20a1ffe8e0c,RUN-4885941,legacy_plateau20,test,accuracy_percent,89.834,80,100,20,parsed raw epoch count; legacy terminal CSV window,100,True,4885941,2,e3279c689cb3ebb4a9a5db166e9ba12fcc1adbf1fa74c519b00498280282c2db,"[""archive/Account1/runs/g4m-r02-m3e4-s2-4885941.out""]","[""plateau20""]","[""/panels/original_proposal_and_joint_tuning/g4m/cells/17/runs/2/plateau20"",""/panels/original_proposal_and_joint_tuning/g4m/optimized_r_envelope/2/runs/2/plateau20""]","[""OCC-3f7b50bfc077c525"",""OCC-ead729412a29b41e""]","[""original_proposal_and_joint_tuning""]"
MEAS-aa9331da70df4b76,RUN-4885902,legacy_plateau20,test,accuracy_percent,90.667,80,100,20,parsed raw epoch count; legacy terminal CSV window,100,True,4885902,0,a50a14092b435cf060a0c7cb8faf4d393bf46cda8cceba76f0b497f00f34e104,"[""archive/Account1/runs/g4m-r1-m1e2-s0-4885902.out""]","[""plateau20""]","[""/panels/original_proposal_and_joint_tuning/g4m/cells/18/runs/0/plateau20""]","[""OCC-8b8862ff24ed8107""]","[""original_proposal_and_joint_tuning""]"
MEAS-c1caa5fab0b1a30a,RUN-4885926,legacy_plateau20,test,accuracy_percent,90.1,80,100,20,parsed raw epoch count; legacy terminal CSV window,100,True,4885926,1,fa2d4c60f383319f88dffdfc6fd5be3ecc0499bf4622467e934b426c7a195ac1,"[""archive/Account1/runs/g4m-r1-m1e2-s1-4885926.out""]","[""plateau20""]","[""/panels/original_proposal_and_joint_tuning/g4m/cells/18/runs/1/plateau20""]","[""OCC-8b8862ff24ed8107""]","[""original_proposal_and_joint_tuning""]"
MEAS-5f05dc7f7aaf3e2d,RUN-4885950,legacy_plateau20,test,accuracy_percent,90.489,80,100,20,parsed raw epoch count; legacy terminal CSV window,100,True,4885950,2,b6c9514dcb956718b5053112c5c2898e4f1b6aeb62db49e277c91ce454d53b86,"[""archive/Account1/runs/g4m-r1-m1e2-s2-4885950.out""]","[""plateau20""]","[""/panels/original_proposal_and_joint_tuning/g4m/cells/18/runs/2/plateau20""]","[""OCC-8b8862ff24ed8107""]","[""original_proposal_and_joint_tuning""]"
MEAS-32af11824311728b,RUN-4885900,legacy_plateau20,test,accuracy_percent,90.801,80,100,20,parsed raw epoch count; legacy terminal CSV window,100,True,4885900,0,f3655e866315993c4843b13bf01d15b765902d28b8119b33ed3472f0fc2d5bb4,"[""archive/Account1/runs/g4m-r1-m1e3-s0-4885900.out""]","[""plateau20""]","[""/panels/original_proposal_and_joint_tuning/g4m/cells/19/runs/0/plateau20""]","[""OCC-71d08b54a0d30600""]","[""original_proposal_and_joint_tuning""]"
MEAS-a67952b90e1ca7dd,RUN-4885924,legacy_plateau20,test,accuracy_percent,90.79,80,100,20,parsed raw epoch count; legacy terminal CSV window,100,True,4885924,1,d8231f92dea1dca33b033a025e74302b2d72834a9ff2d18f3339e222c6b357d8,"[""archive/Account1/runs/g4m-r1-m1e3-s1-4885924.out""]","[""plateau20""]","[""/panels/original_proposal_and_joint_tuning/g4m/cells/19/runs/1/plateau20""]","[""OCC-71d08b54a0d30600""]","[""original_proposal_and_joint_tuning""]"
MEAS-2e49a7777364c780,RUN-4885948,legacy_plateau20,test,accuracy_percent,90.811,80,100,20,parsed raw epoch count; legacy terminal CSV window,100,True,4885948,2,a13b517ab6f0f7874ab8d4bb863919175768730d854140874caed6d565d5d5e1,"[""archive/Account1/runs/g4m-r1-m1e3-s2-4885948.out""]","[""plateau20""]","[""/panels/original_proposal_and_joint_tuning/g4m/cells/19/runs/2/plateau20""]","[""OCC-71d08b54a0d30600""]","[""original_proposal_and_joint_tuning""]"
MEAS-9e045e26ba408854,RUN-4885898,legacy_plateau20,test,accuracy_percent,40.428,80,100,20,parsed raw epoch count; legacy terminal CSV window,100,True,4885898,0,dc2c51e88a7903e40e03331b85a8d4c2788d5ca78c6a3f4b7941943a4e7767e2,"[""archive/Account1/runs/g4m-r1-m1e4-s0-4885898.out""]","[""plateau20""]","[""/panels/original_proposal_and_joint_tuning/g4m/cells/20/runs/0/plateau20""]","[""OCC-feaa6bb07378d08c""]","[""original_proposal_and_joint_tuning""]"
MEAS-0cbb9d64eb34136e,RUN-4885922,legacy_plateau20,test,accuracy_percent,42.627,80,100,20,parsed raw epoch count; legacy terminal CSV window,100,True,4885922,1,dc802465f749b4d90a55e86688b52bdae22ace9a99cae4f95a702298cab0a27f,"[""archive/Account1/runs/g4m-r1-m1e4-s1-4885922.out""]","[""plateau20""]","[""/panels/original_proposal_and_joint_tuning/g4m/cells/20/runs/1/plateau20""]","[""OCC-feaa6bb07378d08c""]","[""original_proposal_and_joint_tuning""]"
MEAS-725deba7d1afeea6,RUN-4885946,legacy_plateau20,test,accuracy_percent,42.254,80,100,20,parsed raw epoch count; legacy terminal CSV window,100,True,4885946,2,161f5d9d3c2678cce17e12f57b6c2bb1de8010a106eb8c59f8c688b1f9c7cede,"[""archive/Account1/runs/g4m-r1-m1e4-s2-4885946.out""]","[""plateau20""]","[""/panels/original_proposal_and_joint_tuning/g4m/cells/20/runs/2/plateau20""]","[""OCC-feaa6bb07378d08c""]","[""original_proposal_and_joint_tuning""]"
MEAS-0be7938611fd9a6c,RUN-4885903,legacy_plateau20,test,accuracy_percent,89.369,80,100,20,parsed raw epoch count; legacy terminal CSV window,100,True,4885903,0,e5f7c32d8d42471715be2c699fe14a5062eb59a6ab1ae1d98ace659b05c9b71f,"[""archive/Account1/runs/g4m-r1-m3e2-s0-4885903.out""]","[""plateau20""]","[""/panels/original_proposal_and_joint_tuning/g4m/cells/21/runs/0/plateau20""]","[""OCC-373d5b593e917e5e""]","[""original_proposal_and_joint_tuning""]"
MEAS-df974199bb19363c,RUN-4885927,legacy_plateau20,test,accuracy_percent,88.9,80,100,20,parsed raw epoch count; legacy terminal CSV window,100,True,4885927,1,44b6d089d78ce07d1351609a26fdc032327de196d625be3043606e8662ff0f87,"[""archive/Account1/runs/g4m-r1-m3e2-s1-4885927.out""]","[""plateau20""]","[""/panels/original_proposal_and_joint_tuning/g4m/cells/21/runs/1/plateau20""]","[""OCC-373d5b593e917e5e""]","[""original_proposal_and_joint_tuning""]"
MEAS-4b0ff90f155fb655,RUN-4885951,legacy_plateau20,test,accuracy_percent,88.212,80,100,20,parsed raw epoch count; legacy terminal CSV window,100,True,4885951,2,69a0857de1df9b71f1161a794da8e24f90c033035a95d6773ec0a8f3b2be815c,"[""archive/Account1/runs/g4m-r1-m3e2-s2-4885951.out""]","[""plateau20""]","[""/panels/original_proposal_and_joint_tuning/g4m/cells/21/runs/2/plateau20""]","[""OCC-373d5b593e917e5e""]","[""original_proposal_and_joint_tuning""]"
MEAS-ff4b2b765f0b870a,RUN-4885901,legacy_plateau20,test,accuracy_percent,90.819,80,100,20,parsed raw epoch count; legacy terminal CSV window,100,True,4885901,0,e1e06af207cef86be47e99404370df08b1eccd571f42f761446c6aa7b6b93466,"[""archive/Account1/runs/g4m-r1-m3e3-s0-4885901.out""]","[""plateau20""]","[""/panels/original_proposal_and_joint_tuning/g4m/cells/22/runs/0/plateau20"",""/panels/original_proposal_and_joint_tuning/g4m/optimized_r_envelope/3/runs/0/plateau20""]","[""OCC-2a3385a9586e6960"",""OCC-cfaaa0ffb18ff574""]","[""original_proposal_and_joint_tuning""]"
MEAS-502d90b54e780c85,RUN-4885925,legacy_plateau20,test,accuracy_percent,90.795,80,100,20,parsed raw epoch count; legacy terminal CSV window,100,True,4885925,1,93c42d49824b41fbb530c27907e94833d1cf626f6c511774930d556ddb6f7b9c,"[""archive/Account1/runs/g4m-r1-m3e3-s1-4885925.out""]","[""plateau20""]","[""/panels/original_proposal_and_joint_tuning/g4m/cells/22/runs/1/plateau20"",""/panels/original_proposal_and_joint_tuning/g4m/optimized_r_envelope/3/runs/1/plateau20""]","[""OCC-2a3385a9586e6960"",""OCC-cfaaa0ffb18ff574""]","[""original_proposal_and_joint_tuning""]"
MEAS-c8100535ce1eab49,RUN-4885949,legacy_plateau20,test,accuracy_percent,90.859,80,100,20,parsed raw epoch count; legacy terminal CSV window,100,True,4885949,2,35d6b3f09b03fd37b56e355e03b5aa455a6fc37b0b13de638e99dbcf8f348e03,"[""archive/Account1/runs/g4m-r1-m3e3-s2-4885949.out""]","[""plateau20""]","[""/panels/original_proposal_and_joint_tuning/g4m/cells/22/runs/2/plateau20"",""/panels/original_proposal_and_joint_tuning/g4m/optimized_r_envelope/3/runs/2/plateau20""]","[""OCC-2a3385a9586e6960"",""OCC-cfaaa0ffb18ff574""]","[""original_proposal_and_joint_tuning""]"
MEAS-999cb0a72e16eca2,RUN-4885899,legacy_plateau20,test,accuracy_percent,90.013,80,100,20,parsed raw epoch count; legacy terminal CSV window,100,True,4885899,0,b55142d2078534a97fd0440150349caecfb9e91c1ce3201b229bf4f855558b87,"[""archive/Account1/runs/g4m-r1-m3e4-s0-4885899.out""]","[""plateau20""]","[""/panels/original_proposal_and_joint_tuning/g4m/cells/23/runs/0/plateau20""]","[""OCC-25d2fa2ba8c22cbb""]","[""original_proposal_and_joint_tuning""]"
MEAS-efe7ff55640c2a18,RUN-4885923,legacy_plateau20,test,accuracy_percent,90.03,80,100,20,parsed raw epoch count; legacy terminal CSV window,100,True,4885923,1,caf8855077c8813c9a7548dc7cd11fe00e4147777da938f661a4e1c93ae9eeb3,"[""archive/Account1/runs/g4m-r1-m3e4-s1-4885923.out""]","[""plateau20""]","[""/panels/original_proposal_and_joint_tuning/g4m/cells/23/runs/1/plateau20""]","[""OCC-25d2fa2ba8c22cbb""]","[""original_proposal_and_joint_tuning""]"
MEAS-fb12cc0e3437e159,RUN-4885947,legacy_plateau20,test,accuracy_percent,90.099,80,100,20,parsed raw epoch count; legacy terminal CSV window,100,True,4885947,2,66ea827ba35978cce964a14a81ca10ed9181d57e045b9fab838283e6a30199f3,"[""archive/Account1/runs/g4m-r1-m3e4-s2-4885947.out""]","[""plateau20""]","[""/panels/original_proposal_and_joint_tuning/g4m/cells/23/runs/2/plateau20""]","[""OCC-25d2fa2ba8c22cbb""]","[""original_proposal_and_joint_tuning""]"
MEAS-cbffdd611b114e58,RUN-4886439,legacy_plateau20,test,accuracy_percent,87.923,80,100,20,parsed raw epoch count; legacy terminal CSV window,100,True,4886439,0,00a8cd9f80148ab3df784064f2e460e911d822190af5ffb2161e1117b80c7714,"[""archive/Account2/runs/tl1-a3-r0-s0-4886439.out""]","[""plateau20""]","[""/panels/original_proposal_and_joint_tuning/twolevel/cells/1/runs/0/plateau20""]","[""OCC-df03ffa54ba6846e""]","[""original_proposal_and_joint_tuning""]"
MEAS-bbd77a047aefa97d,RUN-4886446,legacy_plateau20,test,accuracy_percent,87.85,80,100,20,parsed raw epoch count; legacy terminal CSV window,100,True,4886446,1,9e0b56ea1dae75b87a8570971271943f516756cbda0d0d90d70eebd279539237,"[""archive/Account2/runs/tl1-a3-r0-s1-4886446.out""]","[""plateau20""]","[""/panels/original_proposal_and_joint_tuning/twolevel/cells/1/runs/1/plateau20""]","[""OCC-df03ffa54ba6846e""]","[""original_proposal_and_joint_tuning""]"
MEAS-3a4ee1faf31d8165,RUN-4886453,legacy_plateau20,test,accuracy_percent,87.829,80,100,20,parsed raw epoch count; legacy terminal CSV window,100,True,4886453,2,076c2bc55eec369f356348b7a8fe5935133bc03ce2dee7cb8d711ba49dcbfd2a,"[""archive/Account2/runs/tl1-a3-r0-s2-4886453.out""]","[""plateau20""]","[""/panels/original_proposal_and_joint_tuning/twolevel/cells/1/runs/2/plateau20""]","[""OCC-df03ffa54ba6846e""]","[""original_proposal_and_joint_tuning""]"
MEAS-02c394db9e255f6a,RUN-4886440,legacy_plateau20,test,accuracy_percent,89.675,80,100,20,parsed raw epoch count; legacy terminal CSV window,100,True,4886440,0,73e69ff57b575e6484d92175e811fb0ca7299846382c56a968d13101cfb3c613,"[""archive/Account2/runs/tl1-a3-r003-s0-4886440.out""]","[""plateau20""]","[""/panels/original_proposal_and_joint_tuning/twolevel/cells/2/runs/0/plateau20""]","[""OCC-bbc92bf69d4a7527""]","[""original_proposal_and_joint_tuning""]"
MEAS-d7bb1f6159c31671,RUN-4886447,legacy_plateau20,test,accuracy_percent,89.484,80,100,20,parsed raw epoch count; legacy terminal CSV window,100,True,4886447,1,bc04f09e27c72c81b30d90bfac7bcfcc06975686a8f74d816cee29560f15a05b,"[""archive/Account2/runs/tl1-a3-r003-s1-4886447.out""]","[""plateau20""]","[""/panels/original_proposal_and_joint_tuning/twolevel/cells/2/runs/1/plateau20""]","[""OCC-bbc92bf69d4a7527""]","[""original_proposal_and_joint_tuning""]"
MEAS-0fd9480633e6623e,RUN-4886454,legacy_plateau20,test,accuracy_percent,89.478,80,100,20,parsed raw epoch count; legacy terminal CSV window,100,True,4886454,2,fc3c6c4fe4216380e5beb585b19ecaf1df2f41dc0d2c595300722dd14ff54b2a,"[""archive/Account2/runs/tl1-a3-r003-s2-4886454.out""]","[""plateau20""]","[""/panels/original_proposal_and_joint_tuning/twolevel/cells/2/runs/2/plateau20""]","[""OCC-bbc92bf69d4a7527""]","[""original_proposal_and_joint_tuning""]"
MEAS-c9052a7d56efc9ea,RUN-4886441,legacy_plateau20,test,accuracy_percent,90.311,80,100,20,parsed raw epoch count; legacy terminal CSV window,100,True,4886441,0,8119c688bc7169fef561425e37de12eb9c7826a024f176f8c1fcfe7dc722851c,"[""archive/Account2/runs/tl1-a3-r01-s0-4886441.out""]","[""plateau20""]","[""/panels/original_proposal_and_joint_tuning/twolevel/cells/3/runs/0/plateau20""]","[""OCC-53beeb7d83b8ea1b""]","[""original_proposal_and_joint_tuning""]"
MEAS-0fa3148b99104524,RUN-4886448,legacy_plateau20,test,accuracy_percent,90.244,80,100,20,parsed raw epoch count; legacy terminal CSV window,100,True,4886448,1,d3b58e9016254fa1636e8645da75a7bcf0267b5ed8a4d1198554ceb7304b9ccd,"[""archive/Account2/runs/tl1-a3-r01-s1-4886448.out""]","[""plateau20""]","[""/panels/original_proposal_and_joint_tuning/twolevel/cells/3/runs/1/plateau20""]","[""OCC-53beeb7d83b8ea1b""]","[""original_proposal_and_joint_tuning""]"
MEAS-f6768e53e3fc8f8f,RUN-4886455,legacy_plateau20,test,accuracy_percent,90.018,80,100,20,parsed raw epoch count; legacy terminal CSV window,100,True,4886455,2,3dd857109683cb98ad32adc82dbfd158c90dae72ea8d0d3616672a3f02750efc,"[""archive/Account2/runs/tl1-a3-r01-s2-4886455.out""]","[""plateau20""]","[""/panels/original_proposal_and_joint_tuning/twolevel/cells/3/runs/2/plateau20""]","[""OCC-53beeb7d83b8ea1b""]","[""original_proposal_and_joint_tuning""]"
MEAS-9fb3c1f11e2794f1,RUN-4886442,legacy_plateau20,test,accuracy_percent,89.576,80,100,20,parsed raw epoch count; legacy terminal CSV window,100,True,4886442,0,44deb6ff48760be4ccfb421e7a83a3abfc7f6c3eac31ce7c03ea5b3af463d899,"[""archive/Account2/runs/tl1-a3-r03-s0-4886442.out""]","[""plateau20""]","[""/panels/original_proposal_and_joint_tuning/twolevel/cells/4/runs/0/plateau20""]","[""OCC-e2cf6f08d8881aa8""]","[""original_proposal_and_joint_tuning""]"
MEAS-0eaaa8593c83e6df,RUN-4886449,legacy_plateau20,test,accuracy_percent,89.396,80,100,20,parsed raw epoch count; legacy terminal CSV window,100,True,4886449,1,7bb54838c548ad609fbd6477ec4dffde1665879982ebf781c48d202fa286455f,"[""archive/Account2/runs/tl1-a3-r03-s1-4886449.out""]","[""plateau20""]","[""/panels/original_proposal_and_joint_tuning/twolevel/cells/4/runs/1/plateau20""]","[""OCC-e2cf6f08d8881aa8""]","[""original_proposal_and_joint_tuning""]"
MEAS-2b4bbfc2b152ea86,RUN-4886456,legacy_plateau20,test,accuracy_percent,89.686,80,100,20,parsed raw epoch count; legacy terminal CSV window,100,True,4886456,2,c3032af4008126753405c5fb0f4ccba6ac548d7f5ccd44126297bec184061178,"[""archive/Account2/runs/tl1-a3-r03-s2-4886456.out""]","[""plateau20""]","[""/panels/original_proposal_and_joint_tuning/twolevel/cells/4/runs/2/plateau20""]","[""OCC-e2cf6f08d8881aa8""]","[""original_proposal_and_joint_tuning""]"
MEAS-155fd3f2fd4eab92,RUN-4886443,legacy_plateau20,test,accuracy_percent,90.641,80,100,20,parsed raw epoch count; legacy terminal CSV window,100,True,4886443,0,09e1e60d36a585ba989ee5b091b725148dca1cbe41bf7a49d8d77ea0b7173510,"[""archive/Account2/runs/tl1-a3-r1-s0-4886443.out""]","[""plateau20""]","[""/panels/original_proposal_and_joint_tuning/twolevel/cells/5/runs/0/plateau20""]","[""OCC-4c140e1037c9f26c""]","[""original_proposal_and_joint_tuning""]"
MEAS-db3a732d812c2ecd,RUN-4886450,legacy_plateau20,test,accuracy_percent,90.572,80,100,20,parsed raw epoch count; legacy terminal CSV window,100,True,4886450,1,886ef2863ac0bad5c0e69e03f8e01746cca3ded0808eab688d8c4aca56ac46ae,"[""archive/Account2/runs/tl1-a3-r1-s1-4886450.out""]","[""plateau20""]","[""/panels/original_proposal_and_joint_tuning/twolevel/cells/5/runs/1/plateau20""]","[""OCC-4c140e1037c9f26c""]","[""original_proposal_and_joint_tuning""]"
MEAS-4600ea46e02c2d6b,RUN-4886457,legacy_plateau20,test,accuracy_percent,90.477,80,100,20,parsed raw epoch count; legacy terminal CSV window,100,True,4886457,2,8bef53758d5f71681a0cd4057c86d98199e320eff89972431ac33b39d7417278,"[""archive/Account2/runs/tl1-a3-r1-s2-4886457.out""]","[""plateau20""]","[""/panels/original_proposal_and_joint_tuning/twolevel/cells/5/runs/2/plateau20""]","[""OCC-4c140e1037c9f26c""]","[""original_proposal_and_joint_tuning""]"
MEAS-9ae7f4591f41321a,RUN-4886423,legacy_plateau20,test,accuracy_percent,90.903,80,100,20,parsed raw epoch count; legacy terminal CSV window,100,True,4886423,0,5be5cf13bdffd0b708a0ed880c1b90b4e0fa2b7d3c5803ea6a28301ecbab6493,"[""archive/Account2/runs/tl1-a6-plain-s0-4886423.out""]","[""plateau20""]","[""/panels/original_proposal_and_joint_tuning/twolevel/cells/7/runs/0/plateau20""]","[""OCC-0b8117dda9bdf4aa""]","[""original_proposal_and_joint_tuning""]"
MEAS-8e9034e4c0cca8b2,RUN-4886430,legacy_plateau20,test,accuracy_percent,90.84,80,100,20,parsed raw epoch count; legacy terminal CSV window,100,True,4886430,1,024c769535365c36217237b598fb60e3a90916bfd8dc5c2e7c79cc47d121b598,"[""archive/Account2/runs/tl1-a6-plain-s1-4886430.out""]","[""plateau20""]","[""/panels/original_proposal_and_joint_tuning/twolevel/cells/7/runs/1/plateau20""]","[""OCC-0b8117dda9bdf4aa""]","[""original_proposal_and_joint_tuning""]"
MEAS-726a387d329cb7c0,RUN-4886437,legacy_plateau20,test,accuracy_percent,90.698,80,100,20,parsed raw epoch count; legacy terminal CSV window,100,True,4886437,2,057ddc5cf8a28a3f024ab3d10232d2b9a93d3cf7c0ab9e973f89bfbc93a86c9b,"[""archive/Account2/runs/tl1-a6-plain-s2-4886437.out""]","[""plateau20""]","[""/panels/original_proposal_and_joint_tuning/twolevel/cells/7/runs/2/plateau20""]","[""OCC-0b8117dda9bdf4aa""]","[""original_proposal_and_joint_tuning""]"
MEAS-c09a77b4819ca221,RUN-4886418,legacy_plateau20,test,accuracy_percent,87.702,80,100,20,parsed raw epoch count; legacy terminal CSV window,100,True,4886418,0,428b448ef40cff44bd69b90dcda09ad8a072a9b0a61ef5ec3a2890d18cdf77e1,"[""archive/Account2/runs/tl1-a6-r0-s0-4886418.out""]","[""plateau20""]","[""/panels/original_proposal_and_joint_tuning/twolevel/cells/8/runs/0/plateau20""]","[""OCC-bc840257e50cf850""]","[""original_proposal_and_joint_tuning""]"
MEAS-229ee209b0b3a5b6,RUN-4886425,legacy_plateau20,test,accuracy_percent,87.805,80,100,20,parsed raw epoch count; legacy terminal CSV window,100,True,4886425,1,0abd430c789492989d7457f49fa70d397c6a075fea6f66abc94033d05de0c183,"[""archive/Account2/runs/tl1-a6-r0-s1-4886425.out""]","[""plateau20""]","[""/panels/original_proposal_and_joint_tuning/twolevel/cells/8/runs/1/plateau20""]","[""OCC-bc840257e50cf850""]","[""original_proposal_and_joint_tuning""]"
MEAS-f4c35730238cae64,RUN-4886432,legacy_plateau20,test,accuracy_percent,87.843,80,100,20,parsed raw epoch count; legacy terminal CSV window,100,True,4886432,2,a73505f06fc04321648fd8957daa77c6d9c619479f0d29ce60f8e20c14b0d615,"[""archive/Account2/runs/tl1-a6-r0-s2-4886432.out""]","[""plateau20""]","[""/panels/original_proposal_and_joint_tuning/twolevel/cells/8/runs/2/plateau20""]","[""OCC-bc840257e50cf850""]","[""original_proposal_and_joint_tuning""]"
MEAS-0054a99f7d540f7e,RUN-4886419,legacy_plateau20,test,accuracy_percent,90.297,80,100,20,parsed raw epoch count; legacy terminal CSV window,100,True,4886419,0,a891caf8778ececa1c717e159509793a59f0e045fff233fa35bf99f55cf8bb61,"[""archive/Account2/runs/tl1-a6-r003-s0-4886419.out""]","[""plateau20""]","[""/panels/original_proposal_and_joint_tuning/twolevel/cells/9/runs/0/plateau20""]","[""OCC-78523132f3967478""]","[""original_proposal_and_joint_tuning""]"
MEAS-c7187fceb329cc94,RUN-4886426,legacy_plateau20,test,accuracy_percent,89.934,80,100,20,parsed raw epoch count; legacy terminal CSV window,100,True,4886426,1,d7c0ccdc3e98f4fa3a843c20af60901f74c6b63003a22f3fe4d8cfbff5236c17,"[""archive/Account2/runs/tl1-a6-r003-s1-4886426.out""]","[""plateau20""]","[""/panels/original_proposal_and_joint_tuning/twolevel/cells/9/runs/1/plateau20""]","[""OCC-78523132f3967478""]","[""original_proposal_and_joint_tuning""]"
MEAS-c1cd94c8fd9ea644,RUN-4886433,legacy_plateau20,test,accuracy_percent,90.003,80,100,20,parsed raw epoch count; legacy terminal CSV window,100,True,4886433,2,f564e8c310bc805401eb6efa51169d4eb01e10d2e6d932d6f21cc67027999753,"[""archive/Account2/runs/tl1-a6-r003-s2-4886433.out""]","[""plateau20""]","[""/panels/original_proposal_and_joint_tuning/twolevel/cells/9/runs/2/plateau20""]","[""OCC-78523132f3967478""]","[""original_proposal_and_joint_tuning""]"
MEAS-f3e42f48a42bdd0a,RUN-4886420,legacy_plateau20,test,accuracy_percent,90.605,80,100,20,parsed raw epoch count; legacy terminal CSV window,100,True,4886420,0,11177513d50c16ddae818674bcd6b61945c125d674f7ebbed75fbed3a3d7d463,"[""archive/Account2/runs/tl1-a6-r01-s0-4886420.out""]","[""plateau20""]","[""/panels/original_proposal_and_joint_tuning/twolevel/cells/10/runs/0/plateau20""]","[""OCC-16cedd935f1bcfab""]","[""original_proposal_and_joint_tuning""]"
MEAS-5815baf2850c4c91,RUN-4886427,legacy_plateau20,test,accuracy_percent,90.535,80,100,20,parsed raw epoch count; legacy terminal CSV window,100,True,4886427,1,ae488bad9dcef86fa7cae5e56c399ddddd3ed117eac69cddeebe5bb73fe8a0cb,"[""archive/Account2/runs/tl1-a6-r01-s1-4886427.out""]","[""plateau20""]","[""/panels/original_proposal_and_joint_tuning/twolevel/cells/10/runs/1/plateau20""]","[""OCC-16cedd935f1bcfab""]","[""original_proposal_and_joint_tuning""]"
MEAS-17ab4cce98819e1e,RUN-4886434,legacy_plateau20,test,accuracy_percent,90.64,80,100,20,parsed raw epoch count; legacy terminal CSV window,100,True,4886434,2,4599e650e95d14810e884243a573b251254dfb932843ee272f9b670b8e56c99e,"[""archive/Account2/runs/tl1-a6-r01-s2-4886434.out""]","[""plateau20""]","[""/panels/original_proposal_and_joint_tuning/twolevel/cells/10/runs/2/plateau20""]","[""OCC-16cedd935f1bcfab""]","[""original_proposal_and_joint_tuning""]"
MEAS-631dc420e65eb384,RUN-4886421,legacy_plateau20,test,accuracy_percent,90.628,80,100,20,parsed raw epoch count; legacy terminal CSV window,100,True,4886421,0,0601f7cf243dfa87d4086cedbd3c09c573f4652d45ba0586e4757f1c75061bf0,"[""archive/Account2/runs/tl1-a6-r03-s0-4886421.out""]","[""plateau20""]","[""/panels/original_proposal_and_joint_tuning/twolevel/cells/11/runs/0/plateau20""]","[""OCC-38ae8fd7d204ab96""]","[""original_proposal_and_joint_tuning""]"
MEAS-7bdd41d83b541108,RUN-4886428,legacy_plateau20,test,accuracy_percent,90.422,80,100,20,parsed raw epoch count; legacy terminal CSV window,100,True,4886428,1,3f6c42756cc7ec29688b81039dd3455f3524b07300934ff5ac5c4d07d1cbc031,"[""archive/Account2/runs/tl1-a6-r03-s1-4886428.out""]","[""plateau20""]","[""/panels/original_proposal_and_joint_tuning/twolevel/cells/11/runs/1/plateau20""]","[""OCC-38ae8fd7d204ab96""]","[""original_proposal_and_joint_tuning""]"
MEAS-829db7332405c815,RUN-4886435,legacy_plateau20,test,accuracy_percent,90.402,80,100,20,parsed raw epoch count; legacy terminal CSV window,100,True,4886435,2,c288f282b277adf71f6c7abb726575f9ac5a2aba142ccc289069ec4beae0ceaf,"[""archive/Account2/runs/tl1-a6-r03-s2-4886435.out""]","[""plateau20""]","[""/panels/original_proposal_and_joint_tuning/twolevel/cells/11/runs/2/plateau20""]","[""OCC-38ae8fd7d204ab96""]","[""original_proposal_and_joint_tuning""]"
MEAS-baa6fd0e77750f13,RUN-4886422,legacy_plateau20,test,accuracy_percent,90.597,80,100,20,parsed raw epoch count; legacy terminal CSV window,100,True,4886422,0,004cf8398aadde3105f662a7a61dfb1e94ebf4c067fcf8447a3eec6931e240a3,"[""archive/Account2/runs/tl1-a6-r1-s0-4886422.out""]","[""plateau20""]","[""/panels/original_proposal_and_joint_tuning/twolevel/cells/12/runs/0/plateau20""]","[""OCC-43a7839c4511ea56""]","[""original_proposal_and_joint_tuning""]"
MEAS-42f9ada82e6a9928,RUN-4886429,legacy_plateau20,test,accuracy_percent,90.583,80,100,20,parsed raw epoch count; legacy terminal CSV window,100,True,4886429,1,2f7fab137dbb52a80a0456e51f0ca79ca68fe9c60c79075f6378c41825f4d84a,"[""archive/Account2/runs/tl1-a6-r1-s1-4886429.out""]","[""plateau20""]","[""/panels/original_proposal_and_joint_tuning/twolevel/cells/12/runs/1/plateau20""]","[""OCC-43a7839c4511ea56""]","[""original_proposal_and_joint_tuning""]"
MEAS-7c4b74b7374392da,RUN-4886436,legacy_plateau20,test,accuracy_percent,90.482,80,100,20,parsed raw epoch count; legacy terminal CSV window,100,True,4886436,2,272ab0f15244528a02d264c47bb072be27b533306e81b5b97fd7da580cd18446,"[""archive/Account2/runs/tl1-a6-r1-s2-4886436.out""]","[""plateau20""]","[""/panels/original_proposal_and_joint_tuning/twolevel/cells/12/runs/2/plateau20""]","[""OCC-43a7839c4511ea56""]","[""original_proposal_and_joint_tuning""]"
MEAS-fe5ac79e117dbec3,RUN-4886424,legacy_plateau20,test,accuracy_percent,87.681,80,100,20,parsed raw epoch count; legacy terminal CSV window,100,True,4886424,0,a3253b909431c1b76e4be53f61bab7920774411f6e679071a95c7715cff06977,"[""archive/Account2/runs/tl1-a6-scal-s0-4886424.out""]","[""plateau20""]","[""/panels/original_proposal_and_joint_tuning/twolevel/cells/13/runs/0/plateau20""]","[""OCC-1cb4ffa7741373c2""]","[""original_proposal_and_joint_tuning""]"
MEAS-94c93a3075cc806e,RUN-4886431,legacy_plateau20,test,accuracy_percent,88.092,80,100,20,parsed raw epoch count; legacy terminal CSV window,100,True,4886431,1,e36355bcd8326ec15a4726e8fe1580b88d85ae142ac1da6295abc59ad9e3925a,"[""archive/Account2/runs/tl1-a6-scal-s1-4886431.out""]","[""plateau20""]","[""/panels/original_proposal_and_joint_tuning/twolevel/cells/13/runs/1/plateau20""]","[""OCC-1cb4ffa7741373c2""]","[""original_proposal_and_joint_tuning""]"
MEAS-f76677e1528f7515,RUN-4886438,legacy_plateau20,test,accuracy_percent,87.881,80,100,20,parsed raw epoch count; legacy terminal CSV window,100,True,4886438,2,6e51ecd5372d936ec75468c7f18d68a52401fbd4f23702d9ee135aaea83f7448,"[""archive/Account2/runs/tl1-a6-scal-s2-4886438.out""]","[""plateau20""]","[""/panels/original_proposal_and_joint_tuning/twolevel/cells/13/runs/2/plateau20""]","[""OCC-1cb4ffa7741373c2""]","[""original_proposal_and_joint_tuning""]"
MEAS-8563cb31dbdc1843,RUN-4886463,legacy_plateau20,test,accuracy_percent,93.32,80,100,20,parsed raw epoch count; legacy terminal CSV window,100,True,4886463,0,44399ded79a51d1124cba1ba64fbe00918bc17083bf7f55ed22a41d3be3796d2,"[""archive/Account2/runs/eb1-a06-s0-4886463.out""]","[""plateau20""]","[""/panels/original_proposal_and_joint_tuning/empirical_bayes/cells/0/runs/0/plateau20""]","[""OCC-0fb35962dca591fd""]","[""original_proposal_and_joint_tuning""]"
MEAS-516f62562c7737c1,RUN-4886469,legacy_plateau20,test,accuracy_percent,93.397,80,100,20,parsed raw epoch count; legacy terminal CSV window,100,True,4886469,1,31e11d6f5c1eb14448c1f157a9c8f8aa5d7353f530c05fbec76de6e7f4711240,"[""archive/Account2/runs/eb1-a06-s1-4886469.out""]","[""plateau20""]","[""/panels/original_proposal_and_joint_tuning/empirical_bayes/cells/0/runs/1/plateau20""]","[""OCC-0fb35962dca591fd""]","[""original_proposal_and_joint_tuning""]"
MEAS-87d1a1cfcdf2409b,RUN-4886475,legacy_plateau20,test,accuracy_percent,93.093,80,100,20,parsed raw epoch count; legacy terminal CSV window,100,True,4886475,2,f41c5702f958231e2ab77f2c6c45af78cc2b6d559eb9684bd1295392837ae85f,"[""archive/Account2/runs/eb1-a06-s2-4886475.out""]","[""plateau20""]","[""/panels/original_proposal_and_joint_tuning/empirical_bayes/cells/0/runs/2/plateau20""]","[""OCC-0fb35962dca591fd""]","[""original_proposal_and_joint_tuning""]"
MEAS-05404fee8002a00b,RUN-4886462,legacy_plateau20,test,accuracy_percent,90.959,80,100,20,parsed raw epoch count; legacy terminal CSV window,100,True,4886462,0,4e0469ca64c2cd3fa3e6e1c814bf617024af18d022088cf2978982e4dc6ec1f8,"[""archive/Account2/runs/eb1-a1-s0-4886462.out""]","[""plateau20""]","[""/panels/original_proposal_and_joint_tuning/empirical_bayes/cells/1/runs/0/plateau20""]","[""OCC-9fded4976b4a6398""]","[""original_proposal_and_joint_tuning""]"
MEAS-f923ad31e0e64079,RUN-4886468,legacy_plateau20,test,accuracy_percent,90.9,80,100,20,parsed raw epoch count; legacy terminal CSV window,100,True,4886468,1,1cfdd70577aa5b1ef51918866d31a8698ecdb8ab25c58a745300b7572284e956,"[""archive/Account2/runs/eb1-a1-s1-4886468.out""]","[""plateau20""]","[""/panels/original_proposal_and_joint_tuning/empirical_bayes/cells/1/runs/1/plateau20""]","[""OCC-9fded4976b4a6398""]","[""original_proposal_and_joint_tuning""]"
MEAS-e0c1205b045746f3,RUN-4886474,legacy_plateau20,test,accuracy_percent,90.742,80,100,20,parsed raw epoch count; legacy terminal CSV window,100,True,4886474,2,57947730707dcc13fbfe0a0259d5cd544ac94bc2e8fe40f36d870d8029aa4efe,"[""archive/Account2/runs/eb1-a1-s2-4886474.out""]","[""plateau20""]","[""/panels/original_proposal_and_joint_tuning/empirical_bayes/cells/1/runs/2/plateau20""]","[""OCC-9fded4976b4a6398""]","[""original_proposal_and_joint_tuning""]"
MEAS-d8a00e3ca3173915,RUN-4886465,legacy_plateau20,test,accuracy_percent,90.907,80,100,20,parsed raw epoch count; legacy terminal CSV window,100,True,4886465,0,b4f8be64122662ecbbb2d88932c068b97422d53748043c9cc962b60fb63f4411,"[""archive/Account2/runs/eb1-ebjr-s0-4886465.out""]","[""plateau20""]","[""/panels/original_proposal_and_joint_tuning/empirical_bayes/cells/2/runs/0/plateau20""]","[""OCC-590cb2d72ab48389""]","[""original_proposal_and_joint_tuning""]"
MEAS-e305bbe0c281328a,RUN-4886471,legacy_plateau20,test,accuracy_percent,91.17,80,100,20,parsed raw epoch count; legacy terminal CSV window,100,True,4886471,1,cc1a3c39188a30fca89c8f92d7a5d716f0797867cc785fe9e2cd89b0bbbfb71f,"[""archive/Account2/runs/eb1-ebjr-s1-4886471.out""]","[""plateau20""]","[""/panels/original_proposal_and_joint_tuning/empirical_bayes/cells/2/runs/1/plateau20""]","[""OCC-590cb2d72ab48389""]","[""original_proposal_and_joint_tuning""]"
MEAS-6c7fb1458fc8e863,RUN-4886477,legacy_plateau20,test,accuracy_percent,90.695,80,100,20,parsed raw epoch count; legacy terminal CSV window,100,True,4886477,2,d066a53244158b834d7b087107dea124407476862a98eb77faa142ba4475beb7,"[""archive/Account2/runs/eb1-ebjr-s2-4886477.out""]","[""plateau20""]","[""/panels/original_proposal_and_joint_tuning/empirical_bayes/cells/2/runs/2/plateau20""]","[""OCC-590cb2d72ab48389""]","[""original_proposal_and_joint_tuning""]"
MEAS-07dddc6d1e62f8d8,RUN-4886464,legacy_plateau20,test,accuracy_percent,90.976,80,100,20,parsed raw epoch count; legacy terminal CSV window,100,True,4886464,0,b67cf66a2f7022ad574abbec91141bda53edad2963ab378ff6a9fb3bbb8625fe,"[""archive/Account2/runs/eb1-ebjs-s0-4886464.out""]","[""plateau20""]","[""/panels/original_proposal_and_joint_tuning/empirical_bayes/cells/3/runs/0/plateau20""]","[""OCC-4e886635bcdb801a""]","[""original_proposal_and_joint_tuning""]"
MEAS-99a5b855b88c7f70,RUN-4886470,legacy_plateau20,test,accuracy_percent,91.041,80,100,20,parsed raw epoch count; legacy terminal CSV window,100,True,4886470,1,a3655cc00224bfb369f8aab85cd4e7a0c8abab114169576c77efcf9cc8937d26,"[""archive/Account2/runs/eb1-ebjs-s1-4886470.out""]","[""plateau20""]","[""/panels/original_proposal_and_joint_tuning/empirical_bayes/cells/3/runs/1/plateau20""]","[""OCC-4e886635bcdb801a""]","[""original_proposal_and_joint_tuning""]"
MEAS-5e9368c5943814fe,RUN-4886476,legacy_plateau20,test,accuracy_percent,90.755,80,100,20,parsed raw epoch count; legacy terminal CSV window,100,True,4886476,2,c4b199c8e4d3cc9587d2431876efb59d0f5b1c7191e60c0ad18e9105582bddfb,"[""archive/Account2/runs/eb1-ebjs-s2-4886476.out""]","[""plateau20""]","[""/panels/original_proposal_and_joint_tuning/empirical_bayes/cells/3/runs/2/plateau20""]","[""OCC-4e886635bcdb801a""]","[""original_proposal_and_joint_tuning""]"
MEAS-d359e08376cc1e24,RUN-4886466,legacy_plateau20,test,accuracy_percent,90.764,80,100,20,parsed raw epoch count; legacy terminal CSV window,100,True,4886466,0,c937a03160b79a3f24713634483f19af63576bde75c39c8c7648af0374297d2c,"[""archive/Account2/runs/eb1-ebjz-s0-4886466.out""]","[""plateau20""]","[""/panels/original_proposal_and_joint_tuning/empirical_bayes/cells/4/runs/0/plateau20""]","[""OCC-5e1a75449623784c""]","[""original_proposal_and_joint_tuning""]"
MEAS-e0a7292a5d52a9e1,RUN-4886472,legacy_plateau20,test,accuracy_percent,90.685,80,100,20,parsed raw epoch count; legacy terminal CSV window,100,True,4886472,1,8eb749f7b16fe0b1c9737bdd284d68ee4c6021ca0a07cf95223e83053063e414,"[""archive/Account2/runs/eb1-ebjz-s1-4886472.out""]","[""plateau20""]","[""/panels/original_proposal_and_joint_tuning/empirical_bayes/cells/4/runs/1/plateau20""]","[""OCC-5e1a75449623784c""]","[""original_proposal_and_joint_tuning""]"
MEAS-47d662065184a647,RUN-4886478,legacy_plateau20,test,accuracy_percent,90.907,80,100,20,parsed raw epoch count; legacy terminal CSV window,100,True,4886478,2,24a64b638b51cf0db8c8be69fddc60b50e4ef575f86d077f3e75dfe0724f191b,"[""archive/Account2/runs/eb1-ebjz-s2-4886478.out""]","[""plateau20""]","[""/panels/original_proposal_and_joint_tuning/empirical_bayes/cells/4/runs/2/plateau20""]","[""OCC-5e1a75449623784c""]","[""original_proposal_and_joint_tuning""]"
MEAS-f9624b513e01e020,RUN-4886461,legacy_plateau20,test,accuracy_percent,90.914,80,100,20,parsed raw epoch count; legacy terminal CSV window,100,True,4886461,0,a92858540d2cf8996373e5538f512055323867dbf2df1bbbf03104f0186c01a9,"[""archive/Account2/runs/eb1-lay-s0-4886461.out""]","[""plateau20""]","[""/panels/original_proposal_and_joint_tuning/empirical_bayes/cells/5/runs/0/plateau20""]","[""OCC-94965adb1215c826""]","[""original_proposal_and_joint_tuning""]"
MEAS-14e80853acfbde51,RUN-4886467,legacy_plateau20,test,accuracy_percent,90.746,80,100,20,parsed raw epoch count; legacy terminal CSV window,100,True,4886467,1,4e2da43aa43cde2513d61c89641c2ef83007d150df0ed11baa7e0b65c07e96b0,"[""archive/Account2/runs/eb1-lay-s1-4886467.out""]","[""plateau20""]","[""/panels/original_proposal_and_joint_tuning/empirical_bayes/cells/5/runs/1/plateau20""]","[""OCC-94965adb1215c826""]","[""original_proposal_and_joint_tuning""]"
MEAS-63ff0c1ae24d7d9e,RUN-4886473,legacy_plateau20,test,accuracy_percent,90.742,80,100,20,parsed raw epoch count; legacy terminal CSV window,100,True,4886473,2,8b0426930d8833ed8e7b2d11864d1813cd468766743fab53ffc614ce3f27f049,"[""archive/Account2/runs/eb1-lay-s2-4886473.out""]","[""plateau20""]","[""/panels/original_proposal_and_joint_tuning/empirical_bayes/cells/5/runs/2/plateau20""]","[""OCC-94965adb1215c826""]","[""original_proposal_and_joint_tuning""]"
MEAS-3cad277acb1e8111,RUN-4945786,legacy_plateau20,test,accuracy_percent,85.448,80,100,20,parsed raw epoch count; legacy terminal CSV window,100,True,4945786,50,0777024285bf99133b681918d1940e4d21311b63f1f4bc9d046b6a4bffdfb508,"[""archive/Account2/runs/cau1-lr0005-s50-4945786.out""]","[""plateau20""]","[""/panels/cau1/cells/0/runs/0/plateau20""]","[""OCC-ba3fd520eed0994a""]","[""cau1""]"
MEAS-3587a77d866d8df7,RUN-4945795,legacy_plateau20,test,accuracy_percent,85.12,80,100,20,parsed raw epoch count; legacy terminal CSV window,100,True,4945795,51,30e5bc4135ddf9937699f761b7a2a14204495c5b56e6e88f339b0f739b159854,"[""archive/Account2/runs/cau1-lr0005-s51-4945795.out""]","[""plateau20""]","[""/panels/cau1/cells/0/runs/1/plateau20""]","[""OCC-ba3fd520eed0994a""]","[""cau1""]"
MEAS-e93132a5a43177cf,RUN-4945840,legacy_plateau20,test,accuracy_percent,85.49,80,100,20,parsed raw epoch count; legacy terminal CSV window,100,True,4945840,52,b0db23ec1d9c231475decdcada623a4e0c8831576911be81d2a4e7693566e040,"[""archive/Account2/runs/cau1-lr0005-s52-4945840.out""]","[""plateau20""]","[""/panels/cau1/cells/0/runs/2/plateau20""]","[""OCC-ba3fd520eed0994a""]","[""cau1""]"
MEAS-f883c2fef5e3c508,RUN-4945787,legacy_plateau20,test,accuracy_percent,87.454,80,100,20,parsed raw epoch count; legacy terminal CSV window,100,True,4945787,50,0dbf0d29d823c7a24711d1b943f5c05839896c5fcc0ab0e0dbee227f726c2d66,"[""archive/Account2/runs/cau1-lr001-s50-4945787.out""]","[""plateau20""]","[""/panels/cau1/cells/1/runs/0/plateau20""]","[""OCC-eb5b697056d0a459""]","[""cau1""]"
MEAS-0c9b1b051fd8690b,RUN-4945832,legacy_plateau20,test,accuracy_percent,86.749,80,100,20,parsed raw epoch count; legacy terminal CSV window,100,True,4945832,51,dd58fbe2e56778b57890974c6f2b748388b46647dd809943e2418ff35ae0b8de,"[""archive/Account2/runs/cau1-lr001-s51-4945832.out""]","[""plateau20""]","[""/panels/cau1/cells/1/runs/1/plateau20""]","[""OCC-eb5b697056d0a459""]","[""cau1""]"
MEAS-ff1162cd11525340,RUN-4945841,legacy_plateau20,test,accuracy_percent,86.941,80,100,20,parsed raw epoch count; legacy terminal CSV window,100,True,4945841,52,18512e35f633ad36d70536542a1ec250d93d2c4ba9fe8d6b2ed51f52d7cf6a38,"[""archive/Account2/runs/cau1-lr001-s52-4945841.out""]","[""plateau20""]","[""/panels/cau1/cells/1/runs/2/plateau20""]","[""OCC-eb5b697056d0a459""]","[""cau1""]"
MEAS-b8e974a2c4aecbb9,RUN-4945788,legacy_plateau20,test,accuracy_percent,88.837,80,100,20,parsed raw epoch count; legacy terminal CSV window,100,True,4945788,50,393eb861770bfbc721dc209432ae7a7c34147b9147090090e8333fd871990eca,"[""archive/Account2/runs/cau1-lr002-s50-4945788.out""]","[""plateau20""]","[""/panels/cau1/cells/2/runs/0/plateau20""]","[""OCC-a6627fe09f690b1b""]","[""cau1""]"
MEAS-855884dc256e41a4,RUN-4945833,legacy_plateau20,test,accuracy_percent,88.29,80,100,20,parsed raw epoch count; legacy terminal CSV window,100,True,4945833,51,0171ffaae2e5d0f760088734e13323cb970914f830ab32ca30d06548056d185f,"[""archive/Account2/runs/cau1-lr002-s51-4945833.out""]","[""plateau20""]","[""/panels/cau1/cells/2/runs/1/plateau20""]","[""OCC-a6627fe09f690b1b""]","[""cau1""]"
MEAS-78cf7bad5c188391,RUN-4945842,legacy_plateau20,test,accuracy_percent,88.141,80,100,20,parsed raw epoch count; legacy terminal CSV window,100,True,4945842,52,b9133576775bcc17d5aaac5501232a878dc103c2d2dafcc440d17f2b10ca8bf2,"[""archive/Account2/runs/cau1-lr002-s52-4945842.out""]","[""plateau20""]","[""/panels/cau1/cells/2/runs/2/plateau20""]","[""OCC-a6627fe09f690b1b""]","[""cau1""]"
MEAS-cccedc0549c3e39c,RUN-4945789,legacy_plateau20,test,accuracy_percent,89.059,80,100,20,parsed raw epoch count; legacy terminal CSV window,100,True,4945789,50,b24505cb63082874159005efab36614f1105620a92893c9f5bbcc6f7b5625a05,"[""archive/Account2/runs/cau1-lr005-s50-4945789.out""]","[""plateau20""]","[""/panels/cau1/cells/3/runs/0/plateau20""]","[""OCC-aa9fbf4af47ec585""]","[""cau1""]"
MEAS-55cfd81d319e6dd9,RUN-4945834,legacy_plateau20,test,accuracy_percent,88.787,80,100,20,parsed raw epoch count; legacy terminal CSV window,100,True,4945834,51,1dd7d9bde84604d5abc2dc1353c5278d6a0730b801834d18f0900c6063ef55f5,"[""archive/Account2/runs/cau1-lr005-s51-4945834.out""]","[""plateau20""]","[""/panels/cau1/cells/3/runs/1/plateau20""]","[""OCC-aa9fbf4af47ec585""]","[""cau1""]"
MEAS-a64c73b9742c9900,RUN-4945843,legacy_plateau20,test,accuracy_percent,88.594,80,100,20,parsed raw epoch count; legacy terminal CSV window,100,True,4945843,52,8d982d6850675ed40033ae92d5bc56e7baab99e9c3d2a581a4c911f94fa87d32,"[""archive/Account2/runs/cau1-lr005-s52-4945843.out""]","[""plateau20""]","[""/panels/cau1/cells/3/runs/2/plateau20""]","[""OCC-aa9fbf4af47ec585""]","[""cau1""]"
MEAS-3b7ea734c1c69d3f,RUN-4945790,legacy_plateau20,test,accuracy_percent,89.232,80,100,20,parsed raw epoch count; legacy terminal CSV window,100,True,4945790,50,c87184b60d758df3ec40546e1e8645703f15868c2df0a2b735822a9ed06f5d2b,"[""archive/Account2/runs/cau1-lr01-s50-4945790.out""]","[""plateau20""]","[""/panels/cau1/cells/4/runs/0/plateau20""]","[""OCC-48e75235d317408d""]","[""cau1""]"
MEAS-e51cd7d4486bae63,RUN-4945835,legacy_plateau20,test,accuracy_percent,89.664,80,100,20,parsed raw epoch count; legacy terminal CSV window,100,True,4945835,51,e729509cb555efe75215fd5301a6450a8e238f4947668b80566e7a770d0391a1,"[""archive/Account2/runs/cau1-lr01-s51-4945835.out""]","[""plateau20""]","[""/panels/cau1/cells/4/runs/1/plateau20""]","[""OCC-48e75235d317408d""]","[""cau1""]"
MEAS-3c3bde719016817d,RUN-4945844,legacy_plateau20,test,accuracy_percent,89.52,80,100,20,parsed raw epoch count; legacy terminal CSV window,100,True,4945844,52,8ea1fc0e717cfb8f3dae11b44c3ec2c50e4575049103086a2e7467bb4e8777d7,"[""archive/Account2/runs/cau1-lr01-s52-4945844.out""]","[""plateau20""]","[""/panels/cau1/cells/4/runs/2/plateau20""]","[""OCC-48e75235d317408d""]","[""cau1""]"
MEAS-8bd5e3f86b2a2ec4,RUN-4945791,legacy_plateau20,test,accuracy_percent,89.565,80,100,20,parsed raw epoch count; legacy terminal CSV window,100,True,4945791,50,fa04caf36ed39834bbdba612933f0f68807e18cfcd52631493638de3cc8de5eb,"[""archive/Account2/runs/cau1-lr02-s50-4945791.out""]","[""plateau20""]","[""/panels/cau1/cells/5/runs/0/plateau20""]","[""OCC-73975464649af904""]","[""cau1""]"
MEAS-ed3accd1a3321f4a,RUN-4945836,legacy_plateau20,test,accuracy_percent,89.282,80,100,20,parsed raw epoch count; legacy terminal CSV window,100,True,4945836,51,14ea783848e9cc7bcd53b34223decf116fbd2f26944d51232febfc495d43bf8c,"[""archive/Account2/runs/cau1-lr02-s51-4945836.out""]","[""plateau20""]","[""/panels/cau1/cells/5/runs/1/plateau20""]","[""OCC-73975464649af904""]","[""cau1""]"
MEAS-914b2c9f6d2c7ed8,RUN-4945845,legacy_plateau20,test,accuracy_percent,89.771,80,100,20,parsed raw epoch count; legacy terminal CSV window,100,True,4945845,52,5f1b07c946e1128d8bbad98df19a6ccbb87fe6582ee62f3a9c64d8cd1c929210,"[""archive/Account2/runs/cau1-lr02-s52-4945845.out""]","[""plateau20""]","[""/panels/cau1/cells/5/runs/2/plateau20""]","[""OCC-73975464649af904""]","[""cau1""]"
MEAS-8044d2e853a26942,RUN-4945792,legacy_plateau20,test,accuracy_percent,88.068,80,100,20,parsed raw epoch count; legacy terminal CSV window,100,True,4945792,50,340a0e971baa247875d93298f6462b08ee39dbd5136da9f7cb9e60379ead1858,"[""archive/Account2/runs/cau1-lr04-s50-4945792.out""]","[""plateau20""]","[""/panels/cau1/cells/6/runs/0/plateau20""]","[""OCC-0297fdfa373a66af""]","[""cau1""]"
MEAS-fc6aa1114480a430,RUN-4945837,legacy_plateau20,test,accuracy_percent,87.561,80,100,20,parsed raw epoch count; legacy terminal CSV window,100,True,4945837,51,fdaf9f219d7b189630b9a0b1bfe048415e3c0f9eb4f3a4193ce0aa6e79cf59e2,"[""archive/Account2/runs/cau1-lr04-s51-4945837.out""]","[""plateau20""]","[""/panels/cau1/cells/6/runs/1/plateau20""]","[""OCC-0297fdfa373a66af""]","[""cau1""]"
MEAS-36d2a5fb7b0258f3,RUN-4945846,legacy_plateau20,test,accuracy_percent,88.106,80,100,20,parsed raw epoch count; legacy terminal CSV window,100,True,4945846,52,153c7d3fe6b0319bd267d853e9ff6bef07e9f7abc8c793b5e7d69df29fe3c1a1,"[""archive/Account2/runs/cau1-lr04-s52-4945846.out""]","[""plateau20""]","[""/panels/cau1/cells/6/runs/2/plateau20""]","[""OCC-0297fdfa373a66af""]","[""cau1""]"
MEAS-60623e640c775b67,RUN-4945793,legacy_plateau20,test,accuracy_percent,74.21,80,100,20,parsed raw epoch count; legacy terminal CSV window,100,True,4945793,50,f28b8a1889df1350c0cc3a9700f124920cc36da6d510019a75074f24b07be9d3,"[""archive/Account2/runs/cau1-m6-s50-4945793.out""]","[""plateau20""]","[""/panels/cau1/cells/7/runs/0/plateau20""]","[""OCC-fe486353a7b2cd80""]","[""cau1""]"
MEAS-d943977b17fd5330,RUN-4945838,legacy_plateau20,test,accuracy_percent,75.268,80,100,20,parsed raw epoch count; legacy terminal CSV window,100,True,4945838,51,e91f56e7385143a3e07fec9b97a4cbcc193069772d94a0419a7ca23e967a40e5,"[""archive/Account2/runs/cau1-m6-s51-4945838.out""]","[""plateau20""]","[""/panels/cau1/cells/7/runs/1/plateau20""]","[""OCC-fe486353a7b2cd80""]","[""cau1""]"
MEAS-9c083be1a089ed3a,RUN-4945847,legacy_plateau20,test,accuracy_percent,74.075,80,100,20,parsed raw epoch count; legacy terminal CSV window,100,True,4945847,52,f846b79c4246ccb25e867a9b5e821b0d28b4d24d864dbf2ebc56663a67bd7c04,"[""archive/Account2/runs/cau1-m6-s52-4945847.out""]","[""plateau20""]","[""/panels/cau1/cells/7/runs/2/plateau20""]","[""OCC-fe486353a7b2cd80""]","[""cau1""]"
MEAS-0b34e267f687550c,RUN-4945794,legacy_plateau20,test,accuracy_percent,86.024,80,100,20,parsed raw epoch count; legacy terminal CSV window,100,True,4945794,50,27d0f622f7d3cfc29dd5dcf20e31b9ed12519c07f37611d7c3686d436b74c0d8,"[""archive/Account2/runs/cau1-m6t-s50-4945794.out""]","[""plateau20""]","[""/panels/cau1/cells/8/runs/0/plateau20""]","[""OCC-fba233c6bd986a37""]","[""cau1""]"
MEAS-35d5726dc0874f65,RUN-4945839,legacy_plateau20,test,accuracy_percent,85.471,80,100,20,parsed raw epoch count; legacy terminal CSV window,100,True,4945839,51,4368989c43892364cb3259015a9fc7c74c17696e5fdc705e97a955c392634407,"[""archive/Account2/runs/cau1-m6t-s51-4945839.out""]","[""plateau20""]","[""/panels/cau1/cells/8/runs/1/plateau20""]","[""OCC-fba233c6bd986a37""]","[""cau1""]"
MEAS-48e3e46bfe26ee9b,RUN-4945848,legacy_plateau20,test,accuracy_percent,86.315,80,100,20,parsed raw epoch count; legacy terminal CSV window,100,True,4945848,52,2a6026d4d53e254789dfd26d558aa08025b2e4b1a45f61208019560c5f5b47cc,"[""archive/Account2/runs/cau1-m6t-s52-4945848.out""]","[""plateau20""]","[""/panels/cau1/cells/8/runs/2/plateau20""]","[""OCC-fba233c6bd986a37""]","[""cau1""]"
MEAS-b82a4a2d7455841d,RUN-4920429,legacy_plateau20,test,accuracy_percent,78.948,180,200,20,parsed raw epoch count; legacy terminal CSV window,200,True,4920429,0,e7e3a1f3a0a4980e194777324580438cbc6b1029946230b1d17d10681546de1c,"[""archive/Account2/runs/cdn1-h2-s0-4920429.out""]","[""plateau20""]","[""/panels/cdn1/cells/0/runs/0/plateau20""]","[""OCC-9534a454e2fcb924""]","[""cdn1""]"
MEAS-90fb1710b4ee84e1,RUN-4920430,legacy_plateau20,test,accuracy_percent,78.779,180,200,20,parsed raw epoch count; legacy terminal CSV window,200,True,4920430,1,1822497b84039d7f3a879c28a47c03ac8c8e68809ee3573610590b13adc7f5ef,"[""archive/Account2/runs/cdn1-h2-s1-4920430.out""]","[""plateau20""]","[""/panels/cdn1/cells/0/runs/1/plateau20""]","[""OCC-9534a454e2fcb924""]","[""cdn1""]"
MEAS-140ed369803a5b1b,RUN-4920431,legacy_plateau20,test,accuracy_percent,78.652,180,200,20,parsed raw epoch count; legacy terminal CSV window,200,True,4920431,2,e45353994940b98a2bb5028551d0848347de896cf84d669f2bc04395d4112077,"[""archive/Account2/runs/cdn1-h2-s2-4920431.out""]","[""plateau20""]","[""/panels/cdn1/cells/0/runs/2/plateau20""]","[""OCC-9534a454e2fcb924""]","[""cdn1""]"
MEAS-3aef56d3ccd87809,RUN-4920408,legacy_plateau20,test,accuracy_percent,75.564,80,100,20,parsed raw epoch count; legacy terminal CSV window,100,True,4920408,0,d77722b9d9c2b3845100578b2e0053be45fffb9922b3f29907127f68167d2587,"[""archive/Account2/runs/cdn1-lr001-s0-4920408.out""]","[""plateau20""]","[""/panels/cdn1/cells/1/runs/0/plateau20""]","[""OCC-51c2235ec6399210""]","[""cdn1""]"
MEAS-c83c0e50b4d389ae,RUN-4920409,legacy_plateau20,test,accuracy_percent,75.136,80,100,20,parsed raw epoch count; legacy terminal CSV window,100,True,4920409,1,44ff0b87b1f726e3a6f8a457963cfdc5f553f855ebd7efd88ae055b162dba10c,"[""archive/Account2/runs/cdn1-lr001-s1-4920409.out""]","[""plateau20""]","[""/panels/cdn1/cells/1/runs/1/plateau20""]","[""OCC-51c2235ec6399210""]","[""cdn1""]"
MEAS-93498715988d36d5,RUN-4920410,legacy_plateau20,test,accuracy_percent,75.427,80,100,20,parsed raw epoch count; legacy terminal CSV window,100,True,4920410,2,26b7d341913914b136c0ee9f2b3211ac2478cebf75b919e70adcbf37833905d6,"[""archive/Account2/runs/cdn1-lr001-s2-4920410.out""]","[""plateau20""]","[""/panels/cdn1/cells/1/runs/2/plateau20""]","[""OCC-51c2235ec6399210""]","[""cdn1""]"
MEAS-1b432afc3d8ebdc0,RUN-4920411,legacy_plateau20,test,accuracy_percent,76.105,80,100,20,parsed raw epoch count; legacy terminal CSV window,100,True,4920411,0,53b4948cfcc3f0f33738c3bd6f352046d32996a0d4199523c32f88da29432bb7,"[""archive/Account2/runs/cdn1-lr002-s0-4920411.out""]","[""plateau20""]","[""/panels/cdn1/cells/2/runs/0/plateau20""]","[""OCC-e637288718183c3e""]","[""cdn1""]"
MEAS-21ff31465cfd83b5,RUN-4920412,legacy_plateau20,test,accuracy_percent,76.575,80,100,20,parsed raw epoch count; legacy terminal CSV window,100,True,4920412,1,31711ecbd51f30da48199e6c1bd1d9450c03b9967f0cb580464396be032c9cb2,"[""archive/Account2/runs/cdn1-lr002-s1-4920412.out""]","[""plateau20""]","[""/panels/cdn1/cells/2/runs/1/plateau20""]","[""OCC-e637288718183c3e""]","[""cdn1""]"
MEAS-2d5167818e244ef4,RUN-4920413,legacy_plateau20,test,accuracy_percent,76.322,80,100,20,parsed raw epoch count; legacy terminal CSV window,100,True,4920413,2,ed6cd7041fbefcf77994ad2b6d16c4828c77fe1eb41dfb0589dadce88c64f96a,"[""archive/Account2/runs/cdn1-lr002-s2-4920413.out""]","[""plateau20""]","[""/panels/cdn1/cells/2/runs/2/plateau20""]","[""OCC-e637288718183c3e""]","[""cdn1""]"
MEAS-a6aeaaa57bff4363,RUN-4920414,legacy_plateau20,test,accuracy_percent,77.086,80,100,20,parsed raw epoch count; legacy terminal CSV window,100,True,4920414,0,a94ce778e2c1aa291f5c88883903f9acffc49d7d38ed0403c3620831ad86927e,"[""archive/Account2/runs/cdn1-lr005-s0-4920414.out""]","[""plateau20""]","[""/panels/cdn1/cells/3/runs/0/plateau20""]","[""OCC-37b3bae319bcfda0""]","[""cdn1""]"
MEAS-50a06c05385c8caa,RUN-4920415,legacy_plateau20,test,accuracy_percent,77.058,80,100,20,parsed raw epoch count; legacy terminal CSV window,100,True,4920415,1,86f2d7d51cf336be74b7c7e713dd79fabc4ad95f89176a1ea92168874480be89,"[""archive/Account2/runs/cdn1-lr005-s1-4920415.out""]","[""plateau20""]","[""/panels/cdn1/cells/3/runs/1/plateau20""]","[""OCC-37b3bae319bcfda0""]","[""cdn1""]"
MEAS-634c4b44192213d8,RUN-4920416,legacy_plateau20,test,accuracy_percent,77.046,80,100,20,parsed raw epoch count; legacy terminal CSV window,100,True,4920416,2,947c232564014d286b8bc89cc557c50b6942eb34fb20ddc0d7bf8e3564c0ef50,"[""archive/Account2/runs/cdn1-lr005-s2-4920416.out""]","[""plateau20""]","[""/panels/cdn1/cells/3/runs/2/plateau20""]","[""OCC-37b3bae319bcfda0""]","[""cdn1""]"
MEAS-3e7171e7535f6af4,RUN-4920417,legacy_plateau20,test,accuracy_percent,77.181,80,100,20,parsed raw epoch count; legacy terminal CSV window,100,True,4920417,0,81408e04e4bf98bdabc73d3cabbd8dc982ec24c8a4b617bf610aac293f680aa2,"[""archive/Account2/runs/cdn1-lr01-s0-4920417.out""]","[""plateau20""]","[""/panels/cdn1/cells/4/runs/0/plateau20""]","[""OCC-84916f8df863f38c""]","[""cdn1""]"
MEAS-90eb0e726cca9d79,RUN-4920418,legacy_plateau20,test,accuracy_percent,77.622,80,100,20,parsed raw epoch count; legacy terminal CSV window,100,True,4920418,1,21e9c89bf4194aa1b41b06eb31a8e7216c8de8d1d1d27c126ae656241152bb31,"[""archive/Account2/runs/cdn1-lr01-s1-4920418.out""]","[""plateau20""]","[""/panels/cdn1/cells/4/runs/1/plateau20""]","[""OCC-84916f8df863f38c""]","[""cdn1""]"
MEAS-84d47f1be33730d8,RUN-4920419,legacy_plateau20,test,accuracy_percent,76.79,80,100,20,parsed raw epoch count; legacy terminal CSV window,100,True,4920419,2,d8dce3e48511eef8644e6cf0a167374e41bd77266c7a8861f971aabf344faed9,"[""archive/Account2/runs/cdn1-lr01-s2-4920419.out""]","[""plateau20""]","[""/panels/cdn1/cells/4/runs/2/plateau20""]","[""OCC-84916f8df863f38c""]","[""cdn1""]"
MEAS-86e8536d66c3659b,RUN-4920420,legacy_plateau20,test,accuracy_percent,75.677,80,100,20,parsed raw epoch count; legacy terminal CSV window,100,True,4920420,0,b14963c33592053efb0c8b788aab25dd79f3716d84d733a50e5f3819894fdc38,"[""archive/Account2/runs/cdn1-lr02-s0-4920420.out""]","[""plateau20""]","[""/panels/cdn1/cells/5/runs/0/plateau20""]","[""OCC-f06110680be7e907""]","[""cdn1""]"
MEAS-e4df57eb9a408646,RUN-4920421,legacy_plateau20,test,accuracy_percent,76.034,80,100,20,parsed raw epoch count; legacy terminal CSV window,100,True,4920421,1,ca048907916694b85824393ae157d66086cf8f74113fb6c9d81fa1192083405d,"[""archive/Account2/runs/cdn1-lr02-s1-4920421.out""]","[""plateau20""]","[""/panels/cdn1/cells/5/runs/1/plateau20""]","[""OCC-f06110680be7e907""]","[""cdn1""]"
MEAS-a7e31ac42093af1f,RUN-4920422,legacy_plateau20,test,accuracy_percent,75.853,80,100,20,parsed raw epoch count; legacy terminal CSV window,100,True,4920422,2,db965f6d8639aed88f5e7170239ffef26415a2e6c0de3a53104ad0283aa91280,"[""archive/Account2/runs/cdn1-lr02-s2-4920422.out""]","[""plateau20""]","[""/panels/cdn1/cells/5/runs/2/plateau20""]","[""OCC-f06110680be7e907""]","[""cdn1""]"
MEAS-d3a7cd68d5caca05,RUN-4920423,legacy_plateau20,test,accuracy_percent,73.764,80,100,20,parsed raw epoch count; legacy terminal CSV window,100,True,4920423,0,4c5dff69f8e459e9d30885e4dd7e68dbdadde31aacdfefb43f9398986ba5fb73,"[""archive/Account2/runs/cdn1-lr03-s0-4920423.out""]","[""plateau20""]","[""/panels/cdn1/cells/6/runs/0/plateau20""]","[""OCC-49ac860b097334af""]","[""cdn1""]"
MEAS-a592ff7199cb6a57,RUN-4920424,legacy_plateau20,test,accuracy_percent,74.151,80,100,20,parsed raw epoch count; legacy terminal CSV window,100,True,4920424,1,461035e7bf63337d3cdcf8ef28bd4d167d0f64fe020dc39c988ce7c8b2812c16,"[""archive/Account2/runs/cdn1-lr03-s1-4920424.out""]","[""plateau20""]","[""/panels/cdn1/cells/6/runs/1/plateau20""]","[""OCC-49ac860b097334af""]","[""cdn1""]"
MEAS-03cefdbc50c56cb2,RUN-4920425,legacy_plateau20,test,accuracy_percent,73.905,80,100,20,parsed raw epoch count; legacy terminal CSV window,100,True,4920425,2,45cd4fcb0a163863869257cf75fc33047cfbc0f9b13696529a2cb24301db3665,"[""archive/Account2/runs/cdn1-lr03-s2-4920425.out""]","[""plateau20""]","[""/panels/cdn1/cells/6/runs/2/plateau20""]","[""OCC-49ac860b097334af""]","[""cdn1""]"
MEAS-107524dbb19bf80f,RUN-4920426,legacy_plateau20,test,accuracy_percent,71.335,80,100,20,parsed raw epoch count; legacy terminal CSV window,100,True,4920426,0,39f1c6f995ceabd1fe0ef448983996895610ca0f08011bfc44c001a0b92d784a,"[""archive/Account2/runs/cdn1-m-s0-4920426.out""]","[""plateau20""]","[""/panels/cdn1/cells/7/runs/0/plateau20""]","[""OCC-28b6d97b2a99482d""]","[""cdn1""]"
MEAS-da18841753b96b26,RUN-4920427,legacy_plateau20,test,accuracy_percent,71.417,80,100,20,parsed raw epoch count; legacy terminal CSV window,100,True,4920427,1,78db6a8350fe89684a10089591a7d6eb930cd3ea3c0bd765904eb24b9b8a4106,"[""archive/Account2/runs/cdn1-m-s1-4920427.out""]","[""plateau20""]","[""/panels/cdn1/cells/7/runs/1/plateau20""]","[""OCC-28b6d97b2a99482d""]","[""cdn1""]"
MEAS-bc33e675922aa243,RUN-4920428,legacy_plateau20,test,accuracy_percent,71.586,80,100,20,parsed raw epoch count; legacy terminal CSV window,100,True,4920428,2,9ba0ce2ed08d1f2d86fccbcadfb9ad02db51cc8c53fc6a77f2c6c78855f67bbc,"[""archive/Account2/runs/cdn1-m-s2-4920428.out""]","[""plateau20""]","[""/panels/cdn1/cells/7/runs/2/plateau20""]","[""OCC-28b6d97b2a99482d""]","[""cdn1""]"
MEAS-27528f9156bdb7f9,RUN-4715634,legacy_plateau20,test,accuracy_percent,92.433,80,100,20,parsed raw epoch count; legacy terminal CSV window,100,True,4715634,3,d179788086e1def4ab8f758e421324329581be411493b5158455adec38494e26,"[""archive/Account1/runs/cc1-ch-s3-4715634.out""]","[""csv_plateau20""]","[""/panels/count_matched_four_submissions/submissions/0/arms/chunk777/runs/0/csv_plateau20""]","[""OCC-99f96e2a8487e52c""]","[""count_matched_four_submissions""]"
MEAS-d7cfeb59f0a8ba37,RUN-4715638,legacy_plateau20,test,accuracy_percent,92.198,80,100,20,parsed raw epoch count; legacy terminal CSV window,100,True,4715638,4,3d3e20f7d6e78a894912a839bba77f8c7adbf5676cd94ea7e9ddc17efb6912bf,"[""archive/Account1/runs/cc1-ch-s4-4715638.out""]","[""csv_plateau20""]","[""/panels/count_matched_four_submissions/submissions/0/arms/chunk777/runs/1/csv_plateau20""]","[""OCC-99f96e2a8487e52c""]","[""count_matched_four_submissions""]"
MEAS-9af9620981cc135d,RUN-4715642,legacy_plateau20,test,accuracy_percent,92.342,80,100,20,parsed raw epoch count; legacy terminal CSV window,100,True,4715642,5,fc5232d050614d82227b59e4252ece2bbfaa294bbf64af3e9e7e0f8db706ddb0,"[""archive/Account1/runs/cc1-ch-s5-4715642.out""]","[""csv_plateau20""]","[""/panels/count_matched_four_submissions/submissions/0/arms/chunk777/runs/2/csv_plateau20""]","[""OCC-99f96e2a8487e52c""]","[""count_matched_four_submissions""]"
MEAS-0bd1c4dca75df40c,RUN-4708788,legacy_plateau20,test,accuracy_percent,92.382,80,100,20,parsed raw epoch count; legacy terminal CSV window,100,True,4708788,0,d725a37ba11ec954ea0997770320fba790ccc37d908e65c1493c0d23fd9fc706,"[""archive/Account1/runs/mm1-ch-s0-4708788.out""]","[""csv_plateau20""]","[""/panels/count_matched_four_submissions/submissions/1/arms/chunk777/runs/0/csv_plateau20""]","[""OCC-a1ba9af482d79c95""]","[""count_matched_four_submissions""]"
MEAS-09b95eb8ed62d867,RUN-4708789,legacy_plateau20,test,accuracy_percent,92.517,80,100,20,parsed raw epoch count; legacy terminal CSV window,100,True,4708789,1,a81f13ced4c54f0aed6223fb03a119288bcf9a8611ce629d9fe23ac1b2e80f94,"[""archive/Account1/runs/mm1-ch-s1-4708789.out""]","[""csv_plateau20""]","[""/panels/count_matched_four_submissions/submissions/1/arms/chunk777/runs/1/csv_plateau20""]","[""OCC-a1ba9af482d79c95""]","[""count_matched_four_submissions""]"
MEAS-fc07971b82243e65,RUN-4708790,legacy_plateau20,test,accuracy_percent,92.151,80,100,20,parsed raw epoch count; legacy terminal CSV window,100,True,4708790,2,be0bb873abc7f2a6c1eaeadca6667df8725b879fcc7d95a95ea2dc75293df85c,"[""archive/Account1/runs/mm1-ch-s2-4708790.out""]","[""csv_plateau20""]","[""/panels/count_matched_four_submissions/submissions/1/arms/chunk777/runs/2/csv_plateau20""]","[""OCC-a1ba9af482d79c95""]","[""count_matched_four_submissions""]"
MEAS-8a74223abbe8bfeb,RUN-4709479,legacy_plateau20,test,accuracy_percent,92.34,80,100,20,parsed raw epoch count; legacy terminal CSV window,100,True,4709479,0,35b8cb46e153b3f735c3e8744dfef555eeaf83e053eb4a70147a093d3a99ef69,"[""archive/Account1/runs/pp1-ch-s0-4709479.out""]","[""csv_plateau20""]","[""/panels/count_matched_four_submissions/submissions/2/arms/chunk777/runs/0/csv_plateau20""]","[""OCC-65f5506bc5bb96f8""]","[""count_matched_four_submissions""]"
MEAS-a6448ead4cce6798,RUN-4709482,legacy_plateau20,test,accuracy_percent,92.266,80,100,20,parsed raw epoch count; legacy terminal CSV window,100,True,4709482,1,f37267cdf692a5893f820bc0a6ee7f7b953600f49c8aea54551d4c8c599ba4a0,"[""archive/Account1/runs/pp1-ch-s1-4709482.out""]","[""csv_plateau20""]","[""/panels/count_matched_four_submissions/submissions/2/arms/chunk777/runs/1/csv_plateau20""]","[""OCC-65f5506bc5bb96f8""]","[""count_matched_four_submissions""]"
MEAS-29436a2832973390,RUN-4709485,legacy_plateau20,test,accuracy_percent,92.228,80,100,20,parsed raw epoch count; legacy terminal CSV window,100,True,4709485,2,5388a29c3d21d370c831e88911399fb56506001ae5a1ded005f86309c2ff259c,"[""archive/Account1/runs/pp1-ch-s2-4709485.out""]","[""csv_plateau20""]","[""/panels/count_matched_four_submissions/submissions/2/arms/chunk777/runs/2/csv_plateau20""]","[""OCC-65f5506bc5bb96f8""]","[""count_matched_four_submissions""]"
MEAS-31741003075925a4,RUN-4777308,legacy_plateau20,test,accuracy_percent,92.357,80,100,20,parsed raw epoch count; legacy terminal CSV window,100,True,4777308,0,f5470308ee1d7831383f444566be4a2c896c3a43a0155a2a82796fb69b3e9c26,"[""archive/Account2/runs/gn1-bn-ch-s0-4777308.out""]","[""csv_plateau20""]","[""/panels/count_matched_four_submissions/submissions/3/arms/chunk777/runs/0/csv_plateau20""]","[""OCC-b30505f4d620c3dd""]","[""count_matched_four_submissions""]"
MEAS-f19f5796532a252d,RUN-4777309,legacy_plateau20,test,accuracy_percent,92.392,80,100,20,parsed raw epoch count; legacy terminal CSV window,100,True,4777309,1,4929bbc36b8138ce3671a556defd988411c69988db339a45d4cad01b643e2b61,"[""archive/Account2/runs/gn1-bn-ch-s1-4777309.out""]","[""csv_plateau20""]","[""/panels/count_matched_four_submissions/submissions/3/arms/chunk777/runs/1/csv_plateau20""]","[""OCC-b30505f4d620c3dd""]","[""count_matched_four_submissions""]"
MEAS-87ecb03d881aae44,RUN-4777310,legacy_plateau20,test,accuracy_percent,92.313,80,100,20,parsed raw epoch count; legacy terminal CSV window,100,True,4777310,2,4df95337f644cf3ce7c92d517750a58125511d6420bb3d0785103db26d1b64c4,"[""archive/Account2/runs/gn1-bn-ch-s2-4777310.out""]","[""csv_plateau20""]","[""/panels/count_matched_four_submissions/submissions/3/arms/chunk777/runs/2/csv_plateau20""]","[""OCC-b30505f4d620c3dd""]","[""count_matched_four_submissions""]"
MEAS-de749e425b3e7503,RUN-4777311,legacy_plateau20,test,accuracy_percent,92.575,80,100,20,parsed raw epoch count; legacy terminal CSV window,100,True,4777311,3,90ff9c0923c96c2c7d17872d1551e448bdce18fb8000110f5f9a70836db6b1e6,"[""archive/Account2/runs/gn1-bn-ch-s3-4777311.out""]","[""csv_plateau20""]","[""/panels/count_matched_four_submissions/submissions/3/arms/chunk777/runs/3/csv_plateau20""]","[""OCC-b30505f4d620c3dd""]","[""count_matched_four_submissions""]"
