panel_id,cell_id,cell_label,split,metric,epoch_index,completed_epochs,n,accuracy_mean,accuracy_sd_pp,accuracy_se_pp,source_pointer,independence_note
cau1,CELL-54f8564674b60cde,cau1-lr0005,test,single_epoch_accuracy,0,1,3,51.266666666666666,2.436110287596467,,/panels/cau1/cells/0/test_curve,epoch measurements from the same runs
cau1,CELL-54f8564674b60cde,cau1-lr0005,test,single_epoch_accuracy,1,2,3,62.84,2.6509055056716018,,/panels/cau1/cells/0/test_curve,epoch measurements from the same runs
cau1,CELL-54f8564674b60cde,cau1-lr0005,test,single_epoch_accuracy,2,3,3,73.97666666666667,1.0392465219250588,,/panels/cau1/cells/0/test_curve,epoch measurements from the same runs
cau1,CELL-54f8564674b60cde,cau1-lr0005,test,single_epoch_accuracy,3,4,3,76.71333333333334,1.7165760493882396,,/panels/cau1/cells/0/test_curve,epoch measurements from the same runs
cau1,CELL-54f8564674b60cde,cau1-lr0005,test,single_epoch_accuracy,4,5,3,74.84666666666666,4.11611872196774,,/panels/cau1/cells/0/test_curve,epoch measurements from the same runs
cau1,CELL-54f8564674b60cde,cau1-lr0005,test,single_epoch_accuracy,5,6,3,78.34666666666666,0.7805340052382952,,/panels/cau1/cells/0/test_curve,epoch measurements from the same runs
cau1,CELL-54f8564674b60cde,cau1-lr0005,test,single_epoch_accuracy,6,7,3,78.4,0.8166394553289736,,/panels/cau1/cells/0/test_curve,epoch measurements from the same runs
cau1,CELL-54f8564674b60cde,cau1-lr0005,test,single_epoch_accuracy,7,8,3,78.73333333333333,1.0500158728958946,,/panels/cau1/cells/0/test_curve,epoch measurements from the same runs
cau1,CELL-54f8564674b60cde,cau1-lr0005,test,single_epoch_accuracy,8,9,3,79.74333333333334,0.9350044563173684,,/panels/cau1/cells/0/test_curve,epoch measurements from the same runs
cau1,CELL-54f8564674b60cde,cau1-lr0005,test,single_epoch_accuracy,9,10,3,79.80666666666666,1.5836771556517821,,/panels/cau1/cells/0/test_curve,epoch measurements from the same runs
cau1,CELL-54f8564674b60cde,cau1-lr0005,test,single_epoch_accuracy,10,11,3,81.19,0.7374957626996913,,/panels/cau1/cells/0/test_curve,epoch measurements from the same runs
cau1,CELL-54f8564674b60cde,cau1-lr0005,test,single_epoch_accuracy,11,12,3,82.65666666666667,0.2074447717666858,,/panels/cau1/cells/0/test_curve,epoch measurements from the same runs
cau1,CELL-54f8564674b60cde,cau1-lr0005,test,single_epoch_accuracy,12,13,3,83.65,0.814309523461444,,/panels/cau1/cells/0/test_curve,epoch measurements from the same runs
cau1,CELL-54f8564674b60cde,cau1-lr0005,test,single_epoch_accuracy,13,14,3,84.49666666666667,0.29737742572921705,,/panels/cau1/cells/0/test_curve,epoch measurements from the same runs
cau1,CELL-54f8564674b60cde,cau1-lr0005,test,single_epoch_accuracy,14,15,3,84.84666666666666,0.23860706890897843,,/panels/cau1/cells/0/test_curve,epoch measurements from the same runs
cau1,CELL-54f8564674b60cde,cau1-lr0005,test,single_epoch_accuracy,15,16,3,84.80666666666667,0.1401189970465587,,/panels/cau1/cells/0/test_curve,epoch measurements from the same runs
cau1,CELL-54f8564674b60cde,cau1-lr0005,test,single_epoch_accuracy,16,17,3,84.89666666666668,0.12662279942148355,,/panels/cau1/cells/0/test_curve,epoch measurements from the same runs
cau1,CELL-54f8564674b60cde,cau1-lr0005,test,single_epoch_accuracy,17,18,3,84.97333333333333,0.04932882862316322,,/panels/cau1/cells/0/test_curve,epoch measurements from the same runs
cau1,CELL-54f8564674b60cde,cau1-lr0005,test,single_epoch_accuracy,18,19,3,85.00666666666666,0.13613718571107783,,/panels/cau1/cells/0/test_curve,epoch measurements from the same runs
cau1,CELL-54f8564674b60cde,cau1-lr0005,test,single_epoch_accuracy,19,20,3,85.06666666666666,0.2023198787399143,,/panels/cau1/cells/0/test_curve,epoch measurements from the same runs
cau1,CELL-54f8564674b60cde,cau1-lr0005,test,single_epoch_accuracy,20,21,3,85.11666666666667,0.1530795000427369,,/panels/cau1/cells/0/test_curve,epoch measurements from the same runs
cau1,CELL-54f8564674b60cde,cau1-lr0005,test,single_epoch_accuracy,21,22,3,85.18333333333334,0.3017173069834278,,/panels/cau1/cells/0/test_curve,epoch measurements from the same runs
cau1,CELL-54f8564674b60cde,cau1-lr0005,test,single_epoch_accuracy,22,23,3,85.09,0.18330302779823435,,/panels/cau1/cells/0/test_curve,epoch measurements from the same runs
cau1,CELL-54f8564674b60cde,cau1-lr0005,test,single_epoch_accuracy,23,24,3,85.19333333333333,0.25324559884297104,,/panels/cau1/cells/0/test_curve,epoch measurements from the same runs
cau1,CELL-54f8564674b60cde,cau1-lr0005,test,single_epoch_accuracy,24,25,3,85.11333333333333,0.24006943440041484,,/panels/cau1/cells/0/test_curve,epoch measurements from the same runs
cau1,CELL-54f8564674b60cde,cau1-lr0005,test,single_epoch_accuracy,25,26,3,85.17666666666666,0.17616280348965074,,/panels/cau1/cells/0/test_curve,epoch measurements from the same runs
cau1,CELL-54f8564674b60cde,cau1-lr0005,test,single_epoch_accuracy,26,27,3,85.19666666666667,0.16165807537309881,,/panels/cau1/cells/0/test_curve,epoch measurements from the same runs
cau1,CELL-54f8564674b60cde,cau1-lr0005,test,single_epoch_accuracy,27,28,3,85.20333333333333,0.22278539748675408,,/panels/cau1/cells/0/test_curve,epoch measurements from the same runs
cau1,CELL-54f8564674b60cde,cau1-lr0005,test,single_epoch_accuracy,28,29,3,85.16,0.16093476939431234,,/panels/cau1/cells/0/test_curve,epoch measurements from the same runs
cau1,CELL-54f8564674b60cde,cau1-lr0005,test,single_epoch_accuracy,29,30,3,85.22666666666667,0.1817507450695454,,/panels/cau1/cells/0/test_curve,epoch measurements from the same runs
cau1,CELL-54f8564674b60cde,cau1-lr0005,test,single_epoch_accuracy,30,31,3,85.27,0.22605309110914565,,/panels/cau1/cells/0/test_curve,epoch measurements from the same runs
cau1,CELL-54f8564674b60cde,cau1-lr0005,test,single_epoch_accuracy,31,32,3,85.21666666666667,0.2804163571073115,,/panels/cau1/cells/0/test_curve,epoch measurements from the same runs
cau1,CELL-54f8564674b60cde,cau1-lr0005,test,single_epoch_accuracy,32,33,3,85.20333333333333,0.20033305601756204,,/panels/cau1/cells/0/test_curve,epoch measurements from the same runs
cau1,CELL-54f8564674b60cde,cau1-lr0005,test,single_epoch_accuracy,33,34,3,85.21666666666667,0.15143755588800656,,/panels/cau1/cells/0/test_curve,epoch measurements from the same runs
cau1,CELL-54f8564674b60cde,cau1-lr0005,test,single_epoch_accuracy,34,35,3,85.31,0.1609347693943044,,/panels/cau1/cells/0/test_curve,epoch measurements from the same runs
cau1,CELL-54f8564674b60cde,cau1-lr0005,test,single_epoch_accuracy,35,36,3,85.27333333333334,0.3082747692130098,,/panels/cau1/cells/0/test_curve,epoch measurements from the same runs
cau1,CELL-54f8564674b60cde,cau1-lr0005,test,single_epoch_accuracy,36,37,3,85.35,0.2338803112705348,,/panels/cau1/cells/0/test_curve,epoch measurements from the same runs
cau1,CELL-54f8564674b60cde,cau1-lr0005,test,single_epoch_accuracy,37,38,3,85.34,0.292061637330211,,/panels/cau1/cells/0/test_curve,epoch measurements from the same runs
cau1,CELL-54f8564674b60cde,cau1-lr0005,test,single_epoch_accuracy,38,39,3,85.3,0.1732050807568861,,/panels/cau1/cells/0/test_curve,epoch measurements from the same runs
cau1,CELL-54f8564674b60cde,cau1-lr0005,test,single_epoch_accuracy,39,40,3,85.31333333333333,0.2052640575778779,,/panels/cau1/cells/0/test_curve,epoch measurements from the same runs
cau1,CELL-54f8564674b60cde,cau1-lr0005,test,single_epoch_accuracy,40,41,3,85.27333333333334,0.1703917055884244,,/panels/cau1/cells/0/test_curve,epoch measurements from the same runs
cau1,CELL-54f8564674b60cde,cau1-lr0005,test,single_epoch_accuracy,41,42,3,85.26,0.2066397831977136,,/panels/cau1/cells/0/test_curve,epoch measurements from the same runs
cau1,CELL-54f8564674b60cde,cau1-lr0005,test,single_epoch_accuracy,42,43,3,85.3,0.3500000000000014,,/panels/cau1/cells/0/test_curve,epoch measurements from the same runs
cau1,CELL-54f8564674b60cde,cau1-lr0005,test,single_epoch_accuracy,43,44,3,85.28333333333333,0.3108590248542495,,/panels/cau1/cells/0/test_curve,epoch measurements from the same runs
cau1,CELL-54f8564674b60cde,cau1-lr0005,test,single_epoch_accuracy,44,45,3,85.33,0.34073450074801304,,/panels/cau1/cells/0/test_curve,epoch measurements from the same runs
cau1,CELL-54f8564674b60cde,cau1-lr0005,test,single_epoch_accuracy,45,46,3,85.34,0.19974984355438152,,/panels/cau1/cells/0/test_curve,epoch measurements from the same runs
cau1,CELL-54f8564674b60cde,cau1-lr0005,test,single_epoch_accuracy,46,47,3,85.41666666666667,0.12741009902411257,,/panels/cau1/cells/0/test_curve,epoch measurements from the same runs
cau1,CELL-54f8564674b60cde,cau1-lr0005,test,single_epoch_accuracy,47,48,3,85.33333333333333,0.2650157228040133,,/panels/cau1/cells/0/test_curve,epoch measurements from the same runs
cau1,CELL-54f8564674b60cde,cau1-lr0005,test,single_epoch_accuracy,48,49,3,85.31666666666666,0.18339392937971602,,/panels/cau1/cells/0/test_curve,epoch measurements from the same runs
cau1,CELL-54f8564674b60cde,cau1-lr0005,test,single_epoch_accuracy,49,50,3,85.33666666666666,0.25106440076867353,,/panels/cau1/cells/0/test_curve,epoch measurements from the same runs
cau1,CELL-54f8564674b60cde,cau1-lr0005,test,single_epoch_accuracy,50,51,3,85.33,0.24331050121192943,,/panels/cau1/cells/0/test_curve,epoch measurements from the same runs
cau1,CELL-54f8564674b60cde,cau1-lr0005,test,single_epoch_accuracy,51,52,3,85.34666666666666,0.21594752448993676,,/panels/cau1/cells/0/test_curve,epoch measurements from the same runs
cau1,CELL-54f8564674b60cde,cau1-lr0005,test,single_epoch_accuracy,52,53,3,85.43,0.22068076490713803,,/panels/cau1/cells/0/test_curve,epoch measurements from the same runs
cau1,CELL-54f8564674b60cde,cau1-lr0005,test,single_epoch_accuracy,53,54,3,85.28,0.13000000000000475,,/panels/cau1/cells/0/test_curve,epoch measurements from the same runs
cau1,CELL-54f8564674b60cde,cau1-lr0005,test,single_epoch_accuracy,54,55,3,85.30666666666666,0.1858314648635519,,/panels/cau1/cells/0/test_curve,epoch measurements from the same runs
cau1,CELL-54f8564674b60cde,cau1-lr0005,test,single_epoch_accuracy,55,56,3,85.32,0.20999999999999983,,/panels/cau1/cells/0/test_curve,epoch measurements from the same runs
cau1,CELL-54f8564674b60cde,cau1-lr0005,test,single_epoch_accuracy,56,57,3,85.27333333333334,0.15502687938978105,,/panels/cau1/cells/0/test_curve,epoch measurements from the same runs
cau1,CELL-54f8564674b60cde,cau1-lr0005,test,single_epoch_accuracy,57,58,3,85.4,0.17058722109232627,,/panels/cau1/cells/0/test_curve,epoch measurements from the same runs
cau1,CELL-54f8564674b60cde,cau1-lr0005,test,single_epoch_accuracy,58,59,3,85.34333333333333,0.21779194965226284,,/panels/cau1/cells/0/test_curve,epoch measurements from the same runs
cau1,CELL-54f8564674b60cde,cau1-lr0005,test,single_epoch_accuracy,59,60,3,85.37666666666667,0.2454248017893303,,/panels/cau1/cells/0/test_curve,epoch measurements from the same runs
cau1,CELL-54f8564674b60cde,cau1-lr0005,test,single_epoch_accuracy,60,61,3,85.26333333333334,0.211974841274462,,/panels/cau1/cells/0/test_curve,epoch measurements from the same runs
cau1,CELL-54f8564674b60cde,cau1-lr0005,test,single_epoch_accuracy,61,62,3,85.32666666666667,0.2768272626265993,,/panels/cau1/cells/0/test_curve,epoch measurements from the same runs
cau1,CELL-54f8564674b60cde,cau1-lr0005,test,single_epoch_accuracy,62,63,3,85.38333333333333,0.24986663109213308,,/panels/cau1/cells/0/test_curve,epoch measurements from the same runs
cau1,CELL-54f8564674b60cde,cau1-lr0005,test,single_epoch_accuracy,63,64,3,85.4,0.163707055437452,,/panels/cau1/cells/0/test_curve,epoch measurements from the same runs
cau1,CELL-54f8564674b60cde,cau1-lr0005,test,single_epoch_accuracy,64,65,3,85.38666666666667,0.18876793513023274,,/panels/cau1/cells/0/test_curve,epoch measurements from the same runs
cau1,CELL-54f8564674b60cde,cau1-lr0005,test,single_epoch_accuracy,65,66,3,85.3,0.3143246729100368,,/panels/cau1/cells/0/test_curve,epoch measurements from the same runs
cau1,CELL-54f8564674b60cde,cau1-lr0005,test,single_epoch_accuracy,66,67,3,85.36333333333333,0.19347695814575325,,/panels/cau1/cells/0/test_curve,epoch measurements from the same runs
cau1,CELL-54f8564674b60cde,cau1-lr0005,test,single_epoch_accuracy,67,68,3,85.33666666666667,0.2154839514519173,,/panels/cau1/cells/0/test_curve,epoch measurements from the same runs
cau1,CELL-54f8564674b60cde,cau1-lr0005,test,single_epoch_accuracy,68,69,3,85.34333333333333,0.2538372181799435,,/panels/cau1/cells/0/test_curve,epoch measurements from the same runs
cau1,CELL-54f8564674b60cde,cau1-lr0005,test,single_epoch_accuracy,69,70,3,85.48,0.24331050121192593,,/panels/cau1/cells/0/test_curve,epoch measurements from the same runs
cau1,CELL-54f8564674b60cde,cau1-lr0005,test,single_epoch_accuracy,70,71,3,85.33333333333333,0.2112660250332081,,/panels/cau1/cells/0/test_curve,epoch measurements from the same runs
cau1,CELL-54f8564674b60cde,cau1-lr0005,test,single_epoch_accuracy,71,72,3,85.4,0.29866369046136115,,/panels/cau1/cells/0/test_curve,epoch measurements from the same runs
cau1,CELL-54f8564674b60cde,cau1-lr0005,test,single_epoch_accuracy,72,73,3,85.33666666666667,0.26501572280400837,,/panels/cau1/cells/0/test_curve,epoch measurements from the same runs
cau1,CELL-54f8564674b60cde,cau1-lr0005,test,single_epoch_accuracy,73,74,3,85.3,0.19313207915827765,,/panels/cau1/cells/0/test_curve,epoch measurements from the same runs
cau1,CELL-54f8564674b60cde,cau1-lr0005,test,single_epoch_accuracy,74,75,3,85.31,0.2553429066960745,,/panels/cau1/cells/0/test_curve,epoch measurements from the same runs
cau1,CELL-54f8564674b60cde,cau1-lr0005,test,single_epoch_accuracy,75,76,3,85.27666666666667,0.16653327995728706,,/panels/cau1/cells/0/test_curve,epoch measurements from the same runs
cau1,CELL-54f8564674b60cde,cau1-lr0005,test,single_epoch_accuracy,76,77,3,85.33666666666666,0.12055427546683847,,/panels/cau1/cells/0/test_curve,epoch measurements from the same runs
cau1,CELL-54f8564674b60cde,cau1-lr0005,test,single_epoch_accuracy,77,78,3,85.38666666666667,0.1738773514099333,,/panels/cau1/cells/0/test_curve,epoch measurements from the same runs
cau1,CELL-54f8564674b60cde,cau1-lr0005,test,single_epoch_accuracy,78,79,3,85.37666666666667,0.17097758137642166,,/panels/cau1/cells/0/test_curve,epoch measurements from the same runs
cau1,CELL-54f8564674b60cde,cau1-lr0005,test,single_epoch_accuracy,79,80,3,85.38333333333333,0.22052966542697106,,/panels/cau1/cells/0/test_curve,epoch measurements from the same runs
cau1,CELL-54f8564674b60cde,cau1-lr0005,test,single_epoch_accuracy,80,81,3,85.34666666666666,0.1628905563049417,,/panels/cau1/cells/0/test_curve,epoch measurements from the same runs
cau1,CELL-54f8564674b60cde,cau1-lr0005,test,single_epoch_accuracy,81,82,3,85.29333333333334,0.21126602503321626,,/panels/cau1/cells/0/test_curve,epoch measurements from the same runs
cau1,CELL-54f8564674b60cde,cau1-lr0005,test,single_epoch_accuracy,82,83,3,85.33,0.20999999999999983,,/panels/cau1/cells/0/test_curve,epoch measurements from the same runs
cau1,CELL-54f8564674b60cde,cau1-lr0005,test,single_epoch_accuracy,83,84,3,85.39999999999999,0.22869193252058156,,/panels/cau1/cells/0/test_curve,epoch measurements from the same runs
cau1,CELL-54f8564674b60cde,cau1-lr0005,test,single_epoch_accuracy,84,85,3,85.36999999999999,0.23430749027720033,,/panels/cau1/cells/0/test_curve,epoch measurements from the same runs
cau1,CELL-54f8564674b60cde,cau1-lr0005,test,single_epoch_accuracy,85,86,3,85.26,0.18083141320025808,,/panels/cau1/cells/0/test_curve,epoch measurements from the same runs
cau1,CELL-54f8564674b60cde,cau1-lr0005,test,single_epoch_accuracy,86,87,3,85.40333333333334,0.16258331197676265,,/panels/cau1/cells/0/test_curve,epoch measurements from the same runs
cau1,CELL-54f8564674b60cde,cau1-lr0005,test,single_epoch_accuracy,87,88,3,85.32000000000001,0.20223748416156562,,/panels/cau1/cells/0/test_curve,epoch measurements from the same runs
cau1,CELL-54f8564674b60cde,cau1-lr0005,test,single_epoch_accuracy,88,89,3,85.35666666666667,0.2950141239556739,,/panels/cau1/cells/0/test_curve,epoch measurements from the same runs
cau1,CELL-54f8564674b60cde,cau1-lr0005,test,single_epoch_accuracy,89,90,3,85.36,0.16522711641858115,,/panels/cau1/cells/0/test_curve,epoch measurements from the same runs
cau1,CELL-54f8564674b60cde,cau1-lr0005,test,single_epoch_accuracy,90,91,3,85.29666666666667,0.2318045153428489,,/panels/cau1/cells/0/test_curve,epoch measurements from the same runs
cau1,CELL-54f8564674b60cde,cau1-lr0005,test,single_epoch_accuracy,91,92,3,85.35333333333334,0.18502252115170792,,/panels/cau1/cells/0/test_curve,epoch measurements from the same runs
cau1,CELL-54f8564674b60cde,cau1-lr0005,test,single_epoch_accuracy,92,93,3,85.32666666666667,0.188237438713275,,/panels/cau1/cells/0/test_curve,epoch measurements from the same runs
cau1,CELL-54f8564674b60cde,cau1-lr0005,test,single_epoch_accuracy,93,94,3,85.31666666666666,0.242143208315515,,/panels/cau1/cells/0/test_curve,epoch measurements from the same runs
cau1,CELL-54f8564674b60cde,cau1-lr0005,test,single_epoch_accuracy,94,95,3,85.39666666666666,0.21361959960015595,,/panels/cau1/cells/0/test_curve,epoch measurements from the same runs
cau1,CELL-54f8564674b60cde,cau1-lr0005,test,single_epoch_accuracy,95,96,3,85.36,0.26888659319497704,,/panels/cau1/cells/0/test_curve,epoch measurements from the same runs
cau1,CELL-54f8564674b60cde,cau1-lr0005,test,single_epoch_accuracy,96,97,3,85.37333333333333,0.1650252505931604,,/panels/cau1/cells/0/test_curve,epoch measurements from the same runs
cau1,CELL-54f8564674b60cde,cau1-lr0005,test,single_epoch_accuracy,97,98,3,85.42666666666666,0.22188585654189683,,/panels/cau1/cells/0/test_curve,epoch measurements from the same runs
cau1,CELL-54f8564674b60cde,cau1-lr0005,test,single_epoch_accuracy,98,99,3,85.32666666666667,0.2797022226106431,,/panels/cau1/cells/0/test_curve,epoch measurements from the same runs
cau1,CELL-54f8564674b60cde,cau1-lr0005,test,single_epoch_accuracy,99,100,3,85.43666666666667,0.2074447717666858,,/panels/cau1/cells/0/test_curve,epoch measurements from the same runs
cau1,CELL-54f8564674b60cde,cau1-lr0005,train,single_epoch_accuracy,0,1,3,41.18666666666667,0.5071817557181402,,/panels/cau1/cells/0/train_curve,epoch measurements from the same runs
cau1,CELL-54f8564674b60cde,cau1-lr0005,train,single_epoch_accuracy,1,2,3,65.10333333333332,0.37112441759244513,,/panels/cau1/cells/0/train_curve,epoch measurements from the same runs
cau1,CELL-54f8564674b60cde,cau1-lr0005,train,single_epoch_accuracy,2,3,3,76.48333333333333,0.16165807537309235,,/panels/cau1/cells/0/train_curve,epoch measurements from the same runs
cau1,CELL-54f8564674b60cde,cau1-lr0005,train,single_epoch_accuracy,3,4,3,83.71666666666667,0.06806859285553771,,/panels/cau1/cells/0/train_curve,epoch measurements from the same runs
cau1,CELL-54f8564674b60cde,cau1-lr0005,train,single_epoch_accuracy,4,5,3,88.57666666666667,0.2362907813126305,,/panels/cau1/cells/0/train_curve,epoch measurements from the same runs
cau1,CELL-54f8564674b60cde,cau1-lr0005,train,single_epoch_accuracy,5,6,3,92.71666666666667,0.3607399802258312,,/panels/cau1/cells/0/train_curve,epoch measurements from the same runs
cau1,CELL-54f8564674b60cde,cau1-lr0005,train,single_epoch_accuracy,6,7,3,95.38333333333333,0.11015141094572163,,/panels/cau1/cells/0/train_curve,epoch measurements from the same runs
cau1,CELL-54f8564674b60cde,cau1-lr0005,train,single_epoch_accuracy,7,8,3,97.07,0.16370705543744593,,/panels/cau1/cells/0/train_curve,epoch measurements from the same runs
cau1,CELL-54f8564674b60cde,cau1-lr0005,train,single_epoch_accuracy,8,9,3,97.94,0.27838821814149933,,/panels/cau1/cells/0/train_curve,epoch measurements from the same runs
cau1,CELL-54f8564674b60cde,cau1-lr0005,train,single_epoch_accuracy,9,10,3,98.39333333333333,0.1234233905438222,,/panels/cau1/cells/0/train_curve,epoch measurements from the same runs
cau1,CELL-54f8564674b60cde,cau1-lr0005,train,single_epoch_accuracy,10,11,3,99.02,0.08717797887081732,,/panels/cau1/cells/0/train_curve,epoch measurements from the same runs
cau1,CELL-54f8564674b60cde,cau1-lr0005,train,single_epoch_accuracy,11,12,3,99.49666666666667,0.08144527815247493,,/panels/cau1/cells/0/train_curve,epoch measurements from the same runs
cau1,CELL-54f8564674b60cde,cau1-lr0005,train,single_epoch_accuracy,12,13,3,99.83666666666667,0.08621678104251916,,/panels/cau1/cells/0/train_curve,epoch measurements from the same runs
cau1,CELL-54f8564674b60cde,cau1-lr0005,train,single_epoch_accuracy,13,14,3,99.97666666666667,0.02516611478423459,,/panels/cau1/cells/0/train_curve,epoch measurements from the same runs
cau1,CELL-54f8564674b60cde,cau1-lr0005,train,single_epoch_accuracy,14,15,3,100.0,0.0,,/panels/cau1/cells/0/train_curve,epoch measurements from the same runs
cau1,CELL-54f8564674b60cde,cau1-lr0005,train,single_epoch_accuracy,15,16,3,100.0,0.0,,/panels/cau1/cells/0/train_curve,epoch measurements from the same runs
cau1,CELL-54f8564674b60cde,cau1-lr0005,train,single_epoch_accuracy,16,17,3,100.0,0.0,,/panels/cau1/cells/0/train_curve,epoch measurements from the same runs
cau1,CELL-54f8564674b60cde,cau1-lr0005,train,single_epoch_accuracy,17,18,3,100.0,0.0,,/panels/cau1/cells/0/train_curve,epoch measurements from the same runs
cau1,CELL-54f8564674b60cde,cau1-lr0005,train,single_epoch_accuracy,18,19,3,100.0,0.0,,/panels/cau1/cells/0/train_curve,epoch measurements from the same runs
cau1,CELL-54f8564674b60cde,cau1-lr0005,train,single_epoch_accuracy,19,20,3,100.0,0.0,,/panels/cau1/cells/0/train_curve,epoch measurements from the same runs
cau1,CELL-54f8564674b60cde,cau1-lr0005,train,single_epoch_accuracy,20,21,3,100.0,0.0,,/panels/cau1/cells/0/train_curve,epoch measurements from the same runs
cau1,CELL-54f8564674b60cde,cau1-lr0005,train,single_epoch_accuracy,21,22,3,100.0,0.0,,/panels/cau1/cells/0/train_curve,epoch measurements from the same runs
cau1,CELL-54f8564674b60cde,cau1-lr0005,train,single_epoch_accuracy,22,23,3,100.0,0.0,,/panels/cau1/cells/0/train_curve,epoch measurements from the same runs
cau1,CELL-54f8564674b60cde,cau1-lr0005,train,single_epoch_accuracy,23,24,3,100.0,0.0,,/panels/cau1/cells/0/train_curve,epoch measurements from the same runs
cau1,CELL-54f8564674b60cde,cau1-lr0005,train,single_epoch_accuracy,24,25,3,100.0,0.0,,/panels/cau1/cells/0/train_curve,epoch measurements from the same runs
cau1,CELL-54f8564674b60cde,cau1-lr0005,train,single_epoch_accuracy,25,26,3,100.0,0.0,,/panels/cau1/cells/0/train_curve,epoch measurements from the same runs
cau1,CELL-54f8564674b60cde,cau1-lr0005,train,single_epoch_accuracy,26,27,3,100.0,0.0,,/panels/cau1/cells/0/train_curve,epoch measurements from the same runs
cau1,CELL-54f8564674b60cde,cau1-lr0005,train,single_epoch_accuracy,27,28,3,100.0,0.0,,/panels/cau1/cells/0/train_curve,epoch measurements from the same runs
cau1,CELL-54f8564674b60cde,cau1-lr0005,train,single_epoch_accuracy,28,29,3,100.0,0.0,,/panels/cau1/cells/0/train_curve,epoch measurements from the same runs
cau1,CELL-54f8564674b60cde,cau1-lr0005,train,single_epoch_accuracy,29,30,3,100.0,0.0,,/panels/cau1/cells/0/train_curve,epoch measurements from the same runs
cau1,CELL-54f8564674b60cde,cau1-lr0005,train,single_epoch_accuracy,30,31,3,100.0,0.0,,/panels/cau1/cells/0/train_curve,epoch measurements from the same runs
cau1,CELL-54f8564674b60cde,cau1-lr0005,train,single_epoch_accuracy,31,32,3,100.0,0.0,,/panels/cau1/cells/0/train_curve,epoch measurements from the same runs
cau1,CELL-54f8564674b60cde,cau1-lr0005,train,single_epoch_accuracy,32,33,3,100.0,0.0,,/panels/cau1/cells/0/train_curve,epoch measurements from the same runs
cau1,CELL-54f8564674b60cde,cau1-lr0005,train,single_epoch_accuracy,33,34,3,100.0,0.0,,/panels/cau1/cells/0/train_curve,epoch measurements from the same runs
cau1,CELL-54f8564674b60cde,cau1-lr0005,train,single_epoch_accuracy,34,35,3,100.0,0.0,,/panels/cau1/cells/0/train_curve,epoch measurements from the same runs
cau1,CELL-54f8564674b60cde,cau1-lr0005,train,single_epoch_accuracy,35,36,3,100.0,0.0,,/panels/cau1/cells/0/train_curve,epoch measurements from the same runs
cau1,CELL-54f8564674b60cde,cau1-lr0005,train,single_epoch_accuracy,36,37,3,100.0,0.0,,/panels/cau1/cells/0/train_curve,epoch measurements from the same runs
cau1,CELL-54f8564674b60cde,cau1-lr0005,train,single_epoch_accuracy,37,38,3,100.0,0.0,,/panels/cau1/cells/0/train_curve,epoch measurements from the same runs
cau1,CELL-54f8564674b60cde,cau1-lr0005,train,single_epoch_accuracy,38,39,3,100.0,0.0,,/panels/cau1/cells/0/train_curve,epoch measurements from the same runs
cau1,CELL-54f8564674b60cde,cau1-lr0005,train,single_epoch_accuracy,39,40,3,100.0,0.0,,/panels/cau1/cells/0/train_curve,epoch measurements from the same runs
cau1,CELL-54f8564674b60cde,cau1-lr0005,train,single_epoch_accuracy,40,41,3,100.0,0.0,,/panels/cau1/cells/0/train_curve,epoch measurements from the same runs
cau1,CELL-54f8564674b60cde,cau1-lr0005,train,single_epoch_accuracy,41,42,3,100.0,0.0,,/panels/cau1/cells/0/train_curve,epoch measurements from the same runs
cau1,CELL-54f8564674b60cde,cau1-lr0005,train,single_epoch_accuracy,42,43,3,100.0,0.0,,/panels/cau1/cells/0/train_curve,epoch measurements from the same runs
cau1,CELL-54f8564674b60cde,cau1-lr0005,train,single_epoch_accuracy,43,44,3,100.0,0.0,,/panels/cau1/cells/0/train_curve,epoch measurements from the same runs
cau1,CELL-54f8564674b60cde,cau1-lr0005,train,single_epoch_accuracy,44,45,3,100.0,0.0,,/panels/cau1/cells/0/train_curve,epoch measurements from the same runs
cau1,CELL-54f8564674b60cde,cau1-lr0005,train,single_epoch_accuracy,45,46,3,100.0,0.0,,/panels/cau1/cells/0/train_curve,epoch measurements from the same runs
cau1,CELL-54f8564674b60cde,cau1-lr0005,train,single_epoch_accuracy,46,47,3,100.0,0.0,,/panels/cau1/cells/0/train_curve,epoch measurements from the same runs
cau1,CELL-54f8564674b60cde,cau1-lr0005,train,single_epoch_accuracy,47,48,3,100.0,0.0,,/panels/cau1/cells/0/train_curve,epoch measurements from the same runs
cau1,CELL-54f8564674b60cde,cau1-lr0005,train,single_epoch_accuracy,48,49,3,100.0,0.0,,/panels/cau1/cells/0/train_curve,epoch measurements from the same runs
cau1,CELL-54f8564674b60cde,cau1-lr0005,train,single_epoch_accuracy,49,50,3,100.0,0.0,,/panels/cau1/cells/0/train_curve,epoch measurements from the same runs
cau1,CELL-54f8564674b60cde,cau1-lr0005,train,single_epoch_accuracy,50,51,3,100.0,0.0,,/panels/cau1/cells/0/train_curve,epoch measurements from the same runs
cau1,CELL-54f8564674b60cde,cau1-lr0005,train,single_epoch_accuracy,51,52,3,100.0,0.0,,/panels/cau1/cells/0/train_curve,epoch measurements from the same runs
cau1,CELL-54f8564674b60cde,cau1-lr0005,train,single_epoch_accuracy,52,53,3,100.0,0.0,,/panels/cau1/cells/0/train_curve,epoch measurements from the same runs
cau1,CELL-54f8564674b60cde,cau1-lr0005,train,single_epoch_accuracy,53,54,3,100.0,0.0,,/panels/cau1/cells/0/train_curve,epoch measurements from the same runs
cau1,CELL-54f8564674b60cde,cau1-lr0005,train,single_epoch_accuracy,54,55,3,100.0,0.0,,/panels/cau1/cells/0/train_curve,epoch measurements from the same runs
cau1,CELL-54f8564674b60cde,cau1-lr0005,train,single_epoch_accuracy,55,56,3,100.0,0.0,,/panels/cau1/cells/0/train_curve,epoch measurements from the same runs
cau1,CELL-54f8564674b60cde,cau1-lr0005,train,single_epoch_accuracy,56,57,3,100.0,0.0,,/panels/cau1/cells/0/train_curve,epoch measurements from the same runs
cau1,CELL-54f8564674b60cde,cau1-lr0005,train,single_epoch_accuracy,57,58,3,100.0,0.0,,/panels/cau1/cells/0/train_curve,epoch measurements from the same runs
cau1,CELL-54f8564674b60cde,cau1-lr0005,train,single_epoch_accuracy,58,59,3,100.0,0.0,,/panels/cau1/cells/0/train_curve,epoch measurements from the same runs
cau1,CELL-54f8564674b60cde,cau1-lr0005,train,single_epoch_accuracy,59,60,3,100.0,0.0,,/panels/cau1/cells/0/train_curve,epoch measurements from the same runs
cau1,CELL-54f8564674b60cde,cau1-lr0005,train,single_epoch_accuracy,60,61,3,100.0,0.0,,/panels/cau1/cells/0/train_curve,epoch measurements from the same runs
cau1,CELL-54f8564674b60cde,cau1-lr0005,train,single_epoch_accuracy,61,62,3,100.0,0.0,,/panels/cau1/cells/0/train_curve,epoch measurements from the same runs
cau1,CELL-54f8564674b60cde,cau1-lr0005,train,single_epoch_accuracy,62,63,3,100.0,0.0,,/panels/cau1/cells/0/train_curve,epoch measurements from the same runs
cau1,CELL-54f8564674b60cde,cau1-lr0005,train,single_epoch_accuracy,63,64,3,100.0,0.0,,/panels/cau1/cells/0/train_curve,epoch measurements from the same runs
cau1,CELL-54f8564674b60cde,cau1-lr0005,train,single_epoch_accuracy,64,65,3,100.0,0.0,,/panels/cau1/cells/0/train_curve,epoch measurements from the same runs
cau1,CELL-54f8564674b60cde,cau1-lr0005,train,single_epoch_accuracy,65,66,3,100.0,0.0,,/panels/cau1/cells/0/train_curve,epoch measurements from the same runs
cau1,CELL-54f8564674b60cde,cau1-lr0005,train,single_epoch_accuracy,66,67,3,100.0,0.0,,/panels/cau1/cells/0/train_curve,epoch measurements from the same runs
cau1,CELL-54f8564674b60cde,cau1-lr0005,train,single_epoch_accuracy,67,68,3,100.0,0.0,,/panels/cau1/cells/0/train_curve,epoch measurements from the same runs
cau1,CELL-54f8564674b60cde,cau1-lr0005,train,single_epoch_accuracy,68,69,3,100.0,0.0,,/panels/cau1/cells/0/train_curve,epoch measurements from the same runs
cau1,CELL-54f8564674b60cde,cau1-lr0005,train,single_epoch_accuracy,69,70,3,100.0,0.0,,/panels/cau1/cells/0/train_curve,epoch measurements from the same runs
cau1,CELL-54f8564674b60cde,cau1-lr0005,train,single_epoch_accuracy,70,71,3,100.0,0.0,,/panels/cau1/cells/0/train_curve,epoch measurements from the same runs
cau1,CELL-54f8564674b60cde,cau1-lr0005,train,single_epoch_accuracy,71,72,3,100.0,0.0,,/panels/cau1/cells/0/train_curve,epoch measurements from the same runs
cau1,CELL-54f8564674b60cde,cau1-lr0005,train,single_epoch_accuracy,72,73,3,100.0,0.0,,/panels/cau1/cells/0/train_curve,epoch measurements from the same runs
cau1,CELL-54f8564674b60cde,cau1-lr0005,train,single_epoch_accuracy,73,74,3,100.0,0.0,,/panels/cau1/cells/0/train_curve,epoch measurements from the same runs
cau1,CELL-54f8564674b60cde,cau1-lr0005,train,single_epoch_accuracy,74,75,3,100.0,0.0,,/panels/cau1/cells/0/train_curve,epoch measurements from the same runs
cau1,CELL-54f8564674b60cde,cau1-lr0005,train,single_epoch_accuracy,75,76,3,100.0,0.0,,/panels/cau1/cells/0/train_curve,epoch measurements from the same runs
cau1,CELL-54f8564674b60cde,cau1-lr0005,train,single_epoch_accuracy,76,77,3,100.0,0.0,,/panels/cau1/cells/0/train_curve,epoch measurements from the same runs
cau1,CELL-54f8564674b60cde,cau1-lr0005,train,single_epoch_accuracy,77,78,3,100.0,0.0,,/panels/cau1/cells/0/train_curve,epoch measurements from the same runs
cau1,CELL-54f8564674b60cde,cau1-lr0005,train,single_epoch_accuracy,78,79,3,100.0,0.0,,/panels/cau1/cells/0/train_curve,epoch measurements from the same runs
cau1,CELL-54f8564674b60cde,cau1-lr0005,train,single_epoch_accuracy,79,80,3,100.0,0.0,,/panels/cau1/cells/0/train_curve,epoch measurements from the same runs
cau1,CELL-54f8564674b60cde,cau1-lr0005,train,single_epoch_accuracy,80,81,3,100.0,0.0,,/panels/cau1/cells/0/train_curve,epoch measurements from the same runs
cau1,CELL-54f8564674b60cde,cau1-lr0005,train,single_epoch_accuracy,81,82,3,100.0,0.0,,/panels/cau1/cells/0/train_curve,epoch measurements from the same runs
cau1,CELL-54f8564674b60cde,cau1-lr0005,train,single_epoch_accuracy,82,83,3,100.0,0.0,,/panels/cau1/cells/0/train_curve,epoch measurements from the same runs
cau1,CELL-54f8564674b60cde,cau1-lr0005,train,single_epoch_accuracy,83,84,3,100.0,0.0,,/panels/cau1/cells/0/train_curve,epoch measurements from the same runs
cau1,CELL-54f8564674b60cde,cau1-lr0005,train,single_epoch_accuracy,84,85,3,100.0,0.0,,/panels/cau1/cells/0/train_curve,epoch measurements from the same runs
cau1,CELL-54f8564674b60cde,cau1-lr0005,train,single_epoch_accuracy,85,86,3,100.0,0.0,,/panels/cau1/cells/0/train_curve,epoch measurements from the same runs
cau1,CELL-54f8564674b60cde,cau1-lr0005,train,single_epoch_accuracy,86,87,3,100.0,0.0,,/panels/cau1/cells/0/train_curve,epoch measurements from the same runs
cau1,CELL-54f8564674b60cde,cau1-lr0005,train,single_epoch_accuracy,87,88,3,100.0,0.0,,/panels/cau1/cells/0/train_curve,epoch measurements from the same runs
cau1,CELL-54f8564674b60cde,cau1-lr0005,train,single_epoch_accuracy,88,89,3,100.0,0.0,,/panels/cau1/cells/0/train_curve,epoch measurements from the same runs
cau1,CELL-54f8564674b60cde,cau1-lr0005,train,single_epoch_accuracy,89,90,3,100.0,0.0,,/panels/cau1/cells/0/train_curve,epoch measurements from the same runs
cau1,CELL-54f8564674b60cde,cau1-lr0005,train,single_epoch_accuracy,90,91,3,100.0,0.0,,/panels/cau1/cells/0/train_curve,epoch measurements from the same runs
cau1,CELL-54f8564674b60cde,cau1-lr0005,train,single_epoch_accuracy,91,92,3,100.0,0.0,,/panels/cau1/cells/0/train_curve,epoch measurements from the same runs
cau1,CELL-54f8564674b60cde,cau1-lr0005,train,single_epoch_accuracy,92,93,3,100.0,0.0,,/panels/cau1/cells/0/train_curve,epoch measurements from the same runs
cau1,CELL-54f8564674b60cde,cau1-lr0005,train,single_epoch_accuracy,93,94,3,100.0,0.0,,/panels/cau1/cells/0/train_curve,epoch measurements from the same runs
cau1,CELL-54f8564674b60cde,cau1-lr0005,train,single_epoch_accuracy,94,95,3,100.0,0.0,,/panels/cau1/cells/0/train_curve,epoch measurements from the same runs
cau1,CELL-54f8564674b60cde,cau1-lr0005,train,single_epoch_accuracy,95,96,3,100.0,0.0,,/panels/cau1/cells/0/train_curve,epoch measurements from the same runs
cau1,CELL-54f8564674b60cde,cau1-lr0005,train,single_epoch_accuracy,96,97,3,100.0,0.0,,/panels/cau1/cells/0/train_curve,epoch measurements from the same runs
cau1,CELL-54f8564674b60cde,cau1-lr0005,train,single_epoch_accuracy,97,98,3,100.0,0.0,,/panels/cau1/cells/0/train_curve,epoch measurements from the same runs
cau1,CELL-54f8564674b60cde,cau1-lr0005,train,single_epoch_accuracy,98,99,3,100.0,0.0,,/panels/cau1/cells/0/train_curve,epoch measurements from the same runs
cau1,CELL-54f8564674b60cde,cau1-lr0005,train,single_epoch_accuracy,99,100,3,100.0,0.0,,/panels/cau1/cells/0/train_curve,epoch measurements from the same runs
cau1,CELL-99b2dcffcb2e2c05,cau1-lr001,test,single_epoch_accuracy,0,1,3,54.1,4.625267559828293,,/panels/cau1/cells/1/test_curve,epoch measurements from the same runs
cau1,CELL-99b2dcffcb2e2c05,cau1-lr001,test,single_epoch_accuracy,1,2,3,64.05333333333334,5.962485499632965,,/panels/cau1/cells/1/test_curve,epoch measurements from the same runs
cau1,CELL-99b2dcffcb2e2c05,cau1-lr001,test,single_epoch_accuracy,2,3,3,75.0,0.7152621896899074,,/panels/cau1/cells/1/test_curve,epoch measurements from the same runs
cau1,CELL-99b2dcffcb2e2c05,cau1-lr001,test,single_epoch_accuracy,3,4,3,77.93666666666667,1.0319560714164833,,/panels/cau1/cells/1/test_curve,epoch measurements from the same runs
cau1,CELL-99b2dcffcb2e2c05,cau1-lr001,test,single_epoch_accuracy,4,5,3,77.95333333333333,1.1164377874890055,,/panels/cau1/cells/1/test_curve,epoch measurements from the same runs
cau1,CELL-99b2dcffcb2e2c05,cau1-lr001,test,single_epoch_accuracy,5,6,3,79.52,2.415947019286638,,/panels/cau1/cells/1/test_curve,epoch measurements from the same runs
cau1,CELL-99b2dcffcb2e2c05,cau1-lr001,test,single_epoch_accuracy,6,7,3,78.94,2.585130557631474,,/panels/cau1/cells/1/test_curve,epoch measurements from the same runs
cau1,CELL-99b2dcffcb2e2c05,cau1-lr001,test,single_epoch_accuracy,7,8,3,80.07000000000001,1.9150195821453098,,/panels/cau1/cells/1/test_curve,epoch measurements from the same runs
cau1,CELL-99b2dcffcb2e2c05,cau1-lr001,test,single_epoch_accuracy,8,9,3,80.36666666666666,0.710023473790361,,/panels/cau1/cells/1/test_curve,epoch measurements from the same runs
cau1,CELL-99b2dcffcb2e2c05,cau1-lr001,test,single_epoch_accuracy,9,10,3,81.46666666666667,0.8562904491662447,,/panels/cau1/cells/1/test_curve,epoch measurements from the same runs
cau1,CELL-99b2dcffcb2e2c05,cau1-lr001,test,single_epoch_accuracy,10,11,3,80.99,0.7892401408950275,,/panels/cau1/cells/1/test_curve,epoch measurements from the same runs
cau1,CELL-99b2dcffcb2e2c05,cau1-lr001,test,single_epoch_accuracy,11,12,3,82.42,1.2124355652982102,,/panels/cau1/cells/1/test_curve,epoch measurements from the same runs
cau1,CELL-99b2dcffcb2e2c05,cau1-lr001,test,single_epoch_accuracy,12,13,3,82.66666666666667,0.8467191584777931,,/panels/cau1/cells/1/test_curve,epoch measurements from the same runs
cau1,CELL-99b2dcffcb2e2c05,cau1-lr001,test,single_epoch_accuracy,13,14,3,84.12,1.050761628534272,,/panels/cau1/cells/1/test_curve,epoch measurements from the same runs
cau1,CELL-99b2dcffcb2e2c05,cau1-lr001,test,single_epoch_accuracy,14,15,3,83.34,1.995469869479371,,/panels/cau1/cells/1/test_curve,epoch measurements from the same runs
cau1,CELL-99b2dcffcb2e2c05,cau1-lr001,test,single_epoch_accuracy,15,16,3,84.85333333333332,1.7401532499562617,,/panels/cau1/cells/1/test_curve,epoch measurements from the same runs
cau1,CELL-99b2dcffcb2e2c05,cau1-lr001,test,single_epoch_accuracy,16,17,3,85.52333333333333,0.8630952052545128,,/panels/cau1/cells/1/test_curve,epoch measurements from the same runs
cau1,CELL-99b2dcffcb2e2c05,cau1-lr001,test,single_epoch_accuracy,17,18,3,86.37,0.7213182376732239,,/panels/cau1/cells/1/test_curve,epoch measurements from the same runs
cau1,CELL-99b2dcffcb2e2c05,cau1-lr001,test,single_epoch_accuracy,18,19,3,86.55,0.41036569057366046,,/panels/cau1/cells/1/test_curve,epoch measurements from the same runs
cau1,CELL-99b2dcffcb2e2c05,cau1-lr001,test,single_epoch_accuracy,19,20,3,86.70666666666666,0.34268547289509443,,/panels/cau1/cells/1/test_curve,epoch measurements from the same runs
cau1,CELL-99b2dcffcb2e2c05,cau1-lr001,test,single_epoch_accuracy,20,21,3,86.72333333333333,0.37112441759244513,,/panels/cau1/cells/1/test_curve,epoch measurements from the same runs
cau1,CELL-99b2dcffcb2e2c05,cau1-lr001,test,single_epoch_accuracy,21,22,3,86.77,0.36166282640050207,,/panels/cau1/cells/1/test_curve,epoch measurements from the same runs
cau1,CELL-99b2dcffcb2e2c05,cau1-lr001,test,single_epoch_accuracy,22,23,3,86.87666666666667,0.4868606919164168,,/panels/cau1/cells/1/test_curve,epoch measurements from the same runs
cau1,CELL-99b2dcffcb2e2c05,cau1-lr001,test,single_epoch_accuracy,23,24,3,86.88666666666667,0.35641735835020216,,/panels/cau1/cells/1/test_curve,epoch measurements from the same runs
cau1,CELL-99b2dcffcb2e2c05,cau1-lr001,test,single_epoch_accuracy,24,25,3,86.97333333333333,0.44523402086243763,,/panels/cau1/cells/1/test_curve,epoch measurements from the same runs
cau1,CELL-99b2dcffcb2e2c05,cau1-lr001,test,single_epoch_accuracy,25,26,3,87.06,0.3858756276314999,,/panels/cau1/cells/1/test_curve,epoch measurements from the same runs
cau1,CELL-99b2dcffcb2e2c05,cau1-lr001,test,single_epoch_accuracy,26,27,3,87.05333333333333,0.38109491381194716,,/panels/cau1/cells/1/test_curve,epoch measurements from the same runs
cau1,CELL-99b2dcffcb2e2c05,cau1-lr001,test,single_epoch_accuracy,27,28,3,87.10333333333332,0.2668957349478142,,/panels/cau1/cells/1/test_curve,epoch measurements from the same runs
cau1,CELL-99b2dcffcb2e2c05,cau1-lr001,test,single_epoch_accuracy,28,29,3,87.14,0.42532340636273736,,/panels/cau1/cells/1/test_curve,epoch measurements from the same runs
cau1,CELL-99b2dcffcb2e2c05,cau1-lr001,test,single_epoch_accuracy,29,30,3,87.19666666666667,0.24542480178933712,,/panels/cau1/cells/1/test_curve,epoch measurements from the same runs
cau1,CELL-99b2dcffcb2e2c05,cau1-lr001,test,single_epoch_accuracy,30,31,3,87.22,0.376430604494376,,/panels/cau1/cells/1/test_curve,epoch measurements from the same runs
cau1,CELL-99b2dcffcb2e2c05,cau1-lr001,test,single_epoch_accuracy,31,32,3,87.25,0.298663690461364,,/panels/cau1/cells/1/test_curve,epoch measurements from the same runs
cau1,CELL-99b2dcffcb2e2c05,cau1-lr001,test,single_epoch_accuracy,32,33,3,87.28,0.4386342439892303,,/panels/cau1/cells/1/test_curve,epoch measurements from the same runs
cau1,CELL-99b2dcffcb2e2c05,cau1-lr001,test,single_epoch_accuracy,33,34,3,87.30333333333333,0.32516662395352774,,/panels/cau1/cells/1/test_curve,epoch measurements from the same runs
cau1,CELL-99b2dcffcb2e2c05,cau1-lr001,test,single_epoch_accuracy,34,35,3,87.19333333333334,0.27428695436227696,,/panels/cau1/cells/1/test_curve,epoch measurements from the same runs
cau1,CELL-99b2dcffcb2e2c05,cau1-lr001,test,single_epoch_accuracy,35,36,3,87.3,0.3935733730830909,,/panels/cau1/cells/1/test_curve,epoch measurements from the same runs
cau1,CELL-99b2dcffcb2e2c05,cau1-lr001,test,single_epoch_accuracy,36,37,3,87.24666666666667,0.28936712552280913,,/panels/cau1/cells/1/test_curve,epoch measurements from the same runs
cau1,CELL-99b2dcffcb2e2c05,cau1-lr001,test,single_epoch_accuracy,37,38,3,87.37,0.44170125650715175,,/panels/cau1/cells/1/test_curve,epoch measurements from the same runs
cau1,CELL-99b2dcffcb2e2c05,cau1-lr001,test,single_epoch_accuracy,38,39,3,87.36666666666666,0.37740340927624466,,/panels/cau1/cells/1/test_curve,epoch measurements from the same runs
cau1,CELL-99b2dcffcb2e2c05,cau1-lr001,test,single_epoch_accuracy,39,40,3,87.32666666666667,0.25540817005987615,,/panels/cau1/cells/1/test_curve,epoch measurements from the same runs
cau1,CELL-99b2dcffcb2e2c05,cau1-lr001,test,single_epoch_accuracy,40,41,3,87.29333333333334,0.1903505538035874,,/panels/cau1/cells/1/test_curve,epoch measurements from the same runs
cau1,CELL-99b2dcffcb2e2c05,cau1-lr001,test,single_epoch_accuracy,41,42,3,87.3,0.35510561809129104,,/panels/cau1/cells/1/test_curve,epoch measurements from the same runs
cau1,CELL-99b2dcffcb2e2c05,cau1-lr001,test,single_epoch_accuracy,42,43,3,87.36666666666666,0.4437717130838036,,/panels/cau1/cells/1/test_curve,epoch measurements from the same runs
cau1,CELL-99b2dcffcb2e2c05,cau1-lr001,test,single_epoch_accuracy,43,44,3,87.36333333333333,0.32746501085358076,,/panels/cau1/cells/1/test_curve,epoch measurements from the same runs
cau1,CELL-99b2dcffcb2e2c05,cau1-lr001,test,single_epoch_accuracy,44,45,3,87.37333333333333,0.3156474826976057,,/panels/cau1/cells/1/test_curve,epoch measurements from the same runs
cau1,CELL-99b2dcffcb2e2c05,cau1-lr001,test,single_epoch_accuracy,45,46,3,87.36,0.3500000000000045,,/panels/cau1/cells/1/test_curve,epoch measurements from the same runs
cau1,CELL-99b2dcffcb2e2c05,cau1-lr001,test,single_epoch_accuracy,46,47,3,87.31333333333333,0.37287173844813043,,/panels/cau1/cells/1/test_curve,epoch measurements from the same runs
cau1,CELL-99b2dcffcb2e2c05,cau1-lr001,test,single_epoch_accuracy,47,48,3,87.34333333333333,0.35571524191877807,,/panels/cau1/cells/1/test_curve,epoch measurements from the same runs
cau1,CELL-99b2dcffcb2e2c05,cau1-lr001,test,single_epoch_accuracy,48,49,3,87.32666666666667,0.40513372277969345,,/panels/cau1/cells/1/test_curve,epoch measurements from the same runs
cau1,CELL-99b2dcffcb2e2c05,cau1-lr001,test,single_epoch_accuracy,49,50,3,87.30333333333333,0.3372437298651128,,/panels/cau1/cells/1/test_curve,epoch measurements from the same runs
cau1,CELL-99b2dcffcb2e2c05,cau1-lr001,test,single_epoch_accuracy,50,51,3,87.36,0.3559494346111512,,/panels/cau1/cells/1/test_curve,epoch measurements from the same runs
cau1,CELL-99b2dcffcb2e2c05,cau1-lr001,test,single_epoch_accuracy,51,52,3,87.33,0.3659234892706411,,/panels/cau1/cells/1/test_curve,epoch measurements from the same runs
cau1,CELL-99b2dcffcb2e2c05,cau1-lr001,test,single_epoch_accuracy,52,53,3,87.29333333333334,0.2685764943797799,,/panels/cau1/cells/1/test_curve,epoch measurements from the same runs
cau1,CELL-99b2dcffcb2e2c05,cau1-lr001,test,single_epoch_accuracy,53,54,3,87.24333333333333,0.34443189941312874,,/panels/cau1/cells/1/test_curve,epoch measurements from the same runs
cau1,CELL-99b2dcffcb2e2c05,cau1-lr001,test,single_epoch_accuracy,54,55,3,87.26,0.3905124837953269,,/panels/cau1/cells/1/test_curve,epoch measurements from the same runs
cau1,CELL-99b2dcffcb2e2c05,cau1-lr001,test,single_epoch_accuracy,55,56,3,87.22333333333333,0.29263173671584924,,/panels/cau1/cells/1/test_curve,epoch measurements from the same runs
cau1,CELL-99b2dcffcb2e2c05,cau1-lr001,test,single_epoch_accuracy,56,57,3,87.28666666666666,0.2478574859336122,,/panels/cau1/cells/1/test_curve,epoch measurements from the same runs
cau1,CELL-99b2dcffcb2e2c05,cau1-lr001,test,single_epoch_accuracy,57,58,3,87.22333333333333,0.38083242158898967,,/panels/cau1/cells/1/test_curve,epoch measurements from the same runs
cau1,CELL-99b2dcffcb2e2c05,cau1-lr001,test,single_epoch_accuracy,58,59,3,87.26666666666667,0.3118225991382504,,/panels/cau1/cells/1/test_curve,epoch measurements from the same runs
cau1,CELL-99b2dcffcb2e2c05,cau1-lr001,test,single_epoch_accuracy,59,60,3,87.22333333333333,0.36350149013907707,,/panels/cau1/cells/1/test_curve,epoch measurements from the same runs
cau1,CELL-99b2dcffcb2e2c05,cau1-lr001,test,single_epoch_accuracy,60,61,3,87.26666666666667,0.2858904218985547,,/panels/cau1/cells/1/test_curve,epoch measurements from the same runs
cau1,CELL-99b2dcffcb2e2c05,cau1-lr001,test,single_epoch_accuracy,61,62,3,87.22333333333333,0.40918618419166713,,/panels/cau1/cells/1/test_curve,epoch measurements from the same runs
cau1,CELL-99b2dcffcb2e2c05,cau1-lr001,test,single_epoch_accuracy,62,63,3,87.15333333333334,0.27428695436227696,,/panels/cau1/cells/1/test_curve,epoch measurements from the same runs
cau1,CELL-99b2dcffcb2e2c05,cau1-lr001,test,single_epoch_accuracy,63,64,3,87.18666666666667,0.27790885796126263,,/panels/cau1/cells/1/test_curve,epoch measurements from the same runs
cau1,CELL-99b2dcffcb2e2c05,cau1-lr001,test,single_epoch_accuracy,64,65,3,87.18666666666667,0.2665207934352083,,/panels/cau1/cells/1/test_curve,epoch measurements from the same runs
cau1,CELL-99b2dcffcb2e2c05,cau1-lr001,test,single_epoch_accuracy,65,66,3,87.06666666666666,0.2631222782915432,,/panels/cau1/cells/1/test_curve,epoch measurements from the same runs
cau1,CELL-99b2dcffcb2e2c05,cau1-lr001,test,single_epoch_accuracy,66,67,3,87.19333333333333,0.24131583730317618,,/panels/cau1/cells/1/test_curve,epoch measurements from the same runs
cau1,CELL-99b2dcffcb2e2c05,cau1-lr001,test,single_epoch_accuracy,67,68,3,87.16333333333334,0.37287173844813354,,/panels/cau1/cells/1/test_curve,epoch measurements from the same runs
cau1,CELL-99b2dcffcb2e2c05,cau1-lr001,test,single_epoch_accuracy,68,69,3,87.11,0.33286633954186046,,/panels/cau1/cells/1/test_curve,epoch measurements from the same runs
cau1,CELL-99b2dcffcb2e2c05,cau1-lr001,test,single_epoch_accuracy,69,70,3,87.11,0.2707397274136192,,/panels/cau1/cells/1/test_curve,epoch measurements from the same runs
cau1,CELL-99b2dcffcb2e2c05,cau1-lr001,test,single_epoch_accuracy,70,71,3,87.07666666666667,0.347754702819864,,/panels/cau1/cells/1/test_curve,epoch measurements from the same runs
cau1,CELL-99b2dcffcb2e2c05,cau1-lr001,test,single_epoch_accuracy,71,72,3,87.11333333333333,0.38109491381194716,,/panels/cau1/cells/1/test_curve,epoch measurements from the same runs
cau1,CELL-99b2dcffcb2e2c05,cau1-lr001,test,single_epoch_accuracy,72,73,3,87.1,0.3675595189897869,,/panels/cau1/cells/1/test_curve,epoch measurements from the same runs
cau1,CELL-99b2dcffcb2e2c05,cau1-lr001,test,single_epoch_accuracy,73,74,3,87.08333333333333,0.3557152419187722,,/panels/cau1/cells/1/test_curve,epoch measurements from the same runs
cau1,CELL-99b2dcffcb2e2c05,cau1-lr001,test,single_epoch_accuracy,74,75,3,87.03,0.255147016443455,,/panels/cau1/cells/1/test_curve,epoch measurements from the same runs
cau1,CELL-99b2dcffcb2e2c05,cau1-lr001,test,single_epoch_accuracy,75,76,3,87.06333333333333,0.32145502536643494,,/panels/cau1/cells/1/test_curve,epoch measurements from the same runs
cau1,CELL-99b2dcffcb2e2c05,cau1-lr001,test,single_epoch_accuracy,76,77,3,87.05666666666666,0.37740340927624466,,/panels/cau1/cells/1/test_curve,epoch measurements from the same runs
cau1,CELL-99b2dcffcb2e2c05,cau1-lr001,test,single_epoch_accuracy,77,78,3,87.02333333333333,0.30924639582917074,,/panels/cau1/cells/1/test_curve,epoch measurements from the same runs
cau1,CELL-99b2dcffcb2e2c05,cau1-lr001,test,single_epoch_accuracy,78,79,3,87.09666666666666,0.38423083339749836,,/panels/cau1/cells/1/test_curve,epoch measurements from the same runs
cau1,CELL-99b2dcffcb2e2c05,cau1-lr001,test,single_epoch_accuracy,79,80,3,87.03333333333333,0.3426854728950927,,/panels/cau1/cells/1/test_curve,epoch measurements from the same runs
cau1,CELL-99b2dcffcb2e2c05,cau1-lr001,test,single_epoch_accuracy,80,81,3,87.05,0.3746998799039022,,/panels/cau1/cells/1/test_curve,epoch measurements from the same runs
cau1,CELL-99b2dcffcb2e2c05,cau1-lr001,test,single_epoch_accuracy,81,82,3,87.10666666666667,0.345880518869356,,/panels/cau1/cells/1/test_curve,epoch measurements from the same runs
cau1,CELL-99b2dcffcb2e2c05,cau1-lr001,test,single_epoch_accuracy,82,83,3,87.06,0.34770677301427105,,/panels/cau1/cells/1/test_curve,epoch measurements from the same runs
cau1,CELL-99b2dcffcb2e2c05,cau1-lr001,test,single_epoch_accuracy,83,84,3,87.04,0.4063249930781959,,/panels/cau1/cells/1/test_curve,epoch measurements from the same runs
cau1,CELL-99b2dcffcb2e2c05,cau1-lr001,test,single_epoch_accuracy,84,85,3,87.04,0.3893584466786389,,/panels/cau1/cells/1/test_curve,epoch measurements from the same runs
cau1,CELL-99b2dcffcb2e2c05,cau1-lr001,test,single_epoch_accuracy,85,86,3,87.01,0.3746998799039101,,/panels/cau1/cells/1/test_curve,epoch measurements from the same runs
cau1,CELL-99b2dcffcb2e2c05,cau1-lr001,test,single_epoch_accuracy,86,87,3,87.14333333333333,0.4119870548128113,,/panels/cau1/cells/1/test_curve,epoch measurements from the same runs
cau1,CELL-99b2dcffcb2e2c05,cau1-lr001,test,single_epoch_accuracy,87,88,3,87.02333333333333,0.2715388247255541,,/panels/cau1/cells/1/test_curve,epoch measurements from the same runs
cau1,CELL-99b2dcffcb2e2c05,cau1-lr001,test,single_epoch_accuracy,88,89,3,86.97,0.3772267222772021,,/panels/cau1/cells/1/test_curve,epoch measurements from the same runs
cau1,CELL-99b2dcffcb2e2c05,cau1-lr001,test,single_epoch_accuracy,89,90,3,86.94666666666667,0.2730079363925724,,/panels/cau1/cells/1/test_curve,epoch measurements from the same runs
cau1,CELL-99b2dcffcb2e2c05,cau1-lr001,test,single_epoch_accuracy,90,91,3,87.01666666666667,0.4219399641339147,,/panels/cau1/cells/1/test_curve,epoch measurements from the same runs
cau1,CELL-99b2dcffcb2e2c05,cau1-lr001,test,single_epoch_accuracy,91,92,3,87.01333333333334,0.3370954365359076,,/panels/cau1/cells/1/test_curve,epoch measurements from the same runs
cau1,CELL-99b2dcffcb2e2c05,cau1-lr001,test,single_epoch_accuracy,92,93,3,87.03333333333333,0.36501141534661113,,/panels/cau1/cells/1/test_curve,epoch measurements from the same runs
cau1,CELL-99b2dcffcb2e2c05,cau1-lr001,test,single_epoch_accuracy,93,94,3,87.04333333333334,0.3611555528208487,,/panels/cau1/cells/1/test_curve,epoch measurements from the same runs
cau1,CELL-99b2dcffcb2e2c05,cau1-lr001,test,single_epoch_accuracy,94,95,3,87.04333333333334,0.36295086903510554,,/panels/cau1/cells/1/test_curve,epoch measurements from the same runs
cau1,CELL-99b2dcffcb2e2c05,cau1-lr001,test,single_epoch_accuracy,95,96,3,87.12,0.3746998799039101,,/panels/cau1/cells/1/test_curve,epoch measurements from the same runs
cau1,CELL-99b2dcffcb2e2c05,cau1-lr001,test,single_epoch_accuracy,96,97,3,87.08666666666667,0.40513372277969567,,/panels/cau1/cells/1/test_curve,epoch measurements from the same runs
cau1,CELL-99b2dcffcb2e2c05,cau1-lr001,test,single_epoch_accuracy,97,98,3,87.03666666666666,0.36774085078127033,,/panels/cau1/cells/1/test_curve,epoch measurements from the same runs
cau1,CELL-99b2dcffcb2e2c05,cau1-lr001,test,single_epoch_accuracy,98,99,3,87.09333333333333,0.41501004003919306,,/panels/cau1/cells/1/test_curve,epoch measurements from the same runs
cau1,CELL-99b2dcffcb2e2c05,cau1-lr001,test,single_epoch_accuracy,99,100,3,87.08666666666666,0.35360052790307317,,/panels/cau1/cells/1/test_curve,epoch measurements from the same runs
cau1,CELL-99b2dcffcb2e2c05,cau1-lr001,train,single_epoch_accuracy,0,1,3,44.736666666666665,0.26159765544311064,,/panels/cau1/cells/1/train_curve,epoch measurements from the same runs
cau1,CELL-99b2dcffcb2e2c05,cau1-lr001,train,single_epoch_accuracy,1,2,3,67.87,0.24433583445741344,,/panels/cau1/cells/1/train_curve,epoch measurements from the same runs
cau1,CELL-99b2dcffcb2e2c05,cau1-lr001,train,single_epoch_accuracy,2,3,3,78.07666666666667,0.27300793639258003,,/panels/cau1/cells/1/train_curve,epoch measurements from the same runs
cau1,CELL-99b2dcffcb2e2c05,cau1-lr001,train,single_epoch_accuracy,3,4,3,84.33333333333333,0.092915732431772,,/panels/cau1/cells/1/train_curve,epoch measurements from the same runs
cau1,CELL-99b2dcffcb2e2c05,cau1-lr001,train,single_epoch_accuracy,4,5,3,88.52,0.47791212581394654,,/panels/cau1/cells/1/train_curve,epoch measurements from the same runs
cau1,CELL-99b2dcffcb2e2c05,cau1-lr001,train,single_epoch_accuracy,5,6,3,92.07333333333334,0.07637626158260075,,/panels/cau1/cells/1/train_curve,epoch measurements from the same runs
cau1,CELL-99b2dcffcb2e2c05,cau1-lr001,train,single_epoch_accuracy,6,7,3,94.43666666666667,0.0907377172587754,,/panels/cau1/cells/1/train_curve,epoch measurements from the same runs
cau1,CELL-99b2dcffcb2e2c05,cau1-lr001,train,single_epoch_accuracy,7,8,3,96.1,0.1670329308849006,,/panels/cau1/cells/1/train_curve,epoch measurements from the same runs
cau1,CELL-99b2dcffcb2e2c05,cau1-lr001,train,single_epoch_accuracy,8,9,3,97.35666666666667,0.15534906930307926,,/panels/cau1/cells/1/train_curve,epoch measurements from the same runs
cau1,CELL-99b2dcffcb2e2c05,cau1-lr001,train,single_epoch_accuracy,9,10,3,98.01333333333334,0.26539279065817467,,/panels/cau1/cells/1/train_curve,epoch measurements from the same runs
cau1,CELL-99b2dcffcb2e2c05,cau1-lr001,train,single_epoch_accuracy,10,11,3,98.38333333333334,0.25026652459594606,,/panels/cau1/cells/1/train_curve,epoch measurements from the same runs
cau1,CELL-99b2dcffcb2e2c05,cau1-lr001,train,single_epoch_accuracy,11,12,3,98.57000000000001,0.11135528725659997,,/panels/cau1/cells/1/train_curve,epoch measurements from the same runs
cau1,CELL-99b2dcffcb2e2c05,cau1-lr001,train,single_epoch_accuracy,12,13,3,98.88666666666667,0.07637626158259919,,/panels/cau1/cells/1/train_curve,epoch measurements from the same runs
cau1,CELL-99b2dcffcb2e2c05,cau1-lr001,train,single_epoch_accuracy,13,14,3,99.36,0.2645751311064575,,/panels/cau1/cells/1/train_curve,epoch measurements from the same runs
cau1,CELL-99b2dcffcb2e2c05,cau1-lr001,train,single_epoch_accuracy,14,15,3,99.58,0.3080584360149866,,/panels/cau1/cells/1/train_curve,epoch measurements from the same runs
cau1,CELL-99b2dcffcb2e2c05,cau1-lr001,train,single_epoch_accuracy,15,16,3,99.68333333333334,0.30088757590391035,,/panels/cau1/cells/1/train_curve,epoch measurements from the same runs
cau1,CELL-99b2dcffcb2e2c05,cau1-lr001,train,single_epoch_accuracy,16,17,3,99.86333333333333,0.1650252505931499,,/panels/cau1/cells/1/train_curve,epoch measurements from the same runs
cau1,CELL-99b2dcffcb2e2c05,cau1-lr001,train,single_epoch_accuracy,17,18,3,99.96333333333334,0.05507570547285651,,/panels/cau1/cells/1/train_curve,epoch measurements from the same runs
cau1,CELL-99b2dcffcb2e2c05,cau1-lr001,train,single_epoch_accuracy,18,19,3,100.0,0.0,,/panels/cau1/cells/1/train_curve,epoch measurements from the same runs
cau1,CELL-99b2dcffcb2e2c05,cau1-lr001,train,single_epoch_accuracy,19,20,3,100.0,0.0,,/panels/cau1/cells/1/train_curve,epoch measurements from the same runs
cau1,CELL-99b2dcffcb2e2c05,cau1-lr001,train,single_epoch_accuracy,20,21,3,100.0,0.0,,/panels/cau1/cells/1/train_curve,epoch measurements from the same runs
cau1,CELL-99b2dcffcb2e2c05,cau1-lr001,train,single_epoch_accuracy,21,22,3,100.0,0.0,,/panels/cau1/cells/1/train_curve,epoch measurements from the same runs
cau1,CELL-99b2dcffcb2e2c05,cau1-lr001,train,single_epoch_accuracy,22,23,3,100.0,0.0,,/panels/cau1/cells/1/train_curve,epoch measurements from the same runs
cau1,CELL-99b2dcffcb2e2c05,cau1-lr001,train,single_epoch_accuracy,23,24,3,100.0,0.0,,/panels/cau1/cells/1/train_curve,epoch measurements from the same runs
cau1,CELL-99b2dcffcb2e2c05,cau1-lr001,train,single_epoch_accuracy,24,25,3,100.0,0.0,,/panels/cau1/cells/1/train_curve,epoch measurements from the same runs
cau1,CELL-99b2dcffcb2e2c05,cau1-lr001,train,single_epoch_accuracy,25,26,3,100.0,0.0,,/panels/cau1/cells/1/train_curve,epoch measurements from the same runs
cau1,CELL-99b2dcffcb2e2c05,cau1-lr001,train,single_epoch_accuracy,26,27,3,100.0,0.0,,/panels/cau1/cells/1/train_curve,epoch measurements from the same runs
cau1,CELL-99b2dcffcb2e2c05,cau1-lr001,train,single_epoch_accuracy,27,28,3,100.0,0.0,,/panels/cau1/cells/1/train_curve,epoch measurements from the same runs
cau1,CELL-99b2dcffcb2e2c05,cau1-lr001,train,single_epoch_accuracy,28,29,3,100.0,0.0,,/panels/cau1/cells/1/train_curve,epoch measurements from the same runs
cau1,CELL-99b2dcffcb2e2c05,cau1-lr001,train,single_epoch_accuracy,29,30,3,100.0,0.0,,/panels/cau1/cells/1/train_curve,epoch measurements from the same runs
cau1,CELL-99b2dcffcb2e2c05,cau1-lr001,train,single_epoch_accuracy,30,31,3,100.0,0.0,,/panels/cau1/cells/1/train_curve,epoch measurements from the same runs
cau1,CELL-99b2dcffcb2e2c05,cau1-lr001,train,single_epoch_accuracy,31,32,3,100.0,0.0,,/panels/cau1/cells/1/train_curve,epoch measurements from the same runs
cau1,CELL-99b2dcffcb2e2c05,cau1-lr001,train,single_epoch_accuracy,32,33,3,100.0,0.0,,/panels/cau1/cells/1/train_curve,epoch measurements from the same runs
cau1,CELL-99b2dcffcb2e2c05,cau1-lr001,train,single_epoch_accuracy,33,34,3,100.0,0.0,,/panels/cau1/cells/1/train_curve,epoch measurements from the same runs
cau1,CELL-99b2dcffcb2e2c05,cau1-lr001,train,single_epoch_accuracy,34,35,3,100.0,0.0,,/panels/cau1/cells/1/train_curve,epoch measurements from the same runs
cau1,CELL-99b2dcffcb2e2c05,cau1-lr001,train,single_epoch_accuracy,35,36,3,100.0,0.0,,/panels/cau1/cells/1/train_curve,epoch measurements from the same runs
cau1,CELL-99b2dcffcb2e2c05,cau1-lr001,train,single_epoch_accuracy,36,37,3,100.0,0.0,,/panels/cau1/cells/1/train_curve,epoch measurements from the same runs
cau1,CELL-99b2dcffcb2e2c05,cau1-lr001,train,single_epoch_accuracy,37,38,3,100.0,0.0,,/panels/cau1/cells/1/train_curve,epoch measurements from the same runs
cau1,CELL-99b2dcffcb2e2c05,cau1-lr001,train,single_epoch_accuracy,38,39,3,100.0,0.0,,/panels/cau1/cells/1/train_curve,epoch measurements from the same runs
cau1,CELL-99b2dcffcb2e2c05,cau1-lr001,train,single_epoch_accuracy,39,40,3,100.0,0.0,,/panels/cau1/cells/1/train_curve,epoch measurements from the same runs
cau1,CELL-99b2dcffcb2e2c05,cau1-lr001,train,single_epoch_accuracy,40,41,3,100.0,0.0,,/panels/cau1/cells/1/train_curve,epoch measurements from the same runs
cau1,CELL-99b2dcffcb2e2c05,cau1-lr001,train,single_epoch_accuracy,41,42,3,100.0,0.0,,/panels/cau1/cells/1/train_curve,epoch measurements from the same runs
cau1,CELL-99b2dcffcb2e2c05,cau1-lr001,train,single_epoch_accuracy,42,43,3,100.0,0.0,,/panels/cau1/cells/1/train_curve,epoch measurements from the same runs
cau1,CELL-99b2dcffcb2e2c05,cau1-lr001,train,single_epoch_accuracy,43,44,3,100.0,0.0,,/panels/cau1/cells/1/train_curve,epoch measurements from the same runs
cau1,CELL-99b2dcffcb2e2c05,cau1-lr001,train,single_epoch_accuracy,44,45,3,100.0,0.0,,/panels/cau1/cells/1/train_curve,epoch measurements from the same runs
cau1,CELL-99b2dcffcb2e2c05,cau1-lr001,train,single_epoch_accuracy,45,46,3,100.0,0.0,,/panels/cau1/cells/1/train_curve,epoch measurements from the same runs
cau1,CELL-99b2dcffcb2e2c05,cau1-lr001,train,single_epoch_accuracy,46,47,3,100.0,0.0,,/panels/cau1/cells/1/train_curve,epoch measurements from the same runs
cau1,CELL-99b2dcffcb2e2c05,cau1-lr001,train,single_epoch_accuracy,47,48,3,100.0,0.0,,/panels/cau1/cells/1/train_curve,epoch measurements from the same runs
cau1,CELL-99b2dcffcb2e2c05,cau1-lr001,train,single_epoch_accuracy,48,49,3,100.0,0.0,,/panels/cau1/cells/1/train_curve,epoch measurements from the same runs
cau1,CELL-99b2dcffcb2e2c05,cau1-lr001,train,single_epoch_accuracy,49,50,3,100.0,0.0,,/panels/cau1/cells/1/train_curve,epoch measurements from the same runs
cau1,CELL-99b2dcffcb2e2c05,cau1-lr001,train,single_epoch_accuracy,50,51,3,100.0,0.0,,/panels/cau1/cells/1/train_curve,epoch measurements from the same runs
cau1,CELL-99b2dcffcb2e2c05,cau1-lr001,train,single_epoch_accuracy,51,52,3,100.0,0.0,,/panels/cau1/cells/1/train_curve,epoch measurements from the same runs
cau1,CELL-99b2dcffcb2e2c05,cau1-lr001,train,single_epoch_accuracy,52,53,3,100.0,0.0,,/panels/cau1/cells/1/train_curve,epoch measurements from the same runs
cau1,CELL-99b2dcffcb2e2c05,cau1-lr001,train,single_epoch_accuracy,53,54,3,100.0,0.0,,/panels/cau1/cells/1/train_curve,epoch measurements from the same runs
cau1,CELL-99b2dcffcb2e2c05,cau1-lr001,train,single_epoch_accuracy,54,55,3,100.0,0.0,,/panels/cau1/cells/1/train_curve,epoch measurements from the same runs
cau1,CELL-99b2dcffcb2e2c05,cau1-lr001,train,single_epoch_accuracy,55,56,3,100.0,0.0,,/panels/cau1/cells/1/train_curve,epoch measurements from the same runs
cau1,CELL-99b2dcffcb2e2c05,cau1-lr001,train,single_epoch_accuracy,56,57,3,100.0,0.0,,/panels/cau1/cells/1/train_curve,epoch measurements from the same runs
cau1,CELL-99b2dcffcb2e2c05,cau1-lr001,train,single_epoch_accuracy,57,58,3,100.0,0.0,,/panels/cau1/cells/1/train_curve,epoch measurements from the same runs
cau1,CELL-99b2dcffcb2e2c05,cau1-lr001,train,single_epoch_accuracy,58,59,3,100.0,0.0,,/panels/cau1/cells/1/train_curve,epoch measurements from the same runs
cau1,CELL-99b2dcffcb2e2c05,cau1-lr001,train,single_epoch_accuracy,59,60,3,100.0,0.0,,/panels/cau1/cells/1/train_curve,epoch measurements from the same runs
cau1,CELL-99b2dcffcb2e2c05,cau1-lr001,train,single_epoch_accuracy,60,61,3,100.0,0.0,,/panels/cau1/cells/1/train_curve,epoch measurements from the same runs
cau1,CELL-99b2dcffcb2e2c05,cau1-lr001,train,single_epoch_accuracy,61,62,3,100.0,0.0,,/panels/cau1/cells/1/train_curve,epoch measurements from the same runs
cau1,CELL-99b2dcffcb2e2c05,cau1-lr001,train,single_epoch_accuracy,62,63,3,100.0,0.0,,/panels/cau1/cells/1/train_curve,epoch measurements from the same runs
cau1,CELL-99b2dcffcb2e2c05,cau1-lr001,train,single_epoch_accuracy,63,64,3,100.0,0.0,,/panels/cau1/cells/1/train_curve,epoch measurements from the same runs
cau1,CELL-99b2dcffcb2e2c05,cau1-lr001,train,single_epoch_accuracy,64,65,3,100.0,0.0,,/panels/cau1/cells/1/train_curve,epoch measurements from the same runs
cau1,CELL-99b2dcffcb2e2c05,cau1-lr001,train,single_epoch_accuracy,65,66,3,100.0,0.0,,/panels/cau1/cells/1/train_curve,epoch measurements from the same runs
cau1,CELL-99b2dcffcb2e2c05,cau1-lr001,train,single_epoch_accuracy,66,67,3,100.0,0.0,,/panels/cau1/cells/1/train_curve,epoch measurements from the same runs
cau1,CELL-99b2dcffcb2e2c05,cau1-lr001,train,single_epoch_accuracy,67,68,3,100.0,0.0,,/panels/cau1/cells/1/train_curve,epoch measurements from the same runs
cau1,CELL-99b2dcffcb2e2c05,cau1-lr001,train,single_epoch_accuracy,68,69,3,100.0,0.0,,/panels/cau1/cells/1/train_curve,epoch measurements from the same runs
cau1,CELL-99b2dcffcb2e2c05,cau1-lr001,train,single_epoch_accuracy,69,70,3,100.0,0.0,,/panels/cau1/cells/1/train_curve,epoch measurements from the same runs
cau1,CELL-99b2dcffcb2e2c05,cau1-lr001,train,single_epoch_accuracy,70,71,3,100.0,0.0,,/panels/cau1/cells/1/train_curve,epoch measurements from the same runs
cau1,CELL-99b2dcffcb2e2c05,cau1-lr001,train,single_epoch_accuracy,71,72,3,100.0,0.0,,/panels/cau1/cells/1/train_curve,epoch measurements from the same runs
cau1,CELL-99b2dcffcb2e2c05,cau1-lr001,train,single_epoch_accuracy,72,73,3,100.0,0.0,,/panels/cau1/cells/1/train_curve,epoch measurements from the same runs
cau1,CELL-99b2dcffcb2e2c05,cau1-lr001,train,single_epoch_accuracy,73,74,3,100.0,0.0,,/panels/cau1/cells/1/train_curve,epoch measurements from the same runs
cau1,CELL-99b2dcffcb2e2c05,cau1-lr001,train,single_epoch_accuracy,74,75,3,100.0,0.0,,/panels/cau1/cells/1/train_curve,epoch measurements from the same runs
cau1,CELL-99b2dcffcb2e2c05,cau1-lr001,train,single_epoch_accuracy,75,76,3,100.0,0.0,,/panels/cau1/cells/1/train_curve,epoch measurements from the same runs
cau1,CELL-99b2dcffcb2e2c05,cau1-lr001,train,single_epoch_accuracy,76,77,3,100.0,0.0,,/panels/cau1/cells/1/train_curve,epoch measurements from the same runs
cau1,CELL-99b2dcffcb2e2c05,cau1-lr001,train,single_epoch_accuracy,77,78,3,100.0,0.0,,/panels/cau1/cells/1/train_curve,epoch measurements from the same runs
cau1,CELL-99b2dcffcb2e2c05,cau1-lr001,train,single_epoch_accuracy,78,79,3,100.0,0.0,,/panels/cau1/cells/1/train_curve,epoch measurements from the same runs
cau1,CELL-99b2dcffcb2e2c05,cau1-lr001,train,single_epoch_accuracy,79,80,3,100.0,0.0,,/panels/cau1/cells/1/train_curve,epoch measurements from the same runs
cau1,CELL-99b2dcffcb2e2c05,cau1-lr001,train,single_epoch_accuracy,80,81,3,100.0,0.0,,/panels/cau1/cells/1/train_curve,epoch measurements from the same runs
cau1,CELL-99b2dcffcb2e2c05,cau1-lr001,train,single_epoch_accuracy,81,82,3,100.0,0.0,,/panels/cau1/cells/1/train_curve,epoch measurements from the same runs
cau1,CELL-99b2dcffcb2e2c05,cau1-lr001,train,single_epoch_accuracy,82,83,3,100.0,0.0,,/panels/cau1/cells/1/train_curve,epoch measurements from the same runs
cau1,CELL-99b2dcffcb2e2c05,cau1-lr001,train,single_epoch_accuracy,83,84,3,100.0,0.0,,/panels/cau1/cells/1/train_curve,epoch measurements from the same runs
cau1,CELL-99b2dcffcb2e2c05,cau1-lr001,train,single_epoch_accuracy,84,85,3,100.0,0.0,,/panels/cau1/cells/1/train_curve,epoch measurements from the same runs
cau1,CELL-99b2dcffcb2e2c05,cau1-lr001,train,single_epoch_accuracy,85,86,3,100.0,0.0,,/panels/cau1/cells/1/train_curve,epoch measurements from the same runs
cau1,CELL-99b2dcffcb2e2c05,cau1-lr001,train,single_epoch_accuracy,86,87,3,100.0,0.0,,/panels/cau1/cells/1/train_curve,epoch measurements from the same runs
cau1,CELL-99b2dcffcb2e2c05,cau1-lr001,train,single_epoch_accuracy,87,88,3,100.0,0.0,,/panels/cau1/cells/1/train_curve,epoch measurements from the same runs
cau1,CELL-99b2dcffcb2e2c05,cau1-lr001,train,single_epoch_accuracy,88,89,3,100.0,0.0,,/panels/cau1/cells/1/train_curve,epoch measurements from the same runs
cau1,CELL-99b2dcffcb2e2c05,cau1-lr001,train,single_epoch_accuracy,89,90,3,100.0,0.0,,/panels/cau1/cells/1/train_curve,epoch measurements from the same runs
cau1,CELL-99b2dcffcb2e2c05,cau1-lr001,train,single_epoch_accuracy,90,91,3,100.0,0.0,,/panels/cau1/cells/1/train_curve,epoch measurements from the same runs
cau1,CELL-99b2dcffcb2e2c05,cau1-lr001,train,single_epoch_accuracy,91,92,3,100.0,0.0,,/panels/cau1/cells/1/train_curve,epoch measurements from the same runs
cau1,CELL-99b2dcffcb2e2c05,cau1-lr001,train,single_epoch_accuracy,92,93,3,100.0,0.0,,/panels/cau1/cells/1/train_curve,epoch measurements from the same runs
cau1,CELL-99b2dcffcb2e2c05,cau1-lr001,train,single_epoch_accuracy,93,94,3,100.0,0.0,,/panels/cau1/cells/1/train_curve,epoch measurements from the same runs
cau1,CELL-99b2dcffcb2e2c05,cau1-lr001,train,single_epoch_accuracy,94,95,3,100.0,0.0,,/panels/cau1/cells/1/train_curve,epoch measurements from the same runs
cau1,CELL-99b2dcffcb2e2c05,cau1-lr001,train,single_epoch_accuracy,95,96,3,100.0,0.0,,/panels/cau1/cells/1/train_curve,epoch measurements from the same runs
cau1,CELL-99b2dcffcb2e2c05,cau1-lr001,train,single_epoch_accuracy,96,97,3,100.0,0.0,,/panels/cau1/cells/1/train_curve,epoch measurements from the same runs
cau1,CELL-99b2dcffcb2e2c05,cau1-lr001,train,single_epoch_accuracy,97,98,3,100.0,0.0,,/panels/cau1/cells/1/train_curve,epoch measurements from the same runs
cau1,CELL-99b2dcffcb2e2c05,cau1-lr001,train,single_epoch_accuracy,98,99,3,100.0,0.0,,/panels/cau1/cells/1/train_curve,epoch measurements from the same runs
cau1,CELL-99b2dcffcb2e2c05,cau1-lr001,train,single_epoch_accuracy,99,100,3,100.0,0.0,,/panels/cau1/cells/1/train_curve,epoch measurements from the same runs
cau1,CELL-ff5b16de8ab673ab,cau1-lr002,test,single_epoch_accuracy,0,1,3,49.556666666666665,3.8134542521621158,,/panels/cau1/cells/2/test_curve,epoch measurements from the same runs
cau1,CELL-ff5b16de8ab673ab,cau1-lr002,test,single_epoch_accuracy,1,2,3,66.04666666666667,5.224196907978618,,/panels/cau1/cells/2/test_curve,epoch measurements from the same runs
cau1,CELL-ff5b16de8ab673ab,cau1-lr002,test,single_epoch_accuracy,2,3,3,73.97666666666666,1.0237838313498293,,/panels/cau1/cells/2/test_curve,epoch measurements from the same runs
cau1,CELL-ff5b16de8ab673ab,cau1-lr002,test,single_epoch_accuracy,3,4,3,79.04666666666667,0.6628976793844855,,/panels/cau1/cells/2/test_curve,epoch measurements from the same runs
cau1,CELL-ff5b16de8ab673ab,cau1-lr002,test,single_epoch_accuracy,4,5,3,79.65666666666667,2.1391197566600457,,/panels/cau1/cells/2/test_curve,epoch measurements from the same runs
cau1,CELL-ff5b16de8ab673ab,cau1-lr002,test,single_epoch_accuracy,5,6,3,79.08333333333333,3.047250126480156,,/panels/cau1/cells/2/test_curve,epoch measurements from the same runs
cau1,CELL-ff5b16de8ab673ab,cau1-lr002,test,single_epoch_accuracy,6,7,3,81.18333333333334,0.18175074506953742,,/panels/cau1/cells/2/test_curve,epoch measurements from the same runs
cau1,CELL-ff5b16de8ab673ab,cau1-lr002,test,single_epoch_accuracy,7,8,3,80.75333333333333,2.0781081139664854,,/panels/cau1/cells/2/test_curve,epoch measurements from the same runs
cau1,CELL-ff5b16de8ab673ab,cau1-lr002,test,single_epoch_accuracy,8,9,3,81.09,0.7362744053679982,,/panels/cau1/cells/2/test_curve,epoch measurements from the same runs
cau1,CELL-ff5b16de8ab673ab,cau1-lr002,test,single_epoch_accuracy,9,10,3,81.76,1.86967911685401,,/panels/cau1/cells/2/test_curve,epoch measurements from the same runs
cau1,CELL-ff5b16de8ab673ab,cau1-lr002,test,single_epoch_accuracy,10,11,3,82.19,0.9506313691436894,,/panels/cau1/cells/2/test_curve,epoch measurements from the same runs
cau1,CELL-ff5b16de8ab673ab,cau1-lr002,test,single_epoch_accuracy,11,12,3,82.09333333333333,0.5329477773040597,,/panels/cau1/cells/2/test_curve,epoch measurements from the same runs
cau1,CELL-ff5b16de8ab673ab,cau1-lr002,test,single_epoch_accuracy,12,13,3,82.83333333333333,1.1858470952586304,,/panels/cau1/cells/2/test_curve,epoch measurements from the same runs
cau1,CELL-ff5b16de8ab673ab,cau1-lr002,test,single_epoch_accuracy,13,14,3,81.24666666666667,1.0686595965663408,,/panels/cau1/cells/2/test_curve,epoch measurements from the same runs
cau1,CELL-ff5b16de8ab673ab,cau1-lr002,test,single_epoch_accuracy,14,15,3,81.21000000000001,1.3729166034395541,,/panels/cau1/cells/2/test_curve,epoch measurements from the same runs
cau1,CELL-ff5b16de8ab673ab,cau1-lr002,test,single_epoch_accuracy,15,16,3,83.28,0.3315116890850156,,/panels/cau1/cells/2/test_curve,epoch measurements from the same runs
cau1,CELL-ff5b16de8ab673ab,cau1-lr002,test,single_epoch_accuracy,16,17,3,83.06,0.8265591327908701,,/panels/cau1/cells/2/test_curve,epoch measurements from the same runs
cau1,CELL-ff5b16de8ab673ab,cau1-lr002,test,single_epoch_accuracy,17,18,3,83.40666666666667,1.6536726802282649,,/panels/cau1/cells/2/test_curve,epoch measurements from the same runs
cau1,CELL-ff5b16de8ab673ab,cau1-lr002,test,single_epoch_accuracy,18,19,3,83.08333333333333,1.3514560049566304,,/panels/cau1/cells/2/test_curve,epoch measurements from the same runs
cau1,CELL-ff5b16de8ab673ab,cau1-lr002,test,single_epoch_accuracy,19,20,3,82.07,1.4464784823840326,,/panels/cau1/cells/2/test_curve,epoch measurements from the same runs
cau1,CELL-ff5b16de8ab673ab,cau1-lr002,test,single_epoch_accuracy,20,21,3,82.85333333333334,1.4015824390071898,,/panels/cau1/cells/2/test_curve,epoch measurements from the same runs
cau1,CELL-ff5b16de8ab673ab,cau1-lr002,test,single_epoch_accuracy,21,22,3,83.15333333333334,0.7508217720160563,,/panels/cau1/cells/2/test_curve,epoch measurements from the same runs
cau1,CELL-ff5b16de8ab673ab,cau1-lr002,test,single_epoch_accuracy,22,23,3,83.08666666666666,2.1766105148448935,,/panels/cau1/cells/2/test_curve,epoch measurements from the same runs
cau1,CELL-ff5b16de8ab673ab,cau1-lr002,test,single_epoch_accuracy,23,24,3,83.87333333333333,1.356809984239995,,/panels/cau1/cells/2/test_curve,epoch measurements from the same runs
cau1,CELL-ff5b16de8ab673ab,cau1-lr002,test,single_epoch_accuracy,24,25,3,84.34666666666666,2.660758037352009,,/panels/cau1/cells/2/test_curve,epoch measurements from the same runs
cau1,CELL-ff5b16de8ab673ab,cau1-lr002,test,single_epoch_accuracy,25,26,3,85.48666666666666,1.8471690050813805,,/panels/cau1/cells/2/test_curve,epoch measurements from the same runs
cau1,CELL-ff5b16de8ab673ab,cau1-lr002,test,single_epoch_accuracy,26,27,3,86.37333333333333,1.6319415839218485,,/panels/cau1/cells/2/test_curve,epoch measurements from the same runs
cau1,CELL-ff5b16de8ab673ab,cau1-lr002,test,single_epoch_accuracy,27,28,3,87.03666666666666,0.8348253310323877,,/panels/cau1/cells/2/test_curve,epoch measurements from the same runs
cau1,CELL-ff5b16de8ab673ab,cau1-lr002,test,single_epoch_accuracy,28,29,3,87.24333333333334,0.6549300217071501,,/panels/cau1/cells/2/test_curve,epoch measurements from the same runs
cau1,CELL-ff5b16de8ab673ab,cau1-lr002,test,single_epoch_accuracy,29,30,3,87.8,0.24331050121192593,,/panels/cau1/cells/2/test_curve,epoch measurements from the same runs
cau1,CELL-ff5b16de8ab673ab,cau1-lr002,test,single_epoch_accuracy,30,31,3,87.84,0.32186953878861674,,/panels/cau1/cells/2/test_curve,epoch measurements from the same runs
cau1,CELL-ff5b16de8ab673ab,cau1-lr002,test,single_epoch_accuracy,31,32,3,87.79333333333334,0.24826061575153482,,/panels/cau1/cells/2/test_curve,epoch measurements from the same runs
cau1,CELL-ff5b16de8ab673ab,cau1-lr002,test,single_epoch_accuracy,32,33,3,87.9,0.2551470164434639,,/panels/cau1/cells/2/test_curve,epoch measurements from the same runs
cau1,CELL-ff5b16de8ab673ab,cau1-lr002,test,single_epoch_accuracy,33,34,3,87.93333333333334,0.20550750189064323,,/panels/cau1/cells/2/test_curve,epoch measurements from the same runs
cau1,CELL-ff5b16de8ab673ab,cau1-lr002,test,single_epoch_accuracy,34,35,3,87.98666666666666,0.20008331597944795,,/panels/cau1/cells/2/test_curve,epoch measurements from the same runs
cau1,CELL-ff5b16de8ab673ab,cau1-lr002,test,single_epoch_accuracy,35,36,3,88.16,0.3371943060017445,,/panels/cau1/cells/2/test_curve,epoch measurements from the same runs
cau1,CELL-ff5b16de8ab673ab,cau1-lr002,test,single_epoch_accuracy,36,37,3,88.21666666666667,0.3511884584284262,,/panels/cau1/cells/2/test_curve,epoch measurements from the same runs
cau1,CELL-ff5b16de8ab673ab,cau1-lr002,test,single_epoch_accuracy,37,38,3,88.15666666666667,0.24131583730317618,,/panels/cau1/cells/2/test_curve,epoch measurements from the same runs
cau1,CELL-ff5b16de8ab673ab,cau1-lr002,test,single_epoch_accuracy,38,39,3,88.15333333333334,0.30615900008546837,,/panels/cau1/cells/2/test_curve,epoch measurements from the same runs
cau1,CELL-ff5b16de8ab673ab,cau1-lr002,test,single_epoch_accuracy,39,40,3,88.17999999999999,0.37802116342871334,,/panels/cau1/cells/2/test_curve,epoch measurements from the same runs
cau1,CELL-ff5b16de8ab673ab,cau1-lr002,test,single_epoch_accuracy,40,41,3,88.13,0.23430749027720033,,/panels/cau1/cells/2/test_curve,epoch measurements from the same runs
cau1,CELL-ff5b16de8ab673ab,cau1-lr002,test,single_epoch_accuracy,41,42,3,88.19,0.3553871128783343,,/panels/cau1/cells/2/test_curve,epoch measurements from the same runs
cau1,CELL-ff5b16de8ab673ab,cau1-lr002,test,single_epoch_accuracy,42,43,3,88.22666666666666,0.4500370355130038,,/panels/cau1/cells/2/test_curve,epoch measurements from the same runs
cau1,CELL-ff5b16de8ab673ab,cau1-lr002,test,single_epoch_accuracy,43,44,3,88.26666666666667,0.3544479275342655,,/panels/cau1/cells/2/test_curve,epoch measurements from the same runs
cau1,CELL-ff5b16de8ab673ab,cau1-lr002,test,single_epoch_accuracy,44,45,3,88.3,0.41073105555826006,,/panels/cau1/cells/2/test_curve,epoch measurements from the same runs
cau1,CELL-ff5b16de8ab673ab,cau1-lr002,test,single_epoch_accuracy,45,46,3,88.22333333333333,0.4556680078010033,,/panels/cau1/cells/2/test_curve,epoch measurements from the same runs
cau1,CELL-ff5b16de8ab673ab,cau1-lr002,test,single_epoch_accuracy,46,47,3,81.86,10.825400685424997,,/panels/cau1/cells/2/test_curve,epoch measurements from the same runs
cau1,CELL-ff5b16de8ab673ab,cau1-lr002,test,single_epoch_accuracy,47,48,3,85.36,4.900214281028948,,/panels/cau1/cells/2/test_curve,epoch measurements from the same runs
cau1,CELL-ff5b16de8ab673ab,cau1-lr002,test,single_epoch_accuracy,48,49,3,72.84,21.519523693613667,,/panels/cau1/cells/2/test_curve,epoch measurements from the same runs
cau1,CELL-ff5b16de8ab673ab,cau1-lr002,test,single_epoch_accuracy,49,50,3,82.32000000000001,5.3590390929718,,/panels/cau1/cells/2/test_curve,epoch measurements from the same runs
cau1,CELL-ff5b16de8ab673ab,cau1-lr002,test,single_epoch_accuracy,50,51,3,84.95333333333333,3.5354254812304147,,/panels/cau1/cells/2/test_curve,epoch measurements from the same runs
cau1,CELL-ff5b16de8ab673ab,cau1-lr002,test,single_epoch_accuracy,51,52,3,85.04333333333334,3.9627053048811725,,/panels/cau1/cells/2/test_curve,epoch measurements from the same runs
cau1,CELL-ff5b16de8ab673ab,cau1-lr002,test,single_epoch_accuracy,52,53,3,86.84666666666666,1.6651226181075467,,/panels/cau1/cells/2/test_curve,epoch measurements from the same runs
cau1,CELL-ff5b16de8ab673ab,cau1-lr002,test,single_epoch_accuracy,53,54,3,86.90666666666667,1.9553345834750004,,/panels/cau1/cells/2/test_curve,epoch measurements from the same runs
cau1,CELL-ff5b16de8ab673ab,cau1-lr002,test,single_epoch_accuracy,54,55,3,87.66333333333334,0.9487008660970718,,/panels/cau1/cells/2/test_curve,epoch measurements from the same runs
cau1,CELL-ff5b16de8ab673ab,cau1-lr002,test,single_epoch_accuracy,55,56,3,81.03,11.08866087496592,,/panels/cau1/cells/2/test_curve,epoch measurements from the same runs
cau1,CELL-ff5b16de8ab673ab,cau1-lr002,test,single_epoch_accuracy,56,57,3,84.48333333333333,5.632426948779123,,/panels/cau1/cells/2/test_curve,epoch measurements from the same runs
cau1,CELL-ff5b16de8ab673ab,cau1-lr002,test,single_epoch_accuracy,57,58,3,86.17666666666666,2.8315602295083453,,/panels/cau1/cells/2/test_curve,epoch measurements from the same runs
cau1,CELL-ff5b16de8ab673ab,cau1-lr002,test,single_epoch_accuracy,58,59,3,86.34,2.789749092660484,,/panels/cau1/cells/2/test_curve,epoch measurements from the same runs
cau1,CELL-ff5b16de8ab673ab,cau1-lr002,test,single_epoch_accuracy,59,60,3,87.09333333333333,1.4224392195567968,,/panels/cau1/cells/2/test_curve,epoch measurements from the same runs
cau1,CELL-ff5b16de8ab673ab,cau1-lr002,test,single_epoch_accuracy,60,61,3,87.57333333333334,0.6757465007925202,,/panels/cau1/cells/2/test_curve,epoch measurements from the same runs
cau1,CELL-ff5b16de8ab673ab,cau1-lr002,test,single_epoch_accuracy,61,62,3,87.76,0.19672315572906096,,/panels/cau1/cells/2/test_curve,epoch measurements from the same runs
cau1,CELL-ff5b16de8ab673ab,cau1-lr002,test,single_epoch_accuracy,62,63,3,88.02,0.1652271164185893,,/panels/cau1/cells/2/test_curve,epoch measurements from the same runs
cau1,CELL-ff5b16de8ab673ab,cau1-lr002,test,single_epoch_accuracy,63,64,3,88.12,0.18999999999999773,,/panels/cau1/cells/2/test_curve,epoch measurements from the same runs
cau1,CELL-ff5b16de8ab673ab,cau1-lr002,test,single_epoch_accuracy,64,65,3,88.16,0.1931320791582839,,/panels/cau1/cells/2/test_curve,epoch measurements from the same runs
cau1,CELL-ff5b16de8ab673ab,cau1-lr002,test,single_epoch_accuracy,65,66,3,88.14,0.20999999999999983,,/panels/cau1/cells/2/test_curve,epoch measurements from the same runs
cau1,CELL-ff5b16de8ab673ab,cau1-lr002,test,single_epoch_accuracy,66,67,3,88.32000000000001,0.2463736998950955,,/panels/cau1/cells/2/test_curve,epoch measurements from the same runs
cau1,CELL-ff5b16de8ab673ab,cau1-lr002,test,single_epoch_accuracy,67,68,3,88.32000000000001,0.20074859899884243,,/panels/cau1/cells/2/test_curve,epoch measurements from the same runs
cau1,CELL-ff5b16de8ab673ab,cau1-lr002,test,single_epoch_accuracy,68,69,3,88.27333333333333,0.248260615751543,,/panels/cau1/cells/2/test_curve,epoch measurements from the same runs
cau1,CELL-ff5b16de8ab673ab,cau1-lr002,test,single_epoch_accuracy,69,70,3,88.33,0.3464101615137804,,/panels/cau1/cells/2/test_curve,epoch measurements from the same runs
cau1,CELL-ff5b16de8ab673ab,cau1-lr002,test,single_epoch_accuracy,70,71,3,88.30333333333333,0.29143323992525977,,/panels/cau1/cells/2/test_curve,epoch measurements from the same runs
cau1,CELL-ff5b16de8ab673ab,cau1-lr002,test,single_epoch_accuracy,71,72,3,88.32,0.21931712199460962,,/panels/cau1/cells/2/test_curve,epoch measurements from the same runs
cau1,CELL-ff5b16de8ab673ab,cau1-lr002,test,single_epoch_accuracy,72,73,3,88.44666666666667,0.36665151483845726,,/panels/cau1/cells/2/test_curve,epoch measurements from the same runs
cau1,CELL-ff5b16de8ab673ab,cau1-lr002,test,single_epoch_accuracy,73,74,3,88.42333333333333,0.31895663237082494,,/panels/cau1/cells/2/test_curve,epoch measurements from the same runs
cau1,CELL-ff5b16de8ab673ab,cau1-lr002,test,single_epoch_accuracy,74,75,3,88.34333333333333,0.2702468007827946,,/panels/cau1/cells/2/test_curve,epoch measurements from the same runs
cau1,CELL-ff5b16de8ab673ab,cau1-lr002,test,single_epoch_accuracy,75,76,3,88.38,0.3642801120017368,,/panels/cau1/cells/2/test_curve,epoch measurements from the same runs
cau1,CELL-ff5b16de8ab673ab,cau1-lr002,test,single_epoch_accuracy,76,77,3,88.38,0.28478061731796434,,/panels/cau1/cells/2/test_curve,epoch measurements from the same runs
cau1,CELL-ff5b16de8ab673ab,cau1-lr002,test,single_epoch_accuracy,77,78,3,88.45333333333333,0.3611555528208487,,/panels/cau1/cells/2/test_curve,epoch measurements from the same runs
cau1,CELL-ff5b16de8ab673ab,cau1-lr002,test,single_epoch_accuracy,78,79,3,88.39,0.4371498598878828,,/panels/cau1/cells/2/test_curve,epoch measurements from the same runs
cau1,CELL-ff5b16de8ab673ab,cau1-lr002,test,single_epoch_accuracy,79,80,3,88.41666666666667,0.31533051443419696,,/panels/cau1/cells/2/test_curve,epoch measurements from the same runs
cau1,CELL-ff5b16de8ab673ab,cau1-lr002,test,single_epoch_accuracy,80,81,3,88.46666666666667,0.22744962812309114,,/panels/cau1/cells/2/test_curve,epoch measurements from the same runs
cau1,CELL-ff5b16de8ab673ab,cau1-lr002,test,single_epoch_accuracy,81,82,3,88.46666666666667,0.3271594921950667,,/panels/cau1/cells/2/test_curve,epoch measurements from the same runs
cau1,CELL-ff5b16de8ab673ab,cau1-lr002,test,single_epoch_accuracy,82,83,3,88.42666666666666,0.3931072796748107,,/panels/cau1/cells/2/test_curve,epoch measurements from the same runs
cau1,CELL-ff5b16de8ab673ab,cau1-lr002,test,single_epoch_accuracy,83,84,3,88.39666666666666,0.5093459858812371,,/panels/cau1/cells/2/test_curve,epoch measurements from the same runs
cau1,CELL-ff5b16de8ab673ab,cau1-lr002,test,single_epoch_accuracy,84,85,3,88.43666666666667,0.40128958787057595,,/panels/cau1/cells/2/test_curve,epoch measurements from the same runs
cau1,CELL-ff5b16de8ab673ab,cau1-lr002,test,single_epoch_accuracy,85,86,3,88.39,0.4450842616853581,,/panels/cau1/cells/2/test_curve,epoch measurements from the same runs
cau1,CELL-ff5b16de8ab673ab,cau1-lr002,test,single_epoch_accuracy,86,87,3,88.42666666666666,0.3429771615331432,,/panels/cau1/cells/2/test_curve,epoch measurements from the same runs
cau1,CELL-ff5b16de8ab673ab,cau1-lr002,test,single_epoch_accuracy,87,88,3,88.44,0.5282991576748911,,/panels/cau1/cells/2/test_curve,epoch measurements from the same runs
cau1,CELL-ff5b16de8ab673ab,cau1-lr002,test,single_epoch_accuracy,88,89,3,88.37333333333333,0.4301550108197457,,/panels/cau1/cells/2/test_curve,epoch measurements from the same runs
cau1,CELL-ff5b16de8ab673ab,cau1-lr002,test,single_epoch_accuracy,89,90,3,88.43333333333334,0.29143323992525977,,/panels/cau1/cells/2/test_curve,epoch measurements from the same runs
cau1,CELL-ff5b16de8ab673ab,cau1-lr002,test,single_epoch_accuracy,90,91,3,88.42,0.3702701716314726,,/panels/cau1/cells/2/test_curve,epoch measurements from the same runs
cau1,CELL-ff5b16de8ab673ab,cau1-lr002,test,single_epoch_accuracy,91,92,3,88.42,0.3315116890850177,,/panels/cau1/cells/2/test_curve,epoch measurements from the same runs
cau1,CELL-ff5b16de8ab673ab,cau1-lr002,test,single_epoch_accuracy,92,93,3,88.43333333333334,0.3106981386061585,,/panels/cau1/cells/2/test_curve,epoch measurements from the same runs
cau1,CELL-ff5b16de8ab673ab,cau1-lr002,test,single_epoch_accuracy,93,94,3,88.46666666666667,0.3931072796748151,,/panels/cau1/cells/2/test_curve,epoch measurements from the same runs
cau1,CELL-ff5b16de8ab673ab,cau1-lr002,test,single_epoch_accuracy,94,95,3,88.40666666666667,0.3744774136491229,,/panels/cau1/cells/2/test_curve,epoch measurements from the same runs
cau1,CELL-ff5b16de8ab673ab,cau1-lr002,test,single_epoch_accuracy,95,96,3,88.46333333333334,0.3982880029995052,,/panels/cau1/cells/2/test_curve,epoch measurements from the same runs
cau1,CELL-ff5b16de8ab673ab,cau1-lr002,test,single_epoch_accuracy,96,97,3,88.41666666666667,0.3412232895529473,,/panels/cau1/cells/2/test_curve,epoch measurements from the same runs
cau1,CELL-ff5b16de8ab673ab,cau1-lr002,test,single_epoch_accuracy,97,98,3,88.36,0.2816025568065762,,/panels/cau1/cells/2/test_curve,epoch measurements from the same runs
cau1,CELL-ff5b16de8ab673ab,cau1-lr002,test,single_epoch_accuracy,98,99,3,88.41,0.3269556544854371,,/panels/cau1/cells/2/test_curve,epoch measurements from the same runs
cau1,CELL-ff5b16de8ab673ab,cau1-lr002,test,single_epoch_accuracy,99,100,3,88.39666666666666,0.38436094147732464,,/panels/cau1/cells/2/test_curve,epoch measurements from the same runs
cau1,CELL-ff5b16de8ab673ab,cau1-lr002,train,single_epoch_accuracy,0,1,3,47.093333333333334,0.42335957923889206,,/panels/cau1/cells/2/train_curve,epoch measurements from the same runs
cau1,CELL-ff5b16de8ab673ab,cau1-lr002,train,single_epoch_accuracy,1,2,3,68.9,0.12288205727444086,,/panels/cau1/cells/2/train_curve,epoch measurements from the same runs
cau1,CELL-ff5b16de8ab673ab,cau1-lr002,train,single_epoch_accuracy,2,3,3,78.04666666666667,0.15176736583776132,,/panels/cau1/cells/2/train_curve,epoch measurements from the same runs
cau1,CELL-ff5b16de8ab673ab,cau1-lr002,train,single_epoch_accuracy,3,4,3,84.00999999999999,0.270739727413616,,/panels/cau1/cells/2/train_curve,epoch measurements from the same runs
cau1,CELL-ff5b16de8ab673ab,cau1-lr002,train,single_epoch_accuracy,4,5,3,87.7,0.2981610303175103,,/panels/cau1/cells/2/train_curve,epoch measurements from the same runs
cau1,CELL-ff5b16de8ab673ab,cau1-lr002,train,single_epoch_accuracy,5,6,3,90.82333333333334,0.09291573243177785,,/panels/cau1/cells/2/train_curve,epoch measurements from the same runs
cau1,CELL-ff5b16de8ab673ab,cau1-lr002,train,single_epoch_accuracy,6,7,3,93.22,0.18734993995195903,,/panels/cau1/cells/2/train_curve,epoch measurements from the same runs
cau1,CELL-ff5b16de8ab673ab,cau1-lr002,train,single_epoch_accuracy,7,8,3,94.70333333333333,0.19756855350316618,,/panels/cau1/cells/2/train_curve,epoch measurements from the same runs
cau1,CELL-ff5b16de8ab673ab,cau1-lr002,train,single_epoch_accuracy,8,9,3,96.02666666666667,0.22810816147901017,,/panels/cau1/cells/2/train_curve,epoch measurements from the same runs
cau1,CELL-ff5b16de8ab673ab,cau1-lr002,train,single_epoch_accuracy,9,10,3,96.79666666666667,0.06027713773341884,,/panels/cau1/cells/2/train_curve,epoch measurements from the same runs
cau1,CELL-ff5b16de8ab673ab,cau1-lr002,train,single_epoch_accuracy,10,11,3,97.4,0.15588457268119665,,/panels/cau1/cells/2/train_curve,epoch measurements from the same runs
cau1,CELL-ff5b16de8ab673ab,cau1-lr002,train,single_epoch_accuracy,11,12,3,97.83,0.09539392014170091,,/panels/cau1/cells/2/train_curve,epoch measurements from the same runs
cau1,CELL-ff5b16de8ab673ab,cau1-lr002,train,single_epoch_accuracy,12,13,3,98.21333333333334,0.07023769168568511,,/panels/cau1/cells/2/train_curve,epoch measurements from the same runs
cau1,CELL-ff5b16de8ab673ab,cau1-lr002,train,single_epoch_accuracy,13,14,3,98.44,0.20999999999999983,,/panels/cau1/cells/2/train_curve,epoch measurements from the same runs
cau1,CELL-ff5b16de8ab673ab,cau1-lr002,train,single_epoch_accuracy,14,15,3,98.46,0.23259406699225663,,/panels/cau1/cells/2/train_curve,epoch measurements from the same runs
cau1,CELL-ff5b16de8ab673ab,cau1-lr002,train,single_epoch_accuracy,15,16,3,98.63666666666667,0.17243356208503557,,/panels/cau1/cells/2/train_curve,epoch measurements from the same runs
cau1,CELL-ff5b16de8ab673ab,cau1-lr002,train,single_epoch_accuracy,16,17,3,99.02666666666667,0.15176736583776132,,/panels/cau1/cells/2/train_curve,epoch measurements from the same runs
cau1,CELL-ff5b16de8ab673ab,cau1-lr002,train,single_epoch_accuracy,17,18,3,99.06666666666666,0.24006943440040665,,/panels/cau1/cells/2/train_curve,epoch measurements from the same runs
cau1,CELL-ff5b16de8ab673ab,cau1-lr002,train,single_epoch_accuracy,18,19,3,98.96333333333334,0.4652239604033036,,/panels/cau1/cells/2/train_curve,epoch measurements from the same runs
cau1,CELL-ff5b16de8ab673ab,cau1-lr002,train,single_epoch_accuracy,19,20,3,98.84666666666666,0.2557994005726611,,/panels/cau1/cells/2/train_curve,epoch measurements from the same runs
cau1,CELL-ff5b16de8ab673ab,cau1-lr002,train,single_epoch_accuracy,20,21,3,98.93333333333334,0.46875722216658333,,/panels/cau1/cells/2/train_curve,epoch measurements from the same runs
cau1,CELL-ff5b16de8ab673ab,cau1-lr002,train,single_epoch_accuracy,21,22,3,98.73333333333333,0.7655281401315888,,/panels/cau1/cells/2/train_curve,epoch measurements from the same runs
cau1,CELL-ff5b16de8ab673ab,cau1-lr002,train,single_epoch_accuracy,22,23,3,99.08666666666667,0.718632961485443,,/panels/cau1/cells/2/train_curve,epoch measurements from the same runs
cau1,CELL-ff5b16de8ab673ab,cau1-lr002,train,single_epoch_accuracy,23,24,3,99.44333333333334,0.4544593857907831,,/panels/cau1/cells/2/train_curve,epoch measurements from the same runs
cau1,CELL-ff5b16de8ab673ab,cau1-lr002,train,single_epoch_accuracy,24,25,3,99.56333333333333,0.36170890690351576,,/panels/cau1/cells/2/train_curve,epoch measurements from the same runs
cau1,CELL-ff5b16de8ab673ab,cau1-lr002,train,single_epoch_accuracy,25,26,3,99.70333333333333,0.2857154761879925,,/panels/cau1/cells/2/train_curve,epoch measurements from the same runs
cau1,CELL-ff5b16de8ab673ab,cau1-lr002,train,single_epoch_accuracy,26,27,3,99.82333333333334,0.2804163571073078,,/panels/cau1/cells/2/train_curve,epoch measurements from the same runs
cau1,CELL-ff5b16de8ab673ab,cau1-lr002,train,single_epoch_accuracy,27,28,3,99.94333333333333,0.09814954576223736,,/panels/cau1/cells/2/train_curve,epoch measurements from the same runs
cau1,CELL-ff5b16de8ab673ab,cau1-lr002,train,single_epoch_accuracy,28,29,3,99.99,0.01732050807568943,,/panels/cau1/cells/2/train_curve,epoch measurements from the same runs
cau1,CELL-ff5b16de8ab673ab,cau1-lr002,train,single_epoch_accuracy,29,30,3,100.0,0.0,,/panels/cau1/cells/2/train_curve,epoch measurements from the same runs
cau1,CELL-ff5b16de8ab673ab,cau1-lr002,train,single_epoch_accuracy,30,31,3,100.0,0.0,,/panels/cau1/cells/2/train_curve,epoch measurements from the same runs
cau1,CELL-ff5b16de8ab673ab,cau1-lr002,train,single_epoch_accuracy,31,32,3,100.0,0.0,,/panels/cau1/cells/2/train_curve,epoch measurements from the same runs
cau1,CELL-ff5b16de8ab673ab,cau1-lr002,train,single_epoch_accuracy,32,33,3,100.0,0.0,,/panels/cau1/cells/2/train_curve,epoch measurements from the same runs
cau1,CELL-ff5b16de8ab673ab,cau1-lr002,train,single_epoch_accuracy,33,34,3,100.0,0.0,,/panels/cau1/cells/2/train_curve,epoch measurements from the same runs
cau1,CELL-ff5b16de8ab673ab,cau1-lr002,train,single_epoch_accuracy,34,35,3,100.0,0.0,,/panels/cau1/cells/2/train_curve,epoch measurements from the same runs
cau1,CELL-ff5b16de8ab673ab,cau1-lr002,train,single_epoch_accuracy,35,36,3,100.0,0.0,,/panels/cau1/cells/2/train_curve,epoch measurements from the same runs
cau1,CELL-ff5b16de8ab673ab,cau1-lr002,train,single_epoch_accuracy,36,37,3,100.0,0.0,,/panels/cau1/cells/2/train_curve,epoch measurements from the same runs
cau1,CELL-ff5b16de8ab673ab,cau1-lr002,train,single_epoch_accuracy,37,38,3,100.0,0.0,,/panels/cau1/cells/2/train_curve,epoch measurements from the same runs
cau1,CELL-ff5b16de8ab673ab,cau1-lr002,train,single_epoch_accuracy,38,39,3,100.0,0.0,,/panels/cau1/cells/2/train_curve,epoch measurements from the same runs
cau1,CELL-ff5b16de8ab673ab,cau1-lr002,train,single_epoch_accuracy,39,40,3,100.0,0.0,,/panels/cau1/cells/2/train_curve,epoch measurements from the same runs
cau1,CELL-ff5b16de8ab673ab,cau1-lr002,train,single_epoch_accuracy,40,41,3,100.0,0.0,,/panels/cau1/cells/2/train_curve,epoch measurements from the same runs
cau1,CELL-ff5b16de8ab673ab,cau1-lr002,train,single_epoch_accuracy,41,42,3,100.0,0.0,,/panels/cau1/cells/2/train_curve,epoch measurements from the same runs
cau1,CELL-ff5b16de8ab673ab,cau1-lr002,train,single_epoch_accuracy,42,43,3,100.0,0.0,,/panels/cau1/cells/2/train_curve,epoch measurements from the same runs
cau1,CELL-ff5b16de8ab673ab,cau1-lr002,train,single_epoch_accuracy,43,44,3,100.0,0.0,,/panels/cau1/cells/2/train_curve,epoch measurements from the same runs
cau1,CELL-ff5b16de8ab673ab,cau1-lr002,train,single_epoch_accuracy,44,45,3,100.0,0.0,,/panels/cau1/cells/2/train_curve,epoch measurements from the same runs
cau1,CELL-ff5b16de8ab673ab,cau1-lr002,train,single_epoch_accuracy,45,46,3,100.0,0.0,,/panels/cau1/cells/2/train_curve,epoch measurements from the same runs
cau1,CELL-ff5b16de8ab673ab,cau1-lr002,train,single_epoch_accuracy,46,47,3,99.97,0.05196152422706829,,/panels/cau1/cells/2/train_curve,epoch measurements from the same runs
cau1,CELL-ff5b16de8ab673ab,cau1-lr002,train,single_epoch_accuracy,47,48,3,96.32,6.3739469718534725,,/panels/cau1/cells/2/train_curve,epoch measurements from the same runs
cau1,CELL-ff5b16de8ab673ab,cau1-lr002,train,single_epoch_accuracy,48,49,3,97.91,2.110284341030847,,/panels/cau1/cells/2/train_curve,epoch measurements from the same runs
cau1,CELL-ff5b16de8ab673ab,cau1-lr002,train,single_epoch_accuracy,49,50,3,94.70333333333333,7.3985831977030125,,/panels/cau1/cells/2/train_curve,epoch measurements from the same runs
cau1,CELL-ff5b16de8ab673ab,cau1-lr002,train,single_epoch_accuracy,50,51,3,97.67666666666666,3.135671113706496,,/panels/cau1/cells/2/train_curve,epoch measurements from the same runs
cau1,CELL-ff5b16de8ab673ab,cau1-lr002,train,single_epoch_accuracy,51,52,3,99.09333333333333,1.343366418120291,,/panels/cau1/cells/2/train_curve,epoch measurements from the same runs
cau1,CELL-ff5b16de8ab673ab,cau1-lr002,train,single_epoch_accuracy,52,53,3,99.57333333333334,0.6961561127601608,,/panels/cau1/cells/2/train_curve,epoch measurements from the same runs
cau1,CELL-ff5b16de8ab673ab,cau1-lr002,train,single_epoch_accuracy,53,54,3,99.78666666666666,0.36087855759705423,,/panels/cau1/cells/2/train_curve,epoch measurements from the same runs
cau1,CELL-ff5b16de8ab673ab,cau1-lr002,train,single_epoch_accuracy,54,55,3,99.91,0.15588457268119665,,/panels/cau1/cells/2/train_curve,epoch measurements from the same runs
cau1,CELL-ff5b16de8ab673ab,cau1-lr002,train,single_epoch_accuracy,55,56,3,99.96666666666667,0.028867513459479646,,/panels/cau1/cells/2/train_curve,epoch measurements from the same runs
cau1,CELL-ff5b16de8ab673ab,cau1-lr002,train,single_epoch_accuracy,56,57,3,95.87666666666667,7.141822829875673,,/panels/cau1/cells/2/train_curve,epoch measurements from the same runs
cau1,CELL-ff5b16de8ab673ab,cau1-lr002,train,single_epoch_accuracy,57,58,3,98.68666666666667,2.2747600606071243,,/panels/cau1/cells/2/train_curve,epoch measurements from the same runs
cau1,CELL-ff5b16de8ab673ab,cau1-lr002,train,single_epoch_accuracy,58,59,3,99.38,1.0738715006927035,,/panels/cau1/cells/2/train_curve,epoch measurements from the same runs
cau1,CELL-ff5b16de8ab673ab,cau1-lr002,train,single_epoch_accuracy,59,60,3,99.74,0.45033320996790877,,/panels/cau1/cells/2/train_curve,epoch measurements from the same runs
cau1,CELL-ff5b16de8ab673ab,cau1-lr002,train,single_epoch_accuracy,60,61,3,99.91,0.15588457268119665,,/panels/cau1/cells/2/train_curve,epoch measurements from the same runs
cau1,CELL-ff5b16de8ab673ab,cau1-lr002,train,single_epoch_accuracy,61,62,3,99.99,0.01732050807568943,,/panels/cau1/cells/2/train_curve,epoch measurements from the same runs
cau1,CELL-ff5b16de8ab673ab,cau1-lr002,train,single_epoch_accuracy,62,63,3,99.99666666666667,0.005773502691899211,,/panels/cau1/cells/2/train_curve,epoch measurements from the same runs
cau1,CELL-ff5b16de8ab673ab,cau1-lr002,train,single_epoch_accuracy,63,64,3,100.0,0.0,,/panels/cau1/cells/2/train_curve,epoch measurements from the same runs
cau1,CELL-ff5b16de8ab673ab,cau1-lr002,train,single_epoch_accuracy,64,65,3,100.0,0.0,,/panels/cau1/cells/2/train_curve,epoch measurements from the same runs
cau1,CELL-ff5b16de8ab673ab,cau1-lr002,train,single_epoch_accuracy,65,66,3,100.0,0.0,,/panels/cau1/cells/2/train_curve,epoch measurements from the same runs
cau1,CELL-ff5b16de8ab673ab,cau1-lr002,train,single_epoch_accuracy,66,67,3,100.0,0.0,,/panels/cau1/cells/2/train_curve,epoch measurements from the same runs
cau1,CELL-ff5b16de8ab673ab,cau1-lr002,train,single_epoch_accuracy,67,68,3,100.0,0.0,,/panels/cau1/cells/2/train_curve,epoch measurements from the same runs
cau1,CELL-ff5b16de8ab673ab,cau1-lr002,train,single_epoch_accuracy,68,69,3,100.0,0.0,,/panels/cau1/cells/2/train_curve,epoch measurements from the same runs
cau1,CELL-ff5b16de8ab673ab,cau1-lr002,train,single_epoch_accuracy,69,70,3,100.0,0.0,,/panels/cau1/cells/2/train_curve,epoch measurements from the same runs
cau1,CELL-ff5b16de8ab673ab,cau1-lr002,train,single_epoch_accuracy,70,71,3,100.0,0.0,,/panels/cau1/cells/2/train_curve,epoch measurements from the same runs
cau1,CELL-ff5b16de8ab673ab,cau1-lr002,train,single_epoch_accuracy,71,72,3,100.0,0.0,,/panels/cau1/cells/2/train_curve,epoch measurements from the same runs
cau1,CELL-ff5b16de8ab673ab,cau1-lr002,train,single_epoch_accuracy,72,73,3,100.0,0.0,,/panels/cau1/cells/2/train_curve,epoch measurements from the same runs
cau1,CELL-ff5b16de8ab673ab,cau1-lr002,train,single_epoch_accuracy,73,74,3,100.0,0.0,,/panels/cau1/cells/2/train_curve,epoch measurements from the same runs
cau1,CELL-ff5b16de8ab673ab,cau1-lr002,train,single_epoch_accuracy,74,75,3,100.0,0.0,,/panels/cau1/cells/2/train_curve,epoch measurements from the same runs
cau1,CELL-ff5b16de8ab673ab,cau1-lr002,train,single_epoch_accuracy,75,76,3,100.0,0.0,,/panels/cau1/cells/2/train_curve,epoch measurements from the same runs
cau1,CELL-ff5b16de8ab673ab,cau1-lr002,train,single_epoch_accuracy,76,77,3,100.0,0.0,,/panels/cau1/cells/2/train_curve,epoch measurements from the same runs
cau1,CELL-ff5b16de8ab673ab,cau1-lr002,train,single_epoch_accuracy,77,78,3,100.0,0.0,,/panels/cau1/cells/2/train_curve,epoch measurements from the same runs
cau1,CELL-ff5b16de8ab673ab,cau1-lr002,train,single_epoch_accuracy,78,79,3,100.0,0.0,,/panels/cau1/cells/2/train_curve,epoch measurements from the same runs
cau1,CELL-ff5b16de8ab673ab,cau1-lr002,train,single_epoch_accuracy,79,80,3,100.0,0.0,,/panels/cau1/cells/2/train_curve,epoch measurements from the same runs
cau1,CELL-ff5b16de8ab673ab,cau1-lr002,train,single_epoch_accuracy,80,81,3,100.0,0.0,,/panels/cau1/cells/2/train_curve,epoch measurements from the same runs
cau1,CELL-ff5b16de8ab673ab,cau1-lr002,train,single_epoch_accuracy,81,82,3,100.0,0.0,,/panels/cau1/cells/2/train_curve,epoch measurements from the same runs
cau1,CELL-ff5b16de8ab673ab,cau1-lr002,train,single_epoch_accuracy,82,83,3,100.0,0.0,,/panels/cau1/cells/2/train_curve,epoch measurements from the same runs
cau1,CELL-ff5b16de8ab673ab,cau1-lr002,train,single_epoch_accuracy,83,84,3,100.0,0.0,,/panels/cau1/cells/2/train_curve,epoch measurements from the same runs
cau1,CELL-ff5b16de8ab673ab,cau1-lr002,train,single_epoch_accuracy,84,85,3,100.0,0.0,,/panels/cau1/cells/2/train_curve,epoch measurements from the same runs
cau1,CELL-ff5b16de8ab673ab,cau1-lr002,train,single_epoch_accuracy,85,86,3,100.0,0.0,,/panels/cau1/cells/2/train_curve,epoch measurements from the same runs
cau1,CELL-ff5b16de8ab673ab,cau1-lr002,train,single_epoch_accuracy,86,87,3,100.0,0.0,,/panels/cau1/cells/2/train_curve,epoch measurements from the same runs
cau1,CELL-ff5b16de8ab673ab,cau1-lr002,train,single_epoch_accuracy,87,88,3,100.0,0.0,,/panels/cau1/cells/2/train_curve,epoch measurements from the same runs
cau1,CELL-ff5b16de8ab673ab,cau1-lr002,train,single_epoch_accuracy,88,89,3,100.0,0.0,,/panels/cau1/cells/2/train_curve,epoch measurements from the same runs
cau1,CELL-ff5b16de8ab673ab,cau1-lr002,train,single_epoch_accuracy,89,90,3,100.0,0.0,,/panels/cau1/cells/2/train_curve,epoch measurements from the same runs
cau1,CELL-ff5b16de8ab673ab,cau1-lr002,train,single_epoch_accuracy,90,91,3,100.0,0.0,,/panels/cau1/cells/2/train_curve,epoch measurements from the same runs
cau1,CELL-ff5b16de8ab673ab,cau1-lr002,train,single_epoch_accuracy,91,92,3,100.0,0.0,,/panels/cau1/cells/2/train_curve,epoch measurements from the same runs
cau1,CELL-ff5b16de8ab673ab,cau1-lr002,train,single_epoch_accuracy,92,93,3,100.0,0.0,,/panels/cau1/cells/2/train_curve,epoch measurements from the same runs
cau1,CELL-ff5b16de8ab673ab,cau1-lr002,train,single_epoch_accuracy,93,94,3,100.0,0.0,,/panels/cau1/cells/2/train_curve,epoch measurements from the same runs
cau1,CELL-ff5b16de8ab673ab,cau1-lr002,train,single_epoch_accuracy,94,95,3,100.0,0.0,,/panels/cau1/cells/2/train_curve,epoch measurements from the same runs
cau1,CELL-ff5b16de8ab673ab,cau1-lr002,train,single_epoch_accuracy,95,96,3,100.0,0.0,,/panels/cau1/cells/2/train_curve,epoch measurements from the same runs
cau1,CELL-ff5b16de8ab673ab,cau1-lr002,train,single_epoch_accuracy,96,97,3,100.0,0.0,,/panels/cau1/cells/2/train_curve,epoch measurements from the same runs
cau1,CELL-ff5b16de8ab673ab,cau1-lr002,train,single_epoch_accuracy,97,98,3,100.0,0.0,,/panels/cau1/cells/2/train_curve,epoch measurements from the same runs
cau1,CELL-ff5b16de8ab673ab,cau1-lr002,train,single_epoch_accuracy,98,99,3,100.0,0.0,,/panels/cau1/cells/2/train_curve,epoch measurements from the same runs
cau1,CELL-ff5b16de8ab673ab,cau1-lr002,train,single_epoch_accuracy,99,100,3,100.0,0.0,,/panels/cau1/cells/2/train_curve,epoch measurements from the same runs
cau1,CELL-e9a0247a99a9f9cb,cau1-lr005,test,single_epoch_accuracy,0,1,3,52.47,7.024891458236208,,/panels/cau1/cells/3/test_curve,epoch measurements from the same runs
cau1,CELL-e9a0247a99a9f9cb,cau1-lr005,test,single_epoch_accuracy,1,2,3,67.48666666666666,1.6308688890690537,,/panels/cau1/cells/3/test_curve,epoch measurements from the same runs
cau1,CELL-e9a0247a99a9f9cb,cau1-lr005,test,single_epoch_accuracy,2,3,3,74.43666666666667,2.772910624836896,,/panels/cau1/cells/3/test_curve,epoch measurements from the same runs
cau1,CELL-e9a0247a99a9f9cb,cau1-lr005,test,single_epoch_accuracy,3,4,3,79.19333333333333,1.959702358352749,,/panels/cau1/cells/3/test_curve,epoch measurements from the same runs
cau1,CELL-e9a0247a99a9f9cb,cau1-lr005,test,single_epoch_accuracy,4,5,3,80.61333333333333,1.2090216430376026,,/panels/cau1/cells/3/test_curve,epoch measurements from the same runs
cau1,CELL-e9a0247a99a9f9cb,cau1-lr005,test,single_epoch_accuracy,5,6,3,79.26666666666667,2.122977468870861,,/panels/cau1/cells/3/test_curve,epoch measurements from the same runs
cau1,CELL-e9a0247a99a9f9cb,cau1-lr005,test,single_epoch_accuracy,6,7,3,80.81666666666666,1.2251666553303358,,/panels/cau1/cells/3/test_curve,epoch measurements from the same runs
cau1,CELL-e9a0247a99a9f9cb,cau1-lr005,test,single_epoch_accuracy,7,8,3,80.55666666666667,0.315647482697604,,/panels/cau1/cells/3/test_curve,epoch measurements from the same runs
cau1,CELL-e9a0247a99a9f9cb,cau1-lr005,test,single_epoch_accuracy,8,9,3,80.47666666666666,0.5834666514320517,,/panels/cau1/cells/3/test_curve,epoch measurements from the same runs
cau1,CELL-e9a0247a99a9f9cb,cau1-lr005,test,single_epoch_accuracy,9,10,3,80.75,0.6450581369148004,,/panels/cau1/cells/3/test_curve,epoch measurements from the same runs
cau1,CELL-e9a0247a99a9f9cb,cau1-lr005,test,single_epoch_accuracy,10,11,3,80.76333333333334,1.2379956919688093,,/panels/cau1/cells/3/test_curve,epoch measurements from the same runs
cau1,CELL-e9a0247a99a9f9cb,cau1-lr005,test,single_epoch_accuracy,11,12,3,80.73,0.9499999999999972,,/panels/cau1/cells/3/test_curve,epoch measurements from the same runs
cau1,CELL-e9a0247a99a9f9cb,cau1-lr005,test,single_epoch_accuracy,12,13,3,80.16666666666667,1.1858470952586304,,/panels/cau1/cells/3/test_curve,epoch measurements from the same runs
cau1,CELL-e9a0247a99a9f9cb,cau1-lr005,test,single_epoch_accuracy,13,14,3,81.88333333333334,0.37018013633005303,,/panels/cau1/cells/3/test_curve,epoch measurements from the same runs
cau1,CELL-e9a0247a99a9f9cb,cau1-lr005,test,single_epoch_accuracy,14,15,3,80.40333333333334,2.3748964889723783,,/panels/cau1/cells/3/test_curve,epoch measurements from the same runs
cau1,CELL-e9a0247a99a9f9cb,cau1-lr005,test,single_epoch_accuracy,15,16,3,80.57000000000001,0.6421059102671496,,/panels/cau1/cells/3/test_curve,epoch measurements from the same runs
cau1,CELL-e9a0247a99a9f9cb,cau1-lr005,test,single_epoch_accuracy,16,17,3,81.97333333333333,0.19425069712444315,,/panels/cau1/cells/3/test_curve,epoch measurements from the same runs
cau1,CELL-e9a0247a99a9f9cb,cau1-lr005,test,single_epoch_accuracy,17,18,3,80.92999999999999,1.181228174401546,,/panels/cau1/cells/3/test_curve,epoch measurements from the same runs
cau1,CELL-e9a0247a99a9f9cb,cau1-lr005,test,single_epoch_accuracy,18,19,3,80.51,1.2574179893734603,,/panels/cau1/cells/3/test_curve,epoch measurements from the same runs
cau1,CELL-e9a0247a99a9f9cb,cau1-lr005,test,single_epoch_accuracy,19,20,3,81.17666666666666,1.8927317119267935,,/panels/cau1/cells/3/test_curve,epoch measurements from the same runs
cau1,CELL-e9a0247a99a9f9cb,cau1-lr005,test,single_epoch_accuracy,20,21,3,81.37,0.41327956639543506,,/panels/cau1/cells/3/test_curve,epoch measurements from the same runs
cau1,CELL-e9a0247a99a9f9cb,cau1-lr005,test,single_epoch_accuracy,21,22,3,78.57333333333334,3.22102985601396,,/panels/cau1/cells/3/test_curve,epoch measurements from the same runs
cau1,CELL-e9a0247a99a9f9cb,cau1-lr005,test,single_epoch_accuracy,22,23,3,79.9,3.176365847946357,,/panels/cau1/cells/3/test_curve,epoch measurements from the same runs
cau1,CELL-e9a0247a99a9f9cb,cau1-lr005,test,single_epoch_accuracy,23,24,3,80.81666666666666,1.70734686965869,,/panels/cau1/cells/3/test_curve,epoch measurements from the same runs
cau1,CELL-e9a0247a99a9f9cb,cau1-lr005,test,single_epoch_accuracy,24,25,3,79.67333333333333,1.6085500717519858,,/panels/cau1/cells/3/test_curve,epoch measurements from the same runs
cau1,CELL-e9a0247a99a9f9cb,cau1-lr005,test,single_epoch_accuracy,25,26,3,81.02,1.8214005600086975,,/panels/cau1/cells/3/test_curve,epoch measurements from the same runs
cau1,CELL-e9a0247a99a9f9cb,cau1-lr005,test,single_epoch_accuracy,26,27,3,79.15333333333334,1.06514474759693,,/panels/cau1/cells/3/test_curve,epoch measurements from the same runs
cau1,CELL-e9a0247a99a9f9cb,cau1-lr005,test,single_epoch_accuracy,27,28,3,79.27333333333334,2.112873241189198,,/panels/cau1/cells/3/test_curve,epoch measurements from the same runs
cau1,CELL-e9a0247a99a9f9cb,cau1-lr005,test,single_epoch_accuracy,28,29,3,80.97333333333333,1.2888884099615912,,/panels/cau1/cells/3/test_curve,epoch measurements from the same runs
cau1,CELL-e9a0247a99a9f9cb,cau1-lr005,test,single_epoch_accuracy,29,30,3,80.83,1.2700000000000002,,/panels/cau1/cells/3/test_curve,epoch measurements from the same runs
cau1,CELL-e9a0247a99a9f9cb,cau1-lr005,test,single_epoch_accuracy,30,31,3,81.94666666666667,1.0842662649613903,,/panels/cau1/cells/3/test_curve,epoch measurements from the same runs
cau1,CELL-e9a0247a99a9f9cb,cau1-lr005,test,single_epoch_accuracy,31,32,3,81.93666666666667,0.295014123955679,,/panels/cau1/cells/3/test_curve,epoch measurements from the same runs
cau1,CELL-e9a0247a99a9f9cb,cau1-lr005,test,single_epoch_accuracy,32,33,3,80.99333333333333,0.9904712683027861,,/panels/cau1/cells/3/test_curve,epoch measurements from the same runs
cau1,CELL-e9a0247a99a9f9cb,cau1-lr005,test,single_epoch_accuracy,33,34,3,81.91,1.0859558002055185,,/panels/cau1/cells/3/test_curve,epoch measurements from the same runs
cau1,CELL-e9a0247a99a9f9cb,cau1-lr005,test,single_epoch_accuracy,34,35,3,81.62666666666667,1.632952336516085,,/panels/cau1/cells/3/test_curve,epoch measurements from the same runs
cau1,CELL-e9a0247a99a9f9cb,cau1-lr005,test,single_epoch_accuracy,35,36,3,81.77,1.0709341716464165,,/panels/cau1/cells/3/test_curve,epoch measurements from the same runs
cau1,CELL-e9a0247a99a9f9cb,cau1-lr005,test,single_epoch_accuracy,36,37,3,81.00666666666666,1.06627075986043,,/panels/cau1/cells/3/test_curve,epoch measurements from the same runs
cau1,CELL-e9a0247a99a9f9cb,cau1-lr005,test,single_epoch_accuracy,37,38,3,82.25666666666666,1.5682580569961455,,/panels/cau1/cells/3/test_curve,epoch measurements from the same runs
cau1,CELL-e9a0247a99a9f9cb,cau1-lr005,test,single_epoch_accuracy,38,39,3,82.65333333333334,1.0761195720426886,,/panels/cau1/cells/3/test_curve,epoch measurements from the same runs
cau1,CELL-e9a0247a99a9f9cb,cau1-lr005,test,single_epoch_accuracy,39,40,3,80.47333333333333,1.3871673775479796,,/panels/cau1/cells/3/test_curve,epoch measurements from the same runs
cau1,CELL-e9a0247a99a9f9cb,cau1-lr005,test,single_epoch_accuracy,40,41,3,81.38333333333333,0.8776293826743315,,/panels/cau1/cells/3/test_curve,epoch measurements from the same runs
cau1,CELL-e9a0247a99a9f9cb,cau1-lr005,test,single_epoch_accuracy,41,42,3,82.49,0.15099668870541413,,/panels/cau1/cells/3/test_curve,epoch measurements from the same runs
cau1,CELL-e9a0247a99a9f9cb,cau1-lr005,test,single_epoch_accuracy,42,43,3,82.65666666666667,1.4775091652282057,,/panels/cau1/cells/3/test_curve,epoch measurements from the same runs
cau1,CELL-e9a0247a99a9f9cb,cau1-lr005,test,single_epoch_accuracy,43,44,3,82.27666666666667,1.2294036494712888,,/panels/cau1/cells/3/test_curve,epoch measurements from the same runs
cau1,CELL-e9a0247a99a9f9cb,cau1-lr005,test,single_epoch_accuracy,44,45,3,82.84666666666666,0.625806146768577,,/panels/cau1/cells/3/test_curve,epoch measurements from the same runs
cau1,CELL-e9a0247a99a9f9cb,cau1-lr005,test,single_epoch_accuracy,45,46,3,82.2,0.9104394543296128,,/panels/cau1/cells/3/test_curve,epoch measurements from the same runs
cau1,CELL-e9a0247a99a9f9cb,cau1-lr005,test,single_epoch_accuracy,46,47,3,82.29666666666667,1.4042910429584563,,/panels/cau1/cells/3/test_curve,epoch measurements from the same runs
cau1,CELL-e9a0247a99a9f9cb,cau1-lr005,test,single_epoch_accuracy,47,48,3,82.33333333333333,0.9040095869698086,,/panels/cau1/cells/3/test_curve,epoch measurements from the same runs
cau1,CELL-e9a0247a99a9f9cb,cau1-lr005,test,single_epoch_accuracy,48,49,3,84.02,0.9431860898041232,,/panels/cau1/cells/3/test_curve,epoch measurements from the same runs
cau1,CELL-e9a0247a99a9f9cb,cau1-lr005,test,single_epoch_accuracy,49,50,3,84.58666666666667,0.7678758580222026,,/panels/cau1/cells/3/test_curve,epoch measurements from the same runs
cau1,CELL-e9a0247a99a9f9cb,cau1-lr005,test,single_epoch_accuracy,50,51,3,86.05,1.3610657588816177,,/panels/cau1/cells/3/test_curve,epoch measurements from the same runs
cau1,CELL-e9a0247a99a9f9cb,cau1-lr005,test,single_epoch_accuracy,51,52,3,86.49666666666667,2.090366793970219,,/panels/cau1/cells/3/test_curve,epoch measurements from the same runs
cau1,CELL-e9a0247a99a9f9cb,cau1-lr005,test,single_epoch_accuracy,52,53,3,86.57333333333334,2.438469465327239,,/panels/cau1/cells/3/test_curve,epoch measurements from the same runs
cau1,CELL-e9a0247a99a9f9cb,cau1-lr005,test,single_epoch_accuracy,53,54,3,87.27666666666667,1.6339318631244482,,/panels/cau1/cells/3/test_curve,epoch measurements from the same runs
cau1,CELL-e9a0247a99a9f9cb,cau1-lr005,test,single_epoch_accuracy,54,55,3,87.17666666666666,1.9141926061223145,,/panels/cau1/cells/3/test_curve,epoch measurements from the same runs
cau1,CELL-e9a0247a99a9f9cb,cau1-lr005,test,single_epoch_accuracy,55,56,3,87.01666666666667,2.482686716711016,,/panels/cau1/cells/3/test_curve,epoch measurements from the same runs
cau1,CELL-e9a0247a99a9f9cb,cau1-lr005,test,single_epoch_accuracy,56,57,3,87.51666666666667,1.6866040831604052,,/panels/cau1/cells/3/test_curve,epoch measurements from the same runs
cau1,CELL-e9a0247a99a9f9cb,cau1-lr005,test,single_epoch_accuracy,57,58,3,88.24333333333334,0.5225259164226536,,/panels/cau1/cells/3/test_curve,epoch measurements from the same runs
cau1,CELL-e9a0247a99a9f9cb,cau1-lr005,test,single_epoch_accuracy,58,59,3,88.44666666666666,0.3172275734127344,,/panels/cau1/cells/3/test_curve,epoch measurements from the same runs
cau1,CELL-e9a0247a99a9f9cb,cau1-lr005,test,single_epoch_accuracy,59,60,3,88.57666666666667,0.2858904218985547,,/panels/cau1/cells/3/test_curve,epoch measurements from the same runs
cau1,CELL-e9a0247a99a9f9cb,cau1-lr005,test,single_epoch_accuracy,60,61,3,88.62666666666667,0.020816659994664012,,/panels/cau1/cells/3/test_curve,epoch measurements from the same runs
cau1,CELL-e9a0247a99a9f9cb,cau1-lr005,test,single_epoch_accuracy,61,62,3,88.70333333333333,0.1193035344544904,,/panels/cau1/cells/3/test_curve,epoch measurements from the same runs
cau1,CELL-e9a0247a99a9f9cb,cau1-lr005,test,single_epoch_accuracy,62,63,3,88.76333333333334,0.14294521094927734,,/panels/cau1/cells/3/test_curve,epoch measurements from the same runs
cau1,CELL-e9a0247a99a9f9cb,cau1-lr005,test,single_epoch_accuracy,63,64,3,88.74,0.1915724406066836,,/panels/cau1/cells/3/test_curve,epoch measurements from the same runs
cau1,CELL-e9a0247a99a9f9cb,cau1-lr005,test,single_epoch_accuracy,64,65,3,88.88333333333333,0.20744477176668705,,/panels/cau1/cells/3/test_curve,epoch measurements from the same runs
cau1,CELL-e9a0247a99a9f9cb,cau1-lr005,test,single_epoch_accuracy,65,66,3,88.81666666666666,0.21501937897160334,,/panels/cau1/cells/3/test_curve,epoch measurements from the same runs
cau1,CELL-e9a0247a99a9f9cb,cau1-lr005,test,single_epoch_accuracy,66,67,3,88.92,0.3124099870362659,,/panels/cau1/cells/3/test_curve,epoch measurements from the same runs
cau1,CELL-e9a0247a99a9f9cb,cau1-lr005,test,single_epoch_accuracy,67,68,3,88.88,0.2351595203260982,,/panels/cau1/cells/3/test_curve,epoch measurements from the same runs
cau1,CELL-e9a0247a99a9f9cb,cau1-lr005,test,single_epoch_accuracy,68,69,3,88.87333333333333,0.18717193521822384,,/panels/cau1/cells/3/test_curve,epoch measurements from the same runs
cau1,CELL-e9a0247a99a9f9cb,cau1-lr005,test,single_epoch_accuracy,69,70,3,88.88333333333334,0.27537852736431095,,/panels/cau1/cells/3/test_curve,epoch measurements from the same runs
cau1,CELL-e9a0247a99a9f9cb,cau1-lr005,test,single_epoch_accuracy,70,71,3,88.86,0.32908965343809116,,/panels/cau1/cells/3/test_curve,epoch measurements from the same runs
cau1,CELL-e9a0247a99a9f9cb,cau1-lr005,test,single_epoch_accuracy,71,72,3,88.88666666666667,0.25423086620891105,,/panels/cau1/cells/3/test_curve,epoch measurements from the same runs
cau1,CELL-e9a0247a99a9f9cb,cau1-lr005,test,single_epoch_accuracy,72,73,3,88.87,0.24979991993593173,,/panels/cau1/cells/3/test_curve,epoch measurements from the same runs
cau1,CELL-e9a0247a99a9f9cb,cau1-lr005,test,single_epoch_accuracy,73,74,3,88.84,0.2816025568065727,,/panels/cau1/cells/3/test_curve,epoch measurements from the same runs
cau1,CELL-e9a0247a99a9f9cb,cau1-lr005,test,single_epoch_accuracy,74,75,3,88.83333333333333,0.3146956201368775,,/panels/cau1/cells/3/test_curve,epoch measurements from the same runs
cau1,CELL-e9a0247a99a9f9cb,cau1-lr005,test,single_epoch_accuracy,75,76,3,88.81333333333333,0.22300971578237105,,/panels/cau1/cells/3/test_curve,epoch measurements from the same runs
cau1,CELL-e9a0247a99a9f9cb,cau1-lr005,test,single_epoch_accuracy,76,77,3,88.84666666666666,0.25774664562964705,,/panels/cau1/cells/3/test_curve,epoch measurements from the same runs
cau1,CELL-e9a0247a99a9f9cb,cau1-lr005,test,single_epoch_accuracy,77,78,3,88.9,0.2722131517763267,,/panels/cau1/cells/3/test_curve,epoch measurements from the same runs
cau1,CELL-e9a0247a99a9f9cb,cau1-lr005,test,single_epoch_accuracy,78,79,3,88.82666666666667,0.23713568549110187,,/panels/cau1/cells/3/test_curve,epoch measurements from the same runs
cau1,CELL-e9a0247a99a9f9cb,cau1-lr005,test,single_epoch_accuracy,79,80,3,88.78999999999999,0.25942243542145765,,/panels/cau1/cells/3/test_curve,epoch measurements from the same runs
cau1,CELL-e9a0247a99a9f9cb,cau1-lr005,test,single_epoch_accuracy,80,81,3,88.81,0.23895606290696866,,/panels/cau1/cells/3/test_curve,epoch measurements from the same runs
cau1,CELL-e9a0247a99a9f9cb,cau1-lr005,test,single_epoch_accuracy,81,82,3,88.82000000000001,0.20663978319772322,,/panels/cau1/cells/3/test_curve,epoch measurements from the same runs
cau1,CELL-e9a0247a99a9f9cb,cau1-lr005,test,single_epoch_accuracy,82,83,3,88.78,0.16522711641858245,,/panels/cau1/cells/3/test_curve,epoch measurements from the same runs
cau1,CELL-e9a0247a99a9f9cb,cau1-lr005,test,single_epoch_accuracy,83,84,3,88.78333333333333,0.28378395538390444,,/panels/cau1/cells/3/test_curve,epoch measurements from the same runs
cau1,CELL-e9a0247a99a9f9cb,cau1-lr005,test,single_epoch_accuracy,84,85,3,88.8,0.24062418831032104,,/panels/cau1/cells/3/test_curve,epoch measurements from the same runs
cau1,CELL-e9a0247a99a9f9cb,cau1-lr005,test,single_epoch_accuracy,85,86,3,88.81333333333333,0.347754702819864,,/panels/cau1/cells/3/test_curve,epoch measurements from the same runs
cau1,CELL-e9a0247a99a9f9cb,cau1-lr005,test,single_epoch_accuracy,86,87,3,88.82666666666667,0.26006409466386554,,/panels/cau1/cells/3/test_curve,epoch measurements from the same runs
cau1,CELL-e9a0247a99a9f9cb,cau1-lr005,test,single_epoch_accuracy,87,88,3,88.84333333333333,0.2074447717666858,,/panels/cau1/cells/3/test_curve,epoch measurements from the same runs
cau1,CELL-e9a0247a99a9f9cb,cau1-lr005,test,single_epoch_accuracy,88,89,3,88.89666666666666,0.34004901607464005,,/panels/cau1/cells/3/test_curve,epoch measurements from the same runs
cau1,CELL-e9a0247a99a9f9cb,cau1-lr005,test,single_epoch_accuracy,89,90,3,88.80333333333333,0.1331665623695909,,/panels/cau1/cells/3/test_curve,epoch measurements from the same runs
cau1,CELL-e9a0247a99a9f9cb,cau1-lr005,test,single_epoch_accuracy,90,91,3,88.82,0.27622454633866095,,/panels/cau1/cells/3/test_curve,epoch measurements from the same runs
cau1,CELL-e9a0247a99a9f9cb,cau1-lr005,test,single_epoch_accuracy,91,92,3,88.79666666666667,0.1747378989610769,,/panels/cau1/cells/3/test_curve,epoch measurements from the same runs
cau1,CELL-e9a0247a99a9f9cb,cau1-lr005,test,single_epoch_accuracy,92,93,3,88.82333333333334,0.24006943440040665,,/panels/cau1/cells/3/test_curve,epoch measurements from the same runs
cau1,CELL-e9a0247a99a9f9cb,cau1-lr005,test,single_epoch_accuracy,93,94,3,88.77666666666667,0.25146238950056626,,/panels/cau1/cells/3/test_curve,epoch measurements from the same runs
cau1,CELL-e9a0247a99a9f9cb,cau1-lr005,test,single_epoch_accuracy,94,95,3,88.87666666666667,0.2003330560175521,,/panels/cau1/cells/3/test_curve,epoch measurements from the same runs
cau1,CELL-e9a0247a99a9f9cb,cau1-lr005,test,single_epoch_accuracy,95,96,3,88.79666666666667,0.2250185177564991,,/panels/cau1/cells/3/test_curve,epoch measurements from the same runs
cau1,CELL-e9a0247a99a9f9cb,cau1-lr005,test,single_epoch_accuracy,96,97,3,88.75666666666666,0.19008769905844816,,/panels/cau1/cells/3/test_curve,epoch measurements from the same runs
cau1,CELL-e9a0247a99a9f9cb,cau1-lr005,test,single_epoch_accuracy,97,98,3,88.83,0.2007485989988502,,/panels/cau1/cells/3/test_curve,epoch measurements from the same runs
cau1,CELL-e9a0247a99a9f9cb,cau1-lr005,test,single_epoch_accuracy,98,99,3,88.75666666666666,0.30615900008546837,,/panels/cau1/cells/3/test_curve,epoch measurements from the same runs
cau1,CELL-e9a0247a99a9f9cb,cau1-lr005,test,single_epoch_accuracy,99,100,3,88.85333333333334,0.30088757590391035,,/panels/cau1/cells/3/test_curve,epoch measurements from the same runs
cau1,CELL-e9a0247a99a9f9cb,cau1-lr005,train,single_epoch_accuracy,0,1,3,48.32333333333334,0.9281343293582748,,/panels/cau1/cells/3/train_curve,epoch measurements from the same runs
cau1,CELL-e9a0247a99a9f9cb,cau1-lr005,train,single_epoch_accuracy,1,2,3,69.02333333333333,0.558241285944828,,/panels/cau1/cells/3/train_curve,epoch measurements from the same runs
cau1,CELL-e9a0247a99a9f9cb,cau1-lr005,train,single_epoch_accuracy,2,3,3,77.82,0.07000000000000332,,/panels/cau1/cells/3/train_curve,epoch measurements from the same runs
cau1,CELL-e9a0247a99a9f9cb,cau1-lr005,train,single_epoch_accuracy,3,4,3,83.13,0.20074859899884243,,/panels/cau1/cells/3/train_curve,epoch measurements from the same runs
cau1,CELL-e9a0247a99a9f9cb,cau1-lr005,train,single_epoch_accuracy,4,5,3,86.16333333333333,0.2995552258488125,,/panels/cau1/cells/3/train_curve,epoch measurements from the same runs
cau1,CELL-e9a0247a99a9f9cb,cau1-lr005,train,single_epoch_accuracy,5,6,3,88.74666666666667,0.15275252316519375,,/panels/cau1/cells/3/train_curve,epoch measurements from the same runs
cau1,CELL-e9a0247a99a9f9cb,cau1-lr005,train,single_epoch_accuracy,6,7,3,90.73666666666666,0.16862186493255962,,/panels/cau1/cells/3/train_curve,epoch measurements from the same runs
cau1,CELL-e9a0247a99a9f9cb,cau1-lr005,train,single_epoch_accuracy,7,8,3,92.27333333333334,0.1069267662156336,,/panels/cau1/cells/3/train_curve,epoch measurements from the same runs
cau1,CELL-e9a0247a99a9f9cb,cau1-lr005,train,single_epoch_accuracy,8,9,3,93.37333333333333,0.045092497528230475,,/panels/cau1/cells/3/train_curve,epoch measurements from the same runs
cau1,CELL-e9a0247a99a9f9cb,cau1-lr005,train,single_epoch_accuracy,9,10,3,94.16,0.0799999999999983,,/panels/cau1/cells/3/train_curve,epoch measurements from the same runs
cau1,CELL-e9a0247a99a9f9cb,cau1-lr005,train,single_epoch_accuracy,10,11,3,94.74666666666667,0.15502687938978393,,/panels/cau1/cells/3/train_curve,epoch measurements from the same runs
cau1,CELL-e9a0247a99a9f9cb,cau1-lr005,train,single_epoch_accuracy,11,12,3,95.07,0.1752141546793495,,/panels/cau1/cells/3/train_curve,epoch measurements from the same runs
cau1,CELL-e9a0247a99a9f9cb,cau1-lr005,train,single_epoch_accuracy,12,13,3,95.28666666666668,0.15176736583776132,,/panels/cau1/cells/3/train_curve,epoch measurements from the same runs
cau1,CELL-e9a0247a99a9f9cb,cau1-lr005,train,single_epoch_accuracy,13,14,3,95.46666666666667,0.17243356208503557,,/panels/cau1/cells/3/train_curve,epoch measurements from the same runs
cau1,CELL-e9a0247a99a9f9cb,cau1-lr005,train,single_epoch_accuracy,14,15,3,95.64,0.0781024967590692,,/panels/cau1/cells/3/train_curve,epoch measurements from the same runs
cau1,CELL-e9a0247a99a9f9cb,cau1-lr005,train,single_epoch_accuracy,15,16,3,95.78666666666666,0.188237438713275,,/panels/cau1/cells/3/train_curve,epoch measurements from the same runs
cau1,CELL-e9a0247a99a9f9cb,cau1-lr005,train,single_epoch_accuracy,16,17,3,95.92666666666666,0.16196707484342251,,/panels/cau1/cells/3/train_curve,epoch measurements from the same runs
cau1,CELL-e9a0247a99a9f9cb,cau1-lr005,train,single_epoch_accuracy,17,18,3,96.01333333333334,0.10503967504392878,,/panels/cau1/cells/3/train_curve,epoch measurements from the same runs
cau1,CELL-e9a0247a99a9f9cb,cau1-lr005,train,single_epoch_accuracy,18,19,3,96.22333333333333,0.13868429375143734,,/panels/cau1/cells/3/train_curve,epoch measurements from the same runs
cau1,CELL-e9a0247a99a9f9cb,cau1-lr005,train,single_epoch_accuracy,19,20,3,96.35333333333334,0.08962886439832542,,/panels/cau1/cells/3/train_curve,epoch measurements from the same runs
cau1,CELL-e9a0247a99a9f9cb,cau1-lr005,train,single_epoch_accuracy,20,21,3,96.45,0.15132745950421786,,/panels/cau1/cells/3/train_curve,epoch measurements from the same runs
cau1,CELL-e9a0247a99a9f9cb,cau1-lr005,train,single_epoch_accuracy,21,22,3,96.44666666666667,0.11718930554164442,,/panels/cau1/cells/3/train_curve,epoch measurements from the same runs
cau1,CELL-e9a0247a99a9f9cb,cau1-lr005,train,single_epoch_accuracy,22,23,3,96.62333333333333,0.24193663082165703,,/panels/cau1/cells/3/train_curve,epoch measurements from the same runs
cau1,CELL-e9a0247a99a9f9cb,cau1-lr005,train,single_epoch_accuracy,23,24,3,96.70333333333333,0.15695009822657785,,/panels/cau1/cells/3/train_curve,epoch measurements from the same runs
cau1,CELL-e9a0247a99a9f9cb,cau1-lr005,train,single_epoch_accuracy,24,25,3,96.92333333333333,0.3370954365359036,,/panels/cau1/cells/3/train_curve,epoch measurements from the same runs
cau1,CELL-e9a0247a99a9f9cb,cau1-lr005,train,single_epoch_accuracy,25,26,3,96.93333333333334,0.2532455988429684,,/panels/cau1/cells/3/train_curve,epoch measurements from the same runs
cau1,CELL-e9a0247a99a9f9cb,cau1-lr005,train,single_epoch_accuracy,26,27,3,96.81666666666666,0.2650157228040133,,/panels/cau1/cells/3/train_curve,epoch measurements from the same runs
cau1,CELL-e9a0247a99a9f9cb,cau1-lr005,train,single_epoch_accuracy,27,28,3,97.22,0.18520259177452478,,/panels/cau1/cells/3/train_curve,epoch measurements from the same runs
cau1,CELL-e9a0247a99a9f9cb,cau1-lr005,train,single_epoch_accuracy,28,29,3,97.11333333333333,0.1361371857110834,,/panels/cau1/cells/3/train_curve,epoch measurements from the same runs
cau1,CELL-e9a0247a99a9f9cb,cau1-lr005,train,single_epoch_accuracy,29,30,3,97.35666666666667,0.041633319989322334,,/panels/cau1/cells/3/train_curve,epoch measurements from the same runs
cau1,CELL-e9a0247a99a9f9cb,cau1-lr005,train,single_epoch_accuracy,30,31,3,97.29,0.22715633383201142,,/panels/cau1/cells/3/train_curve,epoch measurements from the same runs
cau1,CELL-e9a0247a99a9f9cb,cau1-lr005,train,single_epoch_accuracy,31,32,3,97.43333333333334,0.1858314648635519,,/panels/cau1/cells/3/train_curve,epoch measurements from the same runs
cau1,CELL-e9a0247a99a9f9cb,cau1-lr005,train,single_epoch_accuracy,32,33,3,97.48666666666666,0.21779194965226284,,/panels/cau1/cells/3/train_curve,epoch measurements from the same runs
cau1,CELL-e9a0247a99a9f9cb,cau1-lr005,train,single_epoch_accuracy,33,34,3,97.52,0.25357444666212015,,/panels/cau1/cells/3/train_curve,epoch measurements from the same runs
cau1,CELL-e9a0247a99a9f9cb,cau1-lr005,train,single_epoch_accuracy,34,35,3,97.81666666666666,0.03511884584283885,,/panels/cau1/cells/3/train_curve,epoch measurements from the same runs
cau1,CELL-e9a0247a99a9f9cb,cau1-lr005,train,single_epoch_accuracy,35,36,3,97.77,0.04358898943540458,,/panels/cau1/cells/3/train_curve,epoch measurements from the same runs
cau1,CELL-e9a0247a99a9f9cb,cau1-lr005,train,single_epoch_accuracy,36,37,3,97.68666666666667,0.18339392937971602,,/panels/cau1/cells/3/train_curve,epoch measurements from the same runs
cau1,CELL-e9a0247a99a9f9cb,cau1-lr005,train,single_epoch_accuracy,37,38,3,97.84,0.16093476939431234,,/panels/cau1/cells/3/train_curve,epoch measurements from the same runs
cau1,CELL-e9a0247a99a9f9cb,cau1-lr005,train,single_epoch_accuracy,38,39,3,98.14,0.39344631145812087,,/panels/cau1/cells/3/train_curve,epoch measurements from the same runs
cau1,CELL-e9a0247a99a9f9cb,cau1-lr005,train,single_epoch_accuracy,39,40,3,98.23,0.1732050807568861,,/panels/cau1/cells/3/train_curve,epoch measurements from the same runs
cau1,CELL-e9a0247a99a9f9cb,cau1-lr005,train,single_epoch_accuracy,40,41,3,98.00333333333333,0.33471380810079066,,/panels/cau1/cells/3/train_curve,epoch measurements from the same runs
cau1,CELL-e9a0247a99a9f9cb,cau1-lr005,train,single_epoch_accuracy,41,42,3,98.25333333333333,0.21501937897159817,,/panels/cau1/cells/3/train_curve,epoch measurements from the same runs
cau1,CELL-e9a0247a99a9f9cb,cau1-lr005,train,single_epoch_accuracy,42,43,3,98.18,0.026457513110643326,,/panels/cau1/cells/3/train_curve,epoch measurements from the same runs
cau1,CELL-e9a0247a99a9f9cb,cau1-lr005,train,single_epoch_accuracy,43,44,3,98.58666666666667,0.1401189970465587,,/panels/cau1/cells/3/train_curve,epoch measurements from the same runs
cau1,CELL-e9a0247a99a9f9cb,cau1-lr005,train,single_epoch_accuracy,44,45,3,98.71666666666667,0.5142308171758413,,/panels/cau1/cells/3/train_curve,epoch measurements from the same runs
cau1,CELL-e9a0247a99a9f9cb,cau1-lr005,train,single_epoch_accuracy,45,46,3,98.78,0.282134719593318,,/panels/cau1/cells/3/train_curve,epoch measurements from the same runs
cau1,CELL-e9a0247a99a9f9cb,cau1-lr005,train,single_epoch_accuracy,46,47,3,98.44333333333333,0.4758501164582503,,/panels/cau1/cells/3/train_curve,epoch measurements from the same runs
cau1,CELL-e9a0247a99a9f9cb,cau1-lr005,train,single_epoch_accuracy,47,48,3,98.47333333333333,0.5064911976859355,,/panels/cau1/cells/3/train_curve,epoch measurements from the same runs
cau1,CELL-e9a0247a99a9f9cb,cau1-lr005,train,single_epoch_accuracy,48,49,3,99.00333333333333,0.3590728802532019,,/panels/cau1/cells/3/train_curve,epoch measurements from the same runs
cau1,CELL-e9a0247a99a9f9cb,cau1-lr005,train,single_epoch_accuracy,49,50,3,99.41333333333334,0.3906831623366095,,/panels/cau1/cells/3/train_curve,epoch measurements from the same runs
cau1,CELL-e9a0247a99a9f9cb,cau1-lr005,train,single_epoch_accuracy,50,51,3,99.59666666666666,0.4801388688008263,,/panels/cau1/cells/3/train_curve,epoch measurements from the same runs
cau1,CELL-e9a0247a99a9f9cb,cau1-lr005,train,single_epoch_accuracy,51,52,3,99.72,0.4423799272118976,,/panels/cau1/cells/3/train_curve,epoch measurements from the same runs
cau1,CELL-e9a0247a99a9f9cb,cau1-lr005,train,single_epoch_accuracy,52,53,3,99.79,0.3637306695894616,,/panels/cau1/cells/3/train_curve,epoch measurements from the same runs
cau1,CELL-e9a0247a99a9f9cb,cau1-lr005,train,single_epoch_accuracy,53,54,3,99.85666666666667,0.248260615751543,,/panels/cau1/cells/3/train_curve,epoch measurements from the same runs
cau1,CELL-e9a0247a99a9f9cb,cau1-lr005,train,single_epoch_accuracy,54,55,3,99.84666666666666,0.26558112382722426,,/panels/cau1/cells/3/train_curve,epoch measurements from the same runs
cau1,CELL-e9a0247a99a9f9cb,cau1-lr005,train,single_epoch_accuracy,55,56,3,99.91333333333333,0.15011106998930565,,/panels/cau1/cells/3/train_curve,epoch measurements from the same runs
cau1,CELL-e9a0247a99a9f9cb,cau1-lr005,train,single_epoch_accuracy,56,57,3,99.92666666666666,0.12701705922171702,,/panels/cau1/cells/3/train_curve,epoch measurements from the same runs
cau1,CELL-e9a0247a99a9f9cb,cau1-lr005,train,single_epoch_accuracy,57,58,3,99.98333333333333,0.028867513459479646,,/panels/cau1/cells/3/train_curve,epoch measurements from the same runs
cau1,CELL-e9a0247a99a9f9cb,cau1-lr005,train,single_epoch_accuracy,58,59,3,100.0,0.0,,/panels/cau1/cells/3/train_curve,epoch measurements from the same runs
cau1,CELL-e9a0247a99a9f9cb,cau1-lr005,train,single_epoch_accuracy,59,60,3,100.0,0.0,,/panels/cau1/cells/3/train_curve,epoch measurements from the same runs
cau1,CELL-e9a0247a99a9f9cb,cau1-lr005,train,single_epoch_accuracy,60,61,3,100.0,0.0,,/panels/cau1/cells/3/train_curve,epoch measurements from the same runs
cau1,CELL-e9a0247a99a9f9cb,cau1-lr005,train,single_epoch_accuracy,61,62,3,100.0,0.0,,/panels/cau1/cells/3/train_curve,epoch measurements from the same runs
cau1,CELL-e9a0247a99a9f9cb,cau1-lr005,train,single_epoch_accuracy,62,63,3,100.0,0.0,,/panels/cau1/cells/3/train_curve,epoch measurements from the same runs
cau1,CELL-e9a0247a99a9f9cb,cau1-lr005,train,single_epoch_accuracy,63,64,3,100.0,0.0,,/panels/cau1/cells/3/train_curve,epoch measurements from the same runs
cau1,CELL-e9a0247a99a9f9cb,cau1-lr005,train,single_epoch_accuracy,64,65,3,100.0,0.0,,/panels/cau1/cells/3/train_curve,epoch measurements from the same runs
cau1,CELL-e9a0247a99a9f9cb,cau1-lr005,train,single_epoch_accuracy,65,66,3,100.0,0.0,,/panels/cau1/cells/3/train_curve,epoch measurements from the same runs
cau1,CELL-e9a0247a99a9f9cb,cau1-lr005,train,single_epoch_accuracy,66,67,3,100.0,0.0,,/panels/cau1/cells/3/train_curve,epoch measurements from the same runs
cau1,CELL-e9a0247a99a9f9cb,cau1-lr005,train,single_epoch_accuracy,67,68,3,100.0,0.0,,/panels/cau1/cells/3/train_curve,epoch measurements from the same runs
cau1,CELL-e9a0247a99a9f9cb,cau1-lr005,train,single_epoch_accuracy,68,69,3,100.0,0.0,,/panels/cau1/cells/3/train_curve,epoch measurements from the same runs
cau1,CELL-e9a0247a99a9f9cb,cau1-lr005,train,single_epoch_accuracy,69,70,3,100.0,0.0,,/panels/cau1/cells/3/train_curve,epoch measurements from the same runs
cau1,CELL-e9a0247a99a9f9cb,cau1-lr005,train,single_epoch_accuracy,70,71,3,100.0,0.0,,/panels/cau1/cells/3/train_curve,epoch measurements from the same runs
cau1,CELL-e9a0247a99a9f9cb,cau1-lr005,train,single_epoch_accuracy,71,72,3,100.0,0.0,,/panels/cau1/cells/3/train_curve,epoch measurements from the same runs
cau1,CELL-e9a0247a99a9f9cb,cau1-lr005,train,single_epoch_accuracy,72,73,3,100.0,0.0,,/panels/cau1/cells/3/train_curve,epoch measurements from the same runs
cau1,CELL-e9a0247a99a9f9cb,cau1-lr005,train,single_epoch_accuracy,73,74,3,100.0,0.0,,/panels/cau1/cells/3/train_curve,epoch measurements from the same runs
cau1,CELL-e9a0247a99a9f9cb,cau1-lr005,train,single_epoch_accuracy,74,75,3,100.0,0.0,,/panels/cau1/cells/3/train_curve,epoch measurements from the same runs
cau1,CELL-e9a0247a99a9f9cb,cau1-lr005,train,single_epoch_accuracy,75,76,3,100.0,0.0,,/panels/cau1/cells/3/train_curve,epoch measurements from the same runs
cau1,CELL-e9a0247a99a9f9cb,cau1-lr005,train,single_epoch_accuracy,76,77,3,100.0,0.0,,/panels/cau1/cells/3/train_curve,epoch measurements from the same runs
cau1,CELL-e9a0247a99a9f9cb,cau1-lr005,train,single_epoch_accuracy,77,78,3,100.0,0.0,,/panels/cau1/cells/3/train_curve,epoch measurements from the same runs
cau1,CELL-e9a0247a99a9f9cb,cau1-lr005,train,single_epoch_accuracy,78,79,3,100.0,0.0,,/panels/cau1/cells/3/train_curve,epoch measurements from the same runs
cau1,CELL-e9a0247a99a9f9cb,cau1-lr005,train,single_epoch_accuracy,79,80,3,100.0,0.0,,/panels/cau1/cells/3/train_curve,epoch measurements from the same runs
cau1,CELL-e9a0247a99a9f9cb,cau1-lr005,train,single_epoch_accuracy,80,81,3,100.0,0.0,,/panels/cau1/cells/3/train_curve,epoch measurements from the same runs
cau1,CELL-e9a0247a99a9f9cb,cau1-lr005,train,single_epoch_accuracy,81,82,3,100.0,0.0,,/panels/cau1/cells/3/train_curve,epoch measurements from the same runs
cau1,CELL-e9a0247a99a9f9cb,cau1-lr005,train,single_epoch_accuracy,82,83,3,100.0,0.0,,/panels/cau1/cells/3/train_curve,epoch measurements from the same runs
cau1,CELL-e9a0247a99a9f9cb,cau1-lr005,train,single_epoch_accuracy,83,84,3,100.0,0.0,,/panels/cau1/cells/3/train_curve,epoch measurements from the same runs
cau1,CELL-e9a0247a99a9f9cb,cau1-lr005,train,single_epoch_accuracy,84,85,3,100.0,0.0,,/panels/cau1/cells/3/train_curve,epoch measurements from the same runs
cau1,CELL-e9a0247a99a9f9cb,cau1-lr005,train,single_epoch_accuracy,85,86,3,100.0,0.0,,/panels/cau1/cells/3/train_curve,epoch measurements from the same runs
cau1,CELL-e9a0247a99a9f9cb,cau1-lr005,train,single_epoch_accuracy,86,87,3,100.0,0.0,,/panels/cau1/cells/3/train_curve,epoch measurements from the same runs
cau1,CELL-e9a0247a99a9f9cb,cau1-lr005,train,single_epoch_accuracy,87,88,3,100.0,0.0,,/panels/cau1/cells/3/train_curve,epoch measurements from the same runs
cau1,CELL-e9a0247a99a9f9cb,cau1-lr005,train,single_epoch_accuracy,88,89,3,100.0,0.0,,/panels/cau1/cells/3/train_curve,epoch measurements from the same runs
cau1,CELL-e9a0247a99a9f9cb,cau1-lr005,train,single_epoch_accuracy,89,90,3,100.0,0.0,,/panels/cau1/cells/3/train_curve,epoch measurements from the same runs
cau1,CELL-e9a0247a99a9f9cb,cau1-lr005,train,single_epoch_accuracy,90,91,3,100.0,0.0,,/panels/cau1/cells/3/train_curve,epoch measurements from the same runs
cau1,CELL-e9a0247a99a9f9cb,cau1-lr005,train,single_epoch_accuracy,91,92,3,100.0,0.0,,/panels/cau1/cells/3/train_curve,epoch measurements from the same runs
cau1,CELL-e9a0247a99a9f9cb,cau1-lr005,train,single_epoch_accuracy,92,93,3,100.0,0.0,,/panels/cau1/cells/3/train_curve,epoch measurements from the same runs
cau1,CELL-e9a0247a99a9f9cb,cau1-lr005,train,single_epoch_accuracy,93,94,3,100.0,0.0,,/panels/cau1/cells/3/train_curve,epoch measurements from the same runs
cau1,CELL-e9a0247a99a9f9cb,cau1-lr005,train,single_epoch_accuracy,94,95,3,100.0,0.0,,/panels/cau1/cells/3/train_curve,epoch measurements from the same runs
cau1,CELL-e9a0247a99a9f9cb,cau1-lr005,train,single_epoch_accuracy,95,96,3,100.0,0.0,,/panels/cau1/cells/3/train_curve,epoch measurements from the same runs
cau1,CELL-e9a0247a99a9f9cb,cau1-lr005,train,single_epoch_accuracy,96,97,3,100.0,0.0,,/panels/cau1/cells/3/train_curve,epoch measurements from the same runs
cau1,CELL-e9a0247a99a9f9cb,cau1-lr005,train,single_epoch_accuracy,97,98,3,100.0,0.0,,/panels/cau1/cells/3/train_curve,epoch measurements from the same runs
cau1,CELL-e9a0247a99a9f9cb,cau1-lr005,train,single_epoch_accuracy,98,99,3,100.0,0.0,,/panels/cau1/cells/3/train_curve,epoch measurements from the same runs
cau1,CELL-e9a0247a99a9f9cb,cau1-lr005,train,single_epoch_accuracy,99,100,3,100.0,0.0,,/panels/cau1/cells/3/train_curve,epoch measurements from the same runs
cau1,CELL-0d05266c6cf8e3fd,cau1-lr01,test,single_epoch_accuracy,0,1,3,55.21,2.5484897488512672,,/panels/cau1/cells/4/test_curve,epoch measurements from the same runs
cau1,CELL-0d05266c6cf8e3fd,cau1-lr01,test,single_epoch_accuracy,1,2,3,67.67,4.779152644559492,,/panels/cau1/cells/4/test_curve,epoch measurements from the same runs
cau1,CELL-0d05266c6cf8e3fd,cau1-lr01,test,single_epoch_accuracy,2,3,3,73.12,2.3177359642547772,,/panels/cau1/cells/4/test_curve,epoch measurements from the same runs
cau1,CELL-0d05266c6cf8e3fd,cau1-lr01,test,single_epoch_accuracy,3,4,3,77.69333333333333,2.028234043036781,,/panels/cau1/cells/4/test_curve,epoch measurements from the same runs
cau1,CELL-0d05266c6cf8e3fd,cau1-lr01,test,single_epoch_accuracy,4,5,3,77.07333333333334,2.530243730025501,,/panels/cau1/cells/4/test_curve,epoch measurements from the same runs
cau1,CELL-0d05266c6cf8e3fd,cau1-lr01,test,single_epoch_accuracy,5,6,3,75.33,4.810686021764463,,/panels/cau1/cells/4/test_curve,epoch measurements from the same runs
cau1,CELL-0d05266c6cf8e3fd,cau1-lr01,test,single_epoch_accuracy,6,7,3,77.24,3.3817303263270393,,/panels/cau1/cells/4/test_curve,epoch measurements from the same runs
cau1,CELL-0d05266c6cf8e3fd,cau1-lr01,test,single_epoch_accuracy,7,8,3,77.12,2.298630026776816,,/panels/cau1/cells/4/test_curve,epoch measurements from the same runs
cau1,CELL-0d05266c6cf8e3fd,cau1-lr01,test,single_epoch_accuracy,8,9,3,78.81666666666666,1.4551403139674655,,/panels/cau1/cells/4/test_curve,epoch measurements from the same runs
cau1,CELL-0d05266c6cf8e3fd,cau1-lr01,test,single_epoch_accuracy,9,10,3,79.51333333333334,1.8445957099953734,,/panels/cau1/cells/4/test_curve,epoch measurements from the same runs
cau1,CELL-0d05266c6cf8e3fd,cau1-lr01,test,single_epoch_accuracy,10,11,3,77.94333333333333,1.1440862438353767,,/panels/cau1/cells/4/test_curve,epoch measurements from the same runs
cau1,CELL-0d05266c6cf8e3fd,cau1-lr01,test,single_epoch_accuracy,11,12,3,80.49666666666667,1.3655157755710254,,/panels/cau1/cells/4/test_curve,epoch measurements from the same runs
cau1,CELL-0d05266c6cf8e3fd,cau1-lr01,test,single_epoch_accuracy,12,13,3,79.94,1.070140177733739,,/panels/cau1/cells/4/test_curve,epoch measurements from the same runs
cau1,CELL-0d05266c6cf8e3fd,cau1-lr01,test,single_epoch_accuracy,13,14,3,79.75333333333333,1.300397375163968,,/panels/cau1/cells/4/test_curve,epoch measurements from the same runs
cau1,CELL-0d05266c6cf8e3fd,cau1-lr01,test,single_epoch_accuracy,14,15,3,79.31666666666666,0.8528970238741251,,/panels/cau1/cells/4/test_curve,epoch measurements from the same runs
cau1,CELL-0d05266c6cf8e3fd,cau1-lr01,test,single_epoch_accuracy,15,16,3,79.85,1.902918810669544,,/panels/cau1/cells/4/test_curve,epoch measurements from the same runs
cau1,CELL-0d05266c6cf8e3fd,cau1-lr01,test,single_epoch_accuracy,16,17,3,78.74333333333334,3.7502177714545235,,/panels/cau1/cells/4/test_curve,epoch measurements from the same runs
cau1,CELL-0d05266c6cf8e3fd,cau1-lr01,test,single_epoch_accuracy,17,18,3,79.03333333333333,3.4237455123494986,,/panels/cau1/cells/4/test_curve,epoch measurements from the same runs
cau1,CELL-0d05266c6cf8e3fd,cau1-lr01,test,single_epoch_accuracy,18,19,3,79.49,0.4635730794599709,,/panels/cau1/cells/4/test_curve,epoch measurements from the same runs
cau1,CELL-0d05266c6cf8e3fd,cau1-lr01,test,single_epoch_accuracy,19,20,3,79.83333333333333,1.9316918318751914,,/panels/cau1/cells/4/test_curve,epoch measurements from the same runs
cau1,CELL-0d05266c6cf8e3fd,cau1-lr01,test,single_epoch_accuracy,20,21,3,80.33333333333333,0.6755985000970094,,/panels/cau1/cells/4/test_curve,epoch measurements from the same runs
cau1,CELL-0d05266c6cf8e3fd,cau1-lr01,test,single_epoch_accuracy,21,22,3,78.24333333333334,1.800259240591013,,/panels/cau1/cells/4/test_curve,epoch measurements from the same runs
cau1,CELL-0d05266c6cf8e3fd,cau1-lr01,test,single_epoch_accuracy,22,23,3,77.91,1.0746162105607788,,/panels/cau1/cells/4/test_curve,epoch measurements from the same runs
cau1,CELL-0d05266c6cf8e3fd,cau1-lr01,test,single_epoch_accuracy,23,24,3,79.72,1.935949379503504,,/panels/cau1/cells/4/test_curve,epoch measurements from the same runs
cau1,CELL-0d05266c6cf8e3fd,cau1-lr01,test,single_epoch_accuracy,24,25,3,79.33,1.6896449331146495,,/panels/cau1/cells/4/test_curve,epoch measurements from the same runs
cau1,CELL-0d05266c6cf8e3fd,cau1-lr01,test,single_epoch_accuracy,25,26,3,78.74,1.048427393766495,,/panels/cau1/cells/4/test_curve,epoch measurements from the same runs
cau1,CELL-0d05266c6cf8e3fd,cau1-lr01,test,single_epoch_accuracy,26,27,3,78.20333333333333,1.2456457495344875,,/panels/cau1/cells/4/test_curve,epoch measurements from the same runs
cau1,CELL-0d05266c6cf8e3fd,cau1-lr01,test,single_epoch_accuracy,27,28,3,79.72333333333333,1.115093419105921,,/panels/cau1/cells/4/test_curve,epoch measurements from the same runs
cau1,CELL-0d05266c6cf8e3fd,cau1-lr01,test,single_epoch_accuracy,28,29,3,80.59666666666666,0.6986653944008737,,/panels/cau1/cells/4/test_curve,epoch measurements from the same runs
cau1,CELL-0d05266c6cf8e3fd,cau1-lr01,test,single_epoch_accuracy,29,30,3,80.13,0.7748548251124197,,/panels/cau1/cells/4/test_curve,epoch measurements from the same runs
cau1,CELL-0d05266c6cf8e3fd,cau1-lr01,test,single_epoch_accuracy,30,31,3,79.87333333333333,1.5001444374903792,,/panels/cau1/cells/4/test_curve,epoch measurements from the same runs
cau1,CELL-0d05266c6cf8e3fd,cau1-lr01,test,single_epoch_accuracy,31,32,3,81.00999999999999,1.365173981586229,,/panels/cau1/cells/4/test_curve,epoch measurements from the same runs
cau1,CELL-0d05266c6cf8e3fd,cau1-lr01,test,single_epoch_accuracy,32,33,3,80.23333333333333,2.52868213370786,,/panels/cau1/cells/4/test_curve,epoch measurements from the same runs
cau1,CELL-0d05266c6cf8e3fd,cau1-lr01,test,single_epoch_accuracy,33,34,3,79.84,3.9990623901109648,,/panels/cau1/cells/4/test_curve,epoch measurements from the same runs
cau1,CELL-0d05266c6cf8e3fd,cau1-lr01,test,single_epoch_accuracy,34,35,3,78.94,1.685704600456438,,/panels/cau1/cells/4/test_curve,epoch measurements from the same runs
cau1,CELL-0d05266c6cf8e3fd,cau1-lr01,test,single_epoch_accuracy,35,36,3,80.48666666666666,2.050471490495132,,/panels/cau1/cells/4/test_curve,epoch measurements from the same runs
cau1,CELL-0d05266c6cf8e3fd,cau1-lr01,test,single_epoch_accuracy,36,37,3,80.63333333333334,1.4813619859215155,,/panels/cau1/cells/4/test_curve,epoch measurements from the same runs
cau1,CELL-0d05266c6cf8e3fd,cau1-lr01,test,single_epoch_accuracy,37,38,3,79.18,3.4504492461127465,,/panels/cau1/cells/4/test_curve,epoch measurements from the same runs
cau1,CELL-0d05266c6cf8e3fd,cau1-lr01,test,single_epoch_accuracy,38,39,3,80.81333333333333,0.5128677542343005,,/panels/cau1/cells/4/test_curve,epoch measurements from the same runs
cau1,CELL-0d05266c6cf8e3fd,cau1-lr01,test,single_epoch_accuracy,39,40,3,80.08,1.6345029825607564,,/panels/cau1/cells/4/test_curve,epoch measurements from the same runs
cau1,CELL-0d05266c6cf8e3fd,cau1-lr01,test,single_epoch_accuracy,40,41,3,79.96666666666667,1.3671990832842678,,/panels/cau1/cells/4/test_curve,epoch measurements from the same runs
cau1,CELL-0d05266c6cf8e3fd,cau1-lr01,test,single_epoch_accuracy,41,42,3,81.12666666666667,0.4916638417998014,,/panels/cau1/cells/4/test_curve,epoch measurements from the same runs
cau1,CELL-0d05266c6cf8e3fd,cau1-lr01,test,single_epoch_accuracy,42,43,3,79.97333333333333,3.138555931209981,,/panels/cau1/cells/4/test_curve,epoch measurements from the same runs
cau1,CELL-0d05266c6cf8e3fd,cau1-lr01,test,single_epoch_accuracy,43,44,3,79.95,2.213119969635626,,/panels/cau1/cells/4/test_curve,epoch measurements from the same runs
cau1,CELL-0d05266c6cf8e3fd,cau1-lr01,test,single_epoch_accuracy,44,45,3,81.76333333333334,0.1755942292142165,,/panels/cau1/cells/4/test_curve,epoch measurements from the same runs
cau1,CELL-0d05266c6cf8e3fd,cau1-lr01,test,single_epoch_accuracy,45,46,3,81.64,1.279960936903934,,/panels/cau1/cells/4/test_curve,epoch measurements from the same runs
cau1,CELL-0d05266c6cf8e3fd,cau1-lr01,test,single_epoch_accuracy,46,47,3,82.15666666666667,1.1886687231240374,,/panels/cau1/cells/4/test_curve,epoch measurements from the same runs
cau1,CELL-0d05266c6cf8e3fd,cau1-lr01,test,single_epoch_accuracy,47,48,3,81.58666666666667,0.25735837529276434,,/panels/cau1/cells/4/test_curve,epoch measurements from the same runs
cau1,CELL-0d05266c6cf8e3fd,cau1-lr01,test,single_epoch_accuracy,48,49,3,81.02333333333334,2.1241547338490485,,/panels/cau1/cells/4/test_curve,epoch measurements from the same runs
cau1,CELL-0d05266c6cf8e3fd,cau1-lr01,test,single_epoch_accuracy,49,50,3,82.14666666666666,0.9057777505179432,,/panels/cau1/cells/4/test_curve,epoch measurements from the same runs
cau1,CELL-0d05266c6cf8e3fd,cau1-lr01,test,single_epoch_accuracy,50,51,3,82.04,0.9083501527494795,,/panels/cau1/cells/4/test_curve,epoch measurements from the same runs
cau1,CELL-0d05266c6cf8e3fd,cau1-lr01,test,single_epoch_accuracy,51,52,3,83.13666666666667,0.34559128075420603,,/panels/cau1/cells/4/test_curve,epoch measurements from the same runs
cau1,CELL-0d05266c6cf8e3fd,cau1-lr01,test,single_epoch_accuracy,52,53,3,80.94333333333333,0.4593836450433728,,/panels/cau1/cells/4/test_curve,epoch measurements from the same runs
cau1,CELL-0d05266c6cf8e3fd,cau1-lr01,test,single_epoch_accuracy,53,54,3,82.67666666666666,1.0550987315570675,,/panels/cau1/cells/4/test_curve,epoch measurements from the same runs
cau1,CELL-0d05266c6cf8e3fd,cau1-lr01,test,single_epoch_accuracy,54,55,3,83.39666666666666,0.8161699169494926,,/panels/cau1/cells/4/test_curve,epoch measurements from the same runs
cau1,CELL-0d05266c6cf8e3fd,cau1-lr01,test,single_epoch_accuracy,55,56,3,83.68,0.4746577714522368,,/panels/cau1/cells/4/test_curve,epoch measurements from the same runs
cau1,CELL-0d05266c6cf8e3fd,cau1-lr01,test,single_epoch_accuracy,56,57,3,83.56666666666666,0.5582412859448244,,/panels/cau1/cells/4/test_curve,epoch measurements from the same runs
cau1,CELL-0d05266c6cf8e3fd,cau1-lr01,test,single_epoch_accuracy,57,58,3,82.92333333333333,1.1944175707571187,,/panels/cau1/cells/4/test_curve,epoch measurements from the same runs
cau1,CELL-0d05266c6cf8e3fd,cau1-lr01,test,single_epoch_accuracy,58,59,3,82.74666666666667,0.5589573627150247,,/panels/cau1/cells/4/test_curve,epoch measurements from the same runs
cau1,CELL-0d05266c6cf8e3fd,cau1-lr01,test,single_epoch_accuracy,59,60,3,82.17333333333333,0.6176028929120467,,/panels/cau1/cells/4/test_curve,epoch measurements from the same runs
cau1,CELL-0d05266c6cf8e3fd,cau1-lr01,test,single_epoch_accuracy,60,61,3,83.28666666666666,1.5614843365635576,,/panels/cau1/cells/4/test_curve,epoch measurements from the same runs
cau1,CELL-0d05266c6cf8e3fd,cau1-lr01,test,single_epoch_accuracy,61,62,3,84.41333333333334,0.040414518843272795,,/panels/cau1/cells/4/test_curve,epoch measurements from the same runs
cau1,CELL-0d05266c6cf8e3fd,cau1-lr01,test,single_epoch_accuracy,62,63,3,84.01333333333334,0.3971565602295062,,/panels/cau1/cells/4/test_curve,epoch measurements from the same runs
cau1,CELL-0d05266c6cf8e3fd,cau1-lr01,test,single_epoch_accuracy,63,64,3,84.13333333333333,1.350715859584583,,/panels/cau1/cells/4/test_curve,epoch measurements from the same runs
cau1,CELL-0d05266c6cf8e3fd,cau1-lr01,test,single_epoch_accuracy,64,65,3,83.92666666666666,0.6281984824347565,,/panels/cau1/cells/4/test_curve,epoch measurements from the same runs
cau1,CELL-0d05266c6cf8e3fd,cau1-lr01,test,single_epoch_accuracy,65,66,3,84.47333333333333,1.0241744643044586,,/panels/cau1/cells/4/test_curve,epoch measurements from the same runs
cau1,CELL-0d05266c6cf8e3fd,cau1-lr01,test,single_epoch_accuracy,66,67,3,85.74666666666667,1.501876603897051,,/panels/cau1/cells/4/test_curve,epoch measurements from the same runs
cau1,CELL-0d05266c6cf8e3fd,cau1-lr01,test,single_epoch_accuracy,67,68,3,86.64666666666666,0.803388656462946,,/panels/cau1/cells/4/test_curve,epoch measurements from the same runs
cau1,CELL-0d05266c6cf8e3fd,cau1-lr01,test,single_epoch_accuracy,68,69,3,87.50666666666666,1.1027843548642418,,/panels/cau1/cells/4/test_curve,epoch measurements from the same runs
cau1,CELL-0d05266c6cf8e3fd,cau1-lr01,test,single_epoch_accuracy,69,70,3,88.14333333333333,0.7241776945842323,,/panels/cau1/cells/4/test_curve,epoch measurements from the same runs
cau1,CELL-0d05266c6cf8e3fd,cau1-lr01,test,single_epoch_accuracy,70,71,3,88.54333333333334,0.3407834111768527,,/panels/cau1/cells/4/test_curve,epoch measurements from the same runs
cau1,CELL-0d05266c6cf8e3fd,cau1-lr01,test,single_epoch_accuracy,71,72,3,88.83666666666667,0.060277137733419625,,/panels/cau1/cells/4/test_curve,epoch measurements from the same runs
cau1,CELL-0d05266c6cf8e3fd,cau1-lr01,test,single_epoch_accuracy,72,73,3,89.02333333333333,0.04932882862316322,,/panels/cau1/cells/4/test_curve,epoch measurements from the same runs
cau1,CELL-0d05266c6cf8e3fd,cau1-lr01,test,single_epoch_accuracy,73,74,3,89.12333333333333,0.11015141094572464,,/panels/cau1/cells/4/test_curve,epoch measurements from the same runs
cau1,CELL-0d05266c6cf8e3fd,cau1-lr01,test,single_epoch_accuracy,74,75,3,89.13,0.16370705543744593,,/panels/cau1/cells/4/test_curve,epoch measurements from the same runs
cau1,CELL-0d05266c6cf8e3fd,cau1-lr01,test,single_epoch_accuracy,75,76,3,89.35,0.19519221295943145,,/panels/cau1/cells/4/test_curve,epoch measurements from the same runs
cau1,CELL-0d05266c6cf8e3fd,cau1-lr01,test,single_epoch_accuracy,76,77,3,89.27,0.27495454169735306,,/panels/cau1/cells/4/test_curve,epoch measurements from the same runs
cau1,CELL-0d05266c6cf8e3fd,cau1-lr01,test,single_epoch_accuracy,77,78,3,89.32666666666667,0.1401189970465587,,/panels/cau1/cells/4/test_curve,epoch measurements from the same runs
cau1,CELL-0d05266c6cf8e3fd,cau1-lr01,test,single_epoch_accuracy,78,79,3,89.39,0.2645751311064575,,/panels/cau1/cells/4/test_curve,epoch measurements from the same runs
cau1,CELL-0d05266c6cf8e3fd,cau1-lr01,test,single_epoch_accuracy,79,80,3,89.41,0.20808652046684803,,/panels/cau1/cells/4/test_curve,epoch measurements from the same runs
cau1,CELL-0d05266c6cf8e3fd,cau1-lr01,test,single_epoch_accuracy,80,81,3,89.44666666666667,0.18610033136277349,,/panels/cau1/cells/4/test_curve,epoch measurements from the same runs
cau1,CELL-0d05266c6cf8e3fd,cau1-lr01,test,single_epoch_accuracy,81,82,3,89.41333333333334,0.07023769168568511,,/panels/cau1/cells/4/test_curve,epoch measurements from the same runs
cau1,CELL-0d05266c6cf8e3fd,cau1-lr01,test,single_epoch_accuracy,82,83,3,89.48333333333333,0.19629909152446653,,/panels/cau1/cells/4/test_curve,epoch measurements from the same runs
cau1,CELL-0d05266c6cf8e3fd,cau1-lr01,test,single_epoch_accuracy,83,84,3,89.48,0.25,,/panels/cau1/cells/4/test_curve,epoch measurements from the same runs
cau1,CELL-0d05266c6cf8e3fd,cau1-lr01,test,single_epoch_accuracy,84,85,3,89.45666666666666,0.2550163393457976,,/panels/cau1/cells/4/test_curve,epoch measurements from the same runs
cau1,CELL-0d05266c6cf8e3fd,cau1-lr01,test,single_epoch_accuracy,85,86,3,89.46,0.1833030277982328,,/panels/cau1/cells/4/test_curve,epoch measurements from the same runs
cau1,CELL-0d05266c6cf8e3fd,cau1-lr01,test,single_epoch_accuracy,86,87,3,89.45666666666666,0.1858314648635519,,/panels/cau1/cells/4/test_curve,epoch measurements from the same runs
cau1,CELL-0d05266c6cf8e3fd,cau1-lr01,test,single_epoch_accuracy,87,88,3,89.47666666666666,0.18556220879622626,,/panels/cau1/cells/4/test_curve,epoch measurements from the same runs
cau1,CELL-0d05266c6cf8e3fd,cau1-lr01,test,single_epoch_accuracy,88,89,3,89.47333333333333,0.2311565126344743,,/panels/cau1/cells/4/test_curve,epoch measurements from the same runs
cau1,CELL-0d05266c6cf8e3fd,cau1-lr01,test,single_epoch_accuracy,89,90,3,89.47,0.3004995840263384,,/panels/cau1/cells/4/test_curve,epoch measurements from the same runs
cau1,CELL-0d05266c6cf8e3fd,cau1-lr01,test,single_epoch_accuracy,90,91,3,89.44666666666667,0.2706165799305977,,/panels/cau1/cells/4/test_curve,epoch measurements from the same runs
cau1,CELL-0d05266c6cf8e3fd,cau1-lr01,test,single_epoch_accuracy,91,92,3,89.45,0.24331050121192593,,/panels/cau1/cells/4/test_curve,epoch measurements from the same runs
cau1,CELL-0d05266c6cf8e3fd,cau1-lr01,test,single_epoch_accuracy,92,93,3,89.49,0.2351595203260982,,/panels/cau1/cells/4/test_curve,epoch measurements from the same runs
cau1,CELL-0d05266c6cf8e3fd,cau1-lr01,test,single_epoch_accuracy,93,94,3,89.48333333333333,0.2731910198621654,,/panels/cau1/cells/4/test_curve,epoch measurements from the same runs
cau1,CELL-0d05266c6cf8e3fd,cau1-lr01,test,single_epoch_accuracy,94,95,3,89.50666666666666,0.26083200212653296,,/panels/cau1/cells/4/test_curve,epoch measurements from the same runs
cau1,CELL-0d05266c6cf8e3fd,cau1-lr01,test,single_epoch_accuracy,95,96,3,89.46,0.15716233645501432,,/panels/cau1/cells/4/test_curve,epoch measurements from the same runs
cau1,CELL-0d05266c6cf8e3fd,cau1-lr01,test,single_epoch_accuracy,96,97,3,89.5,0.25999999999999746,,/panels/cau1/cells/4/test_curve,epoch measurements from the same runs
cau1,CELL-0d05266c6cf8e3fd,cau1-lr01,test,single_epoch_accuracy,97,98,3,89.53333333333333,0.31895663237081395,,/panels/cau1/cells/4/test_curve,epoch measurements from the same runs
cau1,CELL-0d05266c6cf8e3fd,cau1-lr01,test,single_epoch_accuracy,98,99,3,89.50333333333333,0.25658007197234345,,/panels/cau1/cells/4/test_curve,epoch measurements from the same runs
cau1,CELL-0d05266c6cf8e3fd,cau1-lr01,test,single_epoch_accuracy,99,100,3,89.45,0.22338307903688273,,/panels/cau1/cells/4/test_curve,epoch measurements from the same runs
cau1,CELL-0d05266c6cf8e3fd,cau1-lr01,train,single_epoch_accuracy,0,1,3,48.58,0.9204890004774636,,/panels/cau1/cells/4/train_curve,epoch measurements from the same runs
cau1,CELL-0d05266c6cf8e3fd,cau1-lr01,train,single_epoch_accuracy,1,2,3,68.87333333333333,0.15695009822658026,,/panels/cau1/cells/4/train_curve,epoch measurements from the same runs
cau1,CELL-0d05266c6cf8e3fd,cau1-lr01,train,single_epoch_accuracy,2,3,3,77.31,0.1509966887054132,,/panels/cau1/cells/4/train_curve,epoch measurements from the same runs
cau1,CELL-0d05266c6cf8e3fd,cau1-lr01,train,single_epoch_accuracy,3,4,3,81.83,0.06082762530298061,,/panels/cau1/cells/4/train_curve,epoch measurements from the same runs
cau1,CELL-0d05266c6cf8e3fd,cau1-lr01,train,single_epoch_accuracy,4,5,3,84.36,0.21283796653792936,,/panels/cau1/cells/4/train_curve,epoch measurements from the same runs
cau1,CELL-0d05266c6cf8e3fd,cau1-lr01,train,single_epoch_accuracy,5,6,3,86.07000000000001,0.1552417469626014,,/panels/cau1/cells/4/train_curve,epoch measurements from the same runs
cau1,CELL-0d05266c6cf8e3fd,cau1-lr01,train,single_epoch_accuracy,6,7,3,87.28333333333333,0.2318045153428489,,/panels/cau1/cells/4/train_curve,epoch measurements from the same runs
cau1,CELL-0d05266c6cf8e3fd,cau1-lr01,train,single_epoch_accuracy,7,8,3,87.97,0.180277563773203,,/panels/cau1/cells/4/train_curve,epoch measurements from the same runs
cau1,CELL-0d05266c6cf8e3fd,cau1-lr01,train,single_epoch_accuracy,8,9,3,88.62333333333333,0.08962886439832991,,/panels/cau1/cells/4/train_curve,epoch measurements from the same runs
cau1,CELL-0d05266c6cf8e3fd,cau1-lr01,train,single_epoch_accuracy,9,10,3,89.42999999999999,0.21517434791350357,,/panels/cau1/cells/4/train_curve,epoch measurements from the same runs
cau1,CELL-0d05266c6cf8e3fd,cau1-lr01,train,single_epoch_accuracy,10,11,3,89.93666666666667,0.14571661996263233,,/panels/cau1/cells/4/train_curve,epoch measurements from the same runs
cau1,CELL-0d05266c6cf8e3fd,cau1-lr01,train,single_epoch_accuracy,11,12,3,90.33333333333333,0.1900876990584412,,/panels/cau1/cells/4/train_curve,epoch measurements from the same runs
cau1,CELL-0d05266c6cf8e3fd,cau1-lr01,train,single_epoch_accuracy,12,13,3,90.70666666666666,0.19399312702602411,,/panels/cau1/cells/4/train_curve,epoch measurements from the same runs
cau1,CELL-0d05266c6cf8e3fd,cau1-lr01,train,single_epoch_accuracy,13,14,3,91.13333333333334,0.08326663997864239,,/panels/cau1/cells/4/train_curve,epoch measurements from the same runs
cau1,CELL-0d05266c6cf8e3fd,cau1-lr01,train,single_epoch_accuracy,14,15,3,91.45333333333333,0.23437861108329167,,/panels/cau1/cells/4/train_curve,epoch measurements from the same runs
cau1,CELL-0d05266c6cf8e3fd,cau1-lr01,train,single_epoch_accuracy,15,16,3,91.60333333333334,0.08326663997864239,,/panels/cau1/cells/4/train_curve,epoch measurements from the same runs
cau1,CELL-0d05266c6cf8e3fd,cau1-lr01,train,single_epoch_accuracy,16,17,3,91.91,0.15874507866387608,,/panels/cau1/cells/4/train_curve,epoch measurements from the same runs
cau1,CELL-0d05266c6cf8e3fd,cau1-lr01,train,single_epoch_accuracy,17,18,3,92.16,0.13453624047073887,,/panels/cau1/cells/4/train_curve,epoch measurements from the same runs
cau1,CELL-0d05266c6cf8e3fd,cau1-lr01,train,single_epoch_accuracy,18,19,3,92.07666666666667,0.08020806277010495,,/panels/cau1/cells/4/train_curve,epoch measurements from the same runs
cau1,CELL-0d05266c6cf8e3fd,cau1-lr01,train,single_epoch_accuracy,19,20,3,92.51,0.1509966887054207,,/panels/cau1/cells/4/train_curve,epoch measurements from the same runs
cau1,CELL-0d05266c6cf8e3fd,cau1-lr01,train,single_epoch_accuracy,20,21,3,92.55333333333333,0.06429100507328168,,/panels/cau1/cells/4/train_curve,epoch measurements from the same runs
cau1,CELL-0d05266c6cf8e3fd,cau1-lr01,train,single_epoch_accuracy,21,22,3,92.84666666666666,0.2386070689089808,,/panels/cau1/cells/4/train_curve,epoch measurements from the same runs
cau1,CELL-0d05266c6cf8e3fd,cau1-lr01,train,single_epoch_accuracy,22,23,3,92.93333333333334,0.1193035344544904,,/panels/cau1/cells/4/train_curve,epoch measurements from the same runs
cau1,CELL-0d05266c6cf8e3fd,cau1-lr01,train,single_epoch_accuracy,23,24,3,93.06333333333333,0.1365039681962856,,/panels/cau1/cells/4/train_curve,epoch measurements from the same runs
cau1,CELL-0d05266c6cf8e3fd,cau1-lr01,train,single_epoch_accuracy,24,25,3,93.31666666666666,0.15821925715073837,,/panels/cau1/cells/4/train_curve,epoch measurements from the same runs
cau1,CELL-0d05266c6cf8e3fd,cau1-lr01,train,single_epoch_accuracy,25,26,3,93.42,0.06244997998397839,,/panels/cau1/cells/4/train_curve,epoch measurements from the same runs
cau1,CELL-0d05266c6cf8e3fd,cau1-lr01,train,single_epoch_accuracy,26,27,3,93.37,0.0964365076099251,,/panels/cau1/cells/4/train_curve,epoch measurements from the same runs
cau1,CELL-0d05266c6cf8e3fd,cau1-lr01,train,single_epoch_accuracy,27,28,3,93.82333333333332,0.16502525059315334,,/panels/cau1/cells/4/train_curve,epoch measurements from the same runs
cau1,CELL-0d05266c6cf8e3fd,cau1-lr01,train,single_epoch_accuracy,28,29,3,93.87333333333333,0.27736858750286686,,/panels/cau1/cells/4/train_curve,epoch measurements from the same runs
cau1,CELL-0d05266c6cf8e3fd,cau1-lr01,train,single_epoch_accuracy,29,30,3,94.02333333333333,0.04163331998932006,,/panels/cau1/cells/4/train_curve,epoch measurements from the same runs
cau1,CELL-0d05266c6cf8e3fd,cau1-lr01,train,single_epoch_accuracy,30,31,3,94.13,0.0529150262212974,,/panels/cau1/cells/4/train_curve,epoch measurements from the same runs
cau1,CELL-0d05266c6cf8e3fd,cau1-lr01,train,single_epoch_accuracy,31,32,3,94.26333333333334,0.045092497528230475,,/panels/cau1/cells/4/train_curve,epoch measurements from the same runs
cau1,CELL-0d05266c6cf8e3fd,cau1-lr01,train,single_epoch_accuracy,32,33,3,94.38333333333334,0.11676186592091563,,/panels/cau1/cells/4/train_curve,epoch measurements from the same runs
cau1,CELL-0d05266c6cf8e3fd,cau1-lr01,train,single_epoch_accuracy,33,34,3,94.64666666666666,0.22941955743426184,,/panels/cau1/cells/4/train_curve,epoch measurements from the same runs
cau1,CELL-0d05266c6cf8e3fd,cau1-lr01,train,single_epoch_accuracy,34,35,3,94.68666666666667,0.20840665376454695,,/panels/cau1/cells/4/train_curve,epoch measurements from the same runs
cau1,CELL-0d05266c6cf8e3fd,cau1-lr01,train,single_epoch_accuracy,35,36,3,94.87,0.19697715603592042,,/panels/cau1/cells/4/train_curve,epoch measurements from the same runs
cau1,CELL-0d05266c6cf8e3fd,cau1-lr01,train,single_epoch_accuracy,36,37,3,94.96333333333334,0.09018499505645412,,/panels/cau1/cells/4/train_curve,epoch measurements from the same runs
cau1,CELL-0d05266c6cf8e3fd,cau1-lr01,train,single_epoch_accuracy,37,38,3,95.27666666666667,0.14571661996263233,,/panels/cau1/cells/4/train_curve,epoch measurements from the same runs
cau1,CELL-0d05266c6cf8e3fd,cau1-lr01,train,single_epoch_accuracy,38,39,3,95.25666666666666,0.25540817005986927,,/panels/cau1/cells/4/train_curve,epoch measurements from the same runs
cau1,CELL-0d05266c6cf8e3fd,cau1-lr01,train,single_epoch_accuracy,39,40,3,95.51333333333334,0.12662279942148486,,/panels/cau1/cells/4/train_curve,epoch measurements from the same runs
cau1,CELL-0d05266c6cf8e3fd,cau1-lr01,train,single_epoch_accuracy,40,41,3,95.58333333333333,0.20108041509140936,,/panels/cau1/cells/4/train_curve,epoch measurements from the same runs
cau1,CELL-0d05266c6cf8e3fd,cau1-lr01,train,single_epoch_accuracy,41,42,3,95.64333333333333,0.22188585654190024,,/panels/cau1/cells/4/train_curve,epoch measurements from the same runs
cau1,CELL-0d05266c6cf8e3fd,cau1-lr01,train,single_epoch_accuracy,42,43,3,95.81666666666666,0.2302896726588822,,/panels/cau1/cells/4/train_curve,epoch measurements from the same runs
cau1,CELL-0d05266c6cf8e3fd,cau1-lr01,train,single_epoch_accuracy,43,44,3,96.00666666666667,0.055075705472860816,,/panels/cau1/cells/4/train_curve,epoch measurements from the same runs
cau1,CELL-0d05266c6cf8e3fd,cau1-lr01,train,single_epoch_accuracy,44,45,3,96.23,0.10535653752853139,,/panels/cau1/cells/4/train_curve,epoch measurements from the same runs
cau1,CELL-0d05266c6cf8e3fd,cau1-lr01,train,single_epoch_accuracy,45,46,3,96.39333333333333,0.21221058723195826,,/panels/cau1/cells/4/train_curve,epoch measurements from the same runs
cau1,CELL-0d05266c6cf8e3fd,cau1-lr01,train,single_epoch_accuracy,46,47,3,96.51,0.20999999999999983,,/panels/cau1/cells/4/train_curve,epoch measurements from the same runs
cau1,CELL-0d05266c6cf8e3fd,cau1-lr01,train,single_epoch_accuracy,47,48,3,96.76,0.13856406460550724,,/panels/cau1/cells/4/train_curve,epoch measurements from the same runs
cau1,CELL-0d05266c6cf8e3fd,cau1-lr01,train,single_epoch_accuracy,48,49,3,96.63666666666667,0.188237438713275,,/panels/cau1/cells/4/train_curve,epoch measurements from the same runs
cau1,CELL-0d05266c6cf8e3fd,cau1-lr01,train,single_epoch_accuracy,49,50,3,96.92999999999999,0.08717797887081243,,/panels/cau1/cells/4/train_curve,epoch measurements from the same runs
cau1,CELL-0d05266c6cf8e3fd,cau1-lr01,train,single_epoch_accuracy,50,51,3,97.12333333333333,0.28746014216467586,,/panels/cau1/cells/4/train_curve,epoch measurements from the same runs
cau1,CELL-0d05266c6cf8e3fd,cau1-lr01,train,single_epoch_accuracy,51,52,3,97.13666666666667,0.2761038451983814,,/panels/cau1/cells/4/train_curve,epoch measurements from the same runs
cau1,CELL-0d05266c6cf8e3fd,cau1-lr01,train,single_epoch_accuracy,52,53,3,97.43333333333334,0.2023198787399143,,/panels/cau1/cells/4/train_curve,epoch measurements from the same runs
cau1,CELL-0d05266c6cf8e3fd,cau1-lr01,train,single_epoch_accuracy,53,54,3,97.38666666666667,0.17097758137642982,,/panels/cau1/cells/4/train_curve,epoch measurements from the same runs
cau1,CELL-0d05266c6cf8e3fd,cau1-lr01,train,single_epoch_accuracy,54,55,3,97.75333333333333,0.1628905563049385,,/panels/cau1/cells/4/train_curve,epoch measurements from the same runs
cau1,CELL-0d05266c6cf8e3fd,cau1-lr01,train,single_epoch_accuracy,55,56,3,97.70666666666666,0.188237438713275,,/panels/cau1/cells/4/train_curve,epoch measurements from the same runs
cau1,CELL-0d05266c6cf8e3fd,cau1-lr01,train,single_epoch_accuracy,56,57,3,98.17666666666666,0.39703064533274274,,/panels/cau1/cells/4/train_curve,epoch measurements from the same runs
cau1,CELL-0d05266c6cf8e3fd,cau1-lr01,train,single_epoch_accuracy,57,58,3,98.13333333333333,0.12423096769056327,,/panels/cau1/cells/4/train_curve,epoch measurements from the same runs
cau1,CELL-0d05266c6cf8e3fd,cau1-lr01,train,single_epoch_accuracy,58,59,3,98.33666666666666,0.07023769168568511,,/panels/cau1/cells/4/train_curve,epoch measurements from the same runs
cau1,CELL-0d05266c6cf8e3fd,cau1-lr01,train,single_epoch_accuracy,59,60,3,98.25666666666666,0.1069267662156336,,/panels/cau1/cells/4/train_curve,epoch measurements from the same runs
cau1,CELL-0d05266c6cf8e3fd,cau1-lr01,train,single_epoch_accuracy,60,61,3,98.52666666666667,0.1001665280087783,,/panels/cau1/cells/4/train_curve,epoch measurements from the same runs
cau1,CELL-0d05266c6cf8e3fd,cau1-lr01,train,single_epoch_accuracy,61,62,3,98.62,0.16822603841261008,,/panels/cau1/cells/4/train_curve,epoch measurements from the same runs
cau1,CELL-0d05266c6cf8e3fd,cau1-lr01,train,single_epoch_accuracy,62,63,3,98.92666666666666,0.27790885796126263,,/panels/cau1/cells/4/train_curve,epoch measurements from the same runs
cau1,CELL-0d05266c6cf8e3fd,cau1-lr01,train,single_epoch_accuracy,63,64,3,99.0,0.3340658617697999,,/panels/cau1/cells/4/train_curve,epoch measurements from the same runs
cau1,CELL-0d05266c6cf8e3fd,cau1-lr01,train,single_epoch_accuracy,64,65,3,99.13,0.05291502622128934,,/panels/cau1/cells/4/train_curve,epoch measurements from the same runs
cau1,CELL-0d05266c6cf8e3fd,cau1-lr01,train,single_epoch_accuracy,65,66,3,99.20666666666666,0.1803699901129156,,/panels/cau1/cells/4/train_curve,epoch measurements from the same runs
cau1,CELL-0d05266c6cf8e3fd,cau1-lr01,train,single_epoch_accuracy,66,67,3,99.48,0.20000000000000284,,/panels/cau1/cells/4/train_curve,epoch measurements from the same runs
cau1,CELL-0d05266c6cf8e3fd,cau1-lr01,train,single_epoch_accuracy,67,68,3,99.66666666666667,0.35345909711497475,,/panels/cau1/cells/4/train_curve,epoch measurements from the same runs
cau1,CELL-0d05266c6cf8e3fd,cau1-lr01,train,single_epoch_accuracy,68,69,3,99.87666666666667,0.187705443004016,,/panels/cau1/cells/4/train_curve,epoch measurements from the same runs
cau1,CELL-0d05266c6cf8e3fd,cau1-lr01,train,single_epoch_accuracy,69,70,3,99.97666666666667,0.04041451884326987,,/panels/cau1/cells/4/train_curve,epoch measurements from the same runs
cau1,CELL-0d05266c6cf8e3fd,cau1-lr01,train,single_epoch_accuracy,70,71,3,99.99666666666667,0.005773502691899211,,/panels/cau1/cells/4/train_curve,epoch measurements from the same runs
cau1,CELL-0d05266c6cf8e3fd,cau1-lr01,train,single_epoch_accuracy,71,72,3,100.0,0.0,,/panels/cau1/cells/4/train_curve,epoch measurements from the same runs
cau1,CELL-0d05266c6cf8e3fd,cau1-lr01,train,single_epoch_accuracy,72,73,3,100.0,0.0,,/panels/cau1/cells/4/train_curve,epoch measurements from the same runs
cau1,CELL-0d05266c6cf8e3fd,cau1-lr01,train,single_epoch_accuracy,73,74,3,100.0,0.0,,/panels/cau1/cells/4/train_curve,epoch measurements from the same runs
cau1,CELL-0d05266c6cf8e3fd,cau1-lr01,train,single_epoch_accuracy,74,75,3,100.0,0.0,,/panels/cau1/cells/4/train_curve,epoch measurements from the same runs
cau1,CELL-0d05266c6cf8e3fd,cau1-lr01,train,single_epoch_accuracy,75,76,3,100.0,0.0,,/panels/cau1/cells/4/train_curve,epoch measurements from the same runs
cau1,CELL-0d05266c6cf8e3fd,cau1-lr01,train,single_epoch_accuracy,76,77,3,100.0,0.0,,/panels/cau1/cells/4/train_curve,epoch measurements from the same runs
cau1,CELL-0d05266c6cf8e3fd,cau1-lr01,train,single_epoch_accuracy,77,78,3,100.0,0.0,,/panels/cau1/cells/4/train_curve,epoch measurements from the same runs
cau1,CELL-0d05266c6cf8e3fd,cau1-lr01,train,single_epoch_accuracy,78,79,3,100.0,0.0,,/panels/cau1/cells/4/train_curve,epoch measurements from the same runs
cau1,CELL-0d05266c6cf8e3fd,cau1-lr01,train,single_epoch_accuracy,79,80,3,100.0,0.0,,/panels/cau1/cells/4/train_curve,epoch measurements from the same runs
cau1,CELL-0d05266c6cf8e3fd,cau1-lr01,train,single_epoch_accuracy,80,81,3,100.0,0.0,,/panels/cau1/cells/4/train_curve,epoch measurements from the same runs
cau1,CELL-0d05266c6cf8e3fd,cau1-lr01,train,single_epoch_accuracy,81,82,3,100.0,0.0,,/panels/cau1/cells/4/train_curve,epoch measurements from the same runs
cau1,CELL-0d05266c6cf8e3fd,cau1-lr01,train,single_epoch_accuracy,82,83,3,100.0,0.0,,/panels/cau1/cells/4/train_curve,epoch measurements from the same runs
cau1,CELL-0d05266c6cf8e3fd,cau1-lr01,train,single_epoch_accuracy,83,84,3,100.0,0.0,,/panels/cau1/cells/4/train_curve,epoch measurements from the same runs
cau1,CELL-0d05266c6cf8e3fd,cau1-lr01,train,single_epoch_accuracy,84,85,3,100.0,0.0,,/panels/cau1/cells/4/train_curve,epoch measurements from the same runs
cau1,CELL-0d05266c6cf8e3fd,cau1-lr01,train,single_epoch_accuracy,85,86,3,100.0,0.0,,/panels/cau1/cells/4/train_curve,epoch measurements from the same runs
cau1,CELL-0d05266c6cf8e3fd,cau1-lr01,train,single_epoch_accuracy,86,87,3,100.0,0.0,,/panels/cau1/cells/4/train_curve,epoch measurements from the same runs
cau1,CELL-0d05266c6cf8e3fd,cau1-lr01,train,single_epoch_accuracy,87,88,3,100.0,0.0,,/panels/cau1/cells/4/train_curve,epoch measurements from the same runs
cau1,CELL-0d05266c6cf8e3fd,cau1-lr01,train,single_epoch_accuracy,88,89,3,100.0,0.0,,/panels/cau1/cells/4/train_curve,epoch measurements from the same runs
cau1,CELL-0d05266c6cf8e3fd,cau1-lr01,train,single_epoch_accuracy,89,90,3,100.0,0.0,,/panels/cau1/cells/4/train_curve,epoch measurements from the same runs
cau1,CELL-0d05266c6cf8e3fd,cau1-lr01,train,single_epoch_accuracy,90,91,3,100.0,0.0,,/panels/cau1/cells/4/train_curve,epoch measurements from the same runs
cau1,CELL-0d05266c6cf8e3fd,cau1-lr01,train,single_epoch_accuracy,91,92,3,100.0,0.0,,/panels/cau1/cells/4/train_curve,epoch measurements from the same runs
cau1,CELL-0d05266c6cf8e3fd,cau1-lr01,train,single_epoch_accuracy,92,93,3,100.0,0.0,,/panels/cau1/cells/4/train_curve,epoch measurements from the same runs
cau1,CELL-0d05266c6cf8e3fd,cau1-lr01,train,single_epoch_accuracy,93,94,3,100.0,0.0,,/panels/cau1/cells/4/train_curve,epoch measurements from the same runs
cau1,CELL-0d05266c6cf8e3fd,cau1-lr01,train,single_epoch_accuracy,94,95,3,100.0,0.0,,/panels/cau1/cells/4/train_curve,epoch measurements from the same runs
cau1,CELL-0d05266c6cf8e3fd,cau1-lr01,train,single_epoch_accuracy,95,96,3,100.0,0.0,,/panels/cau1/cells/4/train_curve,epoch measurements from the same runs
cau1,CELL-0d05266c6cf8e3fd,cau1-lr01,train,single_epoch_accuracy,96,97,3,100.0,0.0,,/panels/cau1/cells/4/train_curve,epoch measurements from the same runs
cau1,CELL-0d05266c6cf8e3fd,cau1-lr01,train,single_epoch_accuracy,97,98,3,100.0,0.0,,/panels/cau1/cells/4/train_curve,epoch measurements from the same runs
cau1,CELL-0d05266c6cf8e3fd,cau1-lr01,train,single_epoch_accuracy,98,99,3,100.0,0.0,,/panels/cau1/cells/4/train_curve,epoch measurements from the same runs
cau1,CELL-0d05266c6cf8e3fd,cau1-lr01,train,single_epoch_accuracy,99,100,3,100.0,0.0,,/panels/cau1/cells/4/train_curve,epoch measurements from the same runs
cau1,CELL-3177e994988dc934,cau1-lr02,test,single_epoch_accuracy,0,1,3,54.21666666666667,4.04111783215156,,/panels/cau1/cells/5/test_curve,epoch measurements from the same runs
cau1,CELL-3177e994988dc934,cau1-lr02,test,single_epoch_accuracy,1,2,3,66.05333333333333,3.097681929012942,,/panels/cau1/cells/5/test_curve,epoch measurements from the same runs
cau1,CELL-3177e994988dc934,cau1-lr02,test,single_epoch_accuracy,2,3,3,67.69,4.040804375368841,,/panels/cau1/cells/5/test_curve,epoch measurements from the same runs
cau1,CELL-3177e994988dc934,cau1-lr02,test,single_epoch_accuracy,3,4,3,69.20333333333333,4.723148667291055,,/panels/cau1/cells/5/test_curve,epoch measurements from the same runs
cau1,CELL-3177e994988dc934,cau1-lr02,test,single_epoch_accuracy,4,5,3,67.52333333333333,7.357895985492951,,/panels/cau1/cells/5/test_curve,epoch measurements from the same runs
cau1,CELL-3177e994988dc934,cau1-lr02,test,single_epoch_accuracy,5,6,3,69.51333333333334,1.0718830782008524,,/panels/cau1/cells/5/test_curve,epoch measurements from the same runs
cau1,CELL-3177e994988dc934,cau1-lr02,test,single_epoch_accuracy,6,7,3,71.56333333333333,5.0579178851908395,,/panels/cau1/cells/5/test_curve,epoch measurements from the same runs
cau1,CELL-3177e994988dc934,cau1-lr02,test,single_epoch_accuracy,7,8,3,70.81333333333333,5.093459858812405,,/panels/cau1/cells/5/test_curve,epoch measurements from the same runs
cau1,CELL-3177e994988dc934,cau1-lr02,test,single_epoch_accuracy,8,9,3,73.01666666666667,3.861014547153806,,/panels/cau1/cells/5/test_curve,epoch measurements from the same runs
cau1,CELL-3177e994988dc934,cau1-lr02,test,single_epoch_accuracy,9,10,3,75.56333333333333,3.8624128900641024,,/panels/cau1/cells/5/test_curve,epoch measurements from the same runs
cau1,CELL-3177e994988dc934,cau1-lr02,test,single_epoch_accuracy,10,11,3,70.97,5.541994225908216,,/panels/cau1/cells/5/test_curve,epoch measurements from the same runs
cau1,CELL-3177e994988dc934,cau1-lr02,test,single_epoch_accuracy,11,12,3,77.85333333333332,0.5551876559626772,,/panels/cau1/cells/5/test_curve,epoch measurements from the same runs
cau1,CELL-3177e994988dc934,cau1-lr02,test,single_epoch_accuracy,12,13,3,73.67,0.7184010022264734,,/panels/cau1/cells/5/test_curve,epoch measurements from the same runs
cau1,CELL-3177e994988dc934,cau1-lr02,test,single_epoch_accuracy,13,14,3,74.47,4.005234075556632,,/panels/cau1/cells/5/test_curve,epoch measurements from the same runs
cau1,CELL-3177e994988dc934,cau1-lr02,test,single_epoch_accuracy,14,15,3,76.37,1.4204224723651708,,/panels/cau1/cells/5/test_curve,epoch measurements from the same runs
cau1,CELL-3177e994988dc934,cau1-lr02,test,single_epoch_accuracy,15,16,3,76.94,2.597094530432034,,/panels/cau1/cells/5/test_curve,epoch measurements from the same runs
cau1,CELL-3177e994988dc934,cau1-lr02,test,single_epoch_accuracy,16,17,3,77.79,1.542433142797443,,/panels/cau1/cells/5/test_curve,epoch measurements from the same runs
cau1,CELL-3177e994988dc934,cau1-lr02,test,single_epoch_accuracy,17,18,3,75.06666666666666,3.0031705468276915,,/panels/cau1/cells/5/test_curve,epoch measurements from the same runs
cau1,CELL-3177e994988dc934,cau1-lr02,test,single_epoch_accuracy,18,19,3,69.72,6.723302759804887,,/panels/cau1/cells/5/test_curve,epoch measurements from the same runs
cau1,CELL-3177e994988dc934,cau1-lr02,test,single_epoch_accuracy,19,20,3,77.59333333333333,2.2993984720646723,,/panels/cau1/cells/5/test_curve,epoch measurements from the same runs
cau1,CELL-3177e994988dc934,cau1-lr02,test,single_epoch_accuracy,20,21,3,69.95666666666666,6.6081490096193605,,/panels/cau1/cells/5/test_curve,epoch measurements from the same runs
cau1,CELL-3177e994988dc934,cau1-lr02,test,single_epoch_accuracy,21,22,3,75.07333333333334,3.911679093858973,,/panels/cau1/cells/5/test_curve,epoch measurements from the same runs
cau1,CELL-3177e994988dc934,cau1-lr02,test,single_epoch_accuracy,22,23,3,78.02666666666667,2.5375053366117895,,/panels/cau1/cells/5/test_curve,epoch measurements from the same runs
cau1,CELL-3177e994988dc934,cau1-lr02,test,single_epoch_accuracy,23,24,3,78.49333333333334,1.496841118266512,,/panels/cau1/cells/5/test_curve,epoch measurements from the same runs
cau1,CELL-3177e994988dc934,cau1-lr02,test,single_epoch_accuracy,24,25,3,77.91,0.7817288532477199,,/panels/cau1/cells/5/test_curve,epoch measurements from the same runs
cau1,CELL-3177e994988dc934,cau1-lr02,test,single_epoch_accuracy,25,26,3,76.42666666666666,6.211846209729707,,/panels/cau1/cells/5/test_curve,epoch measurements from the same runs
cau1,CELL-3177e994988dc934,cau1-lr02,test,single_epoch_accuracy,26,27,3,77.57333333333334,1.8300364295098956,,/panels/cau1/cells/5/test_curve,epoch measurements from the same runs
cau1,CELL-3177e994988dc934,cau1-lr02,test,single_epoch_accuracy,27,28,3,80.1,1.7246158992656857,,/panels/cau1/cells/5/test_curve,epoch measurements from the same runs
cau1,CELL-3177e994988dc934,cau1-lr02,test,single_epoch_accuracy,28,29,3,77.80333333333333,0.7735847292529379,,/panels/cau1/cells/5/test_curve,epoch measurements from the same runs
cau1,CELL-3177e994988dc934,cau1-lr02,test,single_epoch_accuracy,29,30,3,77.05,2.0702898347815943,,/panels/cau1/cells/5/test_curve,epoch measurements from the same runs
cau1,CELL-3177e994988dc934,cau1-lr02,test,single_epoch_accuracy,30,31,3,76.87666666666667,2.03843894520619,,/panels/cau1/cells/5/test_curve,epoch measurements from the same runs
cau1,CELL-3177e994988dc934,cau1-lr02,test,single_epoch_accuracy,31,32,3,78.60333333333334,3.332511565371278,,/panels/cau1/cells/5/test_curve,epoch measurements from the same runs
cau1,CELL-3177e994988dc934,cau1-lr02,test,single_epoch_accuracy,32,33,3,78.13333333333333,2.2092834434117643,,/panels/cau1/cells/5/test_curve,epoch measurements from the same runs
cau1,CELL-3177e994988dc934,cau1-lr02,test,single_epoch_accuracy,33,34,3,75.86666666666667,3.106401991586624,,/panels/cau1/cells/5/test_curve,epoch measurements from the same runs
cau1,CELL-3177e994988dc934,cau1-lr02,test,single_epoch_accuracy,34,35,3,78.12333333333333,3.1706518782946347,,/panels/cau1/cells/5/test_curve,epoch measurements from the same runs
cau1,CELL-3177e994988dc934,cau1-lr02,test,single_epoch_accuracy,35,36,3,79.51333333333334,2.9292376710218195,,/panels/cau1/cells/5/test_curve,epoch measurements from the same runs
cau1,CELL-3177e994988dc934,cau1-lr02,test,single_epoch_accuracy,36,37,3,76.74,3.706224494010041,,/panels/cau1/cells/5/test_curve,epoch measurements from the same runs
cau1,CELL-3177e994988dc934,cau1-lr02,test,single_epoch_accuracy,37,38,3,78.83666666666667,1.5572197447159903,,/panels/cau1/cells/5/test_curve,epoch measurements from the same runs
cau1,CELL-3177e994988dc934,cau1-lr02,test,single_epoch_accuracy,38,39,3,80.01,0.8748142660016471,,/panels/cau1/cells/5/test_curve,epoch measurements from the same runs
cau1,CELL-3177e994988dc934,cau1-lr02,test,single_epoch_accuracy,39,40,3,76.98666666666666,2.7572147782378744,,/panels/cau1/cells/5/test_curve,epoch measurements from the same runs
cau1,CELL-3177e994988dc934,cau1-lr02,test,single_epoch_accuracy,40,41,3,79.29333333333334,2.7625411007500587,,/panels/cau1/cells/5/test_curve,epoch measurements from the same runs
cau1,CELL-3177e994988dc934,cau1-lr02,test,single_epoch_accuracy,41,42,3,80.64,2.079062288629174,,/panels/cau1/cells/5/test_curve,epoch measurements from the same runs
cau1,CELL-3177e994988dc934,cau1-lr02,test,single_epoch_accuracy,42,43,3,79.86666666666667,2.1064741473213813,,/panels/cau1/cells/5/test_curve,epoch measurements from the same runs
cau1,CELL-3177e994988dc934,cau1-lr02,test,single_epoch_accuracy,43,44,3,79.03666666666666,0.10969655114602586,,/panels/cau1/cells/5/test_curve,epoch measurements from the same runs
cau1,CELL-3177e994988dc934,cau1-lr02,test,single_epoch_accuracy,44,45,3,81.60666666666667,0.6407287517610936,,/panels/cau1/cells/5/test_curve,epoch measurements from the same runs
cau1,CELL-3177e994988dc934,cau1-lr02,test,single_epoch_accuracy,45,46,3,78.02666666666667,2.2735948041226166,,/panels/cau1/cells/5/test_curve,epoch measurements from the same runs
cau1,CELL-3177e994988dc934,cau1-lr02,test,single_epoch_accuracy,46,47,3,79.97666666666667,2.36983825045789,,/panels/cau1/cells/5/test_curve,epoch measurements from the same runs
cau1,CELL-3177e994988dc934,cau1-lr02,test,single_epoch_accuracy,47,48,3,80.41333333333333,2.2844109379298025,,/panels/cau1/cells/5/test_curve,epoch measurements from the same runs
cau1,CELL-3177e994988dc934,cau1-lr02,test,single_epoch_accuracy,48,49,3,81.15333333333334,1.2885004203853974,,/panels/cau1/cells/5/test_curve,epoch measurements from the same runs
cau1,CELL-3177e994988dc934,cau1-lr02,test,single_epoch_accuracy,49,50,3,81.06,0.44136152981428284,,/panels/cau1/cells/5/test_curve,epoch measurements from the same runs
cau1,CELL-3177e994988dc934,cau1-lr02,test,single_epoch_accuracy,50,51,3,80.20666666666666,1.6500404035457212,,/panels/cau1/cells/5/test_curve,epoch measurements from the same runs
cau1,CELL-3177e994988dc934,cau1-lr02,test,single_epoch_accuracy,51,52,3,80.96666666666667,0.7444684904905832,,/panels/cau1/cells/5/test_curve,epoch measurements from the same runs
cau1,CELL-3177e994988dc934,cau1-lr02,test,single_epoch_accuracy,52,53,3,78.14,4.704264023202776,,/panels/cau1/cells/5/test_curve,epoch measurements from the same runs
cau1,CELL-3177e994988dc934,cau1-lr02,test,single_epoch_accuracy,53,54,3,80.99333333333333,1.050396750439253,,/panels/cau1/cells/5/test_curve,epoch measurements from the same runs
cau1,CELL-3177e994988dc934,cau1-lr02,test,single_epoch_accuracy,54,55,3,79.99666666666667,1.56988322283326,,/panels/cau1/cells/5/test_curve,epoch measurements from the same runs
cau1,CELL-3177e994988dc934,cau1-lr02,test,single_epoch_accuracy,55,56,3,81.55,2.2848194677041787,,/panels/cau1/cells/5/test_curve,epoch measurements from the same runs
cau1,CELL-3177e994988dc934,cau1-lr02,test,single_epoch_accuracy,56,57,3,80.98666666666666,1.408699163531143,,/panels/cau1/cells/5/test_curve,epoch measurements from the same runs
cau1,CELL-3177e994988dc934,cau1-lr02,test,single_epoch_accuracy,57,58,3,81.0,2.2550166296504353,,/panels/cau1/cells/5/test_curve,epoch measurements from the same runs
cau1,CELL-3177e994988dc934,cau1-lr02,test,single_epoch_accuracy,58,59,3,80.33666666666666,1.9111340437900577,,/panels/cau1/cells/5/test_curve,epoch measurements from the same runs
cau1,CELL-3177e994988dc934,cau1-lr02,test,single_epoch_accuracy,59,60,3,80.82000000000001,3.347894860953674,,/panels/cau1/cells/5/test_curve,epoch measurements from the same runs
cau1,CELL-3177e994988dc934,cau1-lr02,test,single_epoch_accuracy,60,61,3,81.68666666666667,1.2973948255382128,,/panels/cau1/cells/5/test_curve,epoch measurements from the same runs
cau1,CELL-3177e994988dc934,cau1-lr02,test,single_epoch_accuracy,61,62,3,82.90333333333334,0.5021288015373505,,/panels/cau1/cells/5/test_curve,epoch measurements from the same runs
cau1,CELL-3177e994988dc934,cau1-lr02,test,single_epoch_accuracy,62,63,3,81.4,1.0250365847129612,,/panels/cau1/cells/5/test_curve,epoch measurements from the same runs
cau1,CELL-3177e994988dc934,cau1-lr02,test,single_epoch_accuracy,63,64,3,82.74333333333334,0.7663115119410225,,/panels/cau1/cells/5/test_curve,epoch measurements from the same runs
cau1,CELL-3177e994988dc934,cau1-lr02,test,single_epoch_accuracy,64,65,3,81.88333333333334,1.8955825841501404,,/panels/cau1/cells/5/test_curve,epoch measurements from the same runs
cau1,CELL-3177e994988dc934,cau1-lr02,test,single_epoch_accuracy,65,66,3,82.13666666666667,0.3837099599089572,,/panels/cau1/cells/5/test_curve,epoch measurements from the same runs
cau1,CELL-3177e994988dc934,cau1-lr02,test,single_epoch_accuracy,66,67,3,82.86333333333333,0.8894005471852037,,/panels/cau1/cells/5/test_curve,epoch measurements from the same runs
cau1,CELL-3177e994988dc934,cau1-lr02,test,single_epoch_accuracy,67,68,3,83.01333333333334,1.6205040368148809,,/panels/cau1/cells/5/test_curve,epoch measurements from the same runs
cau1,CELL-3177e994988dc934,cau1-lr02,test,single_epoch_accuracy,68,69,3,82.92333333333333,0.6473278406907339,,/panels/cau1/cells/5/test_curve,epoch measurements from the same runs
cau1,CELL-3177e994988dc934,cau1-lr02,test,single_epoch_accuracy,69,70,3,84.22,0.7432361670424837,,/panels/cau1/cells/5/test_curve,epoch measurements from the same runs
cau1,CELL-3177e994988dc934,cau1-lr02,test,single_epoch_accuracy,70,71,3,83.21666666666667,0.8780850376434711,,/panels/cau1/cells/5/test_curve,epoch measurements from the same runs
cau1,CELL-3177e994988dc934,cau1-lr02,test,single_epoch_accuracy,71,72,3,83.59333333333333,1.0850960018972216,,/panels/cau1/cells/5/test_curve,epoch measurements from the same runs
cau1,CELL-3177e994988dc934,cau1-lr02,test,single_epoch_accuracy,72,73,3,84.67666666666666,1.0794597414138887,,/panels/cau1/cells/5/test_curve,epoch measurements from the same runs
cau1,CELL-3177e994988dc934,cau1-lr02,test,single_epoch_accuracy,73,74,3,85.65333333333334,0.4072263907623552,,/panels/cau1/cells/5/test_curve,epoch measurements from the same runs
cau1,CELL-3177e994988dc934,cau1-lr02,test,single_epoch_accuracy,74,75,3,85.69,1.3874076545846206,,/panels/cau1/cells/5/test_curve,epoch measurements from the same runs
cau1,CELL-3177e994988dc934,cau1-lr02,test,single_epoch_accuracy,75,76,3,86.04666666666667,1.925781226757945,,/panels/cau1/cells/5/test_curve,epoch measurements from the same runs
cau1,CELL-3177e994988dc934,cau1-lr02,test,single_epoch_accuracy,76,77,3,87.69333333333333,1.09001529041263,,/panels/cau1/cells/5/test_curve,epoch measurements from the same runs
cau1,CELL-3177e994988dc934,cau1-lr02,test,single_epoch_accuracy,77,78,3,88.35666666666667,0.6871195917257323,,/panels/cau1/cells/5/test_curve,epoch measurements from the same runs
cau1,CELL-3177e994988dc934,cau1-lr02,test,single_epoch_accuracy,78,79,3,88.98666666666666,0.40079088479322345,,/panels/cau1/cells/5/test_curve,epoch measurements from the same runs
cau1,CELL-3177e994988dc934,cau1-lr02,test,single_epoch_accuracy,79,80,3,89.23,0.2685144316419519,,/panels/cau1/cells/5/test_curve,epoch measurements from the same runs
cau1,CELL-3177e994988dc934,cau1-lr02,test,single_epoch_accuracy,80,81,3,89.18666666666667,0.3050136608962509,,/panels/cau1/cells/5/test_curve,epoch measurements from the same runs
cau1,CELL-3177e994988dc934,cau1-lr02,test,single_epoch_accuracy,81,82,3,89.35666666666667,0.3121431295629191,,/panels/cau1/cells/5/test_curve,epoch measurements from the same runs
cau1,CELL-3177e994988dc934,cau1-lr02,test,single_epoch_accuracy,82,83,3,89.35,0.24062418831031424,,/panels/cau1/cells/5/test_curve,epoch measurements from the same runs
cau1,CELL-3177e994988dc934,cau1-lr02,test,single_epoch_accuracy,83,84,3,89.49666666666667,0.31021497922139474,,/panels/cau1/cells/5/test_curve,epoch measurements from the same runs
cau1,CELL-3177e994988dc934,cau1-lr02,test,single_epoch_accuracy,84,85,3,89.50333333333333,0.30534133905079597,,/panels/cau1/cells/5/test_curve,epoch measurements from the same runs
cau1,CELL-3177e994988dc934,cau1-lr02,test,single_epoch_accuracy,85,86,3,89.52333333333334,0.28536526301098997,,/panels/cau1/cells/5/test_curve,epoch measurements from the same runs
cau1,CELL-3177e994988dc934,cau1-lr02,test,single_epoch_accuracy,86,87,3,89.55333333333333,0.28378395538390444,,/panels/cau1/cells/5/test_curve,epoch measurements from the same runs
cau1,CELL-3177e994988dc934,cau1-lr02,test,single_epoch_accuracy,87,88,3,89.52,0.36013886210738644,,/panels/cau1/cells/5/test_curve,epoch measurements from the same runs
cau1,CELL-3177e994988dc934,cau1-lr02,test,single_epoch_accuracy,88,89,3,89.62,0.2722131517763267,,/panels/cau1/cells/5/test_curve,epoch measurements from the same runs
cau1,CELL-3177e994988dc934,cau1-lr02,test,single_epoch_accuracy,89,90,3,89.52333333333334,0.18903262505010432,,/panels/cau1/cells/5/test_curve,epoch measurements from the same runs
cau1,CELL-3177e994988dc934,cau1-lr02,test,single_epoch_accuracy,90,91,3,89.55666666666666,0.22368132093076692,,/panels/cau1/cells/5/test_curve,epoch measurements from the same runs
cau1,CELL-3177e994988dc934,cau1-lr02,test,single_epoch_accuracy,91,92,3,89.59666666666666,0.1903505538035874,,/panels/cau1/cells/5/test_curve,epoch measurements from the same runs
cau1,CELL-3177e994988dc934,cau1-lr02,test,single_epoch_accuracy,92,93,3,89.62,0.17691806012954508,,/panels/cau1/cells/5/test_curve,epoch measurements from the same runs
cau1,CELL-3177e994988dc934,cau1-lr02,test,single_epoch_accuracy,93,94,3,89.65,0.21166010488517079,,/panels/cau1/cells/5/test_curve,epoch measurements from the same runs
cau1,CELL-3177e994988dc934,cau1-lr02,test,single_epoch_accuracy,94,95,3,89.65,0.21931712199460962,,/panels/cau1/cells/5/test_curve,epoch measurements from the same runs
cau1,CELL-3177e994988dc934,cau1-lr02,test,single_epoch_accuracy,95,96,3,89.62,0.2066397831977215,,/panels/cau1/cells/5/test_curve,epoch measurements from the same runs
cau1,CELL-3177e994988dc934,cau1-lr02,test,single_epoch_accuracy,96,97,3,89.63000000000001,0.22516660498395438,,/panels/cau1/cells/5/test_curve,epoch measurements from the same runs
cau1,CELL-3177e994988dc934,cau1-lr02,test,single_epoch_accuracy,97,98,3,89.58,0.29999999999999716,,/panels/cau1/cells/5/test_curve,epoch measurements from the same runs
cau1,CELL-3177e994988dc934,cau1-lr02,test,single_epoch_accuracy,98,99,3,89.62666666666667,0.20404247923736774,,/panels/cau1/cells/5/test_curve,epoch measurements from the same runs
cau1,CELL-3177e994988dc934,cau1-lr02,test,single_epoch_accuracy,99,100,3,89.62,0.21517434791350357,,/panels/cau1/cells/5/test_curve,epoch measurements from the same runs
cau1,CELL-3177e994988dc934,cau1-lr02,train,single_epoch_accuracy,0,1,3,47.94,0.7607890640644075,,/panels/cau1/cells/5/train_curve,epoch measurements from the same runs
cau1,CELL-3177e994988dc934,cau1-lr02,train,single_epoch_accuracy,1,2,3,68.56333333333333,0.07371114795832005,,/panels/cau1/cells/5/train_curve,epoch measurements from the same runs
cau1,CELL-3177e994988dc934,cau1-lr02,train,single_epoch_accuracy,2,3,3,75.30333333333333,0.3707200201409852,,/panels/cau1/cells/5/train_curve,epoch measurements from the same runs
cau1,CELL-3177e994988dc934,cau1-lr02,train,single_epoch_accuracy,3,4,3,78.15,0.07000000000000028,,/panels/cau1/cells/5/train_curve,epoch measurements from the same runs
cau1,CELL-3177e994988dc934,cau1-lr02,train,single_epoch_accuracy,4,5,3,79.55666666666667,0.2458319208999016,,/panels/cau1/cells/5/train_curve,epoch measurements from the same runs
cau1,CELL-3177e994988dc934,cau1-lr02,train,single_epoch_accuracy,5,6,3,80.71333333333334,0.1331665623695859,,/panels/cau1/cells/5/train_curve,epoch measurements from the same runs
cau1,CELL-3177e994988dc934,cau1-lr02,train,single_epoch_accuracy,6,7,3,81.48333333333333,0.15502687938977586,,/panels/cau1/cells/5/train_curve,epoch measurements from the same runs
cau1,CELL-3177e994988dc934,cau1-lr02,train,single_epoch_accuracy,7,8,3,82.35666666666667,0.17616280348965221,,/panels/cau1/cells/5/train_curve,epoch measurements from the same runs
cau1,CELL-3177e994988dc934,cau1-lr02,train,single_epoch_accuracy,8,9,3,82.75666666666666,0.12741009902410902,,/panels/cau1/cells/5/train_curve,epoch measurements from the same runs
cau1,CELL-3177e994988dc934,cau1-lr02,train,single_epoch_accuracy,9,10,3,82.99666666666667,0.24906491790963883,,/panels/cau1/cells/5/train_curve,epoch measurements from the same runs
cau1,CELL-3177e994988dc934,cau1-lr02,train,single_epoch_accuracy,10,11,3,83.48666666666666,0.03785938897200493,,/panels/cau1/cells/5/train_curve,epoch measurements from the same runs
cau1,CELL-3177e994988dc934,cau1-lr02,train,single_epoch_accuracy,11,12,3,83.81,0.13000000000000092,,/panels/cau1/cells/5/train_curve,epoch measurements from the same runs
cau1,CELL-3177e994988dc934,cau1-lr02,train,single_epoch_accuracy,12,13,3,84.06333333333333,0.11150485789118286,,/panels/cau1/cells/5/train_curve,epoch measurements from the same runs
cau1,CELL-3177e994988dc934,cau1-lr02,train,single_epoch_accuracy,13,14,3,84.28333333333333,0.020816659994658322,,/panels/cau1/cells/5/train_curve,epoch measurements from the same runs
cau1,CELL-3177e994988dc934,cau1-lr02,train,single_epoch_accuracy,14,15,3,84.41666666666667,0.14189197769194523,,/panels/cau1/cells/5/train_curve,epoch measurements from the same runs
cau1,CELL-3177e994988dc934,cau1-lr02,train,single_epoch_accuracy,15,16,3,84.91666666666667,0.26501572280400837,,/panels/cau1/cells/5/train_curve,epoch measurements from the same runs
cau1,CELL-3177e994988dc934,cau1-lr02,train,single_epoch_accuracy,16,17,3,85.11666666666666,0.13576941236278078,,/panels/cau1/cells/5/train_curve,epoch measurements from the same runs
cau1,CELL-3177e994988dc934,cau1-lr02,train,single_epoch_accuracy,17,18,3,85.33666666666667,0.17616280348965463,,/panels/cau1/cells/5/train_curve,epoch measurements from the same runs
cau1,CELL-3177e994988dc934,cau1-lr02,train,single_epoch_accuracy,18,19,3,85.29333333333334,0.3448671241700648,,/panels/cau1/cells/5/train_curve,epoch measurements from the same runs
cau1,CELL-3177e994988dc934,cau1-lr02,train,single_epoch_accuracy,19,20,3,85.54666666666667,0.13576941236277484,,/panels/cau1/cells/5/train_curve,epoch measurements from the same runs
cau1,CELL-3177e994988dc934,cau1-lr02,train,single_epoch_accuracy,20,21,3,85.89,0.07937253933194073,,/panels/cau1/cells/5/train_curve,epoch measurements from the same runs
cau1,CELL-3177e994988dc934,cau1-lr02,train,single_epoch_accuracy,21,22,3,85.75,0.21656407827707705,,/panels/cau1/cells/5/train_curve,epoch measurements from the same runs
cau1,CELL-3177e994988dc934,cau1-lr02,train,single_epoch_accuracy,22,23,3,86.11333333333333,0.0929157324317776,,/panels/cau1/cells/5/train_curve,epoch measurements from the same runs
cau1,CELL-3177e994988dc934,cau1-lr02,train,single_epoch_accuracy,23,24,3,86.33,0.09165151389912027,,/panels/cau1/cells/5/train_curve,epoch measurements from the same runs
cau1,CELL-3177e994988dc934,cau1-lr02,train,single_epoch_accuracy,24,25,3,86.43666666666667,0.011547005383790217,,/panels/cau1/cells/5/train_curve,epoch measurements from the same runs
cau1,CELL-3177e994988dc934,cau1-lr02,train,single_epoch_accuracy,25,26,3,86.76333333333334,0.1331665623695859,,/panels/cau1/cells/5/train_curve,epoch measurements from the same runs
cau1,CELL-3177e994988dc934,cau1-lr02,train,single_epoch_accuracy,26,27,3,86.92,0.16822603841260458,,/panels/cau1/cells/5/train_curve,epoch measurements from the same runs
cau1,CELL-3177e994988dc934,cau1-lr02,train,single_epoch_accuracy,27,28,3,87.11666666666667,0.2759226944876692,,/panels/cau1/cells/5/train_curve,epoch measurements from the same runs
cau1,CELL-3177e994988dc934,cau1-lr02,train,single_epoch_accuracy,28,29,3,87.20666666666666,0.11372481406154557,,/panels/cau1/cells/5/train_curve,epoch measurements from the same runs
cau1,CELL-3177e994988dc934,cau1-lr02,train,single_epoch_accuracy,29,30,3,87.33666666666667,0.11846237095944456,,/panels/cau1/cells/5/train_curve,epoch measurements from the same runs
cau1,CELL-3177e994988dc934,cau1-lr02,train,single_epoch_accuracy,30,31,3,87.76666666666667,0.11846237095944896,,/panels/cau1/cells/5/train_curve,epoch measurements from the same runs
cau1,CELL-3177e994988dc934,cau1-lr02,train,single_epoch_accuracy,31,32,3,87.81666666666666,0.23459184413216966,,/panels/cau1/cells/5/train_curve,epoch measurements from the same runs
cau1,CELL-3177e994988dc934,cau1-lr02,train,single_epoch_accuracy,32,33,3,88.17666666666668,0.10263202878893896,,/panels/cau1/cells/5/train_curve,epoch measurements from the same runs
cau1,CELL-3177e994988dc934,cau1-lr02,train,single_epoch_accuracy,33,34,3,88.33,0.19519221295943184,,/panels/cau1/cells/5/train_curve,epoch measurements from the same runs
cau1,CELL-3177e994988dc934,cau1-lr02,train,single_epoch_accuracy,34,35,3,88.40333333333334,0.15044378795195548,,/panels/cau1/cells/5/train_curve,epoch measurements from the same runs
cau1,CELL-3177e994988dc934,cau1-lr02,train,single_epoch_accuracy,35,36,3,88.77,0.17349351572896887,,/panels/cau1/cells/5/train_curve,epoch measurements from the same runs
cau1,CELL-3177e994988dc934,cau1-lr02,train,single_epoch_accuracy,36,37,3,89.14666666666666,0.27537852736431095,,/panels/cau1/cells/5/train_curve,epoch measurements from the same runs
cau1,CELL-3177e994988dc934,cau1-lr02,train,single_epoch_accuracy,37,38,3,89.28333333333333,0.1530795000427369,,/panels/cau1/cells/5/train_curve,epoch measurements from the same runs
cau1,CELL-3177e994988dc934,cau1-lr02,train,single_epoch_accuracy,38,39,3,89.34,0.18083141320025062,,/panels/cau1/cells/5/train_curve,epoch measurements from the same runs
cau1,CELL-3177e994988dc934,cau1-lr02,train,single_epoch_accuracy,39,40,3,89.65,0.1311487704860356,,/panels/cau1/cells/5/train_curve,epoch measurements from the same runs
cau1,CELL-3177e994988dc934,cau1-lr02,train,single_epoch_accuracy,40,41,3,90.00333333333333,0.11150485789118286,,/panels/cau1/cells/5/train_curve,epoch measurements from the same runs
cau1,CELL-3177e994988dc934,cau1-lr02,train,single_epoch_accuracy,41,42,3,90.24666666666667,0.04041451884326987,,/panels/cau1/cells/5/train_curve,epoch measurements from the same runs
cau1,CELL-3177e994988dc934,cau1-lr02,train,single_epoch_accuracy,42,43,3,90.49,0.1081665382639159,,/panels/cau1/cells/5/train_curve,epoch measurements from the same runs
cau1,CELL-3177e994988dc934,cau1-lr02,train,single_epoch_accuracy,43,44,3,90.77666666666666,0.06350852961085851,,/panels/cau1/cells/5/train_curve,epoch measurements from the same runs
cau1,CELL-3177e994988dc934,cau1-lr02,train,single_epoch_accuracy,44,45,3,91.11666666666666,0.11590225767142007,,/panels/cau1/cells/5/train_curve,epoch measurements from the same runs
cau1,CELL-3177e994988dc934,cau1-lr02,train,single_epoch_accuracy,45,46,3,91.30666666666666,0.24846193538112274,,/panels/cau1/cells/5/train_curve,epoch measurements from the same runs
cau1,CELL-3177e994988dc934,cau1-lr02,train,single_epoch_accuracy,46,47,3,91.59333333333333,0.06658328118479527,,/panels/cau1/cells/5/train_curve,epoch measurements from the same runs
cau1,CELL-3177e994988dc934,cau1-lr02,train,single_epoch_accuracy,47,48,3,91.97333333333334,0.2797022226106431,,/panels/cau1/cells/5/train_curve,epoch measurements from the same runs
cau1,CELL-3177e994988dc934,cau1-lr02,train,single_epoch_accuracy,48,49,3,92.03666666666666,0.1913983629327425,,/panels/cau1/cells/5/train_curve,epoch measurements from the same runs
cau1,CELL-3177e994988dc934,cau1-lr02,train,single_epoch_accuracy,49,50,3,92.60333333333334,0.09504384952922072,,/panels/cau1/cells/5/train_curve,epoch measurements from the same runs
cau1,CELL-3177e994988dc934,cau1-lr02,train,single_epoch_accuracy,50,51,3,92.59,0.0655743852430243,,/panels/cau1/cells/5/train_curve,epoch measurements from the same runs
cau1,CELL-3177e994988dc934,cau1-lr02,train,single_epoch_accuracy,51,52,3,92.96333333333334,0.07571877794400173,,/panels/cau1/cells/5/train_curve,epoch measurements from the same runs
cau1,CELL-3177e994988dc934,cau1-lr02,train,single_epoch_accuracy,52,53,3,93.26,0.2700000000000031,,/panels/cau1/cells/5/train_curve,epoch measurements from the same runs
cau1,CELL-3177e994988dc934,cau1-lr02,train,single_epoch_accuracy,53,54,3,93.53666666666666,0.2040424792373755,,/panels/cau1/cells/5/train_curve,epoch measurements from the same runs
cau1,CELL-3177e994988dc934,cau1-lr02,train,single_epoch_accuracy,54,55,3,93.89666666666666,0.07023769168568511,,/panels/cau1/cells/5/train_curve,epoch measurements from the same runs
cau1,CELL-3177e994988dc934,cau1-lr02,train,single_epoch_accuracy,55,56,3,94.19333333333333,0.22052966542697106,,/panels/cau1/cells/5/train_curve,epoch measurements from the same runs
cau1,CELL-3177e994988dc934,cau1-lr02,train,single_epoch_accuracy,56,57,3,94.43333333333334,0.1877054430040203,,/panels/cau1/cells/5/train_curve,epoch measurements from the same runs
cau1,CELL-3177e994988dc934,cau1-lr02,train,single_epoch_accuracy,57,58,3,94.84333333333333,0.13428824718989293,,/panels/cau1/cells/5/train_curve,epoch measurements from the same runs
cau1,CELL-3177e994988dc934,cau1-lr02,train,single_epoch_accuracy,58,59,3,94.94666666666667,0.09237604307033816,,/panels/cau1/cells/5/train_curve,epoch measurements from the same runs
cau1,CELL-3177e994988dc934,cau1-lr02,train,single_epoch_accuracy,59,60,3,95.21333333333334,0.040414518843272795,,/panels/cau1/cells/5/train_curve,epoch measurements from the same runs
cau1,CELL-3177e994988dc934,cau1-lr02,train,single_epoch_accuracy,60,61,3,95.66,0.08888194417315819,,/panels/cau1/cells/5/train_curve,epoch measurements from the same runs
cau1,CELL-3177e994988dc934,cau1-lr02,train,single_epoch_accuracy,61,62,3,95.85,0.18520259177452364,,/panels/cau1/cells/5/train_curve,epoch measurements from the same runs
cau1,CELL-3177e994988dc934,cau1-lr02,train,single_epoch_accuracy,62,63,3,96.13333333333333,0.16441816606850918,,/panels/cau1/cells/5/train_curve,epoch measurements from the same runs
cau1,CELL-3177e994988dc934,cau1-lr02,train,single_epoch_accuracy,63,64,3,96.45666666666666,0.2830783166074963,,/panels/cau1/cells/5/train_curve,epoch measurements from the same runs
cau1,CELL-3177e994988dc934,cau1-lr02,train,single_epoch_accuracy,64,65,3,96.69,0.3404408906109875,,/panels/cau1/cells/5/train_curve,epoch measurements from the same runs
cau1,CELL-3177e994988dc934,cau1-lr02,train,single_epoch_accuracy,65,66,3,97.00666666666667,0.16165807537309881,,/panels/cau1/cells/5/train_curve,epoch measurements from the same runs
cau1,CELL-3177e994988dc934,cau1-lr02,train,single_epoch_accuracy,66,67,3,96.98666666666666,0.050332229568475766,,/panels/cau1/cells/5/train_curve,epoch measurements from the same runs
cau1,CELL-3177e994988dc934,cau1-lr02,train,single_epoch_accuracy,67,68,3,97.70666666666666,0.15885003409925066,,/panels/cau1/cells/5/train_curve,epoch measurements from the same runs
cau1,CELL-3177e994988dc934,cau1-lr02,train,single_epoch_accuracy,68,69,3,97.55333333333334,0.1604161255402093,,/panels/cau1/cells/5/train_curve,epoch measurements from the same runs
cau1,CELL-3177e994988dc934,cau1-lr02,train,single_epoch_accuracy,69,70,3,98.05333333333333,0.056862407030772784,,/panels/cau1/cells/5/train_curve,epoch measurements from the same runs
cau1,CELL-3177e994988dc934,cau1-lr02,train,single_epoch_accuracy,70,71,3,98.08666666666666,0.02886751345948785,,/panels/cau1/cells/5/train_curve,epoch measurements from the same runs
cau1,CELL-3177e994988dc934,cau1-lr02,train,single_epoch_accuracy,71,72,3,98.48333333333333,0.15044378795195548,,/panels/cau1/cells/5/train_curve,epoch measurements from the same runs
cau1,CELL-3177e994988dc934,cau1-lr02,train,single_epoch_accuracy,72,73,3,98.85333333333334,0.21548395145192342,,/panels/cau1/cells/5/train_curve,epoch measurements from the same runs
cau1,CELL-3177e994988dc934,cau1-lr02,train,single_epoch_accuracy,73,74,3,99.12666666666667,0.0907377172587754,,/panels/cau1/cells/5/train_curve,epoch measurements from the same runs
cau1,CELL-3177e994988dc934,cau1-lr02,train,single_epoch_accuracy,74,75,3,99.19,0.18083141320025062,,/panels/cau1/cells/5/train_curve,epoch measurements from the same runs
cau1,CELL-3177e994988dc934,cau1-lr02,train,single_epoch_accuracy,75,76,3,99.42999999999999,0.3772267222771963,,/panels/cau1/cells/5/train_curve,epoch measurements from the same runs
cau1,CELL-3177e994988dc934,cau1-lr02,train,single_epoch_accuracy,76,77,3,99.67,0.26962937525425773,,/panels/cau1/cells/5/train_curve,epoch measurements from the same runs
cau1,CELL-3177e994988dc934,cau1-lr02,train,single_epoch_accuracy,77,78,3,99.92666666666666,0.07023769168568511,,/panels/cau1/cells/5/train_curve,epoch measurements from the same runs
cau1,CELL-3177e994988dc934,cau1-lr02,train,single_epoch_accuracy,78,79,3,100.0,0.0,,/panels/cau1/cells/5/train_curve,epoch measurements from the same runs
cau1,CELL-3177e994988dc934,cau1-lr02,train,single_epoch_accuracy,79,80,3,100.0,0.0,,/panels/cau1/cells/5/train_curve,epoch measurements from the same runs
cau1,CELL-3177e994988dc934,cau1-lr02,train,single_epoch_accuracy,80,81,3,100.0,0.0,,/panels/cau1/cells/5/train_curve,epoch measurements from the same runs
cau1,CELL-3177e994988dc934,cau1-lr02,train,single_epoch_accuracy,81,82,3,100.0,0.0,,/panels/cau1/cells/5/train_curve,epoch measurements from the same runs
cau1,CELL-3177e994988dc934,cau1-lr02,train,single_epoch_accuracy,82,83,3,100.0,0.0,,/panels/cau1/cells/5/train_curve,epoch measurements from the same runs
cau1,CELL-3177e994988dc934,cau1-lr02,train,single_epoch_accuracy,83,84,3,100.0,0.0,,/panels/cau1/cells/5/train_curve,epoch measurements from the same runs
cau1,CELL-3177e994988dc934,cau1-lr02,train,single_epoch_accuracy,84,85,3,100.0,0.0,,/panels/cau1/cells/5/train_curve,epoch measurements from the same runs
cau1,CELL-3177e994988dc934,cau1-lr02,train,single_epoch_accuracy,85,86,3,100.0,0.0,,/panels/cau1/cells/5/train_curve,epoch measurements from the same runs
cau1,CELL-3177e994988dc934,cau1-lr02,train,single_epoch_accuracy,86,87,3,100.0,0.0,,/panels/cau1/cells/5/train_curve,epoch measurements from the same runs
cau1,CELL-3177e994988dc934,cau1-lr02,train,single_epoch_accuracy,87,88,3,100.0,0.0,,/panels/cau1/cells/5/train_curve,epoch measurements from the same runs
cau1,CELL-3177e994988dc934,cau1-lr02,train,single_epoch_accuracy,88,89,3,100.0,0.0,,/panels/cau1/cells/5/train_curve,epoch measurements from the same runs
cau1,CELL-3177e994988dc934,cau1-lr02,train,single_epoch_accuracy,89,90,3,100.0,0.0,,/panels/cau1/cells/5/train_curve,epoch measurements from the same runs
cau1,CELL-3177e994988dc934,cau1-lr02,train,single_epoch_accuracy,90,91,3,100.0,0.0,,/panels/cau1/cells/5/train_curve,epoch measurements from the same runs
cau1,CELL-3177e994988dc934,cau1-lr02,train,single_epoch_accuracy,91,92,3,100.0,0.0,,/panels/cau1/cells/5/train_curve,epoch measurements from the same runs
cau1,CELL-3177e994988dc934,cau1-lr02,train,single_epoch_accuracy,92,93,3,100.0,0.0,,/panels/cau1/cells/5/train_curve,epoch measurements from the same runs
cau1,CELL-3177e994988dc934,cau1-lr02,train,single_epoch_accuracy,93,94,3,100.0,0.0,,/panels/cau1/cells/5/train_curve,epoch measurements from the same runs
cau1,CELL-3177e994988dc934,cau1-lr02,train,single_epoch_accuracy,94,95,3,100.0,0.0,,/panels/cau1/cells/5/train_curve,epoch measurements from the same runs
cau1,CELL-3177e994988dc934,cau1-lr02,train,single_epoch_accuracy,95,96,3,100.0,0.0,,/panels/cau1/cells/5/train_curve,epoch measurements from the same runs
cau1,CELL-3177e994988dc934,cau1-lr02,train,single_epoch_accuracy,96,97,3,100.0,0.0,,/panels/cau1/cells/5/train_curve,epoch measurements from the same runs
cau1,CELL-3177e994988dc934,cau1-lr02,train,single_epoch_accuracy,97,98,3,100.0,0.0,,/panels/cau1/cells/5/train_curve,epoch measurements from the same runs
cau1,CELL-3177e994988dc934,cau1-lr02,train,single_epoch_accuracy,98,99,3,100.0,0.0,,/panels/cau1/cells/5/train_curve,epoch measurements from the same runs
cau1,CELL-3177e994988dc934,cau1-lr02,train,single_epoch_accuracy,99,100,3,100.0,0.0,,/panels/cau1/cells/5/train_curve,epoch measurements from the same runs
cau1,CELL-93be884fbd3f5f73,cau1-lr04,test,single_epoch_accuracy,0,1,3,48.36333333333334,8.479282595440099,,/panels/cau1/cells/6/test_curve,epoch measurements from the same runs
cau1,CELL-93be884fbd3f5f73,cau1-lr04,test,single_epoch_accuracy,1,2,3,60.01333333333333,0.8951163797704375,,/panels/cau1/cells/6/test_curve,epoch measurements from the same runs
cau1,CELL-93be884fbd3f5f73,cau1-lr04,test,single_epoch_accuracy,2,3,3,60.61333333333334,4.039608066797238,,/panels/cau1/cells/6/test_curve,epoch measurements from the same runs
cau1,CELL-93be884fbd3f5f73,cau1-lr04,test,single_epoch_accuracy,3,4,3,62.50333333333333,5.710913528791462,,/panels/cau1/cells/6/test_curve,epoch measurements from the same runs
cau1,CELL-93be884fbd3f5f73,cau1-lr04,test,single_epoch_accuracy,4,5,3,64.17333333333333,2.5047421690332334,,/panels/cau1/cells/6/test_curve,epoch measurements from the same runs
cau1,CELL-93be884fbd3f5f73,cau1-lr04,test,single_epoch_accuracy,5,6,3,67.97333333333333,1.0461516779766318,,/panels/cau1/cells/6/test_curve,epoch measurements from the same runs
cau1,CELL-93be884fbd3f5f73,cau1-lr04,test,single_epoch_accuracy,6,7,3,66.42333333333333,6.20674095909708,,/panels/cau1/cells/6/test_curve,epoch measurements from the same runs
cau1,CELL-93be884fbd3f5f73,cau1-lr04,test,single_epoch_accuracy,7,8,3,62.809999999999995,3.599847218980269,,/panels/cau1/cells/6/test_curve,epoch measurements from the same runs
cau1,CELL-93be884fbd3f5f73,cau1-lr04,test,single_epoch_accuracy,8,9,3,63.20666666666667,5.820114546410007,,/panels/cau1/cells/6/test_curve,epoch measurements from the same runs
cau1,CELL-93be884fbd3f5f73,cau1-lr04,test,single_epoch_accuracy,9,10,3,63.07333333333333,8.838406719162302,,/panels/cau1/cells/6/test_curve,epoch measurements from the same runs
cau1,CELL-93be884fbd3f5f73,cau1-lr04,test,single_epoch_accuracy,10,11,3,64.59,5.132455552657033,,/panels/cau1/cells/6/test_curve,epoch measurements from the same runs
cau1,CELL-93be884fbd3f5f73,cau1-lr04,test,single_epoch_accuracy,11,12,3,63.42,2.913365751154494,,/panels/cau1/cells/6/test_curve,epoch measurements from the same runs
cau1,CELL-93be884fbd3f5f73,cau1-lr04,test,single_epoch_accuracy,12,13,3,68.16333333333333,3.095356737652917,,/panels/cau1/cells/6/test_curve,epoch measurements from the same runs
cau1,CELL-93be884fbd3f5f73,cau1-lr04,test,single_epoch_accuracy,13,14,3,64.64666666666666,4.920257445838916,,/panels/cau1/cells/6/test_curve,epoch measurements from the same runs
cau1,CELL-93be884fbd3f5f73,cau1-lr04,test,single_epoch_accuracy,14,15,3,64.42,2.9179958875913434,,/panels/cau1/cells/6/test_curve,epoch measurements from the same runs
cau1,CELL-93be884fbd3f5f73,cau1-lr04,test,single_epoch_accuracy,15,16,3,63.97666666666667,10.893513360405507,,/panels/cau1/cells/6/test_curve,epoch measurements from the same runs
cau1,CELL-93be884fbd3f5f73,cau1-lr04,test,single_epoch_accuracy,16,17,3,68.22333333333333,8.289272183571565,,/panels/cau1/cells/6/test_curve,epoch measurements from the same runs
cau1,CELL-93be884fbd3f5f73,cau1-lr04,test,single_epoch_accuracy,17,18,3,67.10000000000001,4.695487195169421,,/panels/cau1/cells/6/test_curve,epoch measurements from the same runs
cau1,CELL-93be884fbd3f5f73,cau1-lr04,test,single_epoch_accuracy,18,19,3,57.38333333333333,7.8493715247358065,,/panels/cau1/cells/6/test_curve,epoch measurements from the same runs
cau1,CELL-93be884fbd3f5f73,cau1-lr04,test,single_epoch_accuracy,19,20,3,65.85666666666667,13.685731012018808,,/panels/cau1/cells/6/test_curve,epoch measurements from the same runs
cau1,CELL-93be884fbd3f5f73,cau1-lr04,test,single_epoch_accuracy,20,21,3,63.04666666666667,6.368369754759323,,/panels/cau1/cells/6/test_curve,epoch measurements from the same runs
cau1,CELL-93be884fbd3f5f73,cau1-lr04,test,single_epoch_accuracy,21,22,3,62.48,7.592489710233394,,/panels/cau1/cells/6/test_curve,epoch measurements from the same runs
cau1,CELL-93be884fbd3f5f73,cau1-lr04,test,single_epoch_accuracy,22,23,3,69.16666666666667,4.2793613230636804,,/panels/cau1/cells/6/test_curve,epoch measurements from the same runs
cau1,CELL-93be884fbd3f5f73,cau1-lr04,test,single_epoch_accuracy,23,24,3,67.22333333333334,1.098650687586064,,/panels/cau1/cells/6/test_curve,epoch measurements from the same runs
cau1,CELL-93be884fbd3f5f73,cau1-lr04,test,single_epoch_accuracy,24,25,3,71.54,1.5574337867145391,,/panels/cau1/cells/6/test_curve,epoch measurements from the same runs
cau1,CELL-93be884fbd3f5f73,cau1-lr04,test,single_epoch_accuracy,25,26,3,68.43333333333334,5.415480895851572,,/panels/cau1/cells/6/test_curve,epoch measurements from the same runs
cau1,CELL-93be884fbd3f5f73,cau1-lr04,test,single_epoch_accuracy,26,27,3,67.13,1.5494192460402687,,/panels/cau1/cells/6/test_curve,epoch measurements from the same runs
cau1,CELL-93be884fbd3f5f73,cau1-lr04,test,single_epoch_accuracy,27,28,3,63.36666666666666,12.938787939112895,,/panels/cau1/cells/6/test_curve,epoch measurements from the same runs
cau1,CELL-93be884fbd3f5f73,cau1-lr04,test,single_epoch_accuracy,28,29,3,69.65333333333334,2.7371578933874727,,/panels/cau1/cells/6/test_curve,epoch measurements from the same runs
cau1,CELL-93be884fbd3f5f73,cau1-lr04,test,single_epoch_accuracy,29,30,3,66.19666666666666,8.513620459788733,,/panels/cau1/cells/6/test_curve,epoch measurements from the same runs
cau1,CELL-93be884fbd3f5f73,cau1-lr04,test,single_epoch_accuracy,30,31,3,65.50666666666666,6.442556428416697,,/panels/cau1/cells/6/test_curve,epoch measurements from the same runs
cau1,CELL-93be884fbd3f5f73,cau1-lr04,test,single_epoch_accuracy,31,32,3,66.02333333333333,6.345465572622177,,/panels/cau1/cells/6/test_curve,epoch measurements from the same runs
cau1,CELL-93be884fbd3f5f73,cau1-lr04,test,single_epoch_accuracy,32,33,3,69.00333333333333,7.956911042190513,,/panels/cau1/cells/6/test_curve,epoch measurements from the same runs
cau1,CELL-93be884fbd3f5f73,cau1-lr04,test,single_epoch_accuracy,33,34,3,68.33,3.048819443653556,,/panels/cau1/cells/6/test_curve,epoch measurements from the same runs
cau1,CELL-93be884fbd3f5f73,cau1-lr04,test,single_epoch_accuracy,34,35,3,71.98666666666666,1.7466634860021923,,/panels/cau1/cells/6/test_curve,epoch measurements from the same runs
cau1,CELL-93be884fbd3f5f73,cau1-lr04,test,single_epoch_accuracy,35,36,3,69.86,4.957297650938463,,/panels/cau1/cells/6/test_curve,epoch measurements from the same runs
cau1,CELL-93be884fbd3f5f73,cau1-lr04,test,single_epoch_accuracy,36,37,3,72.44666666666667,2.306519744839252,,/panels/cau1/cells/6/test_curve,epoch measurements from the same runs
cau1,CELL-93be884fbd3f5f73,cau1-lr04,test,single_epoch_accuracy,37,38,3,72.14,2.3764679673835243,,/panels/cau1/cells/6/test_curve,epoch measurements from the same runs
cau1,CELL-93be884fbd3f5f73,cau1-lr04,test,single_epoch_accuracy,38,39,3,70.09,3.035506547513938,,/panels/cau1/cells/6/test_curve,epoch measurements from the same runs
cau1,CELL-93be884fbd3f5f73,cau1-lr04,test,single_epoch_accuracy,39,40,3,71.61666666666666,2.0619489162763753,,/panels/cau1/cells/6/test_curve,epoch measurements from the same runs
cau1,CELL-93be884fbd3f5f73,cau1-lr04,test,single_epoch_accuracy,40,41,3,72.14,1.9613515748075385,,/panels/cau1/cells/6/test_curve,epoch measurements from the same runs
cau1,CELL-93be884fbd3f5f73,cau1-lr04,test,single_epoch_accuracy,41,42,3,72.61333333333333,4.185861122079098,,/panels/cau1/cells/6/test_curve,epoch measurements from the same runs
cau1,CELL-93be884fbd3f5f73,cau1-lr04,test,single_epoch_accuracy,42,43,3,73.04,7.497306182889956,,/panels/cau1/cells/6/test_curve,epoch measurements from the same runs
cau1,CELL-93be884fbd3f5f73,cau1-lr04,test,single_epoch_accuracy,43,44,3,74.95666666666666,3.333846627146088,,/panels/cau1/cells/6/test_curve,epoch measurements from the same runs
cau1,CELL-93be884fbd3f5f73,cau1-lr04,test,single_epoch_accuracy,44,45,3,71.09,5.774521625208444,,/panels/cau1/cells/6/test_curve,epoch measurements from the same runs
cau1,CELL-93be884fbd3f5f73,cau1-lr04,test,single_epoch_accuracy,45,46,3,71.17333333333333,2.945035370472371,,/panels/cau1/cells/6/test_curve,epoch measurements from the same runs
cau1,CELL-93be884fbd3f5f73,cau1-lr04,test,single_epoch_accuracy,46,47,3,73.41,0.5026927491022747,,/panels/cau1/cells/6/test_curve,epoch measurements from the same runs
cau1,CELL-93be884fbd3f5f73,cau1-lr04,test,single_epoch_accuracy,47,48,3,71.31,5.490200360642589,,/panels/cau1/cells/6/test_curve,epoch measurements from the same runs
cau1,CELL-93be884fbd3f5f73,cau1-lr04,test,single_epoch_accuracy,48,49,3,74.32333333333334,1.7559707666511244,,/panels/cau1/cells/6/test_curve,epoch measurements from the same runs
cau1,CELL-93be884fbd3f5f73,cau1-lr04,test,single_epoch_accuracy,49,50,3,75.0,2.2162129861545403,,/panels/cau1/cells/6/test_curve,epoch measurements from the same runs
cau1,CELL-93be884fbd3f5f73,cau1-lr04,test,single_epoch_accuracy,50,51,3,74.77666666666667,4.393885903540666,,/panels/cau1/cells/6/test_curve,epoch measurements from the same runs
cau1,CELL-93be884fbd3f5f73,cau1-lr04,test,single_epoch_accuracy,51,52,3,77.45666666666666,2.1397741313824095,,/panels/cau1/cells/6/test_curve,epoch measurements from the same runs
cau1,CELL-93be884fbd3f5f73,cau1-lr04,test,single_epoch_accuracy,52,53,3,77.70333333333333,4.050090533967519,,/panels/cau1/cells/6/test_curve,epoch measurements from the same runs
cau1,CELL-93be884fbd3f5f73,cau1-lr04,test,single_epoch_accuracy,53,54,3,78.31,1.7091518364381812,,/panels/cau1/cells/6/test_curve,epoch measurements from the same runs
cau1,CELL-93be884fbd3f5f73,cau1-lr04,test,single_epoch_accuracy,54,55,3,77.24666666666667,1.7095126011039896,,/panels/cau1/cells/6/test_curve,epoch measurements from the same runs
cau1,CELL-93be884fbd3f5f73,cau1-lr04,test,single_epoch_accuracy,55,56,3,77.61,2.244281622256888,,/panels/cau1/cells/6/test_curve,epoch measurements from the same runs
cau1,CELL-93be884fbd3f5f73,cau1-lr04,test,single_epoch_accuracy,56,57,3,80.05333333333333,2.9711333415606407,,/panels/cau1/cells/6/test_curve,epoch measurements from the same runs
cau1,CELL-93be884fbd3f5f73,cau1-lr04,test,single_epoch_accuracy,57,58,3,78.57333333333334,3.015830455004614,,/panels/cau1/cells/6/test_curve,epoch measurements from the same runs
cau1,CELL-93be884fbd3f5f73,cau1-lr04,test,single_epoch_accuracy,58,59,3,77.95666666666666,2.7176705711571,,/panels/cau1/cells/6/test_curve,epoch measurements from the same runs
cau1,CELL-93be884fbd3f5f73,cau1-lr04,test,single_epoch_accuracy,59,60,3,79.67333333333333,2.580859030116393,,/panels/cau1/cells/6/test_curve,epoch measurements from the same runs
cau1,CELL-93be884fbd3f5f73,cau1-lr04,test,single_epoch_accuracy,60,61,3,76.87,3.587157649170161,,/panels/cau1/cells/6/test_curve,epoch measurements from the same runs
cau1,CELL-93be884fbd3f5f73,cau1-lr04,test,single_epoch_accuracy,61,62,3,79.95333333333333,1.5179701358502848,,/panels/cau1/cells/6/test_curve,epoch measurements from the same runs
cau1,CELL-93be884fbd3f5f73,cau1-lr04,test,single_epoch_accuracy,62,63,3,77.46000000000001,3.8022493342757024,,/panels/cau1/cells/6/test_curve,epoch measurements from the same runs
cau1,CELL-93be884fbd3f5f73,cau1-lr04,test,single_epoch_accuracy,63,64,3,79.67333333333333,1.0845429144728866,,/panels/cau1/cells/6/test_curve,epoch measurements from the same runs
cau1,CELL-93be884fbd3f5f73,cau1-lr04,test,single_epoch_accuracy,64,65,3,79.8,1.9059118552545902,,/panels/cau1/cells/6/test_curve,epoch measurements from the same runs
cau1,CELL-93be884fbd3f5f73,cau1-lr04,test,single_epoch_accuracy,65,66,3,79.64,3.2072418056641814,,/panels/cau1/cells/6/test_curve,epoch measurements from the same runs
cau1,CELL-93be884fbd3f5f73,cau1-lr04,test,single_epoch_accuracy,66,67,3,79.55333333333334,2.5462194197149137,,/panels/cau1/cells/6/test_curve,epoch measurements from the same runs
cau1,CELL-93be884fbd3f5f73,cau1-lr04,test,single_epoch_accuracy,67,68,3,78.80666666666667,2.400548548422491,,/panels/cau1/cells/6/test_curve,epoch measurements from the same runs
cau1,CELL-93be884fbd3f5f73,cau1-lr04,test,single_epoch_accuracy,68,69,3,79.88333333333334,3.198661178264018,,/panels/cau1/cells/6/test_curve,epoch measurements from the same runs
cau1,CELL-93be884fbd3f5f73,cau1-lr04,test,single_epoch_accuracy,69,70,3,80.55,0.44977772288097684,,/panels/cau1/cells/6/test_curve,epoch measurements from the same runs
cau1,CELL-93be884fbd3f5f73,cau1-lr04,test,single_epoch_accuracy,70,71,3,81.44,1.39237207670938,,/panels/cau1/cells/6/test_curve,epoch measurements from the same runs
cau1,CELL-93be884fbd3f5f73,cau1-lr04,test,single_epoch_accuracy,71,72,3,80.96,0.6242595614005472,,/panels/cau1/cells/6/test_curve,epoch measurements from the same runs
cau1,CELL-93be884fbd3f5f73,cau1-lr04,test,single_epoch_accuracy,72,73,3,81.95666666666666,1.7437411887471597,,/panels/cau1/cells/6/test_curve,epoch measurements from the same runs
cau1,CELL-93be884fbd3f5f73,cau1-lr04,test,single_epoch_accuracy,73,74,3,82.28666666666666,0.9700171819784147,,/panels/cau1/cells/6/test_curve,epoch measurements from the same runs
cau1,CELL-93be884fbd3f5f73,cau1-lr04,test,single_epoch_accuracy,74,75,3,81.50333333333333,0.9570963030611531,,/panels/cau1/cells/6/test_curve,epoch measurements from the same runs
cau1,CELL-93be884fbd3f5f73,cau1-lr04,test,single_epoch_accuracy,75,76,3,80.12333333333333,4.650766961839019,,/panels/cau1/cells/6/test_curve,epoch measurements from the same runs
cau1,CELL-93be884fbd3f5f73,cau1-lr04,test,single_epoch_accuracy,76,77,3,83.02666666666667,0.7303652054508954,,/panels/cau1/cells/6/test_curve,epoch measurements from the same runs
cau1,CELL-93be884fbd3f5f73,cau1-lr04,test,single_epoch_accuracy,77,78,3,83.01666666666667,0.5934082349726278,,/panels/cau1/cells/6/test_curve,epoch measurements from the same runs
cau1,CELL-93be884fbd3f5f73,cau1-lr04,test,single_epoch_accuracy,78,79,3,81.86333333333333,2.5761664024929196,,/panels/cau1/cells/6/test_curve,epoch measurements from the same runs
cau1,CELL-93be884fbd3f5f73,cau1-lr04,test,single_epoch_accuracy,79,80,3,83.9,0.4762352359916229,,/panels/cau1/cells/6/test_curve,epoch measurements from the same runs
cau1,CELL-93be884fbd3f5f73,cau1-lr04,test,single_epoch_accuracy,80,81,3,84.03333333333333,0.47184036848635175,,/panels/cau1/cells/6/test_curve,epoch measurements from the same runs
cau1,CELL-93be884fbd3f5f73,cau1-lr04,test,single_epoch_accuracy,81,82,3,84.53,0.23999999999999488,,/panels/cau1/cells/6/test_curve,epoch measurements from the same runs
cau1,CELL-93be884fbd3f5f73,cau1-lr04,test,single_epoch_accuracy,82,83,3,85.90666666666667,0.7838579803340257,,/panels/cau1/cells/6/test_curve,epoch measurements from the same runs
cau1,CELL-93be884fbd3f5f73,cau1-lr04,test,single_epoch_accuracy,83,84,3,87.01666666666667,0.7300228306932111,,/panels/cau1/cells/6/test_curve,epoch measurements from the same runs
cau1,CELL-93be884fbd3f5f73,cau1-lr04,test,single_epoch_accuracy,84,85,3,88.02333333333333,0.47961790347455985,,/panels/cau1/cells/6/test_curve,epoch measurements from the same runs
cau1,CELL-93be884fbd3f5f73,cau1-lr04,test,single_epoch_accuracy,85,86,3,88.30666666666667,0.24986663109213308,,/panels/cau1/cells/6/test_curve,epoch measurements from the same runs
cau1,CELL-93be884fbd3f5f73,cau1-lr04,test,single_epoch_accuracy,86,87,3,88.41666666666667,0.34961884007206523,,/panels/cau1/cells/6/test_curve,epoch measurements from the same runs
cau1,CELL-93be884fbd3f5f73,cau1-lr04,test,single_epoch_accuracy,87,88,3,88.51333333333334,0.3807011076071753,,/panels/cau1/cells/6/test_curve,epoch measurements from the same runs
cau1,CELL-93be884fbd3f5f73,cau1-lr04,test,single_epoch_accuracy,88,89,3,88.56,0.37322915213042607,,/panels/cau1/cells/6/test_curve,epoch measurements from the same runs
cau1,CELL-93be884fbd3f5f73,cau1-lr04,test,single_epoch_accuracy,89,90,3,88.52666666666667,0.32929217016706097,,/panels/cau1/cells/6/test_curve,epoch measurements from the same runs
cau1,CELL-93be884fbd3f5f73,cau1-lr04,test,single_epoch_accuracy,90,91,3,88.56,0.28999999999999915,,/panels/cau1/cells/6/test_curve,epoch measurements from the same runs
cau1,CELL-93be884fbd3f5f73,cau1-lr04,test,single_epoch_accuracy,91,92,3,88.58666666666667,0.30924639582917074,,/panels/cau1/cells/6/test_curve,epoch measurements from the same runs
cau1,CELL-93be884fbd3f5f73,cau1-lr04,test,single_epoch_accuracy,92,93,3,88.66,0.2981610303175103,,/panels/cau1/cells/6/test_curve,epoch measurements from the same runs
cau1,CELL-93be884fbd3f5f73,cau1-lr04,test,single_epoch_accuracy,93,94,3,88.59,0.31749015732774677,,/panels/cau1/cells/6/test_curve,epoch measurements from the same runs
cau1,CELL-93be884fbd3f5f73,cau1-lr04,test,single_epoch_accuracy,94,95,3,88.66333333333333,0.3521836642056661,,/panels/cau1/cells/6/test_curve,epoch measurements from the same runs
cau1,CELL-93be884fbd3f5f73,cau1-lr04,test,single_epoch_accuracy,95,96,3,88.64,0.27221315177632777,,/panels/cau1/cells/6/test_curve,epoch measurements from the same runs
cau1,CELL-93be884fbd3f5f73,cau1-lr04,test,single_epoch_accuracy,96,97,3,88.67,0.30789608636681687,,/panels/cau1/cells/6/test_curve,epoch measurements from the same runs
cau1,CELL-93be884fbd3f5f73,cau1-lr04,test,single_epoch_accuracy,97,98,3,88.73,0.33719430600174616,,/panels/cau1/cells/6/test_curve,epoch measurements from the same runs
cau1,CELL-93be884fbd3f5f73,cau1-lr04,test,single_epoch_accuracy,98,99,3,88.66666666666667,0.2663331247391764,,/panels/cau1/cells/6/test_curve,epoch measurements from the same runs
cau1,CELL-93be884fbd3f5f73,cau1-lr04,test,single_epoch_accuracy,99,100,3,88.62666666666667,0.22501851775650172,,/panels/cau1/cells/6/test_curve,epoch measurements from the same runs
cau1,CELL-93be884fbd3f5f73,cau1-lr04,train,single_epoch_accuracy,0,1,3,46.27,0.702353187506115,,/panels/cau1/cells/6/train_curve,epoch measurements from the same runs
cau1,CELL-93be884fbd3f5f73,cau1-lr04,train,single_epoch_accuracy,1,2,3,66.43,0.19000000000000483,,/panels/cau1/cells/6/train_curve,epoch measurements from the same runs
cau1,CELL-93be884fbd3f5f73,cau1-lr04,train,single_epoch_accuracy,2,3,3,70.65333333333334,0.10408329997330641,,/panels/cau1/cells/6/train_curve,epoch measurements from the same runs
cau1,CELL-93be884fbd3f5f73,cau1-lr04,train,single_epoch_accuracy,3,4,3,72.5,0.20663978319771667,,/panels/cau1/cells/6/train_curve,epoch measurements from the same runs
cau1,CELL-93be884fbd3f5f73,cau1-lr04,train,single_epoch_accuracy,4,5,3,73.5,0.11532562594671028,,/panels/cau1/cells/6/train_curve,epoch measurements from the same runs
cau1,CELL-93be884fbd3f5f73,cau1-lr04,train,single_epoch_accuracy,5,6,3,74.46333333333334,0.3023794525647056,,/panels/cau1/cells/6/train_curve,epoch measurements from the same runs
cau1,CELL-93be884fbd3f5f73,cau1-lr04,train,single_epoch_accuracy,6,7,3,75.04333333333334,0.10785793124909096,,/panels/cau1/cells/6/train_curve,epoch measurements from the same runs
cau1,CELL-93be884fbd3f5f73,cau1-lr04,train,single_epoch_accuracy,7,8,3,75.33666666666667,0.06658328118479065,,/panels/cau1/cells/6/train_curve,epoch measurements from the same runs
cau1,CELL-93be884fbd3f5f73,cau1-lr04,train,single_epoch_accuracy,8,9,3,75.53,0.08185352771872904,,/panels/cau1/cells/6/train_curve,epoch measurements from the same runs
cau1,CELL-93be884fbd3f5f73,cau1-lr04,train,single_epoch_accuracy,9,10,3,75.79666666666667,0.2421432083155231,,/panels/cau1/cells/6/train_curve,epoch measurements from the same runs
cau1,CELL-93be884fbd3f5f73,cau1-lr04,train,single_epoch_accuracy,10,11,3,76.11,0.04999999999999716,,/panels/cau1/cells/6/train_curve,epoch measurements from the same runs
cau1,CELL-93be884fbd3f5f73,cau1-lr04,train,single_epoch_accuracy,11,12,3,76.12,0.08544003745317577,,/panels/cau1/cells/6/train_curve,epoch measurements from the same runs
cau1,CELL-93be884fbd3f5f73,cau1-lr04,train,single_epoch_accuracy,12,13,3,76.29666666666667,0.25166114784235816,,/panels/cau1/cells/6/train_curve,epoch measurements from the same runs
cau1,CELL-93be884fbd3f5f73,cau1-lr04,train,single_epoch_accuracy,13,14,3,76.64666666666666,0.24006943440040665,,/panels/cau1/cells/6/train_curve,epoch measurements from the same runs
cau1,CELL-93be884fbd3f5f73,cau1-lr04,train,single_epoch_accuracy,14,15,3,76.69333333333334,0.18502252115170562,,/panels/cau1/cells/6/train_curve,epoch measurements from the same runs
cau1,CELL-93be884fbd3f5f73,cau1-lr04,train,single_epoch_accuracy,15,16,3,76.76,0.3601388621073787,,/panels/cau1/cells/6/train_curve,epoch measurements from the same runs
cau1,CELL-93be884fbd3f5f73,cau1-lr04,train,single_epoch_accuracy,16,17,3,77.07000000000001,0.2622975409720777,,/panels/cau1/cells/6/train_curve,epoch measurements from the same runs
cau1,CELL-93be884fbd3f5f73,cau1-lr04,train,single_epoch_accuracy,17,18,3,77.01,0.23515952032609638,,/panels/cau1/cells/6/train_curve,epoch measurements from the same runs
cau1,CELL-93be884fbd3f5f73,cau1-lr04,train,single_epoch_accuracy,18,19,3,77.13000000000001,0.09539392014169346,,/panels/cau1/cells/6/train_curve,epoch measurements from the same runs
cau1,CELL-93be884fbd3f5f73,cau1-lr04,train,single_epoch_accuracy,19,20,3,77.30666666666667,0.20256686138984784,,/panels/cau1/cells/6/train_curve,epoch measurements from the same runs
cau1,CELL-93be884fbd3f5f73,cau1-lr04,train,single_epoch_accuracy,20,21,3,77.36,0.22605309110914565,,/panels/cau1/cells/6/train_curve,epoch measurements from the same runs
cau1,CELL-93be884fbd3f5f73,cau1-lr04,train,single_epoch_accuracy,21,22,3,77.64333333333333,0.1464012750399808,,/panels/cau1/cells/6/train_curve,epoch measurements from the same runs
cau1,CELL-93be884fbd3f5f73,cau1-lr04,train,single_epoch_accuracy,22,23,3,77.69666666666667,0.06506407098648201,,/panels/cau1/cells/6/train_curve,epoch measurements from the same runs
cau1,CELL-93be884fbd3f5f73,cau1-lr04,train,single_epoch_accuracy,23,24,3,77.82000000000001,0.30265491900843006,,/panels/cau1/cells/6/train_curve,epoch measurements from the same runs
cau1,CELL-93be884fbd3f5f73,cau1-lr04,train,single_epoch_accuracy,24,25,3,77.92666666666666,0.28501461950807266,,/panels/cau1/cells/6/train_curve,epoch measurements from the same runs
cau1,CELL-93be884fbd3f5f73,cau1-lr04,train,single_epoch_accuracy,25,26,3,78.22666666666666,0.22590558499810062,,/panels/cau1/cells/6/train_curve,epoch measurements from the same runs
cau1,CELL-93be884fbd3f5f73,cau1-lr04,train,single_epoch_accuracy,26,27,3,78.40666666666667,0.2318045153428489,,/panels/cau1/cells/6/train_curve,epoch measurements from the same runs
cau1,CELL-93be884fbd3f5f73,cau1-lr04,train,single_epoch_accuracy,27,28,3,78.62333333333333,0.3516153201061258,,/panels/cau1/cells/6/train_curve,epoch measurements from the same runs
cau1,CELL-93be884fbd3f5f73,cau1-lr04,train,single_epoch_accuracy,28,29,3,78.53,0.3200000000000003,,/panels/cau1/cells/6/train_curve,epoch measurements from the same runs
cau1,CELL-93be884fbd3f5f73,cau1-lr04,train,single_epoch_accuracy,29,30,3,78.92666666666666,0.041633319989322334,,/panels/cau1/cells/6/train_curve,epoch measurements from the same runs
cau1,CELL-93be884fbd3f5f73,cau1-lr04,train,single_epoch_accuracy,30,31,3,79.13666666666667,0.19604421270042785,,/panels/cau1/cells/6/train_curve,epoch measurements from the same runs
cau1,CELL-93be884fbd3f5f73,cau1-lr04,train,single_epoch_accuracy,31,32,3,79.08666666666667,0.06806859285553771,,/panels/cau1/cells/6/train_curve,epoch measurements from the same runs
cau1,CELL-93be884fbd3f5f73,cau1-lr04,train,single_epoch_accuracy,32,33,3,79.53,0.1931320791582839,,/panels/cau1/cells/6/train_curve,epoch measurements from the same runs
cau1,CELL-93be884fbd3f5f73,cau1-lr04,train,single_epoch_accuracy,33,34,3,79.53666666666666,0.05131601439446556,,/panels/cau1/cells/6/train_curve,epoch measurements from the same runs
cau1,CELL-93be884fbd3f5f73,cau1-lr04,train,single_epoch_accuracy,34,35,3,79.59666666666666,0.14294521094927734,,/panels/cau1/cells/6/train_curve,epoch measurements from the same runs
cau1,CELL-93be884fbd3f5f73,cau1-lr04,train,single_epoch_accuracy,35,36,3,80.17,0.17320508075689428,,/panels/cau1/cells/6/train_curve,epoch measurements from the same runs
cau1,CELL-93be884fbd3f5f73,cau1-lr04,train,single_epoch_accuracy,36,37,3,80.17,0.15588457268120487,,/panels/cau1/cells/6/train_curve,epoch measurements from the same runs
cau1,CELL-93be884fbd3f5f73,cau1-lr04,train,single_epoch_accuracy,37,38,3,80.61,0.14730919862656391,,/panels/cau1/cells/6/train_curve,epoch measurements from the same runs
cau1,CELL-93be884fbd3f5f73,cau1-lr04,train,single_epoch_accuracy,38,39,3,80.72333333333333,0.06658328118479065,,/panels/cau1/cells/6/train_curve,epoch measurements from the same runs
cau1,CELL-93be884fbd3f5f73,cau1-lr04,train,single_epoch_accuracy,39,40,3,81.03333333333333,0.24214320831552008,,/panels/cau1/cells/6/train_curve,epoch measurements from the same runs
cau1,CELL-93be884fbd3f5f73,cau1-lr04,train,single_epoch_accuracy,40,41,3,81.24666666666667,0.07637626158259299,,/panels/cau1/cells/6/train_curve,epoch measurements from the same runs
cau1,CELL-93be884fbd3f5f73,cau1-lr04,train,single_epoch_accuracy,41,42,3,81.54666666666667,0.11503622617824413,,/panels/cau1/cells/6/train_curve,epoch measurements from the same runs
cau1,CELL-93be884fbd3f5f73,cau1-lr04,train,single_epoch_accuracy,42,43,3,81.85333333333334,0.1415391583037501,,/panels/cau1/cells/6/train_curve,epoch measurements from the same runs
cau1,CELL-93be884fbd3f5f73,cau1-lr04,train,single_epoch_accuracy,43,44,3,82.00666666666666,0.14571661996262567,,/panels/cau1/cells/6/train_curve,epoch measurements from the same runs
cau1,CELL-93be884fbd3f5f73,cau1-lr04,train,single_epoch_accuracy,44,45,3,82.45,0.23388031127053055,,/panels/cau1/cells/6/train_curve,epoch measurements from the same runs
cau1,CELL-93be884fbd3f5f73,cau1-lr04,train,single_epoch_accuracy,45,46,3,82.75666666666667,0.055075705472860816,,/panels/cau1/cells/6/train_curve,epoch measurements from the same runs
cau1,CELL-93be884fbd3f5f73,cau1-lr04,train,single_epoch_accuracy,46,47,3,83.00666666666666,0.15885003409925066,,/panels/cau1/cells/6/train_curve,epoch measurements from the same runs
cau1,CELL-93be884fbd3f5f73,cau1-lr04,train,single_epoch_accuracy,47,48,3,83.51333333333334,0.16653327995729503,,/panels/cau1/cells/6/train_curve,epoch measurements from the same runs
cau1,CELL-93be884fbd3f5f73,cau1-lr04,train,single_epoch_accuracy,48,49,3,83.61333333333333,0.10785793124909096,,/panels/cau1/cells/6/train_curve,epoch measurements from the same runs
cau1,CELL-93be884fbd3f5f73,cau1-lr04,train,single_epoch_accuracy,49,50,3,84.04333333333334,0.09018499505645412,,/panels/cau1/cells/6/train_curve,epoch measurements from the same runs
cau1,CELL-93be884fbd3f5f73,cau1-lr04,train,single_epoch_accuracy,50,51,3,84.26,0.11999999999999744,,/panels/cau1/cells/6/train_curve,epoch measurements from the same runs
cau1,CELL-93be884fbd3f5f73,cau1-lr04,train,single_epoch_accuracy,51,52,3,84.60666666666667,0.38397048497681824,,/panels/cau1/cells/6/train_curve,epoch measurements from the same runs
cau1,CELL-93be884fbd3f5f73,cau1-lr04,train,single_epoch_accuracy,52,53,3,85.03666666666666,0.03785938897199992,,/panels/cau1/cells/6/train_curve,epoch measurements from the same runs
cau1,CELL-93be884fbd3f5f73,cau1-lr04,train,single_epoch_accuracy,53,54,3,85.35666666666667,0.12423096769055947,,/panels/cau1/cells/6/train_curve,epoch measurements from the same runs
cau1,CELL-93be884fbd3f5f73,cau1-lr04,train,single_epoch_accuracy,54,55,3,85.84,0.1946792233393127,,/panels/cau1/cells/6/train_curve,epoch measurements from the same runs
cau1,CELL-93be884fbd3f5f73,cau1-lr04,train,single_epoch_accuracy,55,56,3,86.33666666666666,0.22233608194202947,,/panels/cau1/cells/6/train_curve,epoch measurements from the same runs
cau1,CELL-93be884fbd3f5f73,cau1-lr04,train,single_epoch_accuracy,56,57,3,86.69666666666667,0.16441816606850918,,/panels/cau1/cells/6/train_curve,epoch measurements from the same runs
cau1,CELL-93be884fbd3f5f73,cau1-lr04,train,single_epoch_accuracy,57,58,3,87.12333333333333,0.12055427546683178,,/panels/cau1/cells/6/train_curve,epoch measurements from the same runs
cau1,CELL-93be884fbd3f5f73,cau1-lr04,train,single_epoch_accuracy,58,59,3,87.59333333333333,0.06350852961085851,,/panels/cau1/cells/6/train_curve,epoch measurements from the same runs
cau1,CELL-93be884fbd3f5f73,cau1-lr04,train,single_epoch_accuracy,59,60,3,88.11666666666666,0.045092497528231,,/panels/cau1/cells/6/train_curve,epoch measurements from the same runs
cau1,CELL-93be884fbd3f5f73,cau1-lr04,train,single_epoch_accuracy,60,61,3,88.50333333333333,0.3329164059239724,,/panels/cau1/cells/6/train_curve,epoch measurements from the same runs
cau1,CELL-93be884fbd3f5f73,cau1-lr04,train,single_epoch_accuracy,61,62,3,88.99,0.21931712199461675,,/panels/cau1/cells/6/train_curve,epoch measurements from the same runs
cau1,CELL-93be884fbd3f5f73,cau1-lr04,train,single_epoch_accuracy,62,63,3,89.50666666666666,0.06027713773341216,,/panels/cau1/cells/6/train_curve,epoch measurements from the same runs
cau1,CELL-93be884fbd3f5f73,cau1-lr04,train,single_epoch_accuracy,63,64,3,90.03,0.10583005244258405,,/panels/cau1/cells/6/train_curve,epoch measurements from the same runs
cau1,CELL-93be884fbd3f5f73,cau1-lr04,train,single_epoch_accuracy,64,65,3,90.4,0.2605762844159128,,/panels/cau1/cells/6/train_curve,epoch measurements from the same runs
cau1,CELL-93be884fbd3f5f73,cau1-lr04,train,single_epoch_accuracy,65,66,3,91.22,0.149331845230682,,/panels/cau1/cells/6/train_curve,epoch measurements from the same runs
cau1,CELL-93be884fbd3f5f73,cau1-lr04,train,single_epoch_accuracy,66,67,3,91.65333333333334,0.1422439219556818,,/panels/cau1/cells/6/train_curve,epoch measurements from the same runs
cau1,CELL-93be884fbd3f5f73,cau1-lr04,train,single_epoch_accuracy,67,68,3,92.26666666666667,0.03511884584283885,,/panels/cau1/cells/6/train_curve,epoch measurements from the same runs
cau1,CELL-93be884fbd3f5f73,cau1-lr04,train,single_epoch_accuracy,68,69,3,92.66666666666667,0.08621678104251779,,/panels/cau1/cells/6/train_curve,epoch measurements from the same runs
cau1,CELL-93be884fbd3f5f73,cau1-lr04,train,single_epoch_accuracy,69,70,3,93.18,0.11135528725659997,,/panels/cau1/cells/6/train_curve,epoch measurements from the same runs
cau1,CELL-93be884fbd3f5f73,cau1-lr04,train,single_epoch_accuracy,70,71,3,93.78999999999999,0.2029778313018474,,/panels/cau1/cells/6/train_curve,epoch measurements from the same runs
cau1,CELL-93be884fbd3f5f73,cau1-lr04,train,single_epoch_accuracy,71,72,3,94.29333333333334,0.11150485789118818,,/panels/cau1/cells/6/train_curve,epoch measurements from the same runs
cau1,CELL-93be884fbd3f5f73,cau1-lr04,train,single_epoch_accuracy,72,73,3,94.79,0.2910326442171115,,/panels/cau1/cells/6/train_curve,epoch measurements from the same runs
cau1,CELL-93be884fbd3f5f73,cau1-lr04,train,single_epoch_accuracy,73,74,3,95.23666666666666,0.09712534856222328,,/panels/cau1/cells/6/train_curve,epoch measurements from the same runs
cau1,CELL-93be884fbd3f5f73,cau1-lr04,train,single_epoch_accuracy,74,75,3,95.93666666666667,0.08386497083605826,,/panels/cau1/cells/6/train_curve,epoch measurements from the same runs
cau1,CELL-93be884fbd3f5f73,cau1-lr04,train,single_epoch_accuracy,75,76,3,96.28666666666666,0.08962886439832542,,/panels/cau1/cells/6/train_curve,epoch measurements from the same runs
cau1,CELL-93be884fbd3f5f73,cau1-lr04,train,single_epoch_accuracy,76,77,3,96.65666666666667,0.2150193789716016,,/panels/cau1/cells/6/train_curve,epoch measurements from the same runs
cau1,CELL-93be884fbd3f5f73,cau1-lr04,train,single_epoch_accuracy,77,78,3,97.23333333333333,0.1266227994214815,,/panels/cau1/cells/6/train_curve,epoch measurements from the same runs
cau1,CELL-93be884fbd3f5f73,cau1-lr04,train,single_epoch_accuracy,78,79,3,97.89999999999999,0.18248287590894532,,/panels/cau1/cells/6/train_curve,epoch measurements from the same runs
cau1,CELL-93be884fbd3f5f73,cau1-lr04,train,single_epoch_accuracy,79,80,3,98.03333333333333,0.3962743157628703,,/panels/cau1/cells/6/train_curve,epoch measurements from the same runs
cau1,CELL-93be884fbd3f5f73,cau1-lr04,train,single_epoch_accuracy,80,81,3,98.59,0.07211102550927924,,/panels/cau1/cells/6/train_curve,epoch measurements from the same runs
cau1,CELL-93be884fbd3f5f73,cau1-lr04,train,single_epoch_accuracy,81,82,3,98.99666666666667,0.092915732431772,,/panels/cau1/cells/6/train_curve,epoch measurements from the same runs
cau1,CELL-93be884fbd3f5f73,cau1-lr04,train,single_epoch_accuracy,82,83,3,99.24333333333333,0.1514375558880097,,/panels/cau1/cells/6/train_curve,epoch measurements from the same runs
cau1,CELL-93be884fbd3f5f73,cau1-lr04,train,single_epoch_accuracy,83,84,3,99.70333333333333,0.15176736583776132,,/panels/cau1/cells/6/train_curve,epoch measurements from the same runs
cau1,CELL-93be884fbd3f5f73,cau1-lr04,train,single_epoch_accuracy,84,85,3,99.96,0.036055512754636664,,/panels/cau1/cells/6/train_curve,epoch measurements from the same runs
cau1,CELL-93be884fbd3f5f73,cau1-lr04,train,single_epoch_accuracy,85,86,3,100.0,0.0,,/panels/cau1/cells/6/train_curve,epoch measurements from the same runs
cau1,CELL-93be884fbd3f5f73,cau1-lr04,train,single_epoch_accuracy,86,87,3,100.0,0.0,,/panels/cau1/cells/6/train_curve,epoch measurements from the same runs
cau1,CELL-93be884fbd3f5f73,cau1-lr04,train,single_epoch_accuracy,87,88,3,100.0,0.0,,/panels/cau1/cells/6/train_curve,epoch measurements from the same runs
cau1,CELL-93be884fbd3f5f73,cau1-lr04,train,single_epoch_accuracy,88,89,3,100.0,0.0,,/panels/cau1/cells/6/train_curve,epoch measurements from the same runs
cau1,CELL-93be884fbd3f5f73,cau1-lr04,train,single_epoch_accuracy,89,90,3,100.0,0.0,,/panels/cau1/cells/6/train_curve,epoch measurements from the same runs
cau1,CELL-93be884fbd3f5f73,cau1-lr04,train,single_epoch_accuracy,90,91,3,100.0,0.0,,/panels/cau1/cells/6/train_curve,epoch measurements from the same runs
cau1,CELL-93be884fbd3f5f73,cau1-lr04,train,single_epoch_accuracy,91,92,3,100.0,0.0,,/panels/cau1/cells/6/train_curve,epoch measurements from the same runs
cau1,CELL-93be884fbd3f5f73,cau1-lr04,train,single_epoch_accuracy,92,93,3,100.0,0.0,,/panels/cau1/cells/6/train_curve,epoch measurements from the same runs
cau1,CELL-93be884fbd3f5f73,cau1-lr04,train,single_epoch_accuracy,93,94,3,100.0,0.0,,/panels/cau1/cells/6/train_curve,epoch measurements from the same runs
cau1,CELL-93be884fbd3f5f73,cau1-lr04,train,single_epoch_accuracy,94,95,3,100.0,0.0,,/panels/cau1/cells/6/train_curve,epoch measurements from the same runs
cau1,CELL-93be884fbd3f5f73,cau1-lr04,train,single_epoch_accuracy,95,96,3,100.0,0.0,,/panels/cau1/cells/6/train_curve,epoch measurements from the same runs
cau1,CELL-93be884fbd3f5f73,cau1-lr04,train,single_epoch_accuracy,96,97,3,100.0,0.0,,/panels/cau1/cells/6/train_curve,epoch measurements from the same runs
cau1,CELL-93be884fbd3f5f73,cau1-lr04,train,single_epoch_accuracy,97,98,3,100.0,0.0,,/panels/cau1/cells/6/train_curve,epoch measurements from the same runs
cau1,CELL-93be884fbd3f5f73,cau1-lr04,train,single_epoch_accuracy,98,99,3,100.0,0.0,,/panels/cau1/cells/6/train_curve,epoch measurements from the same runs
cau1,CELL-93be884fbd3f5f73,cau1-lr04,train,single_epoch_accuracy,99,100,3,100.0,0.0,,/panels/cau1/cells/6/train_curve,epoch measurements from the same runs
cau1,CELL-fae9b87c606f924e,cau1-m6,test,single_epoch_accuracy,0,1,3,56.776666666666664,2.547574009392729,,/panels/cau1/cells/7/test_curve,epoch measurements from the same runs
cau1,CELL-fae9b87c606f924e,cau1-m6,test,single_epoch_accuracy,1,2,3,68.78,0.34044089061098015,,/panels/cau1/cells/7/test_curve,epoch measurements from the same runs
cau1,CELL-fae9b87c606f924e,cau1-m6,test,single_epoch_accuracy,2,3,3,73.28666666666666,0.7324160930327295,,/panels/cau1/cells/7/test_curve,epoch measurements from the same runs
cau1,CELL-fae9b87c606f924e,cau1-m6,test,single_epoch_accuracy,3,4,3,71.89666666666668,1.6065594708361475,,/panels/cau1/cells/7/test_curve,epoch measurements from the same runs
cau1,CELL-fae9b87c606f924e,cau1-m6,test,single_epoch_accuracy,4,5,3,72.95333333333333,0.6343763341529502,,/panels/cau1/cells/7/test_curve,epoch measurements from the same runs
cau1,CELL-fae9b87c606f924e,cau1-m6,test,single_epoch_accuracy,5,6,3,72.46,0.8524670081592592,,/panels/cau1/cells/7/test_curve,epoch measurements from the same runs
cau1,CELL-fae9b87c606f924e,cau1-m6,test,single_epoch_accuracy,6,7,3,73.07666666666667,0.34933269720044086,,/panels/cau1/cells/7/test_curve,epoch measurements from the same runs
cau1,CELL-fae9b87c606f924e,cau1-m6,test,single_epoch_accuracy,7,8,3,73.47,0.6161168720299732,,/panels/cau1/cells/7/test_curve,epoch measurements from the same runs
cau1,CELL-fae9b87c606f924e,cau1-m6,test,single_epoch_accuracy,8,9,3,73.86333333333333,0.5515735067362575,,/panels/cau1/cells/7/test_curve,epoch measurements from the same runs
cau1,CELL-fae9b87c606f924e,cau1-m6,test,single_epoch_accuracy,9,10,3,73.87,0.2553429066960745,,/panels/cau1/cells/7/test_curve,epoch measurements from the same runs
cau1,CELL-fae9b87c606f924e,cau1-m6,test,single_epoch_accuracy,10,11,3,74.27666666666667,0.48809152147249263,,/panels/cau1/cells/7/test_curve,epoch measurements from the same runs
cau1,CELL-fae9b87c606f924e,cau1-m6,test,single_epoch_accuracy,11,12,3,74.2,0.8960468737739125,,/panels/cau1/cells/7/test_curve,epoch measurements from the same runs
cau1,CELL-fae9b87c606f924e,cau1-m6,test,single_epoch_accuracy,12,13,3,73.63666666666667,0.6888637988262539,,/panels/cau1/cells/7/test_curve,epoch measurements from the same runs
cau1,CELL-fae9b87c606f924e,cau1-m6,test,single_epoch_accuracy,13,14,3,74.00666666666666,0.3189566323708199,,/panels/cau1/cells/7/test_curve,epoch measurements from the same runs
cau1,CELL-fae9b87c606f924e,cau1-m6,test,single_epoch_accuracy,14,15,3,73.82666666666667,1.0957341526726883,,/panels/cau1/cells/7/test_curve,epoch measurements from the same runs
cau1,CELL-fae9b87c606f924e,cau1-m6,test,single_epoch_accuracy,15,16,3,74.37,0.9581753492967819,,/panels/cau1/cells/7/test_curve,epoch measurements from the same runs
cau1,CELL-fae9b87c606f924e,cau1-m6,test,single_epoch_accuracy,16,17,3,74.11,0.1552417469626014,,/panels/cau1/cells/7/test_curve,epoch measurements from the same runs
cau1,CELL-fae9b87c606f924e,cau1-m6,test,single_epoch_accuracy,17,18,3,74.17,0.42508822613664116,,/panels/cau1/cells/7/test_curve,epoch measurements from the same runs
cau1,CELL-fae9b87c606f924e,cau1-m6,test,single_epoch_accuracy,18,19,3,74.18666666666667,0.860774844737776,,/panels/cau1/cells/7/test_curve,epoch measurements from the same runs
cau1,CELL-fae9b87c606f924e,cau1-m6,test,single_epoch_accuracy,19,20,3,73.93333333333334,0.8732315462312048,,/panels/cau1/cells/7/test_curve,epoch measurements from the same runs
cau1,CELL-fae9b87c606f924e,cau1-m6,test,single_epoch_accuracy,20,21,3,74.22333333333333,0.744669949261634,,/panels/cau1/cells/7/test_curve,epoch measurements from the same runs
cau1,CELL-fae9b87c606f924e,cau1-m6,test,single_epoch_accuracy,21,22,3,74.18666666666667,0.7139561144309465,,/panels/cau1/cells/7/test_curve,epoch measurements from the same runs
cau1,CELL-fae9b87c606f924e,cau1-m6,test,single_epoch_accuracy,22,23,3,74.30333333333334,0.7823255929172525,,/panels/cau1/cells/7/test_curve,epoch measurements from the same runs
cau1,CELL-fae9b87c606f924e,cau1-m6,test,single_epoch_accuracy,23,24,3,74.26,0.4507771067833863,,/panels/cau1/cells/7/test_curve,epoch measurements from the same runs
cau1,CELL-fae9b87c606f924e,cau1-m6,test,single_epoch_accuracy,24,25,3,74.27,0.9643650760992997,,/panels/cau1/cells/7/test_curve,epoch measurements from the same runs
cau1,CELL-fae9b87c606f924e,cau1-m6,test,single_epoch_accuracy,25,26,3,74.32,0.4203569911396758,,/panels/cau1/cells/7/test_curve,epoch measurements from the same runs
cau1,CELL-fae9b87c606f924e,cau1-m6,test,single_epoch_accuracy,26,27,3,74.40333333333334,0.5896043871388115,,/panels/cau1/cells/7/test_curve,epoch measurements from the same runs
cau1,CELL-fae9b87c606f924e,cau1-m6,test,single_epoch_accuracy,27,28,3,74.4,0.9109884741312613,,/panels/cau1/cells/7/test_curve,epoch measurements from the same runs
cau1,CELL-fae9b87c606f924e,cau1-m6,test,single_epoch_accuracy,28,29,3,74.24333333333334,0.5424327915358131,,/panels/cau1/cells/7/test_curve,epoch measurements from the same runs
cau1,CELL-fae9b87c606f924e,cau1-m6,test,single_epoch_accuracy,29,30,3,74.38,0.6153860576906203,,/panels/cau1/cells/7/test_curve,epoch measurements from the same runs
cau1,CELL-fae9b87c606f924e,cau1-m6,test,single_epoch_accuracy,30,31,3,74.39333333333333,0.8298393418809049,,/panels/cau1/cells/7/test_curve,epoch measurements from the same runs
cau1,CELL-fae9b87c606f924e,cau1-m6,test,single_epoch_accuracy,31,32,3,74.39333333333333,0.8764321612842257,,/panels/cau1/cells/7/test_curve,epoch measurements from the same runs
cau1,CELL-fae9b87c606f924e,cau1-m6,test,single_epoch_accuracy,32,33,3,74.35333333333334,0.9695531616849778,,/panels/cau1/cells/7/test_curve,epoch measurements from the same runs
cau1,CELL-fae9b87c606f924e,cau1-m6,test,single_epoch_accuracy,33,34,3,74.39999999999999,0.6854925236645543,,/panels/cau1/cells/7/test_curve,epoch measurements from the same runs
cau1,CELL-fae9b87c606f924e,cau1-m6,test,single_epoch_accuracy,34,35,3,74.44,0.3299999999999983,,/panels/cau1/cells/7/test_curve,epoch measurements from the same runs
cau1,CELL-fae9b87c606f924e,cau1-m6,test,single_epoch_accuracy,35,36,3,74.51,0.7731106001084197,,/panels/cau1/cells/7/test_curve,epoch measurements from the same runs
cau1,CELL-fae9b87c606f924e,cau1-m6,test,single_epoch_accuracy,36,37,3,74.01333333333334,0.8737467215007614,,/panels/cau1/cells/7/test_curve,epoch measurements from the same runs
cau1,CELL-fae9b87c606f924e,cau1-m6,test,single_epoch_accuracy,37,38,3,74.39333333333333,0.6061627944152685,,/panels/cau1/cells/7/test_curve,epoch measurements from the same runs
cau1,CELL-fae9b87c606f924e,cau1-m6,test,single_epoch_accuracy,38,39,3,74.39666666666668,0.6937098336720747,,/panels/cau1/cells/7/test_curve,epoch measurements from the same runs
cau1,CELL-fae9b87c606f924e,cau1-m6,test,single_epoch_accuracy,39,40,3,74.48333333333333,0.7259706146486438,,/panels/cau1/cells/7/test_curve,epoch measurements from the same runs
cau1,CELL-fae9b87c606f924e,cau1-m6,test,single_epoch_accuracy,40,41,3,74.36666666666667,0.338575447032611,,/panels/cau1/cells/7/test_curve,epoch measurements from the same runs
cau1,CELL-fae9b87c606f924e,cau1-m6,test,single_epoch_accuracy,41,42,3,74.11333333333333,0.7759080701560793,,/panels/cau1/cells/7/test_curve,epoch measurements from the same runs
cau1,CELL-fae9b87c606f924e,cau1-m6,test,single_epoch_accuracy,42,43,3,74.57666666666667,0.35019042438841075,,/panels/cau1/cells/7/test_curve,epoch measurements from the same runs
cau1,CELL-fae9b87c606f924e,cau1-m6,test,single_epoch_accuracy,43,44,3,74.38333333333333,0.7813023315806326,,/panels/cau1/cells/7/test_curve,epoch measurements from the same runs
cau1,CELL-fae9b87c606f924e,cau1-m6,test,single_epoch_accuracy,44,45,3,74.58,0.6173329733620289,,/panels/cau1/cells/7/test_curve,epoch measurements from the same runs
cau1,CELL-fae9b87c606f924e,cau1-m6,test,single_epoch_accuracy,45,46,3,74.49333333333334,0.9768486747359242,,/panels/cau1/cells/7/test_curve,epoch measurements from the same runs
cau1,CELL-fae9b87c606f924e,cau1-m6,test,single_epoch_accuracy,46,47,3,74.49333333333333,0.847014364301655,,/panels/cau1/cells/7/test_curve,epoch measurements from the same runs
cau1,CELL-fae9b87c606f924e,cau1-m6,test,single_epoch_accuracy,47,48,3,74.44,0.6067124524846993,,/panels/cau1/cells/7/test_curve,epoch measurements from the same runs
cau1,CELL-fae9b87c606f924e,cau1-m6,test,single_epoch_accuracy,48,49,3,74.47,0.4092676385936209,,/panels/cau1/cells/7/test_curve,epoch measurements from the same runs
cau1,CELL-fae9b87c606f924e,cau1-m6,test,single_epoch_accuracy,49,50,3,74.39666666666666,0.7801495583113114,,/panels/cau1/cells/7/test_curve,epoch measurements from the same runs
cau1,CELL-fae9b87c606f924e,cau1-m6,test,single_epoch_accuracy,50,51,3,74.56333333333333,0.6485625130496955,,/panels/cau1/cells/7/test_curve,epoch measurements from the same runs
cau1,CELL-fae9b87c606f924e,cau1-m6,test,single_epoch_accuracy,51,52,3,74.72666666666667,0.38370995990895174,,/panels/cau1/cells/7/test_curve,epoch measurements from the same runs
cau1,CELL-fae9b87c606f924e,cau1-m6,test,single_epoch_accuracy,52,53,3,74.47,0.5935486500700654,,/panels/cau1/cells/7/test_curve,epoch measurements from the same runs
cau1,CELL-fae9b87c606f924e,cau1-m6,test,single_epoch_accuracy,53,54,3,74.44333333333334,0.5415102338214279,,/panels/cau1/cells/7/test_curve,epoch measurements from the same runs
cau1,CELL-fae9b87c606f924e,cau1-m6,test,single_epoch_accuracy,54,55,3,74.78,0.5922837157984374,,/panels/cau1/cells/7/test_curve,epoch measurements from the same runs
cau1,CELL-fae9b87c606f924e,cau1-m6,test,single_epoch_accuracy,55,56,3,74.55333333333333,0.7508217720160605,,/panels/cau1/cells/7/test_curve,epoch measurements from the same runs
cau1,CELL-fae9b87c606f924e,cau1-m6,test,single_epoch_accuracy,56,57,3,74.47333333333333,0.9546901766192698,,/panels/cau1/cells/7/test_curve,epoch measurements from the same runs
cau1,CELL-fae9b87c606f924e,cau1-m6,test,single_epoch_accuracy,57,58,3,74.58,0.6754998149518593,,/panels/cau1/cells/7/test_curve,epoch measurements from the same runs
cau1,CELL-fae9b87c606f924e,cau1-m6,test,single_epoch_accuracy,58,59,3,74.74,0.468721665810318,,/panels/cau1/cells/7/test_curve,epoch measurements from the same runs
cau1,CELL-fae9b87c606f924e,cau1-m6,test,single_epoch_accuracy,59,60,3,74.6,0.6486139067272595,,/panels/cau1/cells/7/test_curve,epoch measurements from the same runs
cau1,CELL-fae9b87c606f924e,cau1-m6,test,single_epoch_accuracy,60,61,3,74.78999999999999,0.6587108622149782,,/panels/cau1/cells/7/test_curve,epoch measurements from the same runs
cau1,CELL-fae9b87c606f924e,cau1-m6,test,single_epoch_accuracy,61,62,3,74.64333333333333,0.6764860185793433,,/panels/cau1/cells/7/test_curve,epoch measurements from the same runs
cau1,CELL-fae9b87c606f924e,cau1-m6,test,single_epoch_accuracy,62,63,3,74.53666666666666,0.5885858759206909,,/panels/cau1/cells/7/test_curve,epoch measurements from the same runs
cau1,CELL-fae9b87c606f924e,cau1-m6,test,single_epoch_accuracy,63,64,3,74.49333333333333,0.5515735067362575,,/panels/cau1/cells/7/test_curve,epoch measurements from the same runs
cau1,CELL-fae9b87c606f924e,cau1-m6,test,single_epoch_accuracy,64,65,3,74.21333333333334,0.4343193909248481,,/panels/cau1/cells/7/test_curve,epoch measurements from the same runs
cau1,CELL-fae9b87c606f924e,cau1-m6,test,single_epoch_accuracy,65,66,3,74.54666666666667,0.6463229326995398,,/panels/cau1/cells/7/test_curve,epoch measurements from the same runs
cau1,CELL-fae9b87c606f924e,cau1-m6,test,single_epoch_accuracy,66,67,3,74.53666666666666,0.6916887546673901,,/panels/cau1/cells/7/test_curve,epoch measurements from the same runs
cau1,CELL-fae9b87c606f924e,cau1-m6,test,single_epoch_accuracy,67,68,3,74.52333333333333,0.47437678414244694,,/panels/cau1/cells/7/test_curve,epoch measurements from the same runs
cau1,CELL-fae9b87c606f924e,cau1-m6,test,single_epoch_accuracy,68,69,3,74.24666666666666,0.4050102879351751,,/panels/cau1/cells/7/test_curve,epoch measurements from the same runs
cau1,CELL-fae9b87c606f924e,cau1-m6,test,single_epoch_accuracy,69,70,3,74.51333333333334,0.6438426308760054,,/panels/cau1/cells/7/test_curve,epoch measurements from the same runs
cau1,CELL-fae9b87c606f924e,cau1-m6,test,single_epoch_accuracy,70,71,3,74.51666666666667,0.7484873635094509,,/panels/cau1/cells/7/test_curve,epoch measurements from the same runs
cau1,CELL-fae9b87c606f924e,cau1-m6,test,single_epoch_accuracy,71,72,3,74.32333333333334,0.6836909633257792,,/panels/cau1/cells/7/test_curve,epoch measurements from the same runs
cau1,CELL-fae9b87c606f924e,cau1-m6,test,single_epoch_accuracy,72,73,3,74.35333333333334,0.8443537963042046,,/panels/cau1/cells/7/test_curve,epoch measurements from the same runs
cau1,CELL-fae9b87c606f924e,cau1-m6,test,single_epoch_accuracy,73,74,3,74.51,0.8853812738024232,,/panels/cau1/cells/7/test_curve,epoch measurements from the same runs
cau1,CELL-fae9b87c606f924e,cau1-m6,test,single_epoch_accuracy,74,75,3,74.53999999999999,0.8057915363169328,,/panels/cau1/cells/7/test_curve,epoch measurements from the same runs
cau1,CELL-fae9b87c606f924e,cau1-m6,test,single_epoch_accuracy,75,76,3,74.64333333333333,0.906660539194981,,/panels/cau1/cells/7/test_curve,epoch measurements from the same runs
cau1,CELL-fae9b87c606f924e,cau1-m6,test,single_epoch_accuracy,76,77,3,74.39666666666666,0.9845980567385495,,/panels/cau1/cells/7/test_curve,epoch measurements from the same runs
cau1,CELL-fae9b87c606f924e,cau1-m6,test,single_epoch_accuracy,77,78,3,74.63,0.7108445681019102,,/panels/cau1/cells/7/test_curve,epoch measurements from the same runs
cau1,CELL-fae9b87c606f924e,cau1-m6,test,single_epoch_accuracy,78,79,3,74.62333333333333,0.9860189315288674,,/panels/cau1/cells/7/test_curve,epoch measurements from the same runs
cau1,CELL-fae9b87c606f924e,cau1-m6,test,single_epoch_accuracy,79,80,3,74.64999999999999,0.8155366331440925,,/panels/cau1/cells/7/test_curve,epoch measurements from the same runs
cau1,CELL-fae9b87c606f924e,cau1-m6,test,single_epoch_accuracy,80,81,3,74.58666666666667,0.8100205758703503,,/panels/cau1/cells/7/test_curve,epoch measurements from the same runs
cau1,CELL-fae9b87c606f924e,cau1-m6,test,single_epoch_accuracy,81,82,3,74.55333333333333,0.6568358496103401,,/panels/cau1/cells/7/test_curve,epoch measurements from the same runs
cau1,CELL-fae9b87c606f924e,cau1-m6,test,single_epoch_accuracy,82,83,3,74.59666666666666,0.5577036249956855,,/panels/cau1/cells/7/test_curve,epoch measurements from the same runs
cau1,CELL-fae9b87c606f924e,cau1-m6,test,single_epoch_accuracy,83,84,3,74.56666666666668,0.6268439465555463,,/panels/cau1/cells/7/test_curve,epoch measurements from the same runs
cau1,CELL-fae9b87c606f924e,cau1-m6,test,single_epoch_accuracy,84,85,3,74.42,0.6946221994724917,,/panels/cau1/cells/7/test_curve,epoch measurements from the same runs
cau1,CELL-fae9b87c606f924e,cau1-m6,test,single_epoch_accuracy,85,86,3,74.44666666666667,0.7655934517309698,,/panels/cau1/cells/7/test_curve,epoch measurements from the same runs
cau1,CELL-fae9b87c606f924e,cau1-m6,test,single_epoch_accuracy,86,87,3,74.65,0.7135825109964548,,/panels/cau1/cells/7/test_curve,epoch measurements from the same runs
cau1,CELL-fae9b87c606f924e,cau1-m6,test,single_epoch_accuracy,87,88,3,74.60333333333334,0.8732315462311997,,/panels/cau1/cells/7/test_curve,epoch measurements from the same runs
cau1,CELL-fae9b87c606f924e,cau1-m6,test,single_epoch_accuracy,88,89,3,74.57333333333334,0.532666249478348,,/panels/cau1/cells/7/test_curve,epoch measurements from the same runs
cau1,CELL-fae9b87c606f924e,cau1-m6,test,single_epoch_accuracy,89,90,3,74.36333333333333,0.5635896852616514,,/panels/cau1/cells/7/test_curve,epoch measurements from the same runs
cau1,CELL-fae9b87c606f924e,cau1-m6,test,single_epoch_accuracy,90,91,3,74.60666666666667,0.6213962772123228,,/panels/cau1/cells/7/test_curve,epoch measurements from the same runs
cau1,CELL-fae9b87c606f924e,cau1-m6,test,single_epoch_accuracy,91,92,3,74.52,0.7229799443967989,,/panels/cau1/cells/7/test_curve,epoch measurements from the same runs
cau1,CELL-fae9b87c606f924e,cau1-m6,test,single_epoch_accuracy,92,93,3,74.46333333333334,0.6436096125240294,,/panels/cau1/cells/7/test_curve,epoch measurements from the same runs
cau1,CELL-fae9b87c606f924e,cau1-m6,test,single_epoch_accuracy,93,94,3,74.41666666666666,0.38837267325770103,,/panels/cau1/cells/7/test_curve,epoch measurements from the same runs
cau1,CELL-fae9b87c606f924e,cau1-m6,test,single_epoch_accuracy,94,95,3,74.49,0.5930430001273113,,/panels/cau1/cells/7/test_curve,epoch measurements from the same runs
cau1,CELL-fae9b87c606f924e,cau1-m6,test,single_epoch_accuracy,95,96,3,74.33666666666666,0.713886078680158,,/panels/cau1/cells/7/test_curve,epoch measurements from the same runs
cau1,CELL-fae9b87c606f924e,cau1-m6,test,single_epoch_accuracy,96,97,3,74.53666666666666,0.6011932578907865,,/panels/cau1/cells/7/test_curve,epoch measurements from the same runs
cau1,CELL-fae9b87c606f924e,cau1-m6,test,single_epoch_accuracy,97,98,3,74.43,0.848763806956913,,/panels/cau1/cells/7/test_curve,epoch measurements from the same runs
cau1,CELL-fae9b87c606f924e,cau1-m6,test,single_epoch_accuracy,98,99,3,74.6,0.6673080248281151,,/panels/cau1/cells/7/test_curve,epoch measurements from the same runs
cau1,CELL-fae9b87c606f924e,cau1-m6,test,single_epoch_accuracy,99,100,3,74.59333333333333,0.7432585911601265,,/panels/cau1/cells/7/test_curve,epoch measurements from the same runs
cau1,CELL-fae9b87c606f924e,cau1-m6,train,single_epoch_accuracy,0,1,3,46.45,0.6202418882984257,,/panels/cau1/cells/7/train_curve,epoch measurements from the same runs
cau1,CELL-fae9b87c606f924e,cau1-m6,train,single_epoch_accuracy,1,2,3,68.88,0.6766830868286865,,/panels/cau1/cells/7/train_curve,epoch measurements from the same runs
cau1,CELL-fae9b87c606f924e,cau1-m6,train,single_epoch_accuracy,2,3,3,81.03,0.8281907992727262,,/panels/cau1/cells/7/train_curve,epoch measurements from the same runs
cau1,CELL-fae9b87c606f924e,cau1-m6,train,single_epoch_accuracy,3,4,3,90.96000000000001,0.6965629906907156,,/panels/cau1/cells/7/train_curve,epoch measurements from the same runs
cau1,CELL-fae9b87c606f924e,cau1-m6,train,single_epoch_accuracy,4,5,3,97.11,0.47148700936505517,,/panels/cau1/cells/7/train_curve,epoch measurements from the same runs
cau1,CELL-fae9b87c606f924e,cau1-m6,train,single_epoch_accuracy,5,6,3,98.99333333333333,0.1686218649325564,,/panels/cau1/cells/7/train_curve,epoch measurements from the same runs
cau1,CELL-fae9b87c606f924e,cau1-m6,train,single_epoch_accuracy,6,7,3,99.43666666666667,0.09451631252505492,,/panels/cau1/cells/7/train_curve,epoch measurements from the same runs
cau1,CELL-fae9b87c606f924e,cau1-m6,train,single_epoch_accuracy,7,8,3,99.59333333333333,0.1159022576714266,,/panels/cau1/cells/7/train_curve,epoch measurements from the same runs
cau1,CELL-fae9b87c606f924e,cau1-m6,train,single_epoch_accuracy,8,9,3,99.73333333333333,0.02516611478424118,,/panels/cau1/cells/7/train_curve,epoch measurements from the same runs
cau1,CELL-fae9b87c606f924e,cau1-m6,train,single_epoch_accuracy,9,10,3,99.76333333333334,0.04041451884327807,,/panels/cau1/cells/7/train_curve,epoch measurements from the same runs
cau1,CELL-fae9b87c606f924e,cau1-m6,train,single_epoch_accuracy,10,11,3,99.83333333333333,0.08621678104251779,,/panels/cau1/cells/7/train_curve,epoch measurements from the same runs
cau1,CELL-fae9b87c606f924e,cau1-m6,train,single_epoch_accuracy,11,12,3,99.92666666666666,0.030550504633032854,,/panels/cau1/cells/7/train_curve,epoch measurements from the same runs
cau1,CELL-fae9b87c606f924e,cau1-m6,train,single_epoch_accuracy,12,13,3,99.89666666666668,0.03511884584284627,,/panels/cau1/cells/7/train_curve,epoch measurements from the same runs
cau1,CELL-fae9b87c606f924e,cau1-m6,train,single_epoch_accuracy,13,14,3,99.88333333333334,0.045092497528231,,/panels/cau1/cells/7/train_curve,epoch measurements from the same runs
cau1,CELL-fae9b87c606f924e,cau1-m6,train,single_epoch_accuracy,14,15,3,99.89666666666666,0.041633319989328024,,/panels/cau1/cells/7/train_curve,epoch measurements from the same runs
cau1,CELL-fae9b87c606f924e,cau1-m6,train,single_epoch_accuracy,15,16,3,99.92999999999999,0.036055512754636664,,/panels/cau1/cells/7/train_curve,epoch measurements from the same runs
cau1,CELL-fae9b87c606f924e,cau1-m6,train,single_epoch_accuracy,16,17,3,99.91666666666667,0.011547005383798423,,/panels/cau1/cells/7/train_curve,epoch measurements from the same runs
cau1,CELL-fae9b87c606f924e,cau1-m6,train,single_epoch_accuracy,17,18,3,99.93333333333334,0.028867513459479646,,/panels/cau1/cells/7/train_curve,epoch measurements from the same runs
cau1,CELL-fae9b87c606f924e,cau1-m6,train,single_epoch_accuracy,18,19,3,99.93,0.026457513110643326,,/panels/cau1/cells/7/train_curve,epoch measurements from the same runs
cau1,CELL-fae9b87c606f924e,cau1-m6,train,single_epoch_accuracy,19,20,3,99.96,0.020000000000003126,,/panels/cau1/cells/7/train_curve,epoch measurements from the same runs
cau1,CELL-fae9b87c606f924e,cau1-m6,train,single_epoch_accuracy,20,21,3,99.92666666666666,0.01527525231652108,,/panels/cau1/cells/7/train_curve,epoch measurements from the same runs
cau1,CELL-fae9b87c606f924e,cau1-m6,train,single_epoch_accuracy,21,22,3,99.94,0.01732050807568943,,/panels/cau1/cells/7/train_curve,epoch measurements from the same runs
cau1,CELL-fae9b87c606f924e,cau1-m6,train,single_epoch_accuracy,22,23,3,99.97333333333333,0.005773502691899211,,/panels/cau1/cells/7/train_curve,epoch measurements from the same runs
cau1,CELL-fae9b87c606f924e,cau1-m6,train,single_epoch_accuracy,23,24,3,99.97333333333333,0.005773502691899211,,/panels/cau1/cells/7/train_curve,epoch measurements from the same runs
cau1,CELL-fae9b87c606f924e,cau1-m6,train,single_epoch_accuracy,24,25,3,99.96666666666667,0.02309401076758864,,/panels/cau1/cells/7/train_curve,epoch measurements from the same runs
cau1,CELL-fae9b87c606f924e,cau1-m6,train,single_epoch_accuracy,25,26,3,99.97,0.010000000000005116,,/panels/cau1/cells/7/train_curve,epoch measurements from the same runs
cau1,CELL-fae9b87c606f924e,cau1-m6,train,single_epoch_accuracy,26,27,3,99.95666666666666,0.005773502691891007,,/panels/cau1/cells/7/train_curve,epoch measurements from the same runs
cau1,CELL-fae9b87c606f924e,cau1-m6,train,single_epoch_accuracy,27,28,3,99.97333333333333,0.005773502691899211,,/panels/cau1/cells/7/train_curve,epoch measurements from the same runs
cau1,CELL-fae9b87c606f924e,cau1-m6,train,single_epoch_accuracy,28,29,3,99.97666666666667,0.005773502691899211,,/panels/cau1/cells/7/train_curve,epoch measurements from the same runs
cau1,CELL-fae9b87c606f924e,cau1-m6,train,single_epoch_accuracy,29,30,3,99.98,0.00999999999999801,,/panels/cau1/cells/7/train_curve,epoch measurements from the same runs
cau1,CELL-fae9b87c606f924e,cau1-m6,train,single_epoch_accuracy,30,31,3,99.99,0.0,,/panels/cau1/cells/7/train_curve,epoch measurements from the same runs
cau1,CELL-fae9b87c606f924e,cau1-m6,train,single_epoch_accuracy,31,32,3,99.98,0.00999999999999801,,/panels/cau1/cells/7/train_curve,epoch measurements from the same runs
cau1,CELL-fae9b87c606f924e,cau1-m6,train,single_epoch_accuracy,32,33,3,99.98666666666666,0.011547005383790217,,/panels/cau1/cells/7/train_curve,epoch measurements from the same runs
cau1,CELL-fae9b87c606f924e,cau1-m6,train,single_epoch_accuracy,33,34,3,99.98666666666666,0.005773502691891007,,/panels/cau1/cells/7/train_curve,epoch measurements from the same runs
cau1,CELL-fae9b87c606f924e,cau1-m6,train,single_epoch_accuracy,34,35,3,99.97333333333333,0.011547005383798423,,/panels/cau1/cells/7/train_curve,epoch measurements from the same runs
cau1,CELL-fae9b87c606f924e,cau1-m6,train,single_epoch_accuracy,35,36,3,99.98,0.00999999999999801,,/panels/cau1/cells/7/train_curve,epoch measurements from the same runs
cau1,CELL-fae9b87c606f924e,cau1-m6,train,single_epoch_accuracy,36,37,3,99.98333333333333,0.005773502691891007,,/panels/cau1/cells/7/train_curve,epoch measurements from the same runs
cau1,CELL-fae9b87c606f924e,cau1-m6,train,single_epoch_accuracy,37,38,3,99.97333333333333,0.011547005383798423,,/panels/cau1/cells/7/train_curve,epoch measurements from the same runs
cau1,CELL-fae9b87c606f924e,cau1-m6,train,single_epoch_accuracy,38,39,3,99.98333333333333,0.005773502691891007,,/panels/cau1/cells/7/train_curve,epoch measurements from the same runs
cau1,CELL-fae9b87c606f924e,cau1-m6,train,single_epoch_accuracy,39,40,3,99.99333333333333,0.005773502691899211,,/panels/cau1/cells/7/train_curve,epoch measurements from the same runs
cau1,CELL-fae9b87c606f924e,cau1-m6,train,single_epoch_accuracy,40,41,3,99.99,0.0,,/panels/cau1/cells/7/train_curve,epoch measurements from the same runs
cau1,CELL-fae9b87c606f924e,cau1-m6,train,single_epoch_accuracy,41,42,3,99.98333333333333,0.020816659994664012,,/panels/cau1/cells/7/train_curve,epoch measurements from the same runs
cau1,CELL-fae9b87c606f924e,cau1-m6,train,single_epoch_accuracy,42,43,3,99.97,0.01999999999999602,,/panels/cau1/cells/7/train_curve,epoch measurements from the same runs
cau1,CELL-fae9b87c606f924e,cau1-m6,train,single_epoch_accuracy,43,44,3,99.98666666666666,0.011547005383790217,,/panels/cau1/cells/7/train_curve,epoch measurements from the same runs
cau1,CELL-fae9b87c606f924e,cau1-m6,train,single_epoch_accuracy,44,45,3,99.98333333333333,0.005773502691891007,,/panels/cau1/cells/7/train_curve,epoch measurements from the same runs
cau1,CELL-fae9b87c606f924e,cau1-m6,train,single_epoch_accuracy,45,46,3,99.99,0.00999999999999801,,/panels/cau1/cells/7/train_curve,epoch measurements from the same runs
cau1,CELL-fae9b87c606f924e,cau1-m6,train,single_epoch_accuracy,46,47,3,99.99666666666667,0.005773502691899211,,/panels/cau1/cells/7/train_curve,epoch measurements from the same runs
cau1,CELL-fae9b87c606f924e,cau1-m6,train,single_epoch_accuracy,47,48,3,99.98666666666666,0.005773502691891007,,/panels/cau1/cells/7/train_curve,epoch measurements from the same runs
cau1,CELL-fae9b87c606f924e,cau1-m6,train,single_epoch_accuracy,48,49,3,99.98666666666666,0.005773502691891007,,/panels/cau1/cells/7/train_curve,epoch measurements from the same runs
cau1,CELL-fae9b87c606f924e,cau1-m6,train,single_epoch_accuracy,49,50,3,99.98666666666666,0.005773502691891007,,/panels/cau1/cells/7/train_curve,epoch measurements from the same runs
cau1,CELL-fae9b87c606f924e,cau1-m6,train,single_epoch_accuracy,50,51,3,99.98666666666666,0.005773502691891007,,/panels/cau1/cells/7/train_curve,epoch measurements from the same runs
cau1,CELL-fae9b87c606f924e,cau1-m6,train,single_epoch_accuracy,51,52,3,99.99333333333334,0.011547005383790217,,/panels/cau1/cells/7/train_curve,epoch measurements from the same runs
cau1,CELL-fae9b87c606f924e,cau1-m6,train,single_epoch_accuracy,52,53,3,99.99666666666667,0.005773502691899211,,/panels/cau1/cells/7/train_curve,epoch measurements from the same runs
cau1,CELL-fae9b87c606f924e,cau1-m6,train,single_epoch_accuracy,53,54,3,99.98666666666666,0.005773502691891007,,/panels/cau1/cells/7/train_curve,epoch measurements from the same runs
cau1,CELL-fae9b87c606f924e,cau1-m6,train,single_epoch_accuracy,54,55,3,99.99666666666667,0.005773502691899211,,/panels/cau1/cells/7/train_curve,epoch measurements from the same runs
cau1,CELL-fae9b87c606f924e,cau1-m6,train,single_epoch_accuracy,55,56,3,99.99333333333333,0.005773502691899211,,/panels/cau1/cells/7/train_curve,epoch measurements from the same runs
cau1,CELL-fae9b87c606f924e,cau1-m6,train,single_epoch_accuracy,56,57,3,99.99,0.00999999999999801,,/panels/cau1/cells/7/train_curve,epoch measurements from the same runs
cau1,CELL-fae9b87c606f924e,cau1-m6,train,single_epoch_accuracy,57,58,3,99.99333333333334,0.011547005383790217,,/panels/cau1/cells/7/train_curve,epoch measurements from the same runs
cau1,CELL-fae9b87c606f924e,cau1-m6,train,single_epoch_accuracy,58,59,3,100.0,0.0,,/panels/cau1/cells/7/train_curve,epoch measurements from the same runs
cau1,CELL-fae9b87c606f924e,cau1-m6,train,single_epoch_accuracy,59,60,3,99.98666666666666,0.005773502691891007,,/panels/cau1/cells/7/train_curve,epoch measurements from the same runs
cau1,CELL-fae9b87c606f924e,cau1-m6,train,single_epoch_accuracy,60,61,3,99.99333333333333,0.005773502691899211,,/panels/cau1/cells/7/train_curve,epoch measurements from the same runs
cau1,CELL-fae9b87c606f924e,cau1-m6,train,single_epoch_accuracy,61,62,3,99.99,0.0,,/panels/cau1/cells/7/train_curve,epoch measurements from the same runs
cau1,CELL-fae9b87c606f924e,cau1-m6,train,single_epoch_accuracy,62,63,3,99.99,0.00999999999999801,,/panels/cau1/cells/7/train_curve,epoch measurements from the same runs
cau1,CELL-fae9b87c606f924e,cau1-m6,train,single_epoch_accuracy,63,64,3,99.99666666666667,0.005773502691899211,,/panels/cau1/cells/7/train_curve,epoch measurements from the same runs
cau1,CELL-fae9b87c606f924e,cau1-m6,train,single_epoch_accuracy,64,65,3,99.98666666666666,0.011547005383790217,,/panels/cau1/cells/7/train_curve,epoch measurements from the same runs
cau1,CELL-fae9b87c606f924e,cau1-m6,train,single_epoch_accuracy,65,66,3,99.99666666666667,0.005773502691899211,,/panels/cau1/cells/7/train_curve,epoch measurements from the same runs
cau1,CELL-fae9b87c606f924e,cau1-m6,train,single_epoch_accuracy,66,67,3,99.99666666666667,0.005773502691899211,,/panels/cau1/cells/7/train_curve,epoch measurements from the same runs
cau1,CELL-fae9b87c606f924e,cau1-m6,train,single_epoch_accuracy,67,68,3,99.99666666666667,0.005773502691899211,,/panels/cau1/cells/7/train_curve,epoch measurements from the same runs
cau1,CELL-fae9b87c606f924e,cau1-m6,train,single_epoch_accuracy,68,69,3,99.99333333333333,0.005773502691899211,,/panels/cau1/cells/7/train_curve,epoch measurements from the same runs
cau1,CELL-fae9b87c606f924e,cau1-m6,train,single_epoch_accuracy,69,70,3,99.99333333333333,0.005773502691899211,,/panels/cau1/cells/7/train_curve,epoch measurements from the same runs
cau1,CELL-fae9b87c606f924e,cau1-m6,train,single_epoch_accuracy,70,71,3,99.99666666666667,0.005773502691899211,,/panels/cau1/cells/7/train_curve,epoch measurements from the same runs
cau1,CELL-fae9b87c606f924e,cau1-m6,train,single_epoch_accuracy,71,72,3,99.99333333333334,0.011547005383790217,,/panels/cau1/cells/7/train_curve,epoch measurements from the same runs
cau1,CELL-fae9b87c606f924e,cau1-m6,train,single_epoch_accuracy,72,73,3,99.99666666666667,0.005773502691899211,,/panels/cau1/cells/7/train_curve,epoch measurements from the same runs
cau1,CELL-fae9b87c606f924e,cau1-m6,train,single_epoch_accuracy,73,74,3,99.99333333333333,0.005773502691899211,,/panels/cau1/cells/7/train_curve,epoch measurements from the same runs
cau1,CELL-fae9b87c606f924e,cau1-m6,train,single_epoch_accuracy,74,75,3,99.98666666666666,0.005773502691891007,,/panels/cau1/cells/7/train_curve,epoch measurements from the same runs
cau1,CELL-fae9b87c606f924e,cau1-m6,train,single_epoch_accuracy,75,76,3,99.99333333333333,0.005773502691899211,,/panels/cau1/cells/7/train_curve,epoch measurements from the same runs
cau1,CELL-fae9b87c606f924e,cau1-m6,train,single_epoch_accuracy,76,77,3,99.99333333333333,0.005773502691899211,,/panels/cau1/cells/7/train_curve,epoch measurements from the same runs
cau1,CELL-fae9b87c606f924e,cau1-m6,train,single_epoch_accuracy,77,78,3,99.99666666666667,0.005773502691899211,,/panels/cau1/cells/7/train_curve,epoch measurements from the same runs
cau1,CELL-fae9b87c606f924e,cau1-m6,train,single_epoch_accuracy,78,79,3,99.99333333333333,0.005773502691899211,,/panels/cau1/cells/7/train_curve,epoch measurements from the same runs
cau1,CELL-fae9b87c606f924e,cau1-m6,train,single_epoch_accuracy,79,80,3,99.99666666666667,0.005773502691899211,,/panels/cau1/cells/7/train_curve,epoch measurements from the same runs
cau1,CELL-fae9b87c606f924e,cau1-m6,train,single_epoch_accuracy,80,81,3,100.0,0.0,,/panels/cau1/cells/7/train_curve,epoch measurements from the same runs
cau1,CELL-fae9b87c606f924e,cau1-m6,train,single_epoch_accuracy,81,82,3,99.98666666666666,0.005773502691891007,,/panels/cau1/cells/7/train_curve,epoch measurements from the same runs
cau1,CELL-fae9b87c606f924e,cau1-m6,train,single_epoch_accuracy,82,83,3,100.0,0.0,,/panels/cau1/cells/7/train_curve,epoch measurements from the same runs
cau1,CELL-fae9b87c606f924e,cau1-m6,train,single_epoch_accuracy,83,84,3,99.99333333333334,0.011547005383790217,,/panels/cau1/cells/7/train_curve,epoch measurements from the same runs
cau1,CELL-fae9b87c606f924e,cau1-m6,train,single_epoch_accuracy,84,85,3,100.0,0.0,,/panels/cau1/cells/7/train_curve,epoch measurements from the same runs
cau1,CELL-fae9b87c606f924e,cau1-m6,train,single_epoch_accuracy,85,86,3,100.0,0.0,,/panels/cau1/cells/7/train_curve,epoch measurements from the same runs
cau1,CELL-fae9b87c606f924e,cau1-m6,train,single_epoch_accuracy,86,87,3,99.99666666666667,0.005773502691899211,,/panels/cau1/cells/7/train_curve,epoch measurements from the same runs
cau1,CELL-fae9b87c606f924e,cau1-m6,train,single_epoch_accuracy,87,88,3,99.99,0.00999999999999801,,/panels/cau1/cells/7/train_curve,epoch measurements from the same runs
cau1,CELL-fae9b87c606f924e,cau1-m6,train,single_epoch_accuracy,88,89,3,99.99666666666667,0.005773502691899211,,/panels/cau1/cells/7/train_curve,epoch measurements from the same runs
cau1,CELL-fae9b87c606f924e,cau1-m6,train,single_epoch_accuracy,89,90,3,99.99,0.0,,/panels/cau1/cells/7/train_curve,epoch measurements from the same runs
cau1,CELL-fae9b87c606f924e,cau1-m6,train,single_epoch_accuracy,90,91,3,100.0,0.0,,/panels/cau1/cells/7/train_curve,epoch measurements from the same runs
cau1,CELL-fae9b87c606f924e,cau1-m6,train,single_epoch_accuracy,91,92,3,99.99666666666667,0.005773502691899211,,/panels/cau1/cells/7/train_curve,epoch measurements from the same runs
cau1,CELL-fae9b87c606f924e,cau1-m6,train,single_epoch_accuracy,92,93,3,99.99666666666667,0.005773502691899211,,/panels/cau1/cells/7/train_curve,epoch measurements from the same runs
cau1,CELL-fae9b87c606f924e,cau1-m6,train,single_epoch_accuracy,93,94,3,99.99333333333333,0.005773502691899211,,/panels/cau1/cells/7/train_curve,epoch measurements from the same runs
cau1,CELL-fae9b87c606f924e,cau1-m6,train,single_epoch_accuracy,94,95,3,99.99666666666667,0.005773502691899211,,/panels/cau1/cells/7/train_curve,epoch measurements from the same runs
cau1,CELL-fae9b87c606f924e,cau1-m6,train,single_epoch_accuracy,95,96,3,99.99333333333333,0.005773502691899211,,/panels/cau1/cells/7/train_curve,epoch measurements from the same runs
cau1,CELL-fae9b87c606f924e,cau1-m6,train,single_epoch_accuracy,96,97,3,99.99666666666667,0.005773502691899211,,/panels/cau1/cells/7/train_curve,epoch measurements from the same runs
cau1,CELL-fae9b87c606f924e,cau1-m6,train,single_epoch_accuracy,97,98,3,100.0,0.0,,/panels/cau1/cells/7/train_curve,epoch measurements from the same runs
cau1,CELL-fae9b87c606f924e,cau1-m6,train,single_epoch_accuracy,98,99,3,99.99,0.00999999999999801,,/panels/cau1/cells/7/train_curve,epoch measurements from the same runs
cau1,CELL-fae9b87c606f924e,cau1-m6,train,single_epoch_accuracy,99,100,3,99.99333333333333,0.005773502691899211,,/panels/cau1/cells/7/train_curve,epoch measurements from the same runs
cau1,CELL-70b669851255fdcc,cau1-m6t,test,single_epoch_accuracy,0,1,3,57.943333333333335,6.393788652538754,,/panels/cau1/cells/8/test_curve,epoch measurements from the same runs
cau1,CELL-70b669851255fdcc,cau1-m6t,test,single_epoch_accuracy,1,2,3,72.35333333333332,1.7758753710025208,,/panels/cau1/cells/8/test_curve,epoch measurements from the same runs
cau1,CELL-70b669851255fdcc,cau1-m6t,test,single_epoch_accuracy,2,3,3,78.49000000000001,1.6400914608643025,,/panels/cau1/cells/8/test_curve,epoch measurements from the same runs
cau1,CELL-70b669851255fdcc,cau1-m6t,test,single_epoch_accuracy,3,4,3,81.1,0.24269322199023197,,/panels/cau1/cells/8/test_curve,epoch measurements from the same runs
cau1,CELL-70b669851255fdcc,cau1-m6t,test,single_epoch_accuracy,4,5,3,81.29,1.458115221784612,,/panels/cau1/cells/8/test_curve,epoch measurements from the same runs
cau1,CELL-70b669851255fdcc,cau1-m6t,test,single_epoch_accuracy,5,6,3,81.87,1.0250365847129612,,/panels/cau1/cells/8/test_curve,epoch measurements from the same runs
cau1,CELL-70b669851255fdcc,cau1-m6t,test,single_epoch_accuracy,6,7,3,82.22999999999999,1.2134249049694015,,/panels/cau1/cells/8/test_curve,epoch measurements from the same runs
cau1,CELL-70b669851255fdcc,cau1-m6t,test,single_epoch_accuracy,7,8,3,82.72333333333334,0.49541228621556455,,/panels/cau1/cells/8/test_curve,epoch measurements from the same runs
cau1,CELL-70b669851255fdcc,cau1-m6t,test,single_epoch_accuracy,8,9,3,82.62,0.9204890004774618,,/panels/cau1/cells/8/test_curve,epoch measurements from the same runs
cau1,CELL-70b669851255fdcc,cau1-m6t,test,single_epoch_accuracy,9,10,3,82.75333333333333,0.9952051714763851,,/panels/cau1/cells/8/test_curve,epoch measurements from the same runs
cau1,CELL-70b669851255fdcc,cau1-m6t,test,single_epoch_accuracy,10,11,3,83.58,0.10440306508910514,,/panels/cau1/cells/8/test_curve,epoch measurements from the same runs
cau1,CELL-70b669851255fdcc,cau1-m6t,test,single_epoch_accuracy,11,12,3,82.75,0.2858321185591274,,/panels/cau1/cells/8/test_curve,epoch measurements from the same runs
cau1,CELL-70b669851255fdcc,cau1-m6t,test,single_epoch_accuracy,12,13,3,83.68333333333334,0.7307758434248695,,/panels/cau1/cells/8/test_curve,epoch measurements from the same runs
cau1,CELL-70b669851255fdcc,cau1-m6t,test,single_epoch_accuracy,13,14,3,83.32666666666667,0.45357836515130906,,/panels/cau1/cells/8/test_curve,epoch measurements from the same runs
cau1,CELL-70b669851255fdcc,cau1-m6t,test,single_epoch_accuracy,14,15,3,84.02333333333334,0.7239705334703391,,/panels/cau1/cells/8/test_curve,epoch measurements from the same runs
cau1,CELL-70b669851255fdcc,cau1-m6t,test,single_epoch_accuracy,15,16,3,84.61333333333333,0.741911944460614,,/panels/cau1/cells/8/test_curve,epoch measurements from the same runs
cau1,CELL-70b669851255fdcc,cau1-m6t,test,single_epoch_accuracy,16,17,3,84.42666666666666,0.9753119159188719,,/panels/cau1/cells/8/test_curve,epoch measurements from the same runs
cau1,CELL-70b669851255fdcc,cau1-m6t,test,single_epoch_accuracy,17,18,3,84.44333333333333,0.16563010998406366,,/panels/cau1/cells/8/test_curve,epoch measurements from the same runs
cau1,CELL-70b669851255fdcc,cau1-m6t,test,single_epoch_accuracy,18,19,3,85.12333333333333,0.6354001363970065,,/panels/cau1/cells/8/test_curve,epoch measurements from the same runs
cau1,CELL-70b669851255fdcc,cau1-m6t,test,single_epoch_accuracy,19,20,3,85.12,0.38000000000000256,,/panels/cau1/cells/8/test_curve,epoch measurements from the same runs
cau1,CELL-70b669851255fdcc,cau1-m6t,test,single_epoch_accuracy,20,21,3,84.63666666666667,0.6459360133429158,,/panels/cau1/cells/8/test_curve,epoch measurements from the same runs
cau1,CELL-70b669851255fdcc,cau1-m6t,test,single_epoch_accuracy,21,22,3,85.02333333333334,0.3789898855290655,,/panels/cau1/cells/8/test_curve,epoch measurements from the same runs
cau1,CELL-70b669851255fdcc,cau1-m6t,test,single_epoch_accuracy,22,23,3,84.98,0.3686461718233411,,/panels/cau1/cells/8/test_curve,epoch measurements from the same runs
cau1,CELL-70b669851255fdcc,cau1-m6t,test,single_epoch_accuracy,23,24,3,85.15,0.345976877840129,,/panels/cau1/cells/8/test_curve,epoch measurements from the same runs
cau1,CELL-70b669851255fdcc,cau1-m6t,test,single_epoch_accuracy,24,25,3,84.93666666666667,0.5205125678918131,,/panels/cau1/cells/8/test_curve,epoch measurements from the same runs
cau1,CELL-70b669851255fdcc,cau1-m6t,test,single_epoch_accuracy,25,26,3,85.31333333333333,0.5695904961753934,,/panels/cau1/cells/8/test_curve,epoch measurements from the same runs
cau1,CELL-70b669851255fdcc,cau1-m6t,test,single_epoch_accuracy,26,27,3,85.24666666666667,0.6899516891299953,,/panels/cau1/cells/8/test_curve,epoch measurements from the same runs
cau1,CELL-70b669851255fdcc,cau1-m6t,test,single_epoch_accuracy,27,28,3,85.71333333333334,0.2596792893808258,,/panels/cau1/cells/8/test_curve,epoch measurements from the same runs
cau1,CELL-70b669851255fdcc,cau1-m6t,test,single_epoch_accuracy,28,29,3,84.96000000000001,0.2799999999999981,,/panels/cau1/cells/8/test_curve,epoch measurements from the same runs
cau1,CELL-70b669851255fdcc,cau1-m6t,test,single_epoch_accuracy,29,30,3,85.18,0.6559725604017288,,/panels/cau1/cells/8/test_curve,epoch measurements from the same runs
cau1,CELL-70b669851255fdcc,cau1-m6t,test,single_epoch_accuracy,30,31,3,85.72,0.5211525688318114,,/panels/cau1/cells/8/test_curve,epoch measurements from the same runs
cau1,CELL-70b669851255fdcc,cau1-m6t,test,single_epoch_accuracy,31,32,3,85.71666666666667,0.4758501164582503,,/panels/cau1/cells/8/test_curve,epoch measurements from the same runs
cau1,CELL-70b669851255fdcc,cau1-m6t,test,single_epoch_accuracy,32,33,3,85.3,0.15716233645501929,,/panels/cau1/cells/8/test_curve,epoch measurements from the same runs
cau1,CELL-70b669851255fdcc,cau1-m6t,test,single_epoch_accuracy,33,34,3,85.46000000000001,0.581979381078056,,/panels/cau1/cells/8/test_curve,epoch measurements from the same runs
cau1,CELL-70b669851255fdcc,cau1-m6t,test,single_epoch_accuracy,34,35,3,85.72,0.7474623736349564,,/panels/cau1/cells/8/test_curve,epoch measurements from the same runs
cau1,CELL-70b669851255fdcc,cau1-m6t,test,single_epoch_accuracy,35,36,3,85.64666666666666,0.5961822987420307,,/panels/cau1/cells/8/test_curve,epoch measurements from the same runs
cau1,CELL-70b669851255fdcc,cau1-m6t,test,single_epoch_accuracy,36,37,3,85.46,0.9387225362161093,,/panels/cau1/cells/8/test_curve,epoch measurements from the same runs
cau1,CELL-70b669851255fdcc,cau1-m6t,test,single_epoch_accuracy,37,38,3,85.8,0.7312318373812795,,/panels/cau1/cells/8/test_curve,epoch measurements from the same runs
cau1,CELL-70b669851255fdcc,cau1-m6t,test,single_epoch_accuracy,38,39,3,85.55333333333333,0.9511221442766111,,/panels/cau1/cells/8/test_curve,epoch measurements from the same runs
cau1,CELL-70b669851255fdcc,cau1-m6t,test,single_epoch_accuracy,39,40,3,84.95,0.6620422947214208,,/panels/cau1/cells/8/test_curve,epoch measurements from the same runs
cau1,CELL-70b669851255fdcc,cau1-m6t,test,single_epoch_accuracy,40,41,3,85.49333333333334,0.7193283904680342,,/panels/cau1/cells/8/test_curve,epoch measurements from the same runs
cau1,CELL-70b669851255fdcc,cau1-m6t,test,single_epoch_accuracy,41,42,3,85.54333333333334,0.48809152147249263,,/panels/cau1/cells/8/test_curve,epoch measurements from the same runs
cau1,CELL-70b669851255fdcc,cau1-m6t,test,single_epoch_accuracy,42,43,3,85.42999999999999,0.2615339366124422,,/panels/cau1/cells/8/test_curve,epoch measurements from the same runs
cau1,CELL-70b669851255fdcc,cau1-m6t,test,single_epoch_accuracy,43,44,3,85.77666666666667,0.26764404221527466,,/panels/cau1/cells/8/test_curve,epoch measurements from the same runs
cau1,CELL-70b669851255fdcc,cau1-m6t,test,single_epoch_accuracy,44,45,3,85.79,0.36386810797320257,,/panels/cau1/cells/8/test_curve,epoch measurements from the same runs
cau1,CELL-70b669851255fdcc,cau1-m6t,test,single_epoch_accuracy,45,46,3,85.89666666666666,0.5122824741618023,,/panels/cau1/cells/8/test_curve,epoch measurements from the same runs
cau1,CELL-70b669851255fdcc,cau1-m6t,test,single_epoch_accuracy,46,47,3,85.81333333333333,0.382143079661703,,/panels/cau1/cells/8/test_curve,epoch measurements from the same runs
cau1,CELL-70b669851255fdcc,cau1-m6t,test,single_epoch_accuracy,47,48,3,85.85333333333332,0.5577036249956916,,/panels/cau1/cells/8/test_curve,epoch measurements from the same runs
cau1,CELL-70b669851255fdcc,cau1-m6t,test,single_epoch_accuracy,48,49,3,85.43333333333334,0.5105226080530914,,/panels/cau1/cells/8/test_curve,epoch measurements from the same runs
cau1,CELL-70b669851255fdcc,cau1-m6t,test,single_epoch_accuracy,49,50,3,85.54333333333334,0.3787259343289409,,/panels/cau1/cells/8/test_curve,epoch measurements from the same runs
cau1,CELL-70b669851255fdcc,cau1-m6t,test,single_epoch_accuracy,50,51,3,85.55,0.4454211490264063,,/panels/cau1/cells/8/test_curve,epoch measurements from the same runs
cau1,CELL-70b669851255fdcc,cau1-m6t,test,single_epoch_accuracy,51,52,3,85.60666666666667,0.5614564393907484,,/panels/cau1/cells/8/test_curve,epoch measurements from the same runs
cau1,CELL-70b669851255fdcc,cau1-m6t,test,single_epoch_accuracy,52,53,3,85.55,0.6035726965329054,,/panels/cau1/cells/8/test_curve,epoch measurements from the same runs
cau1,CELL-70b669851255fdcc,cau1-m6t,test,single_epoch_accuracy,53,54,3,85.84333333333333,0.42099089459670447,,/panels/cau1/cells/8/test_curve,epoch measurements from the same runs
cau1,CELL-70b669851255fdcc,cau1-m6t,test,single_epoch_accuracy,54,55,3,85.83333333333333,0.4772141378179559,,/panels/cau1/cells/8/test_curve,epoch measurements from the same runs
cau1,CELL-70b669851255fdcc,cau1-m6t,test,single_epoch_accuracy,55,56,3,85.95,0.5766281297335446,,/panels/cau1/cells/8/test_curve,epoch measurements from the same runs
cau1,CELL-70b669851255fdcc,cau1-m6t,test,single_epoch_accuracy,56,57,3,85.87333333333333,0.6625959050079697,,/panels/cau1/cells/8/test_curve,epoch measurements from the same runs
cau1,CELL-70b669851255fdcc,cau1-m6t,test,single_epoch_accuracy,57,58,3,85.89,0.37242448899072406,,/panels/cau1/cells/8/test_curve,epoch measurements from the same runs
cau1,CELL-70b669851255fdcc,cau1-m6t,test,single_epoch_accuracy,58,59,3,85.73666666666666,0.5424327915358099,,/panels/cau1/cells/8/test_curve,epoch measurements from the same runs
cau1,CELL-70b669851255fdcc,cau1-m6t,test,single_epoch_accuracy,59,60,3,85.7,0.44844174649557167,,/panels/cau1/cells/8/test_curve,epoch measurements from the same runs
cau1,CELL-70b669851255fdcc,cau1-m6t,test,single_epoch_accuracy,60,61,3,85.63666666666667,0.3484728588187859,,/panels/cau1/cells/8/test_curve,epoch measurements from the same runs
cau1,CELL-70b669851255fdcc,cau1-m6t,test,single_epoch_accuracy,61,62,3,85.64666666666666,0.36226141573915,,/panels/cau1/cells/8/test_curve,epoch measurements from the same runs
cau1,CELL-70b669851255fdcc,cau1-m6t,test,single_epoch_accuracy,62,63,3,85.78333333333333,0.42122836245121487,,/panels/cau1/cells/8/test_curve,epoch measurements from the same runs
cau1,CELL-70b669851255fdcc,cau1-m6t,test,single_epoch_accuracy,63,64,3,85.8,0.32449961479175754,,/panels/cau1/cells/8/test_curve,epoch measurements from the same runs
cau1,CELL-70b669851255fdcc,cau1-m6t,test,single_epoch_accuracy,64,65,3,85.78333333333333,0.45003703551300744,,/panels/cau1/cells/8/test_curve,epoch measurements from the same runs
cau1,CELL-70b669851255fdcc,cau1-m6t,test,single_epoch_accuracy,65,66,3,85.93666666666667,0.4463556130859506,,/panels/cau1/cells/8/test_curve,epoch measurements from the same runs
cau1,CELL-70b669851255fdcc,cau1-m6t,test,single_epoch_accuracy,66,67,3,85.7,0.3579106033634633,,/panels/cau1/cells/8/test_curve,epoch measurements from the same runs
cau1,CELL-70b669851255fdcc,cau1-m6t,test,single_epoch_accuracy,67,68,3,85.79333333333334,0.4006661120351179,,/panels/cau1/cells/8/test_curve,epoch measurements from the same runs
cau1,CELL-70b669851255fdcc,cau1-m6t,test,single_epoch_accuracy,68,69,3,85.91333333333333,0.24110855093367026,,/panels/cau1/cells/8/test_curve,epoch measurements from the same runs
cau1,CELL-70b669851255fdcc,cau1-m6t,test,single_epoch_accuracy,69,70,3,85.72,0.7871467461661819,,/panels/cau1/cells/8/test_curve,epoch measurements from the same runs
cau1,CELL-70b669851255fdcc,cau1-m6t,test,single_epoch_accuracy,70,71,3,85.82333333333334,0.6222807512155069,,/panels/cau1/cells/8/test_curve,epoch measurements from the same runs
cau1,CELL-70b669851255fdcc,cau1-m6t,test,single_epoch_accuracy,71,72,3,85.78,0.355527776692628,,/panels/cau1/cells/8/test_curve,epoch measurements from the same runs
cau1,CELL-70b669851255fdcc,cau1-m6t,test,single_epoch_accuracy,72,73,3,85.83,0.45508241011930844,,/panels/cau1/cells/8/test_curve,epoch measurements from the same runs
cau1,CELL-70b669851255fdcc,cau1-m6t,test,single_epoch_accuracy,73,74,3,85.93333333333332,0.5404936015655805,,/panels/cau1/cells/8/test_curve,epoch measurements from the same runs
cau1,CELL-70b669851255fdcc,cau1-m6t,test,single_epoch_accuracy,74,75,3,85.86666666666666,0.7031595361888566,,/panels/cau1/cells/8/test_curve,epoch measurements from the same runs
cau1,CELL-70b669851255fdcc,cau1-m6t,test,single_epoch_accuracy,75,76,3,85.81,0.6035726965328972,,/panels/cau1/cells/8/test_curve,epoch measurements from the same runs
cau1,CELL-70b669851255fdcc,cau1-m6t,test,single_epoch_accuracy,76,77,3,85.82666666666667,0.37607623340664664,,/panels/cau1/cells/8/test_curve,epoch measurements from the same runs
cau1,CELL-70b669851255fdcc,cau1-m6t,test,single_epoch_accuracy,77,78,3,86.01,0.3704051835490473,,/panels/cau1/cells/8/test_curve,epoch measurements from the same runs
cau1,CELL-70b669851255fdcc,cau1-m6t,test,single_epoch_accuracy,78,79,3,86.04333333333334,0.35795716689756185,,/panels/cau1/cells/8/test_curve,epoch measurements from the same runs
cau1,CELL-70b669851255fdcc,cau1-m6t,test,single_epoch_accuracy,79,80,3,86.06,0.3915354390090378,,/panels/cau1/cells/8/test_curve,epoch measurements from the same runs
cau1,CELL-70b669851255fdcc,cau1-m6t,test,single_epoch_accuracy,80,81,3,85.92666666666668,0.3442867022313415,,/panels/cau1/cells/8/test_curve,epoch measurements from the same runs
cau1,CELL-70b669851255fdcc,cau1-m6t,test,single_epoch_accuracy,81,82,3,86.01333333333334,0.3286842456421246,,/panels/cau1/cells/8/test_curve,epoch measurements from the same runs
cau1,CELL-70b669851255fdcc,cau1-m6t,test,single_epoch_accuracy,82,83,3,86.01,0.5632051136131472,,/panels/cau1/cells/8/test_curve,epoch measurements from the same runs
cau1,CELL-70b669851255fdcc,cau1-m6t,test,single_epoch_accuracy,83,84,3,85.94333333333333,0.3987898360456748,,/panels/cau1/cells/8/test_curve,epoch measurements from the same runs
cau1,CELL-70b669851255fdcc,cau1-m6t,test,single_epoch_accuracy,84,85,3,86.02,0.48445846055157427,,/panels/cau1/cells/8/test_curve,epoch measurements from the same runs
cau1,CELL-70b669851255fdcc,cau1-m6t,test,single_epoch_accuracy,85,86,3,86.03333333333333,0.3579571668975697,,/panels/cau1/cells/8/test_curve,epoch measurements from the same runs
cau1,CELL-70b669851255fdcc,cau1-m6t,test,single_epoch_accuracy,86,87,3,86.10000000000001,0.48754486972995453,,/panels/cau1/cells/8/test_curve,epoch measurements from the same runs
cau1,CELL-70b669851255fdcc,cau1-m6t,test,single_epoch_accuracy,87,88,3,86.01666666666667,0.40216083018281873,,/panels/cau1/cells/8/test_curve,epoch measurements from the same runs
cau1,CELL-70b669851255fdcc,cau1-m6t,test,single_epoch_accuracy,88,89,3,85.83666666666667,0.3467467856135559,,/panels/cau1/cells/8/test_curve,epoch measurements from the same runs
cau1,CELL-70b669851255fdcc,cau1-m6t,test,single_epoch_accuracy,89,90,3,85.85333333333332,0.42829117821095836,,/panels/cau1/cells/8/test_curve,epoch measurements from the same runs
cau1,CELL-70b669851255fdcc,cau1-m6t,test,single_epoch_accuracy,90,91,3,85.89333333333333,0.5404936015655785,,/panels/cau1/cells/8/test_curve,epoch measurements from the same runs
cau1,CELL-70b669851255fdcc,cau1-m6t,test,single_epoch_accuracy,91,92,3,85.91333333333333,0.676781599434659,,/panels/cau1/cells/8/test_curve,epoch measurements from the same runs
cau1,CELL-70b669851255fdcc,cau1-m6t,test,single_epoch_accuracy,92,93,3,85.60333333333334,0.7266590213665068,,/panels/cau1/cells/8/test_curve,epoch measurements from the same runs
cau1,CELL-70b669851255fdcc,cau1-m6t,test,single_epoch_accuracy,93,94,3,85.73666666666666,0.35232560697929866,,/panels/cau1/cells/8/test_curve,epoch measurements from the same runs
cau1,CELL-70b669851255fdcc,cau1-m6t,test,single_epoch_accuracy,94,95,3,85.84,0.30610455730027947,,/panels/cau1/cells/8/test_curve,epoch measurements from the same runs
cau1,CELL-70b669851255fdcc,cau1-m6t,test,single_epoch_accuracy,95,96,3,86.00333333333333,0.37819747927945496,,/panels/cau1/cells/8/test_curve,epoch measurements from the same runs
cau1,CELL-70b669851255fdcc,cau1-m6t,test,single_epoch_accuracy,96,97,3,86.03333333333333,0.3652852766446175,,/panels/cau1/cells/8/test_curve,epoch measurements from the same runs
cau1,CELL-70b669851255fdcc,cau1-m6t,test,single_epoch_accuracy,97,98,3,85.96666666666667,0.47247574893673466,,/panels/cau1/cells/8/test_curve,epoch measurements from the same runs
cau1,CELL-70b669851255fdcc,cau1-m6t,test,single_epoch_accuracy,98,99,3,86.00333333333333,0.5200320502943345,,/panels/cau1/cells/8/test_curve,epoch measurements from the same runs
cau1,CELL-70b669851255fdcc,cau1-m6t,test,single_epoch_accuracy,99,100,3,85.98333333333333,0.452364160089334,,/panels/cau1/cells/8/test_curve,epoch measurements from the same runs
cau1,CELL-70b669851255fdcc,cau1-m6t,train,single_epoch_accuracy,0,1,3,52.81666666666667,0.9001296202955065,,/panels/cau1/cells/8/train_curve,epoch measurements from the same runs
cau1,CELL-70b669851255fdcc,cau1-m6t,train,single_epoch_accuracy,1,2,3,71.86333333333333,0.6727803009403153,,/panels/cau1/cells/8/train_curve,epoch measurements from the same runs
cau1,CELL-70b669851255fdcc,cau1-m6t,train,single_epoch_accuracy,2,3,3,79.74,0.555607775323564,,/panels/cau1/cells/8/train_curve,epoch measurements from the same runs
cau1,CELL-70b669851255fdcc,cau1-m6t,train,single_epoch_accuracy,3,4,3,84.63333333333334,0.48232077845904064,,/panels/cau1/cells/8/train_curve,epoch measurements from the same runs
cau1,CELL-70b669851255fdcc,cau1-m6t,train,single_epoch_accuracy,4,5,3,87.96,0.3504283093587063,,/panels/cau1/cells/8/train_curve,epoch measurements from the same runs
cau1,CELL-70b669851255fdcc,cau1-m6t,train,single_epoch_accuracy,5,6,3,90.68333333333334,0.30615900008546837,,/panels/cau1/cells/8/train_curve,epoch measurements from the same runs
cau1,CELL-70b669851255fdcc,cau1-m6t,train,single_epoch_accuracy,6,7,3,92.75666666666666,0.5714309523759911,,/panels/cau1/cells/8/train_curve,epoch measurements from the same runs
cau1,CELL-70b669851255fdcc,cau1-m6t,train,single_epoch_accuracy,7,8,3,94.28,0.45044422518220484,,/panels/cau1/cells/8/train_curve,epoch measurements from the same runs
cau1,CELL-70b669851255fdcc,cau1-m6t,train,single_epoch_accuracy,8,9,3,95.73,0.3862641583165553,,/panels/cau1/cells/8/train_curve,epoch measurements from the same runs
cau1,CELL-70b669851255fdcc,cau1-m6t,train,single_epoch_accuracy,9,10,3,97.04666666666667,0.36253735439722146,,/panels/cau1/cells/8/train_curve,epoch measurements from the same runs
cau1,CELL-70b669851255fdcc,cau1-m6t,train,single_epoch_accuracy,10,11,3,98.04333333333334,0.47173438854225225,,/panels/cau1/cells/8/train_curve,epoch measurements from the same runs
cau1,CELL-70b669851255fdcc,cau1-m6t,train,single_epoch_accuracy,11,12,3,98.54666666666667,0.43143172499636384,,/panels/cau1/cells/8/train_curve,epoch measurements from the same runs
cau1,CELL-70b669851255fdcc,cau1-m6t,train,single_epoch_accuracy,12,13,3,98.87666666666667,0.13576941236277484,,/panels/cau1/cells/8/train_curve,epoch measurements from the same runs
cau1,CELL-70b669851255fdcc,cau1-m6t,train,single_epoch_accuracy,13,14,3,99.05333333333334,0.3200520790954708,,/panels/cau1/cells/8/train_curve,epoch measurements from the same runs
cau1,CELL-70b669851255fdcc,cau1-m6t,train,single_epoch_accuracy,14,15,3,99.01333333333334,0.34355979586286406,,/panels/cau1/cells/8/train_curve,epoch measurements from the same runs
cau1,CELL-70b669851255fdcc,cau1-m6t,train,single_epoch_accuracy,15,16,3,99.44666666666667,0.22678918257565725,,/panels/cau1/cells/8/train_curve,epoch measurements from the same runs
cau1,CELL-70b669851255fdcc,cau1-m6t,train,single_epoch_accuracy,16,17,3,99.58333333333333,0.18583146486354704,,/panels/cau1/cells/8/train_curve,epoch measurements from the same runs
cau1,CELL-70b669851255fdcc,cau1-m6t,train,single_epoch_accuracy,17,18,3,99.52666666666667,0.14571661996262875,,/panels/cau1/cells/8/train_curve,epoch measurements from the same runs
cau1,CELL-70b669851255fdcc,cau1-m6t,train,single_epoch_accuracy,18,19,3,99.66,0.14525839046333555,,/panels/cau1/cells/8/train_curve,epoch measurements from the same runs
cau1,CELL-70b669851255fdcc,cau1-m6t,train,single_epoch_accuracy,19,20,3,99.72333333333333,0.020816659994658322,,/panels/cau1/cells/8/train_curve,epoch measurements from the same runs
cau1,CELL-70b669851255fdcc,cau1-m6t,train,single_epoch_accuracy,20,21,3,99.80333333333334,0.08736894948054237,,/panels/cau1/cells/8/train_curve,epoch measurements from the same runs
cau1,CELL-70b669851255fdcc,cau1-m6t,train,single_epoch_accuracy,21,22,3,99.75333333333333,0.11015141094572163,,/panels/cau1/cells/8/train_curve,epoch measurements from the same runs
cau1,CELL-70b669851255fdcc,cau1-m6t,train,single_epoch_accuracy,22,23,3,99.80333333333334,0.09073771725877776,,/panels/cau1/cells/8/train_curve,epoch measurements from the same runs
cau1,CELL-70b669851255fdcc,cau1-m6t,train,single_epoch_accuracy,23,24,3,99.77333333333334,0.15502687938978105,,/panels/cau1/cells/8/train_curve,epoch measurements from the same runs
cau1,CELL-70b669851255fdcc,cau1-m6t,train,single_epoch_accuracy,24,25,3,99.77,0.08888194417315579,,/panels/cau1/cells/8/train_curve,epoch measurements from the same runs
cau1,CELL-70b669851255fdcc,cau1-m6t,train,single_epoch_accuracy,25,26,3,99.83333333333333,0.10969655114603384,,/panels/cau1/cells/8/train_curve,epoch measurements from the same runs
cau1,CELL-70b669851255fdcc,cau1-m6t,train,single_epoch_accuracy,26,27,3,99.88333333333334,0.06429100507328683,,/panels/cau1/cells/8/train_curve,epoch measurements from the same runs
cau1,CELL-70b669851255fdcc,cau1-m6t,train,single_epoch_accuracy,27,28,3,99.94333333333333,0.015275252316513327,,/panels/cau1/cells/8/train_curve,epoch measurements from the same runs
cau1,CELL-70b669851255fdcc,cau1-m6t,train,single_epoch_accuracy,28,29,3,99.89333333333333,0.041633319989322334,,/panels/cau1/cells/8/train_curve,epoch measurements from the same runs
cau1,CELL-70b669851255fdcc,cau1-m6t,train,single_epoch_accuracy,29,30,3,99.87666666666667,0.09451631252505492,,/panels/cau1/cells/8/train_curve,epoch measurements from the same runs
cau1,CELL-70b669851255fdcc,cau1-m6t,train,single_epoch_accuracy,30,31,3,99.89666666666668,0.08504900548115472,,/panels/cau1/cells/8/train_curve,epoch measurements from the same runs
cau1,CELL-70b669851255fdcc,cau1-m6t,train,single_epoch_accuracy,31,32,3,99.96333333333334,0.028867513459479646,,/panels/cau1/cells/8/train_curve,epoch measurements from the same runs
cau1,CELL-70b669851255fdcc,cau1-m6t,train,single_epoch_accuracy,32,33,3,99.92666666666666,0.04932882862315842,,/panels/cau1/cells/8/train_curve,epoch measurements from the same runs
cau1,CELL-70b669851255fdcc,cau1-m6t,train,single_epoch_accuracy,33,34,3,99.94666666666666,0.023094010767580435,,/panels/cau1/cells/8/train_curve,epoch measurements from the same runs
cau1,CELL-70b669851255fdcc,cau1-m6t,train,single_epoch_accuracy,34,35,3,99.95666666666666,0.02516611478423365,,/panels/cau1/cells/8/train_curve,epoch measurements from the same runs
cau1,CELL-70b669851255fdcc,cau1-m6t,train,single_epoch_accuracy,35,36,3,99.99,0.0,,/panels/cau1/cells/8/train_curve,epoch measurements from the same runs
cau1,CELL-70b669851255fdcc,cau1-m6t,train,single_epoch_accuracy,36,37,3,99.95666666666666,0.040414518843272795,,/panels/cau1/cells/8/train_curve,epoch measurements from the same runs
cau1,CELL-70b669851255fdcc,cau1-m6t,train,single_epoch_accuracy,37,38,3,99.96,0.02999999999999403,,/panels/cau1/cells/8/train_curve,epoch measurements from the same runs
cau1,CELL-70b669851255fdcc,cau1-m6t,train,single_epoch_accuracy,38,39,3,99.98,0.01732050807568943,,/panels/cau1/cells/8/train_curve,epoch measurements from the same runs
cau1,CELL-70b669851255fdcc,cau1-m6t,train,single_epoch_accuracy,39,40,3,99.96,0.026457513110643326,,/panels/cau1/cells/8/train_curve,epoch measurements from the same runs
cau1,CELL-70b669851255fdcc,cau1-m6t,train,single_epoch_accuracy,40,41,3,99.94333333333334,0.040414518843272795,,/panels/cau1/cells/8/train_curve,epoch measurements from the same runs
cau1,CELL-70b669851255fdcc,cau1-m6t,train,single_epoch_accuracy,41,42,3,99.95666666666666,0.04041451884327807,,/panels/cau1/cells/8/train_curve,epoch measurements from the same runs
cau1,CELL-70b669851255fdcc,cau1-m6t,train,single_epoch_accuracy,42,43,3,99.96666666666667,0.02309401076758864,,/panels/cau1/cells/8/train_curve,epoch measurements from the same runs
cau1,CELL-70b669851255fdcc,cau1-m6t,train,single_epoch_accuracy,43,44,3,99.97666666666667,0.005773502691899211,,/panels/cau1/cells/8/train_curve,epoch measurements from the same runs
cau1,CELL-70b669851255fdcc,cau1-m6t,train,single_epoch_accuracy,44,45,3,99.99333333333334,0.011547005383790217,,/panels/cau1/cells/8/train_curve,epoch measurements from the same runs
cau1,CELL-70b669851255fdcc,cau1-m6t,train,single_epoch_accuracy,45,46,3,99.99666666666667,0.005773502691899211,,/panels/cau1/cells/8/train_curve,epoch measurements from the same runs
cau1,CELL-70b669851255fdcc,cau1-m6t,train,single_epoch_accuracy,46,47,3,99.98666666666666,0.02309401076758864,,/panels/cau1/cells/8/train_curve,epoch measurements from the same runs
cau1,CELL-70b669851255fdcc,cau1-m6t,train,single_epoch_accuracy,47,48,3,99.99333333333333,0.005773502691899211,,/panels/cau1/cells/8/train_curve,epoch measurements from the same runs
cau1,CELL-70b669851255fdcc,cau1-m6t,train,single_epoch_accuracy,48,49,3,99.96333333333334,0.023094010767580435,,/panels/cau1/cells/8/train_curve,epoch measurements from the same runs
cau1,CELL-70b669851255fdcc,cau1-m6t,train,single_epoch_accuracy,49,50,3,99.98,0.00999999999999801,,/panels/cau1/cells/8/train_curve,epoch measurements from the same runs
cau1,CELL-70b669851255fdcc,cau1-m6t,train,single_epoch_accuracy,50,51,3,99.97333333333333,0.005773502691899211,,/panels/cau1/cells/8/train_curve,epoch measurements from the same runs
cau1,CELL-70b669851255fdcc,cau1-m6t,train,single_epoch_accuracy,51,52,3,99.98666666666666,0.005773502691891007,,/panels/cau1/cells/8/train_curve,epoch measurements from the same runs
cau1,CELL-70b669851255fdcc,cau1-m6t,train,single_epoch_accuracy,52,53,3,99.99,0.0,,/panels/cau1/cells/8/train_curve,epoch measurements from the same runs
cau1,CELL-70b669851255fdcc,cau1-m6t,train,single_epoch_accuracy,53,54,3,99.98333333333333,0.005773502691891007,,/panels/cau1/cells/8/train_curve,epoch measurements from the same runs
cau1,CELL-70b669851255fdcc,cau1-m6t,train,single_epoch_accuracy,54,55,3,99.99333333333333,0.005773502691899211,,/panels/cau1/cells/8/train_curve,epoch measurements from the same runs
cau1,CELL-70b669851255fdcc,cau1-m6t,train,single_epoch_accuracy,55,56,3,99.99,0.0,,/panels/cau1/cells/8/train_curve,epoch measurements from the same runs
cau1,CELL-70b669851255fdcc,cau1-m6t,train,single_epoch_accuracy,56,57,3,99.99,0.0,,/panels/cau1/cells/8/train_curve,epoch measurements from the same runs
cau1,CELL-70b669851255fdcc,cau1-m6t,train,single_epoch_accuracy,57,58,3,99.99,0.00999999999999801,,/panels/cau1/cells/8/train_curve,epoch measurements from the same runs
cau1,CELL-70b669851255fdcc,cau1-m6t,train,single_epoch_accuracy,58,59,3,99.99333333333333,0.005773502691899211,,/panels/cau1/cells/8/train_curve,epoch measurements from the same runs
cau1,CELL-70b669851255fdcc,cau1-m6t,train,single_epoch_accuracy,59,60,3,99.99333333333333,0.005773502691899211,,/panels/cau1/cells/8/train_curve,epoch measurements from the same runs
cau1,CELL-70b669851255fdcc,cau1-m6t,train,single_epoch_accuracy,60,61,3,99.97666666666666,0.020816659994664012,,/panels/cau1/cells/8/train_curve,epoch measurements from the same runs
cau1,CELL-70b669851255fdcc,cau1-m6t,train,single_epoch_accuracy,61,62,3,99.99333333333334,0.011547005383790217,,/panels/cau1/cells/8/train_curve,epoch measurements from the same runs
cau1,CELL-70b669851255fdcc,cau1-m6t,train,single_epoch_accuracy,62,63,3,99.99,0.00999999999999801,,/panels/cau1/cells/8/train_curve,epoch measurements from the same runs
cau1,CELL-70b669851255fdcc,cau1-m6t,train,single_epoch_accuracy,63,64,3,99.99666666666667,0.005773502691899211,,/panels/cau1/cells/8/train_curve,epoch measurements from the same runs
cau1,CELL-70b669851255fdcc,cau1-m6t,train,single_epoch_accuracy,64,65,3,99.99,0.0,,/panels/cau1/cells/8/train_curve,epoch measurements from the same runs
cau1,CELL-70b669851255fdcc,cau1-m6t,train,single_epoch_accuracy,65,66,3,99.99333333333333,0.005773502691899211,,/panels/cau1/cells/8/train_curve,epoch measurements from the same runs
cau1,CELL-70b669851255fdcc,cau1-m6t,train,single_epoch_accuracy,66,67,3,99.99333333333334,0.011547005383790217,,/panels/cau1/cells/8/train_curve,epoch measurements from the same runs
cau1,CELL-70b669851255fdcc,cau1-m6t,train,single_epoch_accuracy,67,68,3,100.0,0.0,,/panels/cau1/cells/8/train_curve,epoch measurements from the same runs
cau1,CELL-70b669851255fdcc,cau1-m6t,train,single_epoch_accuracy,68,69,3,100.0,0.0,,/panels/cau1/cells/8/train_curve,epoch measurements from the same runs
cau1,CELL-70b669851255fdcc,cau1-m6t,train,single_epoch_accuracy,69,70,3,99.99,0.0,,/panels/cau1/cells/8/train_curve,epoch measurements from the same runs
cau1,CELL-70b669851255fdcc,cau1-m6t,train,single_epoch_accuracy,70,71,3,99.99,0.01732050807568943,,/panels/cau1/cells/8/train_curve,epoch measurements from the same runs
cau1,CELL-70b669851255fdcc,cau1-m6t,train,single_epoch_accuracy,71,72,3,99.99333333333334,0.011547005383790217,,/panels/cau1/cells/8/train_curve,epoch measurements from the same runs
cau1,CELL-70b669851255fdcc,cau1-m6t,train,single_epoch_accuracy,72,73,3,99.99333333333333,0.005773502691899211,,/panels/cau1/cells/8/train_curve,epoch measurements from the same runs
cau1,CELL-70b669851255fdcc,cau1-m6t,train,single_epoch_accuracy,73,74,3,99.99333333333333,0.005773502691899211,,/panels/cau1/cells/8/train_curve,epoch measurements from the same runs
cau1,CELL-70b669851255fdcc,cau1-m6t,train,single_epoch_accuracy,74,75,3,99.99,0.00999999999999801,,/panels/cau1/cells/8/train_curve,epoch measurements from the same runs
cau1,CELL-70b669851255fdcc,cau1-m6t,train,single_epoch_accuracy,75,76,3,99.99666666666667,0.005773502691899211,,/panels/cau1/cells/8/train_curve,epoch measurements from the same runs
cau1,CELL-70b669851255fdcc,cau1-m6t,train,single_epoch_accuracy,76,77,3,99.99,0.00999999999999801,,/panels/cau1/cells/8/train_curve,epoch measurements from the same runs
cau1,CELL-70b669851255fdcc,cau1-m6t,train,single_epoch_accuracy,77,78,3,99.99666666666667,0.005773502691899211,,/panels/cau1/cells/8/train_curve,epoch measurements from the same runs
cau1,CELL-70b669851255fdcc,cau1-m6t,train,single_epoch_accuracy,78,79,3,99.99333333333333,0.005773502691899211,,/panels/cau1/cells/8/train_curve,epoch measurements from the same runs
cau1,CELL-70b669851255fdcc,cau1-m6t,train,single_epoch_accuracy,79,80,3,99.99666666666667,0.005773502691899211,,/panels/cau1/cells/8/train_curve,epoch measurements from the same runs
cau1,CELL-70b669851255fdcc,cau1-m6t,train,single_epoch_accuracy,80,81,3,100.0,0.0,,/panels/cau1/cells/8/train_curve,epoch measurements from the same runs
cau1,CELL-70b669851255fdcc,cau1-m6t,train,single_epoch_accuracy,81,82,3,99.99333333333334,0.011547005383790217,,/panels/cau1/cells/8/train_curve,epoch measurements from the same runs
cau1,CELL-70b669851255fdcc,cau1-m6t,train,single_epoch_accuracy,82,83,3,99.99666666666667,0.005773502691899211,,/panels/cau1/cells/8/train_curve,epoch measurements from the same runs
cau1,CELL-70b669851255fdcc,cau1-m6t,train,single_epoch_accuracy,83,84,3,99.99666666666667,0.005773502691899211,,/panels/cau1/cells/8/train_curve,epoch measurements from the same runs
cau1,CELL-70b669851255fdcc,cau1-m6t,train,single_epoch_accuracy,84,85,3,100.0,0.0,,/panels/cau1/cells/8/train_curve,epoch measurements from the same runs
cau1,CELL-70b669851255fdcc,cau1-m6t,train,single_epoch_accuracy,85,86,3,99.99666666666667,0.005773502691899211,,/panels/cau1/cells/8/train_curve,epoch measurements from the same runs
cau1,CELL-70b669851255fdcc,cau1-m6t,train,single_epoch_accuracy,86,87,3,99.99666666666667,0.005773502691899211,,/panels/cau1/cells/8/train_curve,epoch measurements from the same runs
cau1,CELL-70b669851255fdcc,cau1-m6t,train,single_epoch_accuracy,87,88,3,99.99666666666667,0.005773502691899211,,/panels/cau1/cells/8/train_curve,epoch measurements from the same runs
cau1,CELL-70b669851255fdcc,cau1-m6t,train,single_epoch_accuracy,88,89,3,99.99333333333333,0.005773502691899211,,/panels/cau1/cells/8/train_curve,epoch measurements from the same runs
cau1,CELL-70b669851255fdcc,cau1-m6t,train,single_epoch_accuracy,89,90,3,99.99666666666667,0.005773502691899211,,/panels/cau1/cells/8/train_curve,epoch measurements from the same runs
cau1,CELL-70b669851255fdcc,cau1-m6t,train,single_epoch_accuracy,90,91,3,99.99666666666667,0.005773502691899211,,/panels/cau1/cells/8/train_curve,epoch measurements from the same runs
cau1,CELL-70b669851255fdcc,cau1-m6t,train,single_epoch_accuracy,91,92,3,100.0,0.0,,/panels/cau1/cells/8/train_curve,epoch measurements from the same runs
cau1,CELL-70b669851255fdcc,cau1-m6t,train,single_epoch_accuracy,92,93,3,100.0,0.0,,/panels/cau1/cells/8/train_curve,epoch measurements from the same runs
cau1,CELL-70b669851255fdcc,cau1-m6t,train,single_epoch_accuracy,93,94,3,99.99,0.00999999999999801,,/panels/cau1/cells/8/train_curve,epoch measurements from the same runs
cau1,CELL-70b669851255fdcc,cau1-m6t,train,single_epoch_accuracy,94,95,3,99.99333333333333,0.005773502691899211,,/panels/cau1/cells/8/train_curve,epoch measurements from the same runs
cau1,CELL-70b669851255fdcc,cau1-m6t,train,single_epoch_accuracy,95,96,3,100.0,0.0,,/panels/cau1/cells/8/train_curve,epoch measurements from the same runs
cau1,CELL-70b669851255fdcc,cau1-m6t,train,single_epoch_accuracy,96,97,3,99.99666666666667,0.005773502691899211,,/panels/cau1/cells/8/train_curve,epoch measurements from the same runs
cau1,CELL-70b669851255fdcc,cau1-m6t,train,single_epoch_accuracy,97,98,3,99.99666666666667,0.005773502691899211,,/panels/cau1/cells/8/train_curve,epoch measurements from the same runs
cau1,CELL-70b669851255fdcc,cau1-m6t,train,single_epoch_accuracy,98,99,3,99.99666666666667,0.005773502691899211,,/panels/cau1/cells/8/train_curve,epoch measurements from the same runs
cau1,CELL-70b669851255fdcc,cau1-m6t,train,single_epoch_accuracy,99,100,3,99.99666666666667,0.005773502691899211,,/panels/cau1/cells/8/train_curve,epoch measurements from the same runs
